:020000040800F2
:1000000000000120D56F0008654B0008674B000811
:10001000694B00086B4B00086D4B000800000000A6
:100020000000000000000000000000006F4B00080E
:10003000714B000800000000734B0008754B00086E
:10004000257000082570000825700008257000083C
:1000500025700008257000087D4B000825700008F9
:10006000257000082570000825700008257000081C
:10007000257000082570000825700008257000080C
:100080002570000825700008257000080000000099
:1000900000000000000000000000000025700008C3
:1000A00025700008257000082570000825700008DC
:1000B00025700008257000082570000825700008CC
:1000C00025700008257000082570000825700008BC
:1000D0002570000825700008257000080000000049
:1000E0002570000825700008257000080000000039
:1000F0000000000000000000000000002570000863
:100100000000000025700008257000082570000818
:1001100000000000000000000000000000000000DF
:10012000257000082570000825700008257000085B
:100130002570000800000000000000000000000022
:100140000000000000000000000000002570000812
:10015000257000082570000825700008257000082B
:100160002570000825700008000000000000000055
:10017000000000000000000000000000000000007F
:1001800000000000257000080000000000000000D2
:0401900025700008CE
:1001A000034613F8012B002AFBD1181A01387047B7
:1001B00001F0FF01102A2BDB10F0070F08D010F818
:1001C000013B013A8B422DD010F0070F42B3F6D11C
:1001D000F0B441EA012141EA014122F007047FF035
:1001E00000070023F0E80256083C85EA010586EA8C
:1001F000010685FA47F5A3FA87F586FA47F6A5FAC8
:1002000087F68EB9EED1F0BC01F0FF0102F00702D3
:1002100032B110F8013B013A83EA010313B1F8D17E
:100220000020704701387047002D06BF354603385F
:10023000073815F0010F07D1013015F4807F02BF98
:10024000013015F4C03F0130F0BC0138704700BFE9
:1002500053B94AB9002908BF00281CBF4FF0FF312D
:100260004FF0FF3000F00CB8ADF1080C6DE904CE92
:1002700007F0ABFBDDF804E0DDE9022304B07047D2
:10028000704700BF10B5054C237833B9044B13B148
:100290000448AFF300800123237010BDE400002068
:1002A00000000000847C000808B5034B1BB1034923
:1002B0000348AFF3008008BD00000000E800002004
:1002C000847C000872B6FEE710B594B008AC30220A
:1002D0000021204606F0EAFE0023039304930593D1
:1002E0000693079301931F4A116C41F080511164EA
:1002F000126C02F080520192019A02931A4A13681A
:1003000023F4404343F400431360136803F4404371
:100310000293029B012308934FF480330993022335
:100320000E934FF480020F920822109254221192E1
:10033000129304231393204604F0F2FD70B90F23A7
:1003400003930221049105904FF480520692079086
:1003500003A805F033F818B914B010BDFFF7B2FFC9
:10036000FFF7B0FF003802400070004008B505F00C
:100370009FFAFFF7A9FF04F0ABF804F043F904F08B
:1003800017FA04F0CBFA04F035FB04F099FB04F003
:100390002DFA00F085F900F0B8FA70B9084800F0BD
:1003A0000FFB0849084800F0D5FC084800F0FEFDA6
:1003B00003F072FD03F0CCFDFCE700F0B3FAEDE7CB
:1003C000F4050020F4040020480500209C050020CE
:1003D00000B587B04FF4C843ADF8143041F601536F
:1003E000ADF810300623ADF80C3032230093022311
:1003F00005AAA8210E4805F075FE10B1012007B02E
:1004000000BD32230093022304AAA821084805F066
:1004100069FE0028F2D132230093022303AAA82107
:10042000034805F05FFE0028E9D00120E7E700BFA0
:100430004805002000B587B0174B1B68ADF8143095
:100440001B0C8DF816300023ADF8103032230093CA
:10045000032305AA8021114805F044FE10B10120B4
:1004600007B000BD322302930223019304AB009333
:10047000012302468021094806F03EF80028EED10B
:100480009DF810309DF8110040EA032046F22753F2
:10049000C01A18BF0120E3E79C7C00084805002033
:1004A00010B594B014468DF80C008DF80D200DF1A8
:1004B0000E0006F02FFE32230093A31C03AA422154
:1004C000024805F00FFE14B010BD00BFF404002078
:1004D00070B596B00E4614468DF80F003223009387
:1004E00001230DF10F0242210D4805F0FBFD20B163
:1004F00001231D46284616B070BD32230093631CAD
:1005000005AA4221064805F099FE05460028EFD1CC
:1005100022460DF11501304606F0FCFDEAE700BF6A
:10052000F404002030B585B001900D4605F0E6F9E1
:1005300004460023039304220DEB02010820FFF779
:10054000AFFFA8B9042203A90820FFF7C1FF0246A4
:1005500070B9039B6BB1084A934209D0022005F0A1
:10056000D3F905F0CBF9001BA842EBD3032200E03E
:100570000122104605B030BD21434D4408B5014667
:1005800004220320FFF7A4FF08BD000070B586B069
:100590000023059305A8FFF7F1FF00286ED103465D
:1005A000059A37498A4203D0364B9A4203D0012339
:1005B000184606B070BD344B1A6816468DF80C20EC
:1005C000C2F307238DF80D30C2F307438DF80E30C8
:1005D000130E8DF80F3044238DF8103014238DF84E
:1005E0001130062203A90920FFF75AFF0028DED1A7
:1005F000C8212648FFF796FF0028D8D104460DE011
:100600004FF480731D46322300932B46204A224428
:100610004421204805F066FD60B92C44A6420ED95D
:10062000331BB3F5807FEBD8B3B2A2B29B1A9BB257
:100630001D46E8E7C8211848FFF774FFB7E74FF4F5
:100640007A711648FFF76EFF0028B0D105F056F911
:10065000044608E00A2005F057F905F04FF9001BA1
:10066000B0F5FA7FA3D205A8FFF788FF034600285C
:10067000F0D10599024A9142ECD199E7012397E71D
:1006800041505020505443483001010850424D73AE
:1006900030840008F404002050424D6550424D6300
:1006A000F8B50024264608E0104B03EBC4031F7185
:1006B0000FB10136F6B20134E4B2022C13D8002592
:1006C0000127012DF0D804EB4402094B03EB820310
:1006D0005B68984707460028E6D0142005F014F917
:1006E0000135EDB2EDE73046F8BD00BF0000002057
:1006F000E883000810B58CB014468DF80C000DF19D
:100700000D0006F007FD322300932346013303AAB0
:10071000AA21024805F0E6FC0CB010BD48050020F7
:1007200000B583B08DF80400000A8DF805000222A0
:1007300001A90020FFF7DEFF03B000BD10B582B0B5
:100740000446202201464020FFF7D4FF98B9034613
:10075000024603E0E15C0A440133DBB21F2BF9D906
:10076000D2438DF8072001220DF107016020FFF729
:10077000C1FF044618B10124204602B010BD642018
:1007800005F0C2F8F8E7000030B585B00D46144614
:100790008DF80F003223009301230DF10F02AA21DF
:1007A000074805F09FFC10B1012005B030BD322391
:1007B000009323462A46AA21014805F03FFDF4E7AD
:1007C0004805002010B582B00C46FFF7A9FF10B114
:1007D000012002B010BD022005F096F8022201A906
:1007E0000020FFF7D1FF0028F2D19DF804309DF8DA
:1007F000052043EA02232380EBE710B584B01446BA
:100800008DF807008DF8061000238DF80F300122B7
:100810000DF10F016120FFF76DFF10B1012004B051
:1008200010BD01220DF107013E20FFF763FF0028F4
:10083000F4D101220DF106013F20FFF75BFF0028F4
:10084000ECD1022005F060F8202221464020FFF77D
:100850009BFFE4E7F0B589B00446407800F01F053F
:10086000A3782B44202B04D901231F46384609B016
:10087000F0BD41096A462078FFF7BFFF0746002810
:10088000F2D16D4463681E46A47822461946284674
:1008900006F0FCFB0028E9D022463146284606F047
:1008A00039FC6846FFF74AFF0746DFE710B58AB014
:1008B0000023ADF82630044600B103700DF1260187
:1008C0000120FFF77FFF38B9BDF82630B3F5807FF0
:1008D00004D003200AB010BD0420FBE701AA0146A2
:1008E0003A20FFF78AFF0028F6D19DF80430442B08
:1008F00009D114B19DF8053023709DF80530012B06
:10090000E8D00220E6E70120E4E708B50020FFF781
:10091000CDFF0138C0B2012801D9002008BD012057
:10092000FCE7000030B583B00020ADF80600FFF70B
:10093000BDFF00283CD0431EDBB2012B2CD8022285
:100940000DF106010A20FFF71FFF28BBBDF8063096
:1009500032339BB2642B2ED840F21440FFF7E0FEF6
:10096000D0B9022004F0D0FF43F27260FFF7D8FE46
:100970000446054680B9022004F0C6FF2346022B38
:100980000FD80E481C4600EBC300FFF763FF18B9F1
:1009900023460133DBB2F2E702231D46284603B0AB
:1009A00030BD4120FFF7BCFEFA2004F0ADFFF5E7B3
:1009B00001231D46F2E703231D46EFE70C840008E0
:1009C00010B586B0134C20603C2106F080F92368F6
:1009D0001B685A6A104B1A800123104A13700024B6
:1009E0000F4A147001A901944C608C60CC600C61BA
:1009F00001934FF4441302930A4804F0ABFD2246DE
:100A00000521062004F008FF062004F015FF06B0BB
:100A100010BD00BF0C0100200801002018000020BC
:100A20000001002000080240074B1B681B685B6A3E
:100A30009BB2064A1088181A1380C0F3C03303FA19
:100A400080F040F3470070470C01002008010020AF
:100A5000012800D0704710B504F050FF0446012172
:100A60000A4804F067FE0A4B1B7883420CD0094BFE
:100A70001B68E31A322B07D9064B1C60044B187015
:100A800010B9054B01221A7010BD00BF00080240CA
:100A9000180000200401002000010020034B1878FA
:100AA00000B9704700221A700120FAE70001002007
:100AB00008B50121034804F03DFEB0FA80F040097A
:100AC00008BD00BF0008024030B585B00D46144691
:100AD0008DF80F003223009301230DF10F02AA219C
:100AE0000848006805F0FEFA10B1012005B030BDDD
:100AF0003223009323462A46AA210248006805F0C3
:100B00009DFBF3E71401002010B582B0022201A979
:100B10001046FFF7D9FF002840F002819DF804201D
:100B2000844B1A700124022201A90820FFF7CCFF90
:100B3000002840F0F7809DF804309DF8052043EA36
:100B400002237C4A5380022201A90A20FFF7BCFF3E
:100B5000002840F0E9809DF804309DF8052043EA24
:100B60000223744A9380022201A90C20FFF7ACFFF4
:100B7000002840F0DB809DF804309DF8052043EA12
:100B800002236D4AA2FB0323DB08A3F21113694A77
:100B9000D380022201A90620FFF796FF002840F02B
:100BA000C7809DF804309DF8052043EA0223C3F373
:100BB000402060490872C3F300224A72DB0B8B723B
:100BC0005C4BB3F90410002901DD01225A72594A25
:100BD000537AD37203B10223564A1373538801FB2D
:100BE00003F3564981FB0301DB17C3EBA113136128
:100BF000022201A91820FFF767FF38B99DF80430D9
:100C00009DF8052043EA02234D4A1380022201A9E0
:100C10001A20FFF759FF38B99DF804309DF80520D8
:100C200043EA0223474A1380424890F88C10B0F9F7
:100C3000042001F1080300EB43039A800131424B89
:100C4000A3FB01C35B09C3EB0313A1EB8303DBB27B
:100C500080F88C3013B9012180F88D10354B5B7A08
:100C600033B13A49097819B939480189013101810B
:100C700036490B702F4BB3F906303549B1F90A10DC
:100C80008B4201DD32494B81314BB3F90E309A4230
:100C900001DD2F4BDA812E4BB3F90C305B429A42C7
:100CA00003DA92B252422A4B9A8104F027FE234B78
:100CB000A3FB00308009264B5861022201A92A209B
:100CC000FFF702FF38B99DF804309DF8052043EA8C
:100CD00002231F4A1380022201A92E20FFF7F4FEEF
:100CE00018B99DF804201A4B9A70022201A910200D
:100CF000FFF7EAFE38B99DF804309DF8052043EA75
:100D00000223134A9380124B41F67862DA8004F092
:100D1000F5FD084BC3F8900083F8944002B010BD75
:100D2000002400E700240EE700241CE7002430E73D
:100D3000002445E7B4030020CDCCCCCCD34D6210C9
:100D400032010020300100208988888810010020AD
:100D50001801002010B50F4B186000240E4B1C70BA
:100D6000982221460D4806F0A1F940F2762221464C
:100D70000B4806F09BF90B4B1C605C600A4B1C6037
:100D80005C609C60DC601C615C61084B1C80084BF3
:100D90001C8010BD1401002010010020B4030020AD
:100DA0003C01002034010020180100203201002005
:100DB0003001002008B504F0A1FD064BD3F89030B7
:100DC000C01AB0F5FA7F01D2002008BDFFF79CFEE3
:100DD0000120FAE7B403002008B5FFF795FE08BD2F
:100DE00010B582B08DF807000D4C0022012120467D
:100DF00004F0A7FC01220221204604F0A2FC4FF0DF
:100E0000FF3301220DF107010648006805F0D3FD0C
:100E100001221146204604F094FC02B010BD00BF30
:100E2000000402404C04002010B582B08DF8070089
:100E30000D4C00220121204604F083FC00220221F7
:100E4000204604F07EFC4FF0FF3301220DF1070134
:100E50000648006805F0AFFD01221146204604F067
:100E600070FC02B010BD00BF000402404C04002022
:100E7000F8B504460F4616461D462A20FFF7D4FF54
:100E8000200AFFF7ADFFE0B2FFF7AAFF300AFFF735
:100E9000A7FFF0B2FFF7A4FF2B20FFF7C5FF380A2A
:100EA000FFF79EFFF8B2FFF79BFF280AFFF798FFB6
:100EB000E8B2FFF795FF2C20FFF7B6FFF8BD10B59D
:100EC0000B4614460246FFF7D3FF200AFFF788FFC0
:100ED000E0B2FFF785FF10BD70B582B0BDF81850C5
:100EE00012B11C4616460BB902B070BD024492B254
:100EF0000B449BB2013B013A9BB292B2FFF7B8FFA1
:100F00002B0A8DF807308DF80650144D0022012170
:100F1000284604F016FC01220221284604F011FCA8
:100F200004FB06F6002411E00D4D4FF0FF330122C3
:100F30000DF10701286805F03EFD4FF0FF33012257
:100F40000DF10601286805F036FD0134B442EBD3FB
:100F500001221146014804F0F4FBC5E700040240F9
:100F60004C04002000B583B000904FF4A073F02231
:100F700000210846FFF7B0FF03B000BD08B56428A4
:100F800009D9084B64221A7000224FF48071064878
:100F900004F0D7FB08BD034B187008B10022F4E73A
:100FA0000122F2E7190000200004024010B51C4B9A
:100FB00018601C4C00220421204604F0C2FB0A20C9
:100FC00004F0A2FC01220421204604F0BAFB7820A0
:100FD00004F09AFC0120FFF727FF962004F094FC10
:100FE0001120FFF721FF782004F08EFC3A20FFF754
:100FF0001BFF5520FFF7F4FE3620FFF715FF0020FA
:10100000FFF7EEFE2120FFF70FFF2920FFF70CFF6F
:10101000192004F079FC6420FFF7B0FF10BD00BF79
:101020004C04002000040240014B1878704700BFB8
:10103000190000202DE9F04F87B088469DF84050F8
:10104000BDF844C0BDF848E0A2F12001C9B25A2958
:1010500039D807469A461B680593203A9AF8051036
:1010600001FB02F94FF0000B5B46CB46CDF80CC0FC
:10107000CDF810E099461CE0049B04FB058109FBB8
:10108000057000932B462A4689B280B2FFF724FFF1
:101090000134E4B29AF80530A34206D926FA04F3E3
:1010A00013F0010FE8D0039BE7E709F101025FFAB3
:1010B00082F99AF804304B4505D90BEB0903059AE0
:1010C000D65C0024E6E707B0BDE8F08F2DE9F04FCD
:1010D00083B09B46BDF83030BDF834C0A2F1200883
:1010E0005FFA88F8B8F15A0F33D806460F46DBF896
:1010F00000909BF8052002FB08F84FF0000A5246CA
:10110000C2460093CDF804C0904618E0019AE11958
:1011100008EB060089B280B2FFF7D1FE0134E4B2D9
:101120009BF80530A34206D925FA04F313F0010F0A
:10113000ECD0009AEBE708F1010C5FFA8CF89BF811
:101140000430434505D90AEB080319F8035000247D
:10115000E6E703B0BDE8F08F2DE9F04784B09DF8D5
:101160003040BDF83480BDF83890C2B182460F4699
:101170001E4615469CB12A788AB10135CDF80890F3
:10118000CDF804800094334639465046FFF752FFAD
:10119000307900FB044050441FFA80FAEBE704B0BA
:1011A000BDE8F0872DE9F04780460F4616469A467F
:1011B000DDF82090002510E006FB0543E91904EB5B
:1011C000080039F8132089B280B2FFF778FE0134A5
:1011D000A4B2B442F0D30135ADB2554501D20024DA
:1011E000F7E7BDE8F0872DE9F04383B004460F46EA
:1011F0001E46BDF82890BDF82C8015466AB90FE050
:10120000CDF80480CDF80090334639462046FFF7EC
:101210005DFF3079204484B201352A78002AEFD16D
:1012200003B0BDE8F08300B583B000930123FFF75E
:1012300053FE03B000BD00B583B0009313460122F6
:10124000FFF74AFE03B000BD2DE9F04104460D460C
:1012500090461E46BDF818703B46FFF7E4FFA919FB
:1012600089B201393B46424689B22046FFF7DBFF8F
:101270003B46324629462046FFF7DDFF04EB0800D7
:1012800080B201383B463246294680B2FFF7D3FF91
:10129000BDE8F0812DE9F04F85B005460E461746B2
:1012A0000393BDF838A0824237D9A2EB00090FFAA8
:1012B00089F9039BB34235D9A6EB03080FFA88F8E6
:1012C000AF4235D901230193039BB34234D90123A3
:1012D00002931FFA89FB1FFA88F300930BEB0304B8
:1012E00024B2524631462846FFF7E9FDBD4227D0D9
:1012F000A2B253001BB2984506DC00990A4414B20E
:10130000019A15FA82F5ADB29945EADB5C4424B244
:10131000029B16FA83F6B6B2E3E7A0EB02090FFAD6
:1013200089F9C6E7039BA3EB06080FFA88F8C7E71D
:101330004FF0FF330193C7E74FF0FF330293C8E745
:10134000039B9E42D4D105B0BDE8F08F2DE9F04F4C
:1013500083B0044689461D46BDF83060BDF8347040
:1013600000EB060A1FFA8AFA4FEA46081FFA88F8C5
:101370000192A2EB080B1FFA8BFB3B465A465046E4
:10138000FFF751FF09EB050189B201393B465A4687
:1013900089B25046FFF747FF4E44B6B2A5EB0805A9
:1013A000ADB23B462A4631462046FFF744FF019B3B
:1013B000E01880B201383B462A46314680B2FFF73A
:1013C0003AFF03B0BDE8F08F2DE9F04782B0054643
:1013D0000C4616469946BDF82870BDF82C804FEA99
:1013E000470A1FFA8AFAA3EB0A033944CDF80080B2
:1013F0009BB289B2FFF770FD3D44ADB2A6EB0A0681
:10140000B6B2CDF800803B46324621462846FFF76B
:1014100063FD04EB090189B2C91BCDF800803B468E
:10142000324689B22846FFF757FD02B0BDE8F08783
:101430002DE9F04F85B083468A461D4613B20293CC
:101440005200C2F1030213B203930023019308E098
:10145000A3009BB2134406331BB20393013423B29F
:101460000193019B029A934259DCBDF8044004EBBE
:101470000B091FFA89F9BDF8086006EB0A081FFA84
:1014800088F82A4641464846FFF719FDABEB0407AA
:10149000BFB22A4641463846FFF711FDAAEB0608BF
:1014A0001FFA88F82A4641464846FFF708FD2A46B3
:1014B00041463846FFF703FD06EB0B091FFA89F991
:1014C00004EB0A081FFA88F82A4641464846FFF707
:1014D000F6FCABEB0607BFB22A4641463846FFF79B
:1014E000EEFCAAEB04081FFA88F82A464146484653
:1014F000FFF7E5FC2A4641463846FFF7E0FC039A31
:10150000002AA5DB019B029A9B1A039A02EB830334
:101510000A331BB20393013E33B202939EE705B038
:10152000BDE8F08F08B501F017FA08BD2DE9F041CC
:1015300082B09DF82070043084B204318DB2103A2C
:1015400092B2083B1FFA83F802FB07F60D4BA3FB90
:101550000636C6F34F1644F2082300934346294645
:101560002046FFF7B9FC16B902B0BDE8F081384655
:10157000FFF7D8FF00904346324629462046FFF742
:10158000ABFCF1E71F85EB512DE9F04383B0054635
:101590000E4617469846A2F10804A4B24CF2186908
:1015A000CDF80490042200922246FFF7CFFEA8F166
:1015B0000203A7F10A02711C681CCDF804904FF0D9
:1015C000030CCDF800C09BB292B289B280B2FFF793
:1015D000BDFE2C44A4B206EB580189B2083901348F
:1015E000CDF800901023052289B2A0B2FFF774FC59
:1015F0009DF82830009343463A4631462846FFF787
:1016000095FF03B0BDE8F0832DE9F04F89B003905A
:10161000049105929DF84C709DF850B0BDF954802E
:10162000BDF958A0BDF85C20002F4AD09946C245AC
:1016300047D0AAEB08030693002601230293314604
:101640003046079223E0059A551E06FB05F57A1EE3
:10165000B5FBF2F5039A12FA85F5ADB2049A02EBE6
:101660000904A4B2A3EB080309F1FF3202FB03F360
:10167000069AB3FBF2F3E41AA4B2013CA4B2029BB3
:10168000C3B1002302930136F6B221462846BE427A
:1016900017D20BEB060393FBF7F207FB1233DBB217
:1016A000129A32F913309A4500DA53464345CADAA2
:1016B0004346C8E7079B009323462A46FFF7EAFD07
:1016C000E1E709B0BDE8F08F2DE9F04F87B0814622
:1016D000824688468B4617461E46BDF94C40BDF9EA
:1016E0005050BDF858C0CDF800C0FFF7F5FB002CF6
:1016F0001EDB48F21043009333463A4659465046A3
:10170000FFF7A2FDBDF854300593049503949DF8AE
:10171000483002939DF844300193109B0093334668
:101720003A4659465046FFF76FFF07B0BDE8F08FC5
:10173000002DDEDD2B1B314605FB01F1B1FBF3F182
:1017400018FA81F144F208233A4689B24846FFF775
:101750006AFDCEE72DE9F04F83B005460C469B4667
:101760009DF8303083B3531EDBB2012B03D912B383
:101770004FF6604601E04FF4FC66072A1ED0042AAB
:101780001FD0082A3CD0092A20D14FF478462B1DBF
:101790009BB21F4600960623032221463846FFF7D8
:1017A0009BFB04F1080100960223032289B238460C
:1017B000FFF792FB7CE04FF6FF76E0E740F2FF7622
:1017C000DFE74FF47846DEE744F20826092A6FD8AF
:1017D00001A353F822F000BF071800081D180008E5
:1017E000611800089118000891180008D118000825
:1017F000E5180008F9180008911800088F1700086C
:1018000040F2FF76E2E7611C019602230093062373
:101810000A2289B22846FFF799FD49E0AB1D98B22C
:101820000746AB1C9AB2631D9BB200969A4691463E
:101830002146FFF72FFD231D99B2009688460B46DF
:101840003A4651464846FFF725FD04F10803EA1CD5
:1018500000969BB292B241463846FFF71BFD27E047
:101860002B1D9AB21746E31D9BB2211D681C0096E2
:10187000984689B280B2FFF70DFD631C05F109029D
:1018800000969BB292B241463846FFF703FD0FE047
:10189000281D33460622214680B2FFF7CCFCA11D4D
:1018A000E81C009603231A4689B280B2FFF714FBA6
:1018B000611C05F10E0040F6410301930096234B95
:1018C0005A4689B280B2FFF78EFC03B0BDE8F08FB4
:1018D000A11CA81C009606231A4689B280B2FFF705
:1018E000FBFAE5E7A11CA81C009606231A4689B25C
:1018F00080B2FFF7A9FCDBE72B1D9BB21F463346E6
:10190000062221463846FFF796FC6B1D9BB218460F
:101910003346062221468146FFF78DFC231D99B2EE
:1019200004F108039BB2681C009698463A460F469D
:1019300080B2FFF7AFFC05F10800009643464A4627
:10194000394680B2FFF7A6FCB2E700BF3C010108B0
:101950002DE9F04385B080460F4614461D469DF89C
:1019600034600C98FEF71CFCC0EBC0001FFA80FC32
:101970000CF1FF3C1FFA8CFCA4452CD2A4EB0C0C00
:101980000CEBDC7CCCF34F0CC4441FFA8CF399466F
:10199000082D23D9A5F1080303EBD373C3F34F0339
:1019A0003B449BB20393DEB14FF66046019604239D
:1019B00000932B46224639464046FFF705FD019627
:1019C00000230093114B0C9A03994846FFF70BFC38
:1019D00005B0BDE8F0834FF0000CD5E70023DFE74A
:1019E00044F208260196042300932B4622463946EA
:1019F0004046FFF7E9FC01964FF6FF730093034B57
:101A00000C9A03994846FFF7EEFBE1E73401010821
:101A100070B582B004469DF81C00082B1FD9A3F1B5
:101A2000080C0CEBDC7CCCF34F0C8C441FFA8CF5CF
:101A30002E46B8B14FF6604601960420009020462D
:101A4000FFF7C2FC04F10800019600230093104B3D
:101A5000069A294680B2FFF7C6FB02B070BD4FF070
:101A6000000CE2E744F2082501950420009020468E
:101A7000FFF7AAFC04F1080001954FF6FF730093ED
:101A8000034B069A314680B2FFF7ADFBE5E700BF96
:101A900034010108002802DB4FF4FC60704740F27B
:101AA000FF70704740F6E933984206D940F6B143DB
:101AB000984205D94FF6FF7070474FF47840704751
:101AC0004FF62050704700EB400300EB83035B00B0
:101AD000022804D912229818363080B270470022AA
:101AE000F9E70000124B4CF25C729A80002218E079
:101AF00002EB021102EBC1010E4880FB01300844E9
:101B0000CB17C3EB60234FF4617000FB1313A3F5F5
:101B10006253243B02F10800054901EB40018B8030
:101B200001323B2AE4DD024B00225A72704700BFAB
:101B3000B4030020C5B3A2912DE9F04184B08046E2
:101B40000F4616461D4640F64104009410236C22B1
:101B5000FFF7C2F90294019502230093044B324629
:101B600039464046FFF7F8FA04B0BDE8F08100BFFF
:101B70003C010108F0B587B0054640F68813009394
:101B80001E23F0224FF491710020FFF7A5F9164AA9
:101B900003AB07CA03C31A80002411E04FF6604765
:101BA00006AB03EB440333F80C6C3B46042240F2D3
:101BB00031113046FFF73CFCAC4208D00134E4B2AE
:101BC000042C0ED8AC42E9D048F21047E8E7B01E2A
:101BD000009705231A4640F22F1180B2FFF77CF9D7
:101BE000ECE707B0F0BD00BFA07C000870B588B07E
:101BF000044600EBC00500EB450505F1BA01C0EB5A
:101C000080123D4B03EB420393F87D30002B65D0EF
:101C10003A4B03EBC0039E8800960A231A461846E7
:101C2000FFF75AF9BB35354B53F83420C4EB841118
:101C3000314B03EB410393F87D30002B51D04FF62D
:101C4000FF7340F64101019100932D4B29461A2064
:101C5000FFF7C9FAC4EB8412274B03EB420393F856
:101C60007D30002B40D0244B03EB420133F812208F
:101C7000B1F90200234BA3FB0213990901904FF421
:101C80007A7000FB112292B21F49A1FB0212520985
:101C900000929B091D4A182102A805F0C5F940F6DB
:101CA000410300930823682229468220FFF714F994
:101CB000C4EB8414104B03EB440393F87D300BB951
:101CC00048F2104640F64103019300960C4B02AADD
:101CD00029468220FFF787FA08B070BD44F2082633
:101CE0009AE748F21043ACE7094B0A4A182102A8C8
:101CF00005F09AF9D3E700BF3C0100200C0501086C
:101D00003C010108D34D62101F85EB51D87C0008BF
:101D1000E87C0008F07C000808B5034BB3F90A30F2
:101D2000024A05F081F908BD18010020F87C00087E
:101D300000B583B00C4B5B690C4AA2FB03EC4FEA85
:101D40005C1CDFF830E0AEFB03E3A2FB0CE25209BF
:101D5000C2EB0212ACEB82020092DB0A044A05F0ED
:101D600063F903B000BD00BF18010020898888888E
:101D7000007D0008C5B3A29100B583B00B4BD3F82A
:101D800010C00B4BA3FB0C239A094FF47A7E0EFB79
:101D900012C2DFF824C0ACFB02C2520900929B09B8
:101DA000044A05F041F903B000BD00BF180100204E
:101DB000D34D62100C7D00081F85EB5108B5034B15
:101DC000B3F90E30024A05F02FF908BD18010020C2
:101DD000187D000808B5034BB3F90C30024A05F032
:101DE00023F908BD18010020187D000808B5034B31
:101DF0001B89034A05F018F908BD00BF180100202F
:101E0000207D000800B583B0044BDA8800929B88DF
:101E1000034A05F009F903B000BD00BF1801002016
:101E2000247D000808B5034B9B78034A05F0FCF8B5
:101E300008BD00BF18010020307D000808B5034B25
:101E40001B88034A05F0F0F808BD00BF1801002008
:101E5000207D000800B583B00A4BA3FB02C34FEA04
:101E6000931C4FF47A7E0EFB1C2292B2DFF81CC04A
:101E7000ACFB02C2520900929B09034A05F0D4F858
:101E800003B000BDD34D6210387D00081F85EB51B3
:101E900010B586B040F6410300938223DC222C214A
:101EA0000A20FFF719F848F2104300938223DC223E
:101EB0002C210A20FFF7C8F9002401E00134E4B224
:101EC000042C28D8C4EB8412144B03EB420393F880
:101ED0007D30002BF2D01346104A02EB430304334B
:101EE0000F4901EBC4018988059140F6B83104918E
:101EF00000210391C4EB841102EB410292F87C2093
:101F000002923C22019200938023DA222D210B20A1
:101F1000FFF77AFBD2E706B010BD00BF3C010020FE
:101F20000C05010830B58DB04C4B1A784C4B33F88A
:101F300012304BB94B4B03934B4B1B7853B14B4B6C
:101F40001B7843B34A4D06E04A4A082103A805F02E
:101F50006BF8F1E7464DFFF767F805AC0090464B8C
:101F60002A461C21204605F05FF8404B1B78B3FA47
:101F700083F35B09019300942423DC2219460A2091
:101F8000FFF746FD384B1B783BB1384B1B78012BD4
:101F900060D03A4A02E03A4DDDE7384A05AD03AB7E
:101FA0000093384B1C21284605F03EF82F4C23782F
:101FB000012B14BF00230123019300952423DC226D
:101FC0004E210A20FFF724FD2378022B14BF0023A3
:101FD000012301932C4B00932423DC2278210A2037
:101FE000FFF716FD2378032B14BF00230123019371
:101FF000264B00932423DC22A2210A20FFF708FDB0
:102000002378042B14BF002301230193204B00935A
:102010002423DC22CC210A20FFF7FAFC40F68813A7
:1020200000931E23F0224FF491710020FEF754FF1D
:102030000D4B1B7883B1174A40F68813019348F281
:1020400010430093144B40F22D110A20FFF7CBF8F8
:102050000DB030BD114AA1E7114AEDE77D00002027
:10206000980401084F666600770400207804002079
:10207000507D00089C7D0008A07D0008687D000858
:10208000407D0008AC7D0008B87D0008C47D0008D4
:10209000D07D0008747D00083C0101085C7D0008CB
:1020A0008C7D000810B582B0002416E0174B53F861
:1020B000342004EB04114900243189B2144B1B78FD
:1020C000A34214BF00230123019300921E23DC22AC
:1020D0000A20FFF79DFC0134E4B2062CE6D940F655
:1020E000881400941E23F0224FF491710020FEF713
:1020F000F3FE019448F210430093064B064A40F267
:102100002D110A20FFF76FF802B010BD600401081E
:10211000760400203C010108D87D000808B5FEF7D0
:102120005BFE08BD08B5034B4822DA8002F0C4F913
:1021300008BD00BFB403002008B5034B4FF6F8728A
:10214000DA8002F0B9F908BDB403002008B50C4BE1
:1021500042F618625A8003221A704FF650329A8063
:10216000002305E0074A40F6863122F813100133B8
:10217000032BF7DD024B00225A7202F09DF908BDD5
:10218000B40300203401002008B50C4B43F2D40204
:102190005A800C221A704FF67C429A80002305E088
:1021A000074A40F6354122F813100133032BF7DDBF
:1021B000024B00225A7202F07FF908BDB4030020DE
:1021C0003401002010B582B00E4C2378B3FA83F3AB
:1021D0005B0901930C4B009322235A22C82119203A
:1021E000FFF7B6FB2378012B14BF002301230193D3
:1021F000064B009322235A22C8217D20FFF7A8FB1B
:1022000002B010BD7C000020F07D0008F47D0008C5
:102210002DE9F0478AB06F4BB3F9FA21002A08DBA9
:102220006D4B9B7B3BB16C49498A91420ADD00268C
:1022300002E00022F4E71E46F6B22BB17EB16649F9
:102240004F8A02E00126F7E71F466BB14EB1624BA1
:102250001D8A5B8A03FB05F595FBF2F505E0174641
:10226000F3E75D4B1D8A00E01D4605FB07F45B4B61
:1022700083FB0423E417C4EBA31440F6410300934B
:102280004FF48173F02220210020FEF725FE524BEF
:102290009B7B1BB15EB1DFF85C8101E0DFF8588108
:1022A00043B1002E00F08F804FF6205904E0DFF894
:1022B0004C81F5E744F20829CDF8049004230093FB
:1022C000162334222621B220FFF77EF84046FDF780
:1022D00067FFC0EBC000C0F134004008DFF810A178
:1022E000B230CDF8049000230093534642462D218E
:1022F00080B2FEF778FF40F64103019348F21043A5
:1023000000935346364A2D210A20FEF76CFF334BCB
:1023100083FB0523E817C0EBA3124FF47A7101FB8E
:102320001252304981FB0251D217C2EBA102009236
:10233000C0EBA3132C4A182104A804F075FE264B09
:102340009B7B002B42D04FF6FF73DFF8A48004ADD7
:1023500040F64109CDF808900193042300934346C9
:102360002A464A211820FEF7F7FECDF8089048F2D9
:10237000104301930223009343461C4A5221B2208A
:10238000FEF7EAFE154B83FB0723F817C0EBA312F9
:102390004FF47A7101FB1272124981FB0271D2175C
:1023A000C2EBA1020092C0EBA3130F4A18212846EA
:1023B00004F03AFE084B9B7B13B3002E00F03081F3
:1023C0004FF620531EE04FF4FC6975E744F20823F2
:1023D000BBE700BF3C0100201C000020D34D621071
:1023E0003C7E000867666666547E0008208100080F
:1023F0003C010108047E0008007E0008FC7D000806
:1024000044F20823A84E04AD40F641070297019319
:102410000423009333462A4672211820FEF79CFEBF
:10242000029748F2104301930223009333469F4AD8
:102430007A21B220FEF790FE9D4B83FB0423E01728
:10244000C0EBA3124FF47A7101FB1242994981FB50
:102450000241D217C2EB61120092C0EBA313964A5D
:102460001821284604F0E0FD944B9B7B002B00F0E4
:10247000DA804FF6E07340F64102029201930223A4
:102480000093894B04AA9C211820FEF765FE44F2B4
:102490000823DC22BA210A20FEF7C5FE884B1B78F0
:1024A00023B1884B1B78012B00F0C080834B1A8A24
:1024B0007F4BA3FB021399094FF47A7000FB1122A2
:1024C00092B27C49A1FB0212520900929B097E4AFA
:1024D000182104A804F0A8FD7A4B1B78012B00F00A
:1024E000BC804CF2186340F64102019200936E4B9F
:1024F000764AC4210A20FEF776FE724B1B78012B28
:1025000000F0AE804FF6FF7340F641020292019355
:1025100002230093644B04AAD0210A20FEF71CFE7C
:10252000674B1B7823B1674B1B78022B00F09B8015
:10253000624B5A8A5E4BA3FB021399094FF47A70DF
:1025400000FB112292B25B49A1FB021252090092D8
:102550009B095F4A182104A804F066FD594B1B78BB
:10256000022B00F097804CF2186340F64102019272
:1025700000934D4B574AC4218220FEF734FE514B45
:102580001B78022B00F089804FF6FF7340F6410262
:102590000292019302230093434B04AAD02182208C
:1025A000FEF7DAFD454B9B7B002B79D04A4A454C20
:1025B0002378B3FA83F35B09019300922223692203
:1025C000F2210A20FFF7C4F92378032B14BF00235C
:1025D00001230193414B009322236922F2217D20A4
:1025E000FFF7B6F940F6881300931E23F0224FF44C
:1025F00091710020FEF770FC314B1B78002B51D0FD
:10260000374A40F68813019348F210430093264B53
:1026100040F22D110A20FEF7E6FD0AB0BDE8F08772
:1026200040F2FF73EEE644F2082324E7234B1A8AB4
:102630001F4BA3FB021399094FF47A7000FB112280
:1026400092B21C49A1FB0212520900929B09254A31
:10265000182104A804F0E8FC3EE74FF6604342E787
:102660004FF6604350E7154B5A8A114BA3FB0213F8
:1026700099094FF47A7000FB112292B20D49A1FB27
:102680000212520900929B09174A182104A804F06B
:10269000CBFC63E74FF6604367E74FF6604375E7AF
:1026A000124A84E7124AACE73C0101081C7D00088D
:1026B000D34D62101F85EB51607E00081C00002086
:1026C00071040020720400207C7E0008847E0008D3
:1026D000987E0008A07E0008087E0008D07D0008D3
:1026E000747D0008707E00088C7E0008147E00084F
:1026F000207E000830B58DB06F4B1C78002C00F0A8
:10270000A98004EB44026D4B03EBC2039B7B002BBF
:1027100000F0A3806A4B04AD00936A4B6A4A202103
:10272000284604F081FC694B1B78B3FA83F35B09FC
:10273000019300952E23DC2228210A20FFF768F957
:1027400004EB44025D4B03EBC2031A8A08210DEB34
:102750000100FFF77FFB5E4B1B781BB15B4B1B78C7
:10276000012B7CD004EB4402544B03EBC2035B68A7
:1027700002AA0092574A202104A804F055FC534BAA
:102780001B78012B14BF00230123019304AB00939A
:102790002E23DC225A210A20FFF73AF94C4B1B78F2
:1027A0001BB14A4B1B78022B67D004EB4404434B0C
:1027B00003EBC4035B8A484AA2FB031292094FF45D
:1027C0007A7101FB12339BB24449A1FB03135B09ED
:1027D00001930092424B434A202104A804F024FCB8
:1027E0003A4C2378022B14BF00230123019304AB3E
:1027F00000932E23DC228C210A20FFF709F923788D
:10280000032B14BF002301230193374B00932E2386
:10281000DC22BE210A20FFF7FBF844F208230093D4
:102820001E23F0224FF491710020FEF755FB284B38
:102830001B78002B3DD02D4A44F20823019348F227
:10284000104300932A4B40F22D110A20FEF7CBFCD7
:102850000DB030BDFFF7DCFCFAE7264B5BE704EB7D
:102860004402164B03EBC2035B6802AA0092224AA1
:102870002021284604F0D8FB81E704EB44040F4BE9
:1028800003EBC4035B8A144AA2FB031292094FF4C0
:102890007A7101FB12339BB21049A1FB03135B0950
:1028A000019300920E4B154A202104A804F0BCFBB2
:1028B00096E7134AC0E700BF730400201C00002005
:1028C000A87E0008AC7E0008B47E000872040020D8
:1028D00071040020687D0008D34D62101F85EB5104
:1028E000C07E0008DC7E0008D07D0008747D0008F2
:1028F0003C010108007E00085C7D0008CC7E0008D9
:102900008C7D000810B5044600EB4002114B03EB30
:10291000C2039B7B73B90F4B04EB440103EBC10172
:102920008A7B0B46003A18BF01228989986802F019
:1029300008FF10BDB0FA80F35B09064903EB4300C2
:1029400001EBC000002282738189806802F0F9FEE9
:10295000E1E700BF1C000020042804D90E2805D997
:102960004FF4FC6070474FF4784070474FF62050AA
:1029700070473B2806DC2C2807DC092808DD4FF6C9
:10298000FF7070474FF4784070474FF62050704703
:1029900040F2FF7070470A3880B2322894BF00209E
:1029A0000120704708B542F6DF6398420AD943F226
:1029B000C723984214D943F2AF63984213D94FF416
:1029C000FC6008BD02F09AFF084BA3FB003010F03A
:1029D000200F02D04FF47840F3E744F20820F0E7EC
:1029E0004FF47840EDE74FF62050EAE7D34D621000
:1029F00042F6DF63984205D943F2C723984203D9D0
:102A000000207047022070470120704700B583B056
:102A100040F6881300931423582204219620FEF7D1
:102A20005BFA334BB3F906302C2B1ADC092B21DD72
:102A30002F4B5888FFF7DCFF022824D02C4BDB7A81
:102A4000002B31D12A4B1B7A002B36D1284B5B7AD5
:102A5000002B3BD1264BB3F90430002B3EDB03B0F7
:102A600000BD01230093234B04220A21AA20FEF774
:102A700071FEDDE7012300931E4B08220A21AA20E4
:102A8000FEF768FED4E702F039FF1B4BA3FB0030D2
:102A900010F0200FD2D001230093164B09220A21F7
:102AA0009B20FEF757FEC9E701230093114B00223C
:102AB0000A21C820FEF74EFEC4E7012300930D4B08
:102AC00002220A21B920FEF745FEC8E70122009242
:102AD000084B0A21B920FEF73DFEC0E70123009311
:102AE000044B07220A21B920FEF734FEB7E700BFE6
:102AF000B4030020CC7F0008D34D621030B583B002
:102B0000054640F6881400941E23F0220021084652
:102B1000FEF7E2F94FF66043F0221C210020FEF799
:102B200082FB4FF66043F0221D210020FEF77BFB65
:102B300001944FF6FF730093044B2A460A210820A4
:102B4000FEF751FBFFF762FF03B030BD340101080F
:102B50002DE9F04385B040F64100FEF703FA434B00
:102B60000093652368222A214420FEF71BFB404C7A
:102B7000404E40F64105029548F280230193032719
:102B8000009723463246A3211B20FEF7E5FA029563
:102B90004FF66048CDF80480009723463246A021C6
:102BA0001820FEF7D9FADFF8E490029544F20826DF
:102BB0000196009723464A46C3214920FEF7CCFAE6
:102BC00002954FF6FF730193009723464A46C021B2
:102BD0004620FEF7C1FA019548F2104700972346B8
:102BE000254AE8214E20FEF7FEFA4346802298212E
:102BF0001820FEF718FB434660229A211820FEF7A2
:102C000012FB3B468022F6215820FEF70CFB3B4688
:102C10006022F8217820FEF706FB02950197022337
:102C200000932346154A06210846FEF795FA0195BA
:102C300000962346124A4FF485713620FEF7D3FAE8
:102C40000195009623460F4A4FF48B712120FEF721
:102C5000CAFA0195009623460B4A4FF491713C2025
:102C6000FEF7C1FA05B0BDE8F08300BF3C050108DE
:102C70003C010108EC7E0008FC7E00080C7F000887
:102C8000147F00082C7F00084C7F0008F47E0008A9
:102C90002DE9F04190B0674C237800932E238A22CF
:102CA0002A210A20FEF742FC09AD2378624A062158
:102CB000284604F0B9F940F6410600961A2350223E
:102CC00034219C20FEF708F92078FFF745FE029694
:102CD000019003230093594B2A4634219C20FEF790
:102CE0003BFA637A002B00F09C80554B1C8840F621
:102CF000410300930823502252219C20FEF7ECF858
:102D0000631E9BB241F26E72934225D84D4BA3FBDA
:102D100004235A091346C2EB0212A4EB8204A4B2A4
:102D2000444A527A002A7FD0474A01920094474A87
:102D300014210BA804F078F93E4B5B7A002B75D078
:102D40004FF4FC6340F64102019200933B4B0BAA07
:102D500052219C20FEF747FA364C62883C4BA3FB7D
:102D6000021399090BAE4FF47A7000FB112292B254
:102D70003849A1FB0212D20800929B09364A14215D
:102D8000304604F051F940F64105009510236E22BB
:102D900011460A20FEF7A0F86088FFF703FE274FD0
:102DA000029501904FF00208CDF800803B46324674
:102DB0006E210A20FEF7D0F9B4F90430274A142115
:102DC000304604F031F9009510236E22114682201E
:102DD000FEF782F8B4F90400FEF75CFE029501905C
:102DE000CDF800803B4632466E218220FEF7B4F9D2
:102DF000069540F2FF73059343F698230493184B0E
:102E0000039394F88C3002933C2301931434009480
:102E10006423DC2299210A20FEF756FC10B0BDE89D
:102E2000F081104B1C8862E70F4A7EE74CF2186372
:102E300088E700BFB4030020307D00083C01010892
:102E40003001002089888888647F0008747F00082A
:102E5000D34D6210CDCCCCCC807F00088C7F000895
:102E600068C5FFFF320100206C7F000870B582B09A
:102E700040F64100FEF776F81C48FFF73FFE1C4B7A
:102E80001B7800932E238A222A210A20FEF77CFB3E
:102E9000184C40F6410501954CF218660096234601
:102EA000154A62210A20FEF79EF9019500962346F5
:102EB000124A62218220FEF796F944F20823DC22AE
:102EC00094210A20FEF7AFF9019548F210430093D0
:102ED00023460B4A89210A20FEF785F90020FEF7D8
:102EE00049FEFFF7D5FE02B070BD00BF947F000819
:102EF000B40300203C01010878820008A47F000888
:102F0000AC7F00082DE9F0438DB0684D06AC2B78FE
:102F1000674A1421204604F087F82878FFF71CFD43
:102F20000346224636210A20FEF706FE6A88614BD8
:102F3000A3FB021399094FF47A7000FB112292B29D
:102F40005D49A1FB0212D20800929B095B4A142141
:102F5000204604F069F86888FFF724FD03462246FE
:102F600036217D20FEF7E8FDB5F90430544A1421DE
:102F7000204604F059F8B5F90400FEF78BFD03462E
:102F8000224681210A20FEF7D7FD2B694D4A1421E4
:102F9000204604F049F84FF6E073224681217D2057
:102FA000FEF7CAFDB5F90630474A1421204604F061
:102FB0003BF8B5F90600FFF7DCFC03462246CC21BE
:102FC0000A20FEF7B9FD00254EE005EB450404EBB1
:102FD000C4046400A4B21034A4B23C4F37F81520E6
:102FE000344BA3FB0213990906AE4FF47A7000FB31
:102FF000112292B23049A1FB0212D20800929B0921
:10300000334A1421304604F00FF805F131038DF8EE
:103010002C3000238DF82D30DFF8C09040F64108A9
:10302000CDF8048048F2104300934B460BAAFA21D6
:103030002046FEF7D8F8CDF8008008231E224FF472
:1030400084712046FDF748FF37F81500FEF72AFD8A
:10305000CDF8048000904B4632464FF484712046F0
:10306000FEF7C1F80135EDB2032DAED902AC194B14
:103070000FCB84E80F000D4BDB7A93B10B4A127B28
:1030800002F003020CA901EB820252F8282C53B182
:103090004FF4FC63CC217D20FEF74EFD0DB0BDE862
:1030A000F0830D4AF3E748F21043F3E7B40300203E
:1030B000C87F0008D34D6210CDCCCCCC807F0008F7
:1030C0008C7F0008D07F0008F87C000834010020C5
:1030D000D87F0008AC7C0008BC7F00083C010108D8
:1030E00070B582B040F64100FDF73CFF3248FFF773
:1030F00005FD324C40F6410601964CF218650095EC
:1031000023462F4A28210A20FEF76DF801960095E4
:1031100023462C4A28217D20FEF765F8019600956C
:103120002346294A73210A20FEF75DF8019600958F
:103130002346264A73217D20FEF755F80196009517
:103140002346234ABE210A20FEF74DF8019600953A
:103150002346204ABE217D20FEF745F844F208238D
:10316000C82223217820FEF766F844F20823DC22E7
:103170006E210A20FEF757F844F20823DC22B92119
:103180000A20FEF750F844F2082300932823DC229B
:10319000F2210A20FEF758F80196009523460E4AC0
:1031A000EE211220FEF71FF80120FEF7E3FCFFF7E7
:1031B000A9FE02B070BD00BFE07F00083C0101081D
:1031C000E87F000878820008A47F0008F07F0008EC
:1031D000F87F0008F47E00080080000870B58CB00D
:1031E0001D4B1A781D4B33F9122093B240F641055E
:1031F000069540F2FF71059104925B421BB2039366
:10320000174C94F88C3002933C23019304F114037F
:103210000093DC23CC2232211F20FEF755FA08AEA2
:10322000B4F904300F4A1021304603F0FDFE00953A
:1032300010235A2223218C20FDF74EFEB4F90400FE
:10324000FEF728FC01950090074B324623218C2085
:10325000FDF7C9FF0CB070BD7E00002034050108E9
:10326000B403002008800008340101082DE9F0476C
:1032700084B040F64100FDF775FE2848FFF73EFC9C
:10328000DFF8B090DFF8B0A09AF8003039F91330C9
:10329000234D85FB0312DB17C3EBA21302AC1BB259
:1032A000204A0821204603F0BFFE1F4E40F6410889
:1032B000CDF8048048F21047009733462246322169
:1032C0000520FDF790FF9AF8003039F9133085FB9F
:1032D0000325DB17C3EBA5131BB2144A08212046B4
:1032E00003F0A2FECDF804800097334622464FF447
:1032F00083710520FDF777FFCDF8048000973346F2
:103300000B4A40F213113720FDF76DFF0220FEF744
:1033100031FCFFF763FF04B0BDE8F08710800008C0
:10332000D34D6210208000083C010108288000086D
:1033300030800008340501087E00002008B50649E9
:103340000A780132054B83FB020303EB4303D31AD4
:103350000B70FFF78BFF08BD7E00002056555555BA
:1033600070B582B040F64100FDF7FCFD1348FFF751
:10337000C5FB134C40F64106019648F210450095F6
:103380002346104A22210A20FDF72DFF01960095C1
:1033900023460D4AB021A020FDF725FFFEF778FD5A
:1033A000002404E02046FEF721FC0134E4B2042CA2
:1033B000F8D90320FEF7DEFB02B070BD4C80000898
:1033C0003C0101085C8000086080000810B5FEF731
:1033D0005FFD002404E02046FEF708FC0134E4B25F
:1033E000042CF8D910BD00002DE9F04188B000246C
:1033F00012E040F6410500950823562231469620FA
:10340000FDF76AFD01950097144B03AA31469620FB
:10341000FDF7E9FE0134E4B2082C1CD82046FEF783
:1034200052FB06460E4F650004EB440307EB830393
:10343000D3F80480142103A8C047254407EB85076F
:103440003F89084B9845D4D1074BB3F90A00FFF7E1
:1034500090FA0746CDE708B0BDE8F0813C010108CD
:10346000A0040108191D00081801002030B583B020
:1034700040F64100FDF776FD2448FFF73FFB40F69C
:10348000410301934FF660430093214B214A2621CB
:103490000A20FDF7A8FE002411E004EB440140F6E9
:1034A000410301934CF218630093194B1A4A52F8E6
:1034B000212029460A20FDF796FE0134E4B2082CAB
:1034C0001DD82046FEF7FFFA0546032CE5D1A0F1F2
:1034D0000E0144F20823DC2289B20A20FDF7A3FE84
:1034E000A5F10A0140F6410301934FF660430093B2
:1034F000074B0A4A89B20A20FDF775FECDE7FFF7B0
:1035000073FF0420FEF736FB03B030BD6C8000086B
:103510003C0101087C800008A0040108908000089C
:10352000044B1A78044B33F812304EF6602003FB3C
:1035300000F070477D000020980401080023024A33
:103540001370024A1370704778040020770400203B
:1035500008B540F64100FDF705FD0348FFF7CEFA38
:10356000FEF7E0FC08BD00BF9880000810B50446D7
:10357000224B1B7813B1224A1278C2B11BB1204BE7
:103580001B78012B25D01E4B1A78002C33DD01232C
:103590001A441C4981FB0231D317C3EB610303EBCF
:1035A0008303D31A164A1370FEF7BCFC10BDFDF757
:1035B0003BFD04EB840300EB4300092803DD642892
:1035C00005DCC0B200E00A20FDF7D8FCECE764207F
:1035D000FAE70D4B1B78002C0BDD012213445A42F5
:1035E00003F0030302F0030258BF5342064A13706C
:1035F000DAE70322F2E70423CAE700BF77040020DA
:1036000078040020676666667D000020014B00227A
:103610001A7070477604002008B540F64100FDF7A7
:10362000A1FC0348FFF76AFAFEF73CFD08BD00BFA6
:10363000A080000808B50B4B1A78002810DD012384
:103640001A44094BA3FB0213D11A03EB51039B0845
:10365000C3EBC303D31A034A1370FEF723FD08BD5F
:103660000623EDE7760400202549922400B583B0B7
:103670000E4B1A780E4B03EBC2035B688BB1984775
:103680000A4B197801EB0111490001230193094B01
:1036900000931E23DC2224310A20FEF759F903B0DF
:1036A00000BD062000F00EFCF9E700BF7604002004
:1036B00060040108AC800008024B1870024B012224
:1036C0001A707047750400207C00002008B5124B6A
:1036D0001B7843B9114B1B78042B0FD8DFE803F09C
:1036E00009090F1218000C4B00221A70FEF71AFC81
:1036F00004E0094B01221A70FEF714FC08BD00F02B
:10370000EDFBFBE70120FFF7D7FF00F00BFCF5E72F
:10371000062000F0D7FBF1E77704002078040020B2
:10372000014B1878704700BF7504002030B585B094
:1037300040F64100FDF716FC254C2278254B53F846
:1037400022502846FCF72CFDC0EBC0004000C0F121
:10375000F00040F6410302934FF6604301930223C9
:1037600000931D4B2A465A21C0F34F00FDF7F4FC8D
:103770002378BBB940F6410401944FF6FF750095DC
:10378000154B164A8C211E20FDF72DFD0194009546
:10379000114B134A98214B20FDF725FDFEF712FD32
:1037A00005B030BD40F6410401944FF6FF75009519
:1037B000094B0C4A8C211B20FDF715FD0194009547
:1037C000054B094A98213020FDF70DFDE6E700BFC3
:1037D00075040020580401083C010108B480000869
:1037E000D0800008E0800008FC80000808B5044A8A
:1037F000137883F001031370FEF7E4FC08BD00BFEB
:103800007C000020034B1B780BB90120704702207D
:10381000704700BF7C000020014B1870704700BF4C
:10382000740400202DE9F0418AB0674B1F78022F05
:1038300007D04FF6205640F64100FDF793FB0024D9
:1038400022E04FF47846F6E704F13408C4F1940519
:10385000ADB200962B4604F1440241467820FDF7B4
:1038600019FDC4F1AC0200962B4692B24146782075
:10387000FDF710FD04F1920100960B46AA224620A6
:10388000FDF708FD0134E4B2022CDDD94F4D40F6BE
:103890004108CDF808800196052300932B464C4A39
:1038A0005A216D20FDF758FC3B014A4AD458204666
:1038B000FCF776FCC0EBC0004000C0F1F000CDF892
:1038C00008800196022300932B462246A821C0F3CC
:1038D0004F00FDF741FC002401E00134E4B2022C6A
:1038E00022D804EB87023B4B03EB82035D682B7805
:1038F000002BF2D02846FCF753FC00EB40004000C0
:10390000C0F1F00004EB44018900C83189B240F6EF
:10391000410301934FF6FF7300932C4B2A46C0F3EB
:103920004F00FDF760FCD8E7274B1B7833BB2A4DCF
:1039300004ACB5F90630294A1821204603F074FB7F
:10394000B5F90600FFF715F840F641030293019020
:10395000022300931D4B2246F0216020FDF7FCFB63
:10396000012301931E4B00931E2350224FF48871B4
:103970001046FDF7EDFF0AB0BDE8F081164B5A88FE
:10398000184BA3FB0213990904AC4FF47A7000FBA7
:10399000112292B21449A1FB0212D20800929B0993
:1039A000124A1821204603F03FFB40F641030293E0
:1039B0004FF47843019302230093044B2246F021F5
:1039C0005520FDF7C9FBCBE7740400203C0101083A
:1039D0001481000828040108B4030020F87C0008C2
:1039E000F07D0008D34D6210CDCCCCCC18810008FE
:1039F00008B50020FDF7B6FA08BD0000F0B585B0A7
:103A00000446104E470000EB400306EBC3031A8A3E
:103A100008210DEB0100FEF71DFA0B4D05EB041517
:103A2000274406EBC706B37B53B1084B02AA0092AA
:103A3000074A1021284603F0F7FA284605B0F0BDE2
:103A4000044BF3E71C00002050040020A87E00086F
:103A500024810008007E0008012800D90020044BC2
:103A600018700023034A1370034A1370704700BF95
:103A700073040020720400207104002010B582B08D
:103A800040F64100FDF76EFA0D4C237803EB43033B
:103A90000C4A52F83300FFF731F823781BB9FEF7D0
:103AA00029FE02B010BD40F64103019348F21043D5
:103AB0000093054B054A16210A20FDF794FBEEE71B
:103AC000730400201C0000203C0101082C81000828
:103AD00008B5034B1B7803B108BDFEF799FBFBE764
:103AE0007304002008B5414B1B78414A1278002A24
:103AF00068D0844682B2911C89B2042903D902EBB2
:103B000082020FFA82FC3B4A1278022A14D0B3BB1D
:103B100003EB4301384A02EBC102128A642101FB24
:103B20000C2240F6B7318A4220DD44F620618A42F9
:103B30001EDD44F620621BE003EB43012E4A02EB3C
:103B4000C102528A642101FB0C22632A06DD40F681
:103B5000B8318A4203DD40F6B83200E0642203EB5C
:103B60004303254901EBC3035A823AE040F6B832D9
:103B700003EB4303204901EBC3031A8231E003EB5B
:103B800043011D4A02EBC102127D002808DD01211C
:103B90000A4452B2002A05DB042A04DD042202E0B2
:103BA000FF21F5E70022144903EB430001EBC000BD
:103BB0000275124830F8122003EB430301EBC301F6
:103BC0000A820EE00B4B1B7890420DDD012213445C
:103BD0005A4203F0030302F0030258BF5342054A5E
:103BE0001370FEF787FD08BD0322F0E77304002081
:103BF00071040020720400201C0000201C04010835
:103C000008B5174B1878174B1B78BBB9164B1B78A8
:103C1000022B19D8F3B9B3B9144B00EB400203EBF4
:103C2000C202927B00EB400103EBC10382F0010270
:103C30009A73FEF767FEFFF721FF04E0094B0022AD
:103C40001A70FEF757FD08BD032BFCD1062000F0CB
:103C500039F9F8E7034B01221A70FEF74BFDF2E742
:103C60007304002071040020720400201C00002056
:103C7000144B187028B310B500240DE0124B04EB60
:103C8000440103EB810100228A720B4609895868BE
:103C900001F057FD0134E4B2012CEFD900240DE00E
:103CA0000A4B04EB440103EBC10100228A730B466B
:103CB0008989986801F045FD0134E4B2012CEFD9FF
:103CC00010BD7047700400204C0000201C00002034
:103CD000014B1878704700BF70040020F0B58BB01E
:103CE0000646072814BF0023012301933D4B009390
:103CF00020236422FA218220FDF72AFE00242EE0F0
:103D00002746394B04EB440203EB820153F822307F
:103D10008A7A002A40D0354A0092354A202102A8EA
:103D200003F082F9304B07EB470103EB81018A7AFC
:103D30000B46003A18BF01220989586801F001FDBD
:103D4000B44214BF00230123019302AB0093182354
:103D5000DC2229460A20FDF75BFE0134E4B2062C82
:103D60003ED8C4EBC405AD00ADB22435ADB2012CD4
:103D7000C6D9032C12D804EB44031B4A52F8237013
:103D8000A01EC0B2FFF73AFE00903B46194A202120
:103D900002A803F049F9D3E7174ABDE7042C07D07E
:103DA000052C13D0154B02AF0FCB07C73B70C7E7ED
:103DB000134B1B7843B10D4B0093124B0C4A20213F
:103DC00002A803F031F9BBE70B4BF5E7FDF72CF93F
:103DD00000900D4B0D4A202102A803F025F9AFE712
:103DE0000BB0F0BD4C8100084C000020A87E0008FC
:103DF000B47E000854810008007E00088481000819
:103E000070040020608100086C8100087481000843
:103E100030B583B0054640F64100FDF7A3F80E48E3
:103E2000FEF76CFE40F6881400941E23F0224FF437
:103E300091710020FDF750F8019448F2104300936F
:103E4000064B074A40F22D110A20FDF7CCF928460F
:103E5000FFF744FF03B030BD948100083C01010826
:103E6000A0810008032811D8094B00EB400203EBA6
:103E70008202927A00EB400003EB800382F00101A2
:103E80009972012A02D0034B00221A70704700BFBA
:103E90004C0000207004002008B5084B00221A7066
:103EA0005A70012199705A609A601A73FEF750FE99
:103EB00001F024FD024B186008BD00BF9C040020E7
:103EC000840400200C2805D8034B1A785A70187007
:103ED00001229A70704700BF9C04002008B5084B6F
:103EE00000221A70074B1A78931FDBB2042B01D8FB
:103EF000054B1A78054B1A700C20FFF7E3FF08BD3D
:103F0000880400209C0400208800002085000020F8
:103F100008B5FFF7E3FF024B01221A7008BD00BF8E
:103F20008804002008B5044B1A78044B1A700A2044
:103F3000FFF7C8FF08BD00BF9C04002086000020DA
:103F400008B5024B1878FFF7BDFF08BD88000020B8
:103F5000F8B501F0D3FC04467E4B1B7893B97E4B39
:103F60001B68C31A7D4A1268934200D2F8BD7C4C8C
:103F70002078FFF7A7FF01232370784B40F2DC5233
:103F80001A60F3E7FCF750FD0546FCF787FD06468F
:103F9000704B1B780C2B25D00DB900283CD0714BF1
:103FA0001C60FFF7BDFA58B16E4B1B68E31A8342E1
:103FB00006D3684B1B781BB10B2B01D00A2B30D1D9
:103FC000644B1B780BB10B2B30D1FCF771FD002833
:103FD0006FD0604B9B68002B56D15E4B9C600022DB
:103FE0001A7369E00028C1D05F4B1B787BB10020B9
:103FF0005D4B18705D4B1A78594B1A70574B4FF444
:1040000096621A60544B1C60FFF75CFFAEE7574B9B
:104010001878FFF757FFA9E7FCF74AFD0028C0D042
:10402000BDE7504B1C60FFF759FF9FE7504B588886
:10403000FEF7DEFC074602280ED0012F1FD04D4BA5
:104040001B781F46002BC0D1494BB3F90600FEF781
:10405000A2FC0028B9D003E0464B9B78002BECD1A2
:10406000454B1F703846FFF7D7FB3A4B1A78434B46
:104070001A70434B1C600B20FFF724FFA5E73D4B54
:104080005B78002BECD0DAE7324A127BA2B9E31A54
:10409000B3F57A7F10D32F4B01221A731A78931F2E
:1040A000DBB2012B08D9374B1A700620FFF70AFF45
:1040B00002E0284B98601873FEB1264B1B7BE3B9D6
:1040C000314B1B78A3B1314B1B68E31AB3F5C87FA2
:1040D0000ED82D4B00221A701E4B1B78062B0CD0CD
:1040E000072B01D0274A13700620FFF7EBFE04E0F0
:1040F000254B01221A70254B1C60234B1B781E4652
:1041000023B1144B9B68CBB100231E46114B1B7B84
:1041100013B11D4B00221A700E4B1B78013B0A2B6A
:104120003AD8DFE813F035006500710082008E0098
:104130009A00F60001010C0117013D01134B1B68A9
:10414000E31AB3F5C87FDFD90F4B00221A700123A1
:104150001E46DBE79C040020840400208000002031
:1041600084000020900400208804002085000020A6
:10417000B40300209804002094040020870000204D
:104180008C04002088000020800400207C04002093
:10419000002D25DC002D27DBFCF70CFE9F4B5B6818
:1041A000E31AF92B7FF6E2AE9C4B5C609B78002B08
:1041B00000F04B81994B00229A701B780C2B3FF634
:1041C000D5AEDFE813F00C010F0112011501180143
:1041D0001B011E0122012501280139013C013F017B
:1041E0000220FFF76FFED5E70520FFF76BFED3E750
:1041F000002D05DC002DCFDA0120FFF763FECBE7B1
:104200000320FFF75FFEF5E7002D06DC002D08DB3D
:10421000002EC1D0FFF792F8BEE70420FFF752FE50
:10422000F4E70220FFF74EFEF2E7002D05DC002D3B
:10423000B2DA0320FFF746FEAEE70520FFF742FEA5
:10424000F5E7002D05DC002DA6DA0420FFF73AFE85
:10425000A2E70120FFF736FEF5E7002D0DDC002D6B
:104260001ADB002E98D06E4B1878072894D8DFE818
:1042700000F0222229293141474D69490B78013349
:104280005A4203F0070302F0070258BF5342D8B264
:104290000870FFF723FDE4E761490B7807335A42C2
:1042A00003F0070302F0070258BF5342D8B2087068
:1042B000FFF714FDD5E7FFF7D5FD594B1878FFF749
:1042C0000DFD69E70238C0B2FFF7C6FB0720FFF714
:1042D000F9FD61E7FFF7FCFC20B9FFF7EDF9FFF707
:1042E00021FE59E70020FFF7C3FC4D4B1878FFF77C
:1042F000F5FC51E7FFF722F90820FFF7E3FD4BE754
:10430000FFF784F90920FFF7DDFD45E7FFF718FE09
:1043100042E72DB9002E3FF43FAFFFF771FC3BE7BA
:104320002846FFF7DFFBF5E72DB9002E3FF434AF49
:10433000FFF7CCF930E72846FFF718F9F5E72DB974
:10434000002E3FF429AFFFF791F925E72846FFF744
:1043500071F9F5E75DB9002E3FF41EAFFFF752FA91
:10436000012808D02F4B1878FFF7ACFD14E728463A
:10437000FFF73CFAEFE7FFF7D3F938B90120FFF771
:1043800077FC284B1878FFF79DFD05E7254B18783B
:10439000FFF798FD0120FFF76BFCFFF7B9FDFBE687
:1043A0003EB9214B1B68E31A47F22F5293427FF626
:1043B000F3AE1E4B1B781E4A0121D154022B04D0B0
:1043C0001C4B1878FFF77EFDE6E61A4B1878FFF7CE
:1043D00079FD0120FFF74CFCFFF79AFDDCE6FEF7C4
:1043E000B7FBC3E5FEF742FDC0E5FEF779FEBDE58C
:1043F000FEF73CFFBAE5FEF7B3FFB7E5FFF736F887
:10440000B4E50020FFF704FDB0E5FFF737FBADE5AD
:10441000FFF79EF8AAE5FFF7FFF8A7E59C04002048
:1044200079040020860000208C04002094040020E1
:104430009804002087000020FFF778F996E5FFF741
:10444000F1F993E5FFF7D4FA90E51A4B1B781BB10D
:104450000A3BDBB2022B17D8164B1B78013B062B0D
:104460003FF684AD01A252F823F000BF8F4400084C
:10447000954400089B440008A1440008AD4400088E
:104480006D3F0008A7440008FEF7C0FAE4E7FEF716
:10449000FFFB6BE5FEF736FD68E5FEF79FFE65E581
:1044A000FEF794FF62E5FFF713FB5FE5FEF79CFF65
:1044B0005CE500BF9C040020002304E0034A0021C7
:1044C000D1540133DBB2022BF8D970479804002095
:1044D0002DE9F0438BB005AD0024059406940794B4
:1044E000089409940194434B1A6B42F004021A6336
:1044F0001A6B02F004020192019A02941A6B42F0C4
:1045000080021A631A6B02F080020292029A0394EC
:104510001A6B42F001021A631A6B02F00102039255
:10452000039A04941A6B42F002021A631B6B03F0A5
:1045300002030493049BDFF8C48001224FF400516E
:10454000404601F0FEF8224640F60601404601F0E2
:10455000F8F8294E01220521304601F0F2F82246F2
:1045600048F20211304601F0ECF8DFF89490224650
:104570004FF4C051484601F0E4F842F606030593B3
:1045800001270697079408942946404600F0E2FF69
:1045900041F209030593069407942946404600F02A
:1045A000D9FF0323059306970794089329463046BD
:1045B00000F0D0FF48F2041305930697079408947F
:1045C0002946304600F0C6FF4FF4C04305930694D9
:1045D00007942946304600F0BDFF4FF4C0530593C1
:1045E0000697079408942946484600F0B3FF0BB09D
:1045F000BDE8F08300380240000402400008024099
:104600000000024000B585B000230093019302939F
:1046100003934048404A02604FF480324260836016
:1046200001220261037680F82030C3623B49816237
:10463000C3600821C16180F83030426100F05AFB4C
:1046400000284CD1002300930123019307230293F8
:104650006946304800F07AFB002843D101230093DB
:104660000223019369462B4800F070FB00283CD1DF
:1046700002230093032301936946264800F066FB5A
:10468000002835D103230093042301936946214870
:1046900000F05CFB78BB042300930523019369467B
:1046A0001C4800F053FB48BB062300930193694666
:1046B000184800F04BFB20BB072300930193694689
:1046C000144800F043FBF8B90E230093082301932C
:1046D0006946104800F03AFBC8B905B000BDFBF7C9
:1046E000F1FDAFE7FBF7EEFDB8E7FBF7EBFDBFE74A
:1046F000FBF7E8FDC6E7FBF7E5FDCCE7FBF7E2FDDE
:10470000D2E7FBF7DFFDD7E7FBF7DCFDDCE7FBF7E4
:10471000D9FDE2E7AC040020002001400100000FB9
:1047200030B589B000230393049305930693079350
:10473000026803F1804303F590339A4201D009B037
:1047400030BD0024009403F58C335A6C42F480721F
:104750005A645A6C02F480720092009A01941A6BA7
:1047600042F001021A631A6B02F001020192019AEF
:1047700002941A6B42F004021A631B6B03F00403E9
:104780000293029BDF2303930325049503A90648A4
:1047900000F0E0FE102303930495059403A9034859
:1047A00000F0D8FECBE700BF000002400008024046
:1047B00008B50B480B4B03600B4B43600023836031
:1047C000C3604FF48042026143618361C36103624D
:1047D00001F09EFB00B908BDFBF774FDFBE700BFCD
:1047E0004805002000540040801A060008B50B4818
:1047F0000B4B03600B4B436000238360C3604FF49B
:104800008042026143618361C361036201F080FB06
:1048100000B908BDFBF756FDFBE700BFF40400201C
:10482000005C0040A0860100F0B58BB0002305932A
:1048300006930793089309930368324A934204D07E
:10484000314A934224D00BB0F0BD002500952F4C87
:10485000236B43F002032363236B03F002030093F3
:10486000009BC0230593122306930323089304237C
:10487000099305A9264800F06DFE0195236C43F4C9
:1048800000132364236C03F400130193019BDAE704
:10489000002502951D4C236B43F004032363236B17
:1048A00003F004030293029B0395236B43F001037F
:1048B0002363236B03F001030393039B4FF4007303
:1048C000059312260696032708970423099305A942
:1048D000104800F03FFE4FF480730593069607954D
:1048E00008970423099305A90B4800F033FE0495AB
:1048F000236C43F400032364236C03F40003049348
:10490000049BA0E700540040005C004000380240D7
:1049100000040240000802400000024008B50D48B3
:104920000D4B03604FF48273436000238360C360C8
:10493000036143614FF400728261C36103624362A9
:1049400083620A23C36201F0D7FF00B908BDFBF7F9
:10495000B9FCFBE79C05002000300140F0B589B0B0
:1049600000230393049305930693079302681E4B59
:104970009A4201D009B0F0BD0024009403F58433BD
:104980005A6C42F480525A645A6C02F4805200927B
:10499000009A01941A6B42F001021A631A6B02F03A
:1049A00001020192019A02941A6B42F002021A6308
:1049B0001B6B03F002030293029B20250395022642
:1049C0000496032706970523079303A9074800F0D9
:1049D000C1FD03950496059406970523079303A943
:1049E000034800F0B7FDC5E7003001400000024079
:1049F0000004024010B58CB003AC242200212046F4
:104A000002F054FB0023019302931148114A026003
:104A1000436083604FF6FF72C260036183610123CC
:104A2000039305930993214602F0E8F848B900235F
:104A30000193029301A9064802F0A6F920B90CB02F
:104A400010BDFBF73FFCF2E7FBF73CFCF7E700BFCC
:104A5000F40500200004004000B589B00023039352
:104A600004930593069307930268134B9A4201D06F
:104A700009B000BD0021019103F50D331A6C42F01D
:104A800002021A641A6C02F002020192019A029167
:104A90001A6B42F004021A631B6B03F004030293C7
:104AA000029BC023039302230493079303A90348A3
:104AB00000F050FDDCE700BF0004004000080240A9
:104AC00008B50A480A4B03604FF4E1334360002302
:104AD0008360C36003610C2242618361C36102F0A1
:104AE00019FA00B908BDFBF7EDFBFBE73C06002017
:104AF0000010014000B589B000230393049305938F
:104B000006930793026803F1804303F588339A42C2
:104B100001D009B000BD0021019103F594335A6C16
:104B200042F010025A645A6C02F010020192019A8B
:104B300002911A6B42F001021A631B6B03F001032E
:104B40000293029B4FF4C063039302230493032355
:104B500006930723079303A9014800F0FBFCD8E75D
:104B600000000240FEE7FEE7FEE7FEE7FEE77047D3
:104B70007047704708B500F0B5FE08BD08B50120C4
:104B800000F0E6FD08BD000082B0002100910B4B53
:104B90005A6C42F480425A645A6C02F48042009289
:104BA000009A01911A6C42F080521A641B6C03F057
:104BB00080530193019B02B0704700BF0038024050
:104BC0004A4B5A6822F440325A605A6841680A4394
:104BD0005A600268536823F4807353600268536814
:104BE000016943EA012353600268536823F040736C
:104BF00053600268536881680B435360026893688E
:104C000023F40063936002689368C1680B43936068
:104C1000826A374B9A4257D00268936823F07063D8
:104C2000936002689368816A0B439360026893689B
:104C300023F04053936002689368C16A0B4393600A
:104C40000268936823F00203936002689368017E10
:104C500043EA4103936090F82030002B3FD0026874
:104C6000536843F4006353600268536823F460435D
:104C7000536001684B68426A013A43EA42334B6031
:104C80000268D36A23F47003D3620168CB6AC269F5
:104C9000013A43EA0253CB620268936823F400733B
:104CA00093600268936890F8301043EA4123936060
:104CB0000268936823F48063936002689368416993
:104CC00043EA8123936070470268936823F070631E
:104CD00093600268936823F040539360B0E70268E2
:104CE000536823F400635360CAE700BF0023014008
:104CF0000100000F38B310B50446036C43B1236CB8
:104D000013F0100F0BD00120002384F83C3010BDAD
:104D1000FFF706FD0023636484F83C30EFE7236C63
:104D200023F4885323F0020343F002032364204654
:104D3000FFF746FF00206064236C23F0030343F079
:104D400001032364E0E701207047000010B582B042
:104D50000022019290F83C20012A00F0D7800346FF
:104D6000012280F83C200A68092A4BD9D0F800E0DB
:104D7000DEF80C0092B20A3A02EB42024FF0070C46
:104D80000CFA02F220EA0202CEF80C20D3F800C09E
:104D9000DCF80C000A880A3A02EB42028C6804FA3A
:104DA00002F20243CCF80C204A68062A47D8D3F80E
:104DB00000E0DEF83400013A02EB82024FF01F0CF3
:104DC0000CFA02F220EA0202CEF83420D3F800E016
:104DD000DEF83400B1F800C04A68013A02EB820202
:104DE0000CFA02F20243CEF834201868484A904286
:104DF00065D01868464A90426AD0002083F83C008B
:104E000002B010BDD0F800E0DEF8100092B202EB64
:104E100042024FF0070C0CFA02F220EA0202CEF82E
:104E20001020D3F800C0DCF810000A8802EB420220
:104E30008C6804FA02F20243CCF81020B4E70C2A82
:104E40001ED8D3F800E0DEF83000073A02EB820209
:104E50004FF01F0C0CFA02F220EA0202CEF83020CA
:104E6000D3F800E0DEF83000B1F800C04A68073A35
:104E700002EB82020CFA02F20243CEF83020B4E7D1
:104E8000D3F800E0DEF82C000D3A02EB82024FF07E
:104E90001F0C0CFA02F220EA0202CEF82C20D3F802
:104EA00000E0DEF82C00B1F800C04A680D3A02EBD1
:104EB00082020CFA02F20243CEF82C2095E70A682F
:104EC000122A96D11348426842F48002426090E769
:104ED0000A68103A012A90D80E48426842F400024B
:104EE00042600A68102A88D10B4A12680B49A1FB5C
:104EF0000212920C02EB82025200019202E0019A2D
:104F0000013A0192019A002AF9D176E7022077E767
:104F100000200140002301409000002083DE1B435D
:104F2000002800F0DC8170B582B00446036813F0FD
:104F3000010F3BD0984B9B6803F00C03042B2DD042
:104F4000954B9B6803F00C03082B22D06368B3F5E4
:104F5000803F4ED0B3F5A02F51D08F4B1A6822F46A
:104F600080321A601A6822F480221A606368002B6B
:104F70004FD000F0C3FC0546874B1B6813F4003F7D
:104F800014D100F0BBFC401B6428F5D97BE0012064
:104F90007AE0814B5B6813F4800FD7D07E4B1B689F
:104FA00013F4003F02D06368002BF0D0236813F0A5
:104FB000020F51D0784B9B6813F00C0F3CD0764B0E
:104FC0009B6803F00C03082B31D0E368002B66D0FC
:104FD000724B01221A6000F091FC05466E4B1B6873
:104FE00013F0020F52D100F089FC401B0228F5D9C2
:104FF00049E0694A136843F480331360B6E7664BAF
:105000001A6842F480221A601A6842F480321A60E8
:10501000ACE700F073FC05465F4B1B6813F4003FE0
:10502000C4D000F06BFC401B6428F5D92BE05A4B30
:105030005B6813F4800FC8D1574B1B6813F0020F45
:1050400002D0E368012BA2D1534A136823F0F8037E
:10505000216943EAC1031360236813F0080F41D0AC
:1050600063696BB34D4B0122C3F8802E00F046FC00
:105070000546494B5B6F13F0020F33D100F03EFC45
:10508000401B0228F5D9032002B070BD424A1368C4
:1050900023F0F803216943EAC1031360DCE73F4BC7
:1050A00000221A6000F02AFC05463B4B1B6813F0F7
:1050B000020FD1D000F022FC401B0228F5D9E2E714
:1050C000364B0022C3F8802E00F018FC0546324B08
:1050D0005B6F13F0020F05D000F010FC401B02289C
:1050E000F5D9D0E7236813F0040F76D02A4B1B6C58
:1050F00013F0805F33D100230193274B1A6C42F0E9
:1051000080521A641B6C03F080530193019B0123AE
:105110001E46234B1B6813F4807F23D0A368012B0A
:1051200033D0052B3ED01C4B1A6F22F001021A67B8
:105130001A6F22F004021A67A368002B3CD000F01B
:10514000DDFB0546144B1B6F13F0020F44D100F03A
:10515000D5FB401B41F288339842F3D993E70023F3
:105160001E46D6E70E4A136843F48073136000F0BE
:10517000C5FB05460A4B1B6813F4807FCED100F0B7
:10518000BDFB401B0228F5D97DE7034A136F43F0AE
:1051900001031367D0E700BF003802400000474218
:1051A000007000404F4B1A6F42F004021A671A6FEA
:1051B00042F001021A67BFE700F0A0FB0546494B29
:1051C0001B6F13F0020F07D000F098FB401B41F259
:1051D00088339842F3D956E7DEB9A369002B50D043
:1051E000404A926802F00C02082A4CD0022B16D0DA
:1051F0003D4B00221A6600F081FB0446394B1B68C8
:1052000013F0007F3DD000F079FB001B0228F5D998
:1052100039E7344A136C23F080531364DDE7324BD3
:1052200000221A6600F06AFB05462E4B1B6813F03D
:10523000007F05D000F062FB401B0228F5D922E771
:10524000E369226A1343626A43EA8213A26A52083C
:10525000013A43EA0243E26A43EA0263214A5360A5
:10526000214B01221A6600F049FB04461D4B1B68C6
:1052700013F0007F05D100F041FB001B0228F5D997
:1052800001E7002000E7012B3FF481AE154B5B687E
:1052900003F48001E26991427FF479AE03F03F02AA
:1052A000216A8A427FF473AE616A47F6C0721A407F
:1052B000B2EB811F7FF46BAE03F44031A26A520857
:1052C000013AB1EB024F7FF462AE03F07063E26A21
:1052D000B3EB026F01D10020D6E60120D4E6012015
:1052E000704700BF003802400000474208B5314B0C
:1052F0009B6803F00C03082B01D02F4808BD2D4BF1
:105300005A6802F03F025B6813F4800F2CD0294BDF
:105310005868C0F388104FEA401CBCEB000C6EEBE1
:105320000E0E4FEA8E1343EA9C634FEA8C11B1EBE9
:105330000C0163EB0E03DB0043EA5173C90011EB70
:10534000000C43F10003990200234FEA8C2041EA4C
:105350009C51FAF77DFF174B5B68C3F301430133A0
:105360005B00B0FBF3F0C9E7124B5868C0F388103C
:105370004FEA401CBCEB000C6EEB0E0E4FEA8E1396
:1053800043EA9C634FEA8C11B1EB0C0163EB0E0313
:10539000DB0043EA5173C90011EB000C43F1000339
:1053A000990200234FEA8C2041EA9C51FAF750FF02
:1053B000D1E700BF003802400024F400002800F0CC
:1053C000978070B50D4604464A4B1B6803F00703EF
:1053D0008B4206D2474B19701B6803F007038B42C0
:1053E00049D1236813F0020F17D013F0040F04D033
:1053F000414A936843F4E0539360236813F0080F25
:1054000004D03D4A936843F4604393603A4A9368FA
:1054100023F0F003A1680B439360236813F0010F9E
:1054200031D06368012B21D09A1E012A25D9324A36
:10543000126812F0020F1ED02F498A6822F0030270
:1054400013438B6000F05AFA06462B4B9B6803F01F
:105450000C036268B3EB820F15D000F04FFA801B8B
:1054600041F288339842F0D9032005E0224A1268BD
:1054700012F4003FE0D1012070BD1F4A126812F003
:10548000007FD9D1F7E71B4B1B6803F00703AB4242
:1054900006D9184B1D701B6803F00703AB42EAD115
:1054A000236813F0040F06D0134A936823F4E053E3
:1054B000E1680B439360236813F0080F07D00E4A8E
:1054C000936823F46043216943EAC1039360FFF7C3
:1054D0000DFF094B9B68C3F30313084AD35CD84004
:1054E000074B1860074B186800F0BEF90020C3E7AF
:1054F00001207047003C0240003802405457010828
:10550000900000208C000020014B1868704700BFFD
:105510009000002008B5FFF7F7FF044B9B68C3F32A
:105520008223034AD35CD84008BD00BF0038024044
:105530004C57010808B5FFF7E7FF044B9B68C3F31E
:105540004233034AD35CD84008BD00BF0038024054
:105550004C57010870B582B08E46002369E085681B
:105560004FEA430C032101FA0CF125EA0105DEF8AC
:105570000C1001FA0CF129438160416821EA020113
:10558000DEF80420C2F300129A400A43426064E04D
:10559000D908083150F8212003F00705AD004FF07D
:1055A0000F0C0CFA05FC22EA0C0CDEF81020AA40C5
:1055B00042EA0C0240F8212066E0042200E00022CA
:1055C00002FA0CF22A430231564D45F82120564A80
:1055D0009168E24321EA0405DEF8046016F4801FB6
:1055E00001D044EA010550498D60C96802EA01050D
:1055F000DEF8046016F4001F01D044EA01054A49B0
:10560000CD60496802EA0105DEF8046016F4003F47
:1056100001D044EA010544494D6009680A40DEF8BA
:10562000045015F4803F01D044EA01023E490A606B
:1056300001330F2B74D801229A40DEF8001001EAE2
:10564000020432EA0101F3D1DEF8041001F0030C88
:105650000CF1FF3CBCF1010F81D9DEF8042002F00F
:105660000302032A0AD0C1685D000322AA4021EA8E
:105670000201DEF80820AA400A43C260DEF80420D6
:1056800002F00302022A83D001684FEA430C03228E
:1056900002FA0CF221EA0201DEF8042002F0030211
:1056A00002FA0CF20A430260DEF8042012F4403FD2
:1056B000BED0002201921D4A516C41F480415164D8
:1056C000526C02F480420192019A99088D1C154A8D
:1056D00052F8255003F0030C4FEA8C0C0F2202FA0B
:1056E0000CF225EA0205124A90423FF468AF02F537
:1056F000806290420ED002F5806290420CD002F59A
:10570000806290420AD002F5806290423FF455AF29
:10571000072255E7012253E7022251E703224FE710
:1057200002B070BD00380140003C0140003802402A
:10573000000002400369194201D001207047002097
:1057400070470AB1816170470904816170470000A8
:1057500008B5054B5B69034200D108BD024B586197
:10576000FBF776F9F9E700BF003C0140002807DBB2
:1057700000F01F02400901239340024A42F8203002
:10578000704700BF00E100E0002807DB090100F1DD
:10579000604000F5614080F80013704700F00F0092
:1057A0000901014B1954704714ED00E000B500F0F9
:1057B0000700A0F1030CBCF1040F07D8C0F1070EDD
:1057C0000430062806D84FF0000C03E04FF0040E1A
:1057D0004FF0000C4FF0FF3303FA0EF021EA000106
:1057E00001FA0CF103FA0CF322EA030241EA020087
:1057F00000BD0000074AD36823F4E0631B041B0CC0
:10580000000200F4E060034343F0BF6343F400335D
:10581000D360704700ED00E010B50446054BD86832
:10582000C0F30220FFF7C2FF01462046FFF7ACFF9E
:1058300010BD00BF00ED00E008B5FFF797FF08BD01
:105840000138B0F1807F0BD24FF0E0235861054A58
:10585000F02182F823100020986107221A61704716
:105860000120704700ED00E010B504460D4B1868AC
:105870000D4B1A784FF47A73B3FBF2F3B0FBF3F0ED
:10588000FFF7DEFF08B90F2C01D9012010BD024639
:1058900021464FF0FF30FFF7BFFF044B1C60002094
:1058A000F4E700BF90000020890000208C00002059
:1058B00008B50B4B1A6842F400721A601A6842F479
:1058C00080621A601A6842F480721A600320FFF73F
:1058D00091FF0F20FFF7C8FFFFF756F9002008BD22
:1058E000003C0240034A1168034B1B780B441360D1
:1058F000704700BF8406002089000020014B186813
:10590000704700BF8406002038B50446FFF7F6FF55
:105910000546B4F1FF3F02D0044B1B781C44FFF74F
:10592000EDFF401BA042FAD338BD00BF8900002024
:1059300003685A6912F4806F01D1002070476FF438
:1059400080625A6100230363202280F83D2080F8A2
:105950003E30026C42F00402026480F83C300120C8
:1059600070472DE9F04106460C46174698463BE045
:10597000FFF7C4FF069BC01A404502D8B8F1000FDC
:1059800032D1012D18D033689B6924EA03039BB2FE
:10599000B3FA83F35B099F4226D1002333632022AD
:1059A00086F83D2086F83E30326C42F020023264A8
:1059B00086F83C30012027E033685B6924EA030362
:1059C0009BB2B3FA83F35B09E5E733685B6924EACA
:1059D000030C1FFA8CFCBCFA8CFC4FEA5C1C67457C
:1059E00011D1B8F1FF3FC3D1C4F30745012DECD06D
:1059F00033689B6924EA030C1FFA8CFCBCFA8CFC0C
:105A00004FEA5C1CEBE70020BDE8F0812DE9F04196
:105A100004460D461746984651E01A6842F4007253
:105A20001A6023686FF480625A6100232363202286
:105A300084F83D2084F83E30226C42F00402226457
:105A400084F83C30012048E0FFF758FF4346C01A75
:105A5000B84201D8002F32D1012E16D023689B699D
:105A600025EA03039BB2003B18BF01233BB300238D
:105A70002363202284F83D2084F83E30226C42F0DB
:105A80002002226484F83C30DCE723685B6925EA65
:105A900003039BB2003B18BF0123E7E723689B6920
:105AA00025EA03039BB2003B18BF0123A3B123687F
:105AB0005A6912F4806FB0D1B7F1FF3FC4D1C5F37A
:105AC0000746012EEAD123685B6925EA03039BB2EE
:105AD000003B18BF0123E9E71846BDE8F08100004C
:105AE000F0B583B004460E4617461D46C36A082B20
:105AF0000DD0012B0BD013F5803F08D0036B122B78
:105B00000AD10268136843F48073136004E02268CA
:105B1000136843F48073136000953B4600224FF0F6
:105B200001112046FFF71DFF80B92369B3F5804FAF
:105B300016D1236806F0FE021A612B463A46134935
:105B40002046FFF763FFF8B903B0F0BD23681B6878
:105B500013F4807F02D04FF4007323640320F3E733
:105B6000F311226803F0060343F0F00313612B46A0
:105B70003A4607492046FFF749FF18B92268F3B2B1
:105B80001361DAE70120DFE70120DDE70200010011
:105B9000080001002DE9F04184B004460F46164686
:105BA0001D46C26A01680B6843F480630B60082AD3
:105BB0000DD0012A0BD012F5803F08D0036B112BBA
:105BC0000AD10268136843F48073136004E022680A
:105BD000136843F4807313600095334600224FF03E
:105BE00001112046FFF7BDFE98B92369B3F5804F38
:105BF00019D1226847F00103DBB213612B4632460C
:105C000029492046FFF702FF00284BD104B0BDE828
:105C1000F08123681B6813F4807F02D04FF4007377
:105C200023640320F2E7FB1103F006031A469846AB
:105C3000236842F0F0021A612B4632461B49204687
:105C4000FFF7E4FE08B10120E0E72268FBB2136130
:105C50002B46324614492046FFF7D8FE0028F2D1E1
:105C60000246039023685969039199690391039946
:105C7000196841F480711960009533464FF00111A5
:105C80002046FFF76EFE20B9226848F0F103136149
:105C9000B4E723681B6813F4807FC2D04FF400730D
:105CA0002364BEE70120B1E7020001000800010003
:105CB00070B504460D46164623685B6913F0800FE5
:105CC00021D12046FFF734FED8B9B5F1FF3FF3D01C
:105CD000FFF714FE801BA84201D8002DECD12368E9
:105CE0005B6913F0800FE7D100232363202284F83F
:105CF0003D2084F83E30226C42F02002226484F879
:105D00003C30012000E0002070BD0000F0B585B0FF
:105D100004460D4616461F460268136843F4806326
:105D200013600268136843F4807313600B9B009345
:105D30000A9B00224FF00111FFF713FE68B9236898
:105D400005F0FE021A610B9B0A9A3C492046FFF7B8
:105D50005DFE60B1012005B0F0BD23681B6813F43F
:105D6000807F02D04FF4007323640320F3E7039095
:105D700023685A6903929B690393039B0B9A0A99C0
:105D80002046FFF795FF98B9012F1AD12368F2B288
:105D90001A610B9A0A992046FFF78AFF38B3236CE1
:105DA000042BD7D12268136843F400731360D1E742
:105DB000236C042BCED12268136843F40073136064
:105DC000C8E7330A226813610B9A0A992046FFF745
:105DD0006FFF18B92268F3B21361DAE7236C042B62
:105DE000B8D12268136843F400731360B2E72268E5
:105DF000136843F4807313600B9B00930A9B024665
:105E00004FF001112046FFF7ACFD70B9226845F054
:105E10000103DBB213610B9B0A9A08492046FFF786
:105E2000F5FD002897D0012095E723681B6813F43F
:105E3000807F9AD04FF40073236496E7020001003C
:105E400070B504460D46164623685B6913F0040FCF
:105E500021D12046FFF76CFDD8B9B5F1FF3FF3D053
:105E6000FFF74CFD801BA84201D8002DECD1236820
:105E70005B6913F0040FE7D100232363202284F829
:105E80003D2084F83E30226C42F02002226484F8E7
:105E90003C30012000E0002070BD70B504460D4686
:105EA000164614E06FF010025A610023236320228B
:105EB00084F83D2084F83E30226C226484F83C3023
:105EC000012070BD23685B6913F0400F10D0236878
:105ED000586910F0400F19D1586910F0100FE1D136
:105EE000FFF70CFD801BA842ECD8002DEFD1E9E7AD
:105EF00000232363202284F83D2084F83E30226C66
:105F000042F02002226484F83C30D9E70020D8E730
:105F1000002800F0DA8038B5044690F83D30002BB8
:105F200051D0242384F83D302268136823F0010304
:105F300013602268136843F40043136022681368F7
:105F400023F400431360FFF7E5FA6268604B9A425E
:105F50003ED8604B98428CBF002301238BBB5E4927
:105F6000A1FB00318B0CD4F800C0DCF8042022F037
:105F70003F0242EA9142CCF8042021680A6A22F0EA
:105F80003F02DFF84CC16568654527D801331343EC
:105F90000B622168CA6922F44F4222F0FF02D4F852
:105FA00004C04B4B9C4524D8431E4FEA4C0CB3FB1A
:105FB000FCF3013340F6FC70034256D0C3F30B03ED
:105FC00054E001207EE080F83C30FEF72DFCA8E78D
:105FD000424B98428CBF00230123BFE74FF4967CCD
:105FE0000CFB03F3DFF8F8C0ACFB03C39B090133E0
:105FF000CDE7D4F808E0BEF1000F1AD1431E0CEB38
:106000004C05B3FBF5F30133C3F30B03B3FA83F38E
:106010005B09002B57D1BEF1000F19D1431E0CEBC9
:106020004C0CB3FBFCF30133C3F30B0343F4004309
:106030001CE00CEB8C0303EB83031D46431EB3FBF8
:10604000F5F30133C3F30B03B3FA83F35B09E0E722
:10605000431E0CEB8C0C0CEB8C0CB3FBFCF30133F0
:10606000C3F30B0343F4404300E004231A43CA6123
:1060700021680B6823F0C003E269206A02431343DE
:106080000B6021688B6823F4034323F0FF0322692C
:10609000E068024313438B602168CB6823F0FF0361
:1060A0006269A06902431343CB602268136843F01E
:1060B0000103136000202064202384F83D30206316
:1060C00084F83E0038BD0123D0E70120704700BFAF
:1060D000A08601007F841E0083DE1B43FF083D0075
:1060E000D34D62102DE9F04385B004460F4690462B
:1060F00099460C9EFFF702FC94F83D10202905D02C
:1061000002231F46384605B0BDE8F08305460090DF
:106110001923012247492046FFF723FC0028EFD12D
:1061200094F83C30012BEBD0012384F83C302368F9
:106130001A6812F0010F03D11A6842F001021A60C6
:106140002268136823F400631360212384F83D3030
:10615000102384F83E3000232364C4F82480A4F87C
:106160002A90638D2385344BE3622B4632463946B1
:106170002046FFF7B5FC074650B9039023685A69DB
:1061800003929B690393039B12E0236C042B02D0C0
:1061900001231F46B6E72268136843F400731360B7
:1061A000F6E72A4631462046FFF74AFE00282AD164
:1061B000238D002B30D02A4631462046FFF778FD4C
:1061C0000028E2D1626A236812781A61626A531C5D
:1061D0006362638D013B6385218D013989B221851D
:1061E0002368586910F0040FDBD00029D9D0527809
:1061F0001A61636A01336362638D013B6385238D9A
:10620000013B2385CDE7236C042BC1D122681368A1
:1062100043F400731360BBE72268136843F4007310
:106220001360202384F83D30002384F83E3084F846
:106230003C3067E7020010000000FFFF2DE9F0434B
:1062400087B004460F46904699460E9EFFF756FBD0
:1062500094F83D10202905D002231F46384607B088
:10626000BDE8F08305460090192301229849204695
:10627000FFF777FB0028EFD194F83C30012BEBD0EF
:10628000012384F83C3023681A6812F0010F03D10F
:106290001A6842F001021A602268136823F400634E
:1062A0001360222384F83D30102384F83E3000230D
:1062B0002364C4F82480A4F82A90638D2385854B39
:1062C000E3622B46324639462046FFF763FC074619
:1062D00068B9238D73B9029323685A6902929A6947
:1062E0000292029A1A6842F400721A6075E0012361
:1062F0001F46B3E7012B0FD0022B1FD02268136873
:1063000043F4806313600023059323685A69059260
:106310009B690593059B60E02268136823F4806302
:1063200013600023039323685A6903929A690392C6
:10633000039A1A6842F400721A604EE022681368E9
:1063400023F4806313602268136843F400631360CE
:106350000023049323685A6904929B690493049B65
:106360003BE02A4631462046FFF797FD0028BED184
:1063700023681A69636A1A70636A01336362238D42
:10638000013B2385638D013B638526E00095334601
:10639000002251492046FFF7E4FA0028A7D12268DD
:1063A000136843F40073136023681A69636A1A70F0
:1063B000626A531C6362238D013B2385638D013B1D
:1063C000638523681B695370636A01336362238D9D
:1063D000013B2385638D013B6385218D002900F0FE
:1063E0008280032948D80129BBD00229CED000954C
:1063F0003346002238492046FFF7B3FA00287FF4DD
:1064000076AF2268136823F48063136023681A69E7
:10641000636A1A70636A01336362238D013B2385CB
:10642000638D013B63850095334602462A49204629
:10643000FFF797FA00287FF45AAF2268136843F4F5
:106440000073136023681A69636A1A70626A531CC6
:106450006362238D013B2385638D013B6385236844
:106460001B695370636A01336362238D013B23858B
:10647000638D013B6385B0E72A4631462046FFF72E
:106480000CFD00287FF433AF23681A69636A1A7021
:10649000636A01336362238D013B9BB22385628D66
:1064A000013A62852268516911F0040F95D0032BDF
:1064B00014D023681A69636A1A70636A01336362CD
:1064C000238D013B2385638D013B638585E700BFF9
:1064D000020010000000FFFF04000100136823F415
:1064E00080631360E5E7202384F83D3084F83E1094
:1064F00084F83C10B2E600BF2DE9F04387B00446B3
:106500000F4690469946109EFFF7F8F994F83D2003
:10651000202A05D002231F46384607B0BDE8F08385
:10652000054600901923012297492046FFF719FAE2
:106530000028EFD194F83C30012BEBD0012384F8F4
:106540003C3023681A6812F0010F03D11A6842F038
:1065500001021A602268136823F400631360222387
:1065600084F83D30402384F83E30002323640E9BA2
:106570006362BDF83C306385638D2385834BE362A2
:10658000019500964B46424639462046FFF7BEFB32
:10659000074668B9238D73B9029323685A6902923A
:1065A0009A690292029A1A6842F400721A6070E0C4
:1065B00001231F46B0E7012B0AD0022B1AD000237B
:1065C000059323685A6905929B690593059B60E0D2
:1065D0002268136823F48063136000230393236805
:1065E0005A6903929A690392039A1A6842F40072F4
:1065F0001A604EE02268136823F4806313602268F7
:10660000136843F4006313600023049323685A69FA
:1066100004929B690493049B3BE02A463146204642
:10662000FFF73BFC0028C3D123681A69636A1A701C
:10663000636A01336362238D013B2385638D013BD4
:10664000638526E000953346002251492046FFF736
:1066500088F90028ACD12268136843F400731360F2
:1066600023681A69636A1A70626A531C6362238D15
:10667000013B2385638D013B638523681B69537050
:10668000636A01336362238D013B2385638D013B84
:106690006385238D002B00F08280032B48D8012BCB
:1066A000BBD0022BCED0009533460022384920467D
:1066B000FFF757F900287FF47BAF2268136823F4B3
:1066C0008063136023681A69636A1A70636A01330E
:1066D0006362238D013B2385638D013B63850095B8
:1066E000334602462A492046FFF73BF900287FF44B
:1066F0005FAF2268136843F40073136023681A695C
:10670000636A1A70626A531C6362238D013B23859E
:10671000638D013B638523681B695370636A013392
:106720006362238D013B2385638D013B6385B0E765
:106730002A4631462046FFF7B0FB00287FF438AFE9
:1067400023681A69636A1A70636A01336362238D6E
:10675000013B9BB22385628D013A628522685169B3
:1067600011F0040F95D0032B14D023681A69636AC3
:106770001A70636A01336362238D013B2385638D45
:10678000013B638585E700BF020010000000FFFFAA
:1067900004000100136823F480631360E5E72023FD
:1067A00084F83D30002384F83E3084F83C30B3E672
:1067B0002DE9F04383B004460F4616461D46FFF709
:1067C0009DF80A9B1B1A03EB0508FFF797F8814613
:1067D000284B1B68C3F3CB3308FB03F301932368F7
:1067E0009B6837EA03030CBF01230023B3423DD06B
:1067F000B5F1FF3FF3D0FFF781F84B46C01A404593
:1068000003D2019B73BB9846E9E72268536823F0E3
:10681000E00353606368B3F5827F0BD0A36AB3F5DE
:10682000005F14D0012384F85130002384F85030E5
:1068300003201CE0A368B3F5004F02D0B3F5806FCE
:10684000ECD12268136823F040031360E6E7226866
:10685000136823F4005313602268136843F4005351
:106860001360DFE7019B013B0193B8E7002003B011
:10687000BDE8F0839000002070B584B004460B465C
:106880000D461646009201220221FFF791FFD0B972
:10689000174B1B68174AA2FB03235B0D4FF47A7258
:1068A00002FB03F303936368B3F5827F11D0039B6C
:1068B0003BB1039B013B039323689B6813F0800F5C
:1068C000F5D104B070BD636D43F020036365032010
:1068D000F7E700962B46002280212046FFF768FF4D
:1068E0000028EED0636D43F020036365EFE700BF3F
:1068F00090000020819F5E1600285AD010B50446F3
:10690000436A33B94368B3F5827F05D00023C3617E
:1069100002E00023036143610023A36294F8513035
:10692000002B40D0022384F851302268136823F0F2
:1069300040031360636803F48273A26802F40442A4
:106940001343E26802F400621343226902F0020278
:106950001343626902F001021343A26902F4007258
:106960001343E26902F038021343226A02F0800204
:106970001343A26A02F40052216813430B60638B35
:1069800003F00403626A02F01002216813434B60B3
:106990002268D36923F40063D3610020606501237A
:1069A00084F8513010BD84F850302046FDF7D6FFF2
:1069B000B8E7012070472DE9F04383B004468946CB
:1069C00090461D46FEF79AFF94F85170012F3ED174
:1069D0000646494600293BD04246002A38D094F862
:1069E0005030012B33D0012384F85030032384F836
:1069F000513000236365C4F83090A4F83480A4F8C3
:106A00003680A363A387E38763642364A368B3F535
:106A1000004F21D023681A6812F0400F03D11A6882
:106A200042F040021A60E368B3F5006F1FD063685C
:106A300013B14346012B58D1226B236812781A7385
:106A4000236B01332363E38E013BE3864DE0022792
:106A5000384603B0BDE8F0832268136823F0400392
:106A600013602268136843F480431360D2E76368BD
:106A700013B14346012B13D1226B23681288DA60CD
:106A8000236B02332363E38E013BE38608E0FEF7CA
:106A900035FF801BA84202D3B5F1FF3F12D18DB163
:106AA000E38E002B3AD023689A6812F0020FEED0E2
:106AB000226B1288DA60236B02332363E38E013B7F
:106AC000E386EDE7012384F85130002384F8503049
:106AD00022E0226B12781A73216B01312163B4F822
:106AE00036C00CF1FF3CA4F836C0E38EB3B1236886
:106AF0009A6812F0020FECD1FEF700FF801BA8424B
:106B000002D3B5F1FF3F01D1002DEED1012384F86E
:106B10005130002384F85030032799E73246294644
:106B20002046FFF7A9FE08B120236365A36833B9A7
:106B300001932368DA6801929B680193019B01230A
:106B400084F85130002384F85030636D002B7FF4BB
:106B50007FAF1F467CE700000368274A90420ED0B3
:106B6000B0F1804F0BD0A2F57C42904207D002F5E5
:106B70008062904203D002F58062904203D123F0FC
:106B800070034A6813431C4A90421AD0B0F1804FF8
:106B900017D0A2F57C42904213D002F58062904259
:106BA0000FD002F5806290420BD002F59A329042EB
:106BB00007D002F58062904203D002F580629042D5
:106BC00003D123F44073CA68134323F080034A6956
:106BD00013438A68C2620A688262074A904207D0F9
:106BE000026842F0040202600122426103607047C1
:106BF0000A690263F4E700BF00000140002855D095
:106C000070B50D46044690F83D30002B49D0022364
:106C100084F83D302268936823F4804323F007030F
:106C20009360214651F8040BFFF796FF21688B68AB
:106C30008A69D1F820C02868184322F4407222F0F3
:106C40000302AB68AE6943EA0623134323F47C4393
:106C500023F0FC03EA68EE6942EA06221A432B6A33
:106C60001B032E6943EA061313432CF0AA0C6A682F
:106C70006D6942EA051242EA0C02886021688B6164
:106C800023681A62012384F8463084F83E3084F881
:106C90003F3084F8423084F8433084F83D3000209F
:106CA00070BD80F83C30FDF7D7FEB0E7012070479B
:106CB00001F01F014FF0010C0CFA01FC036A23EAFA
:106CC0000C030362036A8A4013430362704710B5E2
:106CD000044690F83E0094F83F2094F842C094F89F
:106CE00043E00B46C9B9012801D0012010BDBCF119
:106CF000010FFBD1022284F83E2084F842207BB3AE
:106D0000042B39D0012200212068FFF7D1FF012296
:106D100004212068FFF7CCFF27E0042913D00128C5
:106D2000E3D1012AE2D1BCF1010F11D1BEF1010F73
:106D300028D1022284F83E2084F83F2084F84220A3
:106D400084F84320DBE7012ACFD1BEF1010F01D047
:106D50001046CBE7022284F83F2084F84320CEE798
:106D6000012219462068FFF7A3FF2268136843F049
:106D7000010313600020B9E7012204212068FFF716
:106D800097FFF2E76046B1E790F83C20012A35D042
:106D900000B50346012280F83C20022280F83D2005
:106DA00002685068D2F808E020F0700C086840EAE9
:106DB0000C0050601A681248824212D0B2F1804F23
:106DC0000FD0A0F57C4082420BD000F5806082425B
:106DD00007D000F58060824203D000F59A308242ED
:106DE00005D12EF0800E496841EA0E019160012222
:106DF00083F83D20002083F83C0000BD022070474E
:106E00000000014010B504460268136923F44053A2
:106E1000C1680B431361836802691A4343691A43CB
:106E2000C3691A430168CB6823F4164323F00C03AB
:106E30001343CB600268536923F4407381690B43A9
:106E400053610368314A934206D002F5806293424F
:106E500002D0FEF75FFB01E0FEF76CFBE369B3F5E0
:106E6000004F29D00021031849411B1841F10001AE
:106E7000C90041EA5371DB00181863684FEA8302C6
:106E80004FEA937341F10001F9F7E2F9204AA2FBBE
:106E900000314909642303FB11031B013233A2FBB8
:106EA00003235B0903F0F00202EB011203F00F036E
:106EB000216813448B6010BD0023021843EB0301CB
:106EC000121841F10001C90041EA5271D2001018B4
:106ED00041F10001626892185B41F9F7B9F90C4A77
:106EE000A2FB00314909642303FB1103DB003233A9
:106EF000A2FB03235B095A0002F4F87202EB0112B1
:106F000003F00703216813448B60D4E700100140AD
:106F10001F85EB5160B310B5044690F8413013B3B0
:106F2000242384F841302268D36823F40053D360CB
:106F30002046FFF767FF2268136923F4904313612B
:106F40002268536923F02A0353612268D36843F40B
:106F50000053D36000206064202384F8413084F81B
:106F60004230606310BD80F84030FDF7C3FDD7E7C5
:106F700001207047034AD2F8883043F47003C2F806
:106F80008830704700ED00E008B503460D4A0E4911
:106F90000E48006840B10D4800680344521A9342FD
:106FA00008D80A4A136008BD0848DFF824C0C0F8B2
:106FB00000C0F0E700F082F80C2303604FF0FF30D0
:106FC000F1E700BF00000120000400008806002057
:106FD000D8070020DFF834D0FFF7CCFF0C480D496C
:106FE0000D4A002302E0D458C4500433C4188C4224
:106FF000F9D30A4A0A4C002301E013600432A2428A
:10700000FBD300F061F8F9F7B1F9704700000120F7
:1070100000000020E4000020A8570108E400002040
:10702000D4070020FEE700000CB430B5154B0C1E51
:107030001D689DB008DA8B232B604FF0FF301DB028
:10704000BDE8304002B070474FF000031B9318BFFB
:107050000123E31A049307930B4B029006900593C8
:10706000209A21AB02A92846019300F0BFF9431CE6
:10707000BCBF8B232B60002CE1D0029B00221A7036
:10708000DDE700BF940000200802FFFF10B50139C2
:107090000244904201D1002005E0037811F8014F2D
:1070A000A34201D0181B10BD0130F2E70244034691
:1070B000934200D1704703F8011BF9E7014B1868B0
:1070C000704700BF9400002070B50D4B0D4C00269A
:1070D0001D1BB6EBA50F09D100F0D4FD0A4C0B4BDC
:1070E00000261D1BB6EBA50F05D170BD54F8043B5F
:1070F00098470136EDE754F8043B98470136F1E72D
:10710000A0570108A0570108A0570108A45701087B
:10711000704770470A44914200F1FF3300D1704735
:1071200010B511F8014B03F8014F9142F9D110BD90
:1071300037B5002944D051F8043C0190002BA1F14F
:107140000404B8BFE41800F0E1F81E4A019813687F
:1071500033B96360146003B0BDE8304000F0DCB8C0
:10716000A34208D9256861198B4201BF19685B6881
:1071700049192160EDE71A465B680BB1A342FAD9C1
:1071800011685518A5420BD1246821445418A34214
:107190001160E0D11C685B6853600C441460DAE74E
:1071A00002D90C230360D6E7256861198B4204BF1E
:1071B00019685B68636004BF491921605460CAE7BD
:1071C00003B030BDD007002070B50F4C0E462168CB
:1071D000054611B900F0B4FB20603146284600F0A6
:1071E000AFFB431C0ED0C41C24F00304A04207D004
:1071F000211A284600F0A4FB013008BF4FF0FF34ED
:10720000204670BD0446FBE7CC0700202DE9F8437B
:10721000CD1C25F0030508350C2D38BF0C25002D9D
:10722000064601DBA94205D90C2333600027384606
:10723000BDE8F883DFF8D08000F068F8D8F80030B7
:107240001C4644BB29463046FFF7BEFF431C04469C
:1072500058D1D8F800402746002F43D1002C4BD0FE
:1072600023683946304604EB030900F069FB814589
:1072700042D121686D1A29463046FFF7A5FF01303B
:107280003AD023682B442360D8F800305A6862BB98
:10729000C8F800700FE02268521B20D40B2A17D9BF
:1072A0006119A342256018BF5960636808BFC8F818
:1072B000001062514B60304604F10B0700F02CF8CF
:1072C00027F00707231DFA1A1CBFDB1BA350AEE7EC
:1072D0006268A3420CBFC8F800205A60EBE723465F
:1072E0006468AEE73C467F68B6E71A465B68A3422F
:1072F000FBD100235360DEE70C233360304600F0FF
:107300000BF894E70560D6E7D00700200148FFF7A7
:10731000FFBE00BFC80700200148FFF7FABE00BF4C
:10732000C80700202DE9F047D1F808A09A45074684
:107330000C4690461D4656D8B1F90C3013F4906FA8
:107340004FD062690969266802EB4202761A02EBA5
:10735000D27205F1010C5210B444944594BF914689
:10736000E146944588BF62465B0528D51146FFF784
:107370004DFF824660B321693246FFF7CBFEA389F9
:1073800023F4906343F08003A3810AEB0603A9EB87
:107390000606C4F810A02360C4F81490AA46A6609C
:1073A00020682A46414600F0B1FAA368A3EB0A031D
:1073B000A36023682B4423600020BDE8F08700F021
:1073C000CFFA82460028E0D121693846FFF7B0FEA7
:1073D0000C233B60A38943F04003A3814FF0FF30AF
:1073E000EBE75546DCE79A46DAE700002DE9F0477F
:1073F0001F468B891B069CB006460D46144610D5C9
:107400000B6973B94021FFF701FF2860286130B98B
:107410000C2333604FF0FF301CB0BDE8F0874023F1
:107420006B610023099320238DF8293003973023C3
:10743000664F8DF82A304FF0010823461A78994696
:107440001AB1252A03F10103F8D1B9EB040A0BD0D4
:107450005346224629463046FFF764FF013000F0CC
:10746000A580099A5244099299F80030002B00F047
:107470009D8000224FF0FF33CDE9053209F101096B
:10748000049207928DF853201A924C46052214F864
:10749000011B4E48F8F78CFE049AD0B9D00644BFC1
:1074A00020238DF85330110744BF2B238DF8533020
:1074B00099F800302A2B13D007994B4600204FF043
:1074C0000A0C1A78303A092A1C464DD9A8B10791FE
:1074D00013E0C01B08FA00F010430490A146D4E763
:1074E000039B191D1B680391002BBBBF5B4242F03D
:1074F000020207930793B8BF049223782E2B0DD175
:1075000063782A2B35D1039B1A1D1B680392002B2D
:1075100004F10204B8BF4FF0FF330593DFF8BC90CD
:10752000217803224846F8F743FE38B1049BA0EBCC
:1075300009004022824013430134049321782448F7
:107540008DF828100622F8F733FE002834D02148A1
:1075500010BB039B073323F0070308330393099BF6
:1075600003440134099368E701330CFB0121012036
:10757000A7E70022601C13464FF00A0C017830394F
:107580000929044603D9002A08BF1346C5E701307C
:107590000CFB03130122F1E703AB00932A460E4BC9
:1075A00004A93046AFF30080421CD8D1AB895B06FA
:1075B0003FF530AF09982FE703AB00932A46064BFF
:1075C00004A9304600F076F8EEE700BF64570108E2
:1075D0006E57010800000000257300086A57010873
:1075E0002DE9F047164699468A680B69089F934231
:1075F000B8BF1346336091F8432080460C460AB169
:107600000133336023689D0642BF33680233336021
:10761000256815F0060506D104F1190AE3683268F9
:107620009B1AAB4228DC94F843302268003B18BF19
:107630000123900629D404F1430249464046B84745
:10764000421C17D02368A168226903F00603042BAB
:1076500001BFE5683368ED1A25EAE57518BF002516
:107660008B1A2B449142C8BF1D4600261A34B542DE
:1076700017D10020BDE8F087494601235246404615
:10768000B847411CF6D00135C8E7E1185A1C302034
:1076900081F84300224494F8451082F843100233E5
:1076A000C9E70123224649464046B847431CE1D07A
:1076B0000136DCE72DE9F04316460A7E85B0782ACC
:1076C0001F4605460C9B0C4609D8622A01F1430C63
:1076D0000AD8002A00F0EA80582A00F0B88004F1A5
:1076E000420884F842203BE0A2F163011529F6D854
:1076F00001A050F821F000BF51770008657700081D
:10770000DF760008DF760008DF760008DF76000805
:1077100065770008DF760008DF760008DF7600086E
:10772000DF7600088D7800088F7700084178000820
:10773000DF760008DF760008B5780008DF760008FD
:107740008F770008DF760008DF7600084B780008A6
:107750001A68111D1960136884F8423004F1420858
:107760000123B6E01A682068111D1960030601D5CF
:10777000136803E04106FBD5B2F90030002B03DAB1
:107780002D225B4284F843205E490A2212E01A68E7
:107790002068111D1960030601D5136802E0410637
:1077A000FBD51388227E57496F2A6DD1082200200D
:1077B00084F84300D4F804E0C4F808E0BEF1000FF8
:1077C000E04606DB206853EA0E0E20F0040020603D
:1077D0000AD0B3FBF2F002FB103E9A4211F80EE021
:1077E00008F801ED0346F4D9082A0BD12368DA071B
:1077F00008D5236962689A42DEBF302308F8013C4D
:1078000008F1FF38ACEB080323613346009703AA65
:1078100021462846FFF7E4FE431C0ED0314623697B
:1078200042462846B847411C07D023689A0765D4CA
:10783000E068039B9842B8BF184605B0BDE8F083E6
:10784000226842F02002226078222F4900E02D4970
:1078500084F845201868226800F1040EC3F800E09F
:10786000130601D5036802E05306FBD50388D00751
:1078700044BF42F0200222600BB1102297E7226839
:1078800022F020022260F8E70A2290E71A68D4F872
:1078900000E06169101D18601EF0800F136801D0B0
:1078A000196003E01EF0400FFAD019800023236115
:1078B000E046AAE71A68111D1960D2F800806268D4
:1078C00000214046F8F774FC10B1A0EB080060609E
:1078D00063682361002384F8433096E7012304F1B1
:1078E000190231462846B847431CA6D008F10108C2
:1078F000E368039A9B1A4345F0DC99E74FF00008D0
:10790000F6E700BF7557010886570108884210B591
:1079100001EB020407D8431EA1420AD011F8012B43
:1079200003F8012FF8E784422346F4D90244904239
:1079300000D110BD13F8011D02F8011DF7E700008A
:1079400038B5064C0023054608462360FFF71CFBAC
:10795000431C02D1236803B12B6038BDC40700204B
:107960002DE9F041804615460C4621B9BDE8F041AD
:107970001146FFF74BBC2AB9FFF7DAFB2C4620462D
:10798000BDE8F08100F019F88542064602D8B5EB53
:10799000500FF4D829464046FFF738FC074650B14F
:1079A000B5422A46214628BF3246FFF7B3FB21469F
:1079B0004046FFF7BDFB3C46E1E751F8043C181F89
:1079C000002BBCBF0B58C01870472DE9F047089F2B
:1079D000154604468E461E46002B40F0D2808A4251
:1079E0004DD9B2FA82FCBCF1000F02FA0CF3CCF1D3
:1079F000200E18BF1D4620FA0EFE01FA0CF34EEAC7
:107A0000030E00FA0CF30CBF8E461C464FEA1548D5
:107A1000A8B2BEFBF8F1220C08FB11EE01FB00F34B
:107A200042EA0E42934206D9AA1801F1FF3E01D262
:107A300093421ED87146D21AA4B2B2FBF8F308FBE7
:107A40001322584344EA0244A04206D92C1903F1F8
:107A5000FF3201D2A0420FD81346241A43EA014054
:107A600027B124FA0CF400233C607B603146BDE86A
:107A7000F08702392A44DEE7023B2C44EDE7002A76
:107A800071D0B2FA82F3DBB31E46C6F1200302FACC
:107A900006F521FA03F2B14020FA03F30B434FEA53
:107AA000154E00FA06F41FFA85FCB2FBFEF00EFB41
:107AB00010211A0C00FB0CF842EA0142904506D94D
:107AC000AA1800F1FF3101D290454ED80846A2EB2A
:107AD00008029BB2B2FBFEF10EFB112201FB0CFC73
:107AE00043EA02439C4506D9EB1801F1FF3201D26B
:107AF0009C453DD81146A3EB0C0341EA004101E04F
:107B00008B1A01214FEA154E1FFA85FCB3FBFEF0DC
:107B1000220C0EFB103300FB0CF842EA03429045A6
:107B200006D9AA1800F1FF3301D2904523D8184690
:107B3000A2EB0802A4B2B2FBFEF30EFB132203FB7E
:107B40000CFC44EA0244A44506D92C1903F1FF3287
:107B500001D2A44512D81346A4EB0C0443EA00401A
:107B6000B4460E467CE71F268FE702382A44AEE76C
:107B700002392B44BFE702382A44D9E7023B2C44A0
:107B8000EAE78B4205D90FB1C7E90001002630466C
:107B90006CE7B3FA83FCBCF1000F0FD18B4201D329
:107BA000824209D8841A61EB030301209E460FB17B
:107BB000C7E9004E002659E76046F8E7CCF1200EF1
:107BC00003FA0CF322FA0EF521FA0EF41D4301FA22
:107BD0000CF320FA0EF119434FEA154900FA0CF69E
:107BE0001FFA85F8B4FBF9F009FB104A0C0C00FBF6
:107BF00008F344EA0A44A34202FA0CF206D92C190B
:107C000000F1FF3A01D2A34235D85046E41A89B2B6
:107C1000B4FBF9F309FB134403FB08F841EA044100
:107C2000884506D9691803F1FF3401D2884525D863
:107C3000234643EA0040A1EB0801A0FB029841451E
:107C40004C46434602D306D14E4504D2B9EB02045A
:107C500068EB05030138002FACD0321B61EB030148
:107C600001FA0EFE22FA0CF34EEA030321FA0CF19C
:107C7000C7E900319EE702382C44C7E7023B29449C
:107C8000D7E70000F8B500BFF8BC08BC9E467047B7
:0C7C9000F8B500BFF8BC08BC9E46704769
:107C9C000065270044005E0078009200AC000000F4
:107CAC00B4810008BC810008C0810008C8810008AC
:107CBC00545053323537353000000000494E4133B3
:107CCC003232310053545044303100002532752E7D
:107CDC00257556202534646D4100000069646C657F
:107CEC0000000000253132730000000025642043A1
:107CFC0000000000256C7568202530326C756D0015
:107D0C00256C752E256C7557680000002564206D58
:107D1C00410000002575000025752F25756D416803
:107D2C000000000025752525000000002532752E69
:107D3C0025755600252D313073203C2533752525AE
:107D4C003E000000252D313273202533752525008A
:107D5C00252D313073203C25733E0000252D31320A
:107D6C007320257300000000524F544154453D765A
:107D7C00616C7565202050524553533D73657400FA
:107D8C0050524553533D73656C656374000000009D
:107D9C0025756D004C756D696E6F73697479000093
:107DAC004175746F20736C65657000005363726568
:107DBC00656E206F666600004C6967687420736C92
:107DCC00656570003C204261636B00005052455366
:107DDC00533D6170706C79207363656E6172696F6D
:107DEC00000000004F4B000043616E63656C0000A7
:107DFC00435600004F464600434300004F55542065
:107E0C005B4F4E5D000000004F5554205B4F4646C3
:107E1C005D00000050524553533D73656C656374AF
:107E2C0020203278434C49434B3D6261636B000028
:107E3C0042656E636820737570706C79202D2053C9
:107E4C00545044303100000025326C642E25303201
:107E5C006C64000025326C642E2530316C64205724
:107E6C00000000003C25752E2575563E00000000D4
:107E7C0025752E2575560000562D534554000000CF
:107E8C003C25752E2575413E0000000025752E25DC
:107E9C0075410000492D4C494D0000004F4E20000B
:107EAC00456E61626C650000252D313273205B25B7
:107EBC00735D000043757272206C696D00000000E8
:107ECC00252D313073203C25752E2575413E000043
:107EDC00252D3132732025752E25754100000000AB
:107EEC004455434B455200004348415247455200CC
:107EFC00536D61727420555053203453335000002D
:107F0C0076302E310000000050726F6A6563742069
:107F1C00666F722074686520636F757273650000FC
:107F2C00456D62656464656420536F667477617235
:107F3C006520666F722074686520496F54000000DC
:107F4C00556E6976657273697479206F6620547208
:107F5C00656E746F00000000746F2066756C6C00A9
:107F6C006C65667400000000257568253032756DEF
:107F7C002025730025642E25303264560000000045
:107F8C00252B646D410000004455434B4552204362
:107F9C00484152474552000043555252454E5400F9
:107FAC0043757272656E742028333020732900007B
:107FBC004E4F20494E505554000000002564252595
:107FCC0000000000252B6C646D57000025752E25D4
:107FDC003032750044455441494C5300434841529A
:107FEC0047450000504F57455200000054454D5036
:107FFC00000000002043454C4C532000252B6420EE
:10800C006D41000043555252454E54204752415049
:10801C00480000002B256441000000002D25644120
:10802C00000000003C203330207365636F6E647376
:10803C00203E202050524553533D7363616C6500C4
:10804C00504F5254204D4F4E49544F520000000097
:10805C00334100003C2033302073203E00000000F0
:10806C004F564552414C4C204441544100000000B5
:10807C004241545445525920286C69666574696DA7
:10808C006529000053455353494F4E004449535002
:10809C004C41590054455354204D4F444553000016
:1080AC004150504C49454400416C6C206F757470C4
:1080BC0075747320657863657074205553422D4335
:1080CC003100000077696C6C20626520636C6F7303
:1080DC0065642E00506F727473206C6F636B6564F3
:1080EC0020616E642073637265656E206F66660036
:1080FC00756E74696C20656E636F64657220707246
:10810C006573732E000000002100000025752E25DC
:10811C0030327520560000002573202573000000B6
:10812C00504420736F75726365206365696C696E6A
:10813C0067202D2053545553423437313000000002
:10814C0045786974203E0000252D3131732025734C
:10815C00203E00004C6F636B20616C6C00000000D3
:10816C00446973706C617900252D3132732025338D
:10817C00752525203E00000054657374206D6F64D6
:10818C006573203E0000000053455454494E47533C
:10819C000000000050524553533D746F67676C6587
:1081AC002F73656C6563740049444C4500000000F6
:1081BC005052450046415354000000005441504574
:1081CC00520000004C4142204F5554505554000071
:1081DC00566F6C74616765005553422D4320320015
:1081EC004D617820504420766F6C74005553422DAD
:1081FC00412031005553422D412032004C61622008
:10820C006F7574707574000054454D502057415271
:10821C004E494E470000000042617474657279202B
:10822C006F7574736964652069747320636F6D6610
:10823C006F72740072616E67653A20706572666F5A
:10824C00726D616E636520616E64000063617061C4
:10825C0063697479206D617920626520726564753B
:10826C006365642E000000004C4F5720564F4C5451
:10827C00414745004261747465727920766F6C7465
:10828C00616765206973206C6F773A00726563686B
:10829C006172676520736F6F6E2E000043524954F4
:1082AC004943414C2042415454455259000000006E
:1082BC00437269746963616C6C79206C6F772062AE
:1082CC006174746572792E00476F696E6720696EF0
:1082DC00746F206C6967687420736C65657000003E
:1082EC00746F2061766F69642063656C6C206461C7
:1082FC006D6167652E0000004C4F434B20414C4C88
:10830C0020504F5254533F004C4947485420534C33
:10831C004545503F000000004C6F7720766F6C7421
:10832C0061676500437269746963616C206C6F7777
:10833C00205600004C6F772074656D7000000000B3
:10834C00486967682074656D700000004F7665722F
:10835C0063757272656E7400526573657420646126
:10836C0074610000436861726765206379636C65B2
:10837C007300000042617474657279206865616CE9
:10838C0074680000436170616369747900000000D7
:10839C00436861726765732028626F6F74290000EF
:1083AC004D61782074656D70000000004D6178207F
:1083BC006F7574004D617820696E0000456E6572B2
:1083CC006779206F75740000557074696D650000D5
:1083DC005553422D432031004C414200BC7C0008D7
:1083EC008D05000801000000C87C00083504000859
:1083FC0000000000D07C0008D10300080000000041
:10840C00300B02002C84000840070100288400086F
:10841C003A0002002484000844010000040000001B
:10842C001E78000000080000FFFFFFFFFFFFFFFFAA
:10843C00FFFFFFFFFFFFFFFFFFFFFFFFFFFFFFFF40
:10844C00FFFFFFFFFFFFFFFFFFFFFFFFFFFFFFFF30
:10845C00FFFFFFFFFFFFFFFFFFFFFFFFFFFFFFFF20
:10846C00FFFFFFFFFFFFFFFFFFFFFFFFFFFFFFFF10
:10847C00FFFFFFFFFFFFFFFFFFFFFFFFFFFFFFFF00
:10848C00FFFFFFFFFFFFFFFFFFFFFFFFFFFFFFFFF0
:10849C00FFFFFFFFFFFFFFFFFFFFFFFFFFFFFFFFE0
:1084AC00FFFFFFFFFFFFFFFFFFFFFFFFFFFFFFFFD0
:1084BC00FFFFFFFFFFFFFFFFFFFFFFFFFFFFFFFFC0
:1084CC00FFFFFFFFFFFFFFFFFFFFFFFFFFFFFFFFB0
:1084DC00FFFFFFFFFFFFFFFFFFFFFFFFFFFFFFFFA0
:1084EC00FFFFFFFFFFFFFFFFFFFFFFFFFFFFFFFF90
:1084FC00FFFFFFFFFFFFFFFFFFFFFFFFFFFFFFFF80
:10850C00FFFFFFFFFFFFFFFFFFFFFFFFFFFFFFFF6F
:10851C00FFFFFFFFFFFFFFFFFFFFFFFFFFFFFFFF5F
:10852C00FFFFFFFFFFFFFFFFFFFFFFFFFFFFFFFF4F
:10853C00FFFFFFFFFFFFFFFFFFFFFFFFFFFFFFFF3F
:10854C00FFFFFFFFFFFFFFFFFFFFFFFFFFFFFFFF2F
:10855C00FFFFFFFFFFFFFFFFFFFFFFFFFFFFFFFF1F
:10856C00FFFFFFFFFFFFFFFFFFFFFFFFFFFFFFFF0F
:10857C00FFFFFFFFFFFFFFFFFFFFFFFFFFFFFFFFFF
:10858C00FFFFFFFFFFFFFFFFFFFFFFFFFFFFFFFFEF
:10859C00FFFFFFFFFFFFFFFFFFFFFFFFFFFFFFFFDF
:1085AC00FFFFFFFFFFFFFFFFFFFFFFFFFFFFFFFFCF
:1085BC00FFFFFFFFFFFFFFFFFFFFFFFFFFFFFFFFBF
:1085CC00FFFFFFFFFFFFFFFFFFFFFFFFFFFFFFFFAF
:1085DC00FFFFFFFFFFFFFFFFFFFFFFFFFFFFFFFF9F
:1085EC00FFFFFFFFFFFFFFFFFFFFFFFFFFFFFFFF8F
:1085FC00FFFFFFFFFFFFFFFFFFFFFFFFFFFFFFFF7F
:10860C00FFFFFFFFFFFFFFFFFFFFFFFFFFFFFFFF6E
:10861C00FFFFFFFFFFFFFFFFFFFFFFFFFFFFFFFF5E
:10862C00FFFFFFFFFFFFFFFFFFFFFFFFFFFFFFFF4E
:10863C00FFFFFFFFFFFFFFFFFFFFFFFFFFFFFFFF3E
:10864C00FFFFFFFFFFFFFFFFFFFFFFFFFFFFFFFF2E
:10865C00FFFFFFFFFFFFFFFFFFFFFFFFFFFFFFFF1E
:10866C00FFFFFFFFFFFFFFFFFFFFFFFFFFFFFFFF0E
:10867C00FFFFFFFFFFFFFFFFFFFFFFFFFFFFFFFFFE
:10868C00FFFFFFFFFFFFFFFFFFFFFFFFFFFFFFFFEE
:10869C00FFFFFFFFFFFFFFFFFFFFFFFFFFFFFFFFDE
:1086AC00FFFFFFFFFFFFFFFFFFFFFFFFFFFFFFFFCE
:1086BC00FFFFFFFFFFFFFFFFFFFFFFFFFFFFFFFFBE
:1086CC00FFFFFFFFFFFFFFFFFFFFFFFFFFFFFFFFAE
:1086DC00FFFFFFFFFFFFFFFFFFFFFFFFFFFFFFFF9E
:1086EC00FFFFFFFFFFFFFFFFFFFFFFFFFFFFFFFF8E
:1086FC00FFFFFFFFFFFFFFFFFFFFFFFFFFFFFFFF7E
:10870C00FFFFFFFFFFFFFFFFFFFFFFFFFFFFFFFF6D
:10871C00FFFFFFFFFFFFFFFFFFFFFFFFFFFFFFFF5D
:10872C00FFFFFFFFFFFFFFFFFFFFFFFFFFFFFFFF4D
:10873C00FFFFFFFFFFFFFFFFFFFFFFFFFFFFFFFF3D
:10874C00FFFFFFFFFFFFFFFFFFFFFFFFFFFFFFFF2D
:10875C00FFFFFFFFFFFFFFFFFFFFFFFFFFFFFFFF1D
:10876C00FFFFFFFFFFFFFFFFFFFFFFFFFFFFFFFF0D
:10877C00FFFFFFFFFFFFFFFFFFFFFFFFFFFFFFFFFD
:10878C00FFFFFFFFFFFFFFFFFFFFFFFFFFFFFFFFED
:10879C00FFFFFFFFFFFFFFFFFFFFFFFFFFFFFFFFDD
:1087AC00FFFFFFFFFFFFFFFFFFFFFFFFFFFFFFFFCD
:1087BC00FFFFFFFFFFFFFFFFFFFFFFFFFFFFFFFFBD
:1087CC00FFFFFFFFFFFFFFFFFFFFFFFFFFFFFFFFAD
:1087DC00FFFFFFFFFFFFFFFFFFFFFFFFFFFFFFFF9D
:1087EC00FFFFFFFFFFFFFFFFFFFFFFFFFFFFFFFF8D
:1087FC00FFFFFFFFFFFFFFFFFFFFFFFFFFFFFFFF7D
:10880C00FFFFFFFFFFFFFFFFFFFFFFFFFFFFFFFF6C
:10881C00FFFFFFFFFFFFFFFFFFFFFFFFFFFFFFFF5C
:10882C000000000000440000FFFFFFFFFFFFFFFF00
:10883C00FFFFFFFFFFFFFFFFFFFFFFFFFFFFFFFF3C
:10884C00FFFFFFFFFFFFFFFFFFFFFFFFFFFFFFFF2C
:10885C00FFFFFFFFFFFFFFFFFFFFFFFFFFFFFFFF1C
:10886C00FFFFFFFFFFFFFFFFFFFFFFFFFFFFFFFF0C
:10887C00FFFFFFFFFFFFFFFFFFFFFFFFFFFFFFFFFC
:10888C00FFFFFFFFFFFFFFFFFFFFFFFFFFFFFFFFEC
:10889C00FFFFFFFFFFFFFFFFFFFFFFFFFFFFFFFFDC
:1088AC00FFFFFFFFFFFFFFFFFFFFFFFFFFFFFFFFCC
:1088BC00FFFFFFFFFFFFFFFFFFFFFFFFFFFFFFFFBC
:1088CC00FFFFFFFFFFFFFFFFFFFFFFFFFFFFFFFFAC
:1088DC00FFFFFFFFFFFFFFFFFFFFFFFFFFFFFFFF9C
:1088EC00FFFFFFFFFFFFFFFFFFFFFFFFFFFFFFFF8C
:1088FC00FFFFFFFFFFFFFFFFFFFFFFFFFFFFFFFF7C
:10890C00FFFFFFFFFFFFFFFFFFFFFFFFFFFFFFFF6B
:10891C00FFFFFFFFFFFFFFFFFFFFFFFFFFFFFFFF5B
:10892C00FFFFFFFFFFFFFFFFFFFFFFFFFFFFFFFF4B
:10893C00FFFFFFFFFFFFFFFFFFFFFFFFFFFFFFFF3B
:10894C00FFFFFFFFFFFFFFFFFFFFFFFFFFFFFFFF2B
:10895C00FFFFFFFFFFFFFFFFFFFFFFFFFFFFFFFF1B
:10896C00FFFFFFFFFFFFFFFFFFFFFFFFFFFFFFFF0B
:10897C00FFFFFFFFFFFFFFFFFFFFFFFFFFFFFFFFFB
:10898C00FFFFFFFFFFFFFFFFFFFFFFFFFFFFFFFFEB
:10899C00FFFFFFFFFFFFFFFFFFFFFFFFFFFFFFFFDB
:1089AC00FFFFFFFFFFFFFFFFFFFFFFFFFFFFFFFFCB
:1089BC00FFFFFFFFFFFFFFFFFFFFFFFFFFFFFFFFBB
:1089CC00FFFFFFFFFFFFFFFFFFFFFFFFFFFFFFFFAB
:1089DC00FFFFFFFFFFFFFFFFFFFFFFFFFFFFFFFF9B
:1089EC00FFFFFFFFFFFFFFFFFFFFFFFFFFFFFFFF8B
:1089FC00FFFFFFFFFFFFFFFFFFFFFFFFFFFFFFFF7B
:108A0C00FFFFFFFFFFFFFFFFFFFFFFFFFFFFFFFF6A
:108A1C00FFFFFFFFFFFFFFFFFFFFFFFFFFFFFFFF5A
:108A2C00FFFFFFFFFFFFFFFFFFFFFFFFFFFFFFFF4A
:108A3C00FFFFFFFFFFFFFFFFFFFFFFFFFFFFFFFF3A
:108A4C00FFFFFFFFFFFFFFFFFFFFFFFFFFFFFFFF2A
:108A5C00FFFFFFFFFFFFFFFFFFFFFFFFFFFFFFFF1A
:108A6C00FFFFFFFFFFFFFFFFFFFFFFFFFFFFFFFF0A
:108A7C00FFFFFFFFFFFFFFFFFFFFFFFFFFFFFFFFFA
:108A8C00FFFFFFFFFFFFFFFFFFFFFFFFFFFFFFFFEA
:108A9C00FFFFFFFFFFFFFFFFFFFFFFFFFFFFFFFFDA
:108AAC00FFFFFFFFFFFFFFFFFFFFFFFFFFFFFFFFCA
:108ABC00FFFFFFFFFFFFFFFFFFFFFFFFFFFFFFFFBA
:108ACC00FFFFFFFFFFFFFFFFFFFFFFFFFFFFFFFFAA
:108ADC00FFFFFFFFFFFFFFFFFFFFFFFFFFFFFFFF9A
:108AEC00FFFFFFFFFFFFFFFFFFFFFFFFFFFFFFFF8A
:108AFC00FFFFFFFFFFFFFFFFFFFFFFFFFFFFFFFF7A
:108B0C00FFFFFFFFFFFFFFFFFFFFFFFFFFFFFFFF69
:108B1C00FFFFFFFFFFFFFFFFFFFFFFFFFFFFFFFF59
:108B2C00FFFFFFFFFFFFFFFFFFFFFFFFFFFFFFFF49
:108B3C00FFFFFFFFFFFFFFFFFFFFFFFFFFFFFFFF39
:108B4C00FFFFFFFFFFFFFFFFFFFFFFFFFFFFFFFF29
:108B5C00FFFFFFFFFFFFFFFFFFFFFFFFFFFFFFFF19
:108B6C00FFFFFFFFFFFFFFFFFFFFFFFFFFFFFFFF09
:108B7C00FFFFFFFFFFFFFFFFFFFFFFFFFFFFFFFFF9
:108B8C00FFFFFFFFFFFFFFFFFFFFFFFFFFFFFFFFE9
:108B9C00FFFFFFFFFFFFFFFFFFFFFFFFFFFFFFFFD9
:108BAC00FFFFFFFFFFFFFFFFFFFFFFFFFFFFFFFFC9
:108BBC00FFFFFFFFFFFFFFFFFFFFFFFFFFFFFFFFB9
:108BCC00FFFFFFFFFFFFFFFFFFFFFFFFFFFFFFFFA9
:108BDC00FFFFFFFFFFFFFFFFFFFFFFFFFFFFFFFF99
:108BEC00FFFFFFFFFFFFFFFFFFFFFFFFFFFFFFFF89
:108BFC00FFFFFFFFFFFFFFFFFFFFFFFFFFFFFFFF79
:108C0C00FFFFFFFFFFFFFFFFFFFFFFFFFFFFFFFF68
:108C1C00FFFFFFFFFFFFFFFFFFFFFFFFFFFFFFFF58
:108C2C00000000000100E0ACFEFFFFFF00100000A0
:108C3C00002900003699641100000000FFFFFFFFBF
:108C4C00FFFFFFFFFFFFFFFFFFFFFFFFFFFFFFFF28
:108C5C00FFFFFFFFFFFFFFFF610509F5FFFFFFFFB0
:108C6C00FFFFFFFFFFFFFFFF00040000800000007C
:108C7C00FFFFFFFFFFFFFFFFFFFFFFFFFFFFFFFFF8
:108C8C00FFFFFFFFFFFFFFFFFFFFFFFFFFFFFFFFE8
:108C9C00FFFFFFFFFFFFFFFFFFFFFFFFFFFFFFFFD8
:108CAC00FFFFFFFF0100CC0287D8CDF500000000CC
:108CBC000000000031202020FA5532001A040F1653
:108CCC00000A0A30304D000000000000030F1700AE
:108CDC000A08040002000000000000000F2300033B
:108CEC0000E001000F270009050914001C07000013
:108CFC0050510F28000302082F000F290003D250F7
:108D0C00C9000F2B000700020000010000000F3209
:108D1C00001E01A82A2C9101262CD102002CB10492
:108D2C0000F44106000000000000000000000000FC
:108D3C00000F33001C042C9101102CD102002CB11B
:108D4C000400F4410600454106000000000000004C
:108D5C0000000F37000F3B401F6490910100000092
:108D6C000000000000000F4200020A00000F470044
:108D7C00180651044095510400000509000000003C
:108D8C00006800000000000000470F5100050006BD
:108D9C00000000000F520006008000000000000FD1
:108DAC005600013F800F5C003030000000000000D6
:108DBC000000100000000000003000000000000067
:108DCC0000000C000000000000000000000000008B
:108DDC00000000000000000000000F62000700000F
:108DEC00012D000000000F64000A6B000000000061
:108DFC0000000000000F77000D00000000000000D4
:108E0C000000000000007F0F7B000F0002FFFF003E
:108E1C000000000000000000000000640064006A14
:108E2C0000700076007C00820088008E0094009A0E
:108E3C0000A000A600AC00B100B700BC00C200C787
:108E4C0000CD00D300D900DF00E500EA00F000F50A
:108E5C0000FA00FF0005010A010F0114011A011F9D
:108E6C000125012A012F0135013A013F0144014A34
:108E7C00014A014A014F0155015501550155012384
:108E8C000300000E8223030032370223030004A0E8
:108E9C004123030002000F230300343010010300B0
:108EAC0004A04101030002000F02030004A04102D0
:108EBC00030002000F3C030004A0413C030002002D
:108ECC000F27030006D40E270200094028030006D2
:108EDC005C1A280200094029030006F42329020029
:108EEC000940250300000E822503003237022503BA
:108EFC000004A04125030002000F250300343010AC
:108F0C002702000D4B2703000B026C2702001240B6
:108F1C0028020014182802000D4B2803000B04C46F
:108F2C00280200124029020014182902000D4B29B6
:108F3C0003000B06B829020012042503000104ECFF
:108F4C002502001080250300030025020014D40E16
:108F5C00250200110025020008C3250200090000AB
:108F6C00000000581A000000003200000000F4233A
:108F7C0000000000000000000000000000000000E5
:108F8C0000000000000000000000000000000000D5
:108F9C0000000000000000000000000000000000C5
:108FAC0000000000000000000000000000000000B5
:108FBC0000000000000000000000000000000000A5
:108FCC000000000000000000000000000000000095
:108FDC000000000000000000000000000000000085
:108FEC000000000000000000000000000000000075
:108FFC000000000000000000000000000000000065
:10900C000000000000000000000000000000000054
:10901C000000000000000000000000000000000044
:10902C000000000000000000000000000000000034
:10903C000000000000000000000000000000000024
:10904C000000000000000000000000000000000014
:10905C000000000000000000000000000000000004
:10906C0000000000000000000000000000000000F4
:10907C0000000000000000000000000000000000E4
:10908C0000000000000000000000000000000000D4
:10909C0000000000000000000000000000000000C4
:1090AC0000000000000000000000000000000000B4
:1090BC0000000000000000000000000000000000A4
:1090CC000000000000000000000000000000000094
:1090DC000000000000000000000000000000000084
:1090EC000000000000000000000000000000000074
:1090FC000000000000000000000000000000000064
:10910C000000000000000000000000000000000053
:10911C000000000000000000000000000000000043
:10912C000000000000000000000000000000000033
:10913C000000000000000000000000000000000023
:10914C000000000000000000000000000000000013
:10915C000000000000000000000000000000000003
:10916C0000000000000000000000000000000000F3
:10917C0000000000000000000000000000000000E3
:10918C0000000000000000000000000000000000D3
:10919C0000000000000000000000000000000000C3
:1091AC0000000000000000000000000000000000B3
:1091BC0000000000000000000000000000000000A3
:1091CC000000000000000000000000000000000093
:1091DC000000000000000000000000000000000083
:1091EC000000000000000000000000000000000073
:1091FC000000000000000000000000000000000063
:10920C000000000000000000000000000000000052
:10921C000000000000000000000000000000000042
:10922C000000000000000000000000000000000032
:10923C000000000000000000000000000000000022
:10924C000000000000000000000000000000000012
:10925C000000000000000000000000000000000002
:10926C0000000000000000000000000000000000F2
:10927C0000000000000000000000000000000000E2
:10928C0000000000000000000000000000000000D2
:10929C0000000000000000000000000000000000C2
:1092AC0000000000000000000000000000000000B2
:1092BC0000000000000000000000000000000000A2
:1092CC000000000000000000000000000000000092
:1092DC000000000000000000000000000000000082
:1092EC000000000000000000000000000000000072
:1092FC000000000000000000000000000000000062
:10930C000000000000000000000000000000000051
:10931C000000000000000000000000000000000041
:10932C000000000000000000000000000000000031
:10933C000000000000000000000000000000000021
:10934C000000000000000000000000000000000011
:10935C000000000000000000000000000000000001
:10936C0000000000000000000000000000000000F1
:10937C0000000000000000000000000000000000E1
:10938C0000000000000000000000000000000000D1
:10939C0000000000000000000000000000000000C1
:1093AC0000000000000000000000000000000000B1
:1093BC0000000000000000000000000000000000A1
:1093CC000000000000000000000000000000000091
:1093DC000000000000000000000000000000000081
:1093EC000000000000000000000000000000000071
:1093FC000000000000000000000000000000000061
:10940C000000000000000000000000000000000050
:10941C000000000000000000000000000000000040
:10942C000000000000000000000000000000000030
:10943C000000000000000000000000000000000020
:10944C000000000000000000000000000000000010
:10945C000000000000000000000000000000000000
:10946C0000000000000000000000000000000000F0
:10947C0000000000000000000000000000000000E0
:10948C0000000000000000000000000000000000D0
:10949C0000000000000000000000000000000000C0
:1094AC0000000000000000000000000000000000B0
:1094BC0000000000000000000000000000000000A0
:1094CC000000000000000000000000000000000090
:1094DC000000000000000000000000000000000080
:1094EC000000000000000000000000000000000070
:1094FC000000000000000000000000000000000060
:10950C00000000000000000000000000000000004F
:10951C00000000000000000000000000000000003F
:10952C00000000000000000000000000000000002F
:10953C00000000000000000000000000000000001F
:10954C00000000000000000000000000000000000F
:10955C0000000000000000000000000000000000FF
:10956C0000000000000000000000000000000000EF
:10957C0000000000000000000000000000000000DF
:10958C0000000000000000000000000000000000CF
:10959C0000000000000000000000000000000000BF
:1095AC0000000000000000000000000000000000AF
:1095BC00000000000000000000000000000000009F
:1095CC00000000000000000000000000000000008F
:1095DC00000000000000000000000000000000007F
:1095EC00000000000000000000000000000000006F
:1095FC00000000000000000000000000000000005F
:10960C00000000000000000000000000000000004E
:10961C00000000000000000000000000000000003E
:10962C00000000000000000000000000000000002E
:10963C00000000000000000000000000000000001E
:10964C00000000000000000000000000000000000E
:10965C0000000000000000000000000000000000FE
:10966C0000000000000000000000000000000000EE
:10967C0000000000000000000000000000000000DE
:10968C0000000000000000000000000000000000CE
:10969C0000000000000000000000000000000000BE
:1096AC0000000000000000000000000000000000AE
:1096BC00000000000000000000000000000000009E
:1096CC00000000000000000000000000000000008E
:1096DC00000000000000000000000000000000007E
:1096EC00000000000000000000000000000000006E
:1096FC00000000000000000000000000000000005E
:10970C00000000000000000000000000000000004D
:10971C00000000000000000000000000000000003D
:10972C00000000000000000000000000000000002D
:10973C00000000000000000000000000000000001D
:10974C00000000000000000000000000000000000D
:10975C0000000000000000000000000000000000FD
:10976C0000000000000000000000000000000000ED
:10977C0000000000000000000000000000000000DD
:10978C0000000000000000000000000000000000CD
:10979C0000000000000000000000000000000000BD
:1097AC0000000000000000000000000000000000AD
:1097BC00000000000000000000000000000000009D
:1097CC00000000000000000000000000000000008D
:1097DC00000000000000000000000000000000007D
:1097EC00000000000000000000000000000000006D
:1097FC00000000000000000000000000000000005D
:10980C00000000000000000000000000000000004C
:10981C00000000000000000000000000000000003C
:10982C00000000000000000000000000000000002C
:10983C00000000000000000000000000000000001C
:10984C00000000000000000000000000000000000C
:10985C0000000000000000000000000000000000FC
:10986C0000000000000000000000000000000000EC
:10987C0000000000000000000000000000000000DC
:10988C0000000000000000000000000000000000CC
:10989C0000000000000000000000000000000000BC
:1098AC0000000000000000000000000000000000AC
:1098BC00000000000000000000000000000000009C
:1098CC00000000000000000000000000000000008C
:1098DC00000000000000000000000000000000007C
:1098EC00000000000000000000000000000000006C
:1098FC00000000000000000000000000000000005C
:10990C00000000000000000000000000000000004B
:10991C00000000000000000000000000000000003B
:10992C00000000000000000000000000000000002B
:10993C00000000000000000000000000000000001B
:10994C00000000000000000000000000000000000B
:10995C0000000000000000000000000000000000FB
:10996C0000000000000000000000000000000000EB
:10997C0000000000000000000000000000000000DB
:10998C0000000000000000000000000000000000CB
:10999C0000000000000000000000000000000000BB
:1099AC0000000000000000000000000000000000AB
:1099BC00000000000000000000000000000000009B
:1099CC00000000000000000000000000000000008B
:1099DC00000000000000000000000000000000007B
:1099EC00000000000000000000000000000000006B
:1099FC00000000000000000000000000000000005B
:109A0C00000000000000000000000000000000004A
:109A1C00000000000000000000000000000000003A
:109A2C00000000000000000000000000000000002A
:109A3C00000000000000000000000000000000001A
:109A4C00000000000000000000000000000000000A
:109A5C0000000000000000000000000000000000FA
:109A6C0000000000000000000000000000000000EA
:109A7C0000000000000000000000000000000000DA
:109A8C0000000000000000000000000000000000CA
:109A9C0000000000000000000000000000000000BA
:109AAC0000000000000000000000000000000000AA
:109ABC00000000000000000000000000000000009A
:109ACC00000000000000000000000000000000008A
:109ADC00000000000000000000000000000000007A
:109AEC00000000000000000000000000000000006A
:109AFC00000000000000000000000000000000005A
:109B0C000000000000000000000000000000000049
:109B1C000000000000000000000000000000000039
:109B2C000000000000000000000000000000000029
:109B3C000000000000000000000000000000000019
:109B4C000000000000000000000000000000000009
:109B5C0000000000000000000000000000000000F9
:109B6C0000000000000000000000000000000000E9
:109B7C0000000000000000000000000000000000D9
:109B8C0000000000000000000000000000000000C9
:109B9C0000000000000000000000000000000000B9
:109BAC0000000000000000000000000000000000A9
:109BBC000000000000000000000000000000000099
:109BCC000000000000000000000000000000000089
:109BDC000000000000000000000000000000000079
:109BEC000000000000000000000000000000000069
:109BFC000000000000000000000000000000000059
:109C0C000000000000000000000000000000000048
:109C1C000000000000000000000000000000000038
:109C2C000000000068281900000000005C4F0220B2
:109C3C00404F02205C4F0220D926022005B1610062
:109C4C00000509F57E3DC70AAD0634020000000090
:109C5C0000290220000000000000000000000000AD
:109C6C0084C4625FF0B58BB000F098FA7B497A48F7
:109C7C0008607C487A4901627C4A7B4951607D4F7F
:109C8C007B497E4BF9627C49D96378497C4AE03147
:109C9C008A637C4ACA637C4A40310A609C467C4A8F
:109CAC007A4B0992D3633A4680327A4B089213610D
:109CBC00794A3A637A4C794AA2607A4A0A61744AC0
:109CCC0079498032916101468031784A01914A622A
:109CDC00794A06467649C036F16176495160C51F0E
:109CEC00D31D7649F93D6963F93375499962294663
:109CFC004039744A07914A61604A734940329E4622
:109D0C00069251607149634619627149D962714971
:109D1C00C16371498162714941627149C162714982
:109D2C00F163714941637148734618631146704879
:109D3C00E061C0316F480091086031466E48C03117
:109D4C00C8636F496D4848602246C03A6D48D0617F
:109D5C00114680316C4805910862FF3101316B4826
:109D6C00049148626A4858626A48906131466A4870
:109D7C0080390860694868614F48694980380390A8
:109D8C000161C03067490290C163069A6648506110
:109D9C002946664880310862214665488039486208
:109DAC0064488078002809D06348C168002902D033
:109DBC00806802F03DF861490720087002F03EF817
:109DCC005F48A06304985F49016101985E49C163D3
:109DDC0009985E4901615E4870612D485D49803883
:109DEC00016102995C4A0A632D4A5C494032516315
:109DFC005B4961625B4921625B49B1625B4981628B
:109E0C0005985B4941635B48A86007985A49016013
:109E1C0008985A49C16300985949C1611C4959486D
:109E2C00C03188600398584901601949574840313E
:109E3C00C8630E4956482031486056485C3108606A
:109E4C0001985549C1625548F8630098544901621C
:109E5C00544828630BB0F0BD21300220DC080220EE
:109E6C00952E02209C070220A730022050010220D0
:109E7C00C12A02209C050220154402209C0E0220BF
:109E8C00113102203731022069310220753E022047
:109E9C005C0B0220DD2A0220EF2A0220ED4002207A
:109EAC005C0D02208F310220953E0220B73102203A
:109EBC00FD310220213202201C0A0220C13902206D
:109ECC00EB390220B72C0220C1440220734402203B
:109EDC0049440220392B0220092E02207D2E02201B
:109EEC00F12D0220C73202202D2F0220BF3B022071
:109EFC002B4102205B410220493402207F34022096
:109F0C00F002022089400220A34102203D4302209E
:109F1C00C93B0220B93F0220CD2F0220013C022078
:109F2C008F3402203138022033450220852D022047
:109F3C0059420220A82502207C260220C42502209A
:109F4C0031420220C743022097340220A33C022056
:109F5C00F13C02208538022029390220A14202203E
:109F6C00C3420220B9410220C934022085390220A3
:109F7C00E74202204B2C0220632C02208D2C022065
:109F8C0065450220793F0220FF340220BD3E0220AD
:109F9C00373502206535022053370220DF2B022093
:109FAC00F3470220E12C022010B50B68C0011C1AEB
:109FBC0024121B1B0B601168814202DB081A8012F1
:109FCC00081A106010BDF8B5002634461848214612
:109FDC00414318480818192149014118097860298A
:109FEC0018D1006DC00215D50126002C1ED00620FC
:109FFC0001F02AFF1049A500104F6A18E919FFF764
:10A00C00D3FF785B0E49C01108550B480D49405BD6
:10A01C00C0110855641C2406240ED7D0002E04D081
:10A02C00094A5021092001F015FFF8BD0520DFE792
:10A03C00E40400002C100220484F02204C4F022058
:10A04C00474F0220464F02203B2A022010B501291F
:10A05C0004D1044B82009A58002A01D001F000FF71
:10A06C0010BD0000EC1D0220024610B500202B2A6A
:10A07C0002D0104601F0FAFE10BD10B501F0FCFE46
:10A08C0041480168C022914301604048416A402226
:10A09C009143416210BD30B504463D4B0020024651
:10A0AC009D1820352D796D066D0EA54202D10A54EE
:10A0BC00401CC0B2521CD2B20D2AF1D3002800D1E0
:10A0CC00FF2030BDF0B585B00D46012A01D1C01876
:10A0DC00C0B26946FFF7DFFF0746FF2831D00024E6
:10A0EC002C4E2CE02A4829463038026D6846035D18
:10A0FC00012098400240D20404D0012D02D8012145
:10A10C00491BC9B20B0001F0BDFE0504070C121669
:10A11C001800F16A814301E0F16A01431E480160B5
:10A12C000BE0316881433160B16A014301E0B16AEF
:10A13C008143B16201E001F0ABFE641CE4B2BC42AD
:10A14C00D0D305B0F0BD10B50C46204206D000228D
:10A15C0011464F2001F0A2FE002805D1002C03D09F
:10A16C001621002001F0A0FE10BD10B501240B46F5
:10A17C004F2804D001F09EFE0446204610BD114627
:10A18C001846FFF7E0FFF8E70005064000410940DC
:10A19C00F819022000070640000606404F48504BB5
:10A1AC00C17E807E090201431B200A07120F092A77
:10A1BC0001D9373200E030321A54401E0909C0B2BE
:10A1CC001928F2D8302058779877D877444833211B
:10A1DC0020300170704710B5EFF31084E407E40FE2
:10A1EC0072B601F06DFE002C00D162B610BD10B538
:10A1FC0001243C48A406046000213B4801F066FEA3
:10A20C003A49072088613A4804603648803804602F
:10A21C00601301F061FE10BD10B5012431486406D5
:10A22C0004600021334801F051FE33490720886156
:10A23C002F4804602B4880380460201301F04CFE3A
:10A24C0010BD2E492E4A10B541438B181A460724CF
:10A25C00E40140321B19D17D1B7D89089B078900C5
:10A26C009B0F1943D17501F03DFE10BDFFB585B0B4
:10A27C0016466A460E990446107046205070907827
:10A28C00E722C008C000104010306A469070087871
:10A29C00802210436A46D07048785071887890714B
:10A2AC00184804901D46684601F022FE002803D091
:10A2BC00154F3878002802D0032009B0F0BD2B468A
:10A2CC0032462046069901F019FE104DA400285183
:10A2DC000120387001F018FE2859EEE7982602206C
:10A2EC007800022080E100E000000B4000080B40E9
:10A2FC0080E200E00000034000080340E40400009A
:10A30C002C100220B9CB0100B9200220201E022003
:10A31C00F8B50746087800240E46002828D00828EF
:10A32C0002D90825083801E005460020307038793C
:10A33C003178401A401BC0B2009008E00098001918
:10A34C00C01941790B4801F0E5FD641CE4B2AC4244
:10A35C00F4D3012107488902C16102690A430261F1
:10A36C003078002801D0022000E003200249087058
:10A37C00F8BD000000000740B920022010B5EFF333
:10A38C001084E407E40F72B601F0CAFD002C00D172
:10A39C0062B610BDF7B50646EFF31080C507ED0F9A
:10A3AC0072B60198192826D17B487C497043441811
:10A3BC0060342078800611D50121304600F007FA70
:10A3CC00DF27002802D1207838402070304601F079
:10A3DC00ADFD012802D12078384020702078C006CD
:10A3EC0009D50021304600F0F2F9002803D120787D
:10A3FC00EF21084020703046029A019901F09CFD33
:10A40C00002D00D162B6FEBD10B5EFF31083DC0752
:10A41C00E40F72B601F096FD002C00D162B610BDAF
:10A42C00FEB505460123684603700C4600200190DA
:10A43C0059495A4869430A18192C02D0332C1AD09E
:10A44C001FE016466036B078010706D5114640313C
:10A45C008F7FBF07BF0F1F438F770621504B694378
:10A46C00C9180979012926D0517EC90709D0BF2105
:10A47C000840B07005E01120400110180078C006AB
:10A48C0019D52146284601F063FD572C13D26A4694
:10A49C0021462846FFF7B8FF6A4621462846FFF7B3
:10A4AC0079FF68460078002805D06B4601AA214642
:10A4BC002846FFF763FFFEBDF0B5064639480F4648
:10A4CC00014687B00EC904AC0EC443690269C16869
:10A4DC008069002404AD0293019200910390600006
:10A4EC0041194978285C3346012201F037FD641C80
:10A4FC00E4B2062CF3D32848284A7043801807226C
:10A50C00D2010021801881750A463346012143206F
:10A51C0001F024FD002F1DD1304601F025FD304601
:10A52C0001F028FD00246D46600041194978285C33
:10A53C003346012201F012FD641CE4B2072CF3D364
:10A54C001948C06EC00605D53346012200213F20B4
:10A55C0001F004FD07B0F0BDF8B515460F460446F2
:10A56C00012901D14019C4B2204601F009FD06466B
:10A57C002A463946204601F009FD2F2C0BD1FF2825
:10A58C0009D0094901230A6D1946B1400A40D20489
:10A59C0001D0181A1840F8BDE40400002C10022059
:10A5AC00404F0220144F0220C8190220F8B504466F
:10A5BC00FC4DFA4AFA4811236543115D5B012818DA
:10A5CC00FF26C518002918D12978EF2319402970C6
:10A5DC00C17C490611D5016DC90305D41721490168
:10A5EC004018407C162818D102201055EE48EF492F
:10A5FC00025D204601F0D0FC0FE02878C006C70FA2
:10A60C00204601F0CFFC0646002F06D12878C00664
:10A61C0003D533212046FFF703FF3046F8BD062152
:10A62C00E34B10B541430022C918CA7001F0C0FCBD
:10A63C0010BD70B50446DF480078C0070BD006206B
:10A64C00DB4A604380180121C170DB4B642221215D
:10A65C00204601F0B3FCD348D149604346181D2075
:10A66C00400131184879C00906D00879400703D554
:10A67C0001212046FFF7EAFC204601F0A5FC054627
:10A68C00172040013218117B0C200143117308076D
:10A69C00810F204601F0A8FA284670BD10B504467B
:10A6AC0001F098FC002804D00021204601F098FC11
:10A6BC0004E07022C149204601F06EFCC048005DE8
:10A6CC0010BD10B50446B748B54A60438018112236
:10A6DC0052010021801841741121204601F086FCA2
:10A6EC0019212046FFF79CFE204601F085FCB4485A
:10A6FC00005D10BD10B50446AA48A9496043411835
:10A70C0011204001091800224A74012008752046C6
:10A71C0001F072FCAA48005D10BD70B50446A94852
:10A72C00055D204601F06EFC0646A548005DA8427A
:10A73C0005D19D48A149025D204601F02DFC304613
:10A74C0070BD10B57D210446490101F061FC204625
:10A75C0001F064FC9720C0009B496043411807201E
:10A76C00C001091801228868120790438D4A0F23F3
:10A77C0054438B4A9B01A218D218D268D200D20F34
:10A78C0012071043886010BD8649854B4143C91898
:10A79C0010B5FF310022C131CA720621844B4143EE
:10A7AC005A54C918CA7001F03FFC10BD7D497C4A4F
:10A7BC004143891810B5FF31C131CA7A042A03D13B
:10A7CC00CA7BBF231A40CA7301F034FC10BD754B11
:10A7DC0002465A43724B30B5D218FF231533012071
:10A7EC009D5C8302D418E368012D10D09B005B0F95
:10A7FC00012B01D0022B26D1E37A5B075B0F032BD5
:10A80C0021D98323DB00D21801291DD012E09B0132
:10A81C005B0F012B01D0022B15D1E37A5B075B0F89
:10A82C001C1F032C0FD29B00D2188123DB00D218E3
:10A83C00012904D0002906D11168C90106E011686C
:10A84C00890103E0002030BD116849010029F9DAC3
:10A85C0030BDF7B584B00498602148435B490024AF
:10A86C00451850490498164648434D4902944018DF
:10A87C001121890140180094039048E00598006864
:10A88C00000C01905DD00146049801F0D9FB0746FD
:10A89C000199049801F0DAFB062F07D2002E53D051
:10A8AC00012E56D0012039016918C8713246214653
:10A8BC00019B049801F0D0FB0598641C0088E4B25D
:10A8CC000004000C01903CD00146049801F0B8FB48
:10A8DC0007460199049801F0B9FB062F07D2002E08
:10A8EC003CD0012E3FD0012039016918C871324685
:10A8FC002146019B049801F0AFFB0598641C001DD8
:10A90C0005900098E4B2401CC0B2009003980099E6
:10A91C00407F401E8842B1DC2249049848432049BC
:10A92C004018FF304130C17A022E21D209090901A9
:10A93C00082C00D908242207120F1143C1720021E0
:10A94C001FE001200290E7E70120390169188871A6
:10A95C00ACE70120390169180872A7E70120390119
:10A96C0069188871C3E70120390169180872BEE7BC
:10A97C000907090F082C00D9082422011143C172C0
:10A98C000121049801F06EFB0098062802D1029870
:10A99C0000281DD0002007B0F0BD0000EB1D0220E8
:10A9AC002C100220E4040000F61D0220204E0000B2
:10A9BC00404F0220504F022093300220FC6C0000CC
:10A9CC00F51D0220A800022010150220080002200C
:10A9DC000120E0E770B5F04D0120287001F048FB34
:10A9EC000024285D00280BD100220521204601F00F
:10A9FC0045FB204601F048FB0321204600F073FE86
:10AA0C00641C2406240EECD070BD10B5044601F075
:10AA1C0041FBE14A0121115510BD10B501F040FB7D
:10AA2C0010BDDE49DE4A4143891810B5FF221D32A4
:10AA3C0052580324D200930F012292028A18D16833
:10AA4C006405A143022B01D15B05C918D16001F04B
:10AA5C002DFB10BD10B5044601F02EFB002813D0C1
:10AA6C000621D04A61438918C97801290CD1CB49F8
:10AA7C004C43CB496218172149015118497C0829CC
:10AA8C0002D0092900D0002010BD10B5044601F0F9
:10AA9C0019FB0521204601F01BFB002810D1BF48F3
:10AAAC00BF4960434018172149014018407C0B28CE
:10AABC0006D11921204601F011FBBB492120085574
:10AACC0010BD10B5044601F00FFB11280FD1B3498E
:10AADC00B34A614389184031C97D8907890F02291E
:10AAEC0005D12C21204601F005FBB048005D10BDBE
:10AAFC0070B5054601F004FB044611280AD128461E
:10AB0C0001F004FB002805D02C21284601F0F2FAB4
:10AB1C00A648445D204670BD820F012A0BD0A44A82
:10AB2C000240830F0BD08000830D180502430029CF
:10AB3C0007D0900006E08005800D9E4908E00003D8
:10AB4C00F2E710039105800D890D4843FF21F53183
:10AB5C0048437047F7B582B0844603980090800F45
:10AB6C00019001224000114681406046870F780019
:10AB7C00401C82400A43D5B201216046FFF7CCFF4E
:10AB8C00064601210098FFF7C7FF0446019887424B
:10AB9C0017D0A80708D0E80701D0A6420CD8A80700
:10ABAC0007E0A64208D20AE0E80601D5A64203D87F
:10ABBC00A8060028F5DB02E0012005B0ECE6002039
:10ABCC00FBE7A8060190800F09D000216046FFF733
:10ABDC00A3FF074600210098FFF79EFF01E03746D0
:10ABEC002046A642E8D8A642E9D10199890F03D0A4
:10ABFC008742E1D88742E2D16849049848436849C2
:10AC0C00085CC20760460003810D03980003800DA9
:10AC1C00002A04D0AA0705D08142D0D2CCE78142C9
:10AC2C00CDD9C9E760468000810D00988000800D69
:10AC3C00F2E7F7B582B06946C97B002489090DD1CA
:10AC4C006D46E9895C4B1940AB7B6D7B1B022B433A
:10AC5C001B059B0D1B0119436D46E981810F05D125
:10AC6C00534901400003800D0005084307460003CB
:10AC7C00810D4A480091424349481018406802032C
:10AC8C00920D914229D3B90080058E0D800D86421C
:10AC9C0023D8039801F040FA054600213846FFF707
:10ACAC003BFF0146B80F04D001280DD0022814D167
:10ACBC000AE06B469A7B5B7B12021A4312050098E2
:10ACCC00920D904206D908E06846C0898004800D38
:10ACDC00864202D8A94200D8012420466DE7F1B57E
:10ACEC0084B0049801F01EFA2C4A049903902C4B62
:10ACFC0051434000CE18400F80003018803040681F
:10AD0C00019002906846C07900243746E4438209DA
:10AD1C004037032A07D05858002810D0585800281C
:10AD2C0031D000252CE00020397803E0032A04D030
:10AD3C00401CC0B28142F9D825E044B223E0002483
:10AD4C0021E0A8000F21301889014018C06801903B
:10AD5C00601C03D0A00030184018C0680090049A02
:10AD6C0002990198FFF765FF002807D0049A009913
:10AD7C000198FFF7EFFE002800D02C466D1C6DB239
:10AD8C003878A842DDDC601C00D10024641CFF363E
:10AD9C006136F475039810E7584F0220E404000064
:10ADAC002C100220404F0220EB1D0220F51D02202A
:10ADBC00FFFF0FC090D003000FC0FFFF7CB54B4DC1
:10ADCC002C466E6E6034AD6E0096019501F0B0F9B4
:10ADDC0072B6A088C005400F022814D168460088BE
:10ADEC00C005400F022804D04149002008604149A9
:10ADFC0008604148006DC00205D5404A5021092029
:10AE0C0001F028F802E0092001F098F962B67CBD47
:10AE1C0070B506463A48815D34293DD037293BD080
:10AE2C00A22939D0062937D00A2935D00B2933D09D
:10AE3C00344AB0001358344D2F4C75432C19254609
:10AE4C006035002B11D058012BD4282924D0206D2B
:10AE5C00800219D5002211462B2001F01FF8002882
:10AE6C001FD1206D80020FD41BE060688000810D23
:10AE7C00A06F0007800F03280FD002280FD00128E5
:10AE8C000AD1122088420CD3287FFF2804D100223B
:10AE9C001146304601F058F970BD3C20F2E71E20F7
:10AEAC00F0E7297FFF29F7D0304601F053F9FF2056
:10AEBC00287770BD70B504460D4600781349000222
:10AECC004018066B0720000306402946204601F077
:10AEDC0047F96078002807D1E078002804D1402198
:10AEEC00E8680E433043E86070BD0000C8190220CA
:10AEFC004C4F0220484F02202C1002203B2A0220EB
:10AF0C00F51D0220EC1D0220E4040000400909405C
:10AF1C0070B50D46044601F029F90949097848072E
:10AF2C000DD50848444308482018FF300130C17C37
:10AF3C00002904D1002D02D0417D891C417570BDC2
:10AF4C00504F0220E40400002C10022010B50446DF
:10AF5C0001F012F9FB49884208D1FB4A00218B0011
:10AF6C00D358A34203D10846FF30473010BD491CCB
:10AF7C000329F4D310BDFFB583B01446FF22049807
:10AF8C00193201250027811A904225D00DDCF04B97
:10AF9C000399EE4AFF38594305388E1800287CD0A7
:10AFAC0003282CD00A2827D11CE0EA48EA4A2F298A
:10AFBC0002D0302920D105E0C16A237801209840C5
:10AFCC00014304E0C16A2378012098408143116059
:10AFDC000D98002507600FE0E0480399405C272896
:10AFEC0044D009E0039801F0CDF800283ED0DB48AE
:10AFFC000399405C282839D0284607B0F0BD97212A
:10B00C000398C9004843D6494018D14950394118D2
:10B01C00019121784D07FF21793189596D0F002954
:10B02C0024D0002D22D00921C9014718B88A072144
:10B03C00400940010F300903884329030843B882B3
:10B04C000198AA00611C0092001D01F0A1F80720D4
:10B05C00401B8100009A01981018001D01F09EF809
:10B06C0020788006800F032802D007E00327AFE783
:10B07C00FF211431895D002900D104203874207817
:10B08C000007C10F0720C00130188173617FC90709
:10B09C00C90FC173A17F017400E011E0EFF31081BF
:10B0AC00CC07E40F72B6012141731821069B049A58
:10B0BC00039800F023FF0746002C89D162B687E77E
:10B0CC00039801F071F80325002812D001F072F8F2
:10B0DC00002836D0A3480068A34988420CD0A14868
:10B0EC000178442905D14178532902D1807843282D
:10B0FC0002D00D9805606BE7032109022620711818
:10B10C0088730421039801F05BF830464030C17D10
:10B11C002943C1752278002A07D07D204001424383
:10B12C00924B0B21039800F049FF8E489049016027
:10B13C0003993131C17019210120490171184875E9
:10B14C0046E70D987F49016042E708B58948006AD7
:10B15C00009008BD08B57C4A6B46121F126800921D
:10B16C00002280001B580AE0884206D1900010187B
:10B17C00401C181801F02AF808BD521CD2B29000DD
:10B18C001018185CFF28EFD1002008BDF7B57A49DC
:10B19C0006460D46486E82B06035896E774F019138
:10B1AC000090387D03994407640F304601F014F881
:10B1BC0001900398202802D0292835D114E070483A
:10B1CC000078000706D5022C01D0032C02D1387D63
:10B1DC00400704D00421304601F004F824E0092192
:10B1EC00304601F005F81FE05949A8884E435749ED
:10B1FC00C0057118096D400FC90212D5022813D170
:10B20C0068460088C005400F022804D05D49002024
:10B21C0008605D4908605D4A5021092000F01AFE63
:10B22C0002E0092000F08AFF019805B0F0BD484902
:10B23C0010B5464A41438C18E0210959CB060A0C3B
:10B24C000906DB0E890F012B14D1FF231B029A4236
:10B25C0010D1022901D003290CD14049095C602985
:10B26C0008D000F0CBFF002804D1FF344134E07843
:10B27C00022801D0012010BD002010BDF8B5DC2142
:10B28C0002464A43424955182C46203427792E7CD5
:10B29C00217E009100F0B8FF687E012800D1277153
:10B2AC006879012800D12E74607B012801D10098A7
:10B2BC002076F8BDFFB581B007460398022801D06F
:10B2CC000120B2E79720C0003946414324480818B2
:10B2DC00304945182F490B39411800910721C901F4
:10B2EC0044180A99C903C91DE180A28807210903E2
:10B2FC008A430A99002900D0022109030A43A2803B
:10B30C0013493A464A43114956187122D200314624
:10B31C0080184231062200F03BFF06211E4A794379
:10B32C008918009849790173FF201430805D012839
:10B33C0034D0002028700A98002836D0A088400409
:10B34C00430F35E021434D44344F02202C10022092
:10B35C00E40400000007064000060640F51D02202C
:10B36C0010150220A000022041505020B1CA01004B
:10B37C004453432000800320C8190220E81A0220FD
:10B38C00504F02204C4F0220484F02203B2A0220F3
:10B39C000C1D02208D030000404F02201921490191
:10B3AC0071182878897D0843C4E7E088C305DB0D54
:10B3BC00012000903846039A029900F02BFF0020E0
:10B3CC0033E700008307FF22DB0E9A408907090E42
:10B3DC00994000280BDA0007000F083883080E4844
:10B3EC009B001818C36993430B43C36170478308D0
:10B3FC000A489B001818036893430B43036070477B
:10B40C0010B500F00DFF00211920FFF7DBFF002124
:10B41C001A20FFF7D7FF10BD00ED00E000E400E0BC
:10B42C0010B531488169491C0024816101212046F5
:10B43C0000F0FCFE641C2406240EF7D02B4800F010
:10B44C00FBFE00F0FFFE10BD70B50646FF209130EC
:10B45C0000F0F2FE264831020D186C686000800F77
:10B46C0004D0E400E408304600F0F2FE00F0F6FEF2
:10B47C000920C006044223D00121304600F0F4FE1E
:10B48C001C49304648431C4922014018032109023B
:10B49C004118002A01DA072002E0600001D50820DB
:10B4AC008873FF21304600F0E5FE144B144A282126
:10B4BC00304600F083FD0120C0066860C000686063
:10B4CC00600102D5012080066860A00002D5012031
:10B4DC0040076860E00105D5304600F0D1FE012040
:10B4EC000006686070BD00007C260220007102001E
:10B4FC0000090940E40400002C10022061D701006F
:10B50C00B808000010B50C490D4C0A5C0B4901231E
:10B51C0041430919FF3161313F2A04D0322A04D04A
:10B52C004A2A04D004E00B7502E08B7400E0CB7463
:10B53C0000F0ACFE10BD0000F51D0220E40400007C
:10B54C002C100220FFB50746314930481D7879434D
:10B55C000E1883B01C46102D0DD10822A11C684674
:10B56C0000F016FE68460088000604D5FF200F3058
:10B57C00805D002808D023463846059A049900F0CF
:10B58C008BFE06000ED03FE01221204600F006FE96
:10B59C000D2080013018016908221143016103203C
:10B5AC0007B0F0BD1A48611C4743184838184030A2
:10B5BC00072D02D0122D27D10DE0C07D8007800F02
:10B5CC00022821D16078A2786B465A700122104370
:10B5DC001870087018E0807EC10703D00007400F78
:10B5EC00042811D1002000900190694602908878BF
:10B5FC00F72108406946887060780870A078487018
:10B60C000922601C00F0C4FD3046C9E72C10022052
:10B61C00E404000010B504460649002008552046F5
:10B62C0000F040FE002C04D1034801798908890000
:10B63C00017110BD584F0220281A02208307FF22E7
:10B64C00DB0E9A408907090E994000280BDA000797
:10B65C00000F0838830896489B001818C369934359
:10B66C000B43C3617047830892489B00181803680A
:10B67C0093430B43036070478F49904A41438918A9
:10B68C00192210B552018A181278602A02D000F0E3
:10B69C000FFE10BD032212028918CA7D012A08D0A0
:10B6AC00022AF6D1897E0029F3D11B2100F006FE77
:10B6BC0010BD497EF7E710B5044600F005FE7E4943
:10B6CC00204648437D49411819204001081800784C
:10B6DC004E2807D10021204600F0FCFD0121204618
:10B6EC0000F0FEFD10BD10B5EFF31082D407E40F8F
:10B6FC0072B60C290DD006DC09290AD00A2908D00B
:10B70C000B290ED105E00D2903D01E2901D01F29CC
:10B71C0007D1694A694B4243D2184032927ED20714
:10B72C0001D000F0E3FD002C00D162B610BD70B565
:10B73C000C4605460A2100F0D1FC2146284600F0B3
:10B74C00DBFD70BD70B505465B48294641435B483F
:10B75C000E18032000023018817E427E914201D9DE
:10B76C00012400E00024002C01D0022100E0012182
:10B77C00C175284600F0C6FD4F4850496843411832
:10B78C004031887E002C06D010221043887601228E
:10B79C002B46114605E0EF221040887601222B46FD
:10B7AC000021032000F0DAFB172040013018007B49
:10B7BC000007810F284600F017FA70BD10B54049FC
:10B7CC00097E49060BD53C4A3D4950433B4AC031A2
:10B7DC0080181922520109798018017210BD00F0ED
:10B7EC0097FD10BD10B5044600F098FD3248334962
:10B7FC0060434118086D800017D4FF31C131C87BFC
:10B80C00C043800711D10A695000400F022803D0B1
:10B81C00012803D0502104E0542100E0522190046F
:10B82C0003D50122204600F07FFD10BD10B5044663
:10B83C0000F080FD002809D01F494C431F496118B6
:10B84C00FF310131897B002900D1002010BD10B5DA
:10B85C00044600F075FD184818496043401817213C
:10B86C0049014018007B0007810F204600F0BCF90D
:10B87C0010BD70B5054672B600211A20FFF7DEFE2A
:10B88C0062B6012206200F496843441822712846EB
:10B89C0000F05CFD0020207119212846FEF7C0FD48
:10B8AC0072B603211A20FFF7C9FE62B670BD000004
:10B8BC0000ED00E000E400E0E40400002C100220A5
:10B8CC00C8190220404F02207CB504462AA205CAA2
:10B8DC00032601920090002924D02948294A60436C
:10B8EC008018FF221432125C002A08D1264BA200C9
:10B8FC009A585200520F012A01D8244D14E0FF30FF
:10B90C006130C07E8009032800D00A390620204A05
:10B91C006043801880786A464007400F105C4843AB
:10B92C00450801E0002502260221204600F014FD06
:10B93C00032E0DD117484543A80CFF2800D9FF2032
:10B94C00154A2102891848613146204600F004FD51
:10B95C007CBD0B490B4A4143891810B5FF310131AD
:10B96C00CA7C0E49012A04D008220A7000F0FAFCA5
:10B97C0010BD0522F9E700005F5A55504B463C328A
:10B98C00E40400002C100220EC1D0220130D00001A
:10B99C00404F0220670A0000800909400400022081
:10B9AC0010B5044600F0E4FC4D480B2144434D48CF
:10B9BC00890120184118098D89070AD111214901E3
:10B9CC004118497C002904D017220021520180180B
:10B9DC00417210BD10B5044600F0D0FC4048444301
:10B9EC0040482118CA1DFF32FA32D36B1020834312
:10B9FC0020310879C007C00E0343D36310BD384A09
:10BA0C00384B4243D21810B5FF2315339B5C012BE6
:10BA1C0002D000F0B9FC10BD8F21890051180B68C1
:10BA2C0080218B4330490022095CC907090E0B4366
:10BA3C00FF2101318B432D49095CC907C90D0B430B
:10BA4C0078218B43102100F0A5FC10BDFEB50646F5
:10BA5C00694600F0A5FC2248224970434418612035
:10BA6C00005DC00727D01E48E11D1E4AF931704306
:10BA7C0001918518097DFF35C13501290CD1EFF3F2
:10BA8C001080C707FF0F72B6E96B0291304600F0C9
:10BA9C008DFC002F00D162B60198007D00280AD1E0
:10BAAC00A86B0099884206D0112040012018817C97
:10BABC00042211438174304600F07AFAFEBD084925
:10BACC00084A41438918112210B592018918496816
:10BADC008900490F042901D100F06EFC10BD000053
:10BAEC00E40400002C10022095250220962502204B
:10BAFC0070B50546002903D0012100F063FC70BD30
:10BB0C00FFF794FE0028FAD0C0482C464443C048A6
:10BB1C002118096D8902F2D5005D400604D5BD4996
:10BB2C00A80008584001EAD40021284600F050FC37
:10BB3C0070BDF8B51C461546002922D0012920D02D
:10BB4C0002291ED0B149B44B4143B14A86009859E1
:10BB5C008F184100490F89007A188721895C89095F
:10BB6C001ED002291CD0012921D04006400E3221C2
:10BB7C004843286098590003400D14214843206025
:10BB8C00F8BD4A00481E01D5002100E0491E50189E
:10BB9C00401CFF21F53148432860A0481860F8BDCF
:10BBAC000003800D0A214843286098590FE0813228
:10BBBC0051791279090211430003984A0905800D45
:10BBCC00890D504300F00AFC2860934880594000CE
:10BBDC00400F8000381881304179027908021043F7
:10BBEC000005800D3221C9E7F0B58DB00746002065
:10BBFC0004460A900AAB0BAA3846FFF79AFF69462F
:10BC0C000F70562048708978CA08D20069468A702D
:10BC1C000F754875887DC008C00088756B20C8708A
:10BC2C00C8757F480326007902254007400F00287D
:10BC3C0054D0012878D002284ED10222082138464F
:10BC4C0000F01CFA062069464871052048760B98CE
:10BC5C00642148437D21C90000F0C0FB0B90642196
:10BC6C000A9800F0BBFB5C214843642100F0B6FB52
:10BC7C0069460A9001240E710D760879022877D056
:10BC8C0008AA0819127B827108AA527BC271C0796A
:10BC9C002A1B511848716846007E02286BD005A9F2
:10BCAC0008AA0819127A827108AA527AC271C0794C
:10BCBC002A1B51184871684600F01AF9044605A869
:10BCCC0000F016F9044307D056480178002903D137
:10BCDC000121017000F018F90DB0F0BD002208210F
:10BCEC00384600F0CBF90F20694648710A20487697
:10BCFC000B98642148434C4900F070FBFF38FF3827
:10BD0C0002380B9019200A99C001081A5C2148438B
:10BD1C00642100F063FBFF218901084069460A9009
:10BD2C000E760D71A9E7FFE701220821384600F0D5
:10BD3C00A5F90F20694648710A2048760B986421B2
:10BD4C004843364900F04AFB0B9019200A99C00170
:10BD5C00081A5C214843642100F040FBFF21890153
:10BD6C00084069460A900D710E7686E700E002E005
:10BD7C00888DC8808FE76946088D48839BE7FFB59F
:10BD8C0081B02A4E40000A9D0F463060012904D034
:10BD9C00104600F029FB012827D030680121084308
:10BDAC0030600B20022F02D1012D00D107207060D2
:10BDBC0000F020FB002802D00420706014E0B06872
:10BDCC00049901240870012D06D06F1EAC421AD2C2
:10BDDC00BC420CDA09200BE0022F14D00420706056
:10BDEC0000F008FB00280ED0012005B0F0BD0520A6
:10BDFC00706000F0FFFA0028DED1B0680499085595
:10BE0C00641CE4B2E2E70020EFE70000E404000069
:10BE1C002C100220EC1D0220F01D022088130000C3
:10BE2C00504F0220B92002201027000000000740CC
:10BE3C0003B40148019001BDA1B4010003B4014851
:10BE4C00019001BD3FB8010003B40148019001BD50
:10BE5C00EBC5010003B40148019001BDF9DB010001
:10BE6C0003B40148019001BD7F1C000003B40148DC
:10BE7C00019001BD191D000003B40148019001BDE2
:10BE8C00911D000003B40148019001BDB7EB010006
:10BE9C0003B40148019001BDF1C9010003B401488C
:10BEAC00019001BDC3CE010003B40148019001BD56
:10BEBC0063CE010003B40148019001BDB52100001F
:10BECC0003B40148019001BD6129000003B401488D
:10BEDC00019001BD75CA010003B40148019001BD78
:10BEEC0073D9010003B40148019001BD99350000DC
:10BEFC0003B40148019001BD69CD010003B40148B0
:10BF0C00019001BDF9CA010003B40148019001BDC3
:10BF1C0005CD010003B40148019001BDA5CC010081
:10BF2C0003B40148019001BD855D000003B40148D4
:10BF3C00019001BD57D5010003B40148019001BD2A
:10BF4C002F5E000003B40148019001BDC55F0000E5
:10BF5C0003B40148019001BDABCE010003B401480C
:10BF6C00019001BDB7CE010003B40148019001BDA1
:10BF7C00DBCE010003B40148019001BD15CA0100DC
:10BF8C0003B40148019001BD33C9010003B4014859
:10BF9C00019001BD2767000003B40148019001BD69
:10BFAC0021DB010003B40148019001BD09AE000082
:10BFBC0003B40148019001BD31E5010003B401480F
:10BFCC00019001BDEDDB010003B40148019001BDFE
:10BFDC0039D8000003B40148019001BD2FCF0100F6
:10BFEC0003B40148019001BD3FE2010003B40148D4
:10BFFC00019001BDF7D1010003B40148019001BDCE
:10C00C008D69000003B40148019001BDA9ED000049
:10C01C0003B40148019001BD81DB010003B4014868
:10C02C00019001BD8771000003B40148019001BD6E
:10C03C0097A3000003B40148019001BD05BC0000AA
:10C04C0003B40148019001BDF7D0010003B40148CD
:10C05C00019001BDBFD2010003B40148019001BDA4
:10C06C00CBD0010003B40148019001BD8FDC01006D
:10C07C0003B40148019001BDEFC0000003B40148B6
:10C08C00019001BDAFC7010003B40148019001BD8F
:10C09C00EDDC010003B40148019001BDFDF6000088
:10C0AC0003B40148019001BD13EC000003B4014836
:10C0BC00019001BDD178000003B40148019001BD8D
:10C0CC00BDA4000003B40148019001BD5FB50000A0
:10C0DC0003B40148019001BD5FE0010003B40148C5
:10C0EC00019001BDBDDB010003B40148019001BD0D
:10C0FC003DD9000003B40148019001BD5FCF0100A0
:10C10C0003B40148019001BDA7DF000003B401484E
:10C11C00019001BDCBCF010003B40148019001BDDA
:10C12C0017CF010003B40148019001BD2F75000029
:10C13C0003B40148019001BD3710010003B401485C
:10C14C00019001BDC9DB010003B40148019001BDA0
:10C15C0049D7010003B40148019001BD01D701008A
:10C16C0003B40148019001BDA30D010003B40148C3
:10C17C00019001BDEF1A010003B40148019001BD0B
:10C18C00673B000003B40148019001BD4BDE010088
:10C19C0003B40148019001BDF1E8010003B401486A
:10C1AC00019001BD27E9010003B40148019001BDD4
:10C1BC0013E0010003B40148019001BD21CA010044
:10C1CC0003B40148019001BD4FE5010003B40148DF
:10C1DC00019001BD3DE9010003B40148019001BD8E
:10C1EC00112A000003B40148019001BD45C60100AD
:10C1FC0003B40148019001BD7FDD010003B4014887
:10C20C00019001BD85DC010003B40148019001BD22
:10C21C0017A2000003B40148019001BD39D80100F8
:10C22C0003B40148019001BD5727010003B4014834
:10C23C00019001BD7BDE010003B40148019001BDFA
:10C24C00D500000003B40148019001BDA12E0100EE
:10C25C0003B40148019001BD11DD010003B4014894
:10C26C00019001BDA5D9010003B40148019001BDA5
:10C27C0097E5010003B40148019001BD6DD70100A1
:10C28C0003B40148019001BDC7C6010003B40148C5
:10C29C00019001BDAD32010003B40148019001BD14
:10C2AC00CF3D010003B40148019001BD934B010047
:10C2BC0003B40148019001BDC75C010003B40148FF
:10C2CC00019001BD73DD010003B40148019001BD73
:10C2DC00214E010003B40148019001BDA5E101000C
:10C2EC0003B40148019001BDAFE1010003B4014862
:10C2FC00019001BDC1A0010003B40148019001BD32
:10C30C00F551010003B40148019001BDC95A010067
:10C31C0003B40148019001BD9F63010003B40148BF
:10C32C00019001BD9D56010003B40148019001BD6F
:10C33C0011CD010003B40148019001BD457301000A
:10C34C0003B40148019001BDB758010003B4014882
:10C35C00019001BDF14E010003B40148019001BDF3
:10C36C004BE1010003B40148019001BDED7E0100D9
:10C37C0003B40148019001BD238A010003B40148B4
:10C38C00019001BDE78B010003B40148019001BD90
:10C39C00A188010003B40148019001BD33E2010002
:10C3AC0003B40148019001BD2FE3010003B401481F
:10C3BC00019001BD23E3010003B40148019001BDCC
:10C3CC00D392010003B40148019001BD75A2010094
:10C3DC0003B40148019001BDA3D4010003B401488A
:10C3EC00019001BDC5E8010003B40148019001BDF5
:10C3FC00C9CC010003B40148019001BDBDCC0100C2
:10C40C006A924E022028E04E022055EC4E02207912
:10C41C00044F02202BF84E0220FF00000000A40065
:10C42C0009400101A80009400101AC0009400101CB
:10C43C00B00009400101B40009400101474F02203E
:10C44C000101104F02200101C00009400101C4008C
:10C45C0009400101C80009400101CC00094001015B
:10C46C00464F02200101104F02200181831002204F
:10C47C000302424F02200181EA1902200102504FAF
:10C48C0002200182F41902200402544F022004827B
:10C49C006E1002200602454F0220018200000000AF
:10C4AC001D0017001F01230139004C003200300021
:10C4BC003600150015043B0049000000744E0220A4
:10C4CC0058585858475073684750736C0000000018
:10C4DC000000000000000000000000000000000050
:10C4EC000000000000000000000000000000000040
:10C4FC000000000000000000000000000000000030
:10C50C00000000000000000000000000000000001F
:10C51C00000000000000000000000000000000000F
:10C52C0000000000FFFFFFFFFFFFFFFFFFFFFFFF0B
:10C53C00FFFFFFFFFFFFFFFFFFFFFFFFFFFFFFFFFF
:10C54C00FFFFFFFFFFFFFFFFFFFFFFFFFFFFFFFFEF
:10C55C00FFFFFFFFFFFFFFFFFFFFFFFFFFFFFFFFDF
:10C56C00FFFFFFFFFFFFFFFFFFFFFFFFFFFFFFFFCF
:10C57C00FFFFFFFFFFFFFFFFFFFFFFFFFFFFFFFFBF
:10C58C00FFFFFFFFFFFFFFFFFFFFFFFFFFFFFFFFAF
:10C59C00FFFFFFFFFFFFFFFFFFFFFFFFFFFFFFFF9F
:10C5AC00FFFFFFFFFFFFFFFFFFFFFFFFFFFFFFFF8F
:10C5BC00FFFFFFFFFFFFFFFFFFFFFFFFFFFFFFFF7F
:10C5CC00FFFFFFFFFFFFFFFFFFFFFFFFFFFFFFFF6F
:10C5DC00FFFFFFFFFFFFFFFFFFFFFFFFFFFFFFFF5F
:10C5EC00FFFFFFFFFFFFFFFFFFFFFFFFFFFFFFFF4F
:10C5FC00FFFFFFFFFFFFFFFFFFFFFFFFFFFFFFFF3F
:10C60C00FFFFFFFFFFFFFFFFFFFFFFFFFFFFFFFF2E
:10C61C00FFFFFFFFFFFFFFFFFFFFFFFFFFFFFFFF1E
:10C62C00FFFFFFFFFFFFFFFFFFFFFFFFFFFFFFFF0E
:10C63C00FFFFFFFFFFFFFFFFFFFFFFFFFFFFFFFFFE
:10C64C00FFFFFFFFFFFFFFFFFFFFFFFFFFFFFFFFEE
:10C65C00FFFFFFFFFFFFFFFFFFFFFFFFFFFFFFFFDE
:10C66C00FFFFFFFFFFFFFFFFFFFFFFFFFFFFFFFFCE
:10C67C00FFFFFFFFFFFFFFFFFFFFFFFFFFFFFFFFBE
:10C68C00FFFFFFFFFFFFFFFFFFFFFFFFFFFFFFFFAE
:10C69C00FFFFFFFFFFFFFFFFFFFFFFFFFFFFFFFF9E
:10C6AC00FFFFFFFFFFFFFFFFFFFFFFFFFFFFFFFF8E
:10C6BC00FFFFFFFFFFFFFFFFFFFFFFFFFFFFFFFF7E
:10C6CC00FFFFFFFFFFFFFFFFFFFFFFFFFFFFFFFF6E
:10C6DC00FFFFFFFFFFFFFFFFFFFFFFFFFFFFFFFF5E
:10C6EC00FFFFFFFFFFFFFFFFFFFFFFFFFFFFFFFF4E
:10C6FC00FFFFFFFFFFFFFFFFFFFFFFFFFFFFFFFF3E
:10C70C00FFFFFFFFFFFFFFFFFFFFFFFFFFFFFFFF2D
:10C71C00FFFFFFFFFFFFFFFFFFFFFFFFFFFFFFFF1D
:10C72C00FFFFFFFFFFFFFFFFFFFFFFFFFFFFFFFF0D
:10C73C00FFFFFFFFFFFFFFFFFFFFFFFFFFFFFFFFFD
:10C74C00FFFFFFFFFFFFFFFFFFFFFFFFFFFFFFFFED
:10C75C00FFFFFFFFFFFFFFFFFFFFFFFFFFFFFFFFDD
:10C76C00FFFFFFFFFFFFFFFFFFFFFFFFFFFFFFFFCD
:10C77C00FFFFFFFFFFFFFFFFFFFFFFFFFFFFFFFFBD
:10C78C00FFFFFFFFFFFFFFFFFFFFFFFFFFFFFFFFAD
:10C79C00FFFFFFFFFFFFFFFFFFFFFFFFFFFFFFFF9D
:10C7AC00FFFFFFFFFFFFFFFFFFFFFFFFFFFFFFFF8D
:10C7BC00FFFFFFFFFFFFFFFFFFFFFFFFFFFFFFFF7D
:10C7CC00FFFFFFFFFFFFFFFFFFFFFFFFFFFFFFFF6D
:10C7DC00FFFFFFFFFFFFFFFFFFFFFFFFFFFFFFFF5D
:10C7EC00FFFFFFFFFFFFFFFFFFFFFFFFFFFFFFFF4D
:10C7FC00FFFFFFFFFFFFFFFFFFFFFFFFFFFFFFFF3D
:10C80C00FFFFFFFFFFFFFFFFFFFFFFFFFFFFFFFF2C
:10C81C00FFFFFFFFFFFFFFFFFFFFFFFFFFFFFFFF1C
:10C82C00FFFFFFFF0100E0ACFEFFFFFF0010000068
:10C83C00002900003699641100000000FFFFFFFF83
:10C84C00FFFFFFFFFFFFFFFFFFFFFFFFFFFFFFFFEC
:10C85C00FFFFFFFFFFFFFFFF610509F5FFFFFFFF74
:10C86C00FFFFFFFFFFFFFFFF000400008000000040
:10C87C00FFFFFFFFFFFFFFFFFFFFFFFFFFFFFFFFBC
:10C88C00FFFFFFFFFFFFFFFFFFFFFFFFFFFFFFFFAC
:10C89C00FFFFFFFFFFFFFFFFFFFFFFFFFFFFFFFF9C
:10C8AC00FFFFFFFF0100CC0287D8CDF50000000090
:10C8BC000000000031202020FA5532001A040F1617
:10C8CC00000A0A30304D000000000000030F170072
:10C8DC000A08040002000000000000000F230003FF
:10C8EC0000E001000F270009050914001C070000D7
:10C8FC0050510F28000302082F000F290003D250BB
:10C90C00C9000F2B000700020000010000000F32CD
:10C91C00001E01A82A2C9101262CD102002CB10456
:10C92C0000F44106000000000000000000000000C0
:10C93C00000F33001C042C9101102CD102002CB1DF
:10C94C000400F44106004541060000000000000010
:10C95C0000000F37000F3B401F6490910100000056
:10C96C000000000000000F4200020A00000F470008
:10C97C001806510440955104000005090000000000
:10C98C00006800000000000000470F510005000681
:10C99C00000000000F520006008000000000000F95
:10C9AC005600013F800F5C0030300000000000009A
:10C9BC00000010000000000000300000000000002B
:10C9CC0000000C000000000000000000000000004F
:10C9DC00000000000000000000000F6200070000D3
:10C9EC00012D000000000F64000A6B000000000025
:10C9FC0000000000000F77000D0000000000000098
:10CA0C000000000000007F0F7B000F0002FFFF0002
:10CA1C000000000000000000000000640064006AD8
:10CA2C0000700076007C00820088008E0094009AD2
:10CA3C0000A000A600AC00B100B700BC00C200C74B
:10CA4C0000CD00D300D900DF00E500EA00F000F5CE
:10CA5C0000FA00FF0005010A010F0114011A011F61
:10CA6C000125012A012F0135013A013F0144014AF8
:10CA7C00014A014A014F0155015501550155012348
:10CA8C000300000E8223030032370223030004A0AC
:10CA9C004123030002000F23030034301001030074
:10CAAC0004A04101030002000F02030004A0410294
:10CABC00030002000F3C030004A0413C03000200F1
:10CACC000F27030006D40E27020009402803000696
:10CADC005C1A280200094029030006F423290200ED
:10CAEC000940250300000E8225030032370225037E
:10CAFC000004A04125030002000F25030034301070
:10CB0C002702000D4B2703000B026C27020012407A
:10CB1C0028020014182802000D4B2803000B04C433
:10CB2C00280200124029020014182902000D4B297A
:10CB3C0003000B06B829020012042503000104ECC3
:10CB4C002502001080250300030025020014D40EDA
:10CB5C00250200110025020008C32502000900006F
:10CB6C00000000581A000000003200000000F423FE
:10CB7C0000000000000000000000000000000000A9
:10CB8C000000000000000000000000000000000099
:10CB9C000000000000000000000000000000000089
:10CBAC000000000000000000000000000000000079
:10CBBC000000000000000000000000000000000069
:10CBCC000000000000000000000000000000000059
:10CBDC000000000000000000000000000000000049
:10CBEC000000000000000000000000000000000039
:10CBFC000000000000000000000000000000000029
:10CC0C000000000000000000000000000000000018
:10CC1C000000000000000000000000000000000008
:10CC2C0000000000000000000000000000000000F8
:10CC3C0000000000000000000000000000000000E8
:10CC4C0000000000000000000000000000000000D8
:10CC5C0000000000000000000000000000000000C8
:10CC6C0000000000000000000000000000000000B8
:10CC7C0000000000000000000000000000000000A8
:10CC8C000000000000000000000000000000000098
:10CC9C000000000000000000000000000000000088
:10CCAC000000000000000000000000000000000078
:10CCBC000000000000000000000000000000000068
:10CCCC000000000000000000000000000000000058
:10CCDC000000000000000000000000000000000048
:10CCEC000000000000000000000000000000000038
:10CCFC000000000000000000000000000000000028
:10CD0C000000000000000000000000000000000017
:10CD1C000000000000000000000000000000000007
:10CD2C0000000000000000000000000000000000F7
:10CD3C0000000000000000000000000000000000E7
:10CD4C0000000000000000000000000000000000D7
:10CD5C0000000000000000000000000000000000C7
:10CD6C0000000000000000000000000000000000B7
:10CD7C0000000000000000000000000000000000A7
:10CD8C000000000000000000000000000000000097
:10CD9C000000000000000000000000000000000087
:10CDAC000000000000000000000000000000000077
:10CDBC000000000000000000000000000000000067
:10CDCC000000000000000000000000000000000057
:10CDDC000000000000000000000000000000000047
:10CDEC000000000000000000000000000000000037
:10CDFC000000000000000000000000000000000027
:10CE0C000000000000000000000000000000000016
:10CE1C000000000000000000000000000000000006
:10CE2C0000000000000000000000000000000000F6
:10CE3C0000000000000000000000000000000000E6
:10CE4C0000000000000000000000000000000000D6
:10CE5C0000000000000000000000000000000000C6
:10CE6C0000000000000000000000000000000000B6
:10CE7C0000000000000000000000000000000000A6
:10CE8C000000000000000000000000000000000096
:10CE9C000000000000000000000000000000000086
:10CEAC000000000000000000000000000000000076
:10CEBC000000000000000000000000000000000066
:10CECC000000000000000000000000000000000056
:10CEDC000000000000000000000000000000000046
:10CEEC000000000000000000000000000000000036
:10CEFC000000000000000000000000000000000026
:10CF0C000000000000000000000000000000000015
:10CF1C000000000000000000000000000000000005
:10CF2C0000000000000000000000000000000000F5
:10CF3C0000000000000000000000000000000000E5
:10CF4C0000000000000000000000000000000000D5
:10CF5C0000000000000000000000000000000000C5
:10CF6C0000000000000000000000000000000000B5
:10CF7C0000000000000000000000000000000000A5
:10CF8C000000000000000000000000000000000095
:10CF9C000000000000000000000000000000000085
:10CFAC000000000000000000000000000000000075
:10CFBC000000000000000000000000000000000065
:10CFCC000000000000000000000000000000000055
:10CFDC000000000000000000000000000000000045
:10CFEC000000000000000000000000000000000035
:10CFFC000000000000000000000000000000000025
:10D00C000000000000000000000000000000000014
:10D01C000000000000000000000000000000000004
:10D02C0000000000000000000000000000000000F4
:10D03C0000000000000000000000000000000000E4
:10D04C0000000000000000000000000000000000D4
:10D05C0000000000000000000000000000000000C4
:10D06C0000000000000000000000000000000000B4
:10D07C0000000000000000000000000000000000A4
:10D08C000000000000000000000000000000000094
:10D09C000000000000000000000000000000000084
:10D0AC000000000000000000000000000000000074
:10D0BC000000000000000000000000000000000064
:10D0CC000000000000000000000000000000000054
:10D0DC000000000000000000000000000000000044
:10D0EC000000000000000000000000000000000034
:10D0FC000000000000000000000000000000000024
:10D10C000000000000000000000000000000000013
:10D11C000000000000000000000000000000000003
:10D12C0000000000000000000000000000000000F3
:10D13C0000000000000000000000000000000000E3
:10D14C0000000000000000000000000000000000D3
:10D15C0000000000000000000000000000000000C3
:10D16C0000000000000000000000000000000000B3
:10D17C0000000000000000000000000000000000A3
:10D18C000000000000000000000000000000000093
:10D19C000000000000000000000000000000000083
:10D1AC000000000000000000000000000000000073
:10D1BC000000000000000000000000000000000063
:10D1CC000000000000000000000000000000000053
:10D1DC000000000000000000000000000000000043
:10D1EC000000000000000000000000000000000033
:10D1FC000000000000000000000000000000000023
:10D20C000000000000000000000000000000000012
:10D21C000000000000000000000000000000000002
:10D22C0000000000000000000000000000000000F2
:10D23C0000000000000000000000000000000000E2
:10D24C0000000000000000000000000000000000D2
:10D25C0000000000000000000000000000000000C2
:10D26C0000000000000000000000000000000000B2
:10D27C0000000000000000000000000000000000A2
:10D28C000000000000000000000000000000000092
:10D29C000000000000000000000000000000000082
:10D2AC000000000000000000000000000000000072
:10D2BC000000000000000000000000000000000062
:10D2CC000000000000000000000000000000000052
:10D2DC000000000000000000000000000000000042
:10D2EC000000000000000000000000000000000032
:10D2FC000000000000000000000000000000000022
:10D30C000000000000000000000000000000000011
:10D31C000000000000000000000000000000000001
:10D32C0000000000000000000000000000000000F1
:10D33C0000000000000000000000000000000000E1
:10D34C0000000000000000000000000000000000D1
:10D35C0000000000000000000000000000000000C1
:10D36C0000000000000000000000000000000000B1
:10D37C0000000000000000000000000000000000A1
:10D38C000000000000000000000000000000000091
:10D39C000000000000000000000000000000000081
:10D3AC000000000000000000000000000000000071
:10D3BC000000000000000000000000000000000061
:10D3CC000000000000000000000000000000000051
:10D3DC000000000000000000000000000000000041
:10D3EC000000000000000000000000000000000031
:10D3FC000000000000000000000000000000000021
:10D40C000000000000000000000000000000000010
:10D41C000000000000000000000000000000000000
:10D42C0000000000000000000000000000000000F0
:10D43C0000000000000000000000000000000000E0
:10D44C0000000000000000000000000000000000D0
:10D45C0000000000000000000000000000000000C0
:10D46C0000000000000000000000000000000000B0
:10D47C0000000000000000000000000000000000A0
:10D48C000000000000000000000000000000000090
:10D49C000000000000000000000000000000000080
:10D4AC000000000000000000000000000000000070
:10D4BC000000000000000000000000000000000060
:10D4CC000000000000000000000000000000000050
:10D4DC000000000000000000000000000000000040
:10D4EC000000000000000000000000000000000030
:10D4FC000000000000000000000000000000000020
:10D50C00000000000000000000000000000000000F
:10D51C0000000000000000000000000000000000FF
:10D52C0000000000000000000000000000000000EF
:10D53C0000000000000000000000000000000000DF
:10D54C0000000000000000000000000000000000CF
:10D55C0000000000000000000000000000000000BF
:10D56C0000000000000000000000000000000000AF
:10D57C00000000000000000000000000000000009F
:10D58C00000000000000000000000000000000008F
:10D59C00000000000000000000000000000000007F
:10D5AC00000000000000000000000000000000006F
:10D5BC00000000000000000000000000000000005F
:10D5CC00000000000000000000000000000000004F
:10D5DC00000000000000000000000000000000003F
:10D5EC00000000000000000000000000000000002F
:10D5FC00000000000000000000000000000000001F
:10D60C00000000000000000000000000000000000E
:10D61C0000000000000000000000000000000000FE
:10D62C0000000000000000000000000000000000EE
:10D63C0000000000000000000000000000000000DE
:10D64C0000000000000000000000000000000000CE
:10D65C0000000000000000000000000000000000BE
:10D66C0000000000000000000000000000000000AE
:10D67C00000000000000000000000000000000009E
:10D68C00000000000000000000000000000000008E
:10D69C00000000000000000000000000000000007E
:10D6AC00000000000000000000000000000000006E
:10D6BC00000000000000000000000000000000005E
:10D6CC00000000000000000000000000000000004E
:10D6DC00000000000000000000000000000000003E
:10D6EC00000000000000000000000000000000002E
:10D6FC00000000000000000000000000000000001E
:10D70C00000000000000000000000000000000000D
:10D71C0000000000000000000000000000000000FD
:10D72C0000000000000000000000000000000000ED
:10D73C0000000000000000000000000000000000DD
:10D74C0000000000000000000000000000000000CD
:10D75C0000000000000000000000000000000000BD
:10D76C0000000000000000000000000000000000AD
:10D77C00000000000000000000000000000000009D
:10D78C00000000000000000000000000000000008D
:10D79C00000000000000000000000000000000007D
:10D7AC00000000000000000000000000000000006D
:10D7BC00000000000000000000000000000000005D
:10D7CC00000000000000000000000000000000004D
:10D7DC00000000000000000000000000000000003D
:10D7EC00000000000000000000000000000000002D
:10D7FC00000000000000000000000000000000001D
:10D80C00000000000000000000000000000000000C
:10D81C0000000000000000000000000000000000FC
:10D82C000000000068281900000000005C4F022076
:10D83C00404F02205C4F0220D926022005B1610026
:10D84C00000509F57E3DC70AAD0634020000000054
:10D85C000029022000000000000000000000000071
:10D86C0084C4625FF0B58BB000F098FA7B497A48BB
:10D87C0008607C487A4901627C4A7B4951607D4F43
:10D88C007B497E4BF9627C49D96378497C4AE0310B
:10D89C008A637C4ACA637C4A40310A609C467C4A53
:10D8AC007A4B0992D3633A4680327A4B08921361D1
:10D8BC00794A3A637A4C794AA2607A4A0A61744A84
:10D8CC0079498032916101468031784A01914A62EE
:10D8DC00794A06467649C036F16176495160C51FD2
:10D8EC00D31D7649F93D6963F93375499962294627
:10D8FC004039744A07914A61604A734940329E46E6
:10D90C00069251607149634619627149D962714935
:10D91C00C16371498162714941627149C162714946
:10D92C00F16371494163714873461863114670483D
:10D93C00E061C0316F480091086031466E48C031DB
:10D94C00C8636F496D4848602246C03A6D48D06143
:10D95C00114680316C4805910862FF3101316B48EA
:10D96C00049148626A4858626A48906131466A4834
:10D97C0080390860694868614F486949803803906C
:10D98C000161C03067490290C163069A66485061D4
:10D99C0029466648803108622146654880394862CC
:10D9AC0064488078002809D06348C168002902D0F7
:10D9BC00806802F03DF861490720087002F03EF8DB
:10D9CC005F48A06304985F49016101985E49C16397
:10D9DC0009985E4901615E4870612D485D49803847
:10D9EC00016102995C4A0A632D4A5C4940325163D9
:10D9FC005B4961625B4921625B49B1625B4981624F
:10DA0C0005985B4941635B48A86007985A490160D7
:10DA1C0008985A49C16300985949C1611C49594831
:10DA2C00C031886003985849016019495748403102
:10DA3C00C8630E4956482031486056485C3108602E
:10DA4C0001985549C1625548F863009854490162E0
:10DA5C00544828630BB0F0BD21300220DC080220B2
:10DA6C00952E02209C070220A73002205001022094
:10DA7C00C12A02209C050220154402209C0E022083
:10DA8C00113102203731022069310220753E02200B
:10DA9C005C0B0220DD2A0220EF2A0220ED4002203E
:10DAAC005C0D02208F310220953E0220B7310220FE
:10DABC00FD310220213202201C0A0220C139022031
:10DACC00EB390220B72C0220C144022073440220FF
:10DADC0049440220392B0220092E02207D2E0220DF
:10DAEC00F12D0220C73202202D2F0220BF3B022035
:10DAFC002B4102205B410220493402207F3402205A
:10DB0C00F002022089400220A34102203D43022062
:10DB1C00C93B0220B93F0220CD2F0220013C02203C
:10DB2C008F3402203138022033450220852D02200B
:10DB3C0059420220A82502207C260220C42502205E
:10DB4C0031420220C743022097340220A33C02201A
:10DB5C00F13C02208538022029390220A142022002
:10DB6C00C3420220B9410220C93402208539022067
:10DB7C00E74202204B2C0220632C02208D2C022029
:10DB8C0065450220793F0220FF340220BD3E022071
:10DB9C00373502206535022053370220DF2B022057
:10DBAC00F3470220E12C022010B50B68C0011C1AAF
:10DBBC0024121B1B0B601168814202DB081A8012B5
:10DBCC00081A106010BDF8B50026344618482146D6
:10DBDC00414318480818192149014118097860294E
:10DBEC0018D1006DC00215D50126002C1ED00620C0
:10DBFC0001F02AFF1049A500104F6A18E919FFF728
:10DC0C00D3FF785B0E49C01108550B480D49405B9A
:10DC1C00C0110855641C2406240ED7D0002E04D045
:10DC2C00094A5021092001F015FFF8BD0520DFE756
:10DC3C00E40400002C100220484F02204C4F02201C
:10DC4C00474F0220464F02203B2A022010B50129E3
:10DC5C0004D1044B82009A58002A01D001F000FF35
:10DC6C0010BD0000EC1D0220024610B500202B2A2E
:10DC7C0002D0104601F0FAFE10BD10B501F0FCFE0A
:10DC8C0041480168C022914301604048416A4022EA
:10DC9C009143416210BD30B504463D4B0020024615
:10DCAC009D1820352D796D066D0EA54202D10A54B2
:10DCBC00401CC0B2521CD2B20D2AF1D3002800D1A4
:10DCCC00FF2030BDF0B585B00D46012A01D1C0183A
:10DCDC00C0B26946FFF7DFFF0746FF2831D00024AA
:10DCEC002C4E2CE02A4829463038026D6846035DDC
:10DCFC00012098400240D20404D0012D02D8012109
:10DD0C00491BC9B20B0001F0BDFE0504070C12162D
:10DD1C001800F16A814301E0F16A01431E48016079
:10DD2C000BE0316881433160B16A014301E0B16AB3
:10DD3C008143B16201E001F0ABFE641CE4B2BC4271
:10DD4C00D0D305B0F0BD10B50C46204206D0002251
:10DD5C0011464F2001F0A2FE002805D1002C03D063
:10DD6C001621002001F0A0FE10BD10B501240B46B9
:10DD7C004F2804D001F09EFE0446204610BD1146EB
:10DD8C001846FFF7E0FFF8E70005064000410940A0
:10DD9C00F819022000070640000606404F48504B79
:10DDAC00C17E807E090201431B200A07120F092A3B
:10DDBC0001D9373200E030321A54401E0909C0B282
:10DDCC001928F2D8302058779877D87744483321DF
:10DDDC0020300170704710B5EFF31084E407E40FA6
:10DDEC0072B601F06DFE002C00D162B610BD10B5FC
:10DDFC0001243C48A406046000213B4801F066FE67
:10DE0C003A49072088613A480460364880380460F3
:10DE1C00601301F061FE10BD10B501243148640699
:10DE2C0004600021334801F051FE3349072088611A
:10DE3C002F4804602B4880380460201301F04CFEFE
:10DE4C0010BD2E492E4A10B541438B181A46072493
:10DE5C00E40140321B19D17D1B7D89089B07890089
:10DE6C009B0F1943D17501F03DFE10BDFFB585B078
:10DE7C0016466A460E9904461070462050709078EB
:10DE8C00E722C008C000104010306A469070087835
:10DE9C00802210436A46D07048785071887890710F
:10DEAC00184804901D46684601F022FE002803D055
:10DEBC00154F3878002802D0032009B0F0BD2B464E
:10DECC0032462046069901F019FE104DA400285147
:10DEDC000120387001F018FE2859EEE79826022030
:10DEEC007800022080E100E000000B4000080B40AD
:10DEFC0080E200E00000034000080340E40400005E
:10DF0C002C100220B9CB0100B9200220201E0220C7
:10DF1C00F8B50746087800240E46002828D00828B3
:10DF2C0002D90825083801E0054600203070387900
:10DF3C003178401A401BC0B2009008E000980019DC
:10DF4C00C01941790B4801F0E5FD641CE4B2AC4208
:10DF5C00F4D3012107488902C16102690A430261B5
:10DF6C003078002801D0022000E00320024908701C
:10DF7C00F8BD000000000740B920022010B5EFF3F7
:10DF8C001084E407E40F72B601F0CAFD002C00D136
:10DF9C0062B610BDF7B50646EFF31080C507ED0F5E
:10DFAC0072B60198192826D17B487C4970434418D5
:10DFBC0060342078800611D50121304600F007FA34
:10DFCC00DF27002802D1207838402070304601F03D
:10DFDC00ADFD012802D12078384020702078C00691
:10DFEC0009D50021304600F0F2F9002803D1207841
:10DFFC00EF21084020703046029A019901F09CFDF7
:10E00C00002D00D162B6FEBD10B5EFF31083DC0716
:10E01C00E40F72B601F096FD002C00D162B610BD73
:10E02C00FEB505460123684603700C46002001909E
:10E03C0059495A4869430A18192C02D0332C1AD062
:10E04C001FE016466036B078010706D51146403100
:10E05C008F7FBF07BF0F1F438F770621504B69433C
:10E06C00C9180979012926D0517EC90709D0BF21C9
:10E07C000840B07005E01120400110180078C0066F
:10E08C0019D52146284601F063FD572C13D26A4658
:10E09C0021462846FFF7B8FF6A4621462846FFF777
:10E0AC0079FF68460078002805D06B4601AA214606
:10E0BC002846FFF763FFFEBDF0B5064639480F460C
:10E0CC00014687B00EC904AC0EC443690269C1682D
:10E0DC008069002404AD02930192009103906000CA
:10E0EC0041194978285C3346012201F037FD641C44
:10E0FC00E4B2062CF3D32848284A70438018072230
:10E10C00D2010021801881750A4633460121432033
:10E11C0001F024FD002F1DD1304601F025FD3046C5
:10E12C0001F028FD00246D46600041194978285CF7
:10E13C003346012201F012FD641CE4B2072CF3D328
:10E14C001948C06EC00605D53346012200213F2078
:10E15C0001F004FD07B0F0BDF8B515460F460446B6
:10E16C00012901D14019C4B2204601F009FD06462F
:10E17C002A463946204601F009FD2F2C0BD1FF28E9
:10E18C0009D0094901230A6D1946B1400A40D2044D
:10E19C0001D0181A1840F8BDE40400002C1002201D
:10E1AC00404F0220144F0220C8190220F8B5044633
:10E1BC00FC4DFA4AFA4811236543115D5B0128189E
:10E1CC00FF26C518002918D12978EF23194029708A
:10E1DC00C17C490611D5016DC90305D4172149012C
:10E1EC004018407C162818D102201055EE48EF49F3
:10E1FC00025D204601F0D0FC0FE02878C006C70F66
:10E20C00204601F0CFFC0646002F06D12878C00628
:10E21C0003D533212046FFF703FF3046F8BD062116
:10E22C00E34B10B541430022C918CA7001F0C0FC81
:10E23C0010BD70B50446DF480078C0070BD006202F
:10E24C00DB4A604380180121C170DB4B6422212121
:10E25C00204601F0B3FCD348D149604346181D2039
:10E26C00400131184879C00906D00879400703D518
:10E27C0001212046FFF7EAFC204601F0A5FC0546EB
:10E28C00172040013218117B0C2001431173080731
:10E29C00810F204601F0A8FA284670BD10B504463F
:10E2AC0001F098FC002804D00021204601F098FCD5
:10E2BC0004E07022C149204601F06EFCC048005DAC
:10E2CC0010BD10B50446B748B54A604380181122FA
:10E2DC0052010021801841741121204601F086FC66
:10E2EC0019212046FFF79CFE204601F085FCB4481E
:10E2FC00005D10BD10B50446AA48A94960434118F9
:10E30C0011204001091800224A740120087520468A
:10E31C0001F072FCAA48005D10BD70B50446A94816
:10E32C00055D204601F06EFC0646A548005DA8423E
:10E33C0005D19D48A149025D204601F02DFC3046D7
:10E34C0070BD10B57D210446490101F061FC2046E9
:10E35C0001F064FC9720C0009B49604341180720E2
:10E36C00C001091801228868120790438D4A0F23B7
:10E37C0054438B4A9B01A218D218D268D200D20FF8
:10E38C0012071043886010BD8649854B4143C9185C
:10E39C0010B5FF310022C131CA720621844B4143B2
:10E3AC005A54C918CA7001F03FFC10BD7D497C4A13
:10E3BC004143891810B5FF31C131CA7A042A03D1FF
:10E3CC00CA7BBF231A40CA7301F034FC10BD754BD5
:10E3DC0002465A43724B30B5D218FF231533012035
:10E3EC009D5C8302D418E368012D10D09B005B0F59
:10E3FC00012B01D0022B26D1E37A5B075B0F032B99
:10E40C0021D98323DB00D21801291DD012E09B01F6
:10E41C005B0F012B01D0022B15D1E37A5B075B0F4D
:10E42C001C1F032C0FD29B00D2188123DB00D218A7
:10E43C00012904D0002906D11168C90106E0116830
:10E44C00890103E0002030BD116849010029F9DA87
:10E45C0030BDF7B584B00498602148435B49002473
:10E46C00451850490498164648434D4902944018A3
:10E47C001121890140180094039048E00598006828
:10E48C00000C01905DD00146049801F0D9FB0746C1
:10E49C000199049801F0DAFB062F07D2002E53D015
:10E4AC00012E56D0012039016918C8713246214617
:10E4BC00019B049801F0D0FB0598641C0088E4B221
:10E4CC000004000C01903CD00146049801F0B8FB0C
:10E4DC0007460199049801F0B9FB062F07D2002ECC
:10E4EC003CD0012E3FD0012039016918C871324649
:10E4FC002146019B049801F0AFFB0598641C001D9C
:10E50C0005900098E4B2401CC0B2009003980099AA
:10E51C00407F401E8842B1DC224904984843204980
:10E52C004018FF304130C17A022E21D2090909016D
:10E53C00082C00D908242207120F1143C1720021A4
:10E54C001FE001200290E7E701203901691888716A
:10E55C00ACE70120390169180872A7E701203901DD
:10E56C0069188871C3E70120390169180872BEE780
:10E57C000907090F082C00D9082422011143C17284
:10E58C000121049801F06EFB0098062802D1029834
:10E59C0000281DD0002007B0F0BD0000EB1D0220AC
:10E5AC002C100220E4040000F61D0220204E000076
:10E5BC00404F0220504F022093300220FC6C000090
:10E5CC00F51D0220A80002201015022008000220D0
:10E5DC000120E0E770B5F04D0120287001F048FBF8
:10E5EC000024285D00280BD100220521204601F0D3
:10E5FC0045FB204601F048FB0321204600F073FE4A
:10E60C00641C2406240EECD070BD10B5044601F039
:10E61C0041FBE14A0121115510BD10B501F040FB41
:10E62C0010BDDE49DE4A4143891810B5FF221D3268
:10E63C0052580324D200930F012292028A18D168F7
:10E64C006405A143022B01D15B05C918D16001F00F
:10E65C002DFB10BD10B5044601F02EFB002813D085
:10E66C000621D04A61438918C97801290CD1CB49BC
:10E67C004C43CB496218172149015118497C082990
:10E68C0002D0092900D0002010BD10B5044601F0BD
:10E69C0019FB0521204601F01BFB002810D1BF48B7
:10E6AC00BF4960434018172149014018407C0B2892
:10E6BC0006D11921204601F011FBBB492120085538
:10E6CC0010BD10B5044601F00FFB11280FD1B34952
:10E6DC00B34A614389184031C97D8907890F0229E2
:10E6EC0005D12C21204601F005FBB048005D10BD82
:10E6FC0070B5054601F004FB044611280AD12846E2
:10E70C0001F004FB002805D02C21284601F0F2FA78
:10E71C00A648445D204670BD820F012A0BD0A44A46
:10E72C000240830F0BD08000830D18050243002993
:10E73C0007D0900006E08005800D9E4908E000039C
:10E74C00F2E710039105800D890D4843FF21F53147
:10E75C0048437047F7B582B0844603980090800F09
:10E76C00019001224000114681406046870F7800DD
:10E77C00401C82400A43D5B201216046FFF7CCFF12
:10E78C00064601210098FFF7C7FF0446019887420F
:10E79C0017D0A80708D0E80701D0A6420CD8A807C4
:10E7AC0007E0A64208D20AE0E80601D5A64203D843
:10E7BC00A8060028F5DB02E0012005B0ECE60020FD
:10E7CC00FBE7A8060190800F09D000216046FFF7F7
:10E7DC00A3FF074600210098FFF79EFF01E0374694
:10E7EC002046A642E8D8A642E9D10199890F03D068
:10E7FC008742E1D88742E2D1684904984843684986
:10E80C00085CC20760460003810D03980003800D6D
:10E81C00002A04D0AA0705D08142D0D2CCE781428D
:10E82C00CDD9C9E760468000810D00988000800D2D
:10E83C00F2E7F7B582B06946C97B002489090DD18E
:10E84C006D46E9895C4B1940AB7B6D7B1B022B43FE
:10E85C001B059B0D1B0119436D46E981810F05D1E9
:10E86C00534901400003800D00050843074600038F
:10E87C00810D4A48009142434948101840680203F0
:10E88C00920D914229D3B90080058E0D800D8642E0
:10E89C0023D8039801F040FA054600213846FFF7CB
:10E8AC003BFF0146B80F04D001280DD0022814D12B
:10E8BC000AE06B469A7B5B7B12021A4312050098A6
:10E8CC00920D904206D908E06846C0898004800DFC
:10E8DC00864202D8A94200D8012420466DE7F1B542
:10E8EC0084B0049801F01EFA2C4A049903902C4B26
:10E8FC0051434000CE18400F8000301880304068E3
:10E90C00019002906846C07900243746E44382099E
:10E91C004037032A07D05858002810D058580028E0
:10E92C0031D000252CE00020397803E0032A04D0F4
:10E93C00401CC0B28142F9D825E044B223E0002447
:10E94C0021E0A8000F21301889014018C0680190FF
:10E95C00601C03D0A00030184018C0680090049AC6
:10E96C0002990198FFF765FF002807D0049A0099D7
:10E97C000198FFF7EFFE002800D02C466D1C6DB2FD
:10E98C003878A842DDDC601C00D10024641CFF3602
:10E99C006136F475039810E7584F0220E404000028
:10E9AC002C100220404F0220EB1D0220F51D0220EE
:10E9BC00FFFF0FC090D003000FC0FFFF7CB54B4D85
:10E9CC002C466E6E6034AD6E0096019501F0B0F978
:10E9DC0072B6A088C005400F022814D16846008882
:10E9EC00C005400F022804D041490020086041496D
:10E9FC0008604148006DC00205D5404A50210920ED
:10EA0C0001F028F802E0092001F098F962B67CBD0B
:10EA1C0070B506463A48815D34293DD037293BD044
:10EA2C00A22939D0062937D00A2935D00B2933D061
:10EA3C00344AB0001358344D2F4C75432C192546CD
:10EA4C006035002B11D058012BD4282924D0206DEF
:10EA5C00800219D5002211462B2001F01FF8002846
:10EA6C001FD1206D80020FD41BE060688000810DE7
:10EA7C00A06F0007800F03280FD002280FD00128A9
:10EA8C000AD1122088420CD3287FFF2804D10022FF
:10EA9C001146304601F058F970BD3C20F2E71E20BB
:10EAAC00F0E7297FFF29F7D0304601F053F9FF201A
:10EABC00287770BD70B504460D46007813490002E6
:10EACC004018066B0720000306402946204601F03B
:10EADC0047F96078002807D1E078002804D140215C
:10EAEC00E8680E433043E86070BD0000C81902208E
:10EAFC004C4F0220484F02202C1002203B2A0220AF
:10EB0C00F51D0220EC1D0220E40400004009094020
:10EB1C0070B50D46044601F029F9094909784807F2
:10EB2C000DD50848444308482018FF300130C17CFB
:10EB3C00002904D1002D02D0417D891C417570BD86
:10EB4C00504F0220E40400002C10022010B50446A3
:10EB5C0001F012F9FB49884208D1FB4A00218B00D5
:10EB6C00D358A34203D10846FF30473010BD491C8F
:10EB7C000329F4D310BDFFB583B01446FF220498CB
:10EB8C00193201250027811A904225D00DDCF04B5B
:10EB9C000399EE4AFF38594305388E1800287CD06B
:10EBAC0003282CD00A2827D11CE0EA48EA4A2F294E
:10EBBC0002D0302920D105E0C16A23780120984089
:10EBCC00014304E0C16A237801209840814311601D
:10EBDC000D98002507600FE0E0480399405C27285A
:10EBEC0044D009E0039801F0CDF800283ED0DB4872
:10EBFC000399405C282839D0284607B0F0BD9721EE
:10EC0C000398C9004843D6494018D1495039411896
:10EC1C00019121784D07FF21793189596D0F002918
:10EC2C0024D0002D22D00921C9014718B88A072108
:10EC3C00400940010F300903884329030843B88277
:10EC4C000198AA00611C0092001D01F0A1F8072098
:10EC5C00401B8100009A01981018001D01F09EF8CD
:10EC6C0020788006800F032802D007E00327AFE747
:10EC7C00FF211431895D002900D1042038742078DB
:10EC8C000007C10F0720C00130188173617FC907CD
:10EC9C00C90FC173A17F017400E011E0EFF3108183
:10ECAC00CC07E40F72B6012141731821069B049A1C
:10ECBC00039800F023FF0746002C89D162B687E742
:10ECCC00039801F071F80325002812D001F072F8B6
:10ECDC00002836D0A3480068A34988420CD0A1482C
:10ECEC000178442905D14178532902D180784328F1
:10ECFC0002D00D9805606BE70321090226207118DC
:10ED0C0088730421039801F05BF830464030C17DD4
:10ED1C002943C1752278002A07D07D204001424347
:10ED2C00924B0B21039800F049FF8E4890490160EB
:10ED3C0003993131C17019210120490171184875AD
:10ED4C0046E70D987F49016042E708B58948006A9B
:10ED5C00009008BD08B57C4A6B46121F12680092E1
:10ED6C00002280001B580AE0884206D1900010183F
:10ED7C00401C181801F02AF808BD521CD2B29000A1
:10ED8C001018185CFF28EFD1002008BDF7B57A49A0
:10ED9C0006460D46486E82B06035896E774F0191FC
:10EDAC000090387D03994407640F304601F014F845
:10EDBC0001900398202802D0292835D114E07048FE
:10EDCC000078000706D5022C01D0032C02D1387D27
:10EDDC00400704D00421304601F004F824E0092156
:10EDEC00304601F005F81FE05949A8884E435749B1
:10EDFC00C0057118096D400FC90212D5022813D134
:10EE0C0068460088C005400F022804D05D490020E8
:10EE1C0008605D4908605D4A5021092000F01AFE27
:10EE2C0002E0092000F08AFF019805B0F0BD4849C6
:10EE3C0010B5464A41438C18E0210959CB060A0CFF
:10EE4C000906DB0E890F012B14D1FF231B029A42FA
:10EE5C0010D1022901D003290CD14049095C602949
:10EE6C0008D000F0CBFF002804D1FF344134E07807
:10EE7C00022801D0012010BD002010BDF8B5DC2106
:10EE8C0002464A43424955182C46203427792E7C99
:10EE9C00217E009100F0B8FF687E012800D1277117
:10EEAC006879012800D12E74607B012801D100986B
:10EEBC002076F8BDFFB581B007460398022801D033
:10EECC000120B2E79720C000394641432448081876
:10EEDC00304945182F490B39411800910721C901B8
:10EEEC0044180A99C903C91DE180A28807210903A6
:10EEFC008A430A99002900D0022109030A43A280FF
:10EF0C0013493A464A43114956187122D2003146E8
:10EF1C0080184231062200F03BFF06211E4A79433D
:10EF2C008918009849790173FF201430805D0128FD
:10EF3C0034D0002028700A98002836D0A0884004CD
:10EF4C00430F35E021434D44344F02202C10022056
:10EF5C00E40400000007064000060640F51D0220F0
:10EF6C0010150220A000022041505020B1CA01000F
:10EF7C004453432000800320C8190220E81A0220C1
:10EF8C00504F02204C4F0220484F02203B2A0220B7
:10EF9C000C1D02208D030000404F02201921490155
:10EFAC0071182878897D0843C4E7E088C305DB0D18
:10EFBC00012000903846039A029900F02BFF0020A4
:10EFCC0033E700008307FF22DB0E9A408907090E06
:10EFDC00994000280BDA0007000F083883080E4808
:10EFEC009B001818C36993430B43C3617047830894
:10EFFC000A489B001818036893430B43036070473F
:10F00C0010B500F00DFF00211920FFF7DBFF0021E8
:10F01C001A20FFF7D7FF10BD00ED00E000E400E080
:10F02C0010B531488169491C0024816101212046B9
:10F03C0000F0FCFE641C2406240EF7D02B4800F0D4
:10F04C00FBFE00F0FFFE10BD70B50646FF209130B0
:10F05C0000F0F2FE264831020D186C686000800F3B
:10F06C0004D0E400E408304600F0F2FE00F0F6FEB6
:10F07C000920C006044223D00121304600F0F4FEE2
:10F08C001C49304648431C492201401803210902FF
:10F09C004118002A01DA072002E0600001D508209F
:10F0AC008873FF21304600F0E5FE144B144A2821EA
:10F0BC00304600F083FD0120C0066860C000686027
:10F0CC00600102D5012080066860A00002D50120F5
:10F0DC0040076860E00105D5304600F0D1FE012004
:10F0EC000006686070BD00007C26022000710200E2
:10F0FC0000090940E40400002C10022061D7010033
:10F10C00B808000010B50C490D4C0A5C0B490123E2
:10F11C0041430919FF3161313F2A04D0322A04D00E
:10F12C004A2A04D004E00B7502E08B7400E0CB7427
:10F13C0000F0ACFE10BD0000F51D0220E404000040
:10F14C002C100220FFB50746314930481D78794311
:10F15C000E1883B01C46102D0DD10822A11C684638
:10F16C0000F016FE68460088000604D5FF200F301C
:10F17C00805D002808D023463846059A049900F093
:10F18C008BFE06000ED03FE01221204600F006FE5A
:10F19C000D20800130180169082211430161032000
:10F1AC0007B0F0BD1A48611C474318483818403066
:10F1BC00072D02D0122D27D10DE0C07D8007800FC6
:10F1CC00022821D16078A2786B465A700122104334
:10F1DC001870087018E0807EC10703D00007400F3C
:10F1EC00042811D100200090019069460290887883
:10F1FC00F72108406946887060780870A0784870DC
:10F20C000922601C00F0C4FD3046C9E72C10022016
:10F21C00E404000010B504460649002008552046B9
:10F22C0000F040FE002C04D10348017989088900C4
:10F23C00017110BD584F0220281A02208307FF22AB
:10F24C00DB0E9A408907090E994000280BDA00075B
:10F25C00000F0838830896489B001818C36993431D
:10F26C000B43C3617047830892489B0018180368CE
:10F27C0093430B43036070478F49904A414389186D
:10F28C00192210B552018A181278602A02D000F0A7
:10F29C000FFE10BD032212028918CA7D012A08D064
:10F2AC00022AF6D1897E0029F3D11B2100F006FE3B
:10F2BC0010BD497EF7E710B5044600F005FE7E4907
:10F2CC00204648437D494118192040010818007810
:10F2DC004E2807D10021204600F0FCFD01212046DC
:10F2EC0000F0FEFD10BD10B5EFF31082D407E40F53
:10F2FC0072B60C290DD006DC09290AD00A2908D0CF
:10F30C000B290ED105E00D2903D01E2901D01F2990
:10F31C0007D1694A694B4243D2184032927ED207D8
:10F32C0001D000F0E3FD002C00D162B610BD70B529
:10F33C000C4605460A2100F0D1FC2146284600F077
:10F34C00DBFD70BD70B505465B48294641435B4803
:10F35C000E18032000023018817E427E914201D9A2
:10F36C00012400E00024002C01D0022100E0012146
:10F37C00C175284600F0C6FD4F48504968434118F6
:10F38C004031887E002C06D0102210438876012252
:10F39C002B46114605E0EF221040887601222B46C1
:10F3AC000021032000F0DAFB172040013018007B0D
:10F3BC000007810F284600F017FA70BD10B54049C0
:10F3CC00097E49060BD53C4A3D4950433B4AC03166
:10F3DC0080181922520109798018017210BD00F0B1
:10F3EC0097FD10BD10B5044600F098FD3248334926
:10F3FC0060434118086D800017D4FF31C131C87BC0
:10F40C00C043800711D10A695000400F022803D075
:10F41C00012803D0502104E0542100E05221900433
:10F42C0003D50122204600F07FFD10BD10B5044627
:10F43C0000F080FD002809D01F494C431F4961187A
:10F44C00FF310131897B002900D1002010BD10B59E
:10F45C00044600F075FD1848184960434018172100
:10F46C0049014018007B0007810F204600F0BCF9D1
:10F47C0010BD70B5054672B600211A20FFF7DEFEEE
:10F48C0062B6012206200F496843441822712846AF
:10F49C0000F05CFD0020207119212846FEF7C0FD0C
:10F4AC0072B603211A20FFF7C9FE62B670BD0000C8
:10F4BC0000ED00E000E400E0E40400002C10022069
:10F4CC00C8190220404F02207CB504462AA205CA66
:10F4DC00032601920090002924D02948294A604330
:10F4EC008018FF221432125C002A08D1264BA2008D
:10F4FC009A585200520F012A01D8244D14E0FF30C3
:10F50C006130C07E8009032800D00A390620204AC9
:10F51C006043801880786A464007400F105C48436F
:10F52C00450801E0002502260221204600F014FDCA
:10F53C00032E0DD117484543A80CFF2800D9FF20F6
:10F54C00154A2102891848613146204600F004FD15
:10F55C007CBD0B490B4A4143891810B5FF31013171
:10F56C00CA7C0E49012A04D008220A7000F0FAFC69
:10F57C0010BD0522F9E700005F5A55504B463C324E
:10F58C00E40400002C100220EC1D0220130D0000DE
:10F59C00404F0220670A0000800909400400022045
:10F5AC0010B5044600F0E4FC4D480B2144434D4893
:10F5BC00890120184118098D89070AD111214901A7
:10F5CC004118497C002904D01722002152018018CF
:10F5DC00417210BD10B5044600F0D0FC40484443C5
:10F5EC0040482118CA1DFF32FA32D36B10208343D6
:10F5FC0020310879C007C00E0343D36310BD384ACD
:10F60C00384B4243D21810B5FF2315339B5C012BAA
:10F61C0002D000F0B9FC10BD8F21890051180B6885
:10F62C0080218B4330490022095CC907090E0B432A
:10F63C00FF2101318B432D49095CC907C90D0B43CF
:10F64C0078218B43102100F0A5FC10BDFEB50646B9
:10F65C00694600F0A5FC22482249704344186120F9
:10F66C00005DC00727D01E48E11D1E4AF9317043CA
:10F67C0001918518097DFF35C13501290CD1EFF3B6
:10F68C001080C707FF0F72B6E96B0291304600F08D
:10F69C008DFC002F00D162B60198007D00280AD1A4
:10F6AC00A86B0099884206D0112040012018817C5B
:10F6BC00042211438174304600F07AFAFEBD0849E9
:10F6CC00084A41438918112210B5920189184968DA
:10F6DC008900490F042901D100F06EFC10BD000017
:10F6EC00E40400002C10022095250220962502200F
:10F6FC0070B50546002903D0012100F063FC70BDF4
:10F70C00FFF794FE0028FAD0C0482C464443C0486A
:10F71C002118096D8902F2D5005D400604D5BD495A
:10F72C00A80008584001EAD40021284600F050FCFB
:10F73C0070BDF8B51C461546002922D0012920D0F1
:10F74C0002291ED0B149B44B4143B14A86009859A5
:10F75C008F184100490F89007A188721895C890923
:10F76C001ED002291CD0012921D04006400E322186
:10F77C004843286098590003400D142148432060E9
:10F78C00F8BD4A00481E01D5002100E0491E501862
:10F79C00401CFF21F53148432860A0481860F8BD93
:10F7AC000003800D0A214843286098590FE08132EC
:10F7BC0051791279090211430003984A0905800D09
:10F7CC00890D504300F00AFC286093488059400092
:10F7DC00400F8000381881304179027908021043BB
:10F7EC000005800D3221C9E7F0B58DB00746002029
:10F7FC0004460A900AAB0BAA3846FFF79AFF6946F3
:10F80C000F70562048708978CA08D20069468A70F1
:10F81C000F754875887DC008C00088756B20C8704E
:10F82C00C8757F480326007902254007400F002841
:10F83C0054D0012878D002284ED102220821384613
:10F84C0000F01CFA062069464871052048760B9892
:10F85C00642148437D21C90000F0C0FB0B9064215A
:10F86C000A9800F0BBFB5C214843642100F0B6FB16
:10F87C0069460A9001240E710D760879022877D01A
:10F88C0008AA0819127B827108AA527BC271C0792E
:10F89C002A1B511848716846007E02286BD005A9B6
:10F8AC0008AA0819127A827108AA527AC271C07910
:10F8BC002A1B51184871684600F01AF9044605A82D
:10F8CC0000F016F9044307D056480178002903D1FB
:10F8DC000121017000F018F90DB0F0BD00220821D3
:10F8EC00384600F0CBF90F20694648710A2048765B
:10F8FC000B98642148434C4900F070FBFF38FF38EB
:10F90C0002380B9019200A99C001081A5C2148434F
:10F91C00642100F063FBFF218901084069460A90CD
:10F92C000E760D71A9E7FFE701220821384600F099
:10F93C00A5F90F20694648710A2048760B98642176
:10F94C004843364900F04AFB0B9019200A99C00134
:10F95C00081A5C214843642100F040FBFF21890117
:10F96C00084069460A900D710E7686E700E002E0C9
:10F97C00888DC8808FE76946088D48839BE7FFB563
:10F98C0081B02A4E40000A9D0F463060012904D0F8
:10F99C00104600F029FB012827D0306801210843CC
:10F9AC0030600B20022F02D1012D00D10720706096
:10F9BC0000F020FB002802D00420706014E0B06836
:10F9CC00049901240870012D06D06F1EAC421AD286
:10F9DC00BC420CDA09200BE0022F14D0042070601A
:10F9EC0000F008FB00280ED0012005B0F0BD05206A
:10F9FC00706000F0FFFA0028DED1B0680499085559
:10FA0C00641CE4B2E2E70020EFE70000E40400002D
:10FA1C002C100220EC1D0220F01D02208813000087
:10FA2C00504F0220B9200220102700000000074090
:10FA3C0003B40148019001BDA1B4010003B4014815
:10FA4C00019001BD3FB8010003B40148019001BD14
:10FA5C00EBC5010003B40148019001BDF9DB0100C5
:10FA6C0003B40148019001BD7F1C000003B40148A0
:10FA7C00019001BD191D000003B40148019001BDA6
:10FA8C00911D000003B40148019001BDB7EB0100CA
:10FA9C0003B40148019001BDF1C9010003B4014850
:10FAAC00019001BDC3CE010003B40148019001BD1A
:10FABC0063CE010003B40148019001BDB5210000E3
:10FACC0003B40148019001BD6129000003B4014851
:10FADC00019001BD75CA010003B40148019001BD3C
:10FAEC0073D9010003B40148019001BD99350000A0
:10FAFC0003B40148019001BD69CD010003B4014874
:10FB0C00019001BDF9CA010003B40148019001BD87
:10FB1C0005CD010003B40148019001BDA5CC010045
:10FB2C0003B40148019001BD855D000003B4014898
:10FB3C00019001BD57D5010003B40148019001BDEE
:10FB4C002F5E000003B40148019001BDC55F0000A9
:10FB5C0003B40148019001BDABCE010003B40148D0
:10FB6C00019001BDB7CE010003B40148019001BD65
:10FB7C00DBCE010003B40148019001BD15CA0100A0
:10FB8C0003B40148019001BD33C9010003B401481D
:10FB9C00019001BD2767000003B40148019001BD2D
:10FBAC0021DB010003B40148019001BD09AE000046
:10FBBC0003B40148019001BD31E5010003B40148D3
:10FBCC00019001BDEDDB010003B40148019001BDC2
:10FBDC0039D8000003B40148019001BD2FCF0100BA
:10FBEC0003B40148019001BD3FE2010003B4014898
:10FBFC00019001BDF7D1010003B40148019001BD92
:10FC0C008D69000003B40148019001BDA9ED00000D
:10FC1C0003B40148019001BD81DB010003B401482C
:10FC2C00019001BD8771000003B40148019001BD32
:10FC3C0097A3000003B40148019001BD05BC00006E
:10FC4C0003B40148019001BDF7D0010003B4014891
:10FC5C00019001BDBFD2010003B40148019001BD68
:10FC6C00CBD0010003B40148019001BD8FDC010031
:10FC7C0003B40148019001BDEFC0000003B401487A
:10FC8C00019001BDAFC7010003B40148019001BD53
:10FC9C00EDDC010003B40148019001BDFDF600004C
:10FCAC0003B40148019001BD13EC000003B40148FA
:10FCBC00019001BDD178000003B40148019001BD51
:10FCCC00BDA4000003B40148019001BD5FB5000064
:10FCDC0003B40148019001BD5FE0010003B4014889
:10FCEC00019001BDBDDB010003B40148019001BDD1
:10FCFC003DD9000003B40148019001BD5FCF010064
:10FD0C0003B40148019001BDA7DF000003B4014812
:10FD1C00019001BDCBCF010003B40148019001BD9E
:10FD2C0017CF010003B40148019001BD2F750000ED
:10FD3C0003B40148019001BD3710010003B4014820
:10FD4C00019001BDC9DB010003B40148019001BD64
:10FD5C0049D7010003B40148019001BD01D701004E
:10FD6C0003B40148019001BDA30D010003B4014887
:10FD7C00019001BDEF1A010003B40148019001BDCF
:10FD8C00673B000003B40148019001BD4BDE01004C
:10FD9C0003B40148019001BDF1E8010003B401482E
:10FDAC00019001BD27E9010003B40148019001BD98
:10FDBC0013E0010003B40148019001BD21CA010008
:10FDCC0003B40148019001BD4FE5010003B40148A3
:10FDDC00019001BD3DE9010003B40148019001BD52
:10FDEC00112A000003B40148019001BD45C6010071
:10FDFC0003B40148019001BD7FDD010003B401484B
:10FE0C00019001BD85DC010003B40148019001BDE6
:10FE1C0017A2000003B40148019001BD39D80100BC
:10FE2C0003B40148019001BD5727010003B40148F8
:10FE3C00019001BD7BDE010003B40148019001BDBE
:10FE4C00D500000003B40148019001BDA12E0100B2
:10FE5C0003B40148019001BD11DD010003B4014858
:10FE6C00019001BDA5D9010003B40148019001BD69
:10FE7C0097E5010003B40148019001BD6DD7010065
:10FE8C0003B40148019001BDC7C6010003B4014889
:10FE9C00019001BDAD32010003B40148019001BDD8
:10FEAC00CF3D010003B40148019001BD934B01000B
:10FEBC0003B40148019001BDC75C010003B40148C3
:10FECC00019001BD73DD010003B40148019001BD37
:10FEDC00214E010003B40148019001BDA5E10100D0
:10FEEC0003B40148019001BDAFE1010003B4014826
:10FEFC00019001BDC1A0010003B40148019001BDF6
:10FF0C00F551010003B40148019001BDC95A01002B
:10FF1C0003B40148019001BD9F63010003B4014883
:10FF2C00019001BD9D56010003B40148019001BD33
:10FF3C0011CD010003B40148019001BD45730100CE
:10FF4C0003B40148019001BDB758010003B4014846
:10FF5C00019001BDF14E010003B40148019001BDB7
:10FF6C004BE1010003B40148019001BDED7E01009D
:10FF7C0003B40148019001BD238A010003B4014878
:10FF8C00019001BDE78B010003B40148019001BD54
:10FF9C00A188010003B40148019001BD33E20100C6
:10FFAC0003B40148019001BD2FE3010003B40148E3
:10FFBC00019001BD23E3010003B40148019001BD90
:10FFCC00D392010003B40148019001BD75A2010058
:10FFDC0003B40148019001BDA3D4010003B401484E
:10FFEC00019001BDC5E8010003B40148019001BDB9
:04FFFC00C9CC01006B
:020000040801F1
:1000000003B40148019001BDBDCC01006A924E02CB
:100010002028E04E022055EC4E022079044F0220A9
:100020002BF84E0220FF00000000A400094001014F
:10003000A80009400101AC0009400101B0000940DD
:100040000101B40009400101474F02200101104F96
:1000500002200101C00009400101C4000940010162
:10006000C80009400101CC0009400101464F0220AF
:100070000101104F02200181831002200302424F30
:1000800002200181EA1902200102504F0220018260
:10009000F41902200402544F022004826E10022040
:1000A0000602454F02200182000000001D001700DB
:1000B0001F01230139004C003200300036001500CA
:1000C00015043B0049000000744E0220585858584F
:1000D000475073684750736C000000000000000038
:1000E0000000000000000000000000000000000010
:1000F0000000000000000000000000000000000000
:1001000000000000000000000000000000000000EF
:1001100000000000000000000000000000000000DF
:1001200000000000000000000000000000000000CF
:10013000007D000044010108060800004401010898
:1001400006080000000000000000000000005F0042
:10015000000000000007000700000000147F147F6B
:1001600014000000242A7F2A1200000023130864D0
:1001700062000000364955225000000000050300CF
:1001800000000000001C2241000000000041221C71
:10019000000000000A041F040A00000008083E08CE
:1001A00008000000005030000000000008080808A7
:1001B000080000000060600000000000201008043B
:1001C000020000003E5149453E00000000427F40D1
:1001D0000000000042615149460000002141454BAA
:1001E000310000001814127F10000000274545451B
:1001F000390000003C4A49493000000001710905FE
:1002000003000000364949493600000006494929E3
:100210001E000000003636000000000000563600C8
:1002200000000000081422410000000014141414FF
:1002300014000000004122140800000002015109CE
:1002400006000000324979413E0000007E11111184
:100250007E0000007F494949360000003E4141418F
:10026000220000007F4141221C0000007F494949D3
:10027000410000007F090909010000003E41494991
:100280007A0000007F0808087F00000000417F41DD
:10029000000000002040413F010000007F081422C0
:1002A000410000007F404040400000007F020C02FF
:1002B0007F0000007F0408107F0000003E414141A4
:1002C0003E0000007F090909060000003E4151215F
:1002D0005E0000007F09192946000000464949498F
:1002E0003100000001017F01010000003F4040405B
:1002F0003F0000001F2040201F0000003F4038400A
:100300003F00000063140814630000000708700831
:10031000070000006151494543000000007F414152
:100320000000000002040810200000000041417F8E
:1003300000000000040201020400000040404040B0
:10034000400000000001020400000000205454544A
:10035000780000007F48444438000000384444449A
:1003600020000000384444487F00000038545454B2
:1003700018000000087E0901020000000C525252D1
:100380003E0000007F0804047800000000447D4027
:10039000000000002040443D000000007F10284481
:1003A0000000000000417F40000000007C041804B1
:1003B000780000007C0804047800000038444444BD
:1003C000380000007C1414140800000008141418ED
:1003D0007C0000007C0804040800000048545454C9
:1003E00020000000043F4440200000003C4040202A
:1003F0007C0000001C2040201C0000003C403040DD
:100400003C00000044281028440000000C505050CC
:100410003C0000004464544C44000000881328232E
:10042000E02E983A204E0000148200082482000832
:100430004082000858820008748200088082000808
:1004400098820008CC7F0008A8820008BC820008BF
:10045000D4820008EC82000804830008148300089A
:100460002483000889210008308300084D210008FA
:1004700040830008392100084C830008252100082A
:1004800058830008E51A0008648300081D2100084D
:10049000D07D0008000000000000010005000F00F2
:1004A000708300083D1E0008FFFF000080830008E5
:1004B000251E0008E007000090830008051E0008C4
:1004C000FFFF00009C830008ED1D0008FFFF0000F7
:1004D000AC830008191D0008E0FF0000B883000885
:1004E000D51D0008FF070000C0830008BD1D0008DF
:1004F000E0070000C8830008791D0008FF0700001E
:10050000D4830008311D000810840000F881000821
:10051000FF07000000820008E0870000DC8300087D
:10052000FFFF0000E48100081FF80000E4830008DA
:10053000E0FF0000E8038813983A000041084108F2
:100540004108410841084108410841084108410863
:100550004108410841084108410841084108410853
:100560004108410841084108410841084108410843
:100570004108410841084108410841084108410833
:1005800041084108410820008210C7390000410895
:100590004108410841084108410841084108410813
:1005A0004108410841084108410841084108410803
:1005B00041084108410841084108410841084108F3
:1005C00041084108410841084108410841084108E3
:1005D00041084108410841084108410841084108D3
:1005E00041084108410841084108410841084108C3
:1005F00041084108410841084108410841084108B3
:1006000041084108410841084108410841084108A2
:100610004108410841084108410841084108410892
:100620004108410841084108410841084108410882
:100630004108410841084108410841084108410872
:100640004108410841084108410841084108410862
:1006500041084108410820008210AE732000410883
:100660004108410841084108410841084108410842
:100670004108410841084108410841084108410832
:100680004108410841084108410841084108410822
:100690004108410841084108410841084108410812
:1006A0004108410841084108410841084108410802
:1006B00041084108410841084108410841084108F2
:1006C00041084108410841084108410841084108E2
:1006D00041084108410841084108410841084108D2
:1006E00041084108410841084108410841084108C2
:1006F00041084108410841084108410841084108B2
:1007000041084108410841084108410841084108A1
:100710004108410841084108410841084108410891
:100720004108410841084108200096B50421000015
:10073000410841084108410841084108200061087A
:100740000842200041084108410841084108410889
:100750004108410841084108410841084108410851
:100760004108410841084108410841084108410841
:100770004108410841084108410841084108410831
:100780004108410841084108410841084108410821
:100790004108410841084108410841084108410811
:1007A0004108410841084108410841084108410801
:1007B00041084108410841084108410841084108F1
:1007C00041084108410841084108410841084108E1
:1007D00041084108410841084108410841084108D1
:1007E00041084108410841084108410841084108C1
:1007F000410841084108410800009AD68A52000089
:1008000041084108410841084108410800002421ED
:10081000108400004108410841084108410841088E
:100820004108410841084108410841084108410880
:100830004108410841084108410841084108410870
:100840004108410841084108410841084108410860
:100850004108410841084108410841084108410850
:100860004108410841084108410841084108410840
:100870004108410841084108410841084108410830
:100880004108410841084108410841084108410820
:100890004108410841084108410841084108410810
:1008A0004108410841084108410841084108410800
:1008B00041084108410841084108410841084108F0
:1008C0004108410841084108000079CEB294000077
:1008D0006108410841084108410841080000AA5246
:1008E00096B5000041084108410841084108410807
:1008F00041084108410841084108410841084108B0
:10090000410841084108410841084108410841089F
:10091000410841084108410841084108410841088F
:10092000410841084108410841084108410841087F
:10093000410841084108410841084108410841086F
:10094000410841084108410841084108410841085F
:10095000410841084108410841084108410841084F
:10096000410841084108410841084108410841083F
:10097000410841084108410841084108410841082F
:10098000410841084108410841084108410841081F
:1009900041084108410841080000D7BDDBDE0000E6
:1009A000410841084108410841086108000092944B
:1009B000B6B50000610841084108410841084108F6
:1009C00041084108410841084108410841084108DF
:1009D00041084108410841084108410841084108CF
:1009E00041084108410841084108410841084108BF
:1009F00041084108410841084108410841084108AF
:100A0000410841084108410841084108410841089E
:100A1000410841084108410841084108410841088E
:100A2000410841084108410841084108410841087E
:100A3000410841084108410841084108410841086E
:100A4000410841084108410841084108410841085E
:100A5000410841084108410841084108410841084E
:100A60004108410841084108000096B5FFFF0421F4
:100A7000000041084108410841084108000059CEE2
:100A800038C60000410841084108410841084108B2
:100A9000410841084108410841084108410841080E
:100AA00041084108410841084108410841084108FE
:100AB00041084108410841084108410841084108EE
:100AC00041084108410841084108410841084108DE
:100AD00041084108410841084108410841084108CE
:100AE00041084108410841084108410841084108BE
:100AF00041084108410841084108410841084108AE
:100B0000410841084108410841084108410841089D
:100B1000410841084108410841084108410841088D
:100B2000410841084108410841084108410841087D
:100B30004108410841084108000075ADFFFFEB5A2C
:100B40000000610841084108410820008210BEF7FA
:100B500018C6000041084108410841084108410801
:100B6000410841084108410841084108410841083D
:100B7000410841084108410841084108410841082D
:100B8000410841084108410841084108410841081D
:100B9000410841084108410841084108410841080D
:100BA00041084108410841084108410841084108FD
:100BB00041084108410841084108410841084108ED
:100BC00041084108410841084108410841084108DD
:100BD00041084108410841084108410841084108CD
:100BE00041084108410841084108410841084108BD
:100BF00041084108410841084108410841084108AD
:100C00004108410841084108000055ADFFFF14A507
:100C10000000610841084108410800002842FFFF28
:100C200038C6000041084108410841084108410810
:100C300041080000200041084108410841084108DE
:100C4000410841084108410841084108410841085C
:100C5000410841084108410841084108410841084C
:100C6000410841084108410841084108410841083C
:100C7000410841084108410841084108410841082C
:100C8000410841084108410841084108410841081C
:100C9000410841084108410841084108410841080C
:100CA00041084108410841084108410841084108FC
:100CB0004108410841084108410841082000410815
:100CC00041084108410841084108410841084108DC
:100CD00041084108410861080000B294FFFFFBDEB3
:100CE0006108200041084108610800003084FFFFCE
:100CF0009AD62000410841084108410841084108AE
:100D000000006529610820004108410841084108A8
:100D1000410841084108410841084108410841088B
:100D2000410841084108410841084108410841087B
:100D3000410841084108410841084108410841086B
:100D4000410841084108410841084108410841085B
:100D5000410841084108410841084108410841084B
:100D6000410841084108410841084108410841083B
:100D7000410841084108410841084108410841082B
:100D8000410841084108410841082000A210000024
:100D9000410841084108410841084108410841080B
:100DA00041084108410861080000B294FFFFFFFFBD
:100DB000E7390000410841084108200079CEFFFFD3
:100DC0001CE782102000410841084108610800002A
:100DD0002842929400004108410841084108410816
:100DE00041084108410841084108410841084108BB
:100DF00041084108410841084108410841084108AB
:100E0000410841084108410841084108410841089A
:100E1000410841084108410841084108410841088A
:100E2000410841084108410841084108410841087A
:100E3000410841084108410841084108410841086A
:100E4000410841084108410841084108410841085A
:100E5000410841084108410841080000E7392C6376
:100E60000000610841084108410841084108410863
:100E700041084108410861080000B294FFFFFFFFEC
:100E8000EF7B00006108410800008631DFFFFFFFB3
:100E90009EF7E318000041084108410800000421C2
:100EA0009EF7AA5200006108410841084108410824
:100EB00041084108410841084108410841084108EA
:100EC00041084108410841084108410841084108DA
:100ED00041084108410841084108410841084108CA
:100EE00041084108410841084108410841084108BA
:100EF00041084108410841084108410841084108AA
:100F00004108410841084108410841084108410899
:100F10004108410841084108410841084108410889
:100F20004108410841084108410841082000F7BD37
:100F30008E730000610841084108410841084108DA
:100F400041084108410861080000D39CFFFFDFFF12
:100F500018C600004108610800001084FFFFF7BDBB
:100F6000FFFFA6310000410841082000A210DBDE8F
:100F70007DEF61082000410841084108410841080F
:100F80004108410841084108410841084108410819
:100F90004108410841084108410841084108410809
:100FA00041084108410841084108410841084108F9
:100FB00041084108410841084108410841084108E9
:100FC00041084108410841084108410841084108D9
:100FD00041084108410841084108410841084108C9
:100FE00041084108410841084108410841084108B9
:100FF00041084108410841084108410800002842D1
:10100000FFFF2C63000061084108410841084108C6
:1010100041084108410861080000F39C9EF7F7BDB4
:10102000DFFFC3182000610841083CE79AD68A52C6
:10103000FFFFAA52000082100000410818C6FFFFFF
:1010400014A5000061084108410841084108410811
:101050004108410841084108410841084108410848
:101060004108410841084108410841084108410838
:101070004108410841084108410841084108410828
:101080004108410841084108410841084108410818
:101090004108410841084108410841084108410808
:1010A00041084108410841084108410841084108F8
:1010B00041084108410841084108410841084108E8
:1010C0004108410841084108410841084108000021
:1010D00018C6FFFF0C630000610841084108410881
:1010E00041084108410861080000F39C9EF7EB5A53
:1010F000FFFF518C000000004D6BFFFF4D6BC318CC
:10110000FFFF9294000000008210F7BDFFFFFFFF79
:10111000EB5A0000410841084108410841084108D4
:101120004108410841084108410841084108410877
:101130004108410841084108410841084108410867
:101140004108410841084108410841084108410857
:101150004108410841084108410841084108410847
:101160004108410841084108410841084108410837
:101170004108410841084108410841084108410827
:101180004108410841084108410841084108410817
:101190004108410841084108410841084108000050
:1011A000694AFFFFFFFF2C63000061084108410806
:1011B0004108410841084108000096B5DFFF610879
:1011C00018C6FFFF14A5CF7BFFFFFBDE6108000000
:1011D000FBDE5DEF61088631BAD6FFFF7DEFDFFFF2
:1011E0000421000041084108410841084108410824
:1011F00041084108410841084108410841084108A7
:101200004108410841084108410841084108410896
:101210004108410841084108410841084108410886
:101220004108410841084108410841084108410876
:101230004108410841084108410841084108410866
:101240004108410841084108410841084108410856
:101250004108410841084108410841084108410846
:101260004108410841084108410841084108410836
:1012700020009AD6FFFFFFFF4D6B00004108410898
:1012800041084108410841080000D7BD9EF72000F1
:10129000C31896B5FFFFFFFFDBDE8631200000009C
:1012A0000C63FFFF7DEFFFFFFFFF0C639AD6FBDEB1
:1012B000000041084108410841084108410841082F
:1012C00041084108410841084108410841084108D6
:1012D00041084108410841084108410841084108C6
:1012E00041084108410841084108410841084108B6
:1012F00041084108410841084108410841084108A6
:101300004108410841084108410841084108410895
:101310004108410841084108410841084108410885
:101320004108410841084108410841084108410875
:101330004108410841084108410841084108610845
:1013400000004D6BFFFFDFFFFFFFEF7B0000410858
:1013500041084108410841080000BAD6DBDE000020
:1013600020000000E318A631821000006108610827
:1013700000008E7359CE14A565292000FFFF55ADDE
:10138000000041084108410841084108410841085E
:101390004108410841084108410841084108410805
:1013A00041084108410841084108410841084108F5
:1013B00041084108410841084108410841084108E5
:1013C00041084108410841084108410841084108D5
:1013D00041084108410841084108410841084108C5
:1013E00041084108410841084108410841084108B5
:1013F00041084108410841084108410841084108A5
:101400004108410841084108410841084108410894
:10141000200082109EF7DBDED7BDFFFFD39C2000AB
:1014200000006108410820006108BEF7D7BD000038
:10143000610800000421610800006108000000004C
:10144000200000000000000000008631FFFF108433
:10145000000061084108410841084108410841086D
:101460004108410841084108410841084108410834
:101470004108410841084108410841084108410824
:101480004108410841084108410841084108410814
:101490004108410841084108410841084108410804
:1014A00041084108410841084108410841084108F4
:1014B00041084108410841084108410841084108E4
:1014C00041084108410841084108410841084108D4
:1014D00041084108410841084108410841084108C4
:1014E00061080000F39CDFFF6529F39CFFFF38C60D
:1014F00045290000200000008631FFFF1084000015
:101500000000AA527DEF59CEA21000008631494A50
:10151000821041084108610800000842FFFF0C6387
:10152000000061084108410841084108410841089C
:101530004108410841084108410841084108410863
:101540004108410841084108410841084108410853
:101550004108410841084108410841084108410843
:101560004108410841084108410841084108410833
:101570004108410841084108410841084108410823
:101580004108410841084108410841084108410813
:101590004108410841084108410841084108410803
:1015A00041084108410841084108410841084108F3
:1015B000410800000842FFFFCF7B0000EF7BFFFFE8
:1015C000FFFFCF7BC318000014A5FFFFC739000041
:1015D000000075ADFFFFDFFF2C63718C5DEFFFFF37
:1015E000F39C20004108410800000842FFFFEB5A2D
:1015F00000006108410841084108410861084108AC
:101600000000000041084108410841084108410824
:101610004108410841084108410841084108410882
:101620004108410841084108410841084108410872
:101630004108410841084108410841084108410862
:101640004108410841084108410841084108410852
:101650004108410841084108410841084108410842
:10166000410841084108410841084108410800007B
:101670004108410841084108410841084108410822
:101680004108200061087DEF59CE00000000E739D5
:1016900079CEFFFFDFFF1CE7FFFF75AD000061089B
:1016A000200055ADFFFF5DEFDBDEBEF7DFFFDFFFA4
:1016B00079CE41082000410800006529FFFF3084F1
:1016C000000082104108610841082000000020004D
:1016D0000C63694A0000410841084108410841087B
:1016E00041084108410841084108410841084108B2
:1016F00041084108410841084108410841084108A2
:101700004108410841084108410841084108410891
:101710004108410841084108410841084108410881
:101720004108410841084108410841084108410871
:101730004108410841084108410841084108E318AF
:1017400000000000200061084108410841084108EC
:10175000410841080000B6B5DFFF821041080000D3
:101760002000CB5A96B579CE518C6108000000005C
:1017700000000C63DFFF3CE75DEFFFFFFFFFBEF7FC
:101780004D6B000041084108200061085DEFBAD6AA
:1017900000000000000000000000C3184D6BDBDEFD
:1017A00038C68210410841084108410841084108F3
:1017B00041084108410841084108410841084108E1
:1017C00041084108410841084108410841084108D1
:1017D00041084108410841084108410841084108C1
:1017E00041084108410841084108410841084108B1
:1017F00041084108410841084108410841084108A1
:1018000041084108410841084108410800002842B8
:10181000B6B5AA52821000000000200061086108DD
:10182000410861080000518CFFFF2421000061087D
:101830002000000000000000000041082421E739DA
:101840002842CB5ADBDE1CE75DEFDBDEF39C28424F
:10185000000041084108410861080000AE73FFFF25
:10186000D7BD8A52694A6D6B75AD5DEFFFFFFBDE38
:101870006108000041084108410841084108410849
:101880004108410841084108410841084108410810
:101890004108410841084108410841084108410800
:1018A00041084108410841084108410841084108F0
:1018B00041084108410841084108410841084108E0
:1018C00041084108410841084108410841084108D0
:1018D0004108410841084108410841084108000009
:1018E0004D6BFFFFFBDE9294284241080000000090
:1018F000000020000000718CFFFF2421000041083F
:101900004108000020000842718C18C6FBDE5DEF24
:101910007DEF5DEFFBDEFBDE3CE796B5A631000018
:101920000000410841084108410841082000718C2D
:10193000FFFFFFFFFFFFFFFFFFFFFFFF5DEF042142
:101940000000410841084108410841084108410898
:10195000410841084108410841084108410841083F
:10196000410841084108410841084108410841082F
:10197000410841084108410841084108410841081F
:10198000410841084108410841084108410841080F
:1019900041084108410841084108410841084108FF
:1019A00041084108410841084108410841084108EF
:1019B00000006D6BFFFFFFFFFFFF3CE714A5EB5A34
:1019C000C7394529494A5DEF3CE7410841084108CC
:1019D0000000084296B55DEF9EF79EF79EF79EF7D2
:1019E0009EF7BEF7BEF77DEF5DEF5DEF5DEF96B55D
:1019F000E739000020004108410841084108000083
:101A000024218A52CB5AA631F7BDFFFF694A000054
:101A1000610841084108410841084108410841085E
:101A2000410841084108410841084108410841086E
:101A3000410841084108410841084108410841085E
:101A4000410841084108410841084108410841084E
:101A5000410841084108410841084108410841083E
:101A6000410841084108410841084108410841082E
:101A7000410841084108410841084108410841081E
:101A8000610800001084FFFF7DEF59CEFFFFFFFFCC
:101A9000FFFFFFFFFFFFDFFF8A5200004108410800
:101AA000518C5DEF7DEF7DEFBEF7DFFFFFFFFFFFA6
:101AB000FFFFFFFFFFFFFFFFFFFFDFFF7DEF7DEF7A
:101AC0005DEF308441082000410841084108410889
:101AD000000000000000694AFFFFB29400006108A6
:101AE00041084108410841084108410841084108AE
:101AF000410841084108410841084108410841089E
:101B0000410841084108410841084108410841088D
:101B1000410841084108410841084108410841087D
:101B2000410841084108410841084108410841086D
:101B3000410841084108410841084108410841085D
:101B4000410841084108410841084108410841084D
:101B5000410841080000D39CFFFF10848210694AAD
:101B60008E7310844D6B242100002000610875AD38
:101B70009EF75DEFDFFFFFFFFFFFFFFFFFFFFFFFB0
:101B8000FFFFFFFFFFFFFFFFFFFFFFFFFFFFDFFF85
:101B90005DEF9EF796B5A21000004108410841088C
:101BA0004108410861081CE75DEF821020004108F0
:101BB00041084108410841084108410841084108DD
:101BC00041084108410841084108410841084108CD
:101BD00041084108410841084108410841084108BD
:101BE000410800002000410841084108410841081F
:101BF000410841084108410841084108410841089D
:101C0000410841084108410841084108410841088C
:101C1000410841084108410841084108410841087C
:101C20004108410841080000F7BDFFFFEB5A0000E2
:101C300000000000000000004108410875AD9EF75B
:101C40007DEFFFFFFFFFFFFFFFFFB6B56D6B0842A3
:101C50006529652908428E73D7BDFFFFFFFFFFFF8F
:101C6000FFFF7DEF9EF7F7BD82102000410841087D
:101C700061080000CB5AFFFF8E7300006108410825
:101C8000410841084108410841084108410841080C
:101C900041084108410841084108410841084108FC
:101CA00041084108410841084108410841084108EC
:101CB0000000242161082000410841084108410832
:101CC00041084108410841084108410841084108CC
:101CD00041084108410841084108410841084108BC
:101CE00041084108410841084108410841084108AC
:101CF0004108410841082000A210DBDEFFFFC73980
:101D000020006108410861080000518C9EF77DEFBA
:101D1000FFFFFFFFFFFF75AD8631000000000000F0
:101D200000000000000000000000863175ADFFFFDC
:101D3000FFFFFFFF7DEF9EF734A52000410841081B
:101D40004108000096B5DFFFC31820004108410894
:101D5000410841084108410841084108410841083B
:101D60004108410820004108410841084108410854
:101D70002000200041084108410841086108000096
:101D80000C63929400004108410841084108410851
:101D900041084108410841084108410841084108FB
:101DA00041084108410841084108410841084108EB
:101DB00041084108410841084108410841084108DB
:101DC000410841084108610800006529BEF7DBDED3
:101DD000610820006108000008427DEF5DEFFFFF11
:101DE000FFFFFFFF4D6B0000000041086108410844
:101DF00041084108410861084108000000002C63C7
:101E0000DFFFFFFFFFFF7DEF9EF78E73000061088D
:101E1000200020005DEF59CE0000610841086108F4
:101E20004108000000002000410841084108410825
:101E300020004108C3182000410841084108200043
:101E400061088A52200041084108410800004D6B9A
:101E5000FFFF863100004108410841084108410860
:101E6000410841084108410841084108410841082A
:101E700041084108410841084108000000000000F5
:101E800020004108610861084108410841084108F3
:101E90004108410841084108610800002C63FFFF28
:101EA000D39C000041082000B6B57DEFDFFFFFFFA7
:101EB000FFFF0C6300006108410841084108410828
:101EC00041084108410841084108410861080000F3
:101ED0008A52DFFFFFFFFFFF5DEFFBDE24212000C2
:101EE000200041089EF7B6B5000020000000000069
:101EF0000000C3182C63694A4108410841084108A1
:101F0000000086312C630000410841086108000090
:101F100092940C630000610841080000CF7BFFFF32
:101F2000B6B5000041084108410841084108410890
:101F30004108410841084108410841084108410859
:101F40004108410841084108410828422C63C7392B
:101F5000821000000000000000002000410861081D
:101F60006108410841084108410841080000B6B530
:101F7000FFFFC7390000494A5DEF7DEFFFFFFFFF1C
:101F8000B294000061084108410841084108410835
:101F900041084108410841084108410841086108D9
:101FA0000000EF7BFFFFFFFFBEF79EF730840000CD
:101FB0006108000018C6DFFF8A52E318A6312C63BF
:101FC000B6B55DEF308482104108410841086108D0
:101FD000000010846D6B0000410861080000CB5ABE
:101FE000BEF78210410820000000B294FFFFFFFFFF
:101FF000494A000041084108410841084108410898
:102000004108410841084108410841084108410888
:10201000410841084108410841088210EB5A18C69E
:102020007DEF38C6718CEB5AA6318210000000009B
:1020300000000000000041084108610820008631CE
:10204000FFFF55AD0000D39C9EF7BEF7FFFF5DEF8D
:10205000A210200041084108410841084108200021
:102060000000410841084108410841084108410871
:1020700041084108FBDEFFFFFFFF7DEF79CE8210B4
:1020800020002000A6317DEFFFFFDFFFFFFFFFFFF5
:102090005DEF084200002000410841084108410866
:1020A00020001CE70C630000610800002421BEF73B
:1020B00034A500000000610896B5FFFFFFFF9AD627
:1020C00020004108410841084108410841084108F1
:1020D00041084108410841084108410841084108B8
:1020E0004108410841084108410820000000000063
:1020F0000C63DBDEFFFFFFFFFFFF3CE718C6B29477
:10210000EB5AA631A21020000000000000000000E1
:1021100059CE3CE7610859CE9EF7DFFFFFFF92944E
:102120000000610841084108410841080000A21070
:10213000E318000020004108410841084108410817
:1021400061080000718CFFFFFFFF9EF75DEF084202
:1021500000006108000004214D6B5DEFFFFF96B5A4
:102160008210000061084108410841084108000050
:102170000842FFFF084200004108610879CEFFFFD6
:10218000AA52000045299AD6FFFFDBDEFFFF2C6331
:102190000000610841084108410841084108410820
:1021A00041084108410841084108410841084108E7
:1021B00041084108410841084108410841084108D7
:1021C000000020000C63DBDEFFFFFFFFFFFFFFFFCF
:1021D000FFFFFFFFFFFF1CE7F7BD34A5D39C96B5BB
:1021E000FFFFF7BD24213CE79EF7FFFFFFFF494AB1
:1021F0000000410841084108410800006D6B3CE7C0
:102200007DEF718C200041084108410841084108D8
:10221000610800000C63FFFFFFFFBEF79EF72C6311
:1022200000004108610800000C63FFFF75AD20004D
:1022300020006108410841084108410841080000A8
:1022400034A5FFFFE7390000000034A5FFFF5DEF74
:1022500041088A529EF7FFFF2C6359CE7DEF61083B
:10226000200041084108410841084108410841084F
:102270004108410841084108410841084108410816
:102280004108410841084108410841084108410806
:1022900061084108000082101084BEF7FFFFF39C24
:1022A00028428E7355AD79CE5DEFFFFFFFFFBEF77D
:1022B000D7BD042128427DEF9EF7FFFFBEF7042122
:1022C00000004108410841080000E739FFFFFFFF17
:1022D000FFFFFFFF0C63000061084108410841084F
:1022E00041080000AA52FFFFFFFFBEF79EF7AE7342
:1022F0000000610800006529FFFF9AD64108200010
:1023000041084108410841084108410800002421D2
:10231000BEF7FFFFA6310000CF7BFFFFFFFF9AD67D
:10232000B294FFFF5DEFE7396529FFFF518C000094
:102330006108410841084108410841084108410835
:102340004108410841084108410841084108410845
:102350004108410841084108410841084108410835
:1023600041084108610820000000652918C6FFFFE8
:1023700075AD2000000000004108A210C3188210B3
:1023800000000000AA529EF7BEF7FFFF7DEFC318C2
:1023900020004108410861080000518CFFFFDFFF69
:1023A000DFFFFFFFB6B5000041080000000000009D
:1023B00061080000494AFFFFFFFFBEF79EF76D6B03
:1023C000000061080000B6B5FFFF8631000061081B
:1023D0004108410841084108410861080000D39CB8
:1023E000FFFFFFFF0421494AFFFF18C679CEFFFF18
:1023F000FFFF75AD0421000014A5FFFF4529000073
:102400004108410841084108410841084108410884
:102410004108410841084108410841084108410874
:102420004108410841084108410841084108410864
:10243000410841084108410861080000200030843B
:10244000FFFF9AD6A2104108410820000000410871
:1024500000008210D39C5DEFBEF7FFFF9EF7E318EC
:10246000200041084108610800009294FFFFDFFF4F
:10247000FFFFFFFFF7BD00004108E739CB5AE739FE
:10248000200000002842FFFFFFFFBEF77DEFEB5A60
:10249000000000004529FFFF55AD0000610841081C
:1024A0004108410841084108410800008631DFFF2A
:1024B000BEF7FFFFB294BEF73CE7C3182421EF7BC1
:1024C00028420000000061087DEF79CE000041083D
:1024D0004108410841084108410841084108610894
:1024E000410820000000000041084108410841085F
:1024F0004108410841084108410841084108410894
:1025000041084108410841084108410841080000CC
:102510008E73FFFF14A500006108410861080000E8
:102520002421F7BD7DEF1CE7DFFFFFFFDFFF6529FB
:10253000000020004108610820008A52FFFFFFFFD1
:10254000DFFFFFFF8E73A6319AD6FFFFFFFFFFFF6D
:10255000718C0000694AFFFFFFFF9EF77DEF494A3B
:10256000000000008E73FFFF084200004108410890
:1025700041084108410841084108200059CEFFFFA9
:10258000AA52BEF7FFFF1CE76529000020000000EB
:102590000000610800006529FFFF10842000610829
:1025A000410861086108410841080000000000007E
:1025B00000008210694A2842200041084108410871
:1025C00041084108410841084108410841084108C3
:1025D000410841084108410841084108410882106A
:1025E000000055ADFFFFE31800006108000028421D
:1025F000BAD67DEF7DEFFFFFFFFFFFFFFFFF18C69D
:102600008A52A2100000000000000000D39CFFFFCF
:10261000FFFF96B5E739BEF7FFFFFFFFDFFFFFFFC4
:102620003CE70000EB5AFFFFFFFF9EF73CE7A631B7
:102630000000000014A5FFFFC31800004108410876
:1026400041084108410861080000518CFFFF1084D7
:102650000000694AAE73C3180000410841086108D0
:10266000410861080000E739FFFF6D6B00000000C2
:10267000000000000000000020000421494AEF7B18
:10268000B6B59EF755AD0421200041084108410828
:1026900041084108410841084108410841084108F2
:1026A0004108410841084108610841082000000034
:1026B000200096B5FFFFE318000000004D6B3CE7DB
:1026C0005DEFBEF7FFFFDFFFFFFF38C6F39CDFFFC4
:1026D000FFFFFFFF59CEB2942C6341080000E73999
:1026E000494A000034A5FFFFBEF7DFFFDFFFFFFF11
:1026F000D39C0000518CFFFFFFFF9EF7BAD6E31872
:102700002000000096B5DFFF610820004108410865
:102710004108610841080000CF7BFFFFD7BD2000C2
:10272000410800000000200041084108410841081C
:10273000410820000000C318BEF73CE78E73494AE9
:10274000694A2C633084B6B5FBDEBEF7FFFFFFFF9E
:10275000FFFF6D6B0000000041084108410841087F
:102760004108410841084108410841084108610801
:102770006108410820000000000000006108AA5222
:1027800079CEFFFF929400004108718C7DEF5DEFE0
:10279000DFFFFFFFDFFFFFFFD7BD61080000E31889
:1027A000EB5A55AD1CE7FFFFFFFFAA5200000000E7
:1027B00000000000718CFFFFFFFFFFFFFFFF55AD22
:1027C00020002000BAD6FFFFFFFF9EF718C6410881
:1027D000410800009294FFFF242100006108410895
:1027E0004108000000001084FFFF59CE8210200035
:1027F0004108410861084108410841084108410871
:1028000020008210A2100000AA525DEFFFFFFFFF20
:10281000FFFFFFFFFFFF9EF7BAD6DFFFFFFF9AD64D
:10282000863100004108410841084108410841083B
:10283000410841084108200000000000000000009D
:1028400000000000A210A6312C6355AD7DEFFFFF04
:10285000BEF7CF7B0000E31896B59EF75DEFFFFF54
:10286000FFFFFFFFFFFF34A52000200061080000EC
:1028700000000000000014A5FFFF86310000610881
:10288000610841086108AE7334A59294494A00007A
:10289000A63138C6FFFFFFFFDFFF9EF7F39C000065
:1028A000610800000842FFFF34A52000000000007E
:1028B0002000494A59CEFFFFD7BDA21000004108B1
:1028C00041084108410841084108410841082000E9
:1028D000610838C6B6B5410800008210E739AA522F
:1028E0008A5208420421E318B6B5FFFF55AD6108CE
:1028F000000061084108410841084108000000004B
:1029000000000000000061080421C739CB5AEF7BAA
:1029100014A538C69EF7FFFFFFFFFFFF38C66D6B9B
:10292000E31800004108B6B5BEF77DEFFFFFFFFFDB
:10293000FFFFFFFF718C000041084108410841087A
:102940006108410841087DEF38C600006108610850
:1029500061086108410800000000000000006108F3
:102960001CE7FFFFFFFFFFFFBEF79EF74D6B000068
:1029700061084108000014A5FFFFFBDE75AD96B5A8
:102980001CE7FFFFFFFFEF7B20002000410841080C
:102990004108410841084108410861080000200041
:1029A00034A59EF73CE74529000020000000000008
:1029B00000000000C3189AD6FFFF1084000020001A
:1029C000410841084108410841084108C7396D6B79
:1029D000F39C18C61CE7DFFFFFFFFFFFFFFFFFFFB1
:1029E000FFFFFFFFBAD63084084241080000000014
:1029F00000006108A210BAD65DEFFFFFFFFFFFFFE6
:102A0000FFFFFFFF4D6B00004108610861084108AE
:102A100061082000E318FFFFB294000000000000EE
:102A20000000000000000000000082106108108417
:102A3000FFFFDFFFFFFFFFFF7DEF3CE78631000078
:102A40004108410820002000AE73DBDEDFFFBEF747
:102A50009AD6108404210000410841084108410829
:102A6000410841084108410841080000E31896B5B3
:102A70007DEF1CE77DEF494A0000610841086108CD
:102A800020002421FBDEFFFF2C63000041084108E9
:102A9000410841084108410841084108C318652917
:102AA0002842EB5ACF7BB29496B559CE1CE7BEF7BD
:102AB000FFFFFFFFFFFF5DEF79CE55ADEF7B494A8A
:102AC000A210000000001084BEF77DEFFFFFFFFFA3
:102AD000FFFFFFFFFFFFEF7B610800000000000029
:102AE0000000000000007DEF18C6A6318A520C637A
:102AF000AE73718C75AD38C679CEDBDE5DEFFFFF4E
:102B0000FFFFFFFFFFFFDFFF9EF7F39C0000410880
:102B1000610841084108410800000000821082104D
:102B20000000000000006108410841084108410818
:102B300041084108200000002000EB5A9AD67DEFA2
:102B40009EF7BEF79EF70C63000061084108200065
:102B50008210BAD6FFFFAA5200006108410841085E
:102B6000410841084108410841084108200000008F
:102B70000000000000000000000000008210452955
:102B800008420C63308475ADDBDEDFFFFFFFFFFF23
:102B9000BEF7B29482106108D7BD9EF77DEFFFFFAC
:102BA000FFFFFFFFFFFFFFFF1CE7F39C8E73CB5A75
:102BB000AA52EB5A518C7DEFFFFFFFFFFFFFFFFF93
:102BC000FFFFFFFF14A54D6B3CE7FFFFFFFFFFFF7B
:102BD000FFFFFFFFFFFF7DEF3CE755ADA631200073
:102BE0000000000000004108610861084108410838
:102BF000610861086108610841084108200000007F
:102C000000000000A210EB5AD7BD7DEF5DEFBEF7CC
:102C1000FFFFBEF79EF74D6B000041084108000022
:102C200096B5FFFF2C630000610841084108410888
:102C3000410841084108410841084108410841084C
:102C4000410841086108610841084108200000006E
:102C5000000000000000000000008210A6316D6B33
:102C6000D7BDFFFF55AD0000C31896B59EF75DEFC9
:102C70009EF7FFFFFFFFFFFFFFFFFFFFFFFFFFFFCD
:102C8000FFFFFFFFFFFFFFFFFFFFFFFFDFFFFFFF74
:102C9000BEF796B500000000E739DFFFFFFFFFFF3A
:102CA000FFFFFFFFFFFFFFFF5DEF7DEF3CE7B6B5E6
:102CB000CF7B0842E3182000000000000000000065
:102CC000000000000000000000000000610845292D
:102CD000CB5AB29479CE7DEF7DEF7DEFDFFFFFFF22
:102CE000FFFFBEF79EF74D6B6529A2100000AA52A8
:102CF000FFFFD39C000061084108410841084108DA
:102D0000410841084108410841084108410841087B
:102D1000410841084108410841084108410841086B
:102D200041086108610841084108410800000000AD
:102D3000494AFFFFF7BD000020004108AE73BAD634
:102D40009EF79EF79EF79EF79EF79EF79EF79EF7DB
:102D50009EF7DFFFDFFFFFFFFFFFFFFFFFFF718C2D
:102D6000AE73B2940000000041087DEFFFFFFFFF4B
:102D7000FFFFFFFFFFFFFFFFFFFFDFFF7DEF9EF77E
:102D80009EF75DEFBAD6D7BDF39C30848E732C636B
:102D9000EB5A0C634D6BAE73718C55AD38C6FBDED0
:102DA0007DEF9EF77DEF9EF7DFFFFFFFFFFFFFFF49
:102DB000FFFFBEF71CE779CE9EF78A52000079CE5E
:102DC0009EF782102000410841084108410841084F
:102DD00041084108410841084108410841084108AB
:102DE000410841084108410841084108410841089B
:102DF000410841084108610820000000E318D39C05
:102E0000FFFF5DEF65292000610820000000E31846
:102E10004D6B55AD79CE1CE75DEF7DEF9EF77DEFF5
:102E2000FBDE7DEFFFFFFFFFFFFFDFFF2C630000F6
:102E3000A63159CE82106D6BB6B5FFFFFFFFFFFFC5
:102E4000FFFFFFFFFFFFFFFFFFFFFFFFFFFFFFFF92
:102E5000BEF79EF79EF79EF79EF79EF79EF79EF7AA
:102E60009EF79EF79EF79EF79EF79EF79EF79EF7BA
:102E70009EF7DFFFFFFFFFFFFFFFFFFFFBDEDFFF30
:102E8000FFFFBEF7FBDE3CE77DEFE7394108FFFFC0
:102E900034A5000061084108410841084108410883
:102EA00041084108410841084108410841084108DA
:102EB00041084108410841084108410841084108CA
:102EC0004108410800000000C3181084BEF7FFFF4E
:102ED00096B50421000061084108610861080000FE
:102EE00000000000A21065292842CB5ACB5AEF7B84
:102EF0003CE79EF7FFFFFFFFDFFF494A0000610844
:102F0000000055AD3CE734A5EB5A18C6FFFFFFFFA4
:102F1000FFFFFFFFFFFFFFFFFFFFFFFFFFFFFFFFC1
:102F2000FFFFFFFFFFFFFFFFDFFFDFFFBEF7BEF783
:102F3000BEF7BEF7BEF7DFFFDFFFFFFFFFFFFFFFBC
:102F4000FFFFFFFFDFFFFFFFFFFFCF7B4D6BFFFFAB
:102F5000FFFFFFFFDFFF7DEF1CE724218210FFFF53
:102F600034A50000610841084108410841084108B2
:102F70004108410841084108410841084108410809
:102F800041084108410841084108410861084108D9
:102F9000000000004529718C3CE7FFFF38C6494A14
:102FA0000000000020000000000000000000610898
:102FB00041084108200000000000000000004D6BA7
:102FC0009EF7BEF7FFFFFFFFEB5A0000410800002D
:102FD0009294FFFFFBDE00000000A2101CE7DFFF61
:102FE000FFFFFFFFFFFFFFFFFFFFFFFFFFFFFFFFF1
:102FF000FFFFFFFFFFFFFFFFFFFFFFFFFFFFFFFFE1
:10300000FFFFFFFFFFFFFFFFFFFFFFFFFFFFFFFFD0
:10301000FFFFFFFFFFFFBAD6494A000038C6FFFF97
:10302000FFFFFFFFFFFF9EF779CEA210000018C63A
:10303000DFFFC73900004108610841084108410825
:103040004108410841084108410841084108410838
:103050004108410841084108410800000000000003
:10306000084234A5DFFFFFFFFFFFFFFFBAD69AD665
:103070003CE73CE7FBDE59CE34A56D6B0421000034
:10308000410841084108410841084108610818C643
:103090007DEFDFFFFFFFD39C000061088210B6B513
:1030A000FFFF38C6F7BD00008210000059CEFFFFB9
:1030B000FFFFFFFFFFFFFFFFFFFFFFFFFFFFFFFF20
:1030C000FFFFFFFFFFFFFFFFFFFFFFFFFFFFFFFF10
:1030D000FFFFFFFFFFFFFFFFFFFFFFFFFFFFFFFF00
:1030E000FFFF7DEFCF7B821000002C63FFFF5DEFC1
:1030F000FFFFFFFFFFFF9EF7B6B5200020008631DF
:10310000BEF7DFFF2C6320000000000041084108EB
:103110004108410841084108410841084108410867
:10312000410841084108200000002421CF7BDBDE5C
:10313000FFFFFFFFFFFF5DEFFBDEBAD69AD69AD600
:1031400079CE79CE79CE1CE7FFFFFFFFBEF7CB5AD1
:1031500000004108410841084108000008425DEFB5
:103160007DEFFFFF1CE7821041082000A6316D6B48
:103170002421000079CE8A520000F39C38C6B6B5EF
:10318000FFFFFFFFDFFFFFFFFFFFFFFFFFFFFFFF6F
:10319000FFFFFFFFFFFFFFFFDFFFFFFFFFFFFFFF5F
:1031A000FFFFFFFFFFFFFFFFFFFFFFFFFFFFFFFF2F
:1031B000FBDE4529000000008631FBDE2C63AE7388
:1031C000FFFFFFFFDFFF9EF7718C0000610800002A
:1031D000A63179CEFFFF59CE2C63C3180000000042
:1031E00020004108410841084108410841084108C0
:1031F0004108410841086108AA52B294F39C108426
:10320000CB5AE7394529C3186108200000000000A7
:103210000000000000002000C31828421CE75DEFFA
:10322000410820004108410841080000F39C9EF736
:10323000BEF7FFFF6D6B0000610861082000000011
:10324000000000006529BAD675ADF7BD200000006A
:103250000842BEF7FFFFFFFFFFFFFFFFFFFFFFFF7B
:10326000FFFFFFFFFFFFFFFFFFFFFFFFFFFFFFFF6E
:103270009EF75DEFFFFFFFFF9EF779CEBEF7FFFFE2
:10328000AA52000082102000E3180421000014A5B7
:10329000FFFFFFFFBEF79EF70C6300004108000030
:1032A000E318CF7BBEF7FFFFFFFFFFFF18C64D6B94
:1032B000E31820004108410841084108410841083D
:1032C0004108410841084108821000000000000048
:1032D00000000000000000002000410841084108F3
:1032E0004108410841086108000061083CE7BAD67E
:1032F000200041084108410800002421FBDE7DEF49
:10330000FFFF5DEFA21020000000000000000000A1
:103310006108C739518C9EF7FFFF308400004108D7
:103320001084DFFF96B579CEFFFFFFFFFFFFBEF7EA
:10333000FFFFFFFFFFFF59CE75AD5DEFFFFFF39C71
:10334000C3186108108479CEC3184529FFFFBEF762
:10335000E318200041084108000000004108BAD6E7
:10336000FFFFFFFF9EF73CE7A63100004108929463
:10337000FFFFFFFF7DEF38C6F39C10846D6B694A39
:10338000E31820004108410841084108410841086C
:1033900041084108410820002000410861086108F7
:1033A00061084108410841084108410841084108B5
:1033B00041084108410800004529BAD6FFFFAA523A
:1033C000000061084108610800008E739EF79EF7B7
:1033D000FFFF14A5000020000842F39CD39CB6B563
:1033E000DBDEFFFFFFFF3CE718C67DEF452900004D
:1033F000FFFF4D6B00000000B294FFFF0842C318AE
:103400004D6BDFFF3084000000006529DBDE4108E2
:1034100000002000000059CE61086529FFFFDFFF92
:103420000421200041084108410820002421DFFF39
:10343000FFFFFFFF7DEF38C6610800008A52FFFFE3
:1034400096B50842E31800000000000000000000EC
:10345000200041084108410841084108410841084D
:103460004108410841084108410841084108410814
:103470004108410841084108410841084108410804
:103480004108410861082C63BEF7FFFFBEF7DBDE91
:103490008A52000041084108000075AD9EF7DFFF29
:1034A000FFFF0C630000000034A5FFFFFFFFFFFFDC
:1034B000FFFFDFFFD39CC318000092949EF734A552
:1034C000FFFFAA52000000006529FFFF4529000008
:1034D000000034A5494A00006108000059CE494A5D
:1034E00000000000EB5AD7BD000082105DEFFFFF27
:1034F000AE73000041084108410800001084FFFF3E
:10350000FFFFDFFF9EF7518C00000000E739FFFF4F
:1035100096B561080000410861086108610841082A
:103520004108410841084108410841084108410853
:103530004108410841084108410841084108410843
:103540004108410841084108410841084108410833
:10355000610800006108EF7BD7BDDFFFFFFFFFFFC1
:10356000EB5A000061082000C3189AD69EF7FFFFAF
:10357000FFFFC739000061085DEFFFFFBEF779CE9E
:10358000718C8631000041080000CB5AFFFFFFFF1D
:10359000FFFF5DEF0C636108E739FFFFE3180000F0
:1035A000000038C696B582104108EB5ADFFF9EF73F
:1035B00034A575ADFFFFFBDE308441081084FFFFAA
:1035C0009EF7EB5A2000000020002C63DFFFFFFF76
:1035D000FFFF7DEF5DEFE739000061080000CF7B62
:1035E000FFFF9EF7EB5A0000000041084108410828
:1035F0004108410841084108410841084108410883
:103600004108410841084108410841084108410872
:1036100041084108410841084108410841080000AB
:103620000000C3184D6B18C6FFFFDFFF75ADE7390B
:103630000000410841080000A6313CE79EF7FFFF6B
:10364000DFFF2421000082104D6B8A52452941087A
:103650000000000000000000494A3CE7FFFFDFFFD8
:10366000FFFFFFFFFFFF494A0842FFFFD7BD518C14
:1036700038C6FFFFFFFFDFFFBEF7FFFFFFFFFFFFC3
:10368000FFFFFFFFFFFFFFFFFFFF38C6410896B5B2
:10369000FFFFFFFF79CE96B5BAD6FFFFFFFFFFFF12
:1036A000DFFF7DEFB6B5200041084108410800006A
:1036B0008A523CE7FFFF59CE284200000000410833
:1036C0006108410841084108410841084108410892
:1036D00041084108410841084108410841084108A2
:1036E0004108410841086108200000000000C73976
:1036F000B2945DEFFFFFFBDECF7B242100000000D2
:103700004108410841080000694A7DEF9EF7FFFF2C
:10371000BEF7042100004108000000000000000086
:10372000000000006529D39CFFFFFFFFFFFFFFFFA4
:10373000FFFFFFFFFFFF8631AA52FFFFFFFFFFFFE2
:10374000FFFFFFFFFFFF18C6F39CDFFFFFFFDFFF58
:10375000BEF7DFFFDFFFDFFFDFFFFFFF0C630000CF
:1037600010845DEFFFFFFFFFFFFFFFFFFFFFDFFFA5
:103770003CE77DEF2842000041084108410841082C
:103780000000A2103084FFFFFFFF18C6694A200026
:103790000000200061084108410841084108410833
:1037A00041084108410841084108410841084108D1
:1037B00041084108000000006108CB5AF7BDFFFF37
:1037C000FFFFFFFF5DEF34A5AE73E318410861080A
:1037D0004108410841080000EB5A9EF7BEF7FFFF81
:1037E000DFFF24210000410800002000A210A631C4
:1037F0006D6BD7BDFFFFFFFFFFFFFFFFFFFFFFFF69
:10380000FFFFFFFFFFFF04216D6BFFFFFFFFFFFFC7
:103810009EF7D39C452900008A52FFFFFFFFFFFF60
:10382000FFFFFFFFFFFFFFFFFFFFFFFFD39C000035
:103830000000E3180C6338C6FFFFFFFFFFFF9EF791
:103840005DEF6D6B000041084108410861084108C7
:103850002000000000006108EF7B5DEFFFFF38C62D
:10386000EB5A610800000000410841084108410886
:103870004108410841084108410841084108410800
:1038800000000000863192947DEFFFFFFFFFFFFFF5
:10389000FFFFFFFF5DEFFFFFFFFFB6B500008210E7
:1038A0004108410841080000EB5A7DEFBEF7FFFFD9
:1038B000FFFFA63100006108D39C59CE3CE7FFFF13
:1038C000FFFFFFFF59CE92947DEFFFFFFFFFFFFF49
:1038D000FFFFFFFFDFFF61089294FFFFDBDEEF7B5E
:1038E0002421E3188E73DBDEFFFF7DEFBAD6B6B579
:1038F000B2948E732842AA52BEF7FFFF518C00008B
:1039000082100000000059CEFFFFFFFFFFFF7DEF98
:1039100079CE610820004108610800000000000025
:10392000E31828428E73518CB29479CEFFFFFFFFCB
:10393000FFFF1CE7EF7B0421000000004108410865
:10394000410841084108410841084108410841082F
:10395000E739929459CE79CE55AD30846D6BAA5229
:10396000A631E3184D6B1CE77DEF494A00000000CB
:103970000000410861080000E7397DEF9EF7FFFF76
:10398000FFFF8A5200000000BAD6FFFFFFFF1CE7CE
:1039900055ADAA5241080000694AFFFFFFFFFFFF33
:1039A000FFFFFFFF5DEF41088E734D6B4108000084
:1039B000C318CB5AEB5AC739C31841082000410835
:1039C000E318A6318A52718CDFFFFFFF494A0000DD
:1039D00061080000718CFFFFFFFFFFFFDFFF9EF714
:1039E00092940000610841080000C3188E7359CEFC
:1039F000FFFFFFFFFFFFFFFFFFFF5DEFFBDEFBDED3
:103A0000DBDE7DEFFFFF1CE79294A6314108410801
:103A1000410841084108410841084108410841085E
:103A2000652904214108000000000000000000009A
:103A30008210B294DFFFFFFFFBDED39C14A510843D
:103A4000652900000000652910841CE79EF7FFFF30
:103A5000FFFFEF7B000041082421C7394529821070
:103A600000000000200000008A52FFFFDFFFFFFF80
:103A7000DFFFFFFF7DEF82100000000061082421BE
:103A8000A631E7398A52AE73D39CD7BDBAD67DEF43
:103A9000FFFFFFFFFFFFFFFFFFFFD7BD0000410853
:103AA0000000C739FFFFFFFFFFFFFFFF7DEF5DEF66
:103AB000E739000041080000AE739EF7FFFF7DEF7D
:103AC00034A52C63E7390421A210410841084108BC
:103AD00041086108A2102421C7396529410841081D
:103AE00041084108410841084108410841082000B7
:103AF000000000002000410861080000A21030848E
:103B0000FFFFFFFFFFFFFFFFDFFFFFFFFFFFFFFFE5
:103B10009EF7C318A631BEF7FFFF1CE75DEFFFFF5E
:103B2000FFFFD7BD000041080000000000000000BA
:103B300000000000A210AE737DEFFFFFFFFFFFFF4C
:103B4000FFFFFFFFFFFF18C6B6B59AD61CE7BEF70A
:103B5000FFFFFFFFFFFFFFFFFFFFFFFFFFFFFFFF75
:103B6000FFFFDFFFBEF7BEF7DFFF9AD60C63A210A0
:103B700020009AD6FFFFFFFFFFFFDFFF7DEF75AD4F
:103B800020004108410855ADFFFFBAD68A526108AE
:103B900000000000000000002000200020002000A5
:103BA0002000200020000000000000004108410823
:103BB00041084108410841084108410841084108BD
:103BC00041084108410841082000C73934A538C6DA
:103BD00092944D6B494A8631E318A210410855ADC5
:103BE000FFFF24219294FFFFDFFF7DEF1CE7FFFF23
:103BF000FFFFBEF7042100004108A210C318652989
:103C0000AA52D39C3CE7FFFFFFFFFFFFEF7B084278
:103C1000F7BDFFFFFFFFFFFFFFFFFFFFFFFFFFFFFE
:103C2000FFFFFFFFDFFFDFFFDFFFDFFFFFFFFFFF24
:103C3000FFFFFFFFFFFFFFFFFFFFFFFFFFFF1CE78F
:103C400018C6FFFFFFFFFFFFFFFF7DEF5DEF494A53
:103C500000000000D39CFFFF929420000000200091
:103C600061086108410841084108410841084108CC
:103C700041084108410841084108410841084108FC
:103C800041084108410841084108410841084108EC
:103C90004108410841084108410804218210000000
:103CA0000000000000000000200000008E73FFFFF5
:103CB000D7BD0000F39CFFFFFFFFBEF7FBDEBEF7A2
:103CC000FFFFFFFFEF7B00002000E7399EF7DFFFDB
:103CD000FFFFFFFFFFFFDFFFFFFF718C0000000011
:103CE0006108FBDEFFFFFFFFFFFFFFFFFFFFFFFF9E
:103CF000FFFFFFFFFFFFFFFFFFFFFFFFFBDE75ADD5
:103D0000718C518C929414A5D7BD9AD69EF7FFFF63
:103D1000FFFFFFFFFFFFFFFFBEF77DEF55AD000088
:103D20000000C739FFFF96B5000020006108410878
:103D3000410841084108410841084108410841083B
:103D4000410841084108410841084108410841082B
:103D5000410841084108410841084108410841081B
:103D6000410841084108410841080000200041087D
:103D700061086108610820000000518CFFFF79CEC6
:103D8000A2100000EB5AFFFFFFFFFFFF3CE73CE7FC
:103D9000FFFFFFFF3CE7A21041080000B294FFFFC5
:103DA000BEF7DFFFFFFFFFFFDFFF452900008210A6
:103DB0000000CF7BFFFF9AD62C63DFFFFFFFFFFFE2
:103DC000FFFFFFFFFFFF7DEF108445296108C31847
:103DD000C3186108000000000000200004213CE737
:103DE000FFFFFFFFFFFFFFFF5DEF1CE765292000DE
:103DF0000000F39CFFFF45290000610841084108CD
:103E0000410841084108410841084108410841086A
:103E1000410841084108410841084108410841085A
:103E2000410841084108410841084108410841084A
:103E3000410841084108410841084108410841083A
:103E4000410861080000E318D7BDFFFFB6B5821036
:103E5000000020006108FBDEFFFFFFFF9EF7FBDE96
:103E6000BEF7FFFFFFFFD39C00006108000014A510
:103E7000FFFFFFFFFFFFFFFFBEF7E3180000410851
:103E800020004529D7BD652900001CE7FFFFFFFF83
:103E9000FFFFDFFFDFFF4D6B694A1084BAD6DFFFFB
:103EA000FFFFBEF7DBDE0842410800002842DFFFCB
:103EB000FFFFFFFFFFFF7DEF9EF76D6B00006108C6
:103EC0000000DBDEFBDE000041084108410841083C
:103ED000410841084108410841084108410841089A
:103EE000410841084108410841084108410841088A
:103EF000410841084108410841084108410841087A
:103F00004108410841084108410841084108410869
:103F100020000000694A7DEFFFFF718C2000200027
:103F20004108410800002842FFFFFFFFFFFF3CE778
:103F30001CE7FFFFFFFFFFFF0C63000061080000AC
:103F40009294FFFFFFFFFFFFFFFF8E7300006108E9
:103F500041082000000000006108DBDEFFFFFFFFDA
:103F6000FFFFFFFFFFFF96B54D6B96B5FFFFFFFF0D
:103F7000FFFFFFFFFFFFAA520000A6315DEFFFFF2A
:103F8000FFFFFFFF9EF79EF734A5000041082000C9
:103F900041087DEFF7BD0000410841084108410894
:103FA00041084108410841084108410841084108C9
:103FB00041084108410841084108410841084108B9
:103FC00041084108410841084108410841084108A9
:103FD00041084108410841084108410861080000C2
:103FE0008210B294FFFF3CE7284200000000410825
:103FF00041084108410800004D6BFFFFFFFFBEF77D
:10400000FBDE5DEFFFFFFFFFDFFF8A5200000000D5
:10401000E739FFFF6D6BAA5296B58A52000041083E
:1040200041084108410841084108DBDEFFFFFFFF6E
:104030003CE755ADAA52A21000006108BEF7FFFF91
:10404000FFFFFFFF718C00008A527DEFFFFFFFFF33
:10405000FFFF9EF77DEF18C6821020004108200068
:1040600020003CE718C6000041084108410841080B
:1040700041084108410841084108410841084108F8
:1040800041084108410841084108410841084108E8
:1040900041084108410841084108410841084108D8
:1040A00041084108410841086108200000002842F9
:1040B000BAD6FFFFD7BD0842863128428631610853
:1040C000000041084108410800004D6BFFFFFFFF61
:1040D0007DEFFBDE3CE7DFFFFFFFFFFF4D6B0000E6
:1040E0000421FFFF55AD0000000000004108410819
:1040F000410841084108200061089EF738C6863112
:10410000C3180000000000006108B294FFFFFFFF29
:10411000BAD68A5261089294FFFFFFFFFFFFFFFFAC
:104120007DEF7DEF38C6E3180000410841084108E3
:10413000000059CE5DEF41082000410841084108C8
:104140004108410841084108410841084108410827
:104150004108410841084108410841084108410817
:104160004108410841084108410841084108410807
:10417000410841084108410800008210B294FFFF45
:10418000FFFFFFFFBEF7FFFFFFFFFFFFFFFF3CE763
:104190000C63000041084108410800000842BAD6FB
:1041A000FFFFFFFF1CE71CE79EF7FFFFFFFF55AD7A
:1041B000A210518CFFFF0C63000061084108410808
:1041C00041084108410820004529FFFFEF7B00001E
:1041D00000000000C318CB5AD39CAE732C63084276
:1041E00024214D6B3CE7FFFFFFFFFFFFFFFF5DEF6B
:1041F0009EF7D7BDC3180000410841084108610877
:1042000000009294FFFF4529000041084108410841
:104210004108410841084108410841084108410856
:104220004108410841084108410841084108410846
:104230004108410841084108410841084108410836
:104240004108410800000000AA525DEFFFFFFFFF98
:104250009EF779CE55AD10842C63CB5AEF7B1CE7CB
:10426000FFFFA63100004108410861080000610815
:104270006D6B59CE7DEF7DEF7DEF7DEF9EF7FFFFFC
:104280005DEF718C3CE7DFFF0C6300000000200055
:1042900041084108200000006D6BFFFF0C63C73927
:1042A0008E7355AD3CE73CE78A526529EB5A14A55D
:1042B0007DEFFFFFFFFFFFFFFFFF9EF77DEF7DEF2D
:1042C000B2946108000041084108410841084108D2
:1042D0000000494AFFFF8E73000061084108410851
:1042E0004108410841084108410841084108410886
:1042F0004108410841084108410841084108410876
:104300004108410841084108410841084108410865
:1043100041080000652996B5FFFF79CE518C694AA6
:104320000421200000000000000000000000A63171
:10433000FFFFCF7B000061084108410841082000D1
:10434000000000002421C7398E739AD69EF77DEFB6
:10435000BEF7FFFF9EF7DFFFFFFF75AD084282103B
:1043600000002000C318AA521CE7FFFF7DEFFFFFEB
:10437000FFFFFFFFFFFFFFFFFFFFFFFFFFFFFFFF4D
:10438000FFFFDFFFBEF79EF77DEF9EF759CEAA52E3
:1043900000004108610841084108410861084108DE
:1043A000200061085DEFDBDE200041084108410884
:1043B00041084108410841084108410841084108B5
:1043C00041084108410841084108410841084108A5
:1043D0004108410841084108410841084108410895
:1043E0002000C739718C4D6B0421000000000000D3
:1043F0000000410841086108610861082000E739B0
:10440000FFFF6D6B00006108410841084108410849
:1044100061084108000000000000C3186D6BD7BDA3
:10442000FBDE7DEF9EF79EF7FFFFFFFFFFFFDFFF45
:10443000FBDE1CE7FFFFFFFFFFFFBEF759CE518CED
:1044400038C69EF77DEF9EF79EF79EF79EF77DEFAD
:104450009EF79EF79EF77DEF59CE8E738210000077
:10446000200000000000000000000000000000002C
:10447000610800003084FFFF494A000041084108FC
:1044800041084108410841084108410841084108E4
:1044900041084108410841084108410841084108D4
:1044A00041084108410841084108410841084108C4
:1044B0004108821000000000000041086108410826
:1044C0004108410841084108410861080000518C39
:1044D000FFFFA6310000410841084108610841087A
:1044E000410841084108410841082000000020001F
:1044F0004529AA52AE73308410842C638E7375AD37
:1045000059CE38C614A54D6BAA52A63182100000B0
:10451000E318CF7BD7BDBAD63CE75DEF5DEF3CE754
:10452000DBDEF7BD9294694A610800004108000093
:10453000A210AE7318C61CE7DBDEB6B5CF7B8631A2
:1045400000000000E318DFFF59CE000041084108D9
:104550004108410841084108410841084108410813
:104560004108410841084108410841084108410803
:1045700041084108410841084108410841084108F3
:1045800041082000410861084108410841084108EC
:1045900041084108410841084108200061085DEFD9
:1045A000DBDE2000410841080000000000000000A0
:1045B00020004108410841084108410841084108DC
:1045C00000000000000000000000000000000000EB
:1045D0000000000000000000000000002000410872
:1045E000000000002000E3188631E739E739A631E2
:1045F0000421410800000000200061080000E739A4
:104600001CE7FFFF7DEF38C679CEBEF7FFFFFFFF47
:1046100038C6CB5A0000EF7BFFFFAA5200006108AA
:104620004108410841084108410841084108410842
:104630004108410841084108410841084108410832
:104640004108410841084108410841084108410822
:104650004108410841084108410841084108410812
:10466000410841084108410861080000CF7BFFFF75
:104670000C630000000000000421AA526D6BCB5AAD
:10468000A2100000410841084108410841084108C2
:104690004108410861084108610861086108610832
:1046A0006108410841086108610841084108410862
:1046B00041084108410820000000000000000000FF
:1046C00000004108410841084108200024217DEFF5
:1046D000BEF7CB5A4108000000008210E739B294BF
:1046E000BEF7FFFF59CE8A52FBDE1CE761082000AF
:1046F0004108410841084108410841084108410872
:104700004108410841084108410841084108410861
:104710004108410841084108410841084108410851
:104720004108410841084108410841084108410841
:1047300041084108410841082000E318BEF7BAD6F5
:10474000000020008A52F7BDFFFFFFFFFFFFFFFFC1
:104750003CE708420000410841084108410841087F
:10476000410841084108410841084108410800004A
:104770000000610882100000000041084108410863
:1047800041084108410800000000000020006108C5
:10479000410841084108410841080000D7BDFFFF1A
:1047A00028420000410841084108200000000000A4
:1047B000C3181084DFFFFFFF3CE7FFFF718C000090
:1047C0006108410841084108410841084108410881
:1047D0004108410841084108410841084108410891
:1047E0004108410841084108410841084108410881
:1047F0004108410841084108410841084108410871
:104800004108410841084108000096B5DFFFA63184
:1048100028429AD6FFFFDFFF14A5AA52E739EB5AC8
:104820009EF75DEFA2102000410841082000000023
:10483000410841084108410841086108000004217D
:10484000F39C9EF7DFFFB6B56529000041084108DB
:10485000410841080000CB5A96B51084A210000010
:10486000410841084108410800008631FFFF14A5B6
:1048700000006108410841084108410841086108F9
:1048800020000000E31834A5FFFFFFFFDFFFE7393A
:104890000000410841084108410841084108410819
:1048A00041084108410841084108410841084108C0
:1048B00041084108410841084108410841084108B0
:1048C00041084108410841084108410841084108A0
:1048D0004108410861080000EB5AFFFFD7BD34A52D
:1048E000FFFFBEF7CF7BC3180000000000000000F0
:1048F000EB5AFFFF6D6B000061080000821024215D
:1049000020002000410820006108000008427DEFDF
:10491000FFFFF7BD55ADFFFF7DEF652900004108A2
:1049200041080000EB5AFFFFFFFFFFFFBAD604214A
:10493000000041084108610800003084FFFFA631F3
:104940000000410841084108410841084108410868
:1049500041086108000000008A521CE7FFFFDBDE0F
:1049600082102000410841084108410841084108DF
:1049700041084108410841084108410841084108EF
:1049800041084108410841084108410841084108DF
:1049900041084108410841084108410841084108CF
:1049A00041084108000024219EF7DFFFFFFFFFFFC1
:1049B000D39CE31800000000610841086108410829
:1049C00061089EF7F7BD000000008E737DEFFFFFCA
:1049D000B6B56108200061080000C739BEF77DEF59
:1049E000494A000000000842FFFF79CE200041083C
:1049F000200082105DEF3CE7C318EB5AFFFFBAD6E8
:104A0000A210200041084108000059CE5DEF410886
:104A10002000410841084108410841084108410877
:104A200041084108410841080000C31855ADFFFF87
:104A300034A50000410841084108410841084108E7
:104A4000410841084108410841084108410841081E
:104A5000410841084108410841084108410841080E
:104A600041084108410841084108410841084108FE
:104A700041084108200038C6FFFFFFFF9AD6E739FA
:104A80000000000061084108410841084108410850
:104A9000000059CE5DEF410834A5FFFF79CE14A583
:104AA000FFFF8E7300004108C3181CE7BEF7863174
:104AB0000000610861080000EF7BFFFFEB5A000077
:104AC00000000C63FFFF2C63000000000C63FFFF7D
:104AD000D7BD0000410820006108BEF7D7BD000027
:104AE000410841084108410841084108410841087E
:104AF00041084108410841086108200000008E7308
:104B0000FFFF6D6B00006108410841084108410842
:104B1000410841084108410841084108410841084D
:104B2000410841084108410841084108410841083D
:104B3000410841084108410841084108410841082D
:104B400061080000718CFFFFDFFF30844108000026
:104B500061084108410841084108410841084108ED
:104B6000000034A5BEF7D7BDFFFFD39C2000000096
:104B70007DEF18C60000000075ADFFFFAA520000CF
:104B8000610841084108200082107DEF9AD620007C
:104B9000000038C69EF78210200061080000518C8A
:104BA000FFFF3084000020000421FFFF92940000EA
:104BB000610841084108410841084108410841088D
:104BC00041084108410841084108410841080000E6
:104BD00028421CE7E7390000410841084108410824
:104BE000410841084108410841084108410841087D
:104BF000410841084108410841084108410841086D
:104C0000410841084108410841084108410861083C
:104C10000000CB5AFFFF9AD6E7390000410841084F
:104C2000410841084108410841084108410861081C
:104C300000009294FFFFFFFF9294000041080000E3
:104C400038C67DEF00008A52FFFFF39C0000610828
:104C500041084108410861080000B294FFFF45295E
:104C6000C318FFFF34A50000610841084108000097
:104C7000F7BDFFFF494A00008631FFFFCF7B0000F0
:104C800061084108410841084108410841084108BC
:104C900041084108410841084108410841086108AC
:104CA00000000421518CC31820004108410841082C
:104CB00041084108410841084108410841084108AC
:104CC000410841084108410841084108410841089C
:104CD00041084108410841084108410841080000D5
:104CE0008631FFFFD39C610800006108410841083C
:104CF000410841084108410841084108410861084C
:104D00000000718CFFFFD39C000041086108000087
:104D100075ADDFFF8210DBDE7DEFA21020004108C1
:104D2000410841084108410800000842FFFF2C6388
:104D30008A52FFFF8A5200004108410841082000C2
:104D400004217DEF3CE76108A631FFFFAE73000050
:104D500061084108410841084108410841084108EB
:104D600041084108410841084108410841084108FB
:104D7000610800006108C31820004108410841088B
:104D800041084108410841084108410841084108DB
:104D900041084108410841084108410841084108CB
:104DA0004108410841084108410841082000E31832
:104DB00059CE0C6300002000410841084108410819
:104DC000410841084108410841084108410861087B
:104DD000000034A579CE00004108410861080000B8
:104DE00075AD7DEFCF7BFFFF6D6B00006108410863
:104DF000410841084108410820008210BEF775AD06
:104E000034A5DFFFC31800004108410841086108CC
:104E10000000CB5AFFFFF39C4529FFFFAE73000053
:104E2000610841084108410841084108410841081A
:104E3000410841084108410841084108410841082A
:104E4000410841082000200041084108410841086C
:104E5000410841084108410841084108410841080A
:104E600041084108410841084108410841084108FA
:104E700041084108410841084108410820000C63ED
:104E800065290000610841084108410841084108BE
:104E900041084108410841084108410841084108CA
:104EA00000004D6B2421000041084108610800000A
:104EB00055ADDFFF7DEFFBDE4108200041084108D2
:104EC000410841084108410841080000F7BDBEF70C
:104ED000BEF718C6000041084108410841084108D2
:104EE0004108000014A5FFFF718CFFFFAE730000A6
:104EF000610841084108410841084108410841084A
:104F00004108410841084108410841084108410859
:104F10004108410841084108410841084108410849
:104F20004108410841084108410841084108410839
:104F30004108410841084108410841084108410829
:104F4000410841084108410841082000410820006B
:104F50000000610841084108410841084108410832
:104F600041084108410841084108410841084108F9
:104F70004108000020004108410841086108000084
:104F800034A5FFFFFFFF6D6B000061084108410879
:104F90004108410841084108610800001084FFFFF2
:104FA000FFFFCF7B0000610841084108410841082C
:104FB000410820008210FBDEFFFFFFFF108400008D
:104FC0006108410841084108410841084108410879
:104FD0004108410841084108410841084108410889
:104FE0004108410841084108410841084108410879
:104FF0004108410841084108410841084108410869
:105000004108410841084108410841084108410858
:105010004108410841084108410841082000410871
:105020004108410841084108410841084108410838
:105030004108410841084108410841084108410828
:105040004108410841084108410841086108000041
:1050500034A5FFFF3CE7A2102000410841084108A9
:10506000410841084108410841080000CB5AFFFFB0
:10507000FFFFE739000041084108410841084108A5
:105080004108610800002842FFFFFFFFB2940000C2
:1050900061084108410841084108410841084108A8
:1050A00041084108410841084108410841084108B8
:1050B00041084108410841084108410841084108A8
:1050C0004108410841084108410841084108410898
:1050D0004108410841084108410841084108410888
:1050E0004108410841084108410841084108410878
:1050F0004108410841084108410841084108410868
:105100004108410841084108410841084108410857
:105110004108410841084108410841084108000090
:10512000B6B5FFFF718C00006108410841084108D5
:10513000410841084108410841080000A631FFFF2D
:105140003CE782102000410841084108410841081D
:105150004108410861080000718CFFFF34A5000080
:1051600041084108410841084108410841084108F7
:1051700041084108410841084108410841084108E7
:1051800041084108410841084108410841084108D7
:1051900041084108410841084108410841084108C7
:1051A00041084108410841084108410841084108B7
:1051B00041084108410841084108410841084108A7
:1051C0004108410841084108410841084108410897
:1051D0004108410841084108410841084108410887
:1051E00041084108410841084108410841080000C0
:1051F00038C6FFFF863100004108410841084108D8
:10520000410841084108410841080000C318FFFF58
:10521000B6B500004108410841084108410841086D
:1052200041084108410841084108FBDE9AD60000C8
:105230004108410841084108410841084108410826
:105240004108410841084108410841084108410816
:105250004108410841084108410841084108410806
:1052600041084108410841084108410841084108F6
:1052700041084108410841084108410841084108E6
:1052800041084108410841084108410841084108D6
:1052900041084108410841084108410841084108C6
:1052A00041084108410841084108410841084108B6
:1052B00041084108410841084108410820002000F8
:1052C0003CE79AD6000041084108410841084108DE
:1052D00041084108410841084108410820007DEF8C
:1052E000AE730000610841084108410841084108C7
:1052F0004108410841084108000008421CE76108D4
:10530000200041084108410841084108410841087E
:105310004108410841084108410841084108410845
:105320004108410841084108410841084108410835
:105330004108410841084108410841084108410825
:105340004108410841084108410841084108410815
:105350004108410841084108410841084108410805
:1053600041084108410841084108410841084108F5
:1053700041084108410841084108410841084108E5
:1053800041084108410841084108410820006108DE
:10539000DFFFAE7300006108410841084108410881
:1053A000410841084108410841084108000038C649
:1053B00008420000410841084108410841084108ED
:1053C0004108410841084108410800004D6B45294A
:1053D00000004108410841084108410841084108CE
:1053E0004108410841084108410841084108410875
:1053F0004108410841084108410841084108410865
:105400004108410841084108410841084108410854
:105410004108410841084108410841084108410844
:105420004108410841084108410841084108410834
:105430004108410841084108410841084108410824
:105440004108410841084108410841084108410814
:105450004108410841084108410841080000042171
:105460007DEF24210000410841084108410841081E
:1054700041084108410841084108410800003084C2
:10548000E31800004108410841084108410841086B
:1054900041084108410841084108410820006108CD
:1054A00020004108410841084108410841084108DD
:1054B00041084108410841084108410841084108A4
:1054C0004108410841084108410841084108410894
:1054D0004108410841084108410841084108410884
:1054E0004108410841084108410841084108410874
:1054F0004108410841084108410841084108410864
:105500004108410841084108410841084108410853
:105510004108410841084108410841084108410843
:105520004108410841084108410841080000E739A5
:1055300096B500004108410841084108410841086A
:105540004108410841084108410841082000452917
:10555000410820004108410841084108410841082C
:10556000410841084108410841084108410820001C
:1055700041084108410841084108410841084108E3
:1055800041084108410841084108410841084108D3
:1055900041084108410841084108410841084108C3
:1055A00041084108410841084108410841084108B3
:1055B00041084108410841084108410841084108A3
:1055C0004108410841084108410841084108410893
:1055D0004108410841084108410841084108410883
:1055E0004108410841084108410841084108410873
:1055F0004108410841084108410841080000694A42
:105600000C63000041084108410841084108410875
:10561000410841084108410841084108410820006B
:105620004108410841084108410841084108410832
:105630004108410841084108410841084108410822
:105640004108410841084108410841084108410812
:105650004108410841084108410841084108410802
:1056600041084108410841084108410841084108F2
:1056700041084108410841084108410841084108E2
:1056800041084108410841084108410841084108D2
:1056900041084108410841084108410841084108C2
:1056A00041084108410841084108410841084108B2
:1056B00041084108410841084108410841084108A2
:1056C0004108410841084108410841080000E73904
:1056D00004210000410841084108410841084108EF
:1056E0004108410841084108410841084108410872
:1056F0004108410841084108410841084108410862
:105700004108410841084108410841084108410851
:105710004108410841084108410841084108410841
:105720004108410841084108410841084108410831
:105730004108410841084108410841084108410821
:1057400041084108410841084108410800000000A3
:105750000102030400000000000000000102030435
:1057600006070809232D302B2000686C4C00656665
:1057700067454647003031323334353637383941A2
:1057800042434445460030313233343536373839B8
:085790006162636465660000BC
:0857980008AAFE7F01000000D9
:0457A000A902000852
:0457A4008502000872
:1057A800BC7C000803010000C87C0008030000005E
:1057B800D07C00080300000001640000D0810008CC
:1057C800DC81000800000240000800008813B80BC4
:1057D80000000000E4810008EC810008000002409D
:1057E80000100000204EB80B04000000F8810008EB
:1057F8000008024002000000008200080008024081
:1058080004000000088200080000024000080000B0
:10581800E4810008000002400010000001020200BC
:10582800DC05000001010601010100001000000074
:105838000024F40098000020000000008C060020DE
:10584800F40600205C0700200000000000000000B3
:105858000000000000000000000000000000000040
:105868000000000000000000000000000000000030
:105878000000000000000000000000000000000020
:04588800000000001C
:0400000508006FD5AB
:00000001FF
