ARM GAS  /tmp/cczpKMPG.s 			page 1


   1              		.cpu cortex-m4
   2              		.arch armv7e-m
   3              		.fpu fpv4-sp-d16
   4              		.eabi_attribute 27, 1
   5              		.eabi_attribute 28, 1
   6              		.eabi_attribute 20, 1
   7              		.eabi_attribute 21, 1
   8              		.eabi_attribute 23, 3
   9              		.eabi_attribute 24, 1
  10              		.eabi_attribute 25, 1
  11              		.eabi_attribute 26, 1
  12              		.eabi_attribute 30, 1
  13              		.eabi_attribute 34, 1
  14              		.eabi_attribute 18, 4
  15              		.file	"screens.c"
  16              		.text
  17              	.Ltext0:
  18              		.cfi_sections	.debug_frame
  19              		.file 1 "Core/Src/ui/screens.c"
  20              		.section	.text.current_color,"ax",%progbits
  21              		.align	1
  22              		.syntax unified
  23              		.thumb
  24              		.thumb_func
  26              	current_color:
  27              	.LVL0:
  28              	.LFB226:
   1:Core/Src/ui/screens.c **** /**
   2:Core/Src/ui/screens.c ****  * @file    screens.c
   3:Core/Src/ui/screens.c ****  * @brief   all the screens. draw once full, then update moving parts.
   4:Core/Src/ui/screens.c ****  */
   5:Core/Src/ui/screens.c **** 
   6:Core/Src/ui/screens.c **** #include "ui/screens.h"
   7:Core/Src/ui/screens.c **** #include "ui/widgets.h"
   8:Core/Src/ui/screens.c **** #include "app/telemetry.h"
   9:Core/Src/ui/screens.c **** #include "main.h"       /* GPIO pin definitions */
  10:Core/Src/ui/screens.c **** #include "ui/ui_state.h"
  11:Core/Src/ui/screens.c **** #include <stdio.h>      /* snprintf */
  12:Core/Src/ui/screens.c **** 
  13:Core/Src/ui/screens.c **** /* =========================================================
  14:Core/Src/ui/screens.c ****  * LAYOUT CONSTANTS
  15:Core/Src/ui/screens.c ****  * ========================================================= */
  16:Core/Src/ui/screens.c **** 
  17:Core/Src/ui/screens.c **** #define HEADER_Y    0
  18:Core/Src/ui/screens.c **** #define HEADER_H    30
  19:Core/Src/ui/screens.c **** #define CONTENT_Y   (HEADER_Y + HEADER_H)
  20:Core/Src/ui/screens.c **** #define CONTENT_H   260
  21:Core/Src/ui/screens.c **** #define FOOTER_Y    290
  22:Core/Src/ui/screens.c **** #define FOOTER_H    30
  23:Core/Src/ui/screens.c **** 
  24:Core/Src/ui/screens.c **** /* MAIN screen element positions */
  25:Core/Src/ui/screens.c **** #define MAIN_BATTBAR_X   10
  26:Core/Src/ui/screens.c **** #define MAIN_BATTBAR_Y   (CONTENT_Y + 12)
  27:Core/Src/ui/screens.c **** #define MAIN_BATTBAR_W   138
  28:Core/Src/ui/screens.c **** #define MAIN_BATTBAR_H   46
  29:Core/Src/ui/screens.c **** #define MAIN_SOC_X       156
  30:Core/Src/ui/screens.c **** #define MAIN_SOC_Y       (CONTENT_Y + 22)
ARM GAS  /tmp/cczpKMPG.s 			page 2


  31:Core/Src/ui/screens.c **** 
  32:Core/Src/ui/screens.c **** #define MAIN_VOLTAGE_X   10
  33:Core/Src/ui/screens.c **** #define MAIN_VOLTAGE_Y   (MAIN_BATTBAR_Y + MAIN_BATTBAR_H + 10)
  34:Core/Src/ui/screens.c **** 
  35:Core/Src/ui/screens.c **** #define MAIN_CURRENT_X   130
  36:Core/Src/ui/screens.c **** #define MAIN_CURRENT_Y   MAIN_VOLTAGE_Y
  37:Core/Src/ui/screens.c **** 
  38:Core/Src/ui/screens.c **** #define MAIN_GRAPH_X     10
  39:Core/Src/ui/screens.c **** #define MAIN_GRAPH_Y     (MAIN_VOLTAGE_Y + 55)
  40:Core/Src/ui/screens.c **** #define MAIN_GRAPH_W     220
  41:Core/Src/ui/screens.c **** #define MAIN_GRAPH_H     100
  42:Core/Src/ui/screens.c **** 
  43:Core/Src/ui/screens.c **** /* =========================================================
  44:Core/Src/ui/screens.c ****  * PRIVATE HELPER FUNCTIONS
  45:Core/Src/ui/screens.c ****  * ========================================================= */
  46:Core/Src/ui/screens.c **** 
  47:Core/Src/ui/screens.c **** static void draw_header(const char *title)
  48:Core/Src/ui/screens.c **** {
  49:Core/Src/ui/screens.c ****     ILI9341_FillRect(0, HEADER_Y, ILI9341_WIDTH, HEADER_H, COLOR_HEADER);
  50:Core/Src/ui/screens.c ****     GFX_DrawHLine(0, HEADER_Y + HEADER_H - 2, ILI9341_WIDTH, COLOR_ACCENT);
  51:Core/Src/ui/screens.c ****     GFX_DrawHLine(0, HEADER_Y + HEADER_H - 1, ILI9341_WIDTH, COLOR_ACCENT);
  52:Core/Src/ui/screens.c ****     GFX_DrawString(8, HEADER_Y + 10, title, &GFX_FontMedium, COLOR_WHITE, COLOR_HEADER);
  53:Core/Src/ui/screens.c ****     Screen_Header_RefreshIcons();
  54:Core/Src/ui/screens.c **** }
  55:Core/Src/ui/screens.c **** 
  56:Core/Src/ui/screens.c **** /* called on every periodic tick so icons track live telemetry on all screens */
  57:Core/Src/ui/screens.c **** void Screen_Header_RefreshIcons(void)
  58:Core/Src/ui/screens.c **** {
  59:Core/Src/ui/screens.c ****     ILI9341_FillRect(150, HEADER_Y + 4, 88, HEADER_H - 10, COLOR_HEADER);
  60:Core/Src/ui/screens.c **** 
  61:Core/Src/ui/screens.c ****     /* thermometer: red when hot, cyan when cold. no icon = temp good */
  62:Core/Src/ui/screens.c ****     if (telemetry.temp_celsius >= 45)
  63:Core/Src/ui/screens.c ****         Widget_StatusIcon_Draw(170, HEADER_Y + 10, ICON_TEMP_WARN, "", 1);
  64:Core/Src/ui/screens.c ****     else if (telemetry.temp_celsius < 10)
  65:Core/Src/ui/screens.c ****         Widget_StatusIcon_Draw(170, HEADER_Y + 10, ICON_TEMP_COLD, "", 1);
  66:Core/Src/ui/screens.c **** 
  67:Core/Src/ui/screens.c ****     /* blinking "!" = voltage very low. bad. */
  68:Core/Src/ui/screens.c ****     if (volt_alarm_pub(telemetry.voltage_mV) == 2 &&
  69:Core/Src/ui/screens.c ****         ((HAL_GetTick() / 500) & 1))
  70:Core/Src/ui/screens.c ****         Widget_StatusIcon_Draw(155, HEADER_Y + 10, ICON_ALERT, "", 1);
  71:Core/Src/ui/screens.c **** 
  72:Core/Src/ui/screens.c ****     /* USB-C plug when a supply is attached */
  73:Core/Src/ui/screens.c ****     if (telemetry.vbus_present)
  74:Core/Src/ui/screens.c ****         Widget_StatusIcon_Draw(200, HEADER_Y + 10, ICON_USB_C, "", 1);
  75:Core/Src/ui/screens.c **** 
  76:Core/Src/ui/screens.c ****     /* Bolt while charging, check when full, down arrow while discharging */
  77:Core/Src/ui/screens.c ****     if (telemetry.is_full)
  78:Core/Src/ui/screens.c ****         Widget_StatusIcon_Draw(185, HEADER_Y + 10, ICON_FULL, "", 1);
  79:Core/Src/ui/screens.c ****     else if (telemetry.is_charging)
  80:Core/Src/ui/screens.c ****         Widget_StatusIcon_Draw(185, HEADER_Y + 10, ICON_CHARGING, "", 1);
  81:Core/Src/ui/screens.c ****     else if (telemetry.current_mA < 0)
  82:Core/Src/ui/screens.c ****         Widget_StatusIcon_Draw(185, HEADER_Y + 10, ICON_DISCHARGING, "", 1);
  83:Core/Src/ui/screens.c **** }
  84:Core/Src/ui/screens.c **** 
  85:Core/Src/ui/screens.c **** static void draw_footer(uint8_t active_dot)
  86:Core/Src/ui/screens.c **** {
  87:Core/Src/ui/screens.c ****     ILI9341_FillRect(0, FOOTER_Y, ILI9341_WIDTH, FOOTER_H, COLOR_HEADER);
ARM GAS  /tmp/cczpKMPG.s 			page 3


  88:Core/Src/ui/screens.c **** 
  89:Core/Src/ui/screens.c ****     const uint16_t dot_xs[] = {68, 94, 120, 146, 172};
  90:Core/Src/ui/screens.c ****     for (uint8_t i = 0; i < 5; i++)
  91:Core/Src/ui/screens.c ****     {
  92:Core/Src/ui/screens.c ****         uint16_t color = (i == active_dot) ? COLOR_ACCENT : COLOR_GRAY;
  93:Core/Src/ui/screens.c ****         GFX_DrawCircle(dot_xs[i], FOOTER_Y + 15, 4, color);
  94:Core/Src/ui/screens.c ****         if (i == active_dot)
  95:Core/Src/ui/screens.c ****             ILI9341_FillRect(dot_xs[i] - 2, FOOTER_Y + 13, 5, 5, color);
  96:Core/Src/ui/screens.c ****     }
  97:Core/Src/ui/screens.c **** }
  98:Core/Src/ui/screens.c **** 
  99:Core/Src/ui/screens.c **** static uint16_t current_color(int16_t current_mA)
 100:Core/Src/ui/screens.c **** {
  29              		.loc 1 100 1 view -0
  30              		.cfi_startproc
  31              		@ args = 0, pretend = 0, frame = 0
  32              		@ frame_needed = 0, uses_anonymous_args = 0
  33              		@ link register save eliminated.
 101:Core/Src/ui/screens.c ****     return (current_mA >= 0) ? COLOR_GREEN : COLOR_CYAN;
  34              		.loc 1 101 5 view .LVU1
  35              		.loc 1 101 44 is_stmt 0 view .LVU2
  36 0000 0028     		cmp	r0, #0
  37 0002 02DB     		blt	.L3
  38              		.loc 1 101 44 discriminator 1 view .LVU3
  39 0004 4FF4FC60 		mov	r0, #2016
  40              	.LVL1:
  41              		.loc 1 101 44 discriminator 1 view .LVU4
  42 0008 7047     		bx	lr
  43              	.LVL2:
  44              	.L3:
  45              		.loc 1 101 44 discriminator 2 view .LVU5
  46 000a 40F2FF70 		movw	r0, #2047
  47              	.LVL3:
 102:Core/Src/ui/screens.c **** }
  48              		.loc 1 102 1 view .LVU6
  49 000e 7047     		bx	lr
  50              		.cfi_endproc
  51              	.LFE226:
  53              		.section	.text.cell_color,"ax",%progbits
  54              		.align	1
  55              		.syntax unified
  56              		.thumb
  57              		.thumb_func
  59              	cell_color:
  60              	.LVL4:
  61              	.LFB230:
 103:Core/Src/ui/screens.c **** 
 104:Core/Src/ui/screens.c **** /* =========================================================
 105:Core/Src/ui/screens.c ****  * Colour helpers — shared with widgets.c
 106:Core/Src/ui/screens.c ****  * ========================================================= */
 107:Core/Src/ui/screens.c **** 
 108:Core/Src/ui/screens.c **** /* alarm thresholds, one place only, easy to poke */
 109:Core/Src/ui/screens.c **** #define TH_SOC_ORANGE      15     /* below this % -> orange */
 110:Core/Src/ui/screens.c **** #define TH_SOC_RED          5     /* below this % -> red  */
 111:Core/Src/ui/screens.c **** #define TH_TEMP_ORANGE     45     /* C */
 112:Core/Src/ui/screens.c **** #define TH_TEMP_RED        60     /* C */
 113:Core/Src/ui/screens.c **** #define TH_TEMP_COLD       10     /* below this C -> cyan + warning */
ARM GAS  /tmp/cczpKMPG.s 			page 4


 114:Core/Src/ui/screens.c **** #define TH_VOLT_GREEN_MV   14000  /* 14-17 V: green, all good */
 115:Core/Src/ui/screens.c **** #define TH_VOLT_ORANGE_MV  13000  /* 13-14 V: orange, keep eye on it */
 116:Core/Src/ui/screens.c **** #define TH_VOLT_RED_MV     12000  /* 12-13 V red; below: red that blinks */
 117:Core/Src/ui/screens.c **** 
 118:Core/Src/ui/screens.c **** uint16_t battery_color_pub(uint8_t pct)
 119:Core/Src/ui/screens.c **** {
 120:Core/Src/ui/screens.c ****     if (pct < TH_SOC_RED)    return COLOR_DANGER;
 121:Core/Src/ui/screens.c ****     if (pct < TH_SOC_ORANGE) return COLOR_ORANGE;
 122:Core/Src/ui/screens.c ****     return COLOR_GREEN;
 123:Core/Src/ui/screens.c **** }
 124:Core/Src/ui/screens.c **** 
 125:Core/Src/ui/screens.c **** uint16_t temp_color_pub(int16_t temp_c)
 126:Core/Src/ui/screens.c **** {
 127:Core/Src/ui/screens.c ****     if (temp_c >= TH_TEMP_RED)    return COLOR_DANGER;
 128:Core/Src/ui/screens.c ****     if (temp_c >= TH_TEMP_ORANGE) return COLOR_ORANGE;
 129:Core/Src/ui/screens.c ****     if (temp_c <  TH_TEMP_COLD)   return COLOR_CYAN;   /* brrr, cold */
 130:Core/Src/ui/screens.c ****     return COLOR_WHITE;
 131:Core/Src/ui/screens.c **** }
 132:Core/Src/ui/screens.c **** 
 133:Core/Src/ui/screens.c **** /** 1 when temp outside comfort cave. show warning then. */
 134:Core/Src/ui/screens.c **** uint8_t temp_out_of_range_pub(int16_t temp_c)
 135:Core/Src/ui/screens.c **** {
 136:Core/Src/ui/screens.c ****     return (temp_c > TH_TEMP_RED) || (temp_c < TH_TEMP_COLD);
 137:Core/Src/ui/screens.c **** }
 138:Core/Src/ui/screens.c **** 
 139:Core/Src/ui/screens.c **** #define TH_CELL_ORANGE_MV  3250   /* per single parallel group */
 140:Core/Src/ui/screens.c **** #define TH_CELL_RED_MV     3050
 141:Core/Src/ui/screens.c **** 
 142:Core/Src/ui/screens.c **** static uint16_t cell_color(uint16_t mv)
 143:Core/Src/ui/screens.c **** {
  62              		.loc 1 143 1 is_stmt 1 view -0
  63              		.cfi_startproc
  64              		@ args = 0, pretend = 0, frame = 0
  65              		@ frame_needed = 0, uses_anonymous_args = 0
  66              		@ link register save eliminated.
 144:Core/Src/ui/screens.c ****     if (mv < TH_CELL_RED_MV)    return COLOR_DANGER;
  67              		.loc 1 144 5 view .LVU8
  68              		.loc 1 144 8 is_stmt 0 view .LVU9
  69 0000 40F6E933 		movw	r3, #3049
  70 0004 9842     		cmp	r0, r3
  71 0006 06D9     		bls	.L6
 145:Core/Src/ui/screens.c ****     if (mv < TH_CELL_ORANGE_MV) return COLOR_ORANGE;
  72              		.loc 1 145 5 is_stmt 1 view .LVU10
  73              		.loc 1 145 8 is_stmt 0 view .LVU11
  74 0008 40F6B143 		movw	r3, #3249
  75 000c 9842     		cmp	r0, r3
  76 000e 05D9     		bls	.L7
 146:Core/Src/ui/screens.c ****     return COLOR_WHITE;
  77              		.loc 1 146 12 view .LVU12
  78 0010 4FF6FF70 		movw	r0, #65535
  79              	.LVL5:
  80              		.loc 1 146 12 view .LVU13
  81 0014 7047     		bx	lr
  82              	.LVL6:
  83              	.L6:
 144:Core/Src/ui/screens.c ****     if (mv < TH_CELL_RED_MV)    return COLOR_DANGER;
  84              		.loc 1 144 40 discriminator 1 view .LVU14
ARM GAS  /tmp/cczpKMPG.s 			page 5


  85 0016 4FF47840 		mov	r0, #63488
  86              	.LVL7:
 144:Core/Src/ui/screens.c ****     if (mv < TH_CELL_RED_MV)    return COLOR_DANGER;
  87              		.loc 1 144 40 discriminator 1 view .LVU15
  88 001a 7047     		bx	lr
  89              	.LVL8:
  90              	.L7:
 145:Core/Src/ui/screens.c ****     if (mv < TH_CELL_ORANGE_MV) return COLOR_ORANGE;
  91              		.loc 1 145 40 discriminator 1 view .LVU16
  92 001c 4FF62050 		movw	r0, #64800
  93              	.LVL9:
 147:Core/Src/ui/screens.c **** }
  94              		.loc 1 147 1 view .LVU17
  95 0020 7047     		bx	lr
  96              		.cfi_endproc
  97              	.LFE230:
  99              		.section	.text.stats_row_y,"ax",%progbits
 100              		.align	1
 101              		.syntax unified
 102              		.thumb
 103              		.thumb_func
 105              	stats_row_y:
 106              	.LVL10:
 107              	.LFB255:
 148:Core/Src/ui/screens.c **** 
 149:Core/Src/ui/screens.c **** uint16_t volt_color_pub(uint16_t mv)
 150:Core/Src/ui/screens.c **** {
 151:Core/Src/ui/screens.c ****     if (mv < TH_VOLT_RED_MV)          /* critico: rosso lampeggiante */
 152:Core/Src/ui/screens.c ****         return ((HAL_GetTick() / 500) & 1) ? COLOR_DANGER : COLOR_DARKGRAY;
 153:Core/Src/ui/screens.c ****     if (mv < TH_VOLT_ORANGE_MV) return COLOR_DANGER;
 154:Core/Src/ui/screens.c ****     if (mv < TH_VOLT_GREEN_MV)  return COLOR_ORANGE;
 155:Core/Src/ui/screens.c ****     return COLOR_GREEN;
 156:Core/Src/ui/screens.c **** }
 157:Core/Src/ui/screens.c **** 
 158:Core/Src/ui/screens.c **** /* 0 = fine, 1 = warn (12-13 V), 2 = very bad (<12 V) */
 159:Core/Src/ui/screens.c **** uint8_t volt_alarm_pub(uint16_t mv)
 160:Core/Src/ui/screens.c **** {
 161:Core/Src/ui/screens.c ****     if (mv < TH_VOLT_RED_MV)    return 2;
 162:Core/Src/ui/screens.c ****     if (mv < TH_VOLT_ORANGE_MV) return 1;
 163:Core/Src/ui/screens.c ****     return 0;
 164:Core/Src/ui/screens.c **** }
 165:Core/Src/ui/screens.c **** 
 166:Core/Src/ui/screens.c **** /* =========================================================
 167:Core/Src/ui/screens.c ****  * SCREEN: BOOT
 168:Core/Src/ui/screens.c ****  * ========================================================= */
 169:Core/Src/ui/screens.c **** 
 170:Core/Src/ui/screens.c **** #include "display/logo.h"
 171:Core/Src/ui/screens.c **** #include <string.h>
 172:Core/Src/ui/screens.c **** 
 173:Core/Src/ui/screens.c **** void Screen_Boot_Draw(void)
 174:Core/Src/ui/screens.c **** {
 175:Core/Src/ui/screens.c ****     ILI9341_FillScreen(COLOR_BG);
 176:Core/Src/ui/screens.c **** 
 177:Core/Src/ui/screens.c ****     /* duck logo, middle of upper half */
 178:Core/Src/ui/screens.c ****     GFX_DrawBitmap((ILI9341_WIDTH - LOGO_W) / 2, 42, LOGO_W, LOGO_H, logo_data);
 179:Core/Src/ui/screens.c **** 
 180:Core/Src/ui/screens.c ****     /* Big name, two words, stairs style, with shadow.
ARM GAS  /tmp/cczpKMPG.s 			page 6


 181:Core/Src/ui/screens.c ****      * Draw shadow first (+3,+3, dark), bright word on top.
 182:Core/Src/ui/screens.c ****      * Careful: shadow bg = COLOR_BG so top word not eat shadow. */
 183:Core/Src/ui/screens.c **** #define BOOT_SHADOW_ORANGE 0x8280   /* dim orange for shadow */
 184:Core/Src/ui/screens.c ****     GFX_DrawStringScaled(27, 163, "DUCKER",  &GFX_FontSmall, 3, BOOT_SHADOW_ORANGE, COLOR_BG);
 185:Core/Src/ui/screens.c ****     GFX_DrawStringScaled(24, 160, "DUCKER",  &GFX_FontSmall, 3, COLOR_ACCENT, COLOR_TRANSPARENT_MAG
 186:Core/Src/ui/screens.c ****     GFX_DrawStringScaled(73, 195, "CHARGER", &GFX_FontSmall, 3, COLOR_DARKGRAY, COLOR_TRANSPARENT_M
 187:Core/Src/ui/screens.c ****     GFX_DrawStringScaled(70, 192, "CHARGER", &GFX_FontSmall, 3, COLOR_WHITE, COLOR_TRANSPARENT_MAGI
 188:Core/Src/ui/screens.c **** 
 189:Core/Src/ui/screens.c ****     /* small words under big name */
 190:Core/Src/ui/screens.c ****     GFX_DrawString(78, 232, "Smart UPS 4S3P", &GFX_FontSmall, COLOR_GRAY, COLOR_BG);
 191:Core/Src/ui/screens.c **** 
 192:Core/Src/ui/screens.c ****     /* decoration lines, stairs like words */
 193:Core/Src/ui/screens.c ****     GFX_DrawHLine(24, 152, 128, COLOR_ACCENT);
 194:Core/Src/ui/screens.c ****     GFX_DrawHLine(24, 154, 96,  COLOR_ACCENT);
 195:Core/Src/ui/screens.c ****     GFX_DrawHLine(88, 246, 128, COLOR_GRAY);
 196:Core/Src/ui/screens.c ****     GFX_DrawHLine(120, 248, 96, COLOR_GRAY);
 197:Core/Src/ui/screens.c **** 
 198:Core/Src/ui/screens.c ****     /* version number, top-left, big-ish */
 199:Core/Src/ui/screens.c ****     GFX_DrawStringScaled(6, 6, "v0.1", &GFX_FontSmall, 2, COLOR_GRAY, COLOR_BG);
 200:Core/Src/ui/screens.c **** 
 201:Core/Src/ui/screens.c ****     /* course credit at bottom (font has no accent glyphs, sorry) */
 202:Core/Src/ui/screens.c ****     GFX_DrawString(54, 266, "Project for the course",        &GFX_FontSmall, COLOR_DARKGRAY, COLOR_
 203:Core/Src/ui/screens.c ****     GFX_DrawString(33, 278, "Embedded Software for the IoT", &GFX_FontSmall, COLOR_DARKGRAY, COLOR_
 204:Core/Src/ui/screens.c ****     GFX_DrawString(60, 290, "University of Trento",          &GFX_FontSmall, COLOR_DARKGRAY, COLOR_
 205:Core/Src/ui/screens.c **** }
 206:Core/Src/ui/screens.c **** 
 207:Core/Src/ui/screens.c **** /* =========================================================
 208:Core/Src/ui/screens.c ****  * SCREEN: MAIN
 209:Core/Src/ui/screens.c ****  * ========================================================= */
 210:Core/Src/ui/screens.c **** 
 211:Core/Src/ui/screens.c **** void Screen_Main_Draw(void)
 212:Core/Src/ui/screens.c **** {
 213:Core/Src/ui/screens.c ****     ILI9341_FillScreen(COLOR_BG);
 214:Core/Src/ui/screens.c **** 
 215:Core/Src/ui/screens.c ****     draw_header("DUCKER CHARGER");
 216:Core/Src/ui/screens.c **** 
 217:Core/Src/ui/screens.c ****     /* Battery bar */
 218:Core/Src/ui/screens.c ****     Widget_BatteryBar_Draw(MAIN_BATTBAR_X, MAIN_BATTBAR_Y,
 219:Core/Src/ui/screens.c ****                            MAIN_BATTBAR_W, MAIN_BATTBAR_H,
 220:Core/Src/ui/screens.c ****                            telemetry.soc_percent);
 221:Core/Src/ui/screens.c **** 
 222:Core/Src/ui/screens.c ****     /* Fixed labels drawn once here, not repeated in _Update().*/
 223:Core/Src/ui/screens.c ****     GFX_DrawString(MAIN_VOLTAGE_X, MAIN_VOLTAGE_Y,
 224:Core/Src/ui/screens.c ****                    "VOLTAGE", &GFX_FontSmall, COLOR_LIGHTGRAY, COLOR_BG);
 225:Core/Src/ui/screens.c ****     GFX_DrawString(MAIN_CURRENT_X, MAIN_CURRENT_Y,
 226:Core/Src/ui/screens.c ****                    "CURRENT", &GFX_FontSmall, COLOR_LIGHTGRAY, COLOR_BG);
 227:Core/Src/ui/screens.c **** 
 228:Core/Src/ui/screens.c ****     /* Separator line above the graph */
 229:Core/Src/ui/screens.c ****     GFX_DrawHLine(10, MAIN_GRAPH_Y - 5, 220, COLOR_DARKGRAY);
 230:Core/Src/ui/screens.c **** 
 231:Core/Src/ui/screens.c ****     /* Graph label */
 232:Core/Src/ui/screens.c ****     GFX_DrawString(10, MAIN_GRAPH_Y - 16,
 233:Core/Src/ui/screens.c ****                    "Current (30 s)", &GFX_FontSmall, COLOR_GRAY, COLOR_BG);
 234:Core/Src/ui/screens.c **** 
 235:Core/Src/ui/screens.c ****     draw_footer(0); /* dot 0 = MAIN */
 236:Core/Src/ui/screens.c **** 
 237:Core/Src/ui/screens.c ****     /* Populate dynamic values immediately on first draw.*/
ARM GAS  /tmp/cczpKMPG.s 			page 7


 238:Core/Src/ui/screens.c ****     Screen_Main_Update();
 239:Core/Src/ui/screens.c **** }
 240:Core/Src/ui/screens.c **** 
 241:Core/Src/ui/screens.c **** void Screen_Main_Update(void)
 242:Core/Src/ui/screens.c **** {
 243:Core/Src/ui/screens.c ****     char buf[20];
 244:Core/Src/ui/screens.c **** 
 245:Core/Src/ui/screens.c ****     /* Update battery bar fill and percentage. */
 246:Core/Src/ui/screens.c ****     Widget_BatteryBar_Update(MAIN_BATTBAR_X, MAIN_BATTBAR_Y,
 247:Core/Src/ui/screens.c ****                              MAIN_BATTBAR_W, MAIN_BATTBAR_H,
 248:Core/Src/ui/screens.c ****                              telemetry.soc_percent);
 249:Core/Src/ui/screens.c **** 
 250:Core/Src/ui/screens.c ****     /* Big big SoC number next to battery, colour say charge level.
 251:Core/Src/ui/screens.c ****      * Scale 3 so even "100%" fit (4 glyphs x 21 px). */
 252:Core/Src/ui/screens.c ****     {
 253:Core/Src/ui/screens.c ****         char soc[6];
 254:Core/Src/ui/screens.c ****         snprintf(soc, sizeof(soc), "%u%%", telemetry.soc_percent);
 255:Core/Src/ui/screens.c ****         ILI9341_FillRect(MAIN_SOC_X, MAIN_SOC_Y, 240 - MAIN_SOC_X - 4, 26, COLOR_BG);
 256:Core/Src/ui/screens.c ****         GFX_DrawStringScaled(MAIN_SOC_X, MAIN_SOC_Y, soc, &GFX_FontSmall, 3,
 257:Core/Src/ui/screens.c ****                              battery_color_pub(telemetry.soc_percent), COLOR_BG);
 258:Core/Src/ui/screens.c ****     }
 259:Core/Src/ui/screens.c **** 
 260:Core/Src/ui/screens.c ****     /* how long battery last, gauge say, under SoC number */
 261:Core/Src/ui/screens.c ****     {
 262:Core/Src/ui/screens.c ****         uint16_t m = telemetry.is_charging ? ttf_min : tte_min;
 263:Core/Src/ui/screens.c ****         ILI9341_FillRect(MAIN_SOC_X, MAIN_SOC_Y + 30, 240 - MAIN_SOC_X - 4,
 264:Core/Src/ui/screens.c ****                          GFX_FONT_SMALL_H, COLOR_BG);
 265:Core/Src/ui/screens.c ****         if (m > 0 && m < 6000) {
 266:Core/Src/ui/screens.c ****             snprintf(buf, sizeof(buf), "%uh%02um %s", m / 60, m % 60,
 267:Core/Src/ui/screens.c ****                      telemetry.is_charging ? "to full" : "left");
 268:Core/Src/ui/screens.c ****             GFX_DrawString(MAIN_SOC_X, MAIN_SOC_Y + 30, buf, &GFX_FontSmall,
 269:Core/Src/ui/screens.c ****                            telemetry.is_charging ? COLOR_GREEN : COLOR_LIGHTGRAY,
 270:Core/Src/ui/screens.c ****                            COLOR_BG);
 271:Core/Src/ui/screens.c ****         }
 272:Core/Src/ui/screens.c ****     }
 273:Core/Src/ui/screens.c **** 
 274:Core/Src/ui/screens.c ****     /* Voltage, 2x scale */
 275:Core/Src/ui/screens.c ****     snprintf(buf, sizeof(buf), "%d.%02dV",
 276:Core/Src/ui/screens.c ****              telemetry.voltage_mV / 1000,
 277:Core/Src/ui/screens.c ****              (telemetry.voltage_mV % 1000) / 10);
 278:Core/Src/ui/screens.c ****     ILI9341_FillRect(MAIN_VOLTAGE_X, MAIN_VOLTAGE_Y + GFX_FONT_SMALL_H + 4,
 279:Core/Src/ui/screens.c ****                      110, GFX_FONT_SMALL_H * 2, COLOR_BG);
 280:Core/Src/ui/screens.c ****     GFX_DrawStringScaled(MAIN_VOLTAGE_X, MAIN_VOLTAGE_Y + GFX_FONT_SMALL_H + 4,
 281:Core/Src/ui/screens.c ****                          buf, &GFX_FontSmall, 2,
 282:Core/Src/ui/screens.c ****                          volt_color_pub(telemetry.voltage_mV), COLOR_BG);
 283:Core/Src/ui/screens.c **** 
 284:Core/Src/ui/screens.c ****     /* Current, 2x scale, coloured by sign */
 285:Core/Src/ui/screens.c ****     snprintf(buf, sizeof(buf), "%+dmA", telemetry.current_mA);
 286:Core/Src/ui/screens.c ****     ILI9341_FillRect(MAIN_CURRENT_X, MAIN_CURRENT_Y + GFX_FONT_SMALL_H + 4,
 287:Core/Src/ui/screens.c ****                      110, GFX_FONT_SMALL_H * 2, COLOR_BG);
 288:Core/Src/ui/screens.c ****     GFX_DrawStringScaled(MAIN_CURRENT_X, MAIN_CURRENT_Y + GFX_FONT_SMALL_H + 4,
 289:Core/Src/ui/screens.c ****                          buf, &GFX_FontSmall, 2,
 290:Core/Src/ui/screens.c ****                          current_color(telemetry.current_mA), COLOR_BG);
 291:Core/Src/ui/screens.c **** 
 292:Core/Src/ui/screens.c ****     /* Redraw the current history graph. */
 293:Core/Src/ui/screens.c ****     Widget_LineGraph_Draw(MAIN_GRAPH_X, MAIN_GRAPH_Y,
 294:Core/Src/ui/screens.c ****                           MAIN_GRAPH_W, MAIN_GRAPH_H,
ARM GAS  /tmp/cczpKMPG.s 			page 8


 295:Core/Src/ui/screens.c ****                           telemetry.current_history,
 296:Core/Src/ui/screens.c ****                           TELEMETRY_HISTORY_SIZE,
 297:Core/Src/ui/screens.c ****                           telemetry.history_idx,
 298:Core/Src/ui/screens.c ****                           -15000, 15000,
 299:Core/Src/ui/screens.c ****                           COLOR_CYAN, COLOR_BG);
 300:Core/Src/ui/screens.c **** 
 301:Core/Src/ui/screens.c ****     /* Header icons are refreshed centrally by ui_state (all screens). */
 302:Core/Src/ui/screens.c **** }
 303:Core/Src/ui/screens.c **** 
 304:Core/Src/ui/screens.c **** /* =========================================================
 305:Core/Src/ui/screens.c ****  * SCREEN: DETAIL
 306:Core/Src/ui/screens.c ****  *
 307:Core/Src/ui/screens.c ****  * 2-column x 3-row grid layout:
 308:Core/Src/ui/screens.c ****  *
 309:Core/Src/ui/screens.c ****  *   Col A (x=10)      Col B (x=125)
 310:Core/Src/ui/screens.c ****  *   SoC               Voltage
 311:Core/Src/ui/screens.c ****  *   Current           Power
 312:Core/Src/ui/screens.c ****  *   Temperature       Charger state
 313:Core/Src/ui/screens.c ****  * ========================================================= */
 314:Core/Src/ui/screens.c **** 
 315:Core/Src/ui/screens.c **** #define DETAIL_COL_A   10
 316:Core/Src/ui/screens.c **** #define DETAIL_COL_B   125
 317:Core/Src/ui/screens.c **** #define DETAIL_CELLS_Y 242
 318:Core/Src/ui/screens.c **** #define DETAIL_ROW_1   (CONTENT_Y + 10)
 319:Core/Src/ui/screens.c **** #define DETAIL_ROW_2   (DETAIL_ROW_1 + 75)
 320:Core/Src/ui/screens.c **** #define DETAIL_ROW_3   (DETAIL_ROW_2 + 75)
 321:Core/Src/ui/screens.c **** 
 322:Core/Src/ui/screens.c **** void Screen_Detail_Draw(void)
 323:Core/Src/ui/screens.c **** {
 324:Core/Src/ui/screens.c ****     ILI9341_FillScreen(COLOR_BG);
 325:Core/Src/ui/screens.c ****     draw_header("DETAILS");
 326:Core/Src/ui/screens.c **** 
 327:Core/Src/ui/screens.c ****     /* Fixed grid labels */
 328:Core/Src/ui/screens.c ****     GFX_DrawString(DETAIL_COL_A, DETAIL_ROW_1, "CHARGE",      &GFX_FontSmall, COLOR_LIGHTGRAY, COLO
 329:Core/Src/ui/screens.c ****     GFX_DrawString(DETAIL_COL_B, DETAIL_ROW_1, "VOLTAGE",     &GFX_FontSmall, COLOR_LIGHTGRAY, COLO
 330:Core/Src/ui/screens.c ****     GFX_DrawString(DETAIL_COL_A, DETAIL_ROW_2, "CURRENT",     &GFX_FontSmall, COLOR_LIGHTGRAY, COLO
 331:Core/Src/ui/screens.c ****     GFX_DrawString(DETAIL_COL_B, DETAIL_ROW_2, "POWER",       &GFX_FontSmall, COLOR_LIGHTGRAY, COLO
 332:Core/Src/ui/screens.c ****     GFX_DrawString(DETAIL_COL_A, DETAIL_ROW_3, "TEMP",        &GFX_FontSmall, COLOR_LIGHTGRAY, COLO
 333:Core/Src/ui/screens.c ****     GFX_DrawString(DETAIL_COL_B, DETAIL_ROW_3, "CHARGER",     &GFX_FontSmall, COLOR_LIGHTGRAY, COLO
 334:Core/Src/ui/screens.c **** 
 335:Core/Src/ui/screens.c ****     /* grid lines (vline stop above cells box) */
 336:Core/Src/ui/screens.c ****     GFX_DrawVLine(120, CONTENT_Y + 5, 200, COLOR_DARKGRAY);
 337:Core/Src/ui/screens.c ****     GFX_DrawHLine(10,  DETAIL_ROW_2 - 5, 220, COLOR_DARKGRAY);
 338:Core/Src/ui/screens.c ****     GFX_DrawHLine(10,  DETAIL_ROW_3 - 5, 220, COLOR_DARKGRAY);
 339:Core/Src/ui/screens.c **** 
 340:Core/Src/ui/screens.c ****     /* box for 4 parallel-group voltages */
 341:Core/Src/ui/screens.c ****     GFX_DrawRect(10, DETAIL_CELLS_Y, 220, 40, COLOR_DARKGRAY);
 342:Core/Src/ui/screens.c ****     GFX_DrawString(18, DETAIL_CELLS_Y - 4, " CELLS ",
 343:Core/Src/ui/screens.c ****                    &GFX_FontSmall, COLOR_LIGHTGRAY, COLOR_BG);
 344:Core/Src/ui/screens.c **** 
 345:Core/Src/ui/screens.c ****     draw_footer(1); /* dot 1 = DETAIL */
 346:Core/Src/ui/screens.c ****     Screen_Detail_Update();
 347:Core/Src/ui/screens.c **** }
 348:Core/Src/ui/screens.c **** 
 349:Core/Src/ui/screens.c **** /* big value cell: wipe area, draw number at 2x */
 350:Core/Src/ui/screens.c **** static void detail_value(uint16_t x, uint16_t y, const char *txt, uint16_t color)
 351:Core/Src/ui/screens.c **** {
ARM GAS  /tmp/cczpKMPG.s 			page 9


 352:Core/Src/ui/screens.c ****     ILI9341_FillRect(x, y, 108, GFX_FONT_SMALL_H * 2, COLOR_BG);
 353:Core/Src/ui/screens.c ****     GFX_DrawStringScaled(x, y, txt, &GFX_FontSmall, 2, color, COLOR_BG);
 354:Core/Src/ui/screens.c **** }
 355:Core/Src/ui/screens.c **** 
 356:Core/Src/ui/screens.c **** void Screen_Detail_Update(void)
 357:Core/Src/ui/screens.c **** {
 358:Core/Src/ui/screens.c ****     char buf[20];
 359:Core/Src/ui/screens.c ****     /* Offset below the small label to where the large value starts.*/
 360:Core/Src/ui/screens.c ****     uint16_t val_y = GFX_FONT_SMALL_H + 6;
 361:Core/Src/ui/screens.c **** 
 362:Core/Src/ui/screens.c ****     /* SoC */
 363:Core/Src/ui/screens.c ****     snprintf(buf, sizeof(buf), "%d%%", telemetry.soc_percent);
 364:Core/Src/ui/screens.c ****     detail_value(DETAIL_COL_A, DETAIL_ROW_1 + val_y,
 365:Core/Src/ui/screens.c ****                  buf, battery_color_pub(telemetry.soc_percent));
 366:Core/Src/ui/screens.c **** 
 367:Core/Src/ui/screens.c ****     /* Voltage */
 368:Core/Src/ui/screens.c ****     snprintf(buf, sizeof(buf), "%d.%02dV",
 369:Core/Src/ui/screens.c ****              telemetry.voltage_mV / 1000,
 370:Core/Src/ui/screens.c ****              (telemetry.voltage_mV % 1000) / 10);
 371:Core/Src/ui/screens.c ****     detail_value(DETAIL_COL_B, DETAIL_ROW_1 + val_y, buf,
 372:Core/Src/ui/screens.c ****                  volt_color_pub(telemetry.voltage_mV));
 373:Core/Src/ui/screens.c **** 
 374:Core/Src/ui/screens.c ****     /* Current */
 375:Core/Src/ui/screens.c ****     snprintf(buf, sizeof(buf), "%+dmA", telemetry.current_mA);
 376:Core/Src/ui/screens.c ****     detail_value(DETAIL_COL_A, DETAIL_ROW_2 + val_y,
 377:Core/Src/ui/screens.c ****                  buf, current_color(telemetry.current_mA));
 378:Core/Src/ui/screens.c **** 
 379:Core/Src/ui/screens.c ****     /* Power */
 380:Core/Src/ui/screens.c ****     snprintf(buf, sizeof(buf), "%+ldmW", (long)telemetry.power_mW);
 381:Core/Src/ui/screens.c ****     detail_value(DETAIL_COL_B, DETAIL_ROW_2 + val_y, buf, COLOR_YELLOW);
 382:Core/Src/ui/screens.c **** 
 383:Core/Src/ui/screens.c ****     /* Temperature */
 384:Core/Src/ui/screens.c ****     snprintf(buf, sizeof(buf), "%d C", telemetry.temp_celsius);
 385:Core/Src/ui/screens.c ****     detail_value(DETAIL_COL_A, DETAIL_ROW_3 + val_y,
 386:Core/Src/ui/screens.c ****                  buf, temp_color_pub(telemetry.temp_celsius));
 387:Core/Src/ui/screens.c **** 
 388:Core/Src/ui/screens.c ****     /* one voltage per group, colour from per-cell thresholds */
 389:Core/Src/ui/screens.c ****     for (uint8_t i = 0; i < 4; i++)
 390:Core/Src/ui/screens.c ****     {
 391:Core/Src/ui/screens.c ****         uint16_t cx = 16 + i * 54;
 392:Core/Src/ui/screens.c ****         snprintf(buf, sizeof(buf), "%u.%02u", cell_mv[i] / 1000,
 393:Core/Src/ui/screens.c ****                  (cell_mv[i] % 1000) / 10);
 394:Core/Src/ui/screens.c ****         GFX_DrawString(cx, DETAIL_CELLS_Y + 8, (const char[]){ '1' + i, 0 },
 395:Core/Src/ui/screens.c ****                        &GFX_FontSmall, COLOR_GRAY, COLOR_BG);
 396:Core/Src/ui/screens.c ****         ILI9341_FillRect(cx, DETAIL_CELLS_Y + 22, 30, GFX_FONT_SMALL_H, COLOR_BG);
 397:Core/Src/ui/screens.c ****         GFX_DrawString(cx, DETAIL_CELLS_Y + 22, buf,
 398:Core/Src/ui/screens.c ****                        &GFX_FontSmall, cell_color(cell_mv[i]), COLOR_BG);
 399:Core/Src/ui/screens.c ****     }
 400:Core/Src/ui/screens.c **** 
 401:Core/Src/ui/screens.c ****     /* Charger state */
 402:Core/Src/ui/screens.c ****     const char *phase_str[] = {"IDLE", "PRE", "FAST", "TAPER"};
 403:Core/Src/ui/screens.c ****     const char *state_str   = telemetry.vbus_present
 404:Core/Src/ui/screens.c ****                               ? phase_str[telemetry.charge_phase & 0x03]
 405:Core/Src/ui/screens.c ****                               : "NO INPUT";
 406:Core/Src/ui/screens.c ****     detail_value(DETAIL_COL_B, DETAIL_ROW_3 + val_y,
 407:Core/Src/ui/screens.c ****                  state_str,
 408:Core/Src/ui/screens.c ****                  telemetry.vbus_present ? COLOR_GREEN : COLOR_GRAY);
ARM GAS  /tmp/cczpKMPG.s 			page 10


 409:Core/Src/ui/screens.c **** }
 410:Core/Src/ui/screens.c **** 
 411:Core/Src/ui/screens.c **** /* =========================================================
 412:Core/Src/ui/screens.c ****  * SCREEN: GRAPH
 413:Core/Src/ui/screens.c ****  * ========================================================= */
 414:Core/Src/ui/screens.c **** 
 415:Core/Src/ui/screens.c **** #define GRAPH_AREA_X   5
 416:Core/Src/ui/screens.c **** #define GRAPH_AREA_Y   (CONTENT_Y + 20)
 417:Core/Src/ui/screens.c **** #define GRAPH_AREA_W   230
 418:Core/Src/ui/screens.c **** #define GRAPH_AREA_H   220
 419:Core/Src/ui/screens.c **** 
 420:Core/Src/ui/screens.c **** /* full-scale cycles on press: 1 / 5 / 15 A */
 421:Core/Src/ui/screens.c **** static const int16_t _graph_fs[] = { 1000, 5000, 15000 };
 422:Core/Src/ui/screens.c **** static uint8_t _graph_fs_idx = 2;
 423:Core/Src/ui/screens.c **** 
 424:Core/Src/ui/screens.c **** void Screen_Graph_CycleScale(void)
 425:Core/Src/ui/screens.c **** {
 426:Core/Src/ui/screens.c ****     _graph_fs_idx = (uint8_t)((_graph_fs_idx + 1) % 3);
 427:Core/Src/ui/screens.c ****     Screen_Graph_Draw();
 428:Core/Src/ui/screens.c **** }
 429:Core/Src/ui/screens.c **** 
 430:Core/Src/ui/screens.c **** void Screen_Graph_Draw(void)
 431:Core/Src/ui/screens.c **** {
 432:Core/Src/ui/screens.c ****     char lbl[8];
 433:Core/Src/ui/screens.c ****     ILI9341_FillScreen(COLOR_BG);
 434:Core/Src/ui/screens.c ****     draw_header("CURRENT GRAPH");
 435:Core/Src/ui/screens.c **** 
 436:Core/Src/ui/screens.c ****     /* Y-axis labels (max and min values). */
 437:Core/Src/ui/screens.c ****     snprintf(lbl, sizeof(lbl), "+%dA", _graph_fs[_graph_fs_idx] / 1000);
 438:Core/Src/ui/screens.c ****     GFX_DrawString(GRAPH_AREA_X, GRAPH_AREA_Y, lbl,
 439:Core/Src/ui/screens.c ****                    &GFX_FontSmall, COLOR_GRAY, COLOR_BG);
 440:Core/Src/ui/screens.c ****     snprintf(lbl, sizeof(lbl), "-%dA", _graph_fs[_graph_fs_idx] / 1000);
 441:Core/Src/ui/screens.c ****     GFX_DrawString(GRAPH_AREA_X,
 442:Core/Src/ui/screens.c ****                    GRAPH_AREA_Y + GRAPH_AREA_H - GFX_FONT_SMALL_H, lbl,
 443:Core/Src/ui/screens.c ****                    &GFX_FontSmall, COLOR_GRAY, COLOR_BG);
 444:Core/Src/ui/screens.c **** 
 445:Core/Src/ui/screens.c ****     /* X-axis label + scale hint */
 446:Core/Src/ui/screens.c ****     GFX_DrawString(55, GRAPH_AREA_Y + GRAPH_AREA_H + 5,
 447:Core/Src/ui/screens.c ****                    "< 30 seconds >  PRESS=scale", &GFX_FontSmall, COLOR_GRAY, COLOR_BG);
 448:Core/Src/ui/screens.c **** 
 449:Core/Src/ui/screens.c ****     draw_footer(2); /* dot 2 = GRAPH */
 450:Core/Src/ui/screens.c ****     Screen_Graph_Update();
 451:Core/Src/ui/screens.c **** }
 452:Core/Src/ui/screens.c **** 
 453:Core/Src/ui/screens.c **** void Screen_Graph_Update(void)
 454:Core/Src/ui/screens.c **** {
 455:Core/Src/ui/screens.c ****     /* Full-screen current graph, range -15 A .. +15 A.
 456:Core/Src/ui/screens.c ****      * The first 26 px on the left are reserved for the Y-axis labels. */
 457:Core/Src/ui/screens.c ****     Widget_LineGraph_Draw(GRAPH_AREA_X + 26, GRAPH_AREA_Y,
 458:Core/Src/ui/screens.c ****                           GRAPH_AREA_W - 26, GRAPH_AREA_H,
 459:Core/Src/ui/screens.c ****                           telemetry.current_history,
 460:Core/Src/ui/screens.c ****                           TELEMETRY_HISTORY_SIZE,
 461:Core/Src/ui/screens.c ****                           telemetry.history_idx,
 462:Core/Src/ui/screens.c ****                           (int16_t)-_graph_fs[_graph_fs_idx],
 463:Core/Src/ui/screens.c ****                           _graph_fs[_graph_fs_idx],
 464:Core/Src/ui/screens.c ****                           COLOR_CYAN, COLOR_BG);
 465:Core/Src/ui/screens.c **** 
ARM GAS  /tmp/cczpKMPG.s 			page 11


 466:Core/Src/ui/screens.c ****     /* Instantaneous current value top-right of the graph area.*/
 467:Core/Src/ui/screens.c ****     char buf[16];
 468:Core/Src/ui/screens.c ****     snprintf(buf, sizeof(buf), "%+d mA", telemetry.current_mA);
 469:Core/Src/ui/screens.c ****     ILI9341_FillRect(140, CONTENT_Y + 5, 90, GFX_FONT_MEDIUM_H, COLOR_BG);
 470:Core/Src/ui/screens.c ****     GFX_DrawString(140, CONTENT_Y + 5, buf, &GFX_FontMedium,
 471:Core/Src/ui/screens.c ****                    current_color(telemetry.current_mA), COLOR_BG);
 472:Core/Src/ui/screens.c **** }
 473:Core/Src/ui/screens.c **** 
 474:Core/Src/ui/screens.c **** /* =========================================================
 475:Core/Src/ui/screens.c ****  * SCREEN: PORTS — one graph, five output traces
 476:Core/Src/ui/screens.c ****  * (USB-A1, USB-A2, USB-C1 OTG, USB-C2, Lab) + legend below
 477:Core/Src/ui/screens.c ****  * ========================================================= */
 478:Core/Src/ui/screens.c **** 
 479:Core/Src/ui/screens.c **** #define PORTS_GRAPH_X    10
 480:Core/Src/ui/screens.c **** #define PORTS_GRAPH_Y    (CONTENT_Y + 14)
 481:Core/Src/ui/screens.c **** #define PORTS_GRAPH_W    220
 482:Core/Src/ui/screens.c **** #define PORTS_GRAPH_H    130
 483:Core/Src/ui/screens.c **** #define PORTS_LEG_Y      (PORTS_GRAPH_Y + PORTS_GRAPH_H + 12)
 484:Core/Src/ui/screens.c **** #define PORTS_LEG_ROW_H  19
 485:Core/Src/ui/screens.c **** #define PORTS_I_MAX      3000
 486:Core/Src/ui/screens.c **** 
 487:Core/Src/ui/screens.c **** static const struct { const char *name; uint16_t color; } _port_meta[5] = {
 488:Core/Src/ui/screens.c ****     { "USB-A 1",  COLOR_PORT_A1 },
 489:Core/Src/ui/screens.c ****     { "USB-A 2",  COLOR_PORT_A2 },
 490:Core/Src/ui/screens.c ****     { "USB-C 1",  COLOR_WHITE   },
 491:Core/Src/ui/screens.c ****     { "USB-C 2",  COLOR_PORT_C2 },
 492:Core/Src/ui/screens.c ****     { "LAB",      COLOR_PORT_LAB },
 493:Core/Src/ui/screens.c **** };
 494:Core/Src/ui/screens.c **** 
 495:Core/Src/ui/screens.c **** static void ports_graph(void)
 496:Core/Src/ui/screens.c **** {
 497:Core/Src/ui/screens.c ****     /* Clear + frame once, then overlay one trace per active port. */
 498:Core/Src/ui/screens.c ****     ILI9341_FillRect(PORTS_GRAPH_X, PORTS_GRAPH_Y,
 499:Core/Src/ui/screens.c ****                      PORTS_GRAPH_W, PORTS_GRAPH_H, COLOR_BG);
 500:Core/Src/ui/screens.c ****     GFX_DrawRect(PORTS_GRAPH_X, PORTS_GRAPH_Y,
 501:Core/Src/ui/screens.c ****                  PORTS_GRAPH_W, PORTS_GRAPH_H, COLOR_GRAY);
 502:Core/Src/ui/screens.c **** 
 503:Core/Src/ui/screens.c ****     for (uint8_t i = 0; i < 5; i++)
 504:Core/Src/ui/screens.c ****     {
 505:Core/Src/ui/screens.c ****         if (!port_stats[i].active) continue;
 506:Core/Src/ui/screens.c ****         Widget_LineGraph_Trace(PORTS_GRAPH_X + 1, PORTS_GRAPH_Y + 1,
 507:Core/Src/ui/screens.c ****                                PORTS_GRAPH_W - 2, PORTS_GRAPH_H - 2,
 508:Core/Src/ui/screens.c ****                                port_stats[i].history,
 509:Core/Src/ui/screens.c ****                                TELEMETRY_HISTORY_SIZE, port_stats[i].idx,
 510:Core/Src/ui/screens.c ****                                0, PORTS_I_MAX, _port_meta[i].color);
 511:Core/Src/ui/screens.c ****     }
 512:Core/Src/ui/screens.c **** }
 513:Core/Src/ui/screens.c **** 
 514:Core/Src/ui/screens.c **** static void ports_legend_row(uint8_t i)
 515:Core/Src/ui/screens.c **** {
 516:Core/Src/ui/screens.c ****     char buf[24];
 517:Core/Src/ui/screens.c ****     uint16_t y = PORTS_LEG_Y + i * PORTS_LEG_ROW_H;
 518:Core/Src/ui/screens.c ****     PortStats_t *ps = &port_stats[i];
 519:Core/Src/ui/screens.c ****     uint16_t c = ps->active ? _port_meta[i].color : COLOR_DARKGRAY;
 520:Core/Src/ui/screens.c **** 
 521:Core/Src/ui/screens.c ****     /* colour square, same colour as trace */
 522:Core/Src/ui/screens.c ****     ILI9341_FillRect(10, y, 10, 10, c);
ARM GAS  /tmp/cczpKMPG.s 			page 12


 523:Core/Src/ui/screens.c **** 
 524:Core/Src/ui/screens.c ****     GFX_DrawString(26, y + 1, _port_meta[i].name, &GFX_FontSmall,
 525:Core/Src/ui/screens.c ****                    ps->active ? COLOR_WHITE : COLOR_GRAY, COLOR_BG);
 526:Core/Src/ui/screens.c **** 
 527:Core/Src/ui/screens.c ****     if (ps->active)
 528:Core/Src/ui/screens.c ****         snprintf(buf, sizeof(buf), "%2u.%uV %4dmA",
 529:Core/Src/ui/screens.c ****                  ps->voltage_mv / 1000, (ps->voltage_mv % 1000) / 100,
 530:Core/Src/ui/screens.c ****                  ps->current_mA);
 531:Core/Src/ui/screens.c ****     else
 532:Core/Src/ui/screens.c ****         snprintf(buf, sizeof(buf), "%12s", "idle");
 533:Core/Src/ui/screens.c ****     ILI9341_FillRect(130, y + 1, 104, GFX_FONT_SMALL_H, COLOR_BG);
 534:Core/Src/ui/screens.c ****     GFX_DrawString(130, y + 1, buf, &GFX_FontSmall,
 535:Core/Src/ui/screens.c ****                    ps->active ? c : COLOR_GRAY, COLOR_BG);
 536:Core/Src/ui/screens.c **** }
 537:Core/Src/ui/screens.c **** 
 538:Core/Src/ui/screens.c **** void Screen_Ports_Draw(void)
 539:Core/Src/ui/screens.c **** {
 540:Core/Src/ui/screens.c ****     ILI9341_FillScreen(COLOR_BG);
 541:Core/Src/ui/screens.c ****     draw_header("PORT MONITOR");
 542:Core/Src/ui/screens.c **** 
 543:Core/Src/ui/screens.c ****     /* axes: full scale and time window */
 544:Core/Src/ui/screens.c ****     GFX_DrawString(PORTS_GRAPH_X, PORTS_GRAPH_Y - 10, "3A",
 545:Core/Src/ui/screens.c ****                    &GFX_FontSmall, COLOR_GRAY, COLOR_BG);
 546:Core/Src/ui/screens.c ****     GFX_DrawString(160, PORTS_GRAPH_Y + PORTS_GRAPH_H + 2, "< 30 s >",
 547:Core/Src/ui/screens.c ****                    &GFX_FontSmall, COLOR_GRAY, COLOR_BG);
 548:Core/Src/ui/screens.c **** 
 549:Core/Src/ui/screens.c ****     ports_graph();
 550:Core/Src/ui/screens.c ****     for (uint8_t i = 0; i < 5; i++) ports_legend_row(i);
 551:Core/Src/ui/screens.c ****     draw_footer(3); /* dot 3 = PORTS */
 552:Core/Src/ui/screens.c **** }
 553:Core/Src/ui/screens.c **** 
 554:Core/Src/ui/screens.c **** void Screen_Ports_Update(void)
 555:Core/Src/ui/screens.c **** {
 556:Core/Src/ui/screens.c ****     ports_graph();
 557:Core/Src/ui/screens.c ****     for (uint8_t i = 0; i < 5; i++) ports_legend_row(i);
 558:Core/Src/ui/screens.c **** }
 559:Core/Src/ui/screens.c **** 
 560:Core/Src/ui/screens.c **** /* =========================================================
 561:Core/Src/ui/screens.c ****  * SCREEN: STATS — lifetime and session numbers
 562:Core/Src/ui/screens.c ****  * ========================================================= */
 563:Core/Src/ui/screens.c **** 
 564:Core/Src/ui/screens.c **** #define STATS_ROW_H     26
 565:Core/Src/ui/screens.c **** #define STATS_START_Y   (CONTENT_Y + 24)
 566:Core/Src/ui/screens.c **** #define STATS_VAL_X     150
 567:Core/Src/ui/screens.c **** 
 568:Core/Src/ui/screens.c **** typedef struct { const char *label; void (*fmt)(char *, size_t); uint16_t color; } StatsRow_t;
 569:Core/Src/ui/screens.c **** 
 570:Core/Src/ui/screens.c **** static void f_cycles(char *b, size_t n)  { snprintf(b, n, "%u",        sys_stats.cycle_count); }
 571:Core/Src/ui/screens.c **** static void f_soh(char *b, size_t n)     { snprintf(b, n, "%u%%",      sys_stats.state_of_health); 
 572:Core/Src/ui/screens.c **** static void f_cap(char *b, size_t n)     { snprintf(b, n, "%u/%umAh",  sys_stats.full_cap_mAh, sys_
 573:Core/Src/ui/screens.c **** static void f_sess(char *b, size_t n)    { snprintf(b, n, "%u",        sys_stats.charge_sessions); 
 574:Core/Src/ui/screens.c **** static void f_maxt(char *b, size_t n)    { snprintf(b, n, "%d C",      sys_stats.max_temp_c); }
 575:Core/Src/ui/screens.c **** static void f_maxout(char *b, size_t n)  { snprintf(b, n, "%d mA",     sys_stats.max_current_out_mA
 576:Core/Src/ui/screens.c **** static void f_maxin(char *b, size_t n)   { snprintf(b, n, "%d mA",     sys_stats.max_current_in_mA)
 577:Core/Src/ui/screens.c **** static void f_energy(char *b, size_t n)  { snprintf(b, n, "%lu.%luWh", (unsigned long)(sys_stats.en
 578:Core/Src/ui/screens.c **** static void f_uptime(char *b, size_t n)  { snprintf(b, n, "%luh %02lum", (unsigned long)(sys_stats.
 579:Core/Src/ui/screens.c **** 
ARM GAS  /tmp/cczpKMPG.s 			page 13


 580:Core/Src/ui/screens.c **** static const StatsRow_t _stats_rows[] = {
 581:Core/Src/ui/screens.c ****     { "Charge cycles",  f_cycles, COLOR_WHITE  },
 582:Core/Src/ui/screens.c ****     { "Battery health", f_soh,    COLOR_GREEN  },
 583:Core/Src/ui/screens.c ****     { "Capacity",       f_cap,    COLOR_WHITE  },
 584:Core/Src/ui/screens.c ****     { "Charges (boot)", f_sess,   COLOR_WHITE  },
 585:Core/Src/ui/screens.c ****     { "Max temp",       f_maxt,   COLOR_YELLOW },
 586:Core/Src/ui/screens.c ****     { "Max out",        f_maxout, COLOR_CYAN   },
 587:Core/Src/ui/screens.c ****     { "Max in",         f_maxin,  COLOR_GREEN  },
 588:Core/Src/ui/screens.c ****     { "Energy out",     f_energy, COLOR_CYAN   },
 589:Core/Src/ui/screens.c ****     { "Uptime",         f_uptime, COLOR_GRAY   },
 590:Core/Src/ui/screens.c **** };
 591:Core/Src/ui/screens.c **** #define STATS_NUM_ROWS (sizeof(_stats_rows) / sizeof(_stats_rows[0]))
 592:Core/Src/ui/screens.c **** 
 593:Core/Src/ui/screens.c **** #define STATS_SECTION_GAP 18
 594:Core/Src/ui/screens.c **** static uint16_t stats_row_y(uint8_t i)
 595:Core/Src/ui/screens.c **** {
 108              		.loc 1 595 1 is_stmt 1 view -0
 109              		.cfi_startproc
 110              		@ args = 0, pretend = 0, frame = 0
 111              		@ frame_needed = 0, uses_anonymous_args = 0
 112              		@ link register save eliminated.
 596:Core/Src/ui/screens.c ****     return STATS_START_Y + i * STATS_ROW_H + (i >= 3 ? STATS_SECTION_GAP : 0);
 113              		.loc 1 596 5 view .LVU19
 114              		.loc 1 596 44 is_stmt 0 view .LVU20
 115 0000 00EB4003 		add	r3, r0, r0, lsl #1
 116 0004 00EB8303 		add	r3, r0, r3, lsl #2
 117 0008 5B00     		lsls	r3, r3, #1
 118 000a 0228     		cmp	r0, #2
 119 000c 04D9     		bls	.L10
 120              		.loc 1 596 44 discriminator 1 view .LVU21
 121 000e 1222     		movs	r2, #18
 122              	.L9:
 123              		.loc 1 596 44 discriminator 3 view .LVU22
 124 0010 9818     		adds	r0, r3, r2
 125              	.LVL11:
 126              		.loc 1 596 44 discriminator 3 view .LVU23
 127 0012 3630     		adds	r0, r0, #54
 128              		.loc 1 596 44 discriminator 4 view .LVU24
 129 0014 80B2     		uxth	r0, r0
 597:Core/Src/ui/screens.c **** }
 130              		.loc 1 597 1 view .LVU25
 131 0016 7047     		bx	lr
 132              	.LVL12:
 133              	.L10:
 596:Core/Src/ui/screens.c ****     return STATS_START_Y + i * STATS_ROW_H + (i >= 3 ? STATS_SECTION_GAP : 0);
 134              		.loc 1 596 44 discriminator 2 view .LVU26
 135 0018 0022     		movs	r2, #0
 136 001a F9E7     		b	.L9
 137              		.cfi_endproc
 138              	.LFE255:
 140              		.section	.text.t_overc,"ax",%progbits
 141              		.align	1
 142              		.syntax unified
 143              		.thumb
 144              		.thumb_func
 146              	t_overc:
 147              	.LFB268:
ARM GAS  /tmp/cczpKMPG.s 			page 14


 598:Core/Src/ui/screens.c **** 
 599:Core/Src/ui/screens.c **** void Screen_Stats_Update(void)
 600:Core/Src/ui/screens.c **** {
 601:Core/Src/ui/screens.c ****     char buf[20];
 602:Core/Src/ui/screens.c ****     for (uint8_t i = 0; i < STATS_NUM_ROWS; i++)
 603:Core/Src/ui/screens.c ****     {
 604:Core/Src/ui/screens.c ****         uint16_t y = stats_row_y(i);
 605:Core/Src/ui/screens.c ****         _stats_rows[i].fmt(buf, sizeof(buf));
 606:Core/Src/ui/screens.c ****         uint16_t col = _stats_rows[i].color;
 607:Core/Src/ui/screens.c ****         if (_stats_rows[i].fmt == f_maxt)          /* temp threshold colour */
 608:Core/Src/ui/screens.c ****             col = temp_color_pub(sys_stats.max_temp_c);
 609:Core/Src/ui/screens.c ****         ILI9341_FillRect(STATS_VAL_X, y, ILI9341_WIDTH - STATS_VAL_X - 4,
 610:Core/Src/ui/screens.c ****                          GFX_FONT_SMALL_H, COLOR_BG);
 611:Core/Src/ui/screens.c ****         GFX_DrawString(STATS_VAL_X, y, buf, &GFX_FontSmall, col, COLOR_BG);
 612:Core/Src/ui/screens.c ****     }
 613:Core/Src/ui/screens.c **** }
 614:Core/Src/ui/screens.c **** 
 615:Core/Src/ui/screens.c **** void Screen_Stats_Draw(void)
 616:Core/Src/ui/screens.c **** {
 617:Core/Src/ui/screens.c ****     ILI9341_FillScreen(COLOR_BG);
 618:Core/Src/ui/screens.c ****     draw_header("OVERALL DATA");
 619:Core/Src/ui/screens.c **** 
 620:Core/Src/ui/screens.c ****     /* section labels: gauge remember forever vs since-boot only */
 621:Core/Src/ui/screens.c ****     GFX_DrawString(10, CONTENT_Y + 8, "BATTERY (lifetime)",
 622:Core/Src/ui/screens.c ****                    &GFX_FontSmall, COLOR_ACCENT, COLOR_BG);
 623:Core/Src/ui/screens.c **** 
 624:Core/Src/ui/screens.c ****     for (uint8_t i = 0; i < STATS_NUM_ROWS; i++)
 625:Core/Src/ui/screens.c ****     {
 626:Core/Src/ui/screens.c ****         uint16_t y = stats_row_y(i);
 627:Core/Src/ui/screens.c ****         if (i == 3)   /* line between gauge section and session section */
 628:Core/Src/ui/screens.c ****         {
 629:Core/Src/ui/screens.c ****             GFX_DrawHLine(10, y - STATS_SECTION_GAP + 4, 220, COLOR_DARKGRAY);
 630:Core/Src/ui/screens.c ****             GFX_DrawString(10, y - STATS_SECTION_GAP + 8, "SESSION",
 631:Core/Src/ui/screens.c ****                            &GFX_FontSmall, COLOR_ACCENT, COLOR_BG);
 632:Core/Src/ui/screens.c ****         }
 633:Core/Src/ui/screens.c ****         GFX_DrawString(10, y, _stats_rows[i].label,
 634:Core/Src/ui/screens.c ****                        &GFX_FontSmall, COLOR_LIGHTGRAY, COLOR_BG);
 635:Core/Src/ui/screens.c ****     }
 636:Core/Src/ui/screens.c **** 
 637:Core/Src/ui/screens.c ****     Screen_Stats_Update();
 638:Core/Src/ui/screens.c ****     draw_footer(4); /* dot 4 = STATS */
 639:Core/Src/ui/screens.c **** }
 640:Core/Src/ui/screens.c **** 
 641:Core/Src/ui/screens.c **** /* =========================================================
 642:Core/Src/ui/screens.c ****  * SCREEN: DISPLAY PAGE — brightness, screen off, light sleep
 643:Core/Src/ui/screens.c ****  * ========================================================= */
 644:Core/Src/ui/screens.c **** 
 645:Core/Src/ui/screens.c **** #define SET_LIST_START      (CONTENT_Y + 6)   /* same value as settings list */
 646:Core/Src/ui/screens.c **** 
 647:Core/Src/ui/screens.c **** static uint8_t _disp_row  = 0;   /* 0=Lum 1=AutoSleep 2=Screen off 3=Light sleep 4=Back */
 648:Core/Src/ui/screens.c **** static uint8_t _disp_edit = 0;
 649:Core/Src/ui/screens.c **** 
 650:Core/Src/ui/screens.c **** /* auto-sleep: index into {Off, 1, 5, 15 min} */
 651:Core/Src/ui/screens.c **** static const uint16_t _asleep_min[] = { 0, 1, 5, 15 };
 652:Core/Src/ui/screens.c **** static uint8_t _asleep_idx = 2;   /* default 5 min */
 653:Core/Src/ui/screens.c **** uint32_t Screen_Display_GetAutoSleepMs(void)
 654:Core/Src/ui/screens.c **** { return (uint32_t)_asleep_min[_asleep_idx] * 60000u; }
ARM GAS  /tmp/cczpKMPG.s 			page 15


 655:Core/Src/ui/screens.c **** 
 656:Core/Src/ui/screens.c **** static void disp_draw_rows(void)
 657:Core/Src/ui/screens.c **** {
 658:Core/Src/ui/screens.c ****     char buf[28], as[8];
 659:Core/Src/ui/screens.c **** 
 660:Core/Src/ui/screens.c ****     if (_asleep_min[_asleep_idx] == 0) snprintf(as, sizeof(as), "Off");
 661:Core/Src/ui/screens.c ****     else snprintf(as, sizeof(as), "%um", _asleep_min[_asleep_idx]);
 662:Core/Src/ui/screens.c **** 
 663:Core/Src/ui/screens.c ****     snprintf(buf, sizeof(buf), (_disp_edit && _disp_row == 0)
 664:Core/Src/ui/screens.c ****              ? "%-10s <%3u%%>" : "%-12s %3u%%",
 665:Core/Src/ui/screens.c ****              "Luminosity", ILI9341_GetBrightness());
 666:Core/Src/ui/screens.c ****     Widget_MenuRow_Draw(10, SET_LIST_START,       220, 36, buf, (_disp_row == 0));
 667:Core/Src/ui/screens.c **** 
 668:Core/Src/ui/screens.c ****     snprintf(buf, sizeof(buf), (_disp_edit && _disp_row == 1)
 669:Core/Src/ui/screens.c ****              ? "%-10s <%s>" : "%-12s %s", "Auto sleep", as);
 670:Core/Src/ui/screens.c ****     Widget_MenuRow_Draw(10, SET_LIST_START + 42,  220, 36, buf, (_disp_row == 1));
 671:Core/Src/ui/screens.c **** 
 672:Core/Src/ui/screens.c ****     Widget_MenuRow_Draw(10, SET_LIST_START + 84,  220, 36, "Screen off",  (_disp_row == 2));
 673:Core/Src/ui/screens.c ****     Widget_MenuRow_Draw(10, SET_LIST_START + 126, 220, 36, "Light sleep", (_disp_row == 3));
 674:Core/Src/ui/screens.c ****     Widget_MenuRow_Draw(10, SET_LIST_START + 168, 220, 36, "< Back",      (_disp_row == 4));
 675:Core/Src/ui/screens.c **** 
 676:Core/Src/ui/screens.c ****     ILI9341_FillRect(0, FOOTER_Y, ILI9341_WIDTH, FOOTER_H, COLOR_HEADER);
 677:Core/Src/ui/screens.c ****     GFX_DrawString(10, FOOTER_Y + 11,
 678:Core/Src/ui/screens.c ****                    _disp_edit ? "ROTATE=value  PRESS=set" : "PRESS=select",
 679:Core/Src/ui/screens.c ****                    &GFX_FontSmall, COLOR_GRAY, COLOR_HEADER);
 680:Core/Src/ui/screens.c **** }
 681:Core/Src/ui/screens.c **** 
 682:Core/Src/ui/screens.c **** void Screen_Display_Open(void) { _disp_row = 0; _disp_edit = 0; }
 683:Core/Src/ui/screens.c **** 
 684:Core/Src/ui/screens.c **** void Screen_Display_Draw(void)
 685:Core/Src/ui/screens.c **** {
 686:Core/Src/ui/screens.c ****     ILI9341_FillScreen(COLOR_BG);
 687:Core/Src/ui/screens.c ****     draw_header("DISPLAY");
 688:Core/Src/ui/screens.c ****     disp_draw_rows();
 689:Core/Src/ui/screens.c **** }
 690:Core/Src/ui/screens.c **** 
 691:Core/Src/ui/screens.c **** void Screen_Display_OnRotate(int8_t d)
 692:Core/Src/ui/screens.c **** {
 693:Core/Src/ui/screens.c ****     if (_disp_edit && _disp_row == 0) {
 694:Core/Src/ui/screens.c ****         int v = ILI9341_GetBrightness() + d * 10;
 695:Core/Src/ui/screens.c ****         ILI9341_SetBrightness((uint8_t)(v < 10 ? 10 : (v > 100 ? 100 : v)));
 696:Core/Src/ui/screens.c ****         /* on real board: poke backlight PWM duty here */
 697:Core/Src/ui/screens.c ****     } else if (_disp_edit && _disp_row == 1) {
 698:Core/Src/ui/screens.c ****         _asleep_idx = (uint8_t)((_asleep_idx + (d > 0 ? 1 : 3)) % 4);
 699:Core/Src/ui/screens.c ****     } else {
 700:Core/Src/ui/screens.c ****         _disp_row = (uint8_t)((_disp_row + (d > 0 ? 1 : 4)) % 5);
 701:Core/Src/ui/screens.c ****     }
 702:Core/Src/ui/screens.c ****     disp_draw_rows();
 703:Core/Src/ui/screens.c **** }
 704:Core/Src/ui/screens.c **** 
 705:Core/Src/ui/screens.c **** void Screen_Display_OnPress(void)
 706:Core/Src/ui/screens.c **** {
 707:Core/Src/ui/screens.c ****     if (_disp_edit) { _disp_edit = 0; disp_draw_rows(); return; }
 708:Core/Src/ui/screens.c ****     switch (_disp_row) {
 709:Core/Src/ui/screens.c ****         case 0:
 710:Core/Src/ui/screens.c ****         case 1: _disp_edit = 1; disp_draw_rows(); break;
 711:Core/Src/ui/screens.c ****         case 2: UI_EnterSleep(); break;
ARM GAS  /tmp/cczpKMPG.s 			page 16


 712:Core/Src/ui/screens.c ****         case 3: Screen_Confirm_Open(CONFIRM_LIGHTSLEEP);
 713:Core/Src/ui/screens.c ****                 UI_OpenConfirm(); break;
 714:Core/Src/ui/screens.c ****         case 4: UI_NavigateTo(UI_SCREEN_SETTINGS); break;
 715:Core/Src/ui/screens.c ****     }
 716:Core/Src/ui/screens.c **** }
 717:Core/Src/ui/screens.c **** 
 718:Core/Src/ui/screens.c **** /* =========================================================
 719:Core/Src/ui/screens.c ****  * SCREEN: TEST PAGE — pretend emergencies
 720:Core/Src/ui/screens.c ****  * write fake numbers into telemetry, watch UI react
 721:Core/Src/ui/screens.c ****  * (colours, warnings, graphs). sim-only concept.
 722:Core/Src/ui/screens.c ****  * ========================================================= */
 723:Core/Src/ui/screens.c **** 
 724:Core/Src/ui/screens.c **** static uint8_t _test_row = 0;
 725:Core/Src/ui/screens.c **** 
 726:Core/Src/ui/screens.c **** typedef struct { const char *name; void (*apply)(void); } TestRow_t;
 727:Core/Src/ui/screens.c **** 
 728:Core/Src/ui/screens.c **** static void t_lowv(void)
 729:Core/Src/ui/screens.c **** {
 730:Core/Src/ui/screens.c ****     telemetry.voltage_mV = 12500; telemetry.soc_percent = 12;
 731:Core/Src/ui/screens.c ****     telemetry.current_mA = -900;
 732:Core/Src/ui/screens.c ****     for (int i = 0; i < 4; i++) cell_mv[i] = 3125;
 733:Core/Src/ui/screens.c ****     telemetry.is_charging = 0;
 734:Core/Src/ui/screens.c ****     UI_RearmWarning();
 735:Core/Src/ui/screens.c **** }
 736:Core/Src/ui/screens.c **** static void t_vcrit(void)
 737:Core/Src/ui/screens.c **** {
 738:Core/Src/ui/screens.c ****     telemetry.voltage_mV = 11800; telemetry.soc_percent = 3;
 739:Core/Src/ui/screens.c ****     telemetry.current_mA = -1200;
 740:Core/Src/ui/screens.c ****     for (int i = 0; i < 4; i++) cell_mv[i] = 2950;
 741:Core/Src/ui/screens.c ****     telemetry.is_charging = 0;
 742:Core/Src/ui/screens.c ****     UI_RearmWarning();
 743:Core/Src/ui/screens.c **** }
 744:Core/Src/ui/screens.c **** static void t_lowt(void)  { telemetry.temp_celsius = -8; UI_RearmWarning(); }
 745:Core/Src/ui/screens.c **** static void t_hight(void) { telemetry.temp_celsius = 72; UI_RearmWarning(); }
 746:Core/Src/ui/screens.c **** static void t_overc(void)
 747:Core/Src/ui/screens.c **** {
 148              		.loc 1 747 1 is_stmt 1 view -0
 149              		.cfi_startproc
 150              		@ args = 0, pretend = 0, frame = 0
 151              		@ frame_needed = 0, uses_anonymous_args = 0
 152              		@ link register save eliminated.
 748:Core/Src/ui/screens.c ****     telemetry.current_mA = -14500;
 153              		.loc 1 748 5 view .LVU28
 154              		.loc 1 748 26 is_stmt 0 view .LVU29
 155 0000 124B     		ldr	r3, .L14
 156 0002 4CF25C72 		movw	r2, #51036
 157 0006 9A80     		strh	r2, [r3, #4]	@ movhi
 749:Core/Src/ui/screens.c ****     for (int i = 0; i < TELEMETRY_HISTORY_SIZE; i++)
 158              		.loc 1 749 5 is_stmt 1 view .LVU30
 159              	.LBB2:
 160              		.loc 1 749 10 view .LVU31
 161              	.LVL13:
 162              		.loc 1 749 14 is_stmt 0 view .LVU32
 163 0008 0022     		movs	r2, #0
 164              		.loc 1 749 5 view .LVU33
 165 000a 18E0     		b	.L12
 166              	.LVL14:
ARM GAS  /tmp/cczpKMPG.s 			page 17


 167              	.L13:
 750:Core/Src/ui/screens.c ****         telemetry.current_history[i] = (int16_t)(-14500 + (i * 137) % 900);
 168              		.loc 1 750 9 is_stmt 1 view .LVU34
 169              		.loc 1 750 62 is_stmt 0 view .LVU35
 170 000c 02EB0211 		add	r1, r2, r2, lsl #4
 171 0010 02EBC101 		add	r1, r2, r1, lsl #3
 172              		.loc 1 750 69 view .LVU36
 173 0014 0E48     		ldr	r0, .L14+4
 174 0016 80FB0130 		smull	r3, r0, r0, r1
 175 001a 0844     		add	r0, r0, r1
 176 001c CB17     		asrs	r3, r1, #31
 177 001e C3EB6023 		rsb	r3, r3, r0, asr #9
 178 0022 4FF46170 		mov	r0, #900
 179 0026 00FB1313 		mls	r3, r0, r3, r1
 180              		.loc 1 750 57 view .LVU37
 181 002a A3F56253 		sub	r3, r3, #14464
 182 002e 243B     		subs	r3, r3, #36
 183              		.loc 1 750 38 view .LVU38
 184 0030 02F10800 		add	r0, r2, #8
 185 0034 0549     		ldr	r1, .L14
 186 0036 01EB4001 		add	r1, r1, r0, lsl #1
 187 003a 8B80     		strh	r3, [r1, #4]	@ movhi
 749:Core/Src/ui/screens.c ****     for (int i = 0; i < TELEMETRY_HISTORY_SIZE; i++)
 188              		.loc 1 749 50 is_stmt 1 discriminator 1 view .LVU39
 189 003c 0132     		adds	r2, r2, #1
 190              	.LVL15:
 191              	.L12:
 749:Core/Src/ui/screens.c ****     for (int i = 0; i < TELEMETRY_HISTORY_SIZE; i++)
 192              		.loc 1 749 23 discriminator 2 view .LVU40
 193 003e 3B2A     		cmp	r2, #59
 194 0040 E4DD     		ble	.L13
 195              	.LBE2:
 751:Core/Src/ui/screens.c ****     telemetry.is_charging = 0;
 196              		.loc 1 751 5 view .LVU41
 197              		.loc 1 751 27 is_stmt 0 view .LVU42
 198 0042 024B     		ldr	r3, .L14
 199 0044 0022     		movs	r2, #0
 200              	.LVL16:
 201              		.loc 1 751 27 view .LVU43
 202 0046 5A72     		strb	r2, [r3, #9]
 752:Core/Src/ui/screens.c **** }
 203              		.loc 1 752 1 view .LVU44
 204 0048 7047     		bx	lr
 205              	.L15:
 206 004a 00BF     		.align	2
 207              	.L14:
 208 004c 00000000 		.word	telemetry
 209 0050 C5B3A291 		.word	-1851608123
 210              		.cfi_endproc
 211              	.LFE268:
 213              		.section	.text.detail_value,"ax",%progbits
 214              		.align	1
 215              		.syntax unified
 216              		.thumb
 217              		.thumb_func
 219              	detail_value:
 220              	.LVL17:
ARM GAS  /tmp/cczpKMPG.s 			page 18


 221              	.LFB237:
 351:Core/Src/ui/screens.c ****     ILI9341_FillRect(x, y, 108, GFX_FONT_SMALL_H * 2, COLOR_BG);
 222              		.loc 1 351 1 is_stmt 1 view -0
 223              		.cfi_startproc
 224              		@ args = 0, pretend = 0, frame = 0
 225              		@ frame_needed = 0, uses_anonymous_args = 0
 351:Core/Src/ui/screens.c ****     ILI9341_FillRect(x, y, 108, GFX_FONT_SMALL_H * 2, COLOR_BG);
 226              		.loc 1 351 1 is_stmt 0 view .LVU46
 227 0000 2DE9F041 		push	{r4, r5, r6, r7, r8, lr}
 228              	.LCFI0:
 229              		.cfi_def_cfa_offset 24
 230              		.cfi_offset 4, -24
 231              		.cfi_offset 5, -20
 232              		.cfi_offset 6, -16
 233              		.cfi_offset 7, -12
 234              		.cfi_offset 8, -8
 235              		.cfi_offset 14, -4
 236 0004 84B0     		sub	sp, sp, #16
 237              	.LCFI1:
 238              		.cfi_def_cfa_offset 40
 239 0006 8046     		mov	r8, r0
 240 0008 0F46     		mov	r7, r1
 241 000a 1646     		mov	r6, r2
 242 000c 1D46     		mov	r5, r3
 352:Core/Src/ui/screens.c ****     GFX_DrawStringScaled(x, y, txt, &GFX_FontSmall, 2, color, COLOR_BG);
 243              		.loc 1 352 5 is_stmt 1 view .LVU47
 244 000e 40F64104 		movw	r4, #2113
 245 0012 0094     		str	r4, [sp]
 246 0014 1023     		movs	r3, #16
 247              	.LVL18:
 352:Core/Src/ui/screens.c ****     GFX_DrawStringScaled(x, y, txt, &GFX_FontSmall, 2, color, COLOR_BG);
 248              		.loc 1 352 5 is_stmt 0 view .LVU48
 249 0016 6C22     		movs	r2, #108
 250              	.LVL19:
 352:Core/Src/ui/screens.c ****     GFX_DrawStringScaled(x, y, txt, &GFX_FontSmall, 2, color, COLOR_BG);
 251              		.loc 1 352 5 view .LVU49
 252 0018 FFF7FEFF 		bl	ILI9341_FillRect
 253              	.LVL20:
 353:Core/Src/ui/screens.c **** }
 254              		.loc 1 353 5 is_stmt 1 view .LVU50
 255 001c 0294     		str	r4, [sp, #8]
 256 001e 0195     		str	r5, [sp, #4]
 257 0020 0223     		movs	r3, #2
 258 0022 0093     		str	r3, [sp]
 259 0024 044B     		ldr	r3, .L18
 260 0026 3246     		mov	r2, r6
 261 0028 3946     		mov	r1, r7
 262 002a 4046     		mov	r0, r8
 263 002c FFF7FEFF 		bl	GFX_DrawStringScaled
 264              	.LVL21:
 354:Core/Src/ui/screens.c **** 
 265              		.loc 1 354 1 is_stmt 0 view .LVU51
 266 0030 04B0     		add	sp, sp, #16
 267              	.LCFI2:
 268              		.cfi_def_cfa_offset 24
 269              		@ sp needed
 270 0032 BDE8F081 		pop	{r4, r5, r6, r7, r8, pc}
ARM GAS  /tmp/cczpKMPG.s 			page 19


 271              	.LVL22:
 272              	.L19:
 354:Core/Src/ui/screens.c **** 
 273              		.loc 1 354 1 view .LVU52
 274 0036 00BF     		.align	2
 275              	.L18:
 276 0038 00000000 		.word	GFX_FontSmall
 277              		.cfi_endproc
 278              	.LFE237:
 280              		.section	.text.draw_footer,"ax",%progbits
 281              		.align	1
 282              		.syntax unified
 283              		.thumb
 284              		.thumb_func
 286              	draw_footer:
 287              	.LVL23:
 288              	.LFB225:
  86:Core/Src/ui/screens.c ****     ILI9341_FillRect(0, FOOTER_Y, ILI9341_WIDTH, FOOTER_H, COLOR_HEADER);
 289              		.loc 1 86 1 is_stmt 1 view -0
 290              		.cfi_startproc
 291              		@ args = 0, pretend = 0, frame = 16
 292              		@ frame_needed = 0, uses_anonymous_args = 0
  86:Core/Src/ui/screens.c ****     ILI9341_FillRect(0, FOOTER_Y, ILI9341_WIDTH, FOOTER_H, COLOR_HEADER);
 293              		.loc 1 86 1 is_stmt 0 view .LVU54
 294 0000 F0B5     		push	{r4, r5, r6, r7, lr}
 295              	.LCFI3:
 296              		.cfi_def_cfa_offset 20
 297              		.cfi_offset 4, -20
 298              		.cfi_offset 5, -16
 299              		.cfi_offset 6, -12
 300              		.cfi_offset 7, -8
 301              		.cfi_offset 14, -4
 302 0002 87B0     		sub	sp, sp, #28
 303              	.LCFI4:
 304              		.cfi_def_cfa_offset 48
 305 0004 0546     		mov	r5, r0
  87:Core/Src/ui/screens.c **** 
 306              		.loc 1 87 5 is_stmt 1 view .LVU55
 307 0006 40F68813 		movw	r3, #2440
 308 000a 0093     		str	r3, [sp]
 309 000c 1E23     		movs	r3, #30
 310 000e F022     		movs	r2, #240
 311 0010 4FF49171 		mov	r1, #290
 312 0014 0020     		movs	r0, #0
 313              	.LVL24:
  87:Core/Src/ui/screens.c **** 
 314              		.loc 1 87 5 is_stmt 0 view .LVU56
 315 0016 FFF7FEFF 		bl	ILI9341_FillRect
 316              	.LVL25:
  89:Core/Src/ui/screens.c ****     for (uint8_t i = 0; i < 5; i++)
 317              		.loc 1 89 5 is_stmt 1 view .LVU57
  89:Core/Src/ui/screens.c ****     for (uint8_t i = 0; i < 5; i++)
 318              		.loc 1 89 20 is_stmt 0 view .LVU58
 319 001a 164A     		ldr	r2, .L30
 320 001c 03AB     		add	r3, sp, #12
 321 001e 07CA     		ldm	r2, {r0, r1, r2}
 322 0020 03C3     		stmia	r3!, {r0, r1}
ARM GAS  /tmp/cczpKMPG.s 			page 20


 323 0022 1A80     		strh	r2, [r3]	@ movhi
  90:Core/Src/ui/screens.c ****     {
 324              		.loc 1 90 5 is_stmt 1 view .LVU59
 325              	.LBB3:
  90:Core/Src/ui/screens.c ****     {
 326              		.loc 1 90 10 view .LVU60
 327              	.LVL26:
  90:Core/Src/ui/screens.c ****     {
 328              		.loc 1 90 18 is_stmt 0 view .LVU61
 329 0024 0024     		movs	r4, #0
  90:Core/Src/ui/screens.c ****     {
 330              		.loc 1 90 5 view .LVU62
 331 0026 11E0     		b	.L21
 332              	.LVL27:
 333              	.L29:
 334              	.LBB4:
  92:Core/Src/ui/screens.c ****         GFX_DrawCircle(dot_xs[i], FOOTER_Y + 15, 4, color);
 335              		.loc 1 92 18 discriminator 1 view .LVU63
 336 0028 4FF66047 		movw	r7, #64608
 337              	.L22:
 338              	.LVL28:
  93:Core/Src/ui/screens.c ****         if (i == active_dot)
 339              		.loc 1 93 9 is_stmt 1 view .LVU64
  93:Core/Src/ui/screens.c ****         if (i == active_dot)
 340              		.loc 1 93 30 is_stmt 0 view .LVU65
 341 002c 06AB     		add	r3, sp, #24
 342 002e 03EB4403 		add	r3, r3, r4, lsl #1
 343 0032 33F80C6C 		ldrh	r6, [r3, #-12]
  93:Core/Src/ui/screens.c ****         if (i == active_dot)
 344              		.loc 1 93 9 view .LVU66
 345 0036 3B46     		mov	r3, r7
 346 0038 0422     		movs	r2, #4
 347 003a 40F23111 		movw	r1, #305
 348 003e 3046     		mov	r0, r6
 349 0040 FFF7FEFF 		bl	GFX_DrawCircle
 350              	.LVL29:
  94:Core/Src/ui/screens.c ****             ILI9341_FillRect(dot_xs[i] - 2, FOOTER_Y + 13, 5, 5, color);
 351              		.loc 1 94 9 is_stmt 1 view .LVU67
  94:Core/Src/ui/screens.c ****             ILI9341_FillRect(dot_xs[i] - 2, FOOTER_Y + 13, 5, 5, color);
 352              		.loc 1 94 12 is_stmt 0 view .LVU68
 353 0044 AC42     		cmp	r4, r5
 354 0046 08D0     		beq	.L27
 355              	.L23:
 356              	.LBE4:
  90:Core/Src/ui/screens.c ****     {
 357              		.loc 1 90 33 is_stmt 1 discriminator 1 view .LVU69
 358 0048 0134     		adds	r4, r4, #1
 359              	.LVL30:
  90:Core/Src/ui/screens.c ****     {
 360              		.loc 1 90 33 is_stmt 0 discriminator 1 view .LVU70
 361 004a E4B2     		uxtb	r4, r4
 362              	.LVL31:
 363              	.L21:
  90:Core/Src/ui/screens.c ****     {
 364              		.loc 1 90 27 is_stmt 1 discriminator 2 view .LVU71
 365 004c 042C     		cmp	r4, #4
 366 004e 0ED8     		bhi	.L28
ARM GAS  /tmp/cczpKMPG.s 			page 21


 367              	.LBB5:
  92:Core/Src/ui/screens.c ****         GFX_DrawCircle(dot_xs[i], FOOTER_Y + 15, 4, color);
 368              		.loc 1 92 9 view .LVU72
  92:Core/Src/ui/screens.c ****         GFX_DrawCircle(dot_xs[i], FOOTER_Y + 15, 4, color);
 369              		.loc 1 92 18 is_stmt 0 view .LVU73
 370 0050 AC42     		cmp	r4, r5
 371 0052 E9D0     		beq	.L29
  92:Core/Src/ui/screens.c ****         GFX_DrawCircle(dot_xs[i], FOOTER_Y + 15, 4, color);
 372              		.loc 1 92 18 discriminator 2 view .LVU74
 373 0054 48F21047 		movw	r7, #33808
 374 0058 E8E7     		b	.L22
 375              	.LVL32:
 376              	.L27:
  95:Core/Src/ui/screens.c ****     }
 377              		.loc 1 95 13 is_stmt 1 view .LVU75
 378 005a B01E     		subs	r0, r6, #2
 379 005c 0097     		str	r7, [sp]
 380 005e 0523     		movs	r3, #5
 381 0060 1A46     		mov	r2, r3
 382 0062 40F22F11 		movw	r1, #303
 383 0066 80B2     		uxth	r0, r0
 384 0068 FFF7FEFF 		bl	ILI9341_FillRect
 385              	.LVL33:
 386 006c ECE7     		b	.L23
 387              	.LVL34:
 388              	.L28:
  95:Core/Src/ui/screens.c ****     }
 389              		.loc 1 95 13 is_stmt 0 view .LVU76
 390              	.LBE5:
 391              	.LBE3:
  97:Core/Src/ui/screens.c **** 
 392              		.loc 1 97 1 view .LVU77
 393 006e 07B0     		add	sp, sp, #28
 394              	.LCFI5:
 395              		.cfi_def_cfa_offset 20
 396              		@ sp needed
 397 0070 F0BD     		pop	{r4, r5, r6, r7, pc}
 398              	.LVL35:
 399              	.L31:
  97:Core/Src/ui/screens.c **** 
 400              		.loc 1 97 1 view .LVU78
 401 0072 00BF     		.align	2
 402              	.L30:
 403 0074 00000000 		.word	.LANCHOR0
 404              		.cfi_endproc
 405              	.LFE225:
 407              		.section	.rodata.ports_legend_row.str1.4,"aMS",%progbits,1
 408              		.align	2
 409              	.LC6:
 410 0000 2532752E 		.ascii	"%2u.%uV %4dmA\000"
 410      25755620 
 410      2534646D 
 410      4100
 411 000e 0000     		.align	2
 412              	.LC7:
 413 0010 69646C65 		.ascii	"idle\000"
 413      00
ARM GAS  /tmp/cczpKMPG.s 			page 22


 414 0015 000000   		.align	2
 415              	.LC8:
 416 0018 25313273 		.ascii	"%12s\000"
 416      00
 417              		.section	.text.ports_legend_row,"ax",%progbits
 418              		.align	1
 419              		.syntax unified
 420              		.thumb
 421              		.thumb_func
 423              	ports_legend_row:
 424              	.LVL36:
 425              	.LFB243:
 515:Core/Src/ui/screens.c ****     char buf[24];
 426              		.loc 1 515 1 is_stmt 1 view -0
 427              		.cfi_startproc
 428              		@ args = 0, pretend = 0, frame = 24
 429              		@ frame_needed = 0, uses_anonymous_args = 0
 515:Core/Src/ui/screens.c ****     char buf[24];
 430              		.loc 1 515 1 is_stmt 0 view .LVU80
 431 0000 70B5     		push	{r4, r5, r6, lr}
 432              	.LCFI6:
 433              		.cfi_def_cfa_offset 16
 434              		.cfi_offset 4, -16
 435              		.cfi_offset 5, -12
 436              		.cfi_offset 6, -8
 437              		.cfi_offset 14, -4
 438 0002 88B0     		sub	sp, sp, #32
 439              	.LCFI7:
 440              		.cfi_def_cfa_offset 48
 441 0004 0446     		mov	r4, r0
 516:Core/Src/ui/screens.c ****     uint16_t y = PORTS_LEG_Y + i * PORTS_LEG_ROW_H;
 442              		.loc 1 516 5 is_stmt 1 view .LVU81
 517:Core/Src/ui/screens.c ****     PortStats_t *ps = &port_stats[i];
 443              		.loc 1 517 5 view .LVU82
 517:Core/Src/ui/screens.c ****     PortStats_t *ps = &port_stats[i];
 444              		.loc 1 517 30 is_stmt 0 view .LVU83
 445 0006 00EBC005 		add	r5, r0, r0, lsl #3
 446 000a 00EB4505 		add	r5, r0, r5, lsl #1
 517:Core/Src/ui/screens.c ****     PortStats_t *ps = &port_stats[i];
 447              		.loc 1 517 14 view .LVU84
 448 000e 05F1BA01 		add	r1, r5, #186
 449              	.LVL37:
 518:Core/Src/ui/screens.c ****     uint16_t c = ps->active ? _port_meta[i].color : COLOR_DARKGRAY;
 450              		.loc 1 518 5 is_stmt 1 view .LVU85
 519:Core/Src/ui/screens.c **** 
 451              		.loc 1 519 5 view .LVU86
 519:Core/Src/ui/screens.c **** 
 452              		.loc 1 519 20 is_stmt 0 view .LVU87
 453 0012 C0EB8012 		rsb	r2, r0, r0, lsl #6
 454 0016 3D4B     		ldr	r3, .L42
 455 0018 03EB4203 		add	r3, r3, r2, lsl #1
 456 001c 93F87D30 		ldrb	r3, [r3, #125]	@ zero_extendqisi2
 519:Core/Src/ui/screens.c **** 
 457              		.loc 1 519 14 view .LVU88
 458 0020 002B     		cmp	r3, #0
 459 0022 65D0     		beq	.L38
 519:Core/Src/ui/screens.c **** 
ARM GAS  /tmp/cczpKMPG.s 			page 23


 460              		.loc 1 519 14 discriminator 1 view .LVU89
 461 0024 3A4B     		ldr	r3, .L42+4
 462 0026 03EBC003 		add	r3, r3, r0, lsl #3
 463 002a 9E88     		ldrh	r6, [r3, #4]
 464              	.LVL38:
 465              	.L33:
 522:Core/Src/ui/screens.c **** 
 466              		.loc 1 522 5 is_stmt 1 view .LVU90
 467 002c 0096     		str	r6, [sp]
 468 002e 0A23     		movs	r3, #10
 469 0030 1A46     		mov	r2, r3
 470 0032 1846     		mov	r0, r3
 471              	.LVL39:
 522:Core/Src/ui/screens.c **** 
 472              		.loc 1 522 5 is_stmt 0 view .LVU91
 473 0034 FFF7FEFF 		bl	ILI9341_FillRect
 474              	.LVL40:
 524:Core/Src/ui/screens.c ****                    ps->active ? COLOR_WHITE : COLOR_GRAY, COLOR_BG);
 475              		.loc 1 524 5 is_stmt 1 view .LVU92
 476 0038 BB35     		adds	r5, r5, #187
 477              	.LVL41:
 524:Core/Src/ui/screens.c ****                    ps->active ? COLOR_WHITE : COLOR_GRAY, COLOR_BG);
 478              		.loc 1 524 44 is_stmt 0 view .LVU93
 479 003a 354B     		ldr	r3, .L42+4
 480 003c 53F83420 		ldr	r2, [r3, r4, lsl #3]
 525:Core/Src/ui/screens.c **** 
 481              		.loc 1 525 22 view .LVU94
 482 0040 C4EB8411 		rsb	r1, r4, r4, lsl #6
 483 0044 314B     		ldr	r3, .L42
 484 0046 03EB4103 		add	r3, r3, r1, lsl #1
 485 004a 93F87D30 		ldrb	r3, [r3, #125]	@ zero_extendqisi2
 524:Core/Src/ui/screens.c ****                    ps->active ? COLOR_WHITE : COLOR_GRAY, COLOR_BG);
 486              		.loc 1 524 5 view .LVU95
 487 004e 002B     		cmp	r3, #0
 488 0050 51D0     		beq	.L39
 524:Core/Src/ui/screens.c ****                    ps->active ? COLOR_WHITE : COLOR_GRAY, COLOR_BG);
 489              		.loc 1 524 5 discriminator 1 view .LVU96
 490 0052 4FF6FF73 		movw	r3, #65535
 491              	.L34:
 524:Core/Src/ui/screens.c ****                    ps->active ? COLOR_WHITE : COLOR_GRAY, COLOR_BG);
 492              		.loc 1 524 5 discriminator 3 view .LVU97
 493 0056 40F64101 		movw	r1, #2113
 494 005a 0191     		str	r1, [sp, #4]
 495 005c 0093     		str	r3, [sp]
 496 005e 2D4B     		ldr	r3, .L42+8
 497 0060 2946     		mov	r1, r5
 498 0062 1A20     		movs	r0, #26
 499 0064 FFF7FEFF 		bl	GFX_DrawString
 500              	.LVL42:
 527:Core/Src/ui/screens.c ****         snprintf(buf, sizeof(buf), "%2u.%uV %4dmA",
 501              		.loc 1 527 5 is_stmt 1 view .LVU98
 527:Core/Src/ui/screens.c ****         snprintf(buf, sizeof(buf), "%2u.%uV %4dmA",
 502              		.loc 1 527 11 is_stmt 0 view .LVU99
 503 0068 C4EB8412 		rsb	r2, r4, r4, lsl #6
 504 006c 274B     		ldr	r3, .L42
 505 006e 03EB4203 		add	r3, r3, r2, lsl #1
 506 0072 93F87D30 		ldrb	r3, [r3, #125]	@ zero_extendqisi2
ARM GAS  /tmp/cczpKMPG.s 			page 24


 527:Core/Src/ui/screens.c ****         snprintf(buf, sizeof(buf), "%2u.%uV %4dmA",
 507              		.loc 1 527 8 view .LVU100
 508 0076 002B     		cmp	r3, #0
 509 0078 40D0     		beq	.L35
 528:Core/Src/ui/screens.c ****                  ps->voltage_mv / 1000, (ps->voltage_mv % 1000) / 100,
 510              		.loc 1 528 9 is_stmt 1 view .LVU101
 529:Core/Src/ui/screens.c ****                  ps->current_mA);
 511              		.loc 1 529 20 is_stmt 0 view .LVU102
 512 007a 244B     		ldr	r3, .L42
 513 007c 03EB4201 		add	r1, r3, r2, lsl #1
 514 0080 33F81220 		ldrh	r2, [r3, r2, lsl #1]
 530:Core/Src/ui/screens.c ****     else
 515              		.loc 1 530 20 view .LVU103
 516 0084 B1F90200 		ldrsh	r0, [r1, #2]
 528:Core/Src/ui/screens.c ****                  ps->voltage_mv / 1000, (ps->voltage_mv % 1000) / 100,
 517              		.loc 1 528 9 view .LVU104
 518 0088 234B     		ldr	r3, .L42+12
 519 008a A3FB0213 		umull	r1, r3, r3, r2
 520 008e 9909     		lsrs	r1, r3, #6
 521 0090 0190     		str	r0, [sp, #4]
 522 0092 4FF47A70 		mov	r0, #1000
 523 0096 00FB1122 		mls	r2, r0, r1, r2
 524 009a 92B2     		uxth	r2, r2
 525 009c 1F49     		ldr	r1, .L42+16
 526 009e A1FB0212 		umull	r1, r2, r1, r2
 527 00a2 5209     		lsrs	r2, r2, #5
 528 00a4 0092     		str	r2, [sp]
 529 00a6 9B09     		lsrs	r3, r3, #6
 530 00a8 1D4A     		ldr	r2, .L42+20
 531 00aa 1821     		movs	r1, #24
 532 00ac 02A8     		add	r0, sp, #8
 533 00ae FFF7FEFF 		bl	snprintf
 534              	.LVL43:
 535              	.L36:
 533:Core/Src/ui/screens.c ****     GFX_DrawString(130, y + 1, buf, &GFX_FontSmall,
 536              		.loc 1 533 5 is_stmt 1 view .LVU105
 537 00b2 40F64103 		movw	r3, #2113
 538 00b6 0093     		str	r3, [sp]
 539 00b8 0823     		movs	r3, #8
 540 00ba 6822     		movs	r2, #104
 541 00bc 2946     		mov	r1, r5
 542 00be 8220     		movs	r0, #130
 543 00c0 FFF7FEFF 		bl	ILI9341_FillRect
 544              	.LVL44:
 534:Core/Src/ui/screens.c ****                    ps->active ? c : COLOR_GRAY, COLOR_BG);
 545              		.loc 1 534 5 view .LVU106
 535:Core/Src/ui/screens.c **** }
 546              		.loc 1 535 22 is_stmt 0 view .LVU107
 547 00c4 C4EB8414 		rsb	r4, r4, r4, lsl #6
 548              	.LVL45:
 535:Core/Src/ui/screens.c **** }
 549              		.loc 1 535 22 view .LVU108
 550 00c8 104B     		ldr	r3, .L42
 551 00ca 03EB4403 		add	r3, r3, r4, lsl #1
 552 00ce 93F87D30 		ldrb	r3, [r3, #125]	@ zero_extendqisi2
 534:Core/Src/ui/screens.c ****                    ps->active ? c : COLOR_GRAY, COLOR_BG);
 553              		.loc 1 534 5 view .LVU109
ARM GAS  /tmp/cczpKMPG.s 			page 25


 554 00d2 0BB9     		cbnz	r3, .L37
 534:Core/Src/ui/screens.c ****                    ps->active ? c : COLOR_GRAY, COLOR_BG);
 555              		.loc 1 534 5 discriminator 2 view .LVU110
 556 00d4 48F21046 		movw	r6, #33808
 557              	.LVL46:
 558              	.L37:
 534:Core/Src/ui/screens.c ****                    ps->active ? c : COLOR_GRAY, COLOR_BG);
 559              		.loc 1 534 5 discriminator 3 view .LVU111
 560 00d8 40F64103 		movw	r3, #2113
 561 00dc 0193     		str	r3, [sp, #4]
 562 00de 0096     		str	r6, [sp]
 563 00e0 0C4B     		ldr	r3, .L42+8
 564 00e2 02AA     		add	r2, sp, #8
 565 00e4 2946     		mov	r1, r5
 566 00e6 8220     		movs	r0, #130
 567 00e8 FFF7FEFF 		bl	GFX_DrawString
 568              	.LVL47:
 536:Core/Src/ui/screens.c **** 
 569              		.loc 1 536 1 view .LVU112
 570 00ec 08B0     		add	sp, sp, #32
 571              	.LCFI8:
 572              		.cfi_remember_state
 573              		.cfi_def_cfa_offset 16
 574              		@ sp needed
 575 00ee 70BD     		pop	{r4, r5, r6, pc}
 576              	.LVL48:
 577              	.L38:
 578              	.LCFI9:
 579              		.cfi_restore_state
 519:Core/Src/ui/screens.c **** 
 580              		.loc 1 519 14 discriminator 2 view .LVU113
 581 00f0 44F20826 		movw	r6, #16904
 582 00f4 9AE7     		b	.L33
 583              	.LVL49:
 584              	.L39:
 524:Core/Src/ui/screens.c ****                    ps->active ? COLOR_WHITE : COLOR_GRAY, COLOR_BG);
 585              		.loc 1 524 5 discriminator 2 view .LVU114
 586 00f6 48F21043 		movw	r3, #33808
 587 00fa ACE7     		b	.L34
 588              	.L35:
 532:Core/Src/ui/screens.c ****     ILI9341_FillRect(130, y + 1, 104, GFX_FONT_SMALL_H, COLOR_BG);
 589              		.loc 1 532 9 is_stmt 1 view .LVU115
 590 00fc 094B     		ldr	r3, .L42+24
 591 00fe 0A4A     		ldr	r2, .L42+28
 592 0100 1821     		movs	r1, #24
 593 0102 02A8     		add	r0, sp, #8
 594 0104 FFF7FEFF 		bl	snprintf
 595              	.LVL50:
 596 0108 D3E7     		b	.L36
 597              	.L43:
 598 010a 00BF     		.align	2
 599              	.L42:
 600 010c 00000000 		.word	port_stats
 601 0110 00000000 		.word	_port_meta
 602 0114 00000000 		.word	GFX_FontSmall
 603 0118 D34D6210 		.word	274877907
 604 011c 1F85EB51 		.word	1374389535
ARM GAS  /tmp/cczpKMPG.s 			page 26


 605 0120 00000000 		.word	.LC6
 606 0124 10000000 		.word	.LC7
 607 0128 18000000 		.word	.LC8
 608              		.cfi_endproc
 609              	.LFE243:
 611              		.section	.rodata.f_maxt.str1.4,"aMS",%progbits,1
 612              		.align	2
 613              	.LC9:
 614 0000 25642043 		.ascii	"%d C\000"
 614      00
 615              		.section	.text.f_maxt,"ax",%progbits
 616              		.align	1
 617              		.syntax unified
 618              		.thumb
 619              		.thumb_func
 621              	f_maxt:
 622              	.LVL51:
 623              	.LFB250:
 574:Core/Src/ui/screens.c **** static void f_maxout(char *b, size_t n)  { snprintf(b, n, "%d mA",     sys_stats.max_current_out_mA
 624              		.loc 1 574 42 view -0
 625              		.cfi_startproc
 626              		@ args = 0, pretend = 0, frame = 0
 627              		@ frame_needed = 0, uses_anonymous_args = 0
 574:Core/Src/ui/screens.c **** static void f_maxout(char *b, size_t n)  { snprintf(b, n, "%d mA",     sys_stats.max_current_out_mA
 628              		.loc 1 574 42 is_stmt 0 view .LVU117
 629 0000 08B5     		push	{r3, lr}
 630              	.LCFI10:
 631              		.cfi_def_cfa_offset 8
 632              		.cfi_offset 3, -8
 633              		.cfi_offset 14, -4
 574:Core/Src/ui/screens.c **** static void f_maxout(char *b, size_t n)  { snprintf(b, n, "%d mA",     sys_stats.max_current_out_mA
 634              		.loc 1 574 44 is_stmt 1 view .LVU118
 635 0002 034B     		ldr	r3, .L46
 636 0004 B3F90A30 		ldrsh	r3, [r3, #10]
 637 0008 024A     		ldr	r2, .L46+4
 638 000a FFF7FEFF 		bl	snprintf
 639              	.LVL52:
 574:Core/Src/ui/screens.c **** static void f_maxout(char *b, size_t n)  { snprintf(b, n, "%d mA",     sys_stats.max_current_out_mA
 640              		.loc 1 574 95 is_stmt 0 view .LVU119
 641 000e 08BD     		pop	{r3, pc}
 642              	.L47:
 643              		.align	2
 644              	.L46:
 645 0010 00000000 		.word	sys_stats
 646 0014 00000000 		.word	.LC9
 647              		.cfi_endproc
 648              	.LFE250:
 650              		.section	.rodata.f_uptime.str1.4,"aMS",%progbits,1
 651              		.align	2
 652              	.LC10:
 653 0000 256C7568 		.ascii	"%luh %02lum\000"
 653      20253032 
 653      6C756D00 
 654              		.section	.text.f_uptime,"ax",%progbits
 655              		.align	1
 656              		.syntax unified
 657              		.thumb
ARM GAS  /tmp/cczpKMPG.s 			page 27


 658              		.thumb_func
 660              	f_uptime:
 661              	.LVL53:
 662              	.LFB254:
 578:Core/Src/ui/screens.c **** 
 663              		.loc 1 578 42 is_stmt 1 view -0
 664              		.cfi_startproc
 665              		@ args = 0, pretend = 0, frame = 0
 666              		@ frame_needed = 0, uses_anonymous_args = 0
 578:Core/Src/ui/screens.c **** 
 667              		.loc 1 578 42 is_stmt 0 view .LVU121
 668 0000 00B5     		push	{lr}
 669              	.LCFI11:
 670              		.cfi_def_cfa_offset 4
 671              		.cfi_offset 14, -4
 672 0002 83B0     		sub	sp, sp, #12
 673              	.LCFI12:
 674              		.cfi_def_cfa_offset 16
 578:Core/Src/ui/screens.c **** 
 675              		.loc 1 578 44 is_stmt 1 view .LVU122
 578:Core/Src/ui/screens.c **** 
 676              		.loc 1 578 99 is_stmt 0 view .LVU123
 677 0004 0C4B     		ldr	r3, .L50
 678 0006 5B69     		ldr	r3, [r3, #20]
 578:Core/Src/ui/screens.c **** 
 679              		.loc 1 578 154 view .LVU124
 680 0008 0C4A     		ldr	r2, .L50+4
 681 000a A2FB03EC 		umull	lr, ip, r2, r3
 682 000e 4FEA5C1C 		lsr	ip, ip, #5
 578:Core/Src/ui/screens.c **** 
 683              		.loc 1 578 44 view .LVU125
 684 0012 DFF830E0 		ldr	lr, .L50+12
 685 0016 AEFB03E3 		umull	lr, r3, lr, r3
 686 001a A2FB0CE2 		umull	lr, r2, r2, ip
 687 001e 5209     		lsrs	r2, r2, #5
 688 0020 C2EB0212 		rsb	r2, r2, r2, lsl #4
 689 0024 ACEB8202 		sub	r2, ip, r2, lsl #2
 690 0028 0092     		str	r2, [sp]
 691 002a DB0A     		lsrs	r3, r3, #11
 692 002c 044A     		ldr	r2, .L50+8
 693 002e FFF7FEFF 		bl	snprintf
 694              	.LVL54:
 578:Core/Src/ui/screens.c **** 
 695              		.loc 1 578 168 view .LVU126
 696 0032 03B0     		add	sp, sp, #12
 697              	.LCFI13:
 698              		.cfi_def_cfa_offset 4
 699              		@ sp needed
 700 0034 00BD     		pop	{pc}
 701              	.L51:
 702 0036 00BF     		.align	2
 703              	.L50:
 704 0038 00000000 		.word	sys_stats
 705 003c 89888888 		.word	-2004318071
 706 0040 00000000 		.word	.LC10
 707 0044 C5B3A291 		.word	-1851608123
 708              		.cfi_endproc
ARM GAS  /tmp/cczpKMPG.s 			page 28


 709              	.LFE254:
 711              		.section	.rodata.f_energy.str1.4,"aMS",%progbits,1
 712              		.align	2
 713              	.LC11:
 714 0000 256C752E 		.ascii	"%lu.%luWh\000"
 714      256C7557 
 714      6800
 715              		.section	.text.f_energy,"ax",%progbits
 716              		.align	1
 717              		.syntax unified
 718              		.thumb
 719              		.thumb_func
 721              	f_energy:
 722              	.LVL55:
 723              	.LFB253:
 577:Core/Src/ui/screens.c **** static void f_uptime(char *b, size_t n)  { snprintf(b, n, "%luh %02lum", (unsigned long)(sys_stats.
 724              		.loc 1 577 42 is_stmt 1 view -0
 725              		.cfi_startproc
 726              		@ args = 0, pretend = 0, frame = 0
 727              		@ frame_needed = 0, uses_anonymous_args = 0
 577:Core/Src/ui/screens.c **** static void f_uptime(char *b, size_t n)  { snprintf(b, n, "%luh %02lum", (unsigned long)(sys_stats.
 728              		.loc 1 577 42 is_stmt 0 view .LVU128
 729 0000 00B5     		push	{lr}
 730              	.LCFI14:
 731              		.cfi_def_cfa_offset 4
 732              		.cfi_offset 14, -4
 733 0002 83B0     		sub	sp, sp, #12
 734              	.LCFI15:
 735              		.cfi_def_cfa_offset 16
 577:Core/Src/ui/screens.c **** static void f_uptime(char *b, size_t n)  { snprintf(b, n, "%luh %02lum", (unsigned long)(sys_stats.
 736              		.loc 1 577 44 is_stmt 1 view .LVU129
 577:Core/Src/ui/screens.c **** static void f_uptime(char *b, size_t n)  { snprintf(b, n, "%luh %02lum", (unsigned long)(sys_stats.
 737              		.loc 1 577 97 is_stmt 0 view .LVU130
 738 0004 0B4B     		ldr	r3, .L54
 739 0006 D3F810C0 		ldr	ip, [r3, #16]
 577:Core/Src/ui/screens.c **** static void f_uptime(char *b, size_t n)  { snprintf(b, n, "%luh %02lum", (unsigned long)(sys_stats.
 740              		.loc 1 577 164 view .LVU131
 741 000a 0B4B     		ldr	r3, .L54+4
 742 000c A3FB0C23 		umull	r2, r3, r3, ip
 743 0010 9A09     		lsrs	r2, r3, #6
 744 0012 4FF47A7E 		mov	lr, #1000
 745 0016 0EFB12C2 		mls	r2, lr, r2, ip
 577:Core/Src/ui/screens.c **** static void f_uptime(char *b, size_t n)  { snprintf(b, n, "%luh %02lum", (unsigned long)(sys_stats.
 746              		.loc 1 577 44 view .LVU132
 747 001a DFF824C0 		ldr	ip, .L54+12
 748 001e ACFB02C2 		umull	ip, r2, ip, r2
 749 0022 5209     		lsrs	r2, r2, #5
 750 0024 0092     		str	r2, [sp]
 751 0026 9B09     		lsrs	r3, r3, #6
 752 0028 044A     		ldr	r2, .L54+8
 753 002a FFF7FEFF 		bl	snprintf
 754              	.LVL56:
 577:Core/Src/ui/screens.c **** static void f_uptime(char *b, size_t n)  { snprintf(b, n, "%luh %02lum", (unsigned long)(sys_stats.
 755              		.loc 1 577 181 view .LVU133
 756 002e 03B0     		add	sp, sp, #12
 757              	.LCFI16:
 758              		.cfi_def_cfa_offset 4
ARM GAS  /tmp/cczpKMPG.s 			page 29


 759              		@ sp needed
 760 0030 00BD     		pop	{pc}
 761              	.L55:
 762 0032 00BF     		.align	2
 763              	.L54:
 764 0034 00000000 		.word	sys_stats
 765 0038 D34D6210 		.word	274877907
 766 003c 00000000 		.word	.LC11
 767 0040 1F85EB51 		.word	1374389535
 768              		.cfi_endproc
 769              	.LFE253:
 771              		.section	.rodata.f_maxin.str1.4,"aMS",%progbits,1
 772              		.align	2
 773              	.LC12:
 774 0000 2564206D 		.ascii	"%d mA\000"
 774      4100
 775              		.section	.text.f_maxin,"ax",%progbits
 776              		.align	1
 777              		.syntax unified
 778              		.thumb
 779              		.thumb_func
 781              	f_maxin:
 782              	.LVL57:
 783              	.LFB252:
 576:Core/Src/ui/screens.c **** static void f_energy(char *b, size_t n)  { snprintf(b, n, "%lu.%luWh", (unsigned long)(sys_stats.en
 784              		.loc 1 576 42 is_stmt 1 view -0
 785              		.cfi_startproc
 786              		@ args = 0, pretend = 0, frame = 0
 787              		@ frame_needed = 0, uses_anonymous_args = 0
 576:Core/Src/ui/screens.c **** static void f_energy(char *b, size_t n)  { snprintf(b, n, "%lu.%luWh", (unsigned long)(sys_stats.en
 788              		.loc 1 576 42 is_stmt 0 view .LVU135
 789 0000 08B5     		push	{r3, lr}
 790              	.LCFI17:
 791              		.cfi_def_cfa_offset 8
 792              		.cfi_offset 3, -8
 793              		.cfi_offset 14, -4
 576:Core/Src/ui/screens.c **** static void f_energy(char *b, size_t n)  { snprintf(b, n, "%lu.%luWh", (unsigned long)(sys_stats.en
 794              		.loc 1 576 44 is_stmt 1 view .LVU136
 795 0002 034B     		ldr	r3, .L58
 796 0004 B3F90E30 		ldrsh	r3, [r3, #14]
 797 0008 024A     		ldr	r2, .L58+4
 798 000a FFF7FEFF 		bl	snprintf
 799              	.LVL58:
 576:Core/Src/ui/screens.c **** static void f_energy(char *b, size_t n)  { snprintf(b, n, "%lu.%luWh", (unsigned long)(sys_stats.en
 800              		.loc 1 576 102 is_stmt 0 view .LVU137
 801 000e 08BD     		pop	{r3, pc}
 802              	.L59:
 803              		.align	2
 804              	.L58:
 805 0010 00000000 		.word	sys_stats
 806 0014 00000000 		.word	.LC12
 807              		.cfi_endproc
 808              	.LFE252:
 810              		.section	.text.f_maxout,"ax",%progbits
 811              		.align	1
 812              		.syntax unified
 813              		.thumb
ARM GAS  /tmp/cczpKMPG.s 			page 30


 814              		.thumb_func
 816              	f_maxout:
 817              	.LVL59:
 818              	.LFB251:
 575:Core/Src/ui/screens.c **** static void f_maxin(char *b, size_t n)   { snprintf(b, n, "%d mA",     sys_stats.max_current_in_mA)
 819              		.loc 1 575 42 is_stmt 1 view -0
 820              		.cfi_startproc
 821              		@ args = 0, pretend = 0, frame = 0
 822              		@ frame_needed = 0, uses_anonymous_args = 0
 575:Core/Src/ui/screens.c **** static void f_maxin(char *b, size_t n)   { snprintf(b, n, "%d mA",     sys_stats.max_current_in_mA)
 823              		.loc 1 575 42 is_stmt 0 view .LVU139
 824 0000 08B5     		push	{r3, lr}
 825              	.LCFI18:
 826              		.cfi_def_cfa_offset 8
 827              		.cfi_offset 3, -8
 828              		.cfi_offset 14, -4
 575:Core/Src/ui/screens.c **** static void f_maxin(char *b, size_t n)   { snprintf(b, n, "%d mA",     sys_stats.max_current_in_mA)
 829              		.loc 1 575 44 is_stmt 1 view .LVU140
 830 0002 034B     		ldr	r3, .L62
 831 0004 B3F90C30 		ldrsh	r3, [r3, #12]
 832 0008 024A     		ldr	r2, .L62+4
 833 000a FFF7FEFF 		bl	snprintf
 834              	.LVL60:
 575:Core/Src/ui/screens.c **** static void f_maxin(char *b, size_t n)   { snprintf(b, n, "%d mA",     sys_stats.max_current_in_mA)
 835              		.loc 1 575 103 is_stmt 0 view .LVU141
 836 000e 08BD     		pop	{r3, pc}
 837              	.L63:
 838              		.align	2
 839              	.L62:
 840 0010 00000000 		.word	sys_stats
 841 0014 00000000 		.word	.LC12
 842              		.cfi_endproc
 843              	.LFE251:
 845              		.section	.rodata.f_sess.str1.4,"aMS",%progbits,1
 846              		.align	2
 847              	.LC13:
 848 0000 257500   		.ascii	"%u\000"
 849              		.section	.text.f_sess,"ax",%progbits
 850              		.align	1
 851              		.syntax unified
 852              		.thumb
 853              		.thumb_func
 855              	f_sess:
 856              	.LVL61:
 857              	.LFB249:
 573:Core/Src/ui/screens.c **** static void f_maxt(char *b, size_t n)    { snprintf(b, n, "%d C",      sys_stats.max_temp_c); }
 858              		.loc 1 573 42 is_stmt 1 view -0
 859              		.cfi_startproc
 860              		@ args = 0, pretend = 0, frame = 0
 861              		@ frame_needed = 0, uses_anonymous_args = 0
 573:Core/Src/ui/screens.c **** static void f_maxt(char *b, size_t n)    { snprintf(b, n, "%d C",      sys_stats.max_temp_c); }
 862              		.loc 1 573 42 is_stmt 0 view .LVU143
 863 0000 08B5     		push	{r3, lr}
 864              	.LCFI19:
 865              		.cfi_def_cfa_offset 8
 866              		.cfi_offset 3, -8
 867              		.cfi_offset 14, -4
ARM GAS  /tmp/cczpKMPG.s 			page 31


 573:Core/Src/ui/screens.c **** static void f_maxt(char *b, size_t n)    { snprintf(b, n, "%d C",      sys_stats.max_temp_c); }
 868              		.loc 1 573 44 is_stmt 1 view .LVU144
 869 0002 034B     		ldr	r3, .L66
 870 0004 1B89     		ldrh	r3, [r3, #8]
 871 0006 034A     		ldr	r2, .L66+4
 872 0008 FFF7FEFF 		bl	snprintf
 873              	.LVL62:
 573:Core/Src/ui/screens.c **** static void f_maxt(char *b, size_t n)    { snprintf(b, n, "%d C",      sys_stats.max_temp_c); }
 874              		.loc 1 573 100 is_stmt 0 view .LVU145
 875 000c 08BD     		pop	{r3, pc}
 876              	.L67:
 877 000e 00BF     		.align	2
 878              	.L66:
 879 0010 00000000 		.word	sys_stats
 880 0014 00000000 		.word	.LC13
 881              		.cfi_endproc
 882              	.LFE249:
 884              		.section	.rodata.f_cap.str1.4,"aMS",%progbits,1
 885              		.align	2
 886              	.LC14:
 887 0000 25752F25 		.ascii	"%u/%umAh\000"
 887      756D4168 
 887      00
 888              		.section	.text.f_cap,"ax",%progbits
 889              		.align	1
 890              		.syntax unified
 891              		.thumb
 892              		.thumb_func
 894              	f_cap:
 895              	.LVL63:
 896              	.LFB248:
 572:Core/Src/ui/screens.c **** static void f_sess(char *b, size_t n)    { snprintf(b, n, "%u",        sys_stats.charge_sessions); 
 897              		.loc 1 572 42 is_stmt 1 view -0
 898              		.cfi_startproc
 899              		@ args = 0, pretend = 0, frame = 0
 900              		@ frame_needed = 0, uses_anonymous_args = 0
 572:Core/Src/ui/screens.c **** static void f_sess(char *b, size_t n)    { snprintf(b, n, "%u",        sys_stats.charge_sessions); 
 901              		.loc 1 572 42 is_stmt 0 view .LVU147
 902 0000 00B5     		push	{lr}
 903              	.LCFI20:
 904              		.cfi_def_cfa_offset 4
 905              		.cfi_offset 14, -4
 906 0002 83B0     		sub	sp, sp, #12
 907              	.LCFI21:
 908              		.cfi_def_cfa_offset 16
 572:Core/Src/ui/screens.c **** static void f_sess(char *b, size_t n)    { snprintf(b, n, "%u",        sys_stats.charge_sessions); 
 909              		.loc 1 572 44 is_stmt 1 view .LVU148
 572:Core/Src/ui/screens.c **** static void f_sess(char *b, size_t n)    { snprintf(b, n, "%u",        sys_stats.charge_sessions); 
 910              		.loc 1 572 81 is_stmt 0 view .LVU149
 911 0004 044B     		ldr	r3, .L70
 572:Core/Src/ui/screens.c **** static void f_sess(char *b, size_t n)    { snprintf(b, n, "%u",        sys_stats.charge_sessions); 
 912              		.loc 1 572 105 view .LVU150
 913 0006 DA88     		ldrh	r2, [r3, #6]
 572:Core/Src/ui/screens.c **** static void f_sess(char *b, size_t n)    { snprintf(b, n, "%u",        sys_stats.charge_sessions); 
 914              		.loc 1 572 44 view .LVU151
 915 0008 0092     		str	r2, [sp]
 916 000a 9B88     		ldrh	r3, [r3, #4]
ARM GAS  /tmp/cczpKMPG.s 			page 32


 917 000c 034A     		ldr	r2, .L70+4
 918 000e FFF7FEFF 		bl	snprintf
 919              	.LVL64:
 572:Core/Src/ui/screens.c **** static void f_sess(char *b, size_t n)    { snprintf(b, n, "%u",        sys_stats.charge_sessions); 
 920              		.loc 1 572 123 view .LVU152
 921 0012 03B0     		add	sp, sp, #12
 922              	.LCFI22:
 923              		.cfi_def_cfa_offset 4
 924              		@ sp needed
 925 0014 00BD     		pop	{pc}
 926              	.L71:
 927 0016 00BF     		.align	2
 928              	.L70:
 929 0018 00000000 		.word	sys_stats
 930 001c 00000000 		.word	.LC14
 931              		.cfi_endproc
 932              	.LFE248:
 934              		.section	.rodata.f_soh.str1.4,"aMS",%progbits,1
 935              		.align	2
 936              	.LC15:
 937 0000 25752525 		.ascii	"%u%%\000"
 937      00
 938              		.section	.text.f_soh,"ax",%progbits
 939              		.align	1
 940              		.syntax unified
 941              		.thumb
 942              		.thumb_func
 944              	f_soh:
 945              	.LVL65:
 946              	.LFB247:
 571:Core/Src/ui/screens.c **** static void f_cap(char *b, size_t n)     { snprintf(b, n, "%u/%umAh",  sys_stats.full_cap_mAh, sys_
 947              		.loc 1 571 42 is_stmt 1 view -0
 948              		.cfi_startproc
 949              		@ args = 0, pretend = 0, frame = 0
 950              		@ frame_needed = 0, uses_anonymous_args = 0
 571:Core/Src/ui/screens.c **** static void f_cap(char *b, size_t n)     { snprintf(b, n, "%u/%umAh",  sys_stats.full_cap_mAh, sys_
 951              		.loc 1 571 42 is_stmt 0 view .LVU154
 952 0000 08B5     		push	{r3, lr}
 953              	.LCFI23:
 954              		.cfi_def_cfa_offset 8
 955              		.cfi_offset 3, -8
 956              		.cfi_offset 14, -4
 571:Core/Src/ui/screens.c **** static void f_cap(char *b, size_t n)     { snprintf(b, n, "%u/%umAh",  sys_stats.full_cap_mAh, sys_
 957              		.loc 1 571 44 is_stmt 1 view .LVU155
 958 0002 034B     		ldr	r3, .L74
 959 0004 9B78     		ldrb	r3, [r3, #2]	@ zero_extendqisi2
 960 0006 034A     		ldr	r2, .L74+4
 961 0008 FFF7FEFF 		bl	snprintf
 962              	.LVL66:
 571:Core/Src/ui/screens.c **** static void f_cap(char *b, size_t n)     { snprintf(b, n, "%u/%umAh",  sys_stats.full_cap_mAh, sys_
 963              		.loc 1 571 100 is_stmt 0 view .LVU156
 964 000c 08BD     		pop	{r3, pc}
 965              	.L75:
 966 000e 00BF     		.align	2
 967              	.L74:
 968 0010 00000000 		.word	sys_stats
 969 0014 00000000 		.word	.LC15
ARM GAS  /tmp/cczpKMPG.s 			page 33


 970              		.cfi_endproc
 971              	.LFE247:
 973              		.section	.text.f_cycles,"ax",%progbits
 974              		.align	1
 975              		.syntax unified
 976              		.thumb
 977              		.thumb_func
 979              	f_cycles:
 980              	.LVL67:
 981              	.LFB246:
 570:Core/Src/ui/screens.c **** static void f_soh(char *b, size_t n)     { snprintf(b, n, "%u%%",      sys_stats.state_of_health); 
 982              		.loc 1 570 42 is_stmt 1 view -0
 983              		.cfi_startproc
 984              		@ args = 0, pretend = 0, frame = 0
 985              		@ frame_needed = 0, uses_anonymous_args = 0
 570:Core/Src/ui/screens.c **** static void f_soh(char *b, size_t n)     { snprintf(b, n, "%u%%",      sys_stats.state_of_health); 
 986              		.loc 1 570 42 is_stmt 0 view .LVU158
 987 0000 08B5     		push	{r3, lr}
 988              	.LCFI24:
 989              		.cfi_def_cfa_offset 8
 990              		.cfi_offset 3, -8
 991              		.cfi_offset 14, -4
 570:Core/Src/ui/screens.c **** static void f_soh(char *b, size_t n)     { snprintf(b, n, "%u%%",      sys_stats.state_of_health); 
 992              		.loc 1 570 44 is_stmt 1 view .LVU159
 993 0002 034B     		ldr	r3, .L78
 994 0004 1B88     		ldrh	r3, [r3]
 995 0006 034A     		ldr	r2, .L78+4
 996 0008 FFF7FEFF 		bl	snprintf
 997              	.LVL68:
 570:Core/Src/ui/screens.c **** static void f_soh(char *b, size_t n)     { snprintf(b, n, "%u%%",      sys_stats.state_of_health); 
 998              		.loc 1 570 96 is_stmt 0 view .LVU160
 999 000c 08BD     		pop	{r3, pc}
 1000              	.L79:
 1001 000e 00BF     		.align	2
 1002              	.L78:
 1003 0010 00000000 		.word	sys_stats
 1004 0014 00000000 		.word	.LC13
 1005              		.cfi_endproc
 1006              	.LFE246:
 1008              		.section	.rodata.out_fmt_volt.str1.4,"aMS",%progbits,1
 1009              		.align	2
 1010              	.LC16:
 1011 0000 2532752E 		.ascii	"%2u.%uV\000"
 1011      25755600 
 1012              		.section	.text.out_fmt_volt,"ax",%progbits
 1013              		.align	1
 1014              		.syntax unified
 1015              		.thumb
 1016              		.thumb_func
 1018              	out_fmt_volt:
 1019              	.LVL69:
 1020              	.LFB285:
 753:Core/Src/ui/screens.c **** static void t_reset(void)
 754:Core/Src/ui/screens.c **** {
 755:Core/Src/ui/screens.c ****     Telemetry_ForcePoll();
 756:Core/Src/ui/screens.c **** }
 757:Core/Src/ui/screens.c **** 
ARM GAS  /tmp/cczpKMPG.s 			page 34


 758:Core/Src/ui/screens.c **** static const TestRow_t _test_rows[] = {
 759:Core/Src/ui/screens.c ****     { "Low voltage",    t_lowv  },
 760:Core/Src/ui/screens.c ****     { "Critical low V", t_vcrit },
 761:Core/Src/ui/screens.c ****     { "Low temp",       t_lowt  },
 762:Core/Src/ui/screens.c ****     { "High temp",      t_hight },
 763:Core/Src/ui/screens.c ****     { "Overcurrent",    t_overc },
 764:Core/Src/ui/screens.c ****     { "Reset data",     t_reset },
 765:Core/Src/ui/screens.c ****     { "< Back",         0       },
 766:Core/Src/ui/screens.c **** };
 767:Core/Src/ui/screens.c **** #define TEST_NUM_ROWS (sizeof(_test_rows) / sizeof(_test_rows[0]))
 768:Core/Src/ui/screens.c **** 
 769:Core/Src/ui/screens.c **** static void test_draw_rows(void)
 770:Core/Src/ui/screens.c **** {
 771:Core/Src/ui/screens.c ****     for (uint8_t i = 0; i < TEST_NUM_ROWS; i++)
 772:Core/Src/ui/screens.c ****         Widget_MenuRow_Draw(10, SET_LIST_START + i * 34, 220, 30,
 773:Core/Src/ui/screens.c ****                             _test_rows[i].name, (i == _test_row));
 774:Core/Src/ui/screens.c **** 
 775:Core/Src/ui/screens.c ****     ILI9341_FillRect(0, FOOTER_Y, ILI9341_WIDTH, FOOTER_H, COLOR_HEADER);
 776:Core/Src/ui/screens.c ****     GFX_DrawString(10, FOOTER_Y + 11, "PRESS=apply scenario",
 777:Core/Src/ui/screens.c ****                    &GFX_FontSmall, COLOR_GRAY, COLOR_HEADER);
 778:Core/Src/ui/screens.c **** }
 779:Core/Src/ui/screens.c **** 
 780:Core/Src/ui/screens.c **** void Screen_Test_Open(void) { _test_row = 0; }
 781:Core/Src/ui/screens.c **** 
 782:Core/Src/ui/screens.c **** void Screen_Test_Draw(void)
 783:Core/Src/ui/screens.c **** {
 784:Core/Src/ui/screens.c ****     ILI9341_FillScreen(COLOR_BG);
 785:Core/Src/ui/screens.c ****     draw_header("TEST MODES");
 786:Core/Src/ui/screens.c ****     test_draw_rows();
 787:Core/Src/ui/screens.c **** }
 788:Core/Src/ui/screens.c **** 
 789:Core/Src/ui/screens.c **** void Screen_Test_OnRotate(int8_t d)
 790:Core/Src/ui/screens.c **** {
 791:Core/Src/ui/screens.c ****     _test_row = (uint8_t)((_test_row + (d > 0 ? 1 : TEST_NUM_ROWS - 1))
 792:Core/Src/ui/screens.c ****                           % TEST_NUM_ROWS);
 793:Core/Src/ui/screens.c ****     test_draw_rows();
 794:Core/Src/ui/screens.c **** }
 795:Core/Src/ui/screens.c **** 
 796:Core/Src/ui/screens.c **** void Screen_Test_OnPress(void)
 797:Core/Src/ui/screens.c **** {
 798:Core/Src/ui/screens.c ****     if (_test_rows[_test_row].apply == 0) {      /* Back */
 799:Core/Src/ui/screens.c ****         UI_NavigateTo(UI_SCREEN_SETTINGS);
 800:Core/Src/ui/screens.c ****         return;
 801:Core/Src/ui/screens.c ****     }
 802:Core/Src/ui/screens.c ****     _test_rows[_test_row].apply();
 803:Core/Src/ui/screens.c ****     /* feedback: row flash so user know it happened */
 804:Core/Src/ui/screens.c ****     Widget_Button_Draw(10, SET_LIST_START + _test_row * 34, 220, 30,
 805:Core/Src/ui/screens.c ****                        "APPLIED", 1);
 806:Core/Src/ui/screens.c **** }
 807:Core/Src/ui/screens.c **** 
 808:Core/Src/ui/screens.c **** /* =========================================================
 809:Core/Src/ui/screens.c ****  * SCREEN: CONFIRM — are-you-sure gate for big actions
 810:Core/Src/ui/screens.c ****  * ========================================================= */
 811:Core/Src/ui/screens.c **** 
 812:Core/Src/ui/screens.c **** static ConfirmAction_t _confirm_action = CONFIRM_LOCKALL;
 813:Core/Src/ui/screens.c **** static uint8_t         _confirm_sel    = 1;   /* 0=OK 1=Cancel (default sicuro) */
 814:Core/Src/ui/screens.c **** 
ARM GAS  /tmp/cczpKMPG.s 			page 35


 815:Core/Src/ui/screens.c **** static const char *_confirm_title[] = {
 816:Core/Src/ui/screens.c ****     [CONFIRM_LOCKALL]    = "LOCK ALL PORTS?",
 817:Core/Src/ui/screens.c ****     [CONFIRM_LIGHTSLEEP] = "LIGHT SLEEP?",
 818:Core/Src/ui/screens.c **** };
 819:Core/Src/ui/screens.c **** void Screen_Confirm_Open(ConfirmAction_t action)
 820:Core/Src/ui/screens.c **** {
 821:Core/Src/ui/screens.c ****     _confirm_action = action;
 822:Core/Src/ui/screens.c ****     _confirm_sel    = 1;
 823:Core/Src/ui/screens.c **** }
 824:Core/Src/ui/screens.c **** 
 825:Core/Src/ui/screens.c **** ConfirmAction_t Screen_Confirm_GetAction(void) { return _confirm_action; }
 826:Core/Src/ui/screens.c **** 
 827:Core/Src/ui/screens.c **** static void confirm_draw_buttons(void)
 828:Core/Src/ui/screens.c **** {
 829:Core/Src/ui/screens.c ****     Widget_Button_Draw(25, 200, 90, 34, "OK",     (_confirm_sel == 0));
 830:Core/Src/ui/screens.c ****     Widget_Button_Draw(125, 200, 90, 34, "Cancel", (_confirm_sel == 1));
 831:Core/Src/ui/screens.c **** }
 832:Core/Src/ui/screens.c **** 
 833:Core/Src/ui/screens.c **** void Screen_Confirm_Draw(void)
 834:Core/Src/ui/screens.c **** {
 835:Core/Src/ui/screens.c ****     ILI9341_FillScreen(COLOR_BG);
 836:Core/Src/ui/screens.c **** 
 837:Core/Src/ui/screens.c ****     const char *t = _confirm_title[_confirm_action];
 838:Core/Src/ui/screens.c ****     GFX_DrawStringScaled((uint16_t)((240 - strlen(t) * 14) / 2), 90, t,
 839:Core/Src/ui/screens.c ****                          &GFX_FontSmall, 2, COLOR_ACCENT, COLOR_BG);
 840:Core/Src/ui/screens.c **** 
 841:Core/Src/ui/screens.c ****     if (_confirm_action == CONFIRM_LOCKALL)
 842:Core/Src/ui/screens.c ****         GFX_DrawString(30, 140, "All outputs except USB-C1",
 843:Core/Src/ui/screens.c ****                        &GFX_FontSmall, COLOR_WHITE, COLOR_BG),
 844:Core/Src/ui/screens.c ****         GFX_DrawString(75, 152, "will be closed.",
 845:Core/Src/ui/screens.c ****                        &GFX_FontSmall, COLOR_WHITE, COLOR_BG);
 846:Core/Src/ui/screens.c ****     else
 847:Core/Src/ui/screens.c ****         GFX_DrawString(27, 140, "Ports locked and screen off",
 848:Core/Src/ui/screens.c ****                        &GFX_FontSmall, COLOR_WHITE, COLOR_BG),
 849:Core/Src/ui/screens.c ****         GFX_DrawString(48, 152, "until encoder press.",
 850:Core/Src/ui/screens.c ****                        &GFX_FontSmall, COLOR_WHITE, COLOR_BG);
 851:Core/Src/ui/screens.c **** 
 852:Core/Src/ui/screens.c ****     confirm_draw_buttons();
 853:Core/Src/ui/screens.c **** }
 854:Core/Src/ui/screens.c **** 
 855:Core/Src/ui/screens.c **** void Screen_Confirm_OnRotate(int8_t d)
 856:Core/Src/ui/screens.c **** {
 857:Core/Src/ui/screens.c ****     (void)d;
 858:Core/Src/ui/screens.c ****     _confirm_sel ^= 1;
 859:Core/Src/ui/screens.c ****     confirm_draw_buttons();
 860:Core/Src/ui/screens.c **** }
 861:Core/Src/ui/screens.c **** 
 862:Core/Src/ui/screens.c **** uint8_t Screen_Confirm_OnPress(void)
 863:Core/Src/ui/screens.c **** {
 864:Core/Src/ui/screens.c ****     return (_confirm_sel == 0) ? 1 : 2;
 865:Core/Src/ui/screens.c **** }
 866:Core/Src/ui/screens.c **** 
 867:Core/Src/ui/screens.c **** /* =========================================================
 868:Core/Src/ui/screens.c ****  * SCREEN: WARNING — something wrong, tell user once per boot
 869:Core/Src/ui/screens.c ****  * OK to acknowledge. critical voltage also force light sleep.
 870:Core/Src/ui/screens.c ****  * ========================================================= */
 871:Core/Src/ui/screens.c **** 
ARM GAS  /tmp/cczpKMPG.s 			page 36


 872:Core/Src/ui/screens.c **** static WarnType_t _warn_type = WARN_TEMP;
 873:Core/Src/ui/screens.c **** 
 874:Core/Src/ui/screens.c **** void Screen_Warning_Open(WarnType_t type) { _warn_type = type; }
 875:Core/Src/ui/screens.c **** 
 876:Core/Src/ui/screens.c **** typedef struct {
 877:Core/Src/ui/screens.c ****     const char *title;
 878:Core/Src/ui/screens.c ****     const char *line[3];
 879:Core/Src/ui/screens.c **** } WarnText_t;
 880:Core/Src/ui/screens.c **** 
 881:Core/Src/ui/screens.c **** static const WarnText_t _warn_text[WARN_COUNT] = {
 882:Core/Src/ui/screens.c ****     [WARN_TEMP]  = { "TEMP WARNING",
 883:Core/Src/ui/screens.c ****         { "Battery outside its comfort", "range: performance and",
 884:Core/Src/ui/screens.c ****           "capacity may be reduced." } },
 885:Core/Src/ui/screens.c ****     [WARN_VLOW]  = { "LOW VOLTAGE",
 886:Core/Src/ui/screens.c ****         { "Battery voltage is low:", "recharge soon.", "" } },
 887:Core/Src/ui/screens.c ****     [WARN_VCRIT] = { "CRITICAL BATTERY",
 888:Core/Src/ui/screens.c ****         { "Critically low battery.", "Going into light sleep",
 889:Core/Src/ui/screens.c ****           "to avoid cell damage." } },
 890:Core/Src/ui/screens.c **** };
 891:Core/Src/ui/screens.c **** 
 892:Core/Src/ui/screens.c **** void Screen_Warning_Draw(void)
 893:Core/Src/ui/screens.c **** {
 894:Core/Src/ui/screens.c ****     char buf[24];
 895:Core/Src/ui/screens.c ****     const WarnText_t *w = &_warn_text[_warn_type];
 896:Core/Src/ui/screens.c ****     uint16_t wc = (_warn_type == WARN_VCRIT) ? COLOR_DANGER : COLOR_ORANGE;
 897:Core/Src/ui/screens.c **** 
 898:Core/Src/ui/screens.c ****     ILI9341_FillScreen(COLOR_BG);
 899:Core/Src/ui/screens.c **** 
 900:Core/Src/ui/screens.c ****     /* warning triangle, thick border (3 passes), big "!" inside */
 901:Core/Src/ui/screens.c ****     for (uint8_t t = 0; t < 3; t++) {
 902:Core/Src/ui/screens.c ****         GFX_DrawLine(120, 52 + t, 68 + t, 148 - t, wc);
 903:Core/Src/ui/screens.c ****         GFX_DrawLine(120, 52 + t, 172 - t, 148 - t, wc);
 904:Core/Src/ui/screens.c ****         GFX_DrawLine(70, 146 + t, 170, 146 + t, wc);
 905:Core/Src/ui/screens.c ****     }
 906:Core/Src/ui/screens.c ****     GFX_DrawStringScaled(109, 90, "!", &GFX_FontSmall, 5, wc, COLOR_BG);
 907:Core/Src/ui/screens.c **** 
 908:Core/Src/ui/screens.c ****     /* centred title: x = (240 - strlen*14) / 2 (scale 2 glyph = 14 px) */
 909:Core/Src/ui/screens.c ****     GFX_DrawStringScaled((uint16_t)((240 - strlen(w->title) * 14) / 2), 168,
 910:Core/Src/ui/screens.c ****                          w->title, &GFX_FontSmall, 2, wc, COLOR_BG);
 911:Core/Src/ui/screens.c **** 
 912:Core/Src/ui/screens.c ****     /* centred lines: x = (240 - strlen*6) / 2 */
 913:Core/Src/ui/screens.c ****     for (uint8_t i = 0; i < 3; i++)
 914:Core/Src/ui/screens.c ****         if (w->line[i][0])
 915:Core/Src/ui/screens.c ****             GFX_DrawString((uint16_t)((240 - strlen(w->line[i]) * 6) / 2),
 916:Core/Src/ui/screens.c ****                            200 + i * 12, w->line[i],
 917:Core/Src/ui/screens.c ****                            &GFX_FontSmall, COLOR_WHITE, COLOR_BG);
 918:Core/Src/ui/screens.c **** 
 919:Core/Src/ui/screens.c ****     /* the number that matters */
 920:Core/Src/ui/screens.c ****     if (_warn_type == WARN_TEMP) {
 921:Core/Src/ui/screens.c ****         snprintf(buf, sizeof(buf), "%d C", telemetry.temp_celsius);
 922:Core/Src/ui/screens.c ****         GFX_DrawStringScaled(96, 240, buf, &GFX_FontSmall, 2,
 923:Core/Src/ui/screens.c ****                              temp_color_pub(telemetry.temp_celsius), COLOR_BG);
 924:Core/Src/ui/screens.c ****     } else {
 925:Core/Src/ui/screens.c ****         snprintf(buf, sizeof(buf), "%u.%02u V", telemetry.voltage_mV / 1000,
 926:Core/Src/ui/screens.c ****                  (telemetry.voltage_mV % 1000) / 10);
 927:Core/Src/ui/screens.c ****         GFX_DrawStringScaled(85, 240, buf, &GFX_FontSmall, 2,
 928:Core/Src/ui/screens.c ****                              COLOR_DANGER, COLOR_BG);
ARM GAS  /tmp/cczpKMPG.s 			page 37


 929:Core/Src/ui/screens.c ****     }
 930:Core/Src/ui/screens.c **** 
 931:Core/Src/ui/screens.c ****     /* OK always selected: press = done */
 932:Core/Src/ui/screens.c ****     Widget_Button_Draw(80, 272, 80, 30, "OK", 1);
 933:Core/Src/ui/screens.c **** }
 934:Core/Src/ui/screens.c **** 
 935:Core/Src/ui/screens.c **** /* =========================================================
 936:Core/Src/ui/screens.c ****  * SCREEN: SLEEP — screen dark, encoder press wake it
 937:Core/Src/ui/screens.c ****  * ========================================================= */
 938:Core/Src/ui/screens.c **** 
 939:Core/Src/ui/screens.c **** void Screen_Sleep_Draw(void)
 940:Core/Src/ui/screens.c **** {
 941:Core/Src/ui/screens.c ****     /* on real board: send DISPOFF (0x28) + kill backlight PB8 here,
 942:Core/Src/ui/screens.c ****      * on wake DISPON (0x29) + backlight on. in sim: just black. */
 943:Core/Src/ui/screens.c ****     ILI9341_FillScreen(COLOR_BLACK);
 944:Core/Src/ui/screens.c **** }
 945:Core/Src/ui/screens.c **** 
 946:Core/Src/ui/screens.c **** /* =========================================================
 947:Core/Src/ui/screens.c ****  * SCREEN: SETTINGS
 948:Core/Src/ui/screens.c ****  * ========================================================= */
 949:Core/Src/ui/screens.c **** 
 950:Core/Src/ui/screens.c **** /**
 951:Core/Src/ui/screens.c ****  * @brief  Descriptor for one settings menu row.
 952:Core/Src/ui/screens.c ****  *
 953:Core/Src/ui/screens.c ****  * The `static` keyword means this array keeps its values between calls,
 954:Core/Src/ui/screens.c ****  * so the ON/OFF toggle state persists across screen transitions.
 955:Core/Src/ui/screens.c ****  */
 956:Core/Src/ui/screens.c **** typedef struct {
 957:Core/Src/ui/screens.c ****     const char   *name;       /**< Display name */
 958:Core/Src/ui/screens.c ****     GPIO_TypeDef *gpio_port;  /**< GPIO port controlling the output */
 959:Core/Src/ui/screens.c ****     uint16_t      gpio_pin;   /**< GPIO pin */
 960:Core/Src/ui/screens.c ****     uint8_t       state;      /**< Current state: 0 = OFF, 1 = ON */
 961:Core/Src/ui/screens.c **** } SettingsRow_t;
 962:Core/Src/ui/screens.c **** 
 963:Core/Src/ui/screens.c **** static SettingsRow_t _settings_rows[] = {
 964:Core/Src/ui/screens.c ****     { "USB-A 1",    USB_A1_CTRL_GPIO_Port,    USB_A1_CTRL_Pin,    0 },
 965:Core/Src/ui/screens.c ****     { "USB-A 2",    USB_A2_CTRL_GPIO_Port,    USB_A2_CTRL_Pin,    0 },
 966:Core/Src/ui/screens.c ****     { "Lab output", C2_LAB_EN_GPIO_Port,    C2_LAB_EN_Pin,    0 },
 967:Core/Src/ui/screens.c ****     { "USB-C 2",    C2_PORT_EN_GPIO_Port, C2_PORT_EN_Pin, 0 },
 968:Core/Src/ui/screens.c **** };
 969:Core/Src/ui/screens.c **** 
 970:Core/Src/ui/screens.c **** /* =========================================================
 971:Core/Src/ui/screens.c ****  * OUTPUT CHANNEL PAGE (Lab / USB-C2)
 972:Core/Src/ui/screens.c ****  *
 973:Core/Src/ui/screens.c ****  * one programmable buck (STPD01) feed both loads through two
 974:Core/Src/ui/screens.c ****  * FET switches -> channels never both on.
 975:Core/Src/ui/screens.c ****  *   - Lab:     set output voltage direct (STPD01 VOUT, 3-20 V)
 976:Core/Src/ui/screens.c ****  *   - USB-C2:  ceiling on PD voltage bargain (PDO mask)
 977:Core/Src/ui/screens.c ****  * ========================================================= */
 978:Core/Src/ui/screens.c **** 
 979:Core/Src/ui/screens.c **** typedef struct {
 980:Core/Src/ui/screens.c ****     const char   *title;
 981:Core/Src/ui/screens.c ****     const char   *volt_label;   /* "Voltage" vs "Max PD volt" */
 982:Core/Src/ui/screens.c ****     GPIO_TypeDef *gpio_port;    /* enable FET switch */
 983:Core/Src/ui/screens.c ****     uint16_t      gpio_pin;
 984:Core/Src/ui/screens.c ****     uint8_t       enabled;
 985:Core/Src/ui/screens.c ****     uint16_t      voltage_mv;
ARM GAS  /tmp/cczpKMPG.s 			page 38


 986:Core/Src/ui/screens.c ****     uint16_t      ilim_ma;      /* current limit, STPD01 reg ILIM 0x01 */
 987:Core/Src/ui/screens.c ****     uint8_t       pdo_idx;      /* only used by C2 */
 988:Core/Src/ui/screens.c **** } OutputChannel_t;
 989:Core/Src/ui/screens.c **** 
 990:Core/Src/ui/screens.c **** #define ILIM_MIN_MA   100
 991:Core/Src/ui/screens.c **** #define ILIM_MAX_MA  3000
 992:Core/Src/ui/screens.c **** #define ILIM_STEP_MA  100
 993:Core/Src/ui/screens.c **** 
 994:Core/Src/ui/screens.c **** #define SETTINGS_ROW_H      50
 995:Core/Src/ui/screens.c **** #define SETTINGS_ROW_START  (CONTENT_Y + 10)
 996:Core/Src/ui/screens.c **** 
 997:Core/Src/ui/screens.c **** static const uint16_t _c2_pdo_mv[] = { 5000, 9000, 12000, 15000, 20000 };
 998:Core/Src/ui/screens.c **** #define C2_PDO_COUNT  (sizeof(_c2_pdo_mv) / sizeof(_c2_pdo_mv[0]))
 999:Core/Src/ui/screens.c **** #define LAB_V_MIN   3000
1000:Core/Src/ui/screens.c **** #define LAB_V_MAX  20000
1001:Core/Src/ui/screens.c **** #define LAB_V_STEP   100
1002:Core/Src/ui/screens.c **** 
1003:Core/Src/ui/screens.c **** static OutputChannel_t _out_ch[2] = {
1004:Core/Src/ui/screens.c ****     { "LAB OUTPUT", "Voltage",     C2_LAB_EN_GPIO_Port,    C2_LAB_EN_Pin,    0, 5000,  3000, 0 },
1005:Core/Src/ui/screens.c ****     { "USB-C 2",    "Max PD volt", C2_PORT_EN_GPIO_Port, C2_PORT_EN_Pin, 0, 20000, 3000, C2_PDO_COU
1006:Core/Src/ui/screens.c **** };
1007:Core/Src/ui/screens.c **** 
1008:Core/Src/ui/screens.c **** static uint8_t _out_cur  = 0;   /* which channel the page is showing */
1009:Core/Src/ui/screens.c **** static uint8_t _out_row  = 0;   /* 0=ENABLE 1=VOLTAGE 2=CURRENT LIM 3=BACK */
1010:Core/Src/ui/screens.c **** static uint8_t _out_edit = 0;   /* 1 = encoder edits the selected value */
1011:Core/Src/ui/screens.c **** #define OUT_ROWS 4
1012:Core/Src/ui/screens.c **** 
1013:Core/Src/ui/screens.c **** static void out_apply_enable(uint8_t ch)
1014:Core/Src/ui/screens.c **** {
1015:Core/Src/ui/screens.c ****     /* interlock: two loads share one STPD01 rail, never both on */
1016:Core/Src/ui/screens.c ****     if (_out_ch[ch].enabled) {
1017:Core/Src/ui/screens.c ****         _out_ch[!ch].enabled = 0;
1018:Core/Src/ui/screens.c ****         HAL_GPIO_WritePin(_out_ch[!ch].gpio_port, _out_ch[!ch].gpio_pin, GPIO_PIN_RESET);
1019:Core/Src/ui/screens.c ****     }
1020:Core/Src/ui/screens.c ****     HAL_GPIO_WritePin(_out_ch[ch].gpio_port, _out_ch[ch].gpio_pin,
1021:Core/Src/ui/screens.c ****                       _out_ch[ch].enabled ? GPIO_PIN_SET : GPIO_PIN_RESET);
1022:Core/Src/ui/screens.c ****     /* TODO hardware: call charge-management module here
1023:Core/Src/ui/screens.c ****      * (talk PD via STPD01 / STUSB4710), not naked GPIO poke. */
1024:Core/Src/ui/screens.c **** }
1025:Core/Src/ui/screens.c **** 
1026:Core/Src/ui/screens.c **** static void out_fmt_volt(char *buf, size_t n, uint16_t mv)
1027:Core/Src/ui/screens.c **** {
 1021              		.loc 1 1027 1 is_stmt 1 view -0
 1022              		.cfi_startproc
 1023              		@ args = 0, pretend = 0, frame = 0
 1024              		@ frame_needed = 0, uses_anonymous_args = 0
 1025              		.loc 1 1027 1 is_stmt 0 view .LVU162
 1026 0000 00B5     		push	{lr}
 1027              	.LCFI25:
 1028              		.cfi_def_cfa_offset 4
 1029              		.cfi_offset 14, -4
 1030 0002 83B0     		sub	sp, sp, #12
 1031              	.LCFI26:
 1032              		.cfi_def_cfa_offset 16
1028:Core/Src/ui/screens.c ****     snprintf(buf, n, "%2u.%uV", mv / 1000, (mv % 1000) / 100);
 1033              		.loc 1 1028 5 is_stmt 1 view .LVU163
 1034 0004 0A4B     		ldr	r3, .L82
ARM GAS  /tmp/cczpKMPG.s 			page 39


 1035 0006 A3FB02C3 		umull	ip, r3, r3, r2
 1036 000a 4FEA931C 		lsr	ip, r3, #6
 1037 000e 4FF47A7E 		mov	lr, #1000
 1038 0012 0EFB1C22 		mls	r2, lr, ip, r2
 1039              	.LVL70:
 1040              		.loc 1 1028 5 is_stmt 0 view .LVU164
 1041 0016 92B2     		uxth	r2, r2
 1042 0018 DFF81CC0 		ldr	ip, .L82+8
 1043 001c ACFB02C2 		umull	ip, r2, ip, r2
 1044 0020 5209     		lsrs	r2, r2, #5
 1045 0022 0092     		str	r2, [sp]
 1046 0024 9B09     		lsrs	r3, r3, #6
 1047 0026 034A     		ldr	r2, .L82+4
 1048 0028 FFF7FEFF 		bl	snprintf
 1049              	.LVL71:
1029:Core/Src/ui/screens.c **** }
 1050              		.loc 1 1029 1 view .LVU165
 1051 002c 03B0     		add	sp, sp, #12
 1052              	.LCFI27:
 1053              		.cfi_def_cfa_offset 4
 1054              		@ sp needed
 1055 002e 00BD     		pop	{pc}
 1056              	.L83:
 1057              		.align	2
 1058              	.L82:
 1059 0030 D34D6210 		.word	274877907
 1060 0034 00000000 		.word	.LC16
 1061 0038 1F85EB51 		.word	1374389535
 1062              		.cfi_endproc
 1063              	.LFE285:
 1065              		.section	.text.ports_graph,"ax",%progbits
 1066              		.align	1
 1067              		.syntax unified
 1068              		.thumb
 1069              		.thumb_func
 1071              	ports_graph:
 1072              	.LFB242:
 496:Core/Src/ui/screens.c ****     /* Clear + frame once, then overlay one trace per active port. */
 1073              		.loc 1 496 1 is_stmt 1 view -0
 1074              		.cfi_startproc
 1075              		@ args = 0, pretend = 0, frame = 0
 1076              		@ frame_needed = 0, uses_anonymous_args = 0
 1077 0000 10B5     		push	{r4, lr}
 1078              	.LCFI28:
 1079              		.cfi_def_cfa_offset 8
 1080              		.cfi_offset 4, -8
 1081              		.cfi_offset 14, -4
 1082 0002 86B0     		sub	sp, sp, #24
 1083              	.LCFI29:
 1084              		.cfi_def_cfa_offset 32
 498:Core/Src/ui/screens.c ****                      PORTS_GRAPH_W, PORTS_GRAPH_H, COLOR_BG);
 1085              		.loc 1 498 5 view .LVU167
 1086 0004 40F64103 		movw	r3, #2113
 1087 0008 0093     		str	r3, [sp]
 1088 000a 8223     		movs	r3, #130
 1089 000c DC22     		movs	r2, #220
 1090 000e 2C21     		movs	r1, #44
ARM GAS  /tmp/cczpKMPG.s 			page 40


 1091 0010 0A20     		movs	r0, #10
 1092 0012 FFF7FEFF 		bl	ILI9341_FillRect
 1093              	.LVL72:
 500:Core/Src/ui/screens.c ****                  PORTS_GRAPH_W, PORTS_GRAPH_H, COLOR_GRAY);
 1094              		.loc 1 500 5 view .LVU168
 1095 0016 48F21043 		movw	r3, #33808
 1096 001a 0093     		str	r3, [sp]
 1097 001c 8223     		movs	r3, #130
 1098 001e DC22     		movs	r2, #220
 1099 0020 2C21     		movs	r1, #44
 1100 0022 0A20     		movs	r0, #10
 1101 0024 FFF7FEFF 		bl	GFX_DrawRect
 1102              	.LVL73:
 503:Core/Src/ui/screens.c ****     {
 1103              		.loc 1 503 5 view .LVU169
 1104              	.LBB6:
 503:Core/Src/ui/screens.c ****     {
 1105              		.loc 1 503 10 view .LVU170
 503:Core/Src/ui/screens.c ****     {
 1106              		.loc 1 503 18 is_stmt 0 view .LVU171
 1107 0028 0024     		movs	r4, #0
 503:Core/Src/ui/screens.c ****     {
 1108              		.loc 1 503 5 view .LVU172
 1109 002a 01E0     		b	.L85
 1110              	.LVL74:
 1111              	.L86:
 503:Core/Src/ui/screens.c ****     {
 1112              		.loc 1 503 33 is_stmt 1 discriminator 1 view .LVU173
 1113 002c 0134     		adds	r4, r4, #1
 1114              	.LVL75:
 503:Core/Src/ui/screens.c ****     {
 1115              		.loc 1 503 33 is_stmt 0 discriminator 1 view .LVU174
 1116 002e E4B2     		uxtb	r4, r4
 1117              	.LVL76:
 1118              	.L85:
 503:Core/Src/ui/screens.c ****     {
 1119              		.loc 1 503 27 is_stmt 1 discriminator 2 view .LVU175
 1120 0030 042C     		cmp	r4, #4
 1121 0032 28D8     		bhi	.L89
 505:Core/Src/ui/screens.c ****         Widget_LineGraph_Trace(PORTS_GRAPH_X + 1, PORTS_GRAPH_Y + 1,
 1122              		.loc 1 505 9 view .LVU176
 505:Core/Src/ui/screens.c ****         Widget_LineGraph_Trace(PORTS_GRAPH_X + 1, PORTS_GRAPH_Y + 1,
 1123              		.loc 1 505 27 is_stmt 0 view .LVU177
 1124 0034 C4EB8412 		rsb	r2, r4, r4, lsl #6
 1125 0038 144B     		ldr	r3, .L90
 1126 003a 03EB4203 		add	r3, r3, r2, lsl #1
 1127 003e 93F87D30 		ldrb	r3, [r3, #125]	@ zero_extendqisi2
 505:Core/Src/ui/screens.c ****         Widget_LineGraph_Trace(PORTS_GRAPH_X + 1, PORTS_GRAPH_Y + 1,
 1128              		.loc 1 505 12 view .LVU178
 1129 0042 002B     		cmp	r3, #0
 1130 0044 F2D0     		beq	.L86
 506:Core/Src/ui/screens.c ****                                PORTS_GRAPH_W - 2, PORTS_GRAPH_H - 2,
 1131              		.loc 1 506 9 is_stmt 1 view .LVU179
 508:Core/Src/ui/screens.c ****                                TELEMETRY_HISTORY_SIZE, port_stats[i].idx,
 1132              		.loc 1 508 45 is_stmt 0 view .LVU180
 1133 0046 1346     		mov	r3, r2
 1134 0048 104A     		ldr	r2, .L90
ARM GAS  /tmp/cczpKMPG.s 			page 41


 1135 004a 02EB4303 		add	r3, r2, r3, lsl #1
 1136 004e 0433     		adds	r3, r3, #4
 510:Core/Src/ui/screens.c ****     }
 1137              		.loc 1 510 61 view .LVU181
 1138 0050 0F49     		ldr	r1, .L90+4
 1139 0052 01EBC401 		add	r1, r1, r4, lsl #3
 1140 0056 8988     		ldrh	r1, [r1, #4]
 506:Core/Src/ui/screens.c ****                                PORTS_GRAPH_W - 2, PORTS_GRAPH_H - 2,
 1141              		.loc 1 506 9 view .LVU182
 1142 0058 0591     		str	r1, [sp, #20]
 1143 005a 40F6B831 		movw	r1, #3000
 1144 005e 0491     		str	r1, [sp, #16]
 1145 0060 0021     		movs	r1, #0
 1146 0062 0391     		str	r1, [sp, #12]
 1147 0064 C4EB8411 		rsb	r1, r4, r4, lsl #6
 1148 0068 02EB4102 		add	r2, r2, r1, lsl #1
 1149 006c 92F87C20 		ldrb	r2, [r2, #124]	@ zero_extendqisi2
 1150 0070 0292     		str	r2, [sp, #8]
 1151 0072 3C22     		movs	r2, #60
 1152 0074 0192     		str	r2, [sp, #4]
 1153 0076 0093     		str	r3, [sp]
 1154 0078 8023     		movs	r3, #128
 1155 007a DA22     		movs	r2, #218
 1156 007c 2D21     		movs	r1, #45
 1157 007e 0B20     		movs	r0, #11
 1158 0080 FFF7FEFF 		bl	Widget_LineGraph_Trace
 1159              	.LVL77:
 1160 0084 D2E7     		b	.L86
 1161              	.L89:
 1162              	.LBE6:
 512:Core/Src/ui/screens.c **** 
 1163              		.loc 1 512 1 view .LVU183
 1164 0086 06B0     		add	sp, sp, #24
 1165              	.LCFI30:
 1166              		.cfi_def_cfa_offset 8
 1167              		@ sp needed
 1168 0088 10BD     		pop	{r4, pc}
 1169              	.LVL78:
 1170              	.L91:
 512:Core/Src/ui/screens.c **** 
 1171              		.loc 1 512 1 view .LVU184
 1172 008a 00BF     		.align	2
 1173              	.L90:
 1174 008c 00000000 		.word	port_stats
 1175 0090 00000000 		.word	_port_meta
 1176              		.cfi_endproc
 1177              	.LFE242:
 1179              		.section	.rodata.disp_draw_rows.str1.4,"aMS",%progbits,1
 1180              		.align	2
 1181              	.LC17:
 1182 0000 252D3130 		.ascii	"%-10s <%3u%%>\000"
 1182      73203C25 
 1182      33752525 
 1182      3E00
 1183 000e 0000     		.align	2
 1184              	.LC18:
 1185 0010 252D3132 		.ascii	"%-12s %3u%%\000"
ARM GAS  /tmp/cczpKMPG.s 			page 42


 1185      73202533 
 1185      75252500 
 1186              		.align	2
 1187              	.LC19:
 1188 001c 252D3130 		.ascii	"%-10s <%s>\000"
 1188      73203C25 
 1188      733E00
 1189 0027 00       		.align	2
 1190              	.LC20:
 1191 0028 252D3132 		.ascii	"%-12s %s\000"
 1191      73202573 
 1191      00
 1192 0031 000000   		.align	2
 1193              	.LC21:
 1194 0034 524F5441 		.ascii	"ROTATE=value  PRESS=set\000"
 1194      54453D76 
 1194      616C7565 
 1194      20205052 
 1194      4553533D 
 1195              		.align	2
 1196              	.LC22:
 1197 004c 50524553 		.ascii	"PRESS=select\000"
 1197      533D7365 
 1197      6C656374 
 1197      00
 1198 0059 000000   		.align	2
 1199              	.LC23:
 1200 005c 25756D00 		.ascii	"%um\000"
 1201              		.align	2
 1202              	.LC24:
 1203 0060 4C756D69 		.ascii	"Luminosity\000"
 1203      6E6F7369 
 1203      747900
 1204 006b 00       		.align	2
 1205              	.LC25:
 1206 006c 4175746F 		.ascii	"Auto sleep\000"
 1206      20736C65 
 1206      657000
 1207 0077 00       		.align	2
 1208              	.LC26:
 1209 0078 53637265 		.ascii	"Screen off\000"
 1209      656E206F 
 1209      666600
 1210 0083 00       		.align	2
 1211              	.LC27:
 1212 0084 4C696768 		.ascii	"Light sleep\000"
 1212      7420736C 
 1212      65657000 
 1213              		.align	2
 1214              	.LC28:
 1215 0090 3C204261 		.ascii	"< Back\000"
 1215      636B00
 1216              		.section	.text.disp_draw_rows,"ax",%progbits
 1217              		.align	1
 1218              		.syntax unified
 1219              		.thumb
 1220              		.thumb_func
ARM GAS  /tmp/cczpKMPG.s 			page 43


 1222              	disp_draw_rows:
 1223              	.LFB259:
 657:Core/Src/ui/screens.c ****     char buf[28], as[8];
 1224              		.loc 1 657 1 is_stmt 1 view -0
 1225              		.cfi_startproc
 1226              		@ args = 0, pretend = 0, frame = 40
 1227              		@ frame_needed = 0, uses_anonymous_args = 0
 1228 0000 30B5     		push	{r4, r5, lr}
 1229              	.LCFI31:
 1230              		.cfi_def_cfa_offset 12
 1231              		.cfi_offset 4, -12
 1232              		.cfi_offset 5, -8
 1233              		.cfi_offset 14, -4
 1234 0002 8DB0     		sub	sp, sp, #52
 1235              	.LCFI32:
 1236              		.cfi_def_cfa_offset 64
 658:Core/Src/ui/screens.c **** 
 1237              		.loc 1 658 5 view .LVU186
 660:Core/Src/ui/screens.c ****     else snprintf(as, sizeof(as), "%um", _asleep_min[_asleep_idx]);
 1238              		.loc 1 660 5 view .LVU187
 660:Core/Src/ui/screens.c ****     else snprintf(as, sizeof(as), "%um", _asleep_min[_asleep_idx]);
 1239              		.loc 1 660 20 is_stmt 0 view .LVU188
 1240 0004 4C4B     		ldr	r3, .L104
 1241 0006 1A78     		ldrb	r2, [r3]	@ zero_extendqisi2
 1242 0008 4C4B     		ldr	r3, .L104+4
 1243 000a 33F81230 		ldrh	r3, [r3, r2, lsl #1]
 660:Core/Src/ui/screens.c ****     else snprintf(as, sizeof(as), "%um", _asleep_min[_asleep_idx]);
 1244              		.loc 1 660 8 view .LVU189
 1245 000e 4BB9     		cbnz	r3, .L93
 660:Core/Src/ui/screens.c ****     else snprintf(as, sizeof(as), "%um", _asleep_min[_asleep_idx]);
 1246              		.loc 1 660 40 is_stmt 1 discriminator 1 view .LVU190
 1247 0010 4B4B     		ldr	r3, .L104+8
 1248 0012 0393     		str	r3, [sp, #12]
 1249              	.L94:
 663:Core/Src/ui/screens.c ****              ? "%-10s <%3u%%>" : "%-12s %3u%%",
 1250              		.loc 1 663 5 view .LVU191
 663:Core/Src/ui/screens.c ****              ? "%-10s <%3u%%>" : "%-12s %3u%%",
 1251              		.loc 1 663 33 is_stmt 0 view .LVU192
 1252 0014 4B4B     		ldr	r3, .L104+12
 1253 0016 1B78     		ldrb	r3, [r3]	@ zero_extendqisi2
 663:Core/Src/ui/screens.c ****              ? "%-10s <%3u%%>" : "%-12s %3u%%",
 1254              		.loc 1 663 5 view .LVU193
 1255 0018 53B1     		cbz	r3, .L98
 663:Core/Src/ui/screens.c ****              ? "%-10s <%3u%%>" : "%-12s %3u%%",
 1256              		.loc 1 663 57 discriminator 1 view .LVU194
 1257 001a 4B4B     		ldr	r3, .L104+16
 1258 001c 1B78     		ldrb	r3, [r3]	@ zero_extendqisi2
 663:Core/Src/ui/screens.c ****              ? "%-10s <%3u%%>" : "%-12s %3u%%",
 1259              		.loc 1 663 44 discriminator 1 view .LVU195
 1260 001e 43B3     		cbz	r3, .L99
 663:Core/Src/ui/screens.c ****              ? "%-10s <%3u%%>" : "%-12s %3u%%",
 1261              		.loc 1 663 5 discriminator 3 view .LVU196
 1262 0020 4A4D     		ldr	r5, .L104+20
 1263 0022 06E0     		b	.L95
 1264              	.L93:
 661:Core/Src/ui/screens.c **** 
 1265              		.loc 1 661 10 is_stmt 1 view .LVU197
ARM GAS  /tmp/cczpKMPG.s 			page 44


 1266 0024 4A4A     		ldr	r2, .L104+24
 1267 0026 0821     		movs	r1, #8
 1268 0028 03A8     		add	r0, sp, #12
 1269 002a FFF7FEFF 		bl	snprintf
 1270              	.LVL79:
 1271 002e F1E7     		b	.L94
 1272              	.L98:
 663:Core/Src/ui/screens.c ****              ? "%-10s <%3u%%>" : "%-12s %3u%%",
 1273              		.loc 1 663 5 is_stmt 0 discriminator 3 view .LVU198
 1274 0030 464D     		ldr	r5, .L104+20
 1275              	.L95:
 665:Core/Src/ui/screens.c ****     Widget_MenuRow_Draw(10, SET_LIST_START,       220, 36, buf, (_disp_row == 0));
 1276              		.loc 1 665 28 view .LVU199
 1277 0032 FFF7FEFF 		bl	ILI9341_GetBrightness
 1278              	.LVL80:
 663:Core/Src/ui/screens.c ****              ? "%-10s <%3u%%>" : "%-12s %3u%%",
 1279              		.loc 1 663 5 discriminator 4 view .LVU200
 1280 0036 05AC     		add	r4, sp, #20
 1281 0038 0090     		str	r0, [sp]
 1282 003a 464B     		ldr	r3, .L104+28
 1283 003c 2A46     		mov	r2, r5
 1284 003e 1C21     		movs	r1, #28
 1285 0040 2046     		mov	r0, r4
 1286 0042 FFF7FEFF 		bl	snprintf
 1287              	.LVL81:
 666:Core/Src/ui/screens.c **** 
 1288              		.loc 1 666 5 is_stmt 1 view .LVU201
 1289 0046 404B     		ldr	r3, .L104+16
 1290 0048 1B78     		ldrb	r3, [r3]	@ zero_extendqisi2
 1291 004a B3FA83F3 		clz	r3, r3
 1292 004e 5B09     		lsrs	r3, r3, #5
 1293 0050 0193     		str	r3, [sp, #4]
 1294 0052 0094     		str	r4, [sp]
 1295 0054 2423     		movs	r3, #36
 1296 0056 DC22     		movs	r2, #220
 1297 0058 1946     		mov	r1, r3
 1298 005a 0A20     		movs	r0, #10
 1299 005c FFF7FEFF 		bl	Widget_MenuRow_Draw
 1300              	.LVL82:
 668:Core/Src/ui/screens.c ****              ? "%-10s <%s>" : "%-12s %s", "Auto sleep", as);
 1301              		.loc 1 668 5 view .LVU202
 668:Core/Src/ui/screens.c ****              ? "%-10s <%s>" : "%-12s %s", "Auto sleep", as);
 1302              		.loc 1 668 33 is_stmt 0 view .LVU203
 1303 0060 384B     		ldr	r3, .L104+12
 1304 0062 1B78     		ldrb	r3, [r3]	@ zero_extendqisi2
 668:Core/Src/ui/screens.c ****              ? "%-10s <%s>" : "%-12s %s", "Auto sleep", as);
 1305              		.loc 1 668 5 view .LVU204
 1306 0064 3BB1     		cbz	r3, .L100
 668:Core/Src/ui/screens.c ****              ? "%-10s <%s>" : "%-12s %s", "Auto sleep", as);
 1307              		.loc 1 668 57 discriminator 1 view .LVU205
 1308 0066 384B     		ldr	r3, .L104+16
 1309 0068 1B78     		ldrb	r3, [r3]	@ zero_extendqisi2
 668:Core/Src/ui/screens.c ****              ? "%-10s <%s>" : "%-12s %s", "Auto sleep", as);
 1310              		.loc 1 668 44 discriminator 1 view .LVU206
 1311 006a 012B     		cmp	r3, #1
 1312 006c 60D0     		beq	.L101
 668:Core/Src/ui/screens.c ****              ? "%-10s <%s>" : "%-12s %s", "Auto sleep", as);
ARM GAS  /tmp/cczpKMPG.s 			page 45


 1313              		.loc 1 668 5 discriminator 3 view .LVU207
 1314 006e 3A4A     		ldr	r2, .L104+32
 1315 0070 02E0     		b	.L96
 1316              	.L99:
 663:Core/Src/ui/screens.c ****              ? "%-10s <%3u%%>" : "%-12s %3u%%",
 1317              		.loc 1 663 5 discriminator 2 view .LVU208
 1318 0072 3A4D     		ldr	r5, .L104+36
 1319 0074 DDE7     		b	.L95
 1320              	.L100:
 668:Core/Src/ui/screens.c ****              ? "%-10s <%s>" : "%-12s %s", "Auto sleep", as);
 1321              		.loc 1 668 5 discriminator 3 view .LVU209
 1322 0076 384A     		ldr	r2, .L104+32
 1323              	.L96:
 668:Core/Src/ui/screens.c ****              ? "%-10s <%s>" : "%-12s %s", "Auto sleep", as);
 1324              		.loc 1 668 5 discriminator 4 view .LVU210
 1325 0078 05AD     		add	r5, sp, #20
 1326 007a 03AB     		add	r3, sp, #12
 1327 007c 0093     		str	r3, [sp]
 1328 007e 384B     		ldr	r3, .L104+40
 1329 0080 1C21     		movs	r1, #28
 1330 0082 2846     		mov	r0, r5
 1331 0084 FFF7FEFF 		bl	snprintf
 1332              	.LVL83:
 670:Core/Src/ui/screens.c **** 
 1333              		.loc 1 670 5 is_stmt 1 view .LVU211
 1334 0088 2F4C     		ldr	r4, .L104+16
 1335 008a 2378     		ldrb	r3, [r4]	@ zero_extendqisi2
 1336 008c 012B     		cmp	r3, #1
 1337 008e 14BF     		ite	ne
 1338 0090 0023     		movne	r3, #0
 1339 0092 0123     		moveq	r3, #1
 1340 0094 0193     		str	r3, [sp, #4]
 1341 0096 0095     		str	r5, [sp]
 1342 0098 2423     		movs	r3, #36
 1343 009a DC22     		movs	r2, #220
 1344 009c 4E21     		movs	r1, #78
 1345 009e 0A20     		movs	r0, #10
 1346 00a0 FFF7FEFF 		bl	Widget_MenuRow_Draw
 1347              	.LVL84:
 672:Core/Src/ui/screens.c ****     Widget_MenuRow_Draw(10, SET_LIST_START + 126, 220, 36, "Light sleep", (_disp_row == 3));
 1348              		.loc 1 672 5 view .LVU212
 1349 00a4 2378     		ldrb	r3, [r4]	@ zero_extendqisi2
 1350 00a6 022B     		cmp	r3, #2
 1351 00a8 14BF     		ite	ne
 1352 00aa 0023     		movne	r3, #0
 1353 00ac 0123     		moveq	r3, #1
 1354 00ae 0193     		str	r3, [sp, #4]
 1355 00b0 2C4B     		ldr	r3, .L104+44
 1356 00b2 0093     		str	r3, [sp]
 1357 00b4 2423     		movs	r3, #36
 1358 00b6 DC22     		movs	r2, #220
 1359 00b8 7821     		movs	r1, #120
 1360 00ba 0A20     		movs	r0, #10
 1361 00bc FFF7FEFF 		bl	Widget_MenuRow_Draw
 1362              	.LVL85:
 673:Core/Src/ui/screens.c ****     Widget_MenuRow_Draw(10, SET_LIST_START + 168, 220, 36, "< Back",      (_disp_row == 4));
 1363              		.loc 1 673 5 view .LVU213
ARM GAS  /tmp/cczpKMPG.s 			page 46


 1364 00c0 2378     		ldrb	r3, [r4]	@ zero_extendqisi2
 1365 00c2 032B     		cmp	r3, #3
 1366 00c4 14BF     		ite	ne
 1367 00c6 0023     		movne	r3, #0
 1368 00c8 0123     		moveq	r3, #1
 1369 00ca 0193     		str	r3, [sp, #4]
 1370 00cc 264B     		ldr	r3, .L104+48
 1371 00ce 0093     		str	r3, [sp]
 1372 00d0 2423     		movs	r3, #36
 1373 00d2 DC22     		movs	r2, #220
 1374 00d4 A221     		movs	r1, #162
 1375 00d6 0A20     		movs	r0, #10
 1376 00d8 FFF7FEFF 		bl	Widget_MenuRow_Draw
 1377              	.LVL86:
 674:Core/Src/ui/screens.c **** 
 1378              		.loc 1 674 5 view .LVU214
 1379 00dc 2378     		ldrb	r3, [r4]	@ zero_extendqisi2
 1380 00de 042B     		cmp	r3, #4
 1381 00e0 14BF     		ite	ne
 1382 00e2 0023     		movne	r3, #0
 1383 00e4 0123     		moveq	r3, #1
 1384 00e6 0193     		str	r3, [sp, #4]
 1385 00e8 204B     		ldr	r3, .L104+52
 1386 00ea 0093     		str	r3, [sp]
 1387 00ec 2423     		movs	r3, #36
 1388 00ee DC22     		movs	r2, #220
 1389 00f0 CC21     		movs	r1, #204
 1390 00f2 0A20     		movs	r0, #10
 1391 00f4 FFF7FEFF 		bl	Widget_MenuRow_Draw
 1392              	.LVL87:
 676:Core/Src/ui/screens.c ****     GFX_DrawString(10, FOOTER_Y + 11,
 1393              		.loc 1 676 5 view .LVU215
 1394 00f8 40F68813 		movw	r3, #2440
 1395 00fc 0093     		str	r3, [sp]
 1396 00fe 1E23     		movs	r3, #30
 1397 0100 F022     		movs	r2, #240
 1398 0102 4FF49171 		mov	r1, #290
 1399 0106 0020     		movs	r0, #0
 1400 0108 FFF7FEFF 		bl	ILI9341_FillRect
 1401              	.LVL88:
 677:Core/Src/ui/screens.c ****                    _disp_edit ? "ROTATE=value  PRESS=set" : "PRESS=select",
 1402              		.loc 1 677 5 view .LVU216
 678:Core/Src/ui/screens.c ****                    &GFX_FontSmall, COLOR_GRAY, COLOR_HEADER);
 1403              		.loc 1 678 31 is_stmt 0 view .LVU217
 1404 010c 0D4B     		ldr	r3, .L104+12
 1405 010e 1B78     		ldrb	r3, [r3]	@ zero_extendqisi2
 677:Core/Src/ui/screens.c ****                    _disp_edit ? "ROTATE=value  PRESS=set" : "PRESS=select",
 1406              		.loc 1 677 5 view .LVU218
 1407 0110 83B1     		cbz	r3, .L102
 677:Core/Src/ui/screens.c ****                    _disp_edit ? "ROTATE=value  PRESS=set" : "PRESS=select",
 1408              		.loc 1 677 5 discriminator 1 view .LVU219
 1409 0112 174A     		ldr	r2, .L104+56
 1410              	.L97:
 677:Core/Src/ui/screens.c ****                    _disp_edit ? "ROTATE=value  PRESS=set" : "PRESS=select",
 1411              		.loc 1 677 5 discriminator 3 view .LVU220
 1412 0114 40F68813 		movw	r3, #2440
 1413 0118 0193     		str	r3, [sp, #4]
ARM GAS  /tmp/cczpKMPG.s 			page 47


 1414 011a 48F21043 		movw	r3, #33808
 1415 011e 0093     		str	r3, [sp]
 1416 0120 144B     		ldr	r3, .L104+60
 1417 0122 40F22D11 		movw	r1, #301
 1418 0126 0A20     		movs	r0, #10
 1419 0128 FFF7FEFF 		bl	GFX_DrawString
 1420              	.LVL89:
 680:Core/Src/ui/screens.c **** 
 1421              		.loc 1 680 1 view .LVU221
 1422 012c 0DB0     		add	sp, sp, #52
 1423              	.LCFI33:
 1424              		.cfi_remember_state
 1425              		.cfi_def_cfa_offset 12
 1426              		@ sp needed
 1427 012e 30BD     		pop	{r4, r5, pc}
 1428              	.L101:
 1429              	.LCFI34:
 1430              		.cfi_restore_state
 668:Core/Src/ui/screens.c ****              ? "%-10s <%s>" : "%-12s %s", "Auto sleep", as);
 1431              		.loc 1 668 5 discriminator 2 view .LVU222
 1432 0130 114A     		ldr	r2, .L104+64
 1433 0132 A1E7     		b	.L96
 1434              	.L102:
 677:Core/Src/ui/screens.c ****                    _disp_edit ? "ROTATE=value  PRESS=set" : "PRESS=select",
 1435              		.loc 1 677 5 discriminator 2 view .LVU223
 1436 0134 114A     		ldr	r2, .L104+68
 1437 0136 EDE7     		b	.L97
 1438              	.L105:
 1439              		.align	2
 1440              	.L104:
 1441 0138 00000000 		.word	_asleep_idx
 1442 013c 00000000 		.word	_asleep_min
 1443 0140 4F666600 		.word	6710863
 1444 0144 00000000 		.word	_disp_edit
 1445 0148 00000000 		.word	_disp_row
 1446 014c 10000000 		.word	.LC18
 1447 0150 5C000000 		.word	.LC23
 1448 0154 60000000 		.word	.LC24
 1449 0158 28000000 		.word	.LC20
 1450 015c 00000000 		.word	.LC17
 1451 0160 6C000000 		.word	.LC25
 1452 0164 78000000 		.word	.LC26
 1453 0168 84000000 		.word	.LC27
 1454 016c 90000000 		.word	.LC28
 1455 0170 34000000 		.word	.LC21
 1456 0174 00000000 		.word	GFX_FontSmall
 1457 0178 1C000000 		.word	.LC19
 1458 017c 4C000000 		.word	.LC22
 1459              		.cfi_endproc
 1460              	.LFE259:
 1462              		.section	.rodata.test_draw_rows.str1.4,"aMS",%progbits,1
 1463              		.align	2
 1464              	.LC29:
 1465 0000 50524553 		.ascii	"PRESS=apply scenario\000"
 1465      533D6170 
 1465      706C7920 
 1465      7363656E 
ARM GAS  /tmp/cczpKMPG.s 			page 48


 1465      6172696F 
 1466              		.section	.text.test_draw_rows,"ax",%progbits
 1467              		.align	1
 1468              		.syntax unified
 1469              		.thumb
 1470              		.thumb_func
 1472              	test_draw_rows:
 1473              	.LFB270:
 770:Core/Src/ui/screens.c ****     for (uint8_t i = 0; i < TEST_NUM_ROWS; i++)
 1474              		.loc 1 770 1 is_stmt 1 view -0
 1475              		.cfi_startproc
 1476              		@ args = 0, pretend = 0, frame = 0
 1477              		@ frame_needed = 0, uses_anonymous_args = 0
 1478 0000 10B5     		push	{r4, lr}
 1479              	.LCFI35:
 1480              		.cfi_def_cfa_offset 8
 1481              		.cfi_offset 4, -8
 1482              		.cfi_offset 14, -4
 1483 0002 82B0     		sub	sp, sp, #8
 1484              	.LCFI36:
 1485              		.cfi_def_cfa_offset 16
 771:Core/Src/ui/screens.c ****         Widget_MenuRow_Draw(10, SET_LIST_START + i * 34, 220, 30,
 1486              		.loc 1 771 5 view .LVU225
 1487              	.LBB7:
 771:Core/Src/ui/screens.c ****         Widget_MenuRow_Draw(10, SET_LIST_START + i * 34, 220, 30,
 1488              		.loc 1 771 10 view .LVU226
 1489              	.LVL90:
 771:Core/Src/ui/screens.c ****         Widget_MenuRow_Draw(10, SET_LIST_START + i * 34, 220, 30,
 1490              		.loc 1 771 18 is_stmt 0 view .LVU227
 1491 0004 0024     		movs	r4, #0
 771:Core/Src/ui/screens.c ****         Widget_MenuRow_Draw(10, SET_LIST_START + i * 34, 220, 30,
 1492              		.loc 1 771 5 view .LVU228
 1493 0006 16E0     		b	.L107
 1494              	.LVL91:
 1495              	.L108:
 772:Core/Src/ui/screens.c ****                             _test_rows[i].name, (i == _test_row));
 1496              		.loc 1 772 9 is_stmt 1 view .LVU229
 773:Core/Src/ui/screens.c **** 
 1497              		.loc 1 773 42 is_stmt 0 view .LVU230
 1498 0008 174B     		ldr	r3, .L110
 1499 000a 53F83420 		ldr	r2, [r3, r4, lsl #3]
 772:Core/Src/ui/screens.c ****                             _test_rows[i].name, (i == _test_row));
 1500              		.loc 1 772 9 view .LVU231
 1501 000e 04EB0411 		add	r1, r4, r4, lsl #4
 1502 0012 4900     		lsls	r1, r1, #1
 1503 0014 2431     		adds	r1, r1, #36
 1504 0016 89B2     		uxth	r1, r1
 1505 0018 144B     		ldr	r3, .L110+4
 1506 001a 1B78     		ldrb	r3, [r3]	@ zero_extendqisi2
 1507 001c A342     		cmp	r3, r4
 1508 001e 14BF     		ite	ne
 1509 0020 0023     		movne	r3, #0
 1510 0022 0123     		moveq	r3, #1
 1511 0024 0193     		str	r3, [sp, #4]
 1512 0026 0092     		str	r2, [sp]
 1513 0028 1E23     		movs	r3, #30
 1514 002a DC22     		movs	r2, #220
ARM GAS  /tmp/cczpKMPG.s 			page 49


 1515 002c 0A20     		movs	r0, #10
 1516 002e FFF7FEFF 		bl	Widget_MenuRow_Draw
 1517              	.LVL92:
 771:Core/Src/ui/screens.c ****         Widget_MenuRow_Draw(10, SET_LIST_START + i * 34, 220, 30,
 1518              		.loc 1 771 45 is_stmt 1 discriminator 1 view .LVU232
 1519 0032 0134     		adds	r4, r4, #1
 1520              	.LVL93:
 771:Core/Src/ui/screens.c ****         Widget_MenuRow_Draw(10, SET_LIST_START + i * 34, 220, 30,
 1521              		.loc 1 771 45 is_stmt 0 discriminator 1 view .LVU233
 1522 0034 E4B2     		uxtb	r4, r4
 1523              	.LVL94:
 1524              	.L107:
 771:Core/Src/ui/screens.c ****         Widget_MenuRow_Draw(10, SET_LIST_START + i * 34, 220, 30,
 1525              		.loc 1 771 27 is_stmt 1 discriminator 2 view .LVU234
 1526 0036 062C     		cmp	r4, #6
 1527 0038 E6D9     		bls	.L108
 1528              	.LBE7:
 775:Core/Src/ui/screens.c ****     GFX_DrawString(10, FOOTER_Y + 11, "PRESS=apply scenario",
 1529              		.loc 1 775 5 view .LVU235
 1530 003a 40F68814 		movw	r4, #2440
 1531              	.LVL95:
 775:Core/Src/ui/screens.c ****     GFX_DrawString(10, FOOTER_Y + 11, "PRESS=apply scenario",
 1532              		.loc 1 775 5 is_stmt 0 view .LVU236
 1533 003e 0094     		str	r4, [sp]
 1534 0040 1E23     		movs	r3, #30
 1535 0042 F022     		movs	r2, #240
 1536 0044 4FF49171 		mov	r1, #290
 1537 0048 0020     		movs	r0, #0
 1538 004a FFF7FEFF 		bl	ILI9341_FillRect
 1539              	.LVL96:
 776:Core/Src/ui/screens.c ****                    &GFX_FontSmall, COLOR_GRAY, COLOR_HEADER);
 1540              		.loc 1 776 5 is_stmt 1 view .LVU237
 1541 004e 0194     		str	r4, [sp, #4]
 1542 0050 48F21043 		movw	r3, #33808
 1543 0054 0093     		str	r3, [sp]
 1544 0056 064B     		ldr	r3, .L110+8
 1545 0058 064A     		ldr	r2, .L110+12
 1546 005a 40F22D11 		movw	r1, #301
 1547 005e 0A20     		movs	r0, #10
 1548 0060 FFF7FEFF 		bl	GFX_DrawString
 1549              	.LVL97:
 778:Core/Src/ui/screens.c **** 
 1550              		.loc 1 778 1 is_stmt 0 view .LVU238
 1551 0064 02B0     		add	sp, sp, #8
 1552              	.LCFI37:
 1553              		.cfi_def_cfa_offset 8
 1554              		@ sp needed
 1555 0066 10BD     		pop	{r4, pc}
 1556              	.L111:
 1557              		.align	2
 1558              	.L110:
 1559 0068 00000000 		.word	_test_rows
 1560 006c 00000000 		.word	_test_row
 1561 0070 00000000 		.word	GFX_FontSmall
 1562 0074 00000000 		.word	.LC29
 1563              		.cfi_endproc
 1564              	.LFE270:
ARM GAS  /tmp/cczpKMPG.s 			page 50


 1566              		.section	.text.t_reset,"ax",%progbits
 1567              		.align	1
 1568              		.syntax unified
 1569              		.thumb
 1570              		.thumb_func
 1572              	t_reset:
 1573              	.LFB269:
 754:Core/Src/ui/screens.c ****     Telemetry_ForcePoll();
 1574              		.loc 1 754 1 is_stmt 1 view -0
 1575              		.cfi_startproc
 1576              		@ args = 0, pretend = 0, frame = 0
 1577              		@ frame_needed = 0, uses_anonymous_args = 0
 1578 0000 08B5     		push	{r3, lr}
 1579              	.LCFI38:
 1580              		.cfi_def_cfa_offset 8
 1581              		.cfi_offset 3, -8
 1582              		.cfi_offset 14, -4
 755:Core/Src/ui/screens.c **** }
 1583              		.loc 1 755 5 view .LVU240
 1584 0002 FFF7FEFF 		bl	Telemetry_ForcePoll
 1585              	.LVL98:
 756:Core/Src/ui/screens.c **** 
 1586              		.loc 1 756 1 is_stmt 0 view .LVU241
 1587 0006 08BD     		pop	{r3, pc}
 1588              		.cfi_endproc
 1589              	.LFE269:
 1591              		.section	.text.t_hight,"ax",%progbits
 1592              		.align	1
 1593              		.syntax unified
 1594              		.thumb
 1595              		.thumb_func
 1597              	t_hight:
 1598              	.LFB267:
 745:Core/Src/ui/screens.c **** static void t_overc(void)
 1599              		.loc 1 745 27 is_stmt 1 view -0
 1600              		.cfi_startproc
 1601              		@ args = 0, pretend = 0, frame = 0
 1602              		@ frame_needed = 0, uses_anonymous_args = 0
 1603 0000 08B5     		push	{r3, lr}
 1604              	.LCFI39:
 1605              		.cfi_def_cfa_offset 8
 1606              		.cfi_offset 3, -8
 1607              		.cfi_offset 14, -4
 745:Core/Src/ui/screens.c **** static void t_overc(void)
 1608              		.loc 1 745 29 view .LVU243
 745:Core/Src/ui/screens.c **** static void t_overc(void)
 1609              		.loc 1 745 52 is_stmt 0 view .LVU244
 1610 0002 034B     		ldr	r3, .L116
 1611 0004 4822     		movs	r2, #72
 1612 0006 DA80     		strh	r2, [r3, #6]	@ movhi
 745:Core/Src/ui/screens.c **** static void t_overc(void)
 1613              		.loc 1 745 58 is_stmt 1 view .LVU245
 1614 0008 FFF7FEFF 		bl	UI_RearmWarning
 1615              	.LVL99:
 745:Core/Src/ui/screens.c **** static void t_overc(void)
 1616              		.loc 1 745 77 is_stmt 0 view .LVU246
 1617 000c 08BD     		pop	{r3, pc}
ARM GAS  /tmp/cczpKMPG.s 			page 51


 1618              	.L117:
 1619 000e 00BF     		.align	2
 1620              	.L116:
 1621 0010 00000000 		.word	telemetry
 1622              		.cfi_endproc
 1623              	.LFE267:
 1625              		.section	.text.t_lowt,"ax",%progbits
 1626              		.align	1
 1627              		.syntax unified
 1628              		.thumb
 1629              		.thumb_func
 1631              	t_lowt:
 1632              	.LFB266:
 744:Core/Src/ui/screens.c **** static void t_hight(void) { telemetry.temp_celsius = 72; UI_RearmWarning(); }
 1633              		.loc 1 744 27 is_stmt 1 view -0
 1634              		.cfi_startproc
 1635              		@ args = 0, pretend = 0, frame = 0
 1636              		@ frame_needed = 0, uses_anonymous_args = 0
 1637 0000 08B5     		push	{r3, lr}
 1638              	.LCFI40:
 1639              		.cfi_def_cfa_offset 8
 1640              		.cfi_offset 3, -8
 1641              		.cfi_offset 14, -4
 744:Core/Src/ui/screens.c **** static void t_hight(void) { telemetry.temp_celsius = 72; UI_RearmWarning(); }
 1642              		.loc 1 744 29 view .LVU248
 744:Core/Src/ui/screens.c **** static void t_hight(void) { telemetry.temp_celsius = 72; UI_RearmWarning(); }
 1643              		.loc 1 744 52 is_stmt 0 view .LVU249
 1644 0002 034B     		ldr	r3, .L120
 1645 0004 4FF6F872 		movw	r2, #65528
 1646 0008 DA80     		strh	r2, [r3, #6]	@ movhi
 744:Core/Src/ui/screens.c **** static void t_hight(void) { telemetry.temp_celsius = 72; UI_RearmWarning(); }
 1647              		.loc 1 744 58 is_stmt 1 view .LVU250
 1648 000a FFF7FEFF 		bl	UI_RearmWarning
 1649              	.LVL100:
 744:Core/Src/ui/screens.c **** static void t_hight(void) { telemetry.temp_celsius = 72; UI_RearmWarning(); }
 1650              		.loc 1 744 77 is_stmt 0 view .LVU251
 1651 000e 08BD     		pop	{r3, pc}
 1652              	.L121:
 1653              		.align	2
 1654              	.L120:
 1655 0010 00000000 		.word	telemetry
 1656              		.cfi_endproc
 1657              	.LFE266:
 1659              		.section	.text.t_vcrit,"ax",%progbits
 1660              		.align	1
 1661              		.syntax unified
 1662              		.thumb
 1663              		.thumb_func
 1665              	t_vcrit:
 1666              	.LFB265:
 737:Core/Src/ui/screens.c ****     telemetry.voltage_mV = 11800; telemetry.soc_percent = 3;
 1667              		.loc 1 737 1 is_stmt 1 view -0
 1668              		.cfi_startproc
 1669              		@ args = 0, pretend = 0, frame = 0
 1670              		@ frame_needed = 0, uses_anonymous_args = 0
 1671 0000 08B5     		push	{r3, lr}
 1672              	.LCFI41:
ARM GAS  /tmp/cczpKMPG.s 			page 52


 1673              		.cfi_def_cfa_offset 8
 1674              		.cfi_offset 3, -8
 1675              		.cfi_offset 14, -4
 738:Core/Src/ui/screens.c ****     telemetry.current_mA = -1200;
 1676              		.loc 1 738 5 view .LVU253
 738:Core/Src/ui/screens.c ****     telemetry.current_mA = -1200;
 1677              		.loc 1 738 26 is_stmt 0 view .LVU254
 1678 0002 0C4B     		ldr	r3, .L126
 1679 0004 42F61862 		movw	r2, #11800
 1680 0008 5A80     		strh	r2, [r3, #2]	@ movhi
 738:Core/Src/ui/screens.c ****     telemetry.current_mA = -1200;
 1681              		.loc 1 738 35 is_stmt 1 view .LVU255
 738:Core/Src/ui/screens.c ****     telemetry.current_mA = -1200;
 1682              		.loc 1 738 57 is_stmt 0 view .LVU256
 1683 000a 0322     		movs	r2, #3
 1684 000c 1A70     		strb	r2, [r3]
 739:Core/Src/ui/screens.c ****     for (int i = 0; i < 4; i++) cell_mv[i] = 2950;
 1685              		.loc 1 739 5 is_stmt 1 view .LVU257
 739:Core/Src/ui/screens.c ****     for (int i = 0; i < 4; i++) cell_mv[i] = 2950;
 1686              		.loc 1 739 26 is_stmt 0 view .LVU258
 1687 000e 4FF65032 		movw	r2, #64336
 1688 0012 9A80     		strh	r2, [r3, #4]	@ movhi
 740:Core/Src/ui/screens.c ****     telemetry.is_charging = 0;
 1689              		.loc 1 740 5 is_stmt 1 view .LVU259
 1690              	.LBB8:
 740:Core/Src/ui/screens.c ****     telemetry.is_charging = 0;
 1691              		.loc 1 740 10 view .LVU260
 1692              	.LVL101:
 740:Core/Src/ui/screens.c ****     telemetry.is_charging = 0;
 1693              		.loc 1 740 14 is_stmt 0 view .LVU261
 1694 0014 0023     		movs	r3, #0
 740:Core/Src/ui/screens.c ****     telemetry.is_charging = 0;
 1695              		.loc 1 740 5 view .LVU262
 1696 0016 05E0     		b	.L123
 1697              	.LVL102:
 1698              	.L124:
 740:Core/Src/ui/screens.c ****     telemetry.is_charging = 0;
 1699              		.loc 1 740 33 is_stmt 1 discriminator 1 view .LVU263
 740:Core/Src/ui/screens.c ****     telemetry.is_charging = 0;
 1700              		.loc 1 740 44 is_stmt 0 discriminator 1 view .LVU264
 1701 0018 074A     		ldr	r2, .L126+4
 1702 001a 40F68631 		movw	r1, #2950
 1703 001e 22F81310 		strh	r1, [r2, r3, lsl #1]	@ movhi
 740:Core/Src/ui/screens.c ****     telemetry.is_charging = 0;
 1704              		.loc 1 740 29 is_stmt 1 discriminator 1 view .LVU265
 1705 0022 0133     		adds	r3, r3, #1
 1706              	.LVL103:
 1707              	.L123:
 740:Core/Src/ui/screens.c ****     telemetry.is_charging = 0;
 1708              		.loc 1 740 23 discriminator 2 view .LVU266
 1709 0024 032B     		cmp	r3, #3
 1710 0026 F7DD     		ble	.L124
 1711              	.LBE8:
 741:Core/Src/ui/screens.c ****     UI_RearmWarning();
 1712              		.loc 1 741 5 view .LVU267
 741:Core/Src/ui/screens.c ****     UI_RearmWarning();
 1713              		.loc 1 741 27 is_stmt 0 view .LVU268
ARM GAS  /tmp/cczpKMPG.s 			page 53


 1714 0028 024B     		ldr	r3, .L126
 1715              	.LVL104:
 741:Core/Src/ui/screens.c ****     UI_RearmWarning();
 1716              		.loc 1 741 27 view .LVU269
 1717 002a 0022     		movs	r2, #0
 1718 002c 5A72     		strb	r2, [r3, #9]
 742:Core/Src/ui/screens.c **** }
 1719              		.loc 1 742 5 is_stmt 1 view .LVU270
 1720 002e FFF7FEFF 		bl	UI_RearmWarning
 1721              	.LVL105:
 743:Core/Src/ui/screens.c **** static void t_lowt(void)  { telemetry.temp_celsius = -8; UI_RearmWarning(); }
 1722              		.loc 1 743 1 is_stmt 0 view .LVU271
 1723 0032 08BD     		pop	{r3, pc}
 1724              	.L127:
 1725              		.align	2
 1726              	.L126:
 1727 0034 00000000 		.word	telemetry
 1728 0038 00000000 		.word	cell_mv
 1729              		.cfi_endproc
 1730              	.LFE265:
 1732              		.section	.text.t_lowv,"ax",%progbits
 1733              		.align	1
 1734              		.syntax unified
 1735              		.thumb
 1736              		.thumb_func
 1738              	t_lowv:
 1739              	.LFB264:
 729:Core/Src/ui/screens.c ****     telemetry.voltage_mV = 12500; telemetry.soc_percent = 12;
 1740              		.loc 1 729 1 is_stmt 1 view -0
 1741              		.cfi_startproc
 1742              		@ args = 0, pretend = 0, frame = 0
 1743              		@ frame_needed = 0, uses_anonymous_args = 0
 1744 0000 08B5     		push	{r3, lr}
 1745              	.LCFI42:
 1746              		.cfi_def_cfa_offset 8
 1747              		.cfi_offset 3, -8
 1748              		.cfi_offset 14, -4
 730:Core/Src/ui/screens.c ****     telemetry.current_mA = -900;
 1749              		.loc 1 730 5 view .LVU273
 730:Core/Src/ui/screens.c ****     telemetry.current_mA = -900;
 1750              		.loc 1 730 26 is_stmt 0 view .LVU274
 1751 0002 0C4B     		ldr	r3, .L132
 1752 0004 43F2D402 		movw	r2, #12500
 1753 0008 5A80     		strh	r2, [r3, #2]	@ movhi
 730:Core/Src/ui/screens.c ****     telemetry.current_mA = -900;
 1754              		.loc 1 730 35 is_stmt 1 view .LVU275
 730:Core/Src/ui/screens.c ****     telemetry.current_mA = -900;
 1755              		.loc 1 730 57 is_stmt 0 view .LVU276
 1756 000a 0C22     		movs	r2, #12
 1757 000c 1A70     		strb	r2, [r3]
 731:Core/Src/ui/screens.c ****     for (int i = 0; i < 4; i++) cell_mv[i] = 3125;
 1758              		.loc 1 731 5 is_stmt 1 view .LVU277
 731:Core/Src/ui/screens.c ****     for (int i = 0; i < 4; i++) cell_mv[i] = 3125;
 1759              		.loc 1 731 26 is_stmt 0 view .LVU278
 1760 000e 4FF67C42 		movw	r2, #64636
 1761 0012 9A80     		strh	r2, [r3, #4]	@ movhi
 732:Core/Src/ui/screens.c ****     telemetry.is_charging = 0;
ARM GAS  /tmp/cczpKMPG.s 			page 54


 1762              		.loc 1 732 5 is_stmt 1 view .LVU279
 1763              	.LBB9:
 732:Core/Src/ui/screens.c ****     telemetry.is_charging = 0;
 1764              		.loc 1 732 10 view .LVU280
 1765              	.LVL106:
 732:Core/Src/ui/screens.c ****     telemetry.is_charging = 0;
 1766              		.loc 1 732 14 is_stmt 0 view .LVU281
 1767 0014 0023     		movs	r3, #0
 732:Core/Src/ui/screens.c ****     telemetry.is_charging = 0;
 1768              		.loc 1 732 5 view .LVU282
 1769 0016 05E0     		b	.L129
 1770              	.LVL107:
 1771              	.L130:
 732:Core/Src/ui/screens.c ****     telemetry.is_charging = 0;
 1772              		.loc 1 732 33 is_stmt 1 discriminator 1 view .LVU283
 732:Core/Src/ui/screens.c ****     telemetry.is_charging = 0;
 1773              		.loc 1 732 44 is_stmt 0 discriminator 1 view .LVU284
 1774 0018 074A     		ldr	r2, .L132+4
 1775 001a 40F63541 		movw	r1, #3125
 1776 001e 22F81310 		strh	r1, [r2, r3, lsl #1]	@ movhi
 732:Core/Src/ui/screens.c ****     telemetry.is_charging = 0;
 1777              		.loc 1 732 29 is_stmt 1 discriminator 1 view .LVU285
 1778 0022 0133     		adds	r3, r3, #1
 1779              	.LVL108:
 1780              	.L129:
 732:Core/Src/ui/screens.c ****     telemetry.is_charging = 0;
 1781              		.loc 1 732 23 discriminator 2 view .LVU286
 1782 0024 032B     		cmp	r3, #3
 1783 0026 F7DD     		ble	.L130
 1784              	.LBE9:
 733:Core/Src/ui/screens.c ****     UI_RearmWarning();
 1785              		.loc 1 733 5 view .LVU287
 733:Core/Src/ui/screens.c ****     UI_RearmWarning();
 1786              		.loc 1 733 27 is_stmt 0 view .LVU288
 1787 0028 024B     		ldr	r3, .L132
 1788              	.LVL109:
 733:Core/Src/ui/screens.c ****     UI_RearmWarning();
 1789              		.loc 1 733 27 view .LVU289
 1790 002a 0022     		movs	r2, #0
 1791 002c 5A72     		strb	r2, [r3, #9]
 734:Core/Src/ui/screens.c **** }
 1792              		.loc 1 734 5 is_stmt 1 view .LVU290
 1793 002e FFF7FEFF 		bl	UI_RearmWarning
 1794              	.LVL110:
 735:Core/Src/ui/screens.c **** static void t_vcrit(void)
 1795              		.loc 1 735 1 is_stmt 0 view .LVU291
 1796 0032 08BD     		pop	{r3, pc}
 1797              	.L133:
 1798              		.align	2
 1799              	.L132:
 1800 0034 00000000 		.word	telemetry
 1801 0038 00000000 		.word	cell_mv
 1802              		.cfi_endproc
 1803              	.LFE264:
 1805              		.section	.rodata.confirm_draw_buttons.str1.4,"aMS",%progbits,1
 1806              		.align	2
 1807              	.LC30:
ARM GAS  /tmp/cczpKMPG.s 			page 55


 1808 0000 4F4B00   		.ascii	"OK\000"
 1809 0003 00       		.align	2
 1810              	.LC31:
 1811 0004 43616E63 		.ascii	"Cancel\000"
 1811      656C00
 1812              		.section	.text.confirm_draw_buttons,"ax",%progbits
 1813              		.align	1
 1814              		.syntax unified
 1815              		.thumb
 1816              		.thumb_func
 1818              	confirm_draw_buttons:
 1819              	.LFB277:
 828:Core/Src/ui/screens.c ****     Widget_Button_Draw(25, 200, 90, 34, "OK",     (_confirm_sel == 0));
 1820              		.loc 1 828 1 is_stmt 1 view -0
 1821              		.cfi_startproc
 1822              		@ args = 0, pretend = 0, frame = 0
 1823              		@ frame_needed = 0, uses_anonymous_args = 0
 1824 0000 10B5     		push	{r4, lr}
 1825              	.LCFI43:
 1826              		.cfi_def_cfa_offset 8
 1827              		.cfi_offset 4, -8
 1828              		.cfi_offset 14, -4
 1829 0002 82B0     		sub	sp, sp, #8
 1830              	.LCFI44:
 1831              		.cfi_def_cfa_offset 16
 829:Core/Src/ui/screens.c ****     Widget_Button_Draw(125, 200, 90, 34, "Cancel", (_confirm_sel == 1));
 1832              		.loc 1 829 5 view .LVU293
 1833 0004 0E4C     		ldr	r4, .L136
 1834 0006 2378     		ldrb	r3, [r4]	@ zero_extendqisi2
 1835 0008 B3FA83F3 		clz	r3, r3
 1836 000c 5B09     		lsrs	r3, r3, #5
 1837 000e 0193     		str	r3, [sp, #4]
 1838 0010 0C4B     		ldr	r3, .L136+4
 1839 0012 0093     		str	r3, [sp]
 1840 0014 2223     		movs	r3, #34
 1841 0016 5A22     		movs	r2, #90
 1842 0018 C821     		movs	r1, #200
 1843 001a 1920     		movs	r0, #25
 1844 001c FFF7FEFF 		bl	Widget_Button_Draw
 1845              	.LVL111:
 830:Core/Src/ui/screens.c **** }
 1846              		.loc 1 830 5 view .LVU294
 1847 0020 2378     		ldrb	r3, [r4]	@ zero_extendqisi2
 1848 0022 012B     		cmp	r3, #1
 1849 0024 14BF     		ite	ne
 1850 0026 0023     		movne	r3, #0
 1851 0028 0123     		moveq	r3, #1
 1852 002a 0193     		str	r3, [sp, #4]
 1853 002c 064B     		ldr	r3, .L136+8
 1854 002e 0093     		str	r3, [sp]
 1855 0030 2223     		movs	r3, #34
 1856 0032 5A22     		movs	r2, #90
 1857 0034 C821     		movs	r1, #200
 1858 0036 7D20     		movs	r0, #125
 1859 0038 FFF7FEFF 		bl	Widget_Button_Draw
 1860              	.LVL112:
 831:Core/Src/ui/screens.c **** 
ARM GAS  /tmp/cczpKMPG.s 			page 56


 1861              		.loc 1 831 1 is_stmt 0 view .LVU295
 1862 003c 02B0     		add	sp, sp, #8
 1863              	.LCFI45:
 1864              		.cfi_def_cfa_offset 8
 1865              		@ sp needed
 1866 003e 10BD     		pop	{r4, pc}
 1867              	.L137:
 1868              		.align	2
 1869              	.L136:
 1870 0040 00000000 		.word	_confirm_sel
 1871 0044 00000000 		.word	.LC30
 1872 0048 04000000 		.word	.LC31
 1873              		.cfi_endproc
 1874              	.LFE277:
 1876              		.section	.rodata.lab_bench_render.str1.4,"aMS",%progbits,1
 1877              		.align	2
 1878              	.LC32:
 1879 0000 435600   		.ascii	"CV\000"
 1880 0003 00       		.align	2
 1881              	.LC33:
 1882 0004 4F464600 		.ascii	"OFF\000"
 1883              		.align	2
 1884              	.LC34:
 1885 0008 434300   		.ascii	"CC\000"
 1886 000b 00       		.align	2
 1887              	.LC35:
 1888 000c 4F555420 		.ascii	"OUT [ON]\000"
 1888      5B4F4E5D 
 1888      00
 1889 0015 000000   		.align	2
 1890              	.LC36:
 1891 0018 4F555420 		.ascii	"OUT [OFF]\000"
 1891      5B4F4646 
 1891      5D00
 1892 0022 0000     		.align	2
 1893              	.LC37:
 1894 0024 50524553 		.ascii	"PRESS=select  2xCLICK=back\000"
 1894      533D7365 
 1894      6C656374 
 1894      20203278 
 1894      434C4943 
 1895 003f 00       		.align	2
 1896              	.LC38:
 1897 0040 42656E63 		.ascii	"Bench supply - STPD01\000"
 1897      68207375 
 1897      70706C79 
 1897      202D2053 
 1897      54504430 
 1898 0056 0000     		.align	2
 1899              	.LC39:
 1900 0058 25326C64 		.ascii	"%2ld.%02ld\000"
 1900      2E253032 
 1900      6C6400
 1901 0063 00       		.align	2
 1902              	.LC40:
 1903 0064 5600     		.ascii	"V\000"
 1904 0066 0000     		.align	2
ARM GAS  /tmp/cczpKMPG.s 			page 57


 1905              	.LC41:
 1906 0068 4100     		.ascii	"A\000"
 1907 006a 0000     		.align	2
 1908              	.LC42:
 1909 006c 25326C64 		.ascii	"%2ld.%01ld W\000"
 1909      2E253031 
 1909      6C642057 
 1909      00
 1910 0079 000000   		.align	2
 1911              	.LC43:
 1912 007c 3C25752E 		.ascii	"<%u.%uV>\000"
 1912      2575563E 
 1912      00
 1913 0085 000000   		.align	2
 1914              	.LC44:
 1915 0088 25752E25 		.ascii	"%u.%uV\000"
 1915      755600
 1916 008f 00       		.align	2
 1917              	.LC45:
 1918 0090 562D5345 		.ascii	"V-SET\000"
 1918      5400
 1919 0096 0000     		.align	2
 1920              	.LC46:
 1921 0098 3C25752E 		.ascii	"<%u.%uA>\000"
 1921      2575413E 
 1921      00
 1922 00a1 000000   		.align	2
 1923              	.LC47:
 1924 00a4 25752E25 		.ascii	"%u.%uA\000"
 1924      754100
 1925 00ab 00       		.align	2
 1926              	.LC48:
 1927 00ac 492D4C49 		.ascii	"I-LIM\000"
 1927      4D00
 1928              		.section	.text.lab_bench_render,"ax",%progbits
 1929              		.align	1
 1930              		.syntax unified
 1931              		.thumb
 1932              		.thumb_func
 1934              	lab_bench_render:
 1935              	.LFB289:
1030:Core/Src/ui/screens.c **** 
1031:Core/Src/ui/screens.c **** const char *Screen_Output_RowStatus(uint8_t channel)
1032:Core/Src/ui/screens.c **** {
1033:Core/Src/ui/screens.c ****     static char st[2][16];
1034:Core/Src/ui/screens.c ****     char v[8];
1035:Core/Src/ui/screens.c ****     out_fmt_volt(v, sizeof(v), _out_ch[channel].voltage_mv);
1036:Core/Src/ui/screens.c ****     snprintf(st[channel], sizeof(st[channel]), "%s %s",
1037:Core/Src/ui/screens.c ****              _out_ch[channel].enabled ? "ON " : "OFF", v);
1038:Core/Src/ui/screens.c ****     return st[channel];
1039:Core/Src/ui/screens.c **** }
1040:Core/Src/ui/screens.c **** 
1041:Core/Src/ui/screens.c **** uint8_t Screen_Settings_IsOutputRow(uint8_t row) { return row >= 2; }
1042:Core/Src/ui/screens.c **** 
1043:Core/Src/ui/screens.c **** void Screen_Output_Open(uint8_t channel)
1044:Core/Src/ui/screens.c **** {
1045:Core/Src/ui/screens.c ****     _out_cur  = (channel < 2) ? channel : 0;
ARM GAS  /tmp/cczpKMPG.s 			page 58


1046:Core/Src/ui/screens.c ****     _out_row  = 0;
1047:Core/Src/ui/screens.c ****     _out_edit = 0;
1048:Core/Src/ui/screens.c **** }
1049:Core/Src/ui/screens.c **** 
1050:Core/Src/ui/screens.c **** /* ---- LAB page, bench power supply style ----
1051:Core/Src/ui/screens.c ****  * Encoder rows: 0=OUTPUT 1=V-SET 2=I-LIM 3=Back (same FSM as C2 page).
1052:Core/Src/ui/screens.c ****  * Small CV/CC model for demo: load want more than I-LIM -> current
1053:Core/Src/ui/screens.c ****  * stuck at limit, voltage sag. that is CC. */
1054:Core/Src/ui/screens.c **** static void lab_bench_render(void)
1055:Core/Src/ui/screens.c **** {
 1936              		.loc 1 1055 1 is_stmt 1 view -0
 1937              		.cfi_startproc
 1938              		@ args = 0, pretend = 0, frame = 24
 1939              		@ frame_needed = 0, uses_anonymous_args = 0
 1940 0000 2DE9F047 		push	{r4, r5, r6, r7, r8, r9, r10, lr}
 1941              	.LCFI46:
 1942              		.cfi_def_cfa_offset 32
 1943              		.cfi_offset 4, -32
 1944              		.cfi_offset 5, -28
 1945              		.cfi_offset 6, -24
 1946              		.cfi_offset 7, -20
 1947              		.cfi_offset 8, -16
 1948              		.cfi_offset 9, -12
 1949              		.cfi_offset 10, -8
 1950              		.cfi_offset 14, -4
 1951 0004 8AB0     		sub	sp, sp, #40
 1952              	.LCFI47:
 1953              		.cfi_def_cfa_offset 72
1056:Core/Src/ui/screens.c ****     OutputChannel_t *ch = &_out_ch[0];
 1954              		.loc 1 1056 5 view .LVU297
 1955              	.LVL113:
1057:Core/Src/ui/screens.c ****     char buf[24];
 1956              		.loc 1 1057 5 view .LVU298
1058:Core/Src/ui/screens.c **** 
1059:Core/Src/ui/screens.c ****     /* fake load from port monitor (0 when port idle in config) */
1060:Core/Src/ui/screens.c ****     int32_t i_load = port_stats[4].current_mA;
 1957              		.loc 1 1060 5 view .LVU299
 1958              		.loc 1 1060 35 is_stmt 0 view .LVU300
 1959 0006 6F4B     		ldr	r3, .L187
 1960 0008 B3F9FA21 		ldrsh	r2, [r3, #506]
 1961              	.LVL114:
1061:Core/Src/ui/screens.c ****     if (i_load < 0) i_load = 0;
 1962              		.loc 1 1061 5 is_stmt 1 view .LVU301
 1963              		.loc 1 1061 8 is_stmt 0 view .LVU302
 1964 000c 002A     		cmp	r2, #0
 1965 000e 08DB     		blt	.L180
 1966              	.LVL115:
 1967              	.L139:
1062:Core/Src/ui/screens.c **** 
1063:Core/Src/ui/screens.c ****     uint8_t  cc    = (ch->enabled && i_load >= ch->ilim_ma);
 1968              		.loc 1 1063 5 is_stmt 1 view .LVU303
 1969              		.loc 1 1063 25 is_stmt 0 view .LVU304
 1970 0010 6D4B     		ldr	r3, .L187+4
 1971 0012 9B7B     		ldrb	r3, [r3, #14]	@ zero_extendqisi2
 1972              		.loc 1 1063 35 view .LVU305
 1973 0014 3BB1     		cbz	r3, .L160
 1974              		.loc 1 1063 50 discriminator 1 view .LVU306
ARM GAS  /tmp/cczpKMPG.s 			page 59


 1975 0016 6C49     		ldr	r1, .L187+4
 1976 0018 498A     		ldrh	r1, [r1, #18]
 1977              		.loc 1 1063 35 discriminator 1 view .LVU307
 1978 001a 9142     		cmp	r1, r2
 1979 001c 0ADD     		ble	.L161
 1980              		.loc 1 1063 35 discriminator 3 view .LVU308
 1981 001e 0026     		movs	r6, #0
 1982 0020 02E0     		b	.L140
 1983              	.L180:
1061:Core/Src/ui/screens.c ****     if (i_load < 0) i_load = 0;
 1984              		.loc 1 1061 28 discriminator 1 view .LVU309
 1985 0022 0022     		movs	r2, #0
 1986              	.LVL116:
1061:Core/Src/ui/screens.c ****     if (i_load < 0) i_load = 0;
 1987              		.loc 1 1061 28 discriminator 1 view .LVU310
 1988 0024 F4E7     		b	.L139
 1989              	.LVL117:
 1990              	.L160:
 1991              		.loc 1 1063 35 discriminator 3 view .LVU311
 1992 0026 1E46     		mov	r6, r3
 1993              	.L140:
 1994              		.loc 1 1063 14 discriminator 4 view .LVU312
 1995 0028 F6B2     		uxtb	r6, r6
 1996              	.LVL118:
1064:Core/Src/ui/screens.c ****     int32_t  i_out = ch->enabled ? (cc ? ch->ilim_ma : i_load) : 0;
 1997              		.loc 1 1064 5 is_stmt 1 view .LVU313
 1998              		.loc 1 1064 64 is_stmt 0 view .LVU314
 1999 002a 2BB1     		cbz	r3, .L162
 2000              		.loc 1 1064 54 discriminator 1 view .LVU315
 2001 002c 7EB1     		cbz	r6, .L163
 2002              		.loc 1 1064 44 discriminator 2 view .LVU316
 2003 002e 6649     		ldr	r1, .L187+4
 2004 0030 4F8A     		ldrh	r7, [r1, #18]
 2005              	.LVL119:
 2006              		.loc 1 1064 44 discriminator 2 view .LVU317
 2007 0032 02E0     		b	.L141
 2008              	.LVL120:
 2009              	.L161:
1063:Core/Src/ui/screens.c ****     int32_t  i_out = ch->enabled ? (cc ? ch->ilim_ma : i_load) : 0;
 2010              		.loc 1 1063 35 discriminator 2 view .LVU318
 2011 0034 0126     		movs	r6, #1
 2012 0036 F7E7     		b	.L140
 2013              	.LVL121:
 2014              	.L162:
 2015              		.loc 1 1064 14 discriminator 4 view .LVU319
 2016 0038 1F46     		mov	r7, r3
 2017              	.L141:
 2018              	.LVL122:
1065:Core/Src/ui/screens.c ****     int32_t  v_out = !ch->enabled ? 0
 2019              		.loc 1 1065 5 is_stmt 1 view .LVU320
1066:Core/Src/ui/screens.c ****                    : (cc ? (int32_t)ch->voltage_mv * ch->ilim_ma / i_load
 2020              		.loc 1 1066 20 is_stmt 0 view .LVU321
 2021 003a 6BB1     		cbz	r3, .L164
1067:Core/Src/ui/screens.c ****                          : ch->voltage_mv);
 2022              		.loc 1 1067 26 view .LVU322
 2023 003c 4EB1     		cbz	r6, .L143
1066:Core/Src/ui/screens.c ****                    : (cc ? (int32_t)ch->voltage_mv * ch->ilim_ma / i_load
ARM GAS  /tmp/cczpKMPG.s 			page 60


 2024              		.loc 1 1066 39 discriminator 1 view .LVU323
 2025 003e 624B     		ldr	r3, .L187+4
 2026 0040 1D8A     		ldrh	r5, [r3, #16]
1066:Core/Src/ui/screens.c ****                    : (cc ? (int32_t)ch->voltage_mv * ch->ilim_ma / i_load
 2027              		.loc 1 1066 56 discriminator 1 view .LVU324
 2028 0042 5B8A     		ldrh	r3, [r3, #18]
1066:Core/Src/ui/screens.c ****                    : (cc ? (int32_t)ch->voltage_mv * ch->ilim_ma / i_load
 2029              		.loc 1 1066 52 discriminator 1 view .LVU325
 2030 0044 03FB05F5 		mul	r5, r3, r5
1065:Core/Src/ui/screens.c ****     int32_t  v_out = !ch->enabled ? 0
 2031              		.loc 1 1065 14 discriminator 1 view .LVU326
 2032 0048 95FBF2F5 		sdiv	r5, r5, r2
 2033              	.LVL123:
1065:Core/Src/ui/screens.c ****     int32_t  v_out = !ch->enabled ? 0
 2034              		.loc 1 1065 14 discriminator 1 view .LVU327
 2035 004c 05E0     		b	.L142
 2036              	.LVL124:
 2037              	.L163:
1064:Core/Src/ui/screens.c ****     int32_t  v_out = !ch->enabled ? 0
 2038              		.loc 1 1064 14 discriminator 3 view .LVU328
 2039 004e 1746     		mov	r7, r2
 2040 0050 F3E7     		b	.L141
 2041              	.LVL125:
 2042              	.L143:
 2043              		.loc 1 1067 30 discriminator 1 view .LVU329
 2044 0052 5D4B     		ldr	r3, .L187+4
 2045 0054 1D8A     		ldrh	r5, [r3, #16]
 2046              	.LVL126:
 2047              		.loc 1 1067 30 discriminator 1 view .LVU330
 2048 0056 00E0     		b	.L142
 2049              	.LVL127:
 2050              	.L164:
1065:Core/Src/ui/screens.c ****                    : (cc ? (int32_t)ch->voltage_mv * ch->ilim_ma / i_load
 2051              		.loc 1 1065 14 discriminator 3 view .LVU331
 2052 0058 1D46     		mov	r5, r3
 2053              	.L142:
 2054              	.LVL128:
1068:Core/Src/ui/screens.c ****     int32_t  w_out = v_out * i_out / 1000;   /* mW */
 2055              		.loc 1 1068 5 is_stmt 1 view .LVU332
 2056              		.loc 1 1068 28 is_stmt 0 view .LVU333
 2057 005a 05FB07F4 		mul	r4, r5, r7
 2058              		.loc 1 1068 14 view .LVU334
 2059 005e 5B4B     		ldr	r3, .L187+8
 2060 0060 83FB0423 		smull	r2, r3, r3, r4
 2061              	.LVL129:
 2062              		.loc 1 1068 14 view .LVU335
 2063 0064 E417     		asrs	r4, r4, #31
 2064 0066 C4EBA314 		rsb	r4, r4, r3, asr #6
 2065              	.LVL130:
1069:Core/Src/ui/screens.c **** 
1070:Core/Src/ui/screens.c ****     /* wipe content area */
1071:Core/Src/ui/screens.c ****     ILI9341_FillRect(0, CONTENT_Y + 2, ILI9341_WIDTH, FOOTER_Y - CONTENT_Y - 2,
 2066              		.loc 1 1071 5 is_stmt 1 view .LVU336
 2067 006a 40F64103 		movw	r3, #2113
 2068 006e 0093     		str	r3, [sp]
 2069 0070 4FF48173 		mov	r3, #258
 2070 0074 F022     		movs	r2, #240
ARM GAS  /tmp/cczpKMPG.s 			page 61


 2071 0076 2021     		movs	r1, #32
 2072 0078 0020     		movs	r0, #0
 2073 007a FFF7FEFF 		bl	ILI9341_FillRect
 2074              	.LVL131:
 2075              	.LBB10:
1072:Core/Src/ui/screens.c ****                      COLOR_BG);
1073:Core/Src/ui/screens.c **** 
1074:Core/Src/ui/screens.c ****     /* mode badge */
1075:Core/Src/ui/screens.c ****     {
1076:Core/Src/ui/screens.c ****         const char *m = !ch->enabled ? "OFF" : (cc ? "CC" : "CV");
 2076              		.loc 1 1076 9 view .LVU337
 2077              		.loc 1 1076 28 is_stmt 0 view .LVU338
 2078 007e 524B     		ldr	r3, .L187+4
 2079 0080 9B7B     		ldrb	r3, [r3, #14]	@ zero_extendqisi2
 2080              		.loc 1 1076 46 view .LVU339
 2081 0082 1BB1     		cbz	r3, .L165
 2082              		.loc 1 1076 21 discriminator 1 view .LVU340
 2083 0084 5EB1     		cbz	r6, .L166
 2084              		.loc 1 1076 21 discriminator 2 view .LVU341
 2085 0086 DFF85C81 		ldr	r8, .L187+32
 2086 008a 01E0     		b	.L144
 2087              	.L165:
 2088              		.loc 1 1076 21 discriminator 4 view .LVU342
 2089 008c DFF85881 		ldr	r8, .L187+36
 2090              	.L144:
 2091              	.LVL132:
1077:Core/Src/ui/screens.c ****         uint16_t   mc = !ch->enabled ? COLOR_DARKGRAY
 2092              		.loc 1 1077 9 is_stmt 1 view .LVU343
 2093              		.loc 1 1077 20 is_stmt 0 view .LVU344
 2094 0090 43B1     		cbz	r3, .L167
 2095              		.loc 1 1077 20 discriminator 1 view .LVU345
 2096 0092 002E     		cmp	r6, #0
 2097 0094 00F08F80 		beq	.L168
 2098              		.loc 1 1077 20 discriminator 2 view .LVU346
 2099 0098 4FF62059 		movw	r9, #64800
 2100 009c 04E0     		b	.L145
 2101              	.LVL133:
 2102              	.L166:
1076:Core/Src/ui/screens.c ****         uint16_t   mc = !ch->enabled ? COLOR_DARKGRAY
 2103              		.loc 1 1076 21 discriminator 3 view .LVU347
 2104 009e DFF84C81 		ldr	r8, .L187+40
 2105 00a2 F5E7     		b	.L144
 2106              	.LVL134:
 2107              	.L167:
 2108              		.loc 1 1077 20 discriminator 4 view .LVU348
 2109 00a4 44F20829 		movw	r9, #16904
 2110              	.L145:
 2111              	.LVL135:
1078:Core/Src/ui/screens.c ****                                      : (cc ? COLOR_ORANGE : COLOR_GREEN);
1079:Core/Src/ui/screens.c ****         GFX_FillRoundRect(178, CONTENT_Y + 8, 52, 22, 4, mc);
 2112              		.loc 1 1079 9 is_stmt 1 view .LVU349
 2113 00a8 CDF80490 		str	r9, [sp, #4]
 2114 00ac 0423     		movs	r3, #4
 2115 00ae 0093     		str	r3, [sp]
 2116 00b0 1623     		movs	r3, #22
 2117 00b2 3422     		movs	r2, #52
 2118 00b4 2621     		movs	r1, #38
ARM GAS  /tmp/cczpKMPG.s 			page 62


 2119 00b6 B220     		movs	r0, #178
 2120 00b8 FFF7FEFF 		bl	GFX_FillRoundRect
 2121              	.LVL136:
1080:Core/Src/ui/screens.c ****         GFX_DrawString(178 + (52 - strlen(m) * 7) / 2, CONTENT_Y + 15, m,
 2122              		.loc 1 1080 9 view .LVU350
 2123              		.loc 1 1080 36 is_stmt 0 view .LVU351
 2124 00bc 4046     		mov	r0, r8
 2125 00be FFF7FEFF 		bl	strlen
 2126              	.LVL137:
 2127              		.loc 1 1080 46 discriminator 1 view .LVU352
 2128 00c2 C0EBC000 		rsb	r0, r0, r0, lsl #3
 2129              		.loc 1 1080 34 discriminator 1 view .LVU353
 2130 00c6 C0F13400 		rsb	r0, r0, #52
 2131              		.loc 1 1080 51 discriminator 1 view .LVU354
 2132 00ca 4008     		lsrs	r0, r0, #1
 2133              		.loc 1 1080 9 discriminator 1 view .LVU355
 2134 00cc DFF810A1 		ldr	r10, .L187+28
 2135 00d0 B230     		adds	r0, r0, #178
 2136 00d2 CDF80490 		str	r9, [sp, #4]
 2137 00d6 0023     		movs	r3, #0
 2138 00d8 0093     		str	r3, [sp]
 2139 00da 5346     		mov	r3, r10
 2140 00dc 4246     		mov	r2, r8
 2141 00de 2D21     		movs	r1, #45
 2142 00e0 80B2     		uxth	r0, r0
 2143 00e2 FFF7FEFF 		bl	GFX_DrawString
 2144              	.LVL138:
 2145              	.LBE10:
1081:Core/Src/ui/screens.c ****                        &GFX_FontSmall, COLOR_BLACK, mc);
1082:Core/Src/ui/screens.c ****     }
1083:Core/Src/ui/screens.c ****     GFX_DrawString(10, CONTENT_Y + 15, "Bench supply - STPD01",
 2146              		.loc 1 1083 5 is_stmt 1 view .LVU356
 2147 00e6 40F64103 		movw	r3, #2113
 2148 00ea 0193     		str	r3, [sp, #4]
 2149 00ec 48F21043 		movw	r3, #33808
 2150 00f0 0093     		str	r3, [sp]
 2151 00f2 5346     		mov	r3, r10
 2152 00f4 364A     		ldr	r2, .L187+12
 2153 00f6 2D21     		movs	r1, #45
 2154 00f8 0A20     		movs	r0, #10
 2155 00fa FFF7FEFF 		bl	GFX_DrawString
 2156              	.LVL139:
1084:Core/Src/ui/screens.c ****                    &GFX_FontSmall, COLOR_GRAY, COLOR_BG);
1085:Core/Src/ui/screens.c **** 
1086:Core/Src/ui/screens.c ****     /* big live numbers: V / A / W */
1087:Core/Src/ui/screens.c ****     snprintf(buf, sizeof(buf), "%2ld.%02ld", (long)(v_out / 1000),
 2157              		.loc 1 1087 5 view .LVU357
1088:Core/Src/ui/screens.c ****              (long)((v_out % 1000) / 10));
 2158              		.loc 1 1088 28 is_stmt 0 view .LVU358
 2159 00fe 334B     		ldr	r3, .L187+8
 2160 0100 83FB0523 		smull	r2, r3, r3, r5
 2161 0104 E817     		asrs	r0, r5, #31
 2162 0106 C0EBA312 		rsb	r2, r0, r3, asr #6
 2163 010a 4FF47A71 		mov	r1, #1000
 2164 010e 01FB1252 		mls	r2, r1, r2, r5
1087:Core/Src/ui/screens.c ****              (long)((v_out % 1000) / 10));
 2165              		.loc 1 1087 5 view .LVU359
ARM GAS  /tmp/cczpKMPG.s 			page 63


 2166 0112 3049     		ldr	r1, .L187+16
 2167 0114 81FB0251 		smull	r5, r1, r1, r2
 2168              	.LVL140:
1087:Core/Src/ui/screens.c ****              (long)((v_out % 1000) / 10));
 2169              		.loc 1 1087 5 view .LVU360
 2170 0118 D217     		asrs	r2, r2, #31
 2171 011a C2EBA102 		rsb	r2, r2, r1, asr #2
 2172 011e 0092     		str	r2, [sp]
 2173 0120 C0EBA313 		rsb	r3, r0, r3, asr #6
 2174 0124 2C4A     		ldr	r2, .L187+20
 2175 0126 1821     		movs	r1, #24
 2176 0128 04A8     		add	r0, sp, #16
 2177 012a FFF7FEFF 		bl	snprintf
 2178              	.LVL141:
1089:Core/Src/ui/screens.c ****     GFX_DrawStringScaled(24, CONTENT_Y + 44, buf, &GFX_FontSmall, 4,
 2179              		.loc 1 1089 5 is_stmt 1 view .LVU361
1090:Core/Src/ui/screens.c ****                          ch->enabled ? COLOR_WHITE : COLOR_DARKGRAY, COLOR_BG);
 2180              		.loc 1 1090 28 is_stmt 0 view .LVU362
 2181 012e 264B     		ldr	r3, .L187+4
 2182 0130 9B7B     		ldrb	r3, [r3, #14]	@ zero_extendqisi2
1089:Core/Src/ui/screens.c ****     GFX_DrawStringScaled(24, CONTENT_Y + 44, buf, &GFX_FontSmall, 4,
 2183              		.loc 1 1089 5 view .LVU363
 2184 0132 002B     		cmp	r3, #0
 2185 0134 42D0     		beq	.L169
1089:Core/Src/ui/screens.c ****     GFX_DrawStringScaled(24, CONTENT_Y + 44, buf, &GFX_FontSmall, 4,
 2186              		.loc 1 1089 5 discriminator 1 view .LVU364
 2187 0136 4FF6FF73 		movw	r3, #65535
 2188              	.L146:
1089:Core/Src/ui/screens.c ****     GFX_DrawStringScaled(24, CONTENT_Y + 44, buf, &GFX_FontSmall, 4,
 2189              		.loc 1 1089 5 discriminator 3 view .LVU365
 2190 013a DFF8A480 		ldr	r8, .L187+28
 2191              	.LVL142:
1089:Core/Src/ui/screens.c ****     GFX_DrawStringScaled(24, CONTENT_Y + 44, buf, &GFX_FontSmall, 4,
 2192              		.loc 1 1089 5 discriminator 3 view .LVU366
 2193 013e 04AD     		add	r5, sp, #16
 2194 0140 40F64109 		movw	r9, #2113
 2195              	.LVL143:
1089:Core/Src/ui/screens.c ****     GFX_DrawStringScaled(24, CONTENT_Y + 44, buf, &GFX_FontSmall, 4,
 2196              		.loc 1 1089 5 discriminator 3 view .LVU367
 2197 0144 CDF80890 		str	r9, [sp, #8]
 2198 0148 0193     		str	r3, [sp, #4]
 2199 014a 0423     		movs	r3, #4
 2200 014c 0093     		str	r3, [sp]
 2201 014e 4346     		mov	r3, r8
 2202 0150 2A46     		mov	r2, r5
 2203 0152 4A21     		movs	r1, #74
 2204 0154 1820     		movs	r0, #24
 2205 0156 FFF7FEFF 		bl	GFX_DrawStringScaled
 2206              	.LVL144:
1091:Core/Src/ui/screens.c ****     GFX_DrawStringScaled(178, CONTENT_Y + 52, "V", &GFX_FontSmall, 2,
 2207              		.loc 1 1091 5 is_stmt 1 view .LVU368
 2208 015a CDF80890 		str	r9, [sp, #8]
 2209 015e 48F21043 		movw	r3, #33808
 2210 0162 0193     		str	r3, [sp, #4]
 2211 0164 0223     		movs	r3, #2
 2212 0166 0093     		str	r3, [sp]
 2213 0168 4346     		mov	r3, r8
ARM GAS  /tmp/cczpKMPG.s 			page 64


 2214 016a 1C4A     		ldr	r2, .L187+24
 2215 016c 5221     		movs	r1, #82
 2216 016e B220     		movs	r0, #178
 2217 0170 FFF7FEFF 		bl	GFX_DrawStringScaled
 2218              	.LVL145:
1092:Core/Src/ui/screens.c ****                          COLOR_GRAY, COLOR_BG);
1093:Core/Src/ui/screens.c **** 
1094:Core/Src/ui/screens.c ****     snprintf(buf, sizeof(buf), "%2ld.%02ld", (long)(i_out / 1000),
 2219              		.loc 1 1094 5 view .LVU369
1095:Core/Src/ui/screens.c ****              (long)((i_out % 1000) / 10));
 2220              		.loc 1 1095 28 is_stmt 0 view .LVU370
 2221 0174 154B     		ldr	r3, .L187+8
 2222 0176 83FB0723 		smull	r2, r3, r3, r7
 2223 017a F817     		asrs	r0, r7, #31
 2224 017c C0EBA312 		rsb	r2, r0, r3, asr #6
 2225 0180 4FF47A71 		mov	r1, #1000
 2226 0184 01FB1272 		mls	r2, r1, r2, r7
1094:Core/Src/ui/screens.c ****              (long)((i_out % 1000) / 10));
 2227              		.loc 1 1094 5 view .LVU371
 2228 0188 1249     		ldr	r1, .L187+16
 2229 018a 81FB0271 		smull	r7, r1, r1, r2
 2230              	.LVL146:
1094:Core/Src/ui/screens.c ****              (long)((i_out % 1000) / 10));
 2231              		.loc 1 1094 5 view .LVU372
 2232 018e D217     		asrs	r2, r2, #31
 2233 0190 C2EBA102 		rsb	r2, r2, r1, asr #2
 2234 0194 0092     		str	r2, [sp]
 2235 0196 C0EBA313 		rsb	r3, r0, r3, asr #6
 2236 019a 0F4A     		ldr	r2, .L187+20
 2237 019c 1821     		movs	r1, #24
 2238 019e 2846     		mov	r0, r5
 2239 01a0 FFF7FEFF 		bl	snprintf
 2240              	.LVL147:
1096:Core/Src/ui/screens.c ****     GFX_DrawStringScaled(24, CONTENT_Y + 84, buf, &GFX_FontSmall, 4,
 2241              		.loc 1 1096 5 is_stmt 1 view .LVU373
1097:Core/Src/ui/screens.c ****                          !ch->enabled ? COLOR_DARKGRAY
 2242              		.loc 1 1097 29 is_stmt 0 view .LVU374
 2243 01a4 084B     		ldr	r3, .L187+4
 2244 01a6 9B7B     		ldrb	r3, [r3, #14]	@ zero_extendqisi2
1096:Core/Src/ui/screens.c ****     GFX_DrawStringScaled(24, CONTENT_Y + 84, buf, &GFX_FontSmall, 4,
 2245              		.loc 1 1096 5 view .LVU375
 2246 01a8 13B3     		cbz	r3, .L170
1096:Core/Src/ui/screens.c ****     GFX_DrawStringScaled(24, CONTENT_Y + 84, buf, &GFX_FontSmall, 4,
 2247              		.loc 1 1096 5 discriminator 1 view .LVU376
 2248 01aa 002E     		cmp	r6, #0
 2249 01ac 00F03081 		beq	.L171
1096:Core/Src/ui/screens.c ****     GFX_DrawStringScaled(24, CONTENT_Y + 84, buf, &GFX_FontSmall, 4,
 2250              		.loc 1 1096 5 discriminator 2 view .LVU377
 2251 01b0 4FF62053 		movw	r3, #64800
 2252 01b4 1EE0     		b	.L147
 2253              	.LVL148:
 2254              	.L168:
 2255              	.LBB11:
1077:Core/Src/ui/screens.c ****                                      : (cc ? COLOR_ORANGE : COLOR_GREEN);
 2256              		.loc 1 1077 20 discriminator 3 view .LVU378
 2257 01b6 4FF4FC69 		mov	r9, #2016
 2258 01ba 75E7     		b	.L145
ARM GAS  /tmp/cczpKMPG.s 			page 65


 2259              	.LVL149:
 2260              	.L169:
1077:Core/Src/ui/screens.c ****                                      : (cc ? COLOR_ORANGE : COLOR_GREEN);
 2261              		.loc 1 1077 20 discriminator 3 view .LVU379
 2262              	.LBE11:
1089:Core/Src/ui/screens.c ****                          ch->enabled ? COLOR_WHITE : COLOR_DARKGRAY, COLOR_BG);
 2263              		.loc 1 1089 5 discriminator 2 view .LVU380
 2264 01bc 44F20823 		movw	r3, #16904
 2265 01c0 BBE7     		b	.L146
 2266              	.L188:
 2267 01c2 00BF     		.align	2
 2268              	.L187:
 2269 01c4 00000000 		.word	port_stats
 2270 01c8 00000000 		.word	_out_ch
 2271 01cc D34D6210 		.word	274877907
 2272 01d0 40000000 		.word	.LC38
 2273 01d4 67666666 		.word	1717986919
 2274 01d8 58000000 		.word	.LC39
 2275 01dc 64000000 		.word	.LC40
 2276 01e0 00000000 		.word	GFX_FontSmall
 2277 01e4 08000000 		.word	.LC34
 2278 01e8 04000000 		.word	.LC33
 2279 01ec 00000000 		.word	.LC32
 2280              	.LVL150:
 2281              	.L170:
1096:Core/Src/ui/screens.c ****                          !ch->enabled ? COLOR_DARKGRAY
 2282              		.loc 1 1096 5 discriminator 4 view .LVU381
 2283 01f0 44F20823 		movw	r3, #16904
 2284              	.L147:
1096:Core/Src/ui/screens.c ****                          !ch->enabled ? COLOR_DARKGRAY
 2285              		.loc 1 1096 5 discriminator 5 view .LVU382
 2286 01f4 A84E     		ldr	r6, .L189
 2287              	.LVL151:
1096:Core/Src/ui/screens.c ****                          !ch->enabled ? COLOR_DARKGRAY
 2288              		.loc 1 1096 5 discriminator 5 view .LVU383
 2289 01f6 04AD     		add	r5, sp, #16
 2290 01f8 40F64107 		movw	r7, #2113
 2291 01fc 0297     		str	r7, [sp, #8]
 2292 01fe 0193     		str	r3, [sp, #4]
 2293 0200 0423     		movs	r3, #4
 2294 0202 0093     		str	r3, [sp]
 2295 0204 3346     		mov	r3, r6
 2296 0206 2A46     		mov	r2, r5
 2297 0208 7221     		movs	r1, #114
 2298 020a 1820     		movs	r0, #24
 2299 020c FFF7FEFF 		bl	GFX_DrawStringScaled
 2300              	.LVL152:
1098:Core/Src/ui/screens.c ****                                       : (cc ? COLOR_ORANGE : COLOR_CYAN), COLOR_BG);
1099:Core/Src/ui/screens.c ****     GFX_DrawStringScaled(178, CONTENT_Y + 92, "A", &GFX_FontSmall, 2,
 2301              		.loc 1 1099 5 is_stmt 1 view .LVU384
 2302 0210 0297     		str	r7, [sp, #8]
 2303 0212 48F21043 		movw	r3, #33808
 2304 0216 0193     		str	r3, [sp, #4]
 2305 0218 0223     		movs	r3, #2
 2306 021a 0093     		str	r3, [sp]
 2307 021c 3346     		mov	r3, r6
 2308 021e 9F4A     		ldr	r2, .L189+4
ARM GAS  /tmp/cczpKMPG.s 			page 66


 2309 0220 7A21     		movs	r1, #122
 2310 0222 B220     		movs	r0, #178
 2311 0224 FFF7FEFF 		bl	GFX_DrawStringScaled
 2312              	.LVL153:
1100:Core/Src/ui/screens.c ****                          COLOR_GRAY, COLOR_BG);
1101:Core/Src/ui/screens.c **** 
1102:Core/Src/ui/screens.c ****     snprintf(buf, sizeof(buf), "%2ld.%01ld W", (long)(w_out / 1000),
 2313              		.loc 1 1102 5 view .LVU385
1103:Core/Src/ui/screens.c ****              (long)((w_out % 1000) / 100));
 2314              		.loc 1 1103 28 is_stmt 0 view .LVU386
 2315 0228 9D4B     		ldr	r3, .L189+8
 2316 022a 83FB0423 		smull	r2, r3, r3, r4
 2317 022e E017     		asrs	r0, r4, #31
 2318 0230 C0EBA312 		rsb	r2, r0, r3, asr #6
 2319 0234 4FF47A71 		mov	r1, #1000
 2320 0238 01FB1242 		mls	r2, r1, r2, r4
1102:Core/Src/ui/screens.c ****              (long)((w_out % 1000) / 100));
 2321              		.loc 1 1102 5 view .LVU387
 2322 023c 9949     		ldr	r1, .L189+12
 2323 023e 81FB0241 		smull	r4, r1, r1, r2
 2324              	.LVL154:
1102:Core/Src/ui/screens.c ****              (long)((w_out % 1000) / 100));
 2325              		.loc 1 1102 5 view .LVU388
 2326 0242 D217     		asrs	r2, r2, #31
 2327 0244 C2EB6112 		rsb	r2, r2, r1, asr #5
 2328 0248 0092     		str	r2, [sp]
 2329 024a C0EBA313 		rsb	r3, r0, r3, asr #6
 2330 024e 964A     		ldr	r2, .L189+16
 2331 0250 1821     		movs	r1, #24
 2332 0252 2846     		mov	r0, r5
 2333 0254 FFF7FEFF 		bl	snprintf
 2334              	.LVL155:
1104:Core/Src/ui/screens.c ****     GFX_DrawStringScaled(24, CONTENT_Y + 126, buf, &GFX_FontSmall, 2,
 2335              		.loc 1 1104 5 is_stmt 1 view .LVU389
1105:Core/Src/ui/screens.c ****                          ch->enabled ? COLOR_YELLOW : COLOR_DARKGRAY, COLOR_BG);
 2336              		.loc 1 1105 28 is_stmt 0 view .LVU390
 2337 0258 944B     		ldr	r3, .L189+20
 2338 025a 9B7B     		ldrb	r3, [r3, #14]	@ zero_extendqisi2
1104:Core/Src/ui/screens.c ****     GFX_DrawStringScaled(24, CONTENT_Y + 126, buf, &GFX_FontSmall, 2,
 2339              		.loc 1 1104 5 view .LVU391
 2340 025c 002B     		cmp	r3, #0
 2341 025e 00F0DA80 		beq	.L172
1104:Core/Src/ui/screens.c ****     GFX_DrawStringScaled(24, CONTENT_Y + 126, buf, &GFX_FontSmall, 2,
 2342              		.loc 1 1104 5 discriminator 1 view .LVU392
 2343 0262 4FF6E073 		movw	r3, #65504
 2344              	.L148:
1104:Core/Src/ui/screens.c ****     GFX_DrawStringScaled(24, CONTENT_Y + 126, buf, &GFX_FontSmall, 2,
 2345              		.loc 1 1104 5 discriminator 3 view .LVU393
 2346 0266 40F64102 		movw	r2, #2113
 2347 026a 0292     		str	r2, [sp, #8]
 2348 026c 0193     		str	r3, [sp, #4]
 2349 026e 0223     		movs	r3, #2
 2350 0270 0093     		str	r3, [sp]
 2351 0272 894B     		ldr	r3, .L189
 2352 0274 04AA     		add	r2, sp, #16
 2353 0276 9C21     		movs	r1, #156
 2354 0278 1820     		movs	r0, #24
ARM GAS  /tmp/cczpKMPG.s 			page 67


 2355 027a FFF7FEFF 		bl	GFX_DrawStringScaled
 2356              	.LVL156:
1106:Core/Src/ui/screens.c **** 
1107:Core/Src/ui/screens.c ****     GFX_DrawHLine(10, CONTENT_Y + 156, 220, COLOR_DARKGRAY);
 2357              		.loc 1 1107 5 is_stmt 1 view .LVU394
 2358 027e 44F20823 		movw	r3, #16904
 2359 0282 DC22     		movs	r2, #220
 2360 0284 BA21     		movs	r1, #186
 2361 0286 0A20     		movs	r0, #10
 2362 0288 FFF7FEFF 		bl	GFX_DrawHLine
 2363              	.LVL157:
1108:Core/Src/ui/screens.c **** 
1109:Core/Src/ui/screens.c ****     /* setpoints V-SET and I-LIM, <> marks the one in edit */
1110:Core/Src/ui/screens.c ****     if (_out_edit && _out_row == 1)
 2364              		.loc 1 1110 5 view .LVU395
 2365              		.loc 1 1110 9 is_stmt 0 view .LVU396
 2366 028c 884B     		ldr	r3, .L189+24
 2367 028e 1B78     		ldrb	r3, [r3]	@ zero_extendqisi2
 2368              		.loc 1 1110 8 view .LVU397
 2369 0290 23B1     		cbz	r3, .L149
 2370              		.loc 1 1110 31 discriminator 1 view .LVU398
 2371 0292 884B     		ldr	r3, .L189+28
 2372 0294 1B78     		ldrb	r3, [r3]	@ zero_extendqisi2
 2373              		.loc 1 1110 19 discriminator 1 view .LVU399
 2374 0296 012B     		cmp	r3, #1
 2375 0298 00F0C080 		beq	.L181
 2376              	.L149:
1111:Core/Src/ui/screens.c ****         snprintf(buf, sizeof(buf), "<%u.%uV>", ch->voltage_mv / 1000,
1112:Core/Src/ui/screens.c ****                  (ch->voltage_mv % 1000) / 100);
1113:Core/Src/ui/screens.c ****     else
1114:Core/Src/ui/screens.c ****         snprintf(buf, sizeof(buf), "%u.%uV", ch->voltage_mv / 1000,
 2377              		.loc 1 1114 9 is_stmt 1 view .LVU400
 2378              		.loc 1 1114 48 is_stmt 0 view .LVU401
 2379 029c 834B     		ldr	r3, .L189+20
 2380 029e 1A8A     		ldrh	r2, [r3, #16]
 2381              		.loc 1 1114 9 view .LVU402
 2382 02a0 7F4B     		ldr	r3, .L189+8
 2383 02a2 A3FB0213 		umull	r1, r3, r3, r2
 2384 02a6 9909     		lsrs	r1, r3, #6
 2385 02a8 4FF47A70 		mov	r0, #1000
 2386 02ac 00FB1122 		mls	r2, r0, r1, r2
 2387 02b0 92B2     		uxth	r2, r2
 2388 02b2 7C49     		ldr	r1, .L189+12
 2389 02b4 A1FB0212 		umull	r1, r2, r1, r2
 2390 02b8 5209     		lsrs	r2, r2, #5
 2391 02ba 0092     		str	r2, [sp]
 2392 02bc 9B09     		lsrs	r3, r3, #6
 2393 02be 7E4A     		ldr	r2, .L189+32
 2394 02c0 1821     		movs	r1, #24
 2395 02c2 04A8     		add	r0, sp, #16
 2396 02c4 FFF7FEFF 		bl	snprintf
 2397              	.LVL158:
 2398              	.L150:
1115:Core/Src/ui/screens.c ****                  (ch->voltage_mv % 1000) / 100);
1116:Core/Src/ui/screens.c ****     GFX_DrawString(10, CONTENT_Y + 166, "V-SET", &GFX_FontSmall,
 2399              		.loc 1 1116 5 is_stmt 1 view .LVU403
1117:Core/Src/ui/screens.c ****                    (_out_row == 1) ? COLOR_ACCENT : COLOR_LIGHTGRAY, COLOR_BG);
ARM GAS  /tmp/cczpKMPG.s 			page 68


 2400              		.loc 1 1117 30 is_stmt 0 view .LVU404
 2401 02c8 7A4B     		ldr	r3, .L189+28
 2402 02ca 1B78     		ldrb	r3, [r3]	@ zero_extendqisi2
1116:Core/Src/ui/screens.c ****                    (_out_row == 1) ? COLOR_ACCENT : COLOR_LIGHTGRAY, COLOR_BG);
 2403              		.loc 1 1116 5 view .LVU405
 2404 02cc 012B     		cmp	r3, #1
 2405 02ce 00F0BC80 		beq	.L182
1116:Core/Src/ui/screens.c ****                    (_out_row == 1) ? COLOR_ACCENT : COLOR_LIGHTGRAY, COLOR_BG);
 2406              		.loc 1 1116 5 discriminator 2 view .LVU406
 2407 02d2 4CF21863 		movw	r3, #50712
 2408              	.L151:
1116:Core/Src/ui/screens.c ****                    (_out_row == 1) ? COLOR_ACCENT : COLOR_LIGHTGRAY, COLOR_BG);
 2409              		.loc 1 1116 5 discriminator 3 view .LVU407
 2410 02d6 40F64102 		movw	r2, #2113
 2411 02da 0192     		str	r2, [sp, #4]
 2412 02dc 0093     		str	r3, [sp]
 2413 02de 6E4B     		ldr	r3, .L189
 2414 02e0 764A     		ldr	r2, .L189+36
 2415 02e2 C421     		movs	r1, #196
 2416 02e4 0A20     		movs	r0, #10
 2417 02e6 FFF7FEFF 		bl	GFX_DrawString
 2418              	.LVL159:
1118:Core/Src/ui/screens.c ****     GFX_DrawStringScaled(10, CONTENT_Y + 178, buf, &GFX_FontSmall, 2,
 2419              		.loc 1 1118 5 is_stmt 1 view .LVU408
1119:Core/Src/ui/screens.c ****                          (_out_row == 1) ? COLOR_ACCENT : COLOR_WHITE, COLOR_BG);
 2420              		.loc 1 1119 36 is_stmt 0 view .LVU409
 2421 02ea 724B     		ldr	r3, .L189+28
 2422 02ec 1B78     		ldrb	r3, [r3]	@ zero_extendqisi2
1118:Core/Src/ui/screens.c ****     GFX_DrawStringScaled(10, CONTENT_Y + 178, buf, &GFX_FontSmall, 2,
 2423              		.loc 1 1118 5 view .LVU410
 2424 02ee 012B     		cmp	r3, #1
 2425 02f0 00F0AE80 		beq	.L183
1118:Core/Src/ui/screens.c ****     GFX_DrawStringScaled(10, CONTENT_Y + 178, buf, &GFX_FontSmall, 2,
 2426              		.loc 1 1118 5 discriminator 2 view .LVU411
 2427 02f4 4FF6FF73 		movw	r3, #65535
 2428              	.L152:
1118:Core/Src/ui/screens.c ****     GFX_DrawStringScaled(10, CONTENT_Y + 178, buf, &GFX_FontSmall, 2,
 2429              		.loc 1 1118 5 discriminator 3 view .LVU412
 2430 02f8 40F64102 		movw	r2, #2113
 2431 02fc 0292     		str	r2, [sp, #8]
 2432 02fe 0193     		str	r3, [sp, #4]
 2433 0300 0223     		movs	r3, #2
 2434 0302 0093     		str	r3, [sp]
 2435 0304 644B     		ldr	r3, .L189
 2436 0306 04AA     		add	r2, sp, #16
 2437 0308 D021     		movs	r1, #208
 2438 030a 0A20     		movs	r0, #10
 2439 030c FFF7FEFF 		bl	GFX_DrawStringScaled
 2440              	.LVL160:
1120:Core/Src/ui/screens.c **** 
1121:Core/Src/ui/screens.c ****     if (_out_edit && _out_row == 2)
 2441              		.loc 1 1121 5 is_stmt 1 view .LVU413
 2442              		.loc 1 1121 9 is_stmt 0 view .LVU414
 2443 0310 674B     		ldr	r3, .L189+24
 2444 0312 1B78     		ldrb	r3, [r3]	@ zero_extendqisi2
 2445              		.loc 1 1121 8 view .LVU415
 2446 0314 23B1     		cbz	r3, .L153
ARM GAS  /tmp/cczpKMPG.s 			page 69


 2447              		.loc 1 1121 31 discriminator 1 view .LVU416
 2448 0316 674B     		ldr	r3, .L189+28
 2449 0318 1B78     		ldrb	r3, [r3]	@ zero_extendqisi2
 2450              		.loc 1 1121 19 discriminator 1 view .LVU417
 2451 031a 022B     		cmp	r3, #2
 2452 031c 00F09B80 		beq	.L184
 2453              	.L153:
1122:Core/Src/ui/screens.c ****         snprintf(buf, sizeof(buf), "<%u.%uA>", ch->ilim_ma / 1000,
1123:Core/Src/ui/screens.c ****                  (ch->ilim_ma % 1000) / 100);
1124:Core/Src/ui/screens.c ****     else
1125:Core/Src/ui/screens.c ****         snprintf(buf, sizeof(buf), "%u.%uA", ch->ilim_ma / 1000,
 2454              		.loc 1 1125 9 is_stmt 1 view .LVU418
 2455              		.loc 1 1125 48 is_stmt 0 view .LVU419
 2456 0320 624B     		ldr	r3, .L189+20
 2457 0322 5A8A     		ldrh	r2, [r3, #18]
 2458              		.loc 1 1125 9 view .LVU420
 2459 0324 5E4B     		ldr	r3, .L189+8
 2460 0326 A3FB0213 		umull	r1, r3, r3, r2
 2461 032a 9909     		lsrs	r1, r3, #6
 2462 032c 4FF47A70 		mov	r0, #1000
 2463 0330 00FB1122 		mls	r2, r0, r1, r2
 2464 0334 92B2     		uxth	r2, r2
 2465 0336 5B49     		ldr	r1, .L189+12
 2466 0338 A1FB0212 		umull	r1, r2, r1, r2
 2467 033c 5209     		lsrs	r2, r2, #5
 2468 033e 0092     		str	r2, [sp]
 2469 0340 9B09     		lsrs	r3, r3, #6
 2470 0342 5F4A     		ldr	r2, .L189+40
 2471 0344 1821     		movs	r1, #24
 2472 0346 04A8     		add	r0, sp, #16
 2473 0348 FFF7FEFF 		bl	snprintf
 2474              	.LVL161:
 2475              	.L154:
1126:Core/Src/ui/screens.c ****                  (ch->ilim_ma % 1000) / 100);
1127:Core/Src/ui/screens.c ****     GFX_DrawString(130, CONTENT_Y + 166, "I-LIM", &GFX_FontSmall,
 2476              		.loc 1 1127 5 is_stmt 1 view .LVU421
1128:Core/Src/ui/screens.c ****                    (_out_row == 2) ? COLOR_ACCENT : COLOR_LIGHTGRAY, COLOR_BG);
 2477              		.loc 1 1128 30 is_stmt 0 view .LVU422
 2478 034c 594B     		ldr	r3, .L189+28
 2479 034e 1B78     		ldrb	r3, [r3]	@ zero_extendqisi2
1127:Core/Src/ui/screens.c ****                    (_out_row == 2) ? COLOR_ACCENT : COLOR_LIGHTGRAY, COLOR_BG);
 2480              		.loc 1 1127 5 view .LVU423
 2481 0350 022B     		cmp	r3, #2
 2482 0352 00F09780 		beq	.L185
1127:Core/Src/ui/screens.c ****                    (_out_row == 2) ? COLOR_ACCENT : COLOR_LIGHTGRAY, COLOR_BG);
 2483              		.loc 1 1127 5 discriminator 2 view .LVU424
 2484 0356 4CF21863 		movw	r3, #50712
 2485              	.L155:
1127:Core/Src/ui/screens.c ****                    (_out_row == 2) ? COLOR_ACCENT : COLOR_LIGHTGRAY, COLOR_BG);
 2486              		.loc 1 1127 5 discriminator 3 view .LVU425
 2487 035a 40F64102 		movw	r2, #2113
 2488 035e 0192     		str	r2, [sp, #4]
 2489 0360 0093     		str	r3, [sp]
 2490 0362 4D4B     		ldr	r3, .L189
 2491 0364 574A     		ldr	r2, .L189+44
 2492 0366 C421     		movs	r1, #196
 2493 0368 8220     		movs	r0, #130
ARM GAS  /tmp/cczpKMPG.s 			page 70


 2494 036a FFF7FEFF 		bl	GFX_DrawString
 2495              	.LVL162:
1129:Core/Src/ui/screens.c ****     GFX_DrawStringScaled(130, CONTENT_Y + 178, buf, &GFX_FontSmall, 2,
 2496              		.loc 1 1129 5 is_stmt 1 view .LVU426
1130:Core/Src/ui/screens.c ****                          (_out_row == 2) ? COLOR_ACCENT : COLOR_WHITE, COLOR_BG);
 2497              		.loc 1 1130 36 is_stmt 0 view .LVU427
 2498 036e 514B     		ldr	r3, .L189+28
 2499 0370 1B78     		ldrb	r3, [r3]	@ zero_extendqisi2
1129:Core/Src/ui/screens.c ****     GFX_DrawStringScaled(130, CONTENT_Y + 178, buf, &GFX_FontSmall, 2,
 2500              		.loc 1 1129 5 view .LVU428
 2501 0372 022B     		cmp	r3, #2
 2502 0374 00F08980 		beq	.L186
1129:Core/Src/ui/screens.c ****     GFX_DrawStringScaled(130, CONTENT_Y + 178, buf, &GFX_FontSmall, 2,
 2503              		.loc 1 1129 5 discriminator 2 view .LVU429
 2504 0378 4FF6FF73 		movw	r3, #65535
 2505              	.L156:
1129:Core/Src/ui/screens.c ****     GFX_DrawStringScaled(130, CONTENT_Y + 178, buf, &GFX_FontSmall, 2,
 2506              		.loc 1 1129 5 discriminator 3 view .LVU430
 2507 037c 40F64102 		movw	r2, #2113
 2508 0380 0292     		str	r2, [sp, #8]
 2509 0382 0193     		str	r3, [sp, #4]
 2510 0384 0223     		movs	r3, #2
 2511 0386 0093     		str	r3, [sp]
 2512 0388 434B     		ldr	r3, .L189
 2513 038a 04AA     		add	r2, sp, #16
 2514 038c D021     		movs	r1, #208
 2515 038e 8220     		movs	r0, #130
 2516 0390 FFF7FEFF 		bl	GFX_DrawStringScaled
 2517              	.LVL163:
1131:Core/Src/ui/screens.c **** 
1132:Core/Src/ui/screens.c ****     /* buttons: OUTPUT and Back */
1133:Core/Src/ui/screens.c ****     Widget_Button_Draw(10, CONTENT_Y + 212, 105, 34,
 2518              		.loc 1 1133 5 is_stmt 1 view .LVU431
1134:Core/Src/ui/screens.c ****                        ch->enabled ? "OUT [ON]" : "OUT [OFF]", (_out_row == 0));
 2519              		.loc 1 1134 26 is_stmt 0 view .LVU432
 2520 0394 454B     		ldr	r3, .L189+20
 2521 0396 9B7B     		ldrb	r3, [r3, #14]	@ zero_extendqisi2
1133:Core/Src/ui/screens.c ****                        ch->enabled ? "OUT [ON]" : "OUT [OFF]", (_out_row == 0));
 2522              		.loc 1 1133 5 view .LVU433
 2523 0398 002B     		cmp	r3, #0
 2524 039a 79D0     		beq	.L177
1133:Core/Src/ui/screens.c ****                        ch->enabled ? "OUT [ON]" : "OUT [OFF]", (_out_row == 0));
 2525              		.loc 1 1133 5 discriminator 1 view .LVU434
 2526 039c 4A4A     		ldr	r2, .L189+48
 2527              	.L157:
1133:Core/Src/ui/screens.c ****                        ch->enabled ? "OUT [ON]" : "OUT [OFF]", (_out_row == 0));
 2528              		.loc 1 1133 5 discriminator 3 view .LVU435
 2529 039e 454C     		ldr	r4, .L189+28
 2530 03a0 2378     		ldrb	r3, [r4]	@ zero_extendqisi2
 2531 03a2 B3FA83F3 		clz	r3, r3
 2532 03a6 5B09     		lsrs	r3, r3, #5
 2533 03a8 0193     		str	r3, [sp, #4]
 2534 03aa 0092     		str	r2, [sp]
 2535 03ac 2223     		movs	r3, #34
 2536 03ae 6922     		movs	r2, #105
 2537 03b0 F221     		movs	r1, #242
 2538 03b2 0A20     		movs	r0, #10
ARM GAS  /tmp/cczpKMPG.s 			page 71


 2539 03b4 FFF7FEFF 		bl	Widget_Button_Draw
 2540              	.LVL164:
1135:Core/Src/ui/screens.c ****     Widget_Button_Draw(125, CONTENT_Y + 212, 105, 34, "< Back", (_out_row == 3));
 2541              		.loc 1 1135 5 is_stmt 1 view .LVU436
 2542 03b8 2378     		ldrb	r3, [r4]	@ zero_extendqisi2
 2543 03ba 032B     		cmp	r3, #3
 2544 03bc 14BF     		ite	ne
 2545 03be 0023     		movne	r3, #0
 2546 03c0 0123     		moveq	r3, #1
 2547 03c2 0193     		str	r3, [sp, #4]
 2548 03c4 414B     		ldr	r3, .L189+52
 2549 03c6 0093     		str	r3, [sp]
 2550 03c8 2223     		movs	r3, #34
 2551 03ca 6922     		movs	r2, #105
 2552 03cc F221     		movs	r1, #242
 2553 03ce 7D20     		movs	r0, #125
 2554 03d0 FFF7FEFF 		bl	Widget_Button_Draw
 2555              	.LVL165:
1136:Core/Src/ui/screens.c **** 
1137:Core/Src/ui/screens.c ****     /* hint bar */
1138:Core/Src/ui/screens.c ****     ILI9341_FillRect(0, FOOTER_Y, ILI9341_WIDTH, FOOTER_H, COLOR_HEADER);
 2556              		.loc 1 1138 5 view .LVU437
 2557 03d4 40F68813 		movw	r3, #2440
 2558 03d8 0093     		str	r3, [sp]
 2559 03da 1E23     		movs	r3, #30
 2560 03dc F022     		movs	r2, #240
 2561 03de 4FF49171 		mov	r1, #290
 2562 03e2 0020     		movs	r0, #0
 2563 03e4 FFF7FEFF 		bl	ILI9341_FillRect
 2564              	.LVL166:
1139:Core/Src/ui/screens.c ****     GFX_DrawString(10, FOOTER_Y + 11,
 2565              		.loc 1 1139 5 view .LVU438
1140:Core/Src/ui/screens.c ****                    _out_edit ? "ROTATE=value  PRESS=set"
 2566              		.loc 1 1140 30 is_stmt 0 view .LVU439
 2567 03e8 314B     		ldr	r3, .L189+24
 2568 03ea 1B78     		ldrb	r3, [r3]	@ zero_extendqisi2
1139:Core/Src/ui/screens.c ****     GFX_DrawString(10, FOOTER_Y + 11,
 2569              		.loc 1 1139 5 view .LVU440
 2570 03ec 002B     		cmp	r3, #0
 2571 03ee 51D0     		beq	.L178
1139:Core/Src/ui/screens.c ****     GFX_DrawString(10, FOOTER_Y + 11,
 2572              		.loc 1 1139 5 discriminator 1 view .LVU441
 2573 03f0 374A     		ldr	r2, .L189+56
 2574              	.L158:
1139:Core/Src/ui/screens.c ****     GFX_DrawString(10, FOOTER_Y + 11,
 2575              		.loc 1 1139 5 discriminator 3 view .LVU442
 2576 03f2 40F68813 		movw	r3, #2440
 2577 03f6 0193     		str	r3, [sp, #4]
 2578 03f8 48F21043 		movw	r3, #33808
 2579 03fc 0093     		str	r3, [sp]
 2580 03fe 264B     		ldr	r3, .L189
 2581 0400 40F22D11 		movw	r1, #301
 2582 0404 0A20     		movs	r0, #10
 2583 0406 FFF7FEFF 		bl	GFX_DrawString
 2584              	.LVL167:
1141:Core/Src/ui/screens.c ****                              : "PRESS=select  2xCLICK=back",
1142:Core/Src/ui/screens.c ****                    &GFX_FontSmall, COLOR_GRAY, COLOR_HEADER);
ARM GAS  /tmp/cczpKMPG.s 			page 72


1143:Core/Src/ui/screens.c **** }
 2585              		.loc 1 1143 1 view .LVU443
 2586 040a 0AB0     		add	sp, sp, #40
 2587              	.LCFI48:
 2588              		.cfi_remember_state
 2589              		.cfi_def_cfa_offset 32
 2590              		@ sp needed
 2591 040c BDE8F087 		pop	{r4, r5, r6, r7, r8, r9, r10, pc}
 2592              	.LVL168:
 2593              	.L171:
 2594              	.LCFI49:
 2595              		.cfi_restore_state
1096:Core/Src/ui/screens.c ****                          !ch->enabled ? COLOR_DARKGRAY
 2596              		.loc 1 1096 5 discriminator 3 view .LVU444
 2597 0410 40F2FF73 		movw	r3, #2047
 2598 0414 EEE6     		b	.L147
 2599              	.LVL169:
 2600              	.L172:
1104:Core/Src/ui/screens.c ****                          ch->enabled ? COLOR_YELLOW : COLOR_DARKGRAY, COLOR_BG);
 2601              		.loc 1 1104 5 discriminator 2 view .LVU445
 2602 0416 44F20823 		movw	r3, #16904
 2603 041a 24E7     		b	.L148
 2604              	.L181:
1111:Core/Src/ui/screens.c ****                  (ch->voltage_mv % 1000) / 100);
 2605              		.loc 1 1111 9 is_stmt 1 view .LVU446
1111:Core/Src/ui/screens.c ****                  (ch->voltage_mv % 1000) / 100);
 2606              		.loc 1 1111 50 is_stmt 0 view .LVU447
 2607 041c 234B     		ldr	r3, .L189+20
 2608 041e 1A8A     		ldrh	r2, [r3, #16]
1111:Core/Src/ui/screens.c ****                  (ch->voltage_mv % 1000) / 100);
 2609              		.loc 1 1111 9 view .LVU448
 2610 0420 1F4B     		ldr	r3, .L189+8
 2611 0422 A3FB0213 		umull	r1, r3, r3, r2
 2612 0426 9909     		lsrs	r1, r3, #6
 2613 0428 4FF47A70 		mov	r0, #1000
 2614 042c 00FB1122 		mls	r2, r0, r1, r2
 2615 0430 92B2     		uxth	r2, r2
 2616 0432 1C49     		ldr	r1, .L189+12
 2617 0434 A1FB0212 		umull	r1, r2, r1, r2
 2618 0438 5209     		lsrs	r2, r2, #5
 2619 043a 0092     		str	r2, [sp]
 2620 043c 9B09     		lsrs	r3, r3, #6
 2621 043e 254A     		ldr	r2, .L189+60
 2622 0440 1821     		movs	r1, #24
 2623 0442 04A8     		add	r0, sp, #16
 2624 0444 FFF7FEFF 		bl	snprintf
 2625              	.LVL170:
1111:Core/Src/ui/screens.c ****                  (ch->voltage_mv % 1000) / 100);
 2626              		.loc 1 1111 9 discriminator 1 view .LVU449
 2627 0448 3EE7     		b	.L150
 2628              	.L182:
1116:Core/Src/ui/screens.c ****                    (_out_row == 1) ? COLOR_ACCENT : COLOR_LIGHTGRAY, COLOR_BG);
 2629              		.loc 1 1116 5 discriminator 1 view .LVU450
 2630 044a 4FF66043 		movw	r3, #64608
 2631 044e 42E7     		b	.L151
 2632              	.L183:
1118:Core/Src/ui/screens.c ****                          (_out_row == 1) ? COLOR_ACCENT : COLOR_WHITE, COLOR_BG);
ARM GAS  /tmp/cczpKMPG.s 			page 73


 2633              		.loc 1 1118 5 discriminator 1 view .LVU451
 2634 0450 4FF66043 		movw	r3, #64608
 2635 0454 50E7     		b	.L152
 2636              	.L184:
1122:Core/Src/ui/screens.c ****                  (ch->ilim_ma % 1000) / 100);
 2637              		.loc 1 1122 9 is_stmt 1 view .LVU452
1122:Core/Src/ui/screens.c ****                  (ch->ilim_ma % 1000) / 100);
 2638              		.loc 1 1122 50 is_stmt 0 view .LVU453
 2639 0456 154B     		ldr	r3, .L189+20
 2640 0458 5A8A     		ldrh	r2, [r3, #18]
1122:Core/Src/ui/screens.c ****                  (ch->ilim_ma % 1000) / 100);
 2641              		.loc 1 1122 9 view .LVU454
 2642 045a 114B     		ldr	r3, .L189+8
 2643 045c A3FB0213 		umull	r1, r3, r3, r2
 2644 0460 9909     		lsrs	r1, r3, #6
 2645 0462 4FF47A70 		mov	r0, #1000
 2646 0466 00FB1122 		mls	r2, r0, r1, r2
 2647 046a 92B2     		uxth	r2, r2
 2648 046c 0D49     		ldr	r1, .L189+12
 2649 046e A1FB0212 		umull	r1, r2, r1, r2
 2650 0472 5209     		lsrs	r2, r2, #5
 2651 0474 0092     		str	r2, [sp]
 2652 0476 9B09     		lsrs	r3, r3, #6
 2653 0478 174A     		ldr	r2, .L189+64
 2654 047a 1821     		movs	r1, #24
 2655 047c 04A8     		add	r0, sp, #16
 2656 047e FFF7FEFF 		bl	snprintf
 2657              	.LVL171:
1122:Core/Src/ui/screens.c ****                  (ch->ilim_ma % 1000) / 100);
 2658              		.loc 1 1122 9 discriminator 1 view .LVU455
 2659 0482 63E7     		b	.L154
 2660              	.L185:
1127:Core/Src/ui/screens.c ****                    (_out_row == 2) ? COLOR_ACCENT : COLOR_LIGHTGRAY, COLOR_BG);
 2661              		.loc 1 1127 5 discriminator 1 view .LVU456
 2662 0484 4FF66043 		movw	r3, #64608
 2663 0488 67E7     		b	.L155
 2664              	.L186:
1129:Core/Src/ui/screens.c ****                          (_out_row == 2) ? COLOR_ACCENT : COLOR_WHITE, COLOR_BG);
 2665              		.loc 1 1129 5 discriminator 1 view .LVU457
 2666 048a 4FF66043 		movw	r3, #64608
 2667 048e 75E7     		b	.L156
 2668              	.L177:
1133:Core/Src/ui/screens.c ****                        ch->enabled ? "OUT [ON]" : "OUT [OFF]", (_out_row == 0));
 2669              		.loc 1 1133 5 discriminator 2 view .LVU458
 2670 0490 124A     		ldr	r2, .L189+68
 2671 0492 84E7     		b	.L157
 2672              	.L178:
1139:Core/Src/ui/screens.c ****                    _out_edit ? "ROTATE=value  PRESS=set"
 2673              		.loc 1 1139 5 discriminator 2 view .LVU459
 2674 0494 124A     		ldr	r2, .L189+72
 2675 0496 ACE7     		b	.L158
 2676              	.L190:
 2677              		.align	2
 2678              	.L189:
 2679 0498 00000000 		.word	GFX_FontSmall
 2680 049c 68000000 		.word	.LC41
 2681 04a0 D34D6210 		.word	274877907
ARM GAS  /tmp/cczpKMPG.s 			page 74


 2682 04a4 1F85EB51 		.word	1374389535
 2683 04a8 6C000000 		.word	.LC42
 2684 04ac 00000000 		.word	_out_ch
 2685 04b0 00000000 		.word	_out_edit
 2686 04b4 00000000 		.word	_out_row
 2687 04b8 88000000 		.word	.LC44
 2688 04bc 90000000 		.word	.LC45
 2689 04c0 A4000000 		.word	.LC47
 2690 04c4 AC000000 		.word	.LC48
 2691 04c8 0C000000 		.word	.LC35
 2692 04cc 90000000 		.word	.LC28
 2693 04d0 34000000 		.word	.LC21
 2694 04d4 7C000000 		.word	.LC43
 2695 04d8 98000000 		.word	.LC46
 2696 04dc 18000000 		.word	.LC36
 2697 04e0 24000000 		.word	.LC37
 2698              		.cfi_endproc
 2699              	.LFE289:
 2701              		.section	.rodata.out_draw_rows.str1.4,"aMS",%progbits,1
 2702              		.align	2
 2703              	.LC49:
 2704 0000 4F4E2000 		.ascii	"ON \000"
 2705              		.align	2
 2706              	.LC50:
 2707 0004 456E6162 		.ascii	"Enable\000"
 2707      6C6500
 2708 000b 00       		.align	2
 2709              	.LC51:
 2710 000c 252D3132 		.ascii	"%-12s [%s]\000"
 2710      73205B25 
 2710      735D00
 2711 0017 00       		.align	2
 2712              	.LC52:
 2713 0018 43757272 		.ascii	"Curr lim\000"
 2713      206C696D 
 2713      00
 2714 0021 000000   		.align	2
 2715              	.LC53:
 2716 0024 252D3130 		.ascii	"%-10s <%u.%uA>\000"
 2716      73203C25 
 2716      752E2575 
 2716      413E00
 2717 0033 00       		.align	2
 2718              	.LC54:
 2719 0034 252D3132 		.ascii	"%-12s %u.%uA\000"
 2719      73202575 
 2719      2E257541 
 2719      00
 2720              		.section	.text.out_draw_rows,"ax",%progbits
 2721              		.align	1
 2722              		.syntax unified
 2723              		.thumb
 2724              		.thumb_func
 2726              	out_draw_rows:
 2727              	.LFB290:
1144:Core/Src/ui/screens.c **** 
1145:Core/Src/ui/screens.c **** static void out_draw_rows(void)
ARM GAS  /tmp/cczpKMPG.s 			page 75


1146:Core/Src/ui/screens.c **** {
 2728              		.loc 1 1146 1 is_stmt 1 view -0
 2729              		.cfi_startproc
 2730              		@ args = 0, pretend = 0, frame = 40
 2731              		@ frame_needed = 0, uses_anonymous_args = 0
 2732 0000 30B5     		push	{r4, r5, lr}
 2733              	.LCFI50:
 2734              		.cfi_def_cfa_offset 12
 2735              		.cfi_offset 4, -12
 2736              		.cfi_offset 5, -8
 2737              		.cfi_offset 14, -4
 2738 0002 8DB0     		sub	sp, sp, #52
 2739              	.LCFI51:
 2740              		.cfi_def_cfa_offset 64
1147:Core/Src/ui/screens.c ****     if (_out_cur == 0) { lab_bench_render(); return; }
 2741              		.loc 1 1147 5 view .LVU461
 2742              		.loc 1 1147 18 is_stmt 0 view .LVU462
 2743 0004 6F4B     		ldr	r3, .L206
 2744 0006 1C78     		ldrb	r4, [r3]	@ zero_extendqisi2
 2745              		.loc 1 1147 8 view .LVU463
 2746 0008 002C     		cmp	r4, #0
 2747 000a 00F0A980 		beq	.L203
1148:Core/Src/ui/screens.c **** 
1149:Core/Src/ui/screens.c ****     OutputChannel_t *ch = &_out_ch[_out_cur];
 2748              		.loc 1 1149 5 is_stmt 1 view .LVU464
 2749              	.LVL172:
1150:Core/Src/ui/screens.c ****     char buf[32], v[8];
 2750              		.loc 1 1150 5 view .LVU465
1151:Core/Src/ui/screens.c **** 
1152:Core/Src/ui/screens.c ****     /* Row 0: enable */
1153:Core/Src/ui/screens.c ****     snprintf(buf, sizeof(buf), "%-12s [%s]", "Enable", ch->enabled ? "ON " : "OFF");
 2751              		.loc 1 1153 5 view .LVU466
 2752              		.loc 1 1153 58 is_stmt 0 view .LVU467
 2753 000e 04EB4402 		add	r2, r4, r4, lsl #1
 2754 0012 6D4B     		ldr	r3, .L206+4
 2755 0014 03EBC203 		add	r3, r3, r2, lsl #3
 2756 0018 9B7B     		ldrb	r3, [r3, #14]	@ zero_extendqisi2
 2757              		.loc 1 1153 5 view .LVU468
 2758 001a 002B     		cmp	r3, #0
 2759 001c 00F0A380 		beq	.L200
 2760              		.loc 1 1153 5 discriminator 1 view .LVU469
 2761 0020 6A4B     		ldr	r3, .L206+8
 2762              	.L194:
 2763              		.loc 1 1153 5 discriminator 3 view .LVU470
 2764 0022 04AD     		add	r5, sp, #16
 2765 0024 0093     		str	r3, [sp]
 2766 0026 6A4B     		ldr	r3, .L206+12
 2767 0028 6A4A     		ldr	r2, .L206+16
 2768 002a 2021     		movs	r1, #32
 2769 002c 2846     		mov	r0, r5
 2770 002e FFF7FEFF 		bl	snprintf
 2771              	.LVL173:
1154:Core/Src/ui/screens.c ****     Widget_MenuRow_Draw(10, SETTINGS_ROW_START, 220, SETTINGS_ROW_H - 4,
 2772              		.loc 1 1154 5 is_stmt 1 view .LVU471
 2773 0032 694B     		ldr	r3, .L206+20
 2774 0034 1B78     		ldrb	r3, [r3]	@ zero_extendqisi2
 2775 0036 B3FA83F3 		clz	r3, r3
ARM GAS  /tmp/cczpKMPG.s 			page 76


 2776 003a 5B09     		lsrs	r3, r3, #5
 2777 003c 0193     		str	r3, [sp, #4]
 2778 003e 0095     		str	r5, [sp]
 2779 0040 2E23     		movs	r3, #46
 2780 0042 DC22     		movs	r2, #220
 2781 0044 2821     		movs	r1, #40
 2782 0046 0A20     		movs	r0, #10
 2783 0048 FFF7FEFF 		bl	Widget_MenuRow_Draw
 2784              	.LVL174:
1155:Core/Src/ui/screens.c ****                         buf, (_out_row == 0));
1156:Core/Src/ui/screens.c **** 
1157:Core/Src/ui/screens.c ****     /* Row 1: voltage — in edit mode the value gets < > markers */
1158:Core/Src/ui/screens.c ****     out_fmt_volt(v, sizeof(v), ch->voltage_mv);
 2785              		.loc 1 1158 5 view .LVU472
 2786 004c 04EB4402 		add	r2, r4, r4, lsl #1
 2787 0050 5D4B     		ldr	r3, .L206+4
 2788 0052 03EBC203 		add	r3, r3, r2, lsl #3
 2789 0056 1A8A     		ldrh	r2, [r3, #16]
 2790 0058 0821     		movs	r1, #8
 2791 005a 0DEB0100 		add	r0, sp, r1
 2792 005e FFF7FEFF 		bl	out_fmt_volt
 2793              	.LVL175:
1159:Core/Src/ui/screens.c ****     if (_out_edit && _out_row == 1)
 2794              		.loc 1 1159 5 view .LVU473
 2795              		.loc 1 1159 9 is_stmt 0 view .LVU474
 2796 0062 5E4B     		ldr	r3, .L206+24
 2797 0064 1B78     		ldrb	r3, [r3]	@ zero_extendqisi2
 2798              		.loc 1 1159 8 view .LVU475
 2799 0066 1BB1     		cbz	r3, .L195
 2800              		.loc 1 1159 31 discriminator 1 view .LVU476
 2801 0068 5B4B     		ldr	r3, .L206+20
 2802 006a 1B78     		ldrb	r3, [r3]	@ zero_extendqisi2
 2803              		.loc 1 1159 19 discriminator 1 view .LVU477
 2804 006c 012B     		cmp	r3, #1
 2805 006e 7CD0     		beq	.L204
 2806              	.L195:
1160:Core/Src/ui/screens.c ****         snprintf(buf, sizeof(buf), "%-10s <%s>", ch->volt_label, v);
1161:Core/Src/ui/screens.c ****     else
1162:Core/Src/ui/screens.c ****         snprintf(buf, sizeof(buf), "%-12s %s", ch->volt_label, v);
 2807              		.loc 1 1162 9 is_stmt 1 view .LVU478
 2808 0070 04EB4402 		add	r2, r4, r4, lsl #1
 2809 0074 544B     		ldr	r3, .L206+4
 2810 0076 03EBC203 		add	r3, r3, r2, lsl #3
 2811 007a 5B68     		ldr	r3, [r3, #4]
 2812 007c 02AA     		add	r2, sp, #8
 2813 007e 0092     		str	r2, [sp]
 2814 0080 574A     		ldr	r2, .L206+28
 2815 0082 2021     		movs	r1, #32
 2816 0084 04A8     		add	r0, sp, #16
 2817 0086 FFF7FEFF 		bl	snprintf
 2818              	.LVL176:
 2819              	.L196:
1163:Core/Src/ui/screens.c ****     Widget_MenuRow_Draw(10, SETTINGS_ROW_START + SETTINGS_ROW_H, 220, SETTINGS_ROW_H - 4,
 2820              		.loc 1 1163 5 view .LVU479
 2821 008a 534B     		ldr	r3, .L206+20
 2822 008c 1B78     		ldrb	r3, [r3]	@ zero_extendqisi2
 2823 008e 012B     		cmp	r3, #1
ARM GAS  /tmp/cczpKMPG.s 			page 77


 2824 0090 14BF     		ite	ne
 2825 0092 0023     		movne	r3, #0
 2826 0094 0123     		moveq	r3, #1
 2827 0096 0193     		str	r3, [sp, #4]
 2828 0098 04AB     		add	r3, sp, #16
 2829 009a 0093     		str	r3, [sp]
 2830 009c 2E23     		movs	r3, #46
 2831 009e DC22     		movs	r2, #220
 2832 00a0 5A21     		movs	r1, #90
 2833 00a2 0A20     		movs	r0, #10
 2834 00a4 FFF7FEFF 		bl	Widget_MenuRow_Draw
 2835              	.LVL177:
1164:Core/Src/ui/screens.c ****                         buf, (_out_row == 1));
1165:Core/Src/ui/screens.c **** 
1166:Core/Src/ui/screens.c ****     /* Row 2: current limit (STPD01 ILIM) */
1167:Core/Src/ui/screens.c ****     if (_out_edit && _out_row == 2)
 2836              		.loc 1 1167 5 view .LVU480
 2837              		.loc 1 1167 9 is_stmt 0 view .LVU481
 2838 00a8 4C4B     		ldr	r3, .L206+24
 2839 00aa 1B78     		ldrb	r3, [r3]	@ zero_extendqisi2
 2840              		.loc 1 1167 8 view .LVU482
 2841 00ac 1BB1     		cbz	r3, .L197
 2842              		.loc 1 1167 31 discriminator 1 view .LVU483
 2843 00ae 4A4B     		ldr	r3, .L206+20
 2844 00b0 1B78     		ldrb	r3, [r3]	@ zero_extendqisi2
 2845              		.loc 1 1167 19 discriminator 1 view .LVU484
 2846 00b2 022B     		cmp	r3, #2
 2847 00b4 67D0     		beq	.L205
 2848              	.L197:
1168:Core/Src/ui/screens.c ****         snprintf(buf, sizeof(buf), "%-10s <%u.%uA>", "Curr lim",
1169:Core/Src/ui/screens.c ****                  ch->ilim_ma / 1000, (ch->ilim_ma % 1000) / 100);
1170:Core/Src/ui/screens.c ****     else
1171:Core/Src/ui/screens.c ****         snprintf(buf, sizeof(buf), "%-12s %u.%uA", "Curr lim",
 2849              		.loc 1 1171 9 is_stmt 1 view .LVU485
1172:Core/Src/ui/screens.c ****                  ch->ilim_ma / 1000, (ch->ilim_ma % 1000) / 100);
 2850              		.loc 1 1172 20 is_stmt 0 view .LVU486
 2851 00b6 04EB4404 		add	r4, r4, r4, lsl #1
 2852              	.LVL178:
 2853              		.loc 1 1172 20 view .LVU487
 2854 00ba 434B     		ldr	r3, .L206+4
 2855 00bc 03EBC403 		add	r3, r3, r4, lsl #3
 2856 00c0 5B8A     		ldrh	r3, [r3, #18]
1171:Core/Src/ui/screens.c ****                  ch->ilim_ma / 1000, (ch->ilim_ma % 1000) / 100);
 2857              		.loc 1 1171 9 view .LVU488
 2858 00c2 484A     		ldr	r2, .L206+32
 2859 00c4 A2FB0312 		umull	r1, r2, r2, r3
 2860 00c8 9209     		lsrs	r2, r2, #6
 2861 00ca 4FF47A71 		mov	r1, #1000
 2862 00ce 01FB1233 		mls	r3, r1, r2, r3
 2863 00d2 9BB2     		uxth	r3, r3
 2864 00d4 4449     		ldr	r1, .L206+36
 2865 00d6 A1FB0313 		umull	r1, r3, r1, r3
 2866 00da 5B09     		lsrs	r3, r3, #5
 2867 00dc 0193     		str	r3, [sp, #4]
 2868 00de 0092     		str	r2, [sp]
 2869 00e0 424B     		ldr	r3, .L206+40
 2870 00e2 434A     		ldr	r2, .L206+44
ARM GAS  /tmp/cczpKMPG.s 			page 78


 2871 00e4 2021     		movs	r1, #32
 2872 00e6 04A8     		add	r0, sp, #16
 2873 00e8 FFF7FEFF 		bl	snprintf
 2874              	.LVL179:
 2875              	.L198:
1173:Core/Src/ui/screens.c ****     Widget_MenuRow_Draw(10, SETTINGS_ROW_START + 2 * SETTINGS_ROW_H, 220, SETTINGS_ROW_H - 4,
 2876              		.loc 1 1173 5 is_stmt 1 view .LVU489
 2877 00ec 3A4C     		ldr	r4, .L206+20
 2878 00ee 2378     		ldrb	r3, [r4]	@ zero_extendqisi2
 2879 00f0 022B     		cmp	r3, #2
 2880 00f2 14BF     		ite	ne
 2881 00f4 0023     		movne	r3, #0
 2882 00f6 0123     		moveq	r3, #1
 2883 00f8 0193     		str	r3, [sp, #4]
 2884 00fa 04AB     		add	r3, sp, #16
 2885 00fc 0093     		str	r3, [sp]
 2886 00fe 2E23     		movs	r3, #46
 2887 0100 DC22     		movs	r2, #220
 2888 0102 8C21     		movs	r1, #140
 2889 0104 0A20     		movs	r0, #10
 2890 0106 FFF7FEFF 		bl	Widget_MenuRow_Draw
 2891              	.LVL180:
1174:Core/Src/ui/screens.c ****                         buf, (_out_row == 2));
1175:Core/Src/ui/screens.c **** 
1176:Core/Src/ui/screens.c ****     /* Row 3: back */
1177:Core/Src/ui/screens.c ****     Widget_MenuRow_Draw(10, SETTINGS_ROW_START + 3 * SETTINGS_ROW_H, 220, SETTINGS_ROW_H - 4,
 2892              		.loc 1 1177 5 view .LVU490
 2893 010a 2378     		ldrb	r3, [r4]	@ zero_extendqisi2
 2894 010c 032B     		cmp	r3, #3
 2895 010e 14BF     		ite	ne
 2896 0110 0023     		movne	r3, #0
 2897 0112 0123     		moveq	r3, #1
 2898 0114 0193     		str	r3, [sp, #4]
 2899 0116 374B     		ldr	r3, .L206+48
 2900 0118 0093     		str	r3, [sp]
 2901 011a 2E23     		movs	r3, #46
 2902 011c DC22     		movs	r2, #220
 2903 011e BE21     		movs	r1, #190
 2904 0120 0A20     		movs	r0, #10
 2905 0122 FFF7FEFF 		bl	Widget_MenuRow_Draw
 2906              	.LVL181:
1178:Core/Src/ui/screens.c ****                         "< Back", (_out_row == 3));
1179:Core/Src/ui/screens.c **** 
1180:Core/Src/ui/screens.c ****     /* Footer hint */
1181:Core/Src/ui/screens.c ****     ILI9341_FillRect(0, FOOTER_Y, ILI9341_WIDTH, FOOTER_H, COLOR_DARKGRAY);
 2907              		.loc 1 1181 5 view .LVU491
 2908 0126 44F20823 		movw	r3, #16904
 2909 012a 0093     		str	r3, [sp]
 2910 012c 1E23     		movs	r3, #30
 2911 012e F022     		movs	r2, #240
 2912 0130 4FF49171 		mov	r1, #290
 2913 0134 0020     		movs	r0, #0
 2914 0136 FFF7FEFF 		bl	ILI9341_FillRect
 2915              	.LVL182:
1182:Core/Src/ui/screens.c ****     GFX_DrawString(10, FOOTER_Y + 11,
 2916              		.loc 1 1182 5 view .LVU492
1183:Core/Src/ui/screens.c ****                    _out_edit ? "ROTATE=value  PRESS=set"
ARM GAS  /tmp/cczpKMPG.s 			page 79


 2917              		.loc 1 1183 30 is_stmt 0 view .LVU493
 2918 013a 284B     		ldr	r3, .L206+24
 2919 013c 1B78     		ldrb	r3, [r3]	@ zero_extendqisi2
1182:Core/Src/ui/screens.c ****     GFX_DrawString(10, FOOTER_Y + 11,
 2920              		.loc 1 1182 5 view .LVU494
 2921 013e 002B     		cmp	r3, #0
 2922 0140 3DD0     		beq	.L201
1182:Core/Src/ui/screens.c ****     GFX_DrawString(10, FOOTER_Y + 11,
 2923              		.loc 1 1182 5 discriminator 1 view .LVU495
 2924 0142 2D4A     		ldr	r2, .L206+52
 2925              	.L199:
1182:Core/Src/ui/screens.c ****     GFX_DrawString(10, FOOTER_Y + 11,
 2926              		.loc 1 1182 5 discriminator 3 view .LVU496
 2927 0144 44F20823 		movw	r3, #16904
 2928 0148 0193     		str	r3, [sp, #4]
 2929 014a 48F21043 		movw	r3, #33808
 2930 014e 0093     		str	r3, [sp]
 2931 0150 2A4B     		ldr	r3, .L206+56
 2932 0152 40F22D11 		movw	r1, #301
 2933 0156 0A20     		movs	r0, #10
 2934 0158 FFF7FEFF 		bl	GFX_DrawString
 2935              	.LVL183:
 2936              	.L191:
1184:Core/Src/ui/screens.c ****                              : "PRESS=select",
1185:Core/Src/ui/screens.c ****                    &GFX_FontSmall, COLOR_GRAY, COLOR_DARKGRAY);
1186:Core/Src/ui/screens.c **** }
 2937              		.loc 1 1186 1 view .LVU497
 2938 015c 0DB0     		add	sp, sp, #52
 2939              	.LCFI52:
 2940              		.cfi_remember_state
 2941              		.cfi_def_cfa_offset 12
 2942              		@ sp needed
 2943 015e 30BD     		pop	{r4, r5, pc}
 2944              	.L203:
 2945              	.LCFI53:
 2946              		.cfi_restore_state
1147:Core/Src/ui/screens.c **** 
 2947              		.loc 1 1147 26 is_stmt 1 discriminator 1 view .LVU498
 2948 0160 FFF7FEFF 		bl	lab_bench_render
 2949              	.LVL184:
1147:Core/Src/ui/screens.c **** 
 2950              		.loc 1 1147 46 discriminator 2 view .LVU499
 2951 0164 FAE7     		b	.L191
 2952              	.LVL185:
 2953              	.L200:
1153:Core/Src/ui/screens.c ****     Widget_MenuRow_Draw(10, SETTINGS_ROW_START, 220, SETTINGS_ROW_H - 4,
 2954              		.loc 1 1153 5 is_stmt 0 discriminator 2 view .LVU500
 2955 0166 264B     		ldr	r3, .L206+60
 2956 0168 5BE7     		b	.L194
 2957              	.L204:
1160:Core/Src/ui/screens.c ****     else
 2958              		.loc 1 1160 9 is_stmt 1 view .LVU501
 2959 016a 04EB4402 		add	r2, r4, r4, lsl #1
 2960 016e 164B     		ldr	r3, .L206+4
 2961 0170 03EBC203 		add	r3, r3, r2, lsl #3
 2962 0174 5B68     		ldr	r3, [r3, #4]
 2963 0176 02AA     		add	r2, sp, #8
ARM GAS  /tmp/cczpKMPG.s 			page 80


 2964 0178 0092     		str	r2, [sp]
 2965 017a 224A     		ldr	r2, .L206+64
 2966 017c 2021     		movs	r1, #32
 2967 017e 2846     		mov	r0, r5
 2968 0180 FFF7FEFF 		bl	snprintf
 2969              	.LVL186:
1160:Core/Src/ui/screens.c ****     else
 2970              		.loc 1 1160 9 is_stmt 0 discriminator 1 view .LVU502
 2971 0184 81E7     		b	.L196
 2972              	.L205:
1168:Core/Src/ui/screens.c ****                  ch->ilim_ma / 1000, (ch->ilim_ma % 1000) / 100);
 2973              		.loc 1 1168 9 is_stmt 1 view .LVU503
1169:Core/Src/ui/screens.c ****     else
 2974              		.loc 1 1169 20 is_stmt 0 view .LVU504
 2975 0186 04EB4404 		add	r4, r4, r4, lsl #1
 2976              	.LVL187:
1169:Core/Src/ui/screens.c ****     else
 2977              		.loc 1 1169 20 view .LVU505
 2978 018a 0F4B     		ldr	r3, .L206+4
 2979 018c 03EBC403 		add	r3, r3, r4, lsl #3
 2980 0190 5B8A     		ldrh	r3, [r3, #18]
1168:Core/Src/ui/screens.c ****                  ch->ilim_ma / 1000, (ch->ilim_ma % 1000) / 100);
 2981              		.loc 1 1168 9 view .LVU506
 2982 0192 144A     		ldr	r2, .L206+32
 2983 0194 A2FB0312 		umull	r1, r2, r2, r3
 2984 0198 9209     		lsrs	r2, r2, #6
 2985 019a 4FF47A71 		mov	r1, #1000
 2986 019e 01FB1233 		mls	r3, r1, r2, r3
 2987 01a2 9BB2     		uxth	r3, r3
 2988 01a4 1049     		ldr	r1, .L206+36
 2989 01a6 A1FB0313 		umull	r1, r3, r1, r3
 2990 01aa 5B09     		lsrs	r3, r3, #5
 2991 01ac 0193     		str	r3, [sp, #4]
 2992 01ae 0092     		str	r2, [sp]
 2993 01b0 0E4B     		ldr	r3, .L206+40
 2994 01b2 154A     		ldr	r2, .L206+68
 2995 01b4 2021     		movs	r1, #32
 2996 01b6 04A8     		add	r0, sp, #16
 2997 01b8 FFF7FEFF 		bl	snprintf
 2998              	.LVL188:
1168:Core/Src/ui/screens.c ****                  ch->ilim_ma / 1000, (ch->ilim_ma % 1000) / 100);
 2999              		.loc 1 1168 9 discriminator 1 view .LVU507
 3000 01bc 96E7     		b	.L198
 3001              	.L201:
1182:Core/Src/ui/screens.c ****                    _out_edit ? "ROTATE=value  PRESS=set"
 3002              		.loc 1 1182 5 discriminator 2 view .LVU508
 3003 01be 134A     		ldr	r2, .L206+72
 3004 01c0 C0E7     		b	.L199
 3005              	.L207:
 3006 01c2 00BF     		.align	2
 3007              	.L206:
 3008 01c4 00000000 		.word	_out_cur
 3009 01c8 00000000 		.word	_out_ch
 3010 01cc 00000000 		.word	.LC49
 3011 01d0 04000000 		.word	.LC50
 3012 01d4 0C000000 		.word	.LC51
 3013 01d8 00000000 		.word	_out_row
ARM GAS  /tmp/cczpKMPG.s 			page 81


 3014 01dc 00000000 		.word	_out_edit
 3015 01e0 28000000 		.word	.LC20
 3016 01e4 D34D6210 		.word	274877907
 3017 01e8 1F85EB51 		.word	1374389535
 3018 01ec 18000000 		.word	.LC52
 3019 01f0 34000000 		.word	.LC54
 3020 01f4 90000000 		.word	.LC28
 3021 01f8 34000000 		.word	.LC21
 3022 01fc 00000000 		.word	GFX_FontSmall
 3023 0200 04000000 		.word	.LC33
 3024 0204 1C000000 		.word	.LC19
 3025 0208 24000000 		.word	.LC53
 3026 020c 4C000000 		.word	.LC22
 3027              		.cfi_endproc
 3028              	.LFE290:
 3030              		.section	.text.out_apply_enable,"ax",%progbits
 3031              		.align	1
 3032              		.syntax unified
 3033              		.thumb
 3034              		.thumb_func
 3036              	out_apply_enable:
 3037              	.LVL189:
 3038              	.LFB284:
1014:Core/Src/ui/screens.c ****     /* interlock: two loads share one STPD01 rail, never both on */
 3039              		.loc 1 1014 1 is_stmt 1 view -0
 3040              		.cfi_startproc
 3041              		@ args = 0, pretend = 0, frame = 0
 3042              		@ frame_needed = 0, uses_anonymous_args = 0
1014:Core/Src/ui/screens.c ****     /* interlock: two loads share one STPD01 rail, never both on */
 3043              		.loc 1 1014 1 is_stmt 0 view .LVU510
 3044 0000 10B5     		push	{r4, lr}
 3045              	.LCFI54:
 3046              		.cfi_def_cfa_offset 8
 3047              		.cfi_offset 4, -8
 3048              		.cfi_offset 14, -4
 3049 0002 0446     		mov	r4, r0
1016:Core/Src/ui/screens.c ****         _out_ch[!ch].enabled = 0;
 3050              		.loc 1 1016 5 is_stmt 1 view .LVU511
1016:Core/Src/ui/screens.c ****         _out_ch[!ch].enabled = 0;
 3051              		.loc 1 1016 20 is_stmt 0 view .LVU512
 3052 0004 00EB4002 		add	r2, r0, r0, lsl #1
 3053 0008 114B     		ldr	r3, .L212
 3054 000a 03EBC203 		add	r3, r3, r2, lsl #3
 3055 000e 9B7B     		ldrb	r3, [r3, #14]	@ zero_extendqisi2
1016:Core/Src/ui/screens.c ****         _out_ch[!ch].enabled = 0;
 3056              		.loc 1 1016 8 view .LVU513
 3057 0010 73B9     		cbnz	r3, .L211
 3058              	.LVL190:
 3059              	.L209:
1020:Core/Src/ui/screens.c ****                       _out_ch[ch].enabled ? GPIO_PIN_SET : GPIO_PIN_RESET);
 3060              		.loc 1 1020 5 is_stmt 1 view .LVU514
1021:Core/Src/ui/screens.c ****     /* TODO hardware: call charge-management module here
 3061              		.loc 1 1021 34 is_stmt 0 view .LVU515
 3062 0012 0F4B     		ldr	r3, .L212
 3063 0014 04EB4401 		add	r1, r4, r4, lsl #1
 3064 0018 03EBC101 		add	r1, r3, r1, lsl #3
 3065 001c 8A7B     		ldrb	r2, [r1, #14]	@ zero_extendqisi2
ARM GAS  /tmp/cczpKMPG.s 			page 82


1020:Core/Src/ui/screens.c ****                       _out_ch[ch].enabled ? GPIO_PIN_SET : GPIO_PIN_RESET);
 3066              		.loc 1 1020 5 view .LVU516
 3067 001e 0B46     		mov	r3, r1
 3068 0020 003A     		subs	r2, r2, #0
 3069 0022 18BF     		it	ne
 3070 0024 0122     		movne	r2, #1
 3071 0026 8989     		ldrh	r1, [r1, #12]
 3072 0028 9868     		ldr	r0, [r3, #8]
 3073 002a FFF7FEFF 		bl	HAL_GPIO_WritePin
 3074              	.LVL191:
1024:Core/Src/ui/screens.c **** 
 3075              		.loc 1 1024 1 view .LVU517
 3076 002e 10BD     		pop	{r4, pc}
 3077              	.LVL192:
 3078              	.L211:
1017:Core/Src/ui/screens.c ****         HAL_GPIO_WritePin(_out_ch[!ch].gpio_port, _out_ch[!ch].gpio_pin, GPIO_PIN_RESET);
 3079              		.loc 1 1017 9 is_stmt 1 view .LVU518
1017:Core/Src/ui/screens.c ****         HAL_GPIO_WritePin(_out_ch[!ch].gpio_port, _out_ch[!ch].gpio_pin, GPIO_PIN_RESET);
 3080              		.loc 1 1017 17 is_stmt 0 view .LVU519
 3081 0030 B0FA80F3 		clz	r3, r0
 3082 0034 5B09     		lsrs	r3, r3, #5
1017:Core/Src/ui/screens.c ****         HAL_GPIO_WritePin(_out_ch[!ch].gpio_port, _out_ch[!ch].gpio_pin, GPIO_PIN_RESET);
 3083              		.loc 1 1017 30 view .LVU520
 3084 0036 0649     		ldr	r1, .L212
 3085 0038 03EB4300 		add	r0, r3, r3, lsl #1
 3086              	.LVL193:
1017:Core/Src/ui/screens.c ****         HAL_GPIO_WritePin(_out_ch[!ch].gpio_port, _out_ch[!ch].gpio_pin, GPIO_PIN_RESET);
 3087              		.loc 1 1017 30 view .LVU521
 3088 003c 01EBC000 		add	r0, r1, r0, lsl #3
 3089 0040 0022     		movs	r2, #0
 3090 0042 8273     		strb	r2, [r0, #14]
1018:Core/Src/ui/screens.c ****     }
 3091              		.loc 1 1018 9 is_stmt 1 view .LVU522
 3092 0044 8189     		ldrh	r1, [r0, #12]
 3093 0046 8068     		ldr	r0, [r0, #8]
 3094 0048 FFF7FEFF 		bl	HAL_GPIO_WritePin
 3095              	.LVL194:
 3096 004c E1E7     		b	.L209
 3097              	.L213:
 3098 004e 00BF     		.align	2
 3099              	.L212:
 3100 0050 00000000 		.word	_out_ch
 3101              		.cfi_endproc
 3102              	.LFE284:
 3104              		.section	.text.battery_color_pub,"ax",%progbits
 3105              		.align	1
 3106              		.global	battery_color_pub
 3107              		.syntax unified
 3108              		.thumb
 3109              		.thumb_func
 3111              	battery_color_pub:
 3112              	.LVL195:
 3113              	.LFB227:
 119:Core/Src/ui/screens.c ****     if (pct < TH_SOC_RED)    return COLOR_DANGER;
 3114              		.loc 1 119 1 view -0
 3115              		.cfi_startproc
 3116              		@ args = 0, pretend = 0, frame = 0
ARM GAS  /tmp/cczpKMPG.s 			page 83


 3117              		@ frame_needed = 0, uses_anonymous_args = 0
 3118              		@ link register save eliminated.
 120:Core/Src/ui/screens.c ****     if (pct < TH_SOC_ORANGE) return COLOR_ORANGE;
 3119              		.loc 1 120 5 view .LVU524
 120:Core/Src/ui/screens.c ****     if (pct < TH_SOC_ORANGE) return COLOR_ORANGE;
 3120              		.loc 1 120 8 is_stmt 0 view .LVU525
 3121 0000 0428     		cmp	r0, #4
 3122 0002 04D9     		bls	.L216
 121:Core/Src/ui/screens.c ****     return COLOR_GREEN;
 3123              		.loc 1 121 5 is_stmt 1 view .LVU526
 121:Core/Src/ui/screens.c ****     return COLOR_GREEN;
 3124              		.loc 1 121 8 is_stmt 0 view .LVU527
 3125 0004 0E28     		cmp	r0, #14
 3126 0006 05D9     		bls	.L217
 122:Core/Src/ui/screens.c **** }
 3127              		.loc 1 122 12 view .LVU528
 3128 0008 4FF4FC60 		mov	r0, #2016
 3129              	.LVL196:
 122:Core/Src/ui/screens.c **** }
 3130              		.loc 1 122 12 view .LVU529
 3131 000c 7047     		bx	lr
 3132              	.LVL197:
 3133              	.L216:
 120:Core/Src/ui/screens.c ****     if (pct < TH_SOC_ORANGE) return COLOR_ORANGE;
 3134              		.loc 1 120 37 discriminator 1 view .LVU530
 3135 000e 4FF47840 		mov	r0, #63488
 3136              	.LVL198:
 120:Core/Src/ui/screens.c ****     if (pct < TH_SOC_ORANGE) return COLOR_ORANGE;
 3137              		.loc 1 120 37 discriminator 1 view .LVU531
 3138 0012 7047     		bx	lr
 3139              	.LVL199:
 3140              	.L217:
 121:Core/Src/ui/screens.c ****     return COLOR_GREEN;
 3141              		.loc 1 121 37 discriminator 1 view .LVU532
 3142 0014 4FF62050 		movw	r0, #64800
 3143              	.LVL200:
 123:Core/Src/ui/screens.c **** 
 3144              		.loc 1 123 1 view .LVU533
 3145 0018 7047     		bx	lr
 3146              		.cfi_endproc
 3147              	.LFE227:
 3149              		.section	.text.temp_color_pub,"ax",%progbits
 3150              		.align	1
 3151              		.global	temp_color_pub
 3152              		.syntax unified
 3153              		.thumb
 3154              		.thumb_func
 3156              	temp_color_pub:
 3157              	.LVL201:
 3158              	.LFB228:
 126:Core/Src/ui/screens.c ****     if (temp_c >= TH_TEMP_RED)    return COLOR_DANGER;
 3159              		.loc 1 126 1 is_stmt 1 view -0
 3160              		.cfi_startproc
 3161              		@ args = 0, pretend = 0, frame = 0
 3162              		@ frame_needed = 0, uses_anonymous_args = 0
 3163              		@ link register save eliminated.
 127:Core/Src/ui/screens.c ****     if (temp_c >= TH_TEMP_ORANGE) return COLOR_ORANGE;
ARM GAS  /tmp/cczpKMPG.s 			page 84


 3164              		.loc 1 127 5 view .LVU535
 127:Core/Src/ui/screens.c ****     if (temp_c >= TH_TEMP_ORANGE) return COLOR_ORANGE;
 3165              		.loc 1 127 8 is_stmt 0 view .LVU536
 3166 0000 3B28     		cmp	r0, #59
 3167 0002 06DC     		bgt	.L220
 128:Core/Src/ui/screens.c ****     if (temp_c <  TH_TEMP_COLD)   return COLOR_CYAN;   /* brrr, cold */
 3168              		.loc 1 128 5 is_stmt 1 view .LVU537
 128:Core/Src/ui/screens.c ****     if (temp_c <  TH_TEMP_COLD)   return COLOR_CYAN;   /* brrr, cold */
 3169              		.loc 1 128 8 is_stmt 0 view .LVU538
 3170 0004 2C28     		cmp	r0, #44
 3171 0006 07DC     		bgt	.L221
 129:Core/Src/ui/screens.c ****     return COLOR_WHITE;
 3172              		.loc 1 129 5 is_stmt 1 view .LVU539
 129:Core/Src/ui/screens.c ****     return COLOR_WHITE;
 3173              		.loc 1 129 8 is_stmt 0 view .LVU540
 3174 0008 0928     		cmp	r0, #9
 3175 000a 08DD     		ble	.L222
 130:Core/Src/ui/screens.c **** }
 3176              		.loc 1 130 12 view .LVU541
 3177 000c 4FF6FF70 		movw	r0, #65535
 3178              	.LVL202:
 130:Core/Src/ui/screens.c **** }
 3179              		.loc 1 130 12 view .LVU542
 3180 0010 7047     		bx	lr
 3181              	.LVL203:
 3182              	.L220:
 127:Core/Src/ui/screens.c ****     if (temp_c >= TH_TEMP_ORANGE) return COLOR_ORANGE;
 3183              		.loc 1 127 42 discriminator 1 view .LVU543
 3184 0012 4FF47840 		mov	r0, #63488
 3185              	.LVL204:
 127:Core/Src/ui/screens.c ****     if (temp_c >= TH_TEMP_ORANGE) return COLOR_ORANGE;
 3186              		.loc 1 127 42 discriminator 1 view .LVU544
 3187 0016 7047     		bx	lr
 3188              	.LVL205:
 3189              	.L221:
 128:Core/Src/ui/screens.c ****     if (temp_c <  TH_TEMP_COLD)   return COLOR_CYAN;   /* brrr, cold */
 3190              		.loc 1 128 42 discriminator 1 view .LVU545
 3191 0018 4FF62050 		movw	r0, #64800
 3192              	.LVL206:
 128:Core/Src/ui/screens.c ****     if (temp_c <  TH_TEMP_COLD)   return COLOR_CYAN;   /* brrr, cold */
 3193              		.loc 1 128 42 discriminator 1 view .LVU546
 3194 001c 7047     		bx	lr
 3195              	.LVL207:
 3196              	.L222:
 129:Core/Src/ui/screens.c ****     return COLOR_WHITE;
 3197              		.loc 1 129 42 discriminator 1 view .LVU547
 3198 001e 40F2FF70 		movw	r0, #2047
 3199              	.LVL208:
 131:Core/Src/ui/screens.c **** 
 3200              		.loc 1 131 1 view .LVU548
 3201 0022 7047     		bx	lr
 3202              		.cfi_endproc
 3203              	.LFE228:
 3205              		.section	.text.temp_out_of_range_pub,"ax",%progbits
 3206              		.align	1
 3207              		.global	temp_out_of_range_pub
 3208              		.syntax unified
ARM GAS  /tmp/cczpKMPG.s 			page 85


 3209              		.thumb
 3210              		.thumb_func
 3212              	temp_out_of_range_pub:
 3213              	.LVL209:
 3214              	.LFB229:
 135:Core/Src/ui/screens.c ****     return (temp_c > TH_TEMP_RED) || (temp_c < TH_TEMP_COLD);
 3215              		.loc 1 135 1 is_stmt 1 view -0
 3216              		.cfi_startproc
 3217              		@ args = 0, pretend = 0, frame = 0
 3218              		@ frame_needed = 0, uses_anonymous_args = 0
 3219              		@ link register save eliminated.
 136:Core/Src/ui/screens.c **** }
 3220              		.loc 1 136 5 view .LVU550
 136:Core/Src/ui/screens.c **** }
 3221              		.loc 1 136 35 is_stmt 0 view .LVU551
 3222 0000 0A38     		subs	r0, r0, #10
 3223              	.LVL210:
 136:Core/Src/ui/screens.c **** }
 3224              		.loc 1 136 35 view .LVU552
 3225 0002 80B2     		uxth	r0, r0
 3226              	.LVL211:
 137:Core/Src/ui/screens.c **** 
 3227              		.loc 1 137 1 view .LVU553
 3228 0004 3228     		cmp	r0, #50
 3229 0006 94BF     		ite	ls
 3230 0008 0020     		movls	r0, #0
 3231 000a 0120     		movhi	r0, #1
 3232 000c 7047     		bx	lr
 3233              		.cfi_endproc
 3234              	.LFE229:
 3236              		.section	.text.volt_color_pub,"ax",%progbits
 3237              		.align	1
 3238              		.global	volt_color_pub
 3239              		.syntax unified
 3240              		.thumb
 3241              		.thumb_func
 3243              	volt_color_pub:
 3244              	.LVL212:
 3245              	.LFB231:
 150:Core/Src/ui/screens.c ****     if (mv < TH_VOLT_RED_MV)          /* critico: rosso lampeggiante */
 3246              		.loc 1 150 1 is_stmt 1 view -0
 3247              		.cfi_startproc
 3248              		@ args = 0, pretend = 0, frame = 0
 3249              		@ frame_needed = 0, uses_anonymous_args = 0
 150:Core/Src/ui/screens.c ****     if (mv < TH_VOLT_RED_MV)          /* critico: rosso lampeggiante */
 3250              		.loc 1 150 1 is_stmt 0 view .LVU555
 3251 0000 08B5     		push	{r3, lr}
 3252              	.LCFI55:
 3253              		.cfi_def_cfa_offset 8
 3254              		.cfi_offset 3, -8
 3255              		.cfi_offset 14, -4
 151:Core/Src/ui/screens.c ****         return ((HAL_GetTick() / 500) & 1) ? COLOR_DANGER : COLOR_DARKGRAY;
 3256              		.loc 1 151 5 is_stmt 1 view .LVU556
 151:Core/Src/ui/screens.c ****         return ((HAL_GetTick() / 500) & 1) ? COLOR_DANGER : COLOR_DARKGRAY;
 3257              		.loc 1 151 8 is_stmt 0 view .LVU557
 3258 0002 42F6DF63 		movw	r3, #11999
 3259 0006 9842     		cmp	r0, r3
ARM GAS  /tmp/cczpKMPG.s 			page 86


 3260 0008 0AD9     		bls	.L231
 153:Core/Src/ui/screens.c ****     if (mv < TH_VOLT_GREEN_MV)  return COLOR_ORANGE;
 3261              		.loc 1 153 5 is_stmt 1 view .LVU558
 153:Core/Src/ui/screens.c ****     if (mv < TH_VOLT_GREEN_MV)  return COLOR_ORANGE;
 3262              		.loc 1 153 8 is_stmt 0 view .LVU559
 3263 000a 43F2C723 		movw	r3, #12999
 3264 000e 9842     		cmp	r0, r3
 3265 0010 14D9     		bls	.L228
 154:Core/Src/ui/screens.c ****     return COLOR_GREEN;
 3266              		.loc 1 154 5 is_stmt 1 view .LVU560
 154:Core/Src/ui/screens.c ****     return COLOR_GREEN;
 3267              		.loc 1 154 8 is_stmt 0 view .LVU561
 3268 0012 43F2AF63 		movw	r3, #13999
 3269 0016 9842     		cmp	r0, r3
 3270 0018 13D9     		bls	.L229
 155:Core/Src/ui/screens.c **** }
 3271              		.loc 1 155 12 view .LVU562
 3272 001a 4FF4FC60 		mov	r0, #2016
 3273              	.LVL213:
 3274              	.L226:
 156:Core/Src/ui/screens.c **** 
 3275              		.loc 1 156 1 view .LVU563
 3276 001e 08BD     		pop	{r3, pc}
 3277              	.LVL214:
 3278              	.L231:
 152:Core/Src/ui/screens.c ****     if (mv < TH_VOLT_ORANGE_MV) return COLOR_DANGER;
 3279              		.loc 1 152 9 is_stmt 1 view .LVU564
 152:Core/Src/ui/screens.c ****     if (mv < TH_VOLT_ORANGE_MV) return COLOR_DANGER;
 3280              		.loc 1 152 18 is_stmt 0 view .LVU565
 3281 0020 FFF7FEFF 		bl	HAL_GetTick
 3282              	.LVL215:
 152:Core/Src/ui/screens.c ****     if (mv < TH_VOLT_ORANGE_MV) return COLOR_DANGER;
 3283              		.loc 1 152 32 discriminator 1 view .LVU566
 3284 0024 084B     		ldr	r3, .L232
 3285 0026 A3FB0030 		umull	r3, r0, r3, r0
 152:Core/Src/ui/screens.c ****     if (mv < TH_VOLT_ORANGE_MV) return COLOR_DANGER;
 3286              		.loc 1 152 59 discriminator 1 view .LVU567
 3287 002a 10F0200F 		tst	r0, #32
 3288 002e 02D0     		beq	.L227
 152:Core/Src/ui/screens.c ****     if (mv < TH_VOLT_ORANGE_MV) return COLOR_DANGER;
 3289              		.loc 1 152 59 discriminator 2 view .LVU568
 3290 0030 4FF47840 		mov	r0, #63488
 3291 0034 F3E7     		b	.L226
 3292              	.L227:
 152:Core/Src/ui/screens.c ****     if (mv < TH_VOLT_ORANGE_MV) return COLOR_DANGER;
 3293              		.loc 1 152 59 discriminator 3 view .LVU569
 3294 0036 44F20820 		movw	r0, #16904
 3295 003a F0E7     		b	.L226
 3296              	.LVL216:
 3297              	.L228:
 153:Core/Src/ui/screens.c ****     if (mv < TH_VOLT_GREEN_MV)  return COLOR_ORANGE;
 3298              		.loc 1 153 40 discriminator 1 view .LVU570
 3299 003c 4FF47840 		mov	r0, #63488
 3300              	.LVL217:
 153:Core/Src/ui/screens.c ****     if (mv < TH_VOLT_GREEN_MV)  return COLOR_ORANGE;
 3301              		.loc 1 153 40 discriminator 1 view .LVU571
 3302 0040 EDE7     		b	.L226
ARM GAS  /tmp/cczpKMPG.s 			page 87


 3303              	.LVL218:
 3304              	.L229:
 154:Core/Src/ui/screens.c ****     return COLOR_GREEN;
 3305              		.loc 1 154 40 discriminator 1 view .LVU572
 3306 0042 4FF62050 		movw	r0, #64800
 3307              	.LVL219:
 154:Core/Src/ui/screens.c ****     return COLOR_GREEN;
 3308              		.loc 1 154 40 discriminator 1 view .LVU573
 3309 0046 EAE7     		b	.L226
 3310              	.L233:
 3311              		.align	2
 3312              	.L232:
 3313 0048 D34D6210 		.word	274877907
 3314              		.cfi_endproc
 3315              	.LFE231:
 3317              		.section	.text.volt_alarm_pub,"ax",%progbits
 3318              		.align	1
 3319              		.global	volt_alarm_pub
 3320              		.syntax unified
 3321              		.thumb
 3322              		.thumb_func
 3324              	volt_alarm_pub:
 3325              	.LVL220:
 3326              	.LFB232:
 160:Core/Src/ui/screens.c ****     if (mv < TH_VOLT_RED_MV)    return 2;
 3327              		.loc 1 160 1 is_stmt 1 view -0
 3328              		.cfi_startproc
 3329              		@ args = 0, pretend = 0, frame = 0
 3330              		@ frame_needed = 0, uses_anonymous_args = 0
 3331              		@ link register save eliminated.
 161:Core/Src/ui/screens.c ****     if (mv < TH_VOLT_ORANGE_MV) return 1;
 3332              		.loc 1 161 5 view .LVU575
 161:Core/Src/ui/screens.c ****     if (mv < TH_VOLT_ORANGE_MV) return 1;
 3333              		.loc 1 161 8 is_stmt 0 view .LVU576
 3334 0000 42F6DF63 		movw	r3, #11999
 3335 0004 9842     		cmp	r0, r3
 3336 0006 05D9     		bls	.L236
 162:Core/Src/ui/screens.c ****     return 0;
 3337              		.loc 1 162 5 is_stmt 1 view .LVU577
 162:Core/Src/ui/screens.c ****     return 0;
 3338              		.loc 1 162 8 is_stmt 0 view .LVU578
 3339 0008 43F2C723 		movw	r3, #12999
 3340 000c 9842     		cmp	r0, r3
 3341 000e 03D9     		bls	.L237
 163:Core/Src/ui/screens.c **** }
 3342              		.loc 1 163 12 view .LVU579
 3343 0010 0020     		movs	r0, #0
 3344              	.LVL221:
 163:Core/Src/ui/screens.c **** }
 3345              		.loc 1 163 12 view .LVU580
 3346 0012 7047     		bx	lr
 3347              	.LVL222:
 3348              	.L236:
 161:Core/Src/ui/screens.c ****     if (mv < TH_VOLT_ORANGE_MV) return 1;
 3349              		.loc 1 161 40 discriminator 1 view .LVU581
 3350 0014 0220     		movs	r0, #2
 3351              	.LVL223:
ARM GAS  /tmp/cczpKMPG.s 			page 88


 161:Core/Src/ui/screens.c ****     if (mv < TH_VOLT_ORANGE_MV) return 1;
 3352              		.loc 1 161 40 discriminator 1 view .LVU582
 3353 0016 7047     		bx	lr
 3354              	.LVL224:
 3355              	.L237:
 162:Core/Src/ui/screens.c ****     return 0;
 3356              		.loc 1 162 40 discriminator 1 view .LVU583
 3357 0018 0120     		movs	r0, #1
 3358              	.LVL225:
 164:Core/Src/ui/screens.c **** 
 3359              		.loc 1 164 1 view .LVU584
 3360 001a 7047     		bx	lr
 3361              		.cfi_endproc
 3362              	.LFE232:
 3364              		.section	.rodata.Screen_Header_RefreshIcons.str1.4,"aMS",%progbits,1
 3365              		.align	2
 3366              	.LC55:
 3367 0000 00       		.ascii	"\000"
 3368              		.section	.text.Screen_Header_RefreshIcons,"ax",%progbits
 3369              		.align	1
 3370              		.global	Screen_Header_RefreshIcons
 3371              		.syntax unified
 3372              		.thumb
 3373              		.thumb_func
 3375              	Screen_Header_RefreshIcons:
 3376              	.LFB224:
  58:Core/Src/ui/screens.c ****     ILI9341_FillRect(150, HEADER_Y + 4, 88, HEADER_H - 10, COLOR_HEADER);
 3377              		.loc 1 58 1 is_stmt 1 view -0
 3378              		.cfi_startproc
 3379              		@ args = 0, pretend = 0, frame = 0
 3380              		@ frame_needed = 0, uses_anonymous_args = 0
 3381 0000 00B5     		push	{lr}
 3382              	.LCFI56:
 3383              		.cfi_def_cfa_offset 4
 3384              		.cfi_offset 14, -4
 3385 0002 83B0     		sub	sp, sp, #12
 3386              	.LCFI57:
 3387              		.cfi_def_cfa_offset 16
  59:Core/Src/ui/screens.c **** 
 3388              		.loc 1 59 5 view .LVU586
 3389 0004 40F68813 		movw	r3, #2440
 3390 0008 0093     		str	r3, [sp]
 3391 000a 1423     		movs	r3, #20
 3392 000c 5822     		movs	r2, #88
 3393 000e 0421     		movs	r1, #4
 3394 0010 9620     		movs	r0, #150
 3395 0012 FFF7FEFF 		bl	ILI9341_FillRect
 3396              	.LVL226:
  62:Core/Src/ui/screens.c ****         Widget_StatusIcon_Draw(170, HEADER_Y + 10, ICON_TEMP_WARN, "", 1);
 3397              		.loc 1 62 5 view .LVU587
  62:Core/Src/ui/screens.c ****         Widget_StatusIcon_Draw(170, HEADER_Y + 10, ICON_TEMP_WARN, "", 1);
 3398              		.loc 1 62 18 is_stmt 0 view .LVU588
 3399 0016 334B     		ldr	r3, .L254
 3400 0018 B3F90630 		ldrsh	r3, [r3, #6]
  62:Core/Src/ui/screens.c ****         Widget_StatusIcon_Draw(170, HEADER_Y + 10, ICON_TEMP_WARN, "", 1);
 3401              		.loc 1 62 8 view .LVU589
 3402 001c 2C2B     		cmp	r3, #44
ARM GAS  /tmp/cczpKMPG.s 			page 89


 3403 001e 1ADC     		bgt	.L247
  64:Core/Src/ui/screens.c ****         Widget_StatusIcon_Draw(170, HEADER_Y + 10, ICON_TEMP_COLD, "", 1);
 3404              		.loc 1 64 10 is_stmt 1 view .LVU590
  64:Core/Src/ui/screens.c ****         Widget_StatusIcon_Draw(170, HEADER_Y + 10, ICON_TEMP_COLD, "", 1);
 3405              		.loc 1 64 13 is_stmt 0 view .LVU591
 3406 0020 092B     		cmp	r3, #9
 3407 0022 21DD     		ble	.L248
 3408              	.L240:
  68:Core/Src/ui/screens.c ****         ((HAL_GetTick() / 500) & 1))
 3409              		.loc 1 68 5 is_stmt 1 view .LVU592
  68:Core/Src/ui/screens.c ****         ((HAL_GetTick() / 500) & 1))
 3410              		.loc 1 68 9 is_stmt 0 view .LVU593
 3411 0024 2F4B     		ldr	r3, .L254
 3412 0026 5888     		ldrh	r0, [r3, #2]
 3413 0028 FFF7FEFF 		bl	volt_alarm_pub
 3414              	.LVL227:
  68:Core/Src/ui/screens.c ****         ((HAL_GetTick() / 500) & 1))
 3415              		.loc 1 68 8 discriminator 1 view .LVU594
 3416 002c 0228     		cmp	r0, #2
 3417 002e 24D0     		beq	.L249
 3418              	.L241:
  73:Core/Src/ui/screens.c ****         Widget_StatusIcon_Draw(200, HEADER_Y + 10, ICON_USB_C, "", 1);
 3419              		.loc 1 73 5 is_stmt 1 view .LVU595
  73:Core/Src/ui/screens.c ****         Widget_StatusIcon_Draw(200, HEADER_Y + 10, ICON_USB_C, "", 1);
 3420              		.loc 1 73 18 is_stmt 0 view .LVU596
 3421 0030 2C4B     		ldr	r3, .L254
 3422 0032 DB7A     		ldrb	r3, [r3, #11]	@ zero_extendqisi2
  73:Core/Src/ui/screens.c ****         Widget_StatusIcon_Draw(200, HEADER_Y + 10, ICON_USB_C, "", 1);
 3423              		.loc 1 73 8 view .LVU597
 3424 0034 002B     		cmp	r3, #0
 3425 0036 31D1     		bne	.L250
 3426              	.L242:
  77:Core/Src/ui/screens.c ****         Widget_StatusIcon_Draw(185, HEADER_Y + 10, ICON_FULL, "", 1);
 3427              		.loc 1 77 5 is_stmt 1 view .LVU598
  77:Core/Src/ui/screens.c ****         Widget_StatusIcon_Draw(185, HEADER_Y + 10, ICON_FULL, "", 1);
 3428              		.loc 1 77 18 is_stmt 0 view .LVU599
 3429 0038 2A4B     		ldr	r3, .L254
 3430 003a 1B7A     		ldrb	r3, [r3, #8]	@ zero_extendqisi2
  77:Core/Src/ui/screens.c ****         Widget_StatusIcon_Draw(185, HEADER_Y + 10, ICON_FULL, "", 1);
 3431              		.loc 1 77 8 view .LVU600
 3432 003c 002B     		cmp	r3, #0
 3433 003e 36D1     		bne	.L251
  79:Core/Src/ui/screens.c ****         Widget_StatusIcon_Draw(185, HEADER_Y + 10, ICON_CHARGING, "", 1);
 3434              		.loc 1 79 10 is_stmt 1 view .LVU601
  79:Core/Src/ui/screens.c ****         Widget_StatusIcon_Draw(185, HEADER_Y + 10, ICON_CHARGING, "", 1);
 3435              		.loc 1 79 23 is_stmt 0 view .LVU602
 3436 0040 284B     		ldr	r3, .L254
 3437 0042 5B7A     		ldrb	r3, [r3, #9]	@ zero_extendqisi2
  79:Core/Src/ui/screens.c ****         Widget_StatusIcon_Draw(185, HEADER_Y + 10, ICON_CHARGING, "", 1);
 3438              		.loc 1 79 13 view .LVU603
 3439 0044 002B     		cmp	r3, #0
 3440 0046 3BD1     		bne	.L252
  81:Core/Src/ui/screens.c ****         Widget_StatusIcon_Draw(185, HEADER_Y + 10, ICON_DISCHARGING, "", 1);
 3441              		.loc 1 81 10 is_stmt 1 view .LVU604
  81:Core/Src/ui/screens.c ****         Widget_StatusIcon_Draw(185, HEADER_Y + 10, ICON_DISCHARGING, "", 1);
 3442              		.loc 1 81 23 is_stmt 0 view .LVU605
 3443 0048 264B     		ldr	r3, .L254
ARM GAS  /tmp/cczpKMPG.s 			page 90


 3444 004a B3F90430 		ldrsh	r3, [r3, #4]
  81:Core/Src/ui/screens.c ****         Widget_StatusIcon_Draw(185, HEADER_Y + 10, ICON_DISCHARGING, "", 1);
 3445              		.loc 1 81 13 view .LVU606
 3446 004e 002B     		cmp	r3, #0
 3447 0050 3EDB     		blt	.L253
 3448              	.L238:
  83:Core/Src/ui/screens.c **** 
 3449              		.loc 1 83 1 view .LVU607
 3450 0052 03B0     		add	sp, sp, #12
 3451              	.LCFI58:
 3452              		.cfi_remember_state
 3453              		.cfi_def_cfa_offset 4
 3454              		@ sp needed
 3455 0054 00BD     		pop	{pc}
 3456              	.L247:
 3457              	.LCFI59:
 3458              		.cfi_restore_state
  63:Core/Src/ui/screens.c ****     else if (telemetry.temp_celsius < 10)
 3459              		.loc 1 63 9 is_stmt 1 view .LVU608
 3460 0056 0123     		movs	r3, #1
 3461 0058 0093     		str	r3, [sp]
 3462 005a 234B     		ldr	r3, .L254+4
 3463 005c 0422     		movs	r2, #4
 3464 005e 0A21     		movs	r1, #10
 3465 0060 AA20     		movs	r0, #170
 3466 0062 FFF7FEFF 		bl	Widget_StatusIcon_Draw
 3467              	.LVL228:
 3468 0066 DDE7     		b	.L240
 3469              	.L248:
  65:Core/Src/ui/screens.c **** 
 3470              		.loc 1 65 9 view .LVU609
 3471 0068 0123     		movs	r3, #1
 3472 006a 0093     		str	r3, [sp]
 3473 006c 1E4B     		ldr	r3, .L254+4
 3474 006e 0822     		movs	r2, #8
 3475 0070 0A21     		movs	r1, #10
 3476 0072 AA20     		movs	r0, #170
 3477 0074 FFF7FEFF 		bl	Widget_StatusIcon_Draw
 3478              	.LVL229:
 3479 0078 D4E7     		b	.L240
 3480              	.L249:
  69:Core/Src/ui/screens.c ****         Widget_StatusIcon_Draw(155, HEADER_Y + 10, ICON_ALERT, "", 1);
 3481              		.loc 1 69 11 is_stmt 0 view .LVU610
 3482 007a FFF7FEFF 		bl	HAL_GetTick
 3483              	.LVL230:
  69:Core/Src/ui/screens.c ****         Widget_StatusIcon_Draw(155, HEADER_Y + 10, ICON_ALERT, "", 1);
 3484              		.loc 1 69 25 discriminator 1 view .LVU611
 3485 007e 1B4B     		ldr	r3, .L254+8
 3486 0080 A3FB0030 		umull	r3, r0, r3, r0
  68:Core/Src/ui/screens.c ****         ((HAL_GetTick() / 500) & 1))
 3487              		.loc 1 68 51 discriminator 2 view .LVU612
 3488 0084 10F0200F 		tst	r0, #32
 3489 0088 D2D0     		beq	.L241
  70:Core/Src/ui/screens.c **** 
 3490              		.loc 1 70 9 is_stmt 1 view .LVU613
 3491 008a 0123     		movs	r3, #1
 3492 008c 0093     		str	r3, [sp]
ARM GAS  /tmp/cczpKMPG.s 			page 91


 3493 008e 164B     		ldr	r3, .L254+4
 3494 0090 0922     		movs	r2, #9
 3495 0092 0A21     		movs	r1, #10
 3496 0094 9B20     		movs	r0, #155
 3497 0096 FFF7FEFF 		bl	Widget_StatusIcon_Draw
 3498              	.LVL231:
 3499 009a C9E7     		b	.L241
 3500              	.L250:
  74:Core/Src/ui/screens.c **** 
 3501              		.loc 1 74 9 view .LVU614
 3502 009c 0123     		movs	r3, #1
 3503 009e 0093     		str	r3, [sp]
 3504 00a0 114B     		ldr	r3, .L254+4
 3505 00a2 0022     		movs	r2, #0
 3506 00a4 0A21     		movs	r1, #10
 3507 00a6 C820     		movs	r0, #200
 3508 00a8 FFF7FEFF 		bl	Widget_StatusIcon_Draw
 3509              	.LVL232:
 3510 00ac C4E7     		b	.L242
 3511              	.L251:
  78:Core/Src/ui/screens.c ****     else if (telemetry.is_charging)
 3512              		.loc 1 78 9 view .LVU615
 3513 00ae 0123     		movs	r3, #1
 3514 00b0 0093     		str	r3, [sp]
 3515 00b2 0D4B     		ldr	r3, .L254+4
 3516 00b4 0222     		movs	r2, #2
 3517 00b6 0A21     		movs	r1, #10
 3518 00b8 B920     		movs	r0, #185
 3519 00ba FFF7FEFF 		bl	Widget_StatusIcon_Draw
 3520              	.LVL233:
 3521 00be C8E7     		b	.L238
 3522              	.L252:
  80:Core/Src/ui/screens.c ****     else if (telemetry.current_mA < 0)
 3523              		.loc 1 80 9 view .LVU616
 3524 00c0 0122     		movs	r2, #1
 3525 00c2 0092     		str	r2, [sp]
 3526 00c4 084B     		ldr	r3, .L254+4
 3527 00c6 0A21     		movs	r1, #10
 3528 00c8 B920     		movs	r0, #185
 3529 00ca FFF7FEFF 		bl	Widget_StatusIcon_Draw
 3530              	.LVL234:
 3531 00ce C0E7     		b	.L238
 3532              	.L253:
  82:Core/Src/ui/screens.c **** }
 3533              		.loc 1 82 9 view .LVU617
 3534 00d0 0123     		movs	r3, #1
 3535 00d2 0093     		str	r3, [sp]
 3536 00d4 044B     		ldr	r3, .L254+4
 3537 00d6 0722     		movs	r2, #7
 3538 00d8 0A21     		movs	r1, #10
 3539 00da B920     		movs	r0, #185
 3540 00dc FFF7FEFF 		bl	Widget_StatusIcon_Draw
 3541              	.LVL235:
  83:Core/Src/ui/screens.c **** 
 3542              		.loc 1 83 1 is_stmt 0 view .LVU618
 3543 00e0 B7E7     		b	.L238
 3544              	.L255:
ARM GAS  /tmp/cczpKMPG.s 			page 92


 3545 00e2 00BF     		.align	2
 3546              	.L254:
 3547 00e4 00000000 		.word	telemetry
 3548 00e8 00000000 		.word	.LC55
 3549 00ec D34D6210 		.word	274877907
 3550              		.cfi_endproc
 3551              	.LFE224:
 3553              		.section	.text.draw_header,"ax",%progbits
 3554              		.align	1
 3555              		.syntax unified
 3556              		.thumb
 3557              		.thumb_func
 3559              	draw_header:
 3560              	.LVL236:
 3561              	.LFB223:
  48:Core/Src/ui/screens.c ****     ILI9341_FillRect(0, HEADER_Y, ILI9341_WIDTH, HEADER_H, COLOR_HEADER);
 3562              		.loc 1 48 1 is_stmt 1 view -0
 3563              		.cfi_startproc
 3564              		@ args = 0, pretend = 0, frame = 0
 3565              		@ frame_needed = 0, uses_anonymous_args = 0
  48:Core/Src/ui/screens.c ****     ILI9341_FillRect(0, HEADER_Y, ILI9341_WIDTH, HEADER_H, COLOR_HEADER);
 3566              		.loc 1 48 1 is_stmt 0 view .LVU620
 3567 0000 30B5     		push	{r4, r5, lr}
 3568              	.LCFI60:
 3569              		.cfi_def_cfa_offset 12
 3570              		.cfi_offset 4, -12
 3571              		.cfi_offset 5, -8
 3572              		.cfi_offset 14, -4
 3573 0002 83B0     		sub	sp, sp, #12
 3574              	.LCFI61:
 3575              		.cfi_def_cfa_offset 24
 3576 0004 0546     		mov	r5, r0
  49:Core/Src/ui/screens.c ****     GFX_DrawHLine(0, HEADER_Y + HEADER_H - 2, ILI9341_WIDTH, COLOR_ACCENT);
 3577              		.loc 1 49 5 is_stmt 1 view .LVU621
 3578 0006 40F68814 		movw	r4, #2440
 3579 000a 0094     		str	r4, [sp]
 3580 000c 1E23     		movs	r3, #30
 3581 000e F022     		movs	r2, #240
 3582 0010 0021     		movs	r1, #0
 3583 0012 0846     		mov	r0, r1
 3584              	.LVL237:
  49:Core/Src/ui/screens.c ****     GFX_DrawHLine(0, HEADER_Y + HEADER_H - 2, ILI9341_WIDTH, COLOR_ACCENT);
 3585              		.loc 1 49 5 is_stmt 0 view .LVU622
 3586 0014 FFF7FEFF 		bl	ILI9341_FillRect
 3587              	.LVL238:
  50:Core/Src/ui/screens.c ****     GFX_DrawHLine(0, HEADER_Y + HEADER_H - 1, ILI9341_WIDTH, COLOR_ACCENT);
 3588              		.loc 1 50 5 is_stmt 1 view .LVU623
 3589 0018 4FF66043 		movw	r3, #64608
 3590 001c F022     		movs	r2, #240
 3591 001e 1C21     		movs	r1, #28
 3592 0020 0020     		movs	r0, #0
 3593 0022 FFF7FEFF 		bl	GFX_DrawHLine
 3594              	.LVL239:
  51:Core/Src/ui/screens.c ****     GFX_DrawString(8, HEADER_Y + 10, title, &GFX_FontMedium, COLOR_WHITE, COLOR_HEADER);
 3595              		.loc 1 51 5 view .LVU624
 3596 0026 4FF66043 		movw	r3, #64608
 3597 002a F022     		movs	r2, #240
ARM GAS  /tmp/cczpKMPG.s 			page 93


 3598 002c 1D21     		movs	r1, #29
 3599 002e 0020     		movs	r0, #0
 3600 0030 FFF7FEFF 		bl	GFX_DrawHLine
 3601              	.LVL240:
  52:Core/Src/ui/screens.c ****     Screen_Header_RefreshIcons();
 3602              		.loc 1 52 5 view .LVU625
 3603 0034 0194     		str	r4, [sp, #4]
 3604 0036 4FF6FF73 		movw	r3, #65535
 3605 003a 0093     		str	r3, [sp]
 3606 003c 044B     		ldr	r3, .L258
 3607 003e 2A46     		mov	r2, r5
 3608 0040 0A21     		movs	r1, #10
 3609 0042 0820     		movs	r0, #8
 3610 0044 FFF7FEFF 		bl	GFX_DrawString
 3611              	.LVL241:
  53:Core/Src/ui/screens.c **** }
 3612              		.loc 1 53 5 view .LVU626
 3613 0048 FFF7FEFF 		bl	Screen_Header_RefreshIcons
 3614              	.LVL242:
  54:Core/Src/ui/screens.c **** 
 3615              		.loc 1 54 1 is_stmt 0 view .LVU627
 3616 004c 03B0     		add	sp, sp, #12
 3617              	.LCFI62:
 3618              		.cfi_def_cfa_offset 12
 3619              		@ sp needed
 3620 004e 30BD     		pop	{r4, r5, pc}
 3621              	.LVL243:
 3622              	.L259:
  54:Core/Src/ui/screens.c **** 
 3623              		.loc 1 54 1 view .LVU628
 3624              		.align	2
 3625              	.L258:
 3626 0050 00000000 		.word	GFX_FontMedium
 3627              		.cfi_endproc
 3628              	.LFE223:
 3630              		.section	.rodata.Screen_Boot_Draw.str1.4,"aMS",%progbits,1
 3631              		.align	2
 3632              	.LC56:
 3633 0000 4455434B 		.ascii	"DUCKER\000"
 3633      455200
 3634 0007 00       		.align	2
 3635              	.LC57:
 3636 0008 43484152 		.ascii	"CHARGER\000"
 3636      47455200 
 3637              		.align	2
 3638              	.LC58:
 3639 0010 536D6172 		.ascii	"Smart UPS 4S3P\000"
 3639      74205550 
 3639      53203453 
 3639      335000
 3640 001f 00       		.align	2
 3641              	.LC59:
 3642 0020 76302E31 		.ascii	"v0.1\000"
 3642      00
 3643 0025 000000   		.align	2
 3644              	.LC60:
 3645 0028 50726F6A 		.ascii	"Project for the course\000"
ARM GAS  /tmp/cczpKMPG.s 			page 94


 3645      65637420 
 3645      666F7220 
 3645      74686520 
 3645      636F7572 
 3646 003f 00       		.align	2
 3647              	.LC61:
 3648 0040 456D6265 		.ascii	"Embedded Software for the IoT\000"
 3648      64646564 
 3648      20536F66 
 3648      74776172 
 3648      6520666F 
 3649 005e 0000     		.align	2
 3650              	.LC62:
 3651 0060 556E6976 		.ascii	"University of Trento\000"
 3651      65727369 
 3651      7479206F 
 3651      66205472 
 3651      656E746F 
 3652              		.section	.text.Screen_Boot_Draw,"ax",%progbits
 3653              		.align	1
 3654              		.global	Screen_Boot_Draw
 3655              		.syntax unified
 3656              		.thumb
 3657              		.thumb_func
 3659              	Screen_Boot_Draw:
 3660              	.LFB233:
 174:Core/Src/ui/screens.c ****     ILI9341_FillScreen(COLOR_BG);
 3661              		.loc 1 174 1 is_stmt 1 view -0
 3662              		.cfi_startproc
 3663              		@ args = 0, pretend = 0, frame = 0
 3664              		@ frame_needed = 0, uses_anonymous_args = 0
 3665 0000 2DE9F043 		push	{r4, r5, r6, r7, r8, r9, lr}
 3666              	.LCFI63:
 3667              		.cfi_def_cfa_offset 28
 3668              		.cfi_offset 4, -28
 3669              		.cfi_offset 5, -24
 3670              		.cfi_offset 6, -20
 3671              		.cfi_offset 7, -16
 3672              		.cfi_offset 8, -12
 3673              		.cfi_offset 9, -8
 3674              		.cfi_offset 14, -4
 3675 0004 85B0     		sub	sp, sp, #20
 3676              	.LCFI64:
 3677              		.cfi_def_cfa_offset 48
 175:Core/Src/ui/screens.c **** 
 3678              		.loc 1 175 5 view .LVU630
 3679 0006 40F64100 		movw	r0, #2113
 3680 000a FFF7FEFF 		bl	ILI9341_FillScreen
 3681              	.LVL244:
 178:Core/Src/ui/screens.c **** 
 3682              		.loc 1 178 5 view .LVU631
 3683 000e 434B     		ldr	r3, .L262
 3684 0010 0093     		str	r3, [sp]
 3685 0012 6523     		movs	r3, #101
 3686 0014 6822     		movs	r2, #104
 3687 0016 2A21     		movs	r1, #42
 3688 0018 4420     		movs	r0, #68
ARM GAS  /tmp/cczpKMPG.s 			page 95


 3689 001a FFF7FEFF 		bl	GFX_DrawBitmap
 3690              	.LVL245:
 184:Core/Src/ui/screens.c ****     GFX_DrawStringScaled(24, 160, "DUCKER",  &GFX_FontSmall, 3, COLOR_ACCENT, COLOR_TRANSPARENT_MAG
 3691              		.loc 1 184 5 view .LVU632
 3692 001e 404C     		ldr	r4, .L262+4
 3693 0020 404E     		ldr	r6, .L262+8
 3694 0022 40F64105 		movw	r5, #2113
 3695 0026 0295     		str	r5, [sp, #8]
 3696 0028 48F28023 		movw	r3, #33408
 3697 002c 0193     		str	r3, [sp, #4]
 3698 002e 0327     		movs	r7, #3
 3699 0030 0097     		str	r7, [sp]
 3700 0032 2346     		mov	r3, r4
 3701 0034 3246     		mov	r2, r6
 3702 0036 A321     		movs	r1, #163
 3703 0038 1B20     		movs	r0, #27
 3704 003a FFF7FEFF 		bl	GFX_DrawStringScaled
 3705              	.LVL246:
 185:Core/Src/ui/screens.c ****     GFX_DrawStringScaled(73, 195, "CHARGER", &GFX_FontSmall, 3, COLOR_DARKGRAY, COLOR_TRANSPARENT_M
 3706              		.loc 1 185 5 view .LVU633
 3707 003e 0295     		str	r5, [sp, #8]
 3708 0040 4FF66048 		movw	r8, #64608
 3709 0044 CDF80480 		str	r8, [sp, #4]
 3710 0048 0097     		str	r7, [sp]
 3711 004a 2346     		mov	r3, r4
 3712 004c 3246     		mov	r2, r6
 3713 004e A021     		movs	r1, #160
 3714 0050 1820     		movs	r0, #24
 3715 0052 FFF7FEFF 		bl	GFX_DrawStringScaled
 3716              	.LVL247:
 186:Core/Src/ui/screens.c ****     GFX_DrawStringScaled(70, 192, "CHARGER", &GFX_FontSmall, 3, COLOR_WHITE, COLOR_TRANSPARENT_MAGI
 3717              		.loc 1 186 5 view .LVU634
 3718 0056 DFF8E490 		ldr	r9, .L262+32
 3719 005a 0295     		str	r5, [sp, #8]
 3720 005c 44F20826 		movw	r6, #16904
 3721 0060 0196     		str	r6, [sp, #4]
 3722 0062 0097     		str	r7, [sp]
 3723 0064 2346     		mov	r3, r4
 3724 0066 4A46     		mov	r2, r9
 3725 0068 C321     		movs	r1, #195
 3726 006a 4920     		movs	r0, #73
 3727 006c FFF7FEFF 		bl	GFX_DrawStringScaled
 3728              	.LVL248:
 187:Core/Src/ui/screens.c **** 
 3729              		.loc 1 187 5 view .LVU635
 3730 0070 0295     		str	r5, [sp, #8]
 3731 0072 4FF6FF73 		movw	r3, #65535
 3732 0076 0193     		str	r3, [sp, #4]
 3733 0078 0097     		str	r7, [sp]
 3734 007a 2346     		mov	r3, r4
 3735 007c 4A46     		mov	r2, r9
 3736 007e C021     		movs	r1, #192
 3737 0080 4620     		movs	r0, #70
 3738 0082 FFF7FEFF 		bl	GFX_DrawStringScaled
 3739              	.LVL249:
 190:Core/Src/ui/screens.c **** 
 3740              		.loc 1 190 5 view .LVU636
ARM GAS  /tmp/cczpKMPG.s 			page 96


 3741 0086 0195     		str	r5, [sp, #4]
 3742 0088 48F21047 		movw	r7, #33808
 3743 008c 0097     		str	r7, [sp]
 3744 008e 2346     		mov	r3, r4
 3745 0090 254A     		ldr	r2, .L262+12
 3746 0092 E821     		movs	r1, #232
 3747 0094 4E20     		movs	r0, #78
 3748 0096 FFF7FEFF 		bl	GFX_DrawString
 3749              	.LVL250:
 193:Core/Src/ui/screens.c ****     GFX_DrawHLine(24, 154, 96,  COLOR_ACCENT);
 3750              		.loc 1 193 5 view .LVU637
 3751 009a 4346     		mov	r3, r8
 3752 009c 8022     		movs	r2, #128
 3753 009e 9821     		movs	r1, #152
 3754 00a0 1820     		movs	r0, #24
 3755 00a2 FFF7FEFF 		bl	GFX_DrawHLine
 3756              	.LVL251:
 194:Core/Src/ui/screens.c ****     GFX_DrawHLine(88, 246, 128, COLOR_GRAY);
 3757              		.loc 1 194 5 view .LVU638
 3758 00a6 4346     		mov	r3, r8
 3759 00a8 6022     		movs	r2, #96
 3760 00aa 9A21     		movs	r1, #154
 3761 00ac 1820     		movs	r0, #24
 3762 00ae FFF7FEFF 		bl	GFX_DrawHLine
 3763              	.LVL252:
 195:Core/Src/ui/screens.c ****     GFX_DrawHLine(120, 248, 96, COLOR_GRAY);
 3764              		.loc 1 195 5 view .LVU639
 3765 00b2 3B46     		mov	r3, r7
 3766 00b4 8022     		movs	r2, #128
 3767 00b6 F621     		movs	r1, #246
 3768 00b8 5820     		movs	r0, #88
 3769 00ba FFF7FEFF 		bl	GFX_DrawHLine
 3770              	.LVL253:
 196:Core/Src/ui/screens.c **** 
 3771              		.loc 1 196 5 view .LVU640
 3772 00be 3B46     		mov	r3, r7
 3773 00c0 6022     		movs	r2, #96
 3774 00c2 F821     		movs	r1, #248
 3775 00c4 7820     		movs	r0, #120
 3776 00c6 FFF7FEFF 		bl	GFX_DrawHLine
 3777              	.LVL254:
 199:Core/Src/ui/screens.c **** 
 3778              		.loc 1 199 5 view .LVU641
 3779 00ca 0295     		str	r5, [sp, #8]
 3780 00cc 0197     		str	r7, [sp, #4]
 3781 00ce 0223     		movs	r3, #2
 3782 00d0 0093     		str	r3, [sp]
 3783 00d2 2346     		mov	r3, r4
 3784 00d4 154A     		ldr	r2, .L262+16
 3785 00d6 0621     		movs	r1, #6
 3786 00d8 0846     		mov	r0, r1
 3787 00da FFF7FEFF 		bl	GFX_DrawStringScaled
 3788              	.LVL255:
 202:Core/Src/ui/screens.c ****     GFX_DrawString(33, 278, "Embedded Software for the IoT", &GFX_FontSmall, COLOR_DARKGRAY, COLOR_
 3789              		.loc 1 202 5 view .LVU642
 3790 00de 0195     		str	r5, [sp, #4]
 3791 00e0 0096     		str	r6, [sp]
ARM GAS  /tmp/cczpKMPG.s 			page 97


 3792 00e2 2346     		mov	r3, r4
 3793 00e4 124A     		ldr	r2, .L262+20
 3794 00e6 4FF48571 		mov	r1, #266
 3795 00ea 3620     		movs	r0, #54
 3796 00ec FFF7FEFF 		bl	GFX_DrawString
 3797              	.LVL256:
 203:Core/Src/ui/screens.c ****     GFX_DrawString(60, 290, "University of Trento",          &GFX_FontSmall, COLOR_DARKGRAY, COLOR_
 3798              		.loc 1 203 5 view .LVU643
 3799 00f0 0195     		str	r5, [sp, #4]
 3800 00f2 0096     		str	r6, [sp]
 3801 00f4 2346     		mov	r3, r4
 3802 00f6 0F4A     		ldr	r2, .L262+24
 3803 00f8 4FF48B71 		mov	r1, #278
 3804 00fc 2120     		movs	r0, #33
 3805 00fe FFF7FEFF 		bl	GFX_DrawString
 3806              	.LVL257:
 204:Core/Src/ui/screens.c **** }
 3807              		.loc 1 204 5 view .LVU644
 3808 0102 0195     		str	r5, [sp, #4]
 3809 0104 0096     		str	r6, [sp]
 3810 0106 2346     		mov	r3, r4
 3811 0108 0B4A     		ldr	r2, .L262+28
 3812 010a 4FF49171 		mov	r1, #290
 3813 010e 3C20     		movs	r0, #60
 3814 0110 FFF7FEFF 		bl	GFX_DrawString
 3815              	.LVL258:
 205:Core/Src/ui/screens.c **** 
 3816              		.loc 1 205 1 is_stmt 0 view .LVU645
 3817 0114 05B0     		add	sp, sp, #20
 3818              	.LCFI65:
 3819              		.cfi_def_cfa_offset 28
 3820              		@ sp needed
 3821 0116 BDE8F083 		pop	{r4, r5, r6, r7, r8, r9, pc}
 3822              	.L263:
 3823 011a 00BF     		.align	2
 3824              	.L262:
 3825 011c 00000000 		.word	logo_data
 3826 0120 00000000 		.word	GFX_FontSmall
 3827 0124 00000000 		.word	.LC56
 3828 0128 10000000 		.word	.LC58
 3829 012c 20000000 		.word	.LC59
 3830 0130 28000000 		.word	.LC60
 3831 0134 40000000 		.word	.LC61
 3832 0138 60000000 		.word	.LC62
 3833 013c 08000000 		.word	.LC57
 3834              		.cfi_endproc
 3835              	.LFE233:
 3837              		.section	.rodata.Screen_Main_Update.str1.4,"aMS",%progbits,1
 3838              		.align	2
 3839              	.LC63:
 3840 0000 746F2066 		.ascii	"to full\000"
 3840      756C6C00 
 3841              		.align	2
 3842              	.LC64:
 3843 0008 6C656674 		.ascii	"left\000"
 3843      00
 3844 000d 000000   		.align	2
ARM GAS  /tmp/cczpKMPG.s 			page 98


 3845              	.LC65:
 3846 0010 25756825 		.ascii	"%uh%02um %s\000"
 3846      3032756D 
 3846      20257300 
 3847              		.align	2
 3848              	.LC66:
 3849 001c 25642E25 		.ascii	"%d.%02dV\000"
 3849      30326456 
 3849      00
 3850 0025 000000   		.align	2
 3851              	.LC67:
 3852 0028 252B646D 		.ascii	"%+dmA\000"
 3852      4100
 3853              		.section	.text.Screen_Main_Update,"ax",%progbits
 3854              		.align	1
 3855              		.global	Screen_Main_Update
 3856              		.syntax unified
 3857              		.thumb
 3858              		.thumb_func
 3860              	Screen_Main_Update:
 3861              	.LFB235:
 242:Core/Src/ui/screens.c ****     char buf[20];
 3862              		.loc 1 242 1 is_stmt 1 view -0
 3863              		.cfi_startproc
 3864              		@ args = 0, pretend = 0, frame = 32
 3865              		@ frame_needed = 0, uses_anonymous_args = 0
 3866 0000 2DE9F041 		push	{r4, r5, r6, r7, r8, lr}
 3867              	.LCFI66:
 3868              		.cfi_def_cfa_offset 24
 3869              		.cfi_offset 4, -24
 3870              		.cfi_offset 5, -20
 3871              		.cfi_offset 6, -16
 3872              		.cfi_offset 7, -12
 3873              		.cfi_offset 8, -8
 3874              		.cfi_offset 14, -4
 3875 0004 90B0     		sub	sp, sp, #64
 3876              	.LCFI67:
 3877              		.cfi_def_cfa_offset 88
 243:Core/Src/ui/screens.c **** 
 3878              		.loc 1 243 5 view .LVU647
 246:Core/Src/ui/screens.c ****                              MAIN_BATTBAR_W, MAIN_BATTBAR_H,
 3879              		.loc 1 246 5 view .LVU648
 3880 0006 674C     		ldr	r4, .L273
 3881 0008 2378     		ldrb	r3, [r4]	@ zero_extendqisi2
 3882 000a 0093     		str	r3, [sp]
 3883 000c 2E23     		movs	r3, #46
 3884 000e 8A22     		movs	r2, #138
 3885 0010 2A21     		movs	r1, #42
 3886 0012 0A20     		movs	r0, #10
 3887 0014 FFF7FEFF 		bl	Widget_BatteryBar_Update
 3888              	.LVL259:
 3889              	.LBB12:
 253:Core/Src/ui/screens.c ****         snprintf(soc, sizeof(soc), "%u%%", telemetry.soc_percent);
 3890              		.loc 1 253 9 view .LVU649
 254:Core/Src/ui/screens.c ****         ILI9341_FillRect(MAIN_SOC_X, MAIN_SOC_Y, 240 - MAIN_SOC_X - 4, 26, COLOR_BG);
 3891              		.loc 1 254 9 view .LVU650
 3892 0018 09AD     		add	r5, sp, #36
ARM GAS  /tmp/cczpKMPG.s 			page 99


 3893 001a 2378     		ldrb	r3, [r4]	@ zero_extendqisi2
 3894 001c 624A     		ldr	r2, .L273+4
 3895 001e 0621     		movs	r1, #6
 3896 0020 2846     		mov	r0, r5
 3897 0022 FFF7FEFF 		bl	snprintf
 3898              	.LVL260:
 255:Core/Src/ui/screens.c ****         GFX_DrawStringScaled(MAIN_SOC_X, MAIN_SOC_Y, soc, &GFX_FontSmall, 3,
 3899              		.loc 1 255 9 view .LVU651
 3900 0026 40F64106 		movw	r6, #2113
 3901 002a 0096     		str	r6, [sp]
 3902 002c 1A23     		movs	r3, #26
 3903 002e 5022     		movs	r2, #80
 3904 0030 3421     		movs	r1, #52
 3905 0032 9C20     		movs	r0, #156
 3906 0034 FFF7FEFF 		bl	ILI9341_FillRect
 3907              	.LVL261:
 256:Core/Src/ui/screens.c ****                              battery_color_pub(telemetry.soc_percent), COLOR_BG);
 3908              		.loc 1 256 9 view .LVU652
 3909 0038 2078     		ldrb	r0, [r4]	@ zero_extendqisi2
 3910 003a FFF7FEFF 		bl	battery_color_pub
 3911              	.LVL262:
 256:Core/Src/ui/screens.c ****                              battery_color_pub(telemetry.soc_percent), COLOR_BG);
 3912              		.loc 1 256 9 is_stmt 0 discriminator 1 view .LVU653
 3913 003e 0296     		str	r6, [sp, #8]
 3914 0040 0190     		str	r0, [sp, #4]
 3915 0042 0323     		movs	r3, #3
 3916 0044 0093     		str	r3, [sp]
 3917 0046 594B     		ldr	r3, .L273+8
 3918 0048 2A46     		mov	r2, r5
 3919 004a 3421     		movs	r1, #52
 3920 004c 9C20     		movs	r0, #156
 3921 004e FFF7FEFF 		bl	GFX_DrawStringScaled
 3922              	.LVL263:
 3923              	.LBE12:
 3924              	.LBB13:
 262:Core/Src/ui/screens.c ****         ILI9341_FillRect(MAIN_SOC_X, MAIN_SOC_Y + 30, 240 - MAIN_SOC_X - 4,
 3925              		.loc 1 262 9 is_stmt 1 view .LVU654
 262:Core/Src/ui/screens.c ****         ILI9341_FillRect(MAIN_SOC_X, MAIN_SOC_Y + 30, 240 - MAIN_SOC_X - 4,
 3926              		.loc 1 262 31 is_stmt 0 view .LVU655
 3927 0052 637A     		ldrb	r3, [r4, #9]	@ zero_extendqisi2
 262:Core/Src/ui/screens.c ****         ILI9341_FillRect(MAIN_SOC_X, MAIN_SOC_Y + 30, 240 - MAIN_SOC_X - 4,
 3928              		.loc 1 262 18 view .LVU656
 3929 0054 002B     		cmp	r3, #0
 3930 0056 00F09C80 		beq	.L265
 262:Core/Src/ui/screens.c ****         ILI9341_FillRect(MAIN_SOC_X, MAIN_SOC_Y + 30, 240 - MAIN_SOC_X - 4,
 3931              		.loc 1 262 18 discriminator 1 view .LVU657
 3932 005a 554B     		ldr	r3, .L273+12
 3933 005c 1C88     		ldrh	r4, [r3]
 3934              	.LVL264:
 3935              	.L266:
 263:Core/Src/ui/screens.c ****                          GFX_FONT_SMALL_H, COLOR_BG);
 3936              		.loc 1 263 9 is_stmt 1 view .LVU658
 3937 005e 40F64103 		movw	r3, #2113
 3938 0062 0093     		str	r3, [sp]
 3939 0064 0823     		movs	r3, #8
 3940 0066 5022     		movs	r2, #80
 3941 0068 5221     		movs	r1, #82
ARM GAS  /tmp/cczpKMPG.s 			page 100


 3942 006a 9C20     		movs	r0, #156
 3943 006c FFF7FEFF 		bl	ILI9341_FillRect
 3944              	.LVL265:
 265:Core/Src/ui/screens.c ****             snprintf(buf, sizeof(buf), "%uh%02um %s", m / 60, m % 60,
 3945              		.loc 1 265 9 view .LVU659
 265:Core/Src/ui/screens.c ****             snprintf(buf, sizeof(buf), "%uh%02um %s", m / 60, m % 60,
 3946              		.loc 1 265 19 is_stmt 0 view .LVU660
 3947 0070 631E     		subs	r3, r4, #1
 3948 0072 9BB2     		uxth	r3, r3
 265:Core/Src/ui/screens.c ****             snprintf(buf, sizeof(buf), "%uh%02um %s", m / 60, m % 60,
 3949              		.loc 1 265 12 view .LVU661
 3950 0074 41F26E72 		movw	r2, #5998
 3951 0078 9342     		cmp	r3, r2
 3952 007a 25D8     		bhi	.L267
 266:Core/Src/ui/screens.c ****                      telemetry.is_charging ? "to full" : "left");
 3953              		.loc 1 266 13 is_stmt 1 view .LVU662
 3954 007c 4D4B     		ldr	r3, .L273+16
 3955 007e A3FB0423 		umull	r2, r3, r3, r4
 3956 0082 5A09     		lsrs	r2, r3, #5
 3957 0084 1346     		mov	r3, r2
 3958 0086 C2EB0212 		rsb	r2, r2, r2, lsl #4
 3959 008a A4EB8204 		sub	r4, r4, r2, lsl #2
 3960              	.LVL266:
 266:Core/Src/ui/screens.c ****                      telemetry.is_charging ? "to full" : "left");
 3961              		.loc 1 266 13 is_stmt 0 view .LVU663
 3962 008e A4B2     		uxth	r4, r4
 267:Core/Src/ui/screens.c ****             GFX_DrawString(MAIN_SOC_X, MAIN_SOC_Y + 30, buf, &GFX_FontSmall,
 3963              		.loc 1 267 31 view .LVU664
 3964 0090 444A     		ldr	r2, .L273
 3965 0092 527A     		ldrb	r2, [r2, #9]	@ zero_extendqisi2
 266:Core/Src/ui/screens.c ****                      telemetry.is_charging ? "to full" : "left");
 3966              		.loc 1 266 13 view .LVU665
 3967 0094 002A     		cmp	r2, #0
 3968 0096 7FD0     		beq	.L270
 266:Core/Src/ui/screens.c ****                      telemetry.is_charging ? "to full" : "left");
 3969              		.loc 1 266 13 discriminator 1 view .LVU666
 3970 0098 474A     		ldr	r2, .L273+20
 3971              	.L268:
 266:Core/Src/ui/screens.c ****                      telemetry.is_charging ? "to full" : "left");
 3972              		.loc 1 266 13 discriminator 3 view .LVU667
 3973 009a 0192     		str	r2, [sp, #4]
 3974 009c 0094     		str	r4, [sp]
 3975 009e 474A     		ldr	r2, .L273+24
 3976 00a0 1421     		movs	r1, #20
 3977 00a2 0BA8     		add	r0, sp, #44
 3978 00a4 FFF7FEFF 		bl	snprintf
 3979              	.LVL267:
 268:Core/Src/ui/screens.c ****                            telemetry.is_charging ? COLOR_GREEN : COLOR_LIGHTGRAY,
 3980              		.loc 1 268 13 is_stmt 1 view .LVU668
 269:Core/Src/ui/screens.c ****                            COLOR_BG);
 3981              		.loc 1 269 37 is_stmt 0 view .LVU669
 3982 00a8 3E4B     		ldr	r3, .L273
 3983 00aa 5B7A     		ldrb	r3, [r3, #9]	@ zero_extendqisi2
 268:Core/Src/ui/screens.c ****                            telemetry.is_charging ? COLOR_GREEN : COLOR_LIGHTGRAY,
 3984              		.loc 1 268 13 view .LVU670
 3985 00ac 002B     		cmp	r3, #0
 3986 00ae 75D0     		beq	.L271
ARM GAS  /tmp/cczpKMPG.s 			page 101


 268:Core/Src/ui/screens.c ****                            telemetry.is_charging ? COLOR_GREEN : COLOR_LIGHTGRAY,
 3987              		.loc 1 268 13 discriminator 1 view .LVU671
 3988 00b0 4FF4FC63 		mov	r3, #2016
 3989              	.L269:
 268:Core/Src/ui/screens.c ****                            telemetry.is_charging ? COLOR_GREEN : COLOR_LIGHTGRAY,
 3990              		.loc 1 268 13 discriminator 3 view .LVU672
 3991 00b4 40F64102 		movw	r2, #2113
 3992 00b8 0192     		str	r2, [sp, #4]
 3993 00ba 0093     		str	r3, [sp]
 3994 00bc 3B4B     		ldr	r3, .L273+8
 3995 00be 0BAA     		add	r2, sp, #44
 3996 00c0 5221     		movs	r1, #82
 3997 00c2 9C20     		movs	r0, #156
 3998 00c4 FFF7FEFF 		bl	GFX_DrawString
 3999              	.LVL268:
 4000              	.L267:
 4001              	.LBE13:
 275:Core/Src/ui/screens.c ****              telemetry.voltage_mV / 1000,
 4002              		.loc 1 275 5 is_stmt 1 view .LVU673
 276:Core/Src/ui/screens.c ****              (telemetry.voltage_mV % 1000) / 10);
 4003              		.loc 1 276 23 is_stmt 0 view .LVU674
 4004 00c8 364C     		ldr	r4, .L273
 4005 00ca 6288     		ldrh	r2, [r4, #2]
 275:Core/Src/ui/screens.c ****              telemetry.voltage_mV / 1000,
 4006              		.loc 1 275 5 view .LVU675
 4007 00cc 3C4B     		ldr	r3, .L273+28
 4008 00ce A3FB0213 		umull	r1, r3, r3, r2
 4009 00d2 9909     		lsrs	r1, r3, #6
 4010 00d4 0BAE     		add	r6, sp, #44
 4011 00d6 4FF47A70 		mov	r0, #1000
 4012 00da 00FB1122 		mls	r2, r0, r1, r2
 4013 00de 92B2     		uxth	r2, r2
 4014 00e0 3849     		ldr	r1, .L273+32
 4015 00e2 A1FB0212 		umull	r1, r2, r1, r2
 4016 00e6 D208     		lsrs	r2, r2, #3
 4017 00e8 0092     		str	r2, [sp]
 4018 00ea 9B09     		lsrs	r3, r3, #6
 4019 00ec 364A     		ldr	r2, .L273+36
 4020 00ee 1421     		movs	r1, #20
 4021 00f0 3046     		mov	r0, r6
 4022 00f2 FFF7FEFF 		bl	snprintf
 4023              	.LVL269:
 278:Core/Src/ui/screens.c ****                      110, GFX_FONT_SMALL_H * 2, COLOR_BG);
 4024              		.loc 1 278 5 is_stmt 1 view .LVU676
 4025 00f6 40F64105 		movw	r5, #2113
 4026 00fa 0095     		str	r5, [sp]
 4027 00fc 1023     		movs	r3, #16
 4028 00fe 6E22     		movs	r2, #110
 4029 0100 1146     		mov	r1, r2
 4030 0102 0A20     		movs	r0, #10
 4031 0104 FFF7FEFF 		bl	ILI9341_FillRect
 4032              	.LVL270:
 280:Core/Src/ui/screens.c ****                          buf, &GFX_FontSmall, 2,
 4033              		.loc 1 280 5 view .LVU677
 4034 0108 6088     		ldrh	r0, [r4, #2]
 4035 010a FFF7FEFF 		bl	volt_color_pub
 4036              	.LVL271:
ARM GAS  /tmp/cczpKMPG.s 			page 102


 280:Core/Src/ui/screens.c ****                          buf, &GFX_FontSmall, 2,
 4037              		.loc 1 280 5 is_stmt 0 discriminator 1 view .LVU678
 4038 010e 274F     		ldr	r7, .L273+8
 4039 0110 0295     		str	r5, [sp, #8]
 4040 0112 0190     		str	r0, [sp, #4]
 4041 0114 4FF00208 		mov	r8, #2
 4042 0118 CDF80080 		str	r8, [sp]
 4043 011c 3B46     		mov	r3, r7
 4044 011e 3246     		mov	r2, r6
 4045 0120 6E21     		movs	r1, #110
 4046 0122 0A20     		movs	r0, #10
 4047 0124 FFF7FEFF 		bl	GFX_DrawStringScaled
 4048              	.LVL272:
 285:Core/Src/ui/screens.c ****     ILI9341_FillRect(MAIN_CURRENT_X, MAIN_CURRENT_Y + GFX_FONT_SMALL_H + 4,
 4049              		.loc 1 285 5 is_stmt 1 view .LVU679
 4050 0128 B4F90430 		ldrsh	r3, [r4, #4]
 4051 012c 274A     		ldr	r2, .L273+40
 4052 012e 1421     		movs	r1, #20
 4053 0130 3046     		mov	r0, r6
 4054 0132 FFF7FEFF 		bl	snprintf
 4055              	.LVL273:
 286:Core/Src/ui/screens.c ****                      110, GFX_FONT_SMALL_H * 2, COLOR_BG);
 4056              		.loc 1 286 5 view .LVU680
 4057 0136 0095     		str	r5, [sp]
 4058 0138 1023     		movs	r3, #16
 4059 013a 6E22     		movs	r2, #110
 4060 013c 1146     		mov	r1, r2
 4061 013e 8220     		movs	r0, #130
 4062 0140 FFF7FEFF 		bl	ILI9341_FillRect
 4063              	.LVL274:
 288:Core/Src/ui/screens.c ****                          buf, &GFX_FontSmall, 2,
 4064              		.loc 1 288 5 view .LVU681
 4065 0144 B4F90400 		ldrsh	r0, [r4, #4]
 4066 0148 FFF7FEFF 		bl	current_color
 4067              	.LVL275:
 288:Core/Src/ui/screens.c ****                          buf, &GFX_FontSmall, 2,
 4068              		.loc 1 288 5 is_stmt 0 discriminator 1 view .LVU682
 4069 014c 0295     		str	r5, [sp, #8]
 4070 014e 0190     		str	r0, [sp, #4]
 4071 0150 CDF80080 		str	r8, [sp]
 4072 0154 3B46     		mov	r3, r7
 4073 0156 3246     		mov	r2, r6
 4074 0158 6E21     		movs	r1, #110
 4075 015a 8220     		movs	r0, #130
 4076 015c FFF7FEFF 		bl	GFX_DrawStringScaled
 4077              	.LVL276:
 293:Core/Src/ui/screens.c ****                           MAIN_GRAPH_W, MAIN_GRAPH_H,
 4078              		.loc 1 293 5 is_stmt 1 view .LVU683
 4079 0160 0695     		str	r5, [sp, #24]
 4080 0162 40F2FF73 		movw	r3, #2047
 4081 0166 0593     		str	r3, [sp, #20]
 4082 0168 43F69823 		movw	r3, #15000
 4083 016c 0493     		str	r3, [sp, #16]
 4084 016e 184B     		ldr	r3, .L273+44
 4085 0170 0393     		str	r3, [sp, #12]
 4086 0172 94F88C30 		ldrb	r3, [r4, #140]	@ zero_extendqisi2
 4087 0176 0293     		str	r3, [sp, #8]
ARM GAS  /tmp/cczpKMPG.s 			page 103


 4088 0178 3C23     		movs	r3, #60
 4089 017a 0193     		str	r3, [sp, #4]
 4090 017c 1434     		adds	r4, r4, #20
 4091 017e 0094     		str	r4, [sp]
 4092 0180 6423     		movs	r3, #100
 4093 0182 DC22     		movs	r2, #220
 4094 0184 9921     		movs	r1, #153
 4095 0186 0A20     		movs	r0, #10
 4096 0188 FFF7FEFF 		bl	Widget_LineGraph_Draw
 4097              	.LVL277:
 302:Core/Src/ui/screens.c **** 
 4098              		.loc 1 302 1 is_stmt 0 view .LVU684
 4099 018c 10B0     		add	sp, sp, #64
 4100              	.LCFI68:
 4101              		.cfi_remember_state
 4102              		.cfi_def_cfa_offset 24
 4103              		@ sp needed
 4104 018e BDE8F081 		pop	{r4, r5, r6, r7, r8, pc}
 4105              	.LVL278:
 4106              	.L265:
 4107              	.LCFI69:
 4108              		.cfi_restore_state
 4109              	.LBB14:
 262:Core/Src/ui/screens.c ****         ILI9341_FillRect(MAIN_SOC_X, MAIN_SOC_Y + 30, 240 - MAIN_SOC_X - 4,
 4110              		.loc 1 262 18 discriminator 2 view .LVU685
 4111 0192 104B     		ldr	r3, .L273+48
 4112 0194 1C88     		ldrh	r4, [r3]
 4113 0196 62E7     		b	.L266
 4114              	.LVL279:
 4115              	.L270:
 266:Core/Src/ui/screens.c ****                      telemetry.is_charging ? "to full" : "left");
 4116              		.loc 1 266 13 discriminator 2 view .LVU686
 4117 0198 0F4A     		ldr	r2, .L273+52
 4118 019a 7EE7     		b	.L268
 4119              	.L271:
 268:Core/Src/ui/screens.c ****                            telemetry.is_charging ? COLOR_GREEN : COLOR_LIGHTGRAY,
 4120              		.loc 1 268 13 discriminator 2 view .LVU687
 4121 019c 4CF21863 		movw	r3, #50712
 4122 01a0 88E7     		b	.L269
 4123              	.L274:
 4124 01a2 00BF     		.align	2
 4125              	.L273:
 4126 01a4 00000000 		.word	telemetry
 4127 01a8 00000000 		.word	.LC15
 4128 01ac 00000000 		.word	GFX_FontSmall
 4129 01b0 00000000 		.word	ttf_min
 4130 01b4 89888888 		.word	-2004318071
 4131 01b8 00000000 		.word	.LC63
 4132 01bc 10000000 		.word	.LC65
 4133 01c0 D34D6210 		.word	274877907
 4134 01c4 CDCCCCCC 		.word	-858993459
 4135 01c8 1C000000 		.word	.LC66
 4136 01cc 28000000 		.word	.LC67
 4137 01d0 68C5FFFF 		.word	-15000
 4138 01d4 00000000 		.word	tte_min
 4139 01d8 08000000 		.word	.LC64
 4140              	.LBE14:
ARM GAS  /tmp/cczpKMPG.s 			page 104


 4141              		.cfi_endproc
 4142              	.LFE235:
 4144              		.section	.rodata.Screen_Main_Draw.str1.4,"aMS",%progbits,1
 4145              		.align	2
 4146              	.LC68:
 4147 0000 4455434B 		.ascii	"DUCKER CHARGER\000"
 4147      45522043 
 4147      48415247 
 4147      455200
 4148 000f 00       		.align	2
 4149              	.LC69:
 4150 0010 564F4C54 		.ascii	"VOLTAGE\000"
 4150      41474500 
 4151              		.align	2
 4152              	.LC70:
 4153 0018 43555252 		.ascii	"CURRENT\000"
 4153      454E5400 
 4154              		.align	2
 4155              	.LC71:
 4156 0020 43757272 		.ascii	"Current (30 s)\000"
 4156      656E7420 
 4156      28333020 
 4156      732900
 4157              		.section	.text.Screen_Main_Draw,"ax",%progbits
 4158              		.align	1
 4159              		.global	Screen_Main_Draw
 4160              		.syntax unified
 4161              		.thumb
 4162              		.thumb_func
 4164              	Screen_Main_Draw:
 4165              	.LFB234:
 212:Core/Src/ui/screens.c ****     ILI9341_FillScreen(COLOR_BG);
 4166              		.loc 1 212 1 is_stmt 1 view -0
 4167              		.cfi_startproc
 4168              		@ args = 0, pretend = 0, frame = 0
 4169              		@ frame_needed = 0, uses_anonymous_args = 0
 4170 0000 70B5     		push	{r4, r5, r6, lr}
 4171              	.LCFI70:
 4172              		.cfi_def_cfa_offset 16
 4173              		.cfi_offset 4, -16
 4174              		.cfi_offset 5, -12
 4175              		.cfi_offset 6, -8
 4176              		.cfi_offset 14, -4
 4177 0002 82B0     		sub	sp, sp, #8
 4178              	.LCFI71:
 4179              		.cfi_def_cfa_offset 24
 213:Core/Src/ui/screens.c **** 
 4180              		.loc 1 213 5 view .LVU689
 4181 0004 40F64100 		movw	r0, #2113
 4182 0008 FFF7FEFF 		bl	ILI9341_FillScreen
 4183              	.LVL280:
 215:Core/Src/ui/screens.c **** 
 4184              		.loc 1 215 5 view .LVU690
 4185 000c 1C48     		ldr	r0, .L277
 4186 000e FFF7FEFF 		bl	draw_header
 4187              	.LVL281:
 218:Core/Src/ui/screens.c ****                            MAIN_BATTBAR_W, MAIN_BATTBAR_H,
ARM GAS  /tmp/cczpKMPG.s 			page 105


 4188              		.loc 1 218 5 view .LVU691
 4189 0012 1C4B     		ldr	r3, .L277+4
 4190 0014 1B78     		ldrb	r3, [r3]	@ zero_extendqisi2
 4191 0016 0093     		str	r3, [sp]
 4192 0018 2E23     		movs	r3, #46
 4193 001a 8A22     		movs	r2, #138
 4194 001c 2A21     		movs	r1, #42
 4195 001e 0A20     		movs	r0, #10
 4196 0020 FFF7FEFF 		bl	Widget_BatteryBar_Draw
 4197              	.LVL282:
 223:Core/Src/ui/screens.c ****                    "VOLTAGE", &GFX_FontSmall, COLOR_LIGHTGRAY, COLOR_BG);
 4198              		.loc 1 223 5 view .LVU692
 4199 0024 184C     		ldr	r4, .L277+8
 4200 0026 40F64105 		movw	r5, #2113
 4201 002a 0195     		str	r5, [sp, #4]
 4202 002c 4CF21866 		movw	r6, #50712
 4203 0030 0096     		str	r6, [sp]
 4204 0032 2346     		mov	r3, r4
 4205 0034 154A     		ldr	r2, .L277+12
 4206 0036 6221     		movs	r1, #98
 4207 0038 0A20     		movs	r0, #10
 4208 003a FFF7FEFF 		bl	GFX_DrawString
 4209              	.LVL283:
 225:Core/Src/ui/screens.c ****                    "CURRENT", &GFX_FontSmall, COLOR_LIGHTGRAY, COLOR_BG);
 4210              		.loc 1 225 5 view .LVU693
 4211 003e 0195     		str	r5, [sp, #4]
 4212 0040 0096     		str	r6, [sp]
 4213 0042 2346     		mov	r3, r4
 4214 0044 124A     		ldr	r2, .L277+16
 4215 0046 6221     		movs	r1, #98
 4216 0048 8220     		movs	r0, #130
 4217 004a FFF7FEFF 		bl	GFX_DrawString
 4218              	.LVL284:
 229:Core/Src/ui/screens.c **** 
 4219              		.loc 1 229 5 view .LVU694
 4220 004e 44F20823 		movw	r3, #16904
 4221 0052 DC22     		movs	r2, #220
 4222 0054 9421     		movs	r1, #148
 4223 0056 0A20     		movs	r0, #10
 4224 0058 FFF7FEFF 		bl	GFX_DrawHLine
 4225              	.LVL285:
 232:Core/Src/ui/screens.c ****                    "Current (30 s)", &GFX_FontSmall, COLOR_GRAY, COLOR_BG);
 4226              		.loc 1 232 5 view .LVU695
 4227 005c 0195     		str	r5, [sp, #4]
 4228 005e 48F21043 		movw	r3, #33808
 4229 0062 0093     		str	r3, [sp]
 4230 0064 2346     		mov	r3, r4
 4231 0066 0B4A     		ldr	r2, .L277+20
 4232 0068 8921     		movs	r1, #137
 4233 006a 0A20     		movs	r0, #10
 4234 006c FFF7FEFF 		bl	GFX_DrawString
 4235              	.LVL286:
 235:Core/Src/ui/screens.c **** 
 4236              		.loc 1 235 5 view .LVU696
 4237 0070 0020     		movs	r0, #0
 4238 0072 FFF7FEFF 		bl	draw_footer
 4239              	.LVL287:
ARM GAS  /tmp/cczpKMPG.s 			page 106


 238:Core/Src/ui/screens.c **** }
 4240              		.loc 1 238 5 view .LVU697
 4241 0076 FFF7FEFF 		bl	Screen_Main_Update
 4242              	.LVL288:
 239:Core/Src/ui/screens.c **** 
 4243              		.loc 1 239 1 is_stmt 0 view .LVU698
 4244 007a 02B0     		add	sp, sp, #8
 4245              	.LCFI72:
 4246              		.cfi_def_cfa_offset 16
 4247              		@ sp needed
 4248 007c 70BD     		pop	{r4, r5, r6, pc}
 4249              	.L278:
 4250 007e 00BF     		.align	2
 4251              	.L277:
 4252 0080 00000000 		.word	.LC68
 4253 0084 00000000 		.word	telemetry
 4254 0088 00000000 		.word	GFX_FontSmall
 4255 008c 10000000 		.word	.LC69
 4256 0090 18000000 		.word	.LC70
 4257 0094 20000000 		.word	.LC71
 4258              		.cfi_endproc
 4259              	.LFE234:
 4261              		.section	.rodata.Screen_Detail_Update.str1.4,"aMS",%progbits,1
 4262              		.align	2
 4263              	.LC72:
 4264 0000 4E4F2049 		.ascii	"NO INPUT\000"
 4264      4E505554 
 4264      00
 4265 0009 000000   		.align	2
 4266              	.LC73:
 4267 000c 25642525 		.ascii	"%d%%\000"
 4267      00
 4268 0011 000000   		.align	2
 4269              	.LC74:
 4270 0014 252B6C64 		.ascii	"%+ldmW\000"
 4270      6D5700
 4271 001b 00       		.align	2
 4272              	.LC75:
 4273 001c 25752E25 		.ascii	"%u.%02u\000"
 4273      30327500 
 4274              		.section	.text.Screen_Detail_Update,"ax",%progbits
 4275              		.align	1
 4276              		.global	Screen_Detail_Update
 4277              		.syntax unified
 4278              		.thumb
 4279              		.thumb_func
 4281              	Screen_Detail_Update:
 4282              	.LFB238:
 357:Core/Src/ui/screens.c ****     char buf[20];
 4283              		.loc 1 357 1 is_stmt 1 view -0
 4284              		.cfi_startproc
 4285              		@ args = 0, pretend = 0, frame = 40
 4286              		@ frame_needed = 0, uses_anonymous_args = 0
 4287 0000 2DE9F043 		push	{r4, r5, r6, r7, r8, r9, lr}
 4288              	.LCFI73:
 4289              		.cfi_def_cfa_offset 28
 4290              		.cfi_offset 4, -28
ARM GAS  /tmp/cczpKMPG.s 			page 107


 4291              		.cfi_offset 5, -24
 4292              		.cfi_offset 6, -20
 4293              		.cfi_offset 7, -16
 4294              		.cfi_offset 8, -12
 4295              		.cfi_offset 9, -8
 4296              		.cfi_offset 14, -4
 4297 0004 8DB0     		sub	sp, sp, #52
 4298              	.LCFI74:
 4299              		.cfi_def_cfa_offset 80
 358:Core/Src/ui/screens.c ****     /* Offset below the small label to where the large value starts.*/
 4300              		.loc 1 358 5 view .LVU700
 360:Core/Src/ui/screens.c **** 
 4301              		.loc 1 360 5 view .LVU701
 4302              	.LVL289:
 363:Core/Src/ui/screens.c ****     detail_value(DETAIL_COL_A, DETAIL_ROW_1 + val_y,
 4303              		.loc 1 363 5 view .LVU702
 363:Core/Src/ui/screens.c ****     detail_value(DETAIL_COL_A, DETAIL_ROW_1 + val_y,
 4304              		.loc 1 363 49 is_stmt 0 view .LVU703
 4305 0006 684D     		ldr	r5, .L287
 363:Core/Src/ui/screens.c ****     detail_value(DETAIL_COL_A, DETAIL_ROW_1 + val_y,
 4306              		.loc 1 363 5 view .LVU704
 4307 0008 06AC     		add	r4, sp, #24
 4308 000a 2B78     		ldrb	r3, [r5]	@ zero_extendqisi2
 4309 000c 674A     		ldr	r2, .L287+4
 4310 000e 1421     		movs	r1, #20
 4311 0010 2046     		mov	r0, r4
 4312 0012 FFF7FEFF 		bl	snprintf
 4313              	.LVL290:
 364:Core/Src/ui/screens.c ****                  buf, battery_color_pub(telemetry.soc_percent));
 4314              		.loc 1 364 5 is_stmt 1 view .LVU705
 4315 0016 2878     		ldrb	r0, [r5]	@ zero_extendqisi2
 4316 0018 FFF7FEFF 		bl	battery_color_pub
 4317              	.LVL291:
 4318 001c 0346     		mov	r3, r0
 364:Core/Src/ui/screens.c ****                  buf, battery_color_pub(telemetry.soc_percent));
 4319              		.loc 1 364 5 is_stmt 0 discriminator 1 view .LVU706
 4320 001e 2246     		mov	r2, r4
 4321 0020 3621     		movs	r1, #54
 4322 0022 0A20     		movs	r0, #10
 4323 0024 FFF7FEFF 		bl	detail_value
 4324              	.LVL292:
 368:Core/Src/ui/screens.c ****              telemetry.voltage_mV / 1000,
 4325              		.loc 1 368 5 is_stmt 1 view .LVU707
 369:Core/Src/ui/screens.c ****              (telemetry.voltage_mV % 1000) / 10);
 4326              		.loc 1 369 23 is_stmt 0 view .LVU708
 4327 0028 6A88     		ldrh	r2, [r5, #2]
 368:Core/Src/ui/screens.c ****              telemetry.voltage_mV / 1000,
 4328              		.loc 1 368 5 view .LVU709
 4329 002a 614B     		ldr	r3, .L287+8
 4330 002c A3FB0213 		umull	r1, r3, r3, r2
 4331 0030 9909     		lsrs	r1, r3, #6
 4332 0032 4FF47A70 		mov	r0, #1000
 4333 0036 00FB1122 		mls	r2, r0, r1, r2
 4334 003a 92B2     		uxth	r2, r2
 4335 003c 5D49     		ldr	r1, .L287+12
 4336 003e A1FB0212 		umull	r1, r2, r1, r2
 4337 0042 D208     		lsrs	r2, r2, #3
ARM GAS  /tmp/cczpKMPG.s 			page 108


 4338 0044 0092     		str	r2, [sp]
 4339 0046 9B09     		lsrs	r3, r3, #6
 4340 0048 5B4A     		ldr	r2, .L287+16
 4341 004a 1421     		movs	r1, #20
 4342 004c 2046     		mov	r0, r4
 4343 004e FFF7FEFF 		bl	snprintf
 4344              	.LVL293:
 371:Core/Src/ui/screens.c ****                  volt_color_pub(telemetry.voltage_mV));
 4345              		.loc 1 371 5 is_stmt 1 view .LVU710
 4346 0052 6888     		ldrh	r0, [r5, #2]
 4347 0054 FFF7FEFF 		bl	volt_color_pub
 4348              	.LVL294:
 4349 0058 0346     		mov	r3, r0
 371:Core/Src/ui/screens.c ****                  volt_color_pub(telemetry.voltage_mV));
 4350              		.loc 1 371 5 is_stmt 0 discriminator 1 view .LVU711
 4351 005a 2246     		mov	r2, r4
 4352 005c 3621     		movs	r1, #54
 4353 005e 7D20     		movs	r0, #125
 4354 0060 FFF7FEFF 		bl	detail_value
 4355              	.LVL295:
 375:Core/Src/ui/screens.c ****     detail_value(DETAIL_COL_A, DETAIL_ROW_2 + val_y,
 4356              		.loc 1 375 5 is_stmt 1 view .LVU712
 4357 0064 B5F90430 		ldrsh	r3, [r5, #4]
 4358 0068 544A     		ldr	r2, .L287+20
 4359 006a 1421     		movs	r1, #20
 4360 006c 2046     		mov	r0, r4
 4361 006e FFF7FEFF 		bl	snprintf
 4362              	.LVL296:
 376:Core/Src/ui/screens.c ****                  buf, current_color(telemetry.current_mA));
 4363              		.loc 1 376 5 view .LVU713
 4364 0072 B5F90400 		ldrsh	r0, [r5, #4]
 4365 0076 FFF7FEFF 		bl	current_color
 4366              	.LVL297:
 4367 007a 0346     		mov	r3, r0
 376:Core/Src/ui/screens.c ****                  buf, current_color(telemetry.current_mA));
 4368              		.loc 1 376 5 is_stmt 0 discriminator 1 view .LVU714
 4369 007c 2246     		mov	r2, r4
 4370 007e 8121     		movs	r1, #129
 4371 0080 0A20     		movs	r0, #10
 4372 0082 FFF7FEFF 		bl	detail_value
 4373              	.LVL298:
 380:Core/Src/ui/screens.c ****     detail_value(DETAIL_COL_B, DETAIL_ROW_2 + val_y, buf, COLOR_YELLOW);
 4374              		.loc 1 380 5 is_stmt 1 view .LVU715
 4375 0086 2B69     		ldr	r3, [r5, #16]
 4376 0088 4D4A     		ldr	r2, .L287+24
 4377 008a 1421     		movs	r1, #20
 4378 008c 2046     		mov	r0, r4
 4379 008e FFF7FEFF 		bl	snprintf
 4380              	.LVL299:
 381:Core/Src/ui/screens.c **** 
 4381              		.loc 1 381 5 view .LVU716
 4382 0092 4FF6E073 		movw	r3, #65504
 4383 0096 2246     		mov	r2, r4
 4384 0098 8121     		movs	r1, #129
 4385 009a 7D20     		movs	r0, #125
 4386 009c FFF7FEFF 		bl	detail_value
 4387              	.LVL300:
ARM GAS  /tmp/cczpKMPG.s 			page 109


 384:Core/Src/ui/screens.c ****     detail_value(DETAIL_COL_A, DETAIL_ROW_3 + val_y,
 4388              		.loc 1 384 5 view .LVU717
 4389 00a0 B5F90630 		ldrsh	r3, [r5, #6]
 4390 00a4 474A     		ldr	r2, .L287+28
 4391 00a6 1421     		movs	r1, #20
 4392 00a8 2046     		mov	r0, r4
 4393 00aa FFF7FEFF 		bl	snprintf
 4394              	.LVL301:
 385:Core/Src/ui/screens.c ****                  buf, temp_color_pub(telemetry.temp_celsius));
 4395              		.loc 1 385 5 view .LVU718
 4396 00ae B5F90600 		ldrsh	r0, [r5, #6]
 4397 00b2 FFF7FEFF 		bl	temp_color_pub
 4398              	.LVL302:
 4399 00b6 0346     		mov	r3, r0
 385:Core/Src/ui/screens.c ****                  buf, temp_color_pub(telemetry.temp_celsius));
 4400              		.loc 1 385 5 is_stmt 0 discriminator 1 view .LVU719
 4401 00b8 2246     		mov	r2, r4
 4402 00ba CC21     		movs	r1, #204
 4403 00bc 0A20     		movs	r0, #10
 4404 00be FFF7FEFF 		bl	detail_value
 4405              	.LVL303:
 389:Core/Src/ui/screens.c ****     {
 4406              		.loc 1 389 5 is_stmt 1 view .LVU720
 4407              	.LBB15:
 389:Core/Src/ui/screens.c ****     {
 4408              		.loc 1 389 10 view .LVU721
 389:Core/Src/ui/screens.c ****     {
 4409              		.loc 1 389 18 is_stmt 0 view .LVU722
 4410 00c2 0025     		movs	r5, #0
 389:Core/Src/ui/screens.c ****     {
 4411              		.loc 1 389 5 view .LVU723
 4412 00c4 4EE0     		b	.L280
 4413              	.LVL304:
 4414              	.L281:
 4415              	.LBB16:
 391:Core/Src/ui/screens.c ****         snprintf(buf, sizeof(buf), "%u.%02u", cell_mv[i] / 1000,
 4416              		.loc 1 391 9 is_stmt 1 view .LVU724
 391:Core/Src/ui/screens.c ****         snprintf(buf, sizeof(buf), "%u.%02u", cell_mv[i] / 1000,
 4417              		.loc 1 391 26 is_stmt 0 view .LVU725
 4418 00c6 05EB4504 		add	r4, r5, r5, lsl #1
 4419 00ca 04EBC404 		add	r4, r4, r4, lsl #3
 4420 00ce 6400     		lsls	r4, r4, #1
 4421 00d0 A4B2     		uxth	r4, r4
 391:Core/Src/ui/screens.c ****         snprintf(buf, sizeof(buf), "%u.%02u", cell_mv[i] / 1000,
 4422              		.loc 1 391 18 view .LVU726
 4423 00d2 1034     		adds	r4, r4, #16
 4424 00d4 A4B2     		uxth	r4, r4
 4425              	.LVL305:
 392:Core/Src/ui/screens.c ****                  (cell_mv[i] % 1000) / 10);
 4426              		.loc 1 392 9 is_stmt 1 view .LVU727
 392:Core/Src/ui/screens.c ****                  (cell_mv[i] % 1000) / 10);
 4427              		.loc 1 392 54 is_stmt 0 view .LVU728
 4428 00d6 3C4F     		ldr	r7, .L287+32
 4429 00d8 37F81520 		ldrh	r2, [r7, r5, lsl #1]
 392:Core/Src/ui/screens.c ****                  (cell_mv[i] % 1000) / 10);
 4430              		.loc 1 392 9 view .LVU729
 4431 00dc 344B     		ldr	r3, .L287+8
ARM GAS  /tmp/cczpKMPG.s 			page 110


 4432 00de A3FB0213 		umull	r1, r3, r3, r2
 4433 00e2 9909     		lsrs	r1, r3, #6
 4434 00e4 06AE     		add	r6, sp, #24
 4435 00e6 4FF47A70 		mov	r0, #1000
 4436 00ea 00FB1122 		mls	r2, r0, r1, r2
 4437 00ee 92B2     		uxth	r2, r2
 4438 00f0 3049     		ldr	r1, .L287+12
 4439 00f2 A1FB0212 		umull	r1, r2, r1, r2
 4440 00f6 D208     		lsrs	r2, r2, #3
 4441 00f8 0092     		str	r2, [sp]
 4442 00fa 9B09     		lsrs	r3, r3, #6
 4443 00fc 334A     		ldr	r2, .L287+36
 4444 00fe 1421     		movs	r1, #20
 4445 0100 3046     		mov	r0, r6
 4446 0102 FFF7FEFF 		bl	snprintf
 4447              	.LVL306:
 394:Core/Src/ui/screens.c ****                        &GFX_FontSmall, COLOR_GRAY, COLOR_BG);
 4448              		.loc 1 394 9 is_stmt 1 view .LVU730
 394:Core/Src/ui/screens.c ****                        &GFX_FontSmall, COLOR_GRAY, COLOR_BG);
 4449              		.loc 1 394 68 is_stmt 0 view .LVU731
 4450 0106 05F13103 		add	r3, r5, #49
 394:Core/Src/ui/screens.c ****                        &GFX_FontSmall, COLOR_GRAY, COLOR_BG);
 4451              		.loc 1 394 62 view .LVU732
 4452 010a 8DF82C30 		strb	r3, [sp, #44]
 4453 010e 0023     		movs	r3, #0
 4454 0110 8DF82D30 		strb	r3, [sp, #45]
 394:Core/Src/ui/screens.c ****                        &GFX_FontSmall, COLOR_GRAY, COLOR_BG);
 4455              		.loc 1 394 9 view .LVU733
 4456 0114 DFF8C090 		ldr	r9, .L287+48
 4457 0118 40F64108 		movw	r8, #2113
 4458 011c CDF80480 		str	r8, [sp, #4]
 4459 0120 48F21043 		movw	r3, #33808
 4460 0124 0093     		str	r3, [sp]
 4461 0126 4B46     		mov	r3, r9
 4462 0128 0BAA     		add	r2, sp, #44
 4463 012a FA21     		movs	r1, #250
 4464 012c 2046     		mov	r0, r4
 4465 012e FFF7FEFF 		bl	GFX_DrawString
 4466              	.LVL307:
 396:Core/Src/ui/screens.c ****         GFX_DrawString(cx, DETAIL_CELLS_Y + 22, buf,
 4467              		.loc 1 396 9 is_stmt 1 view .LVU734
 4468 0132 CDF80080 		str	r8, [sp]
 4469 0136 0823     		movs	r3, #8
 4470 0138 1E22     		movs	r2, #30
 4471 013a 4FF48471 		mov	r1, #264
 4472 013e 2046     		mov	r0, r4
 4473 0140 FFF7FEFF 		bl	ILI9341_FillRect
 4474              	.LVL308:
 397:Core/Src/ui/screens.c ****                        &GFX_FontSmall, cell_color(cell_mv[i]), COLOR_BG);
 4475              		.loc 1 397 9 view .LVU735
 4476 0144 37F81500 		ldrh	r0, [r7, r5, lsl #1]
 4477 0148 FFF7FEFF 		bl	cell_color
 4478              	.LVL309:
 397:Core/Src/ui/screens.c ****                        &GFX_FontSmall, cell_color(cell_mv[i]), COLOR_BG);
 4479              		.loc 1 397 9 is_stmt 0 discriminator 1 view .LVU736
 4480 014c CDF80480 		str	r8, [sp, #4]
 4481 0150 0090     		str	r0, [sp]
ARM GAS  /tmp/cczpKMPG.s 			page 111


 4482 0152 4B46     		mov	r3, r9
 4483 0154 3246     		mov	r2, r6
 4484 0156 4FF48471 		mov	r1, #264
 4485 015a 2046     		mov	r0, r4
 4486 015c FFF7FEFF 		bl	GFX_DrawString
 4487              	.LVL310:
 4488              	.LBE16:
 389:Core/Src/ui/screens.c ****     {
 4489              		.loc 1 389 33 is_stmt 1 discriminator 1 view .LVU737
 4490 0160 0135     		adds	r5, r5, #1
 4491              	.LVL311:
 389:Core/Src/ui/screens.c ****     {
 4492              		.loc 1 389 33 is_stmt 0 discriminator 1 view .LVU738
 4493 0162 EDB2     		uxtb	r5, r5
 4494              	.LVL312:
 4495              	.L280:
 389:Core/Src/ui/screens.c ****     {
 4496              		.loc 1 389 27 is_stmt 1 discriminator 2 view .LVU739
 4497 0164 032D     		cmp	r5, #3
 4498 0166 AED9     		bls	.L281
 4499              	.LBE15:
 402:Core/Src/ui/screens.c ****     const char *state_str   = telemetry.vbus_present
 4500              		.loc 1 402 5 view .LVU740
 402:Core/Src/ui/screens.c ****     const char *state_str   = telemetry.vbus_present
 4501              		.loc 1 402 17 is_stmt 0 view .LVU741
 4502 0168 02AC     		add	r4, sp, #8
 4503 016a 194B     		ldr	r3, .L287+40
 4504 016c 0FCB     		ldm	r3, {r0, r1, r2, r3}
 4505 016e 84E80F00 		stm	r4, {r0, r1, r2, r3}
 403:Core/Src/ui/screens.c ****                               ? phase_str[telemetry.charge_phase & 0x03]
 4506              		.loc 1 403 5 is_stmt 1 view .LVU742
 403:Core/Src/ui/screens.c ****                               ? phase_str[telemetry.charge_phase & 0x03]
 4507              		.loc 1 403 40 is_stmt 0 view .LVU743
 4508 0172 0D4B     		ldr	r3, .L287
 4509 0174 DB7A     		ldrb	r3, [r3, #11]	@ zero_extendqisi2
 405:Core/Src/ui/screens.c ****     detail_value(DETAIL_COL_B, DETAIL_ROW_3 + val_y,
 4510              		.loc 1 405 31 view .LVU744
 4511 0176 93B1     		cbz	r3, .L284
 404:Core/Src/ui/screens.c ****                               : "NO INPUT";
 4512              		.loc 1 404 52 discriminator 1 view .LVU745
 4513 0178 0B4A     		ldr	r2, .L287
 4514 017a 127B     		ldrb	r2, [r2, #12]	@ zero_extendqisi2
 404:Core/Src/ui/screens.c ****                               : "NO INPUT";
 4515              		.loc 1 404 66 discriminator 1 view .LVU746
 4516 017c 02F00302 		and	r2, r2, #3
 403:Core/Src/ui/screens.c ****                               ? phase_str[telemetry.charge_phase & 0x03]
 4517              		.loc 1 403 17 discriminator 1 view .LVU747
 4518 0180 0CA9     		add	r1, sp, #48
 4519 0182 01EB8202 		add	r2, r1, r2, lsl #2
 4520 0186 52F8282C 		ldr	r2, [r2, #-40]
 4521              	.LVL313:
 4522              	.L282:
 406:Core/Src/ui/screens.c ****                  state_str,
 4523              		.loc 1 406 5 is_stmt 1 view .LVU748
 4524 018a 53B1     		cbz	r3, .L285
 406:Core/Src/ui/screens.c ****                  state_str,
 4525              		.loc 1 406 5 is_stmt 0 discriminator 1 view .LVU749
ARM GAS  /tmp/cczpKMPG.s 			page 112


 4526 018c 4FF4FC63 		mov	r3, #2016
 4527              	.L283:
 406:Core/Src/ui/screens.c ****                  state_str,
 4528              		.loc 1 406 5 discriminator 3 view .LVU750
 4529 0190 CC21     		movs	r1, #204
 4530 0192 7D20     		movs	r0, #125
 4531 0194 FFF7FEFF 		bl	detail_value
 4532              	.LVL314:
 409:Core/Src/ui/screens.c **** 
 4533              		.loc 1 409 1 view .LVU751
 4534 0198 0DB0     		add	sp, sp, #52
 4535              	.LCFI75:
 4536              		.cfi_remember_state
 4537              		.cfi_def_cfa_offset 28
 4538              		@ sp needed
 4539 019a BDE8F083 		pop	{r4, r5, r6, r7, r8, r9, pc}
 4540              	.LVL315:
 4541              	.L284:
 4542              	.LCFI76:
 4543              		.cfi_restore_state
 403:Core/Src/ui/screens.c ****                               ? phase_str[telemetry.charge_phase & 0x03]
 4544              		.loc 1 403 17 discriminator 2 view .LVU752
 4545 019e 0D4A     		ldr	r2, .L287+44
 4546 01a0 F3E7     		b	.L282
 4547              	.LVL316:
 4548              	.L285:
 406:Core/Src/ui/screens.c ****                  state_str,
 4549              		.loc 1 406 5 discriminator 2 view .LVU753
 4550 01a2 48F21043 		movw	r3, #33808
 4551 01a6 F3E7     		b	.L283
 4552              	.L288:
 4553              		.align	2
 4554              	.L287:
 4555 01a8 00000000 		.word	telemetry
 4556 01ac 0C000000 		.word	.LC73
 4557 01b0 D34D6210 		.word	274877907
 4558 01b4 CDCCCCCC 		.word	-858993459
 4559 01b8 1C000000 		.word	.LC66
 4560 01bc 28000000 		.word	.LC67
 4561 01c0 14000000 		.word	.LC74
 4562 01c4 00000000 		.word	.LC9
 4563 01c8 00000000 		.word	cell_mv
 4564 01cc 1C000000 		.word	.LC75
 4565 01d0 0C000000 		.word	.LANCHOR0+12
 4566 01d4 00000000 		.word	.LC72
 4567 01d8 00000000 		.word	GFX_FontSmall
 4568              		.cfi_endproc
 4569              	.LFE238:
 4571              		.section	.rodata.Screen_Detail_Draw.str1.4,"aMS",%progbits,1
 4572              		.align	2
 4573              	.LC77:
 4574 0000 44455441 		.ascii	"DETAILS\000"
 4574      494C5300 
 4575              		.align	2
 4576              	.LC78:
 4577 0008 43484152 		.ascii	"CHARGE\000"
 4577      474500
ARM GAS  /tmp/cczpKMPG.s 			page 113


 4578 000f 00       		.align	2
 4579              	.LC79:
 4580 0010 504F5745 		.ascii	"POWER\000"
 4580      5200
 4581 0016 0000     		.align	2
 4582              	.LC80:
 4583 0018 54454D50 		.ascii	"TEMP\000"
 4583      00
 4584 001d 000000   		.align	2
 4585              	.LC81:
 4586 0020 2043454C 		.ascii	" CELLS \000"
 4586      4C532000 
 4587              		.section	.text.Screen_Detail_Draw,"ax",%progbits
 4588              		.align	1
 4589              		.global	Screen_Detail_Draw
 4590              		.syntax unified
 4591              		.thumb
 4592              		.thumb_func
 4594              	Screen_Detail_Draw:
 4595              	.LFB236:
 323:Core/Src/ui/screens.c ****     ILI9341_FillScreen(COLOR_BG);
 4596              		.loc 1 323 1 is_stmt 1 view -0
 4597              		.cfi_startproc
 4598              		@ args = 0, pretend = 0, frame = 0
 4599              		@ frame_needed = 0, uses_anonymous_args = 0
 4600 0000 70B5     		push	{r4, r5, r6, lr}
 4601              	.LCFI77:
 4602              		.cfi_def_cfa_offset 16
 4603              		.cfi_offset 4, -16
 4604              		.cfi_offset 5, -12
 4605              		.cfi_offset 6, -8
 4606              		.cfi_offset 14, -4
 4607 0002 82B0     		sub	sp, sp, #8
 4608              	.LCFI78:
 4609              		.cfi_def_cfa_offset 24
 324:Core/Src/ui/screens.c ****     draw_header("DETAILS");
 4610              		.loc 1 324 5 view .LVU755
 4611 0004 40F64100 		movw	r0, #2113
 4612 0008 FFF7FEFF 		bl	ILI9341_FillScreen
 4613              	.LVL317:
 325:Core/Src/ui/screens.c **** 
 4614              		.loc 1 325 5 view .LVU756
 4615 000c 3248     		ldr	r0, .L291
 4616 000e FFF7FEFF 		bl	draw_header
 4617              	.LVL318:
 328:Core/Src/ui/screens.c ****     GFX_DrawString(DETAIL_COL_B, DETAIL_ROW_1, "VOLTAGE",     &GFX_FontSmall, COLOR_LIGHTGRAY, COLO
 4618              		.loc 1 328 5 view .LVU757
 4619 0012 324C     		ldr	r4, .L291+4
 4620 0014 40F64106 		movw	r6, #2113
 4621 0018 0196     		str	r6, [sp, #4]
 4622 001a 4CF21865 		movw	r5, #50712
 4623 001e 0095     		str	r5, [sp]
 4624 0020 2346     		mov	r3, r4
 4625 0022 2F4A     		ldr	r2, .L291+8
 4626 0024 2821     		movs	r1, #40
 4627 0026 0A20     		movs	r0, #10
 4628 0028 FFF7FEFF 		bl	GFX_DrawString
ARM GAS  /tmp/cczpKMPG.s 			page 114


 4629              	.LVL319:
 329:Core/Src/ui/screens.c ****     GFX_DrawString(DETAIL_COL_A, DETAIL_ROW_2, "CURRENT",     &GFX_FontSmall, COLOR_LIGHTGRAY, COLO
 4630              		.loc 1 329 5 view .LVU758
 4631 002c 0196     		str	r6, [sp, #4]
 4632 002e 0095     		str	r5, [sp]
 4633 0030 2346     		mov	r3, r4
 4634 0032 2C4A     		ldr	r2, .L291+12
 4635 0034 2821     		movs	r1, #40
 4636 0036 7D20     		movs	r0, #125
 4637 0038 FFF7FEFF 		bl	GFX_DrawString
 4638              	.LVL320:
 330:Core/Src/ui/screens.c ****     GFX_DrawString(DETAIL_COL_B, DETAIL_ROW_2, "POWER",       &GFX_FontSmall, COLOR_LIGHTGRAY, COLO
 4639              		.loc 1 330 5 view .LVU759
 4640 003c 0196     		str	r6, [sp, #4]
 4641 003e 0095     		str	r5, [sp]
 4642 0040 2346     		mov	r3, r4
 4643 0042 294A     		ldr	r2, .L291+16
 4644 0044 7321     		movs	r1, #115
 4645 0046 0A20     		movs	r0, #10
 4646 0048 FFF7FEFF 		bl	GFX_DrawString
 4647              	.LVL321:
 331:Core/Src/ui/screens.c ****     GFX_DrawString(DETAIL_COL_A, DETAIL_ROW_3, "TEMP",        &GFX_FontSmall, COLOR_LIGHTGRAY, COLO
 4648              		.loc 1 331 5 view .LVU760
 4649 004c 0196     		str	r6, [sp, #4]
 4650 004e 0095     		str	r5, [sp]
 4651 0050 2346     		mov	r3, r4
 4652 0052 264A     		ldr	r2, .L291+20
 4653 0054 7321     		movs	r1, #115
 4654 0056 7D20     		movs	r0, #125
 4655 0058 FFF7FEFF 		bl	GFX_DrawString
 4656              	.LVL322:
 332:Core/Src/ui/screens.c ****     GFX_DrawString(DETAIL_COL_B, DETAIL_ROW_3, "CHARGER",     &GFX_FontSmall, COLOR_LIGHTGRAY, COLO
 4657              		.loc 1 332 5 view .LVU761
 4658 005c 0196     		str	r6, [sp, #4]
 4659 005e 0095     		str	r5, [sp]
 4660 0060 2346     		mov	r3, r4
 4661 0062 234A     		ldr	r2, .L291+24
 4662 0064 BE21     		movs	r1, #190
 4663 0066 0A20     		movs	r0, #10
 4664 0068 FFF7FEFF 		bl	GFX_DrawString
 4665              	.LVL323:
 333:Core/Src/ui/screens.c **** 
 4666              		.loc 1 333 5 view .LVU762
 4667 006c 0196     		str	r6, [sp, #4]
 4668 006e 0095     		str	r5, [sp]
 4669 0070 2346     		mov	r3, r4
 4670 0072 204A     		ldr	r2, .L291+28
 4671 0074 BE21     		movs	r1, #190
 4672 0076 7D20     		movs	r0, #125
 4673 0078 FFF7FEFF 		bl	GFX_DrawString
 4674              	.LVL324:
 336:Core/Src/ui/screens.c ****     GFX_DrawHLine(10,  DETAIL_ROW_2 - 5, 220, COLOR_DARKGRAY);
 4675              		.loc 1 336 5 view .LVU763
 4676 007c 44F20823 		movw	r3, #16904
 4677 0080 C822     		movs	r2, #200
 4678 0082 2321     		movs	r1, #35
 4679 0084 7820     		movs	r0, #120
ARM GAS  /tmp/cczpKMPG.s 			page 115


 4680 0086 FFF7FEFF 		bl	GFX_DrawVLine
 4681              	.LVL325:
 337:Core/Src/ui/screens.c ****     GFX_DrawHLine(10,  DETAIL_ROW_3 - 5, 220, COLOR_DARKGRAY);
 4682              		.loc 1 337 5 view .LVU764
 4683 008a 44F20823 		movw	r3, #16904
 4684 008e DC22     		movs	r2, #220
 4685 0090 6E21     		movs	r1, #110
 4686 0092 0A20     		movs	r0, #10
 4687 0094 FFF7FEFF 		bl	GFX_DrawHLine
 4688              	.LVL326:
 338:Core/Src/ui/screens.c **** 
 4689              		.loc 1 338 5 view .LVU765
 4690 0098 44F20823 		movw	r3, #16904
 4691 009c DC22     		movs	r2, #220
 4692 009e B921     		movs	r1, #185
 4693 00a0 0A20     		movs	r0, #10
 4694 00a2 FFF7FEFF 		bl	GFX_DrawHLine
 4695              	.LVL327:
 341:Core/Src/ui/screens.c ****     GFX_DrawString(18, DETAIL_CELLS_Y - 4, " CELLS ",
 4696              		.loc 1 341 5 view .LVU766
 4697 00a6 44F20823 		movw	r3, #16904
 4698 00aa 0093     		str	r3, [sp]
 4699 00ac 2823     		movs	r3, #40
 4700 00ae DC22     		movs	r2, #220
 4701 00b0 F221     		movs	r1, #242
 4702 00b2 0A20     		movs	r0, #10
 4703 00b4 FFF7FEFF 		bl	GFX_DrawRect
 4704              	.LVL328:
 342:Core/Src/ui/screens.c ****                    &GFX_FontSmall, COLOR_LIGHTGRAY, COLOR_BG);
 4705              		.loc 1 342 5 view .LVU767
 4706 00b8 0196     		str	r6, [sp, #4]
 4707 00ba 0095     		str	r5, [sp]
 4708 00bc 2346     		mov	r3, r4
 4709 00be 0E4A     		ldr	r2, .L291+32
 4710 00c0 EE21     		movs	r1, #238
 4711 00c2 1220     		movs	r0, #18
 4712 00c4 FFF7FEFF 		bl	GFX_DrawString
 4713              	.LVL329:
 345:Core/Src/ui/screens.c ****     Screen_Detail_Update();
 4714              		.loc 1 345 5 view .LVU768
 4715 00c8 0120     		movs	r0, #1
 4716 00ca FFF7FEFF 		bl	draw_footer
 4717              	.LVL330:
 346:Core/Src/ui/screens.c **** }
 4718              		.loc 1 346 5 view .LVU769
 4719 00ce FFF7FEFF 		bl	Screen_Detail_Update
 4720              	.LVL331:
 347:Core/Src/ui/screens.c **** 
 4721              		.loc 1 347 1 is_stmt 0 view .LVU770
 4722 00d2 02B0     		add	sp, sp, #8
 4723              	.LCFI79:
 4724              		.cfi_def_cfa_offset 16
 4725              		@ sp needed
 4726 00d4 70BD     		pop	{r4, r5, r6, pc}
 4727              	.L292:
 4728 00d6 00BF     		.align	2
 4729              	.L291:
ARM GAS  /tmp/cczpKMPG.s 			page 116


 4730 00d8 00000000 		.word	.LC77
 4731 00dc 00000000 		.word	GFX_FontSmall
 4732 00e0 08000000 		.word	.LC78
 4733 00e4 10000000 		.word	.LC69
 4734 00e8 18000000 		.word	.LC70
 4735 00ec 10000000 		.word	.LC79
 4736 00f0 18000000 		.word	.LC80
 4737 00f4 08000000 		.word	.LC57
 4738 00f8 20000000 		.word	.LC81
 4739              		.cfi_endproc
 4740              	.LFE236:
 4742              		.section	.rodata.Screen_Graph_Update.str1.4,"aMS",%progbits,1
 4743              		.align	2
 4744              	.LC82:
 4745 0000 252B6420 		.ascii	"%+d mA\000"
 4745      6D4100
 4746              		.section	.text.Screen_Graph_Update,"ax",%progbits
 4747              		.align	1
 4748              		.global	Screen_Graph_Update
 4749              		.syntax unified
 4750              		.thumb
 4751              		.thumb_func
 4753              	Screen_Graph_Update:
 4754              	.LFB241:
 454:Core/Src/ui/screens.c ****     /* Full-screen current graph, range -15 A .. +15 A.
 4755              		.loc 1 454 1 is_stmt 1 view -0
 4756              		.cfi_startproc
 4757              		@ args = 0, pretend = 0, frame = 16
 4758              		@ frame_needed = 0, uses_anonymous_args = 0
 4759 0000 70B5     		push	{r4, r5, r6, lr}
 4760              	.LCFI80:
 4761              		.cfi_def_cfa_offset 16
 4762              		.cfi_offset 4, -16
 4763              		.cfi_offset 5, -12
 4764              		.cfi_offset 6, -8
 4765              		.cfi_offset 14, -4
 4766 0002 8CB0     		sub	sp, sp, #48
 4767              	.LCFI81:
 4768              		.cfi_def_cfa_offset 64
 457:Core/Src/ui/screens.c ****                           GRAPH_AREA_W - 26, GRAPH_AREA_H,
 4769              		.loc 1 457 5 view .LVU772
 462:Core/Src/ui/screens.c ****                           _graph_fs[_graph_fs_idx],
 4770              		.loc 1 462 46 is_stmt 0 view .LVU773
 4771 0004 1D4B     		ldr	r3, .L295
 4772 0006 1A78     		ldrb	r2, [r3]	@ zero_extendqisi2
 4773 0008 1D4B     		ldr	r3, .L295+4
 4774 000a 33F91220 		ldrsh	r2, [r3, r2, lsl #1]
 4775 000e 93B2     		uxth	r3, r2
 457:Core/Src/ui/screens.c ****                           GRAPH_AREA_W - 26, GRAPH_AREA_H,
 4776              		.loc 1 457 5 view .LVU774
 4777 0010 40F64105 		movw	r5, #2113
 4778 0014 0695     		str	r5, [sp, #24]
 4779 0016 40F2FF71 		movw	r1, #2047
 4780 001a 0591     		str	r1, [sp, #20]
 4781 001c 0492     		str	r2, [sp, #16]
 4782 001e 5B42     		rsbs	r3, r3, #0
 4783 0020 1BB2     		sxth	r3, r3
ARM GAS  /tmp/cczpKMPG.s 			page 117


 4784 0022 0393     		str	r3, [sp, #12]
 4785 0024 174C     		ldr	r4, .L295+8
 4786 0026 94F88C30 		ldrb	r3, [r4, #140]	@ zero_extendqisi2
 4787 002a 0293     		str	r3, [sp, #8]
 4788 002c 3C23     		movs	r3, #60
 4789 002e 0193     		str	r3, [sp, #4]
 4790 0030 04F11403 		add	r3, r4, #20
 4791 0034 0093     		str	r3, [sp]
 4792 0036 DC23     		movs	r3, #220
 4793 0038 CC22     		movs	r2, #204
 4794 003a 3221     		movs	r1, #50
 4795 003c 1F20     		movs	r0, #31
 4796 003e FFF7FEFF 		bl	Widget_LineGraph_Draw
 4797              	.LVL332:
 467:Core/Src/ui/screens.c ****     snprintf(buf, sizeof(buf), "%+d mA", telemetry.current_mA);
 4798              		.loc 1 467 5 is_stmt 1 view .LVU775
 468:Core/Src/ui/screens.c ****     ILI9341_FillRect(140, CONTENT_Y + 5, 90, GFX_FONT_MEDIUM_H, COLOR_BG);
 4799              		.loc 1 468 5 view .LVU776
 4800 0042 08AE     		add	r6, sp, #32
 4801 0044 B4F90430 		ldrsh	r3, [r4, #4]
 4802 0048 0F4A     		ldr	r2, .L295+12
 4803 004a 1021     		movs	r1, #16
 4804 004c 3046     		mov	r0, r6
 4805 004e FFF7FEFF 		bl	snprintf
 4806              	.LVL333:
 469:Core/Src/ui/screens.c ****     GFX_DrawString(140, CONTENT_Y + 5, buf, &GFX_FontMedium,
 4807              		.loc 1 469 5 view .LVU777
 4808 0052 0095     		str	r5, [sp]
 4809 0054 1023     		movs	r3, #16
 4810 0056 5A22     		movs	r2, #90
 4811 0058 2321     		movs	r1, #35
 4812 005a 8C20     		movs	r0, #140
 4813 005c FFF7FEFF 		bl	ILI9341_FillRect
 4814              	.LVL334:
 470:Core/Src/ui/screens.c ****                    current_color(telemetry.current_mA), COLOR_BG);
 4815              		.loc 1 470 5 view .LVU778
 4816 0060 B4F90400 		ldrsh	r0, [r4, #4]
 4817 0064 FFF7FEFF 		bl	current_color
 4818              	.LVL335:
 470:Core/Src/ui/screens.c ****                    current_color(telemetry.current_mA), COLOR_BG);
 4819              		.loc 1 470 5 is_stmt 0 discriminator 1 view .LVU779
 4820 0068 0195     		str	r5, [sp, #4]
 4821 006a 0090     		str	r0, [sp]
 4822 006c 074B     		ldr	r3, .L295+16
 4823 006e 3246     		mov	r2, r6
 4824 0070 2321     		movs	r1, #35
 4825 0072 8C20     		movs	r0, #140
 4826 0074 FFF7FEFF 		bl	GFX_DrawString
 4827              	.LVL336:
 472:Core/Src/ui/screens.c **** 
 4828              		.loc 1 472 1 view .LVU780
 4829 0078 0CB0     		add	sp, sp, #48
 4830              	.LCFI82:
 4831              		.cfi_def_cfa_offset 16
 4832              		@ sp needed
 4833 007a 70BD     		pop	{r4, r5, r6, pc}
 4834              	.L296:
ARM GAS  /tmp/cczpKMPG.s 			page 118


 4835              		.align	2
 4836              	.L295:
 4837 007c 00000000 		.word	_graph_fs_idx
 4838 0080 00000000 		.word	_graph_fs
 4839 0084 00000000 		.word	telemetry
 4840 0088 00000000 		.word	.LC82
 4841 008c 00000000 		.word	GFX_FontMedium
 4842              		.cfi_endproc
 4843              	.LFE241:
 4845              		.section	.rodata.Screen_Graph_Draw.str1.4,"aMS",%progbits,1
 4846              		.align	2
 4847              	.LC83:
 4848 0000 43555252 		.ascii	"CURRENT GRAPH\000"
 4848      454E5420 
 4848      47524150 
 4848      4800
 4849 000e 0000     		.align	2
 4850              	.LC84:
 4851 0010 2B256441 		.ascii	"+%dA\000"
 4851      00
 4852 0015 000000   		.align	2
 4853              	.LC85:
 4854 0018 2D256441 		.ascii	"-%dA\000"
 4854      00
 4855 001d 000000   		.align	2
 4856              	.LC86:
 4857 0020 3C203330 		.ascii	"< 30 seconds >  PRESS=scale\000"
 4857      20736563 
 4857      6F6E6473 
 4857      203E2020 
 4857      50524553 
 4858              		.section	.text.Screen_Graph_Draw,"ax",%progbits
 4859              		.align	1
 4860              		.global	Screen_Graph_Draw
 4861              		.syntax unified
 4862              		.thumb
 4863              		.thumb_func
 4865              	Screen_Graph_Draw:
 4866              	.LFB240:
 431:Core/Src/ui/screens.c ****     char lbl[8];
 4867              		.loc 1 431 1 is_stmt 1 view -0
 4868              		.cfi_startproc
 4869              		@ args = 0, pretend = 0, frame = 8
 4870              		@ frame_needed = 0, uses_anonymous_args = 0
 4871 0000 2DE9F047 		push	{r4, r5, r6, r7, r8, r9, r10, lr}
 4872              	.LCFI83:
 4873              		.cfi_def_cfa_offset 32
 4874              		.cfi_offset 4, -32
 4875              		.cfi_offset 5, -28
 4876              		.cfi_offset 6, -24
 4877              		.cfi_offset 7, -20
 4878              		.cfi_offset 8, -16
 4879              		.cfi_offset 9, -12
 4880              		.cfi_offset 10, -8
 4881              		.cfi_offset 14, -4
 4882 0004 84B0     		sub	sp, sp, #16
 4883              	.LCFI84:
ARM GAS  /tmp/cczpKMPG.s 			page 119


 4884              		.cfi_def_cfa_offset 48
 432:Core/Src/ui/screens.c ****     ILI9341_FillScreen(COLOR_BG);
 4885              		.loc 1 432 5 view .LVU782
 433:Core/Src/ui/screens.c ****     draw_header("CURRENT GRAPH");
 4886              		.loc 1 433 5 view .LVU783
 4887 0006 40F64100 		movw	r0, #2113
 4888 000a FFF7FEFF 		bl	ILI9341_FillScreen
 4889              	.LVL337:
 434:Core/Src/ui/screens.c **** 
 4890              		.loc 1 434 5 view .LVU784
 4891 000e 2848     		ldr	r0, .L299
 4892 0010 FFF7FEFF 		bl	draw_header
 4893              	.LVL338:
 437:Core/Src/ui/screens.c ****     GFX_DrawString(GRAPH_AREA_X, GRAPH_AREA_Y, lbl,
 4894              		.loc 1 437 5 view .LVU785
 437:Core/Src/ui/screens.c ****     GFX_DrawString(GRAPH_AREA_X, GRAPH_AREA_Y, lbl,
 4895              		.loc 1 437 49 is_stmt 0 view .LVU786
 4896 0014 DFF8B090 		ldr	r9, .L299+24
 4897 0018 DFF8B0A0 		ldr	r10, .L299+28
 4898 001c 9AF80030 		ldrb	r3, [r10]	@ zero_extendqisi2
 4899 0020 39F91330 		ldrsh	r3, [r9, r3, lsl #1]
 437:Core/Src/ui/screens.c ****     GFX_DrawString(GRAPH_AREA_X, GRAPH_AREA_Y, lbl,
 4900              		.loc 1 437 5 view .LVU787
 4901 0024 234D     		ldr	r5, .L299+4
 4902 0026 85FB0312 		smull	r1, r2, r5, r3
 4903 002a DB17     		asrs	r3, r3, #31
 4904 002c C3EBA213 		rsb	r3, r3, r2, asr #6
 4905 0030 02AC     		add	r4, sp, #8
 4906 0032 1BB2     		sxth	r3, r3
 4907 0034 204A     		ldr	r2, .L299+8
 4908 0036 0821     		movs	r1, #8
 4909 0038 2046     		mov	r0, r4
 4910 003a FFF7FEFF 		bl	snprintf
 4911              	.LVL339:
 438:Core/Src/ui/screens.c ****                    &GFX_FontSmall, COLOR_GRAY, COLOR_BG);
 4912              		.loc 1 438 5 is_stmt 1 view .LVU788
 4913 003e 1F4E     		ldr	r6, .L299+12
 4914 0040 40F64108 		movw	r8, #2113
 4915 0044 CDF80480 		str	r8, [sp, #4]
 4916 0048 48F21047 		movw	r7, #33808
 4917 004c 0097     		str	r7, [sp]
 4918 004e 3346     		mov	r3, r6
 4919 0050 2246     		mov	r2, r4
 4920 0052 3221     		movs	r1, #50
 4921 0054 0520     		movs	r0, #5
 4922 0056 FFF7FEFF 		bl	GFX_DrawString
 4923              	.LVL340:
 440:Core/Src/ui/screens.c ****     GFX_DrawString(GRAPH_AREA_X,
 4924              		.loc 1 440 5 view .LVU789
 440:Core/Src/ui/screens.c ****     GFX_DrawString(GRAPH_AREA_X,
 4925              		.loc 1 440 49 is_stmt 0 view .LVU790
 4926 005a 9AF80030 		ldrb	r3, [r10]	@ zero_extendqisi2
 4927 005e 39F91330 		ldrsh	r3, [r9, r3, lsl #1]
 440:Core/Src/ui/screens.c ****     GFX_DrawString(GRAPH_AREA_X,
 4928              		.loc 1 440 5 view .LVU791
 4929 0062 85FB0325 		smull	r2, r5, r5, r3
 4930 0066 DB17     		asrs	r3, r3, #31
ARM GAS  /tmp/cczpKMPG.s 			page 120


 4931 0068 C3EBA513 		rsb	r3, r3, r5, asr #6
 4932 006c 1BB2     		sxth	r3, r3
 4933 006e 144A     		ldr	r2, .L299+16
 4934 0070 0821     		movs	r1, #8
 4935 0072 2046     		mov	r0, r4
 4936 0074 FFF7FEFF 		bl	snprintf
 4937              	.LVL341:
 441:Core/Src/ui/screens.c ****                    GRAPH_AREA_Y + GRAPH_AREA_H - GFX_FONT_SMALL_H, lbl,
 4938              		.loc 1 441 5 is_stmt 1 view .LVU792
 4939 0078 CDF80480 		str	r8, [sp, #4]
 4940 007c 0097     		str	r7, [sp]
 4941 007e 3346     		mov	r3, r6
 4942 0080 2246     		mov	r2, r4
 4943 0082 4FF48371 		mov	r1, #262
 4944 0086 0520     		movs	r0, #5
 4945 0088 FFF7FEFF 		bl	GFX_DrawString
 4946              	.LVL342:
 446:Core/Src/ui/screens.c ****                    "< 30 seconds >  PRESS=scale", &GFX_FontSmall, COLOR_GRAY, COLOR_BG);
 4947              		.loc 1 446 5 view .LVU793
 4948 008c CDF80480 		str	r8, [sp, #4]
 4949 0090 0097     		str	r7, [sp]
 4950 0092 3346     		mov	r3, r6
 4951 0094 0B4A     		ldr	r2, .L299+20
 4952 0096 40F21311 		movw	r1, #275
 4953 009a 3720     		movs	r0, #55
 4954 009c FFF7FEFF 		bl	GFX_DrawString
 4955              	.LVL343:
 449:Core/Src/ui/screens.c ****     Screen_Graph_Update();
 4956              		.loc 1 449 5 view .LVU794
 4957 00a0 0220     		movs	r0, #2
 4958 00a2 FFF7FEFF 		bl	draw_footer
 4959              	.LVL344:
 450:Core/Src/ui/screens.c **** }
 4960              		.loc 1 450 5 view .LVU795
 4961 00a6 FFF7FEFF 		bl	Screen_Graph_Update
 4962              	.LVL345:
 451:Core/Src/ui/screens.c **** 
 4963              		.loc 1 451 1 is_stmt 0 view .LVU796
 4964 00aa 04B0     		add	sp, sp, #16
 4965              	.LCFI85:
 4966              		.cfi_def_cfa_offset 32
 4967              		@ sp needed
 4968 00ac BDE8F087 		pop	{r4, r5, r6, r7, r8, r9, r10, pc}
 4969              	.L300:
 4970              		.align	2
 4971              	.L299:
 4972 00b0 00000000 		.word	.LC83
 4973 00b4 D34D6210 		.word	274877907
 4974 00b8 10000000 		.word	.LC84
 4975 00bc 00000000 		.word	GFX_FontSmall
 4976 00c0 18000000 		.word	.LC85
 4977 00c4 20000000 		.word	.LC86
 4978 00c8 00000000 		.word	_graph_fs
 4979 00cc 00000000 		.word	_graph_fs_idx
 4980              		.cfi_endproc
 4981              	.LFE240:
 4983              		.section	.text.Screen_Graph_CycleScale,"ax",%progbits
ARM GAS  /tmp/cczpKMPG.s 			page 121


 4984              		.align	1
 4985              		.global	Screen_Graph_CycleScale
 4986              		.syntax unified
 4987              		.thumb
 4988              		.thumb_func
 4990              	Screen_Graph_CycleScale:
 4991              	.LFB239:
 425:Core/Src/ui/screens.c ****     _graph_fs_idx = (uint8_t)((_graph_fs_idx + 1) % 3);
 4992              		.loc 1 425 1 is_stmt 1 view -0
 4993              		.cfi_startproc
 4994              		@ args = 0, pretend = 0, frame = 0
 4995              		@ frame_needed = 0, uses_anonymous_args = 0
 4996 0000 08B5     		push	{r3, lr}
 4997              	.LCFI86:
 4998              		.cfi_def_cfa_offset 8
 4999              		.cfi_offset 3, -8
 5000              		.cfi_offset 14, -4
 426:Core/Src/ui/screens.c ****     Screen_Graph_Draw();
 5001              		.loc 1 426 5 view .LVU798
 426:Core/Src/ui/screens.c ****     Screen_Graph_Draw();
 5002              		.loc 1 426 46 is_stmt 0 view .LVU799
 5003 0002 0649     		ldr	r1, .L303
 5004 0004 0A78     		ldrb	r2, [r1]	@ zero_extendqisi2
 5005 0006 0132     		adds	r2, r2, #1
 426:Core/Src/ui/screens.c ****     Screen_Graph_Draw();
 5006              		.loc 1 426 51 view .LVU800
 5007 0008 054B     		ldr	r3, .L303+4
 5008 000a 83FB0203 		smull	r0, r3, r3, r2
 5009 000e 03EB4303 		add	r3, r3, r3, lsl #1
 5010 0012 D31A     		subs	r3, r2, r3
 426:Core/Src/ui/screens.c ****     Screen_Graph_Draw();
 5011              		.loc 1 426 19 view .LVU801
 5012 0014 0B70     		strb	r3, [r1]
 427:Core/Src/ui/screens.c **** }
 5013              		.loc 1 427 5 is_stmt 1 view .LVU802
 5014 0016 FFF7FEFF 		bl	Screen_Graph_Draw
 5015              	.LVL346:
 428:Core/Src/ui/screens.c **** 
 5016              		.loc 1 428 1 is_stmt 0 view .LVU803
 5017 001a 08BD     		pop	{r3, pc}
 5018              	.L304:
 5019              		.align	2
 5020              	.L303:
 5021 001c 00000000 		.word	_graph_fs_idx
 5022 0020 56555555 		.word	1431655766
 5023              		.cfi_endproc
 5024              	.LFE239:
 5026              		.section	.rodata.Screen_Ports_Draw.str1.4,"aMS",%progbits,1
 5027              		.align	2
 5028              	.LC87:
 5029 0000 504F5254 		.ascii	"PORT MONITOR\000"
 5029      204D4F4E 
 5029      49544F52 
 5029      00
 5030 000d 000000   		.align	2
 5031              	.LC88:
 5032 0010 334100   		.ascii	"3A\000"
ARM GAS  /tmp/cczpKMPG.s 			page 122


 5033 0013 00       		.align	2
 5034              	.LC89:
 5035 0014 3C203330 		.ascii	"< 30 s >\000"
 5035      2073203E 
 5035      00
 5036              		.section	.text.Screen_Ports_Draw,"ax",%progbits
 5037              		.align	1
 5038              		.global	Screen_Ports_Draw
 5039              		.syntax unified
 5040              		.thumb
 5041              		.thumb_func
 5043              	Screen_Ports_Draw:
 5044              	.LFB244:
 539:Core/Src/ui/screens.c ****     ILI9341_FillScreen(COLOR_BG);
 5045              		.loc 1 539 1 is_stmt 1 view -0
 5046              		.cfi_startproc
 5047              		@ args = 0, pretend = 0, frame = 0
 5048              		@ frame_needed = 0, uses_anonymous_args = 0
 5049 0000 70B5     		push	{r4, r5, r6, lr}
 5050              	.LCFI87:
 5051              		.cfi_def_cfa_offset 16
 5052              		.cfi_offset 4, -16
 5053              		.cfi_offset 5, -12
 5054              		.cfi_offset 6, -8
 5055              		.cfi_offset 14, -4
 5056 0002 82B0     		sub	sp, sp, #8
 5057              	.LCFI88:
 5058              		.cfi_def_cfa_offset 24
 540:Core/Src/ui/screens.c ****     draw_header("PORT MONITOR");
 5059              		.loc 1 540 5 view .LVU805
 5060 0004 40F64100 		movw	r0, #2113
 5061 0008 FFF7FEFF 		bl	ILI9341_FillScreen
 5062              	.LVL347:
 541:Core/Src/ui/screens.c **** 
 5063              		.loc 1 541 5 view .LVU806
 5064 000c 1348     		ldr	r0, .L309
 5065 000e FFF7FEFF 		bl	draw_header
 5066              	.LVL348:
 544:Core/Src/ui/screens.c ****                    &GFX_FontSmall, COLOR_GRAY, COLOR_BG);
 5067              		.loc 1 544 5 view .LVU807
 5068 0012 134C     		ldr	r4, .L309+4
 5069 0014 40F64106 		movw	r6, #2113
 5070 0018 0196     		str	r6, [sp, #4]
 5071 001a 48F21045 		movw	r5, #33808
 5072 001e 0095     		str	r5, [sp]
 5073 0020 2346     		mov	r3, r4
 5074 0022 104A     		ldr	r2, .L309+8
 5075 0024 2221     		movs	r1, #34
 5076 0026 0A20     		movs	r0, #10
 5077 0028 FFF7FEFF 		bl	GFX_DrawString
 5078              	.LVL349:
 546:Core/Src/ui/screens.c ****                    &GFX_FontSmall, COLOR_GRAY, COLOR_BG);
 5079              		.loc 1 546 5 view .LVU808
 5080 002c 0196     		str	r6, [sp, #4]
 5081 002e 0095     		str	r5, [sp]
 5082 0030 2346     		mov	r3, r4
 5083 0032 0D4A     		ldr	r2, .L309+12
ARM GAS  /tmp/cczpKMPG.s 			page 123


 5084 0034 B021     		movs	r1, #176
 5085 0036 A020     		movs	r0, #160
 5086 0038 FFF7FEFF 		bl	GFX_DrawString
 5087              	.LVL350:
 549:Core/Src/ui/screens.c ****     for (uint8_t i = 0; i < 5; i++) ports_legend_row(i);
 5088              		.loc 1 549 5 view .LVU809
 5089 003c FFF7FEFF 		bl	ports_graph
 5090              	.LVL351:
 550:Core/Src/ui/screens.c ****     draw_footer(3); /* dot 3 = PORTS */
 5091              		.loc 1 550 5 view .LVU810
 5092              	.LBB17:
 550:Core/Src/ui/screens.c ****     draw_footer(3); /* dot 3 = PORTS */
 5093              		.loc 1 550 10 view .LVU811
 550:Core/Src/ui/screens.c ****     draw_footer(3); /* dot 3 = PORTS */
 5094              		.loc 1 550 18 is_stmt 0 view .LVU812
 5095 0040 0024     		movs	r4, #0
 550:Core/Src/ui/screens.c ****     draw_footer(3); /* dot 3 = PORTS */
 5096              		.loc 1 550 5 view .LVU813
 5097 0042 04E0     		b	.L306
 5098              	.LVL352:
 5099              	.L307:
 550:Core/Src/ui/screens.c ****     draw_footer(3); /* dot 3 = PORTS */
 5100              		.loc 1 550 37 is_stmt 1 discriminator 1 view .LVU814
 5101 0044 2046     		mov	r0, r4
 5102 0046 FFF7FEFF 		bl	ports_legend_row
 5103              	.LVL353:
 550:Core/Src/ui/screens.c ****     draw_footer(3); /* dot 3 = PORTS */
 5104              		.loc 1 550 33 discriminator 2 view .LVU815
 5105 004a 0134     		adds	r4, r4, #1
 5106              	.LVL354:
 550:Core/Src/ui/screens.c ****     draw_footer(3); /* dot 3 = PORTS */
 5107              		.loc 1 550 33 is_stmt 0 discriminator 2 view .LVU816
 5108 004c E4B2     		uxtb	r4, r4
 5109              	.LVL355:
 5110              	.L306:
 550:Core/Src/ui/screens.c ****     draw_footer(3); /* dot 3 = PORTS */
 5111              		.loc 1 550 27 is_stmt 1 discriminator 3 view .LVU817
 5112 004e 042C     		cmp	r4, #4
 5113 0050 F8D9     		bls	.L307
 5114              	.LBE17:
 551:Core/Src/ui/screens.c **** }
 5115              		.loc 1 551 5 view .LVU818
 5116 0052 0320     		movs	r0, #3
 5117 0054 FFF7FEFF 		bl	draw_footer
 5118              	.LVL356:
 552:Core/Src/ui/screens.c **** 
 5119              		.loc 1 552 1 is_stmt 0 view .LVU819
 5120 0058 02B0     		add	sp, sp, #8
 5121              	.LCFI89:
 5122              		.cfi_def_cfa_offset 16
 5123              		@ sp needed
 5124 005a 70BD     		pop	{r4, r5, r6, pc}
 5125              	.LVL357:
 5126              	.L310:
 552:Core/Src/ui/screens.c **** 
 5127              		.loc 1 552 1 view .LVU820
 5128              		.align	2
ARM GAS  /tmp/cczpKMPG.s 			page 124


 5129              	.L309:
 5130 005c 00000000 		.word	.LC87
 5131 0060 00000000 		.word	GFX_FontSmall
 5132 0064 10000000 		.word	.LC88
 5133 0068 14000000 		.word	.LC89
 5134              		.cfi_endproc
 5135              	.LFE244:
 5137              		.section	.text.Screen_Ports_Update,"ax",%progbits
 5138              		.align	1
 5139              		.global	Screen_Ports_Update
 5140              		.syntax unified
 5141              		.thumb
 5142              		.thumb_func
 5144              	Screen_Ports_Update:
 5145              	.LFB245:
 555:Core/Src/ui/screens.c ****     ports_graph();
 5146              		.loc 1 555 1 is_stmt 1 view -0
 5147              		.cfi_startproc
 5148              		@ args = 0, pretend = 0, frame = 0
 5149              		@ frame_needed = 0, uses_anonymous_args = 0
 5150 0000 10B5     		push	{r4, lr}
 5151              	.LCFI90:
 5152              		.cfi_def_cfa_offset 8
 5153              		.cfi_offset 4, -8
 5154              		.cfi_offset 14, -4
 556:Core/Src/ui/screens.c ****     for (uint8_t i = 0; i < 5; i++) ports_legend_row(i);
 5155              		.loc 1 556 5 view .LVU822
 5156 0002 FFF7FEFF 		bl	ports_graph
 5157              	.LVL358:
 557:Core/Src/ui/screens.c **** }
 5158              		.loc 1 557 5 view .LVU823
 5159              	.LBB18:
 557:Core/Src/ui/screens.c **** }
 5160              		.loc 1 557 10 view .LVU824
 557:Core/Src/ui/screens.c **** }
 5161              		.loc 1 557 18 is_stmt 0 view .LVU825
 5162 0006 0024     		movs	r4, #0
 557:Core/Src/ui/screens.c **** }
 5163              		.loc 1 557 5 view .LVU826
 5164 0008 04E0     		b	.L312
 5165              	.LVL359:
 5166              	.L313:
 557:Core/Src/ui/screens.c **** }
 5167              		.loc 1 557 37 is_stmt 1 discriminator 1 view .LVU827
 5168 000a 2046     		mov	r0, r4
 5169 000c FFF7FEFF 		bl	ports_legend_row
 5170              	.LVL360:
 557:Core/Src/ui/screens.c **** }
 5171              		.loc 1 557 33 discriminator 2 view .LVU828
 5172 0010 0134     		adds	r4, r4, #1
 5173              	.LVL361:
 557:Core/Src/ui/screens.c **** }
 5174              		.loc 1 557 33 is_stmt 0 discriminator 2 view .LVU829
 5175 0012 E4B2     		uxtb	r4, r4
 5176              	.LVL362:
 5177              	.L312:
 557:Core/Src/ui/screens.c **** }
ARM GAS  /tmp/cczpKMPG.s 			page 125


 5178              		.loc 1 557 27 is_stmt 1 discriminator 3 view .LVU830
 5179 0014 042C     		cmp	r4, #4
 5180 0016 F8D9     		bls	.L313
 5181              	.LBE18:
 558:Core/Src/ui/screens.c **** 
 5182              		.loc 1 558 1 is_stmt 0 view .LVU831
 5183 0018 10BD     		pop	{r4, pc}
 558:Core/Src/ui/screens.c **** 
 5184              		.loc 1 558 1 view .LVU832
 5185              		.cfi_endproc
 5186              	.LFE245:
 5188              		.section	.text.Screen_Stats_Update,"ax",%progbits
 5189              		.align	1
 5190              		.global	Screen_Stats_Update
 5191              		.syntax unified
 5192              		.thumb
 5193              		.thumb_func
 5195              	Screen_Stats_Update:
 5196              	.LFB256:
 600:Core/Src/ui/screens.c ****     char buf[20];
 5197              		.loc 1 600 1 is_stmt 1 view -0
 5198              		.cfi_startproc
 5199              		@ args = 0, pretend = 0, frame = 24
 5200              		@ frame_needed = 0, uses_anonymous_args = 0
 5201 0000 2DE9F041 		push	{r4, r5, r6, r7, r8, lr}
 5202              	.LCFI91:
 5203              		.cfi_def_cfa_offset 24
 5204              		.cfi_offset 4, -24
 5205              		.cfi_offset 5, -20
 5206              		.cfi_offset 6, -16
 5207              		.cfi_offset 7, -12
 5208              		.cfi_offset 8, -8
 5209              		.cfi_offset 14, -4
 5210 0004 88B0     		sub	sp, sp, #32
 5211              	.LCFI92:
 5212              		.cfi_def_cfa_offset 56
 601:Core/Src/ui/screens.c ****     for (uint8_t i = 0; i < STATS_NUM_ROWS; i++)
 5213              		.loc 1 601 5 view .LVU834
 602:Core/Src/ui/screens.c ****     {
 5214              		.loc 1 602 5 view .LVU835
 5215              	.LBB19:
 602:Core/Src/ui/screens.c ****     {
 5216              		.loc 1 602 10 view .LVU836
 5217              	.LVL363:
 602:Core/Src/ui/screens.c ****     {
 5218              		.loc 1 602 18 is_stmt 0 view .LVU837
 5219 0006 0024     		movs	r4, #0
 602:Core/Src/ui/screens.c ****     {
 5220              		.loc 1 602 5 view .LVU838
 5221 0008 12E0     		b	.L316
 5222              	.LVL364:
 5223              	.L317:
 5224              	.LBB20:
 609:Core/Src/ui/screens.c ****                          GFX_FONT_SMALL_H, COLOR_BG);
 5225              		.loc 1 609 9 is_stmt 1 view .LVU839
 5226 000a 40F64105 		movw	r5, #2113
 5227 000e 0095     		str	r5, [sp]
ARM GAS  /tmp/cczpKMPG.s 			page 126


 5228 0010 0823     		movs	r3, #8
 5229 0012 5622     		movs	r2, #86
 5230 0014 3146     		mov	r1, r6
 5231 0016 9620     		movs	r0, #150
 5232 0018 FFF7FEFF 		bl	ILI9341_FillRect
 5233              	.LVL365:
 611:Core/Src/ui/screens.c ****     }
 5234              		.loc 1 611 9 view .LVU840
 5235 001c 0195     		str	r5, [sp, #4]
 5236 001e 0097     		str	r7, [sp]
 5237 0020 144B     		ldr	r3, .L321
 5238 0022 03AA     		add	r2, sp, #12
 5239 0024 3146     		mov	r1, r6
 5240 0026 9620     		movs	r0, #150
 5241 0028 FFF7FEFF 		bl	GFX_DrawString
 5242              	.LVL366:
 5243              	.LBE20:
 602:Core/Src/ui/screens.c ****     {
 5244              		.loc 1 602 46 discriminator 1 view .LVU841
 5245 002c 0134     		adds	r4, r4, #1
 5246              	.LVL367:
 602:Core/Src/ui/screens.c ****     {
 5247              		.loc 1 602 46 is_stmt 0 discriminator 1 view .LVU842
 5248 002e E4B2     		uxtb	r4, r4
 5249              	.LVL368:
 5250              	.L316:
 602:Core/Src/ui/screens.c ****     {
 5251              		.loc 1 602 27 is_stmt 1 discriminator 2 view .LVU843
 5252 0030 082C     		cmp	r4, #8
 5253 0032 1CD8     		bhi	.L320
 5254              	.LBB21:
 604:Core/Src/ui/screens.c ****         _stats_rows[i].fmt(buf, sizeof(buf));
 5255              		.loc 1 604 9 view .LVU844
 604:Core/Src/ui/screens.c ****         _stats_rows[i].fmt(buf, sizeof(buf));
 5256              		.loc 1 604 22 is_stmt 0 view .LVU845
 5257 0034 2046     		mov	r0, r4
 5258 0036 FFF7FEFF 		bl	stats_row_y
 5259              	.LVL369:
 5260 003a 0646     		mov	r6, r0
 5261              	.LVL370:
 605:Core/Src/ui/screens.c ****         uint16_t col = _stats_rows[i].color;
 5262              		.loc 1 605 9 is_stmt 1 view .LVU846
 605:Core/Src/ui/screens.c ****         uint16_t col = _stats_rows[i].color;
 5263              		.loc 1 605 23 is_stmt 0 view .LVU847
 5264 003c 0E4F     		ldr	r7, .L321+4
 5265 003e 6500     		lsls	r5, r4, #1
 5266 0040 04EB4403 		add	r3, r4, r4, lsl #1
 5267 0044 07EB8303 		add	r3, r7, r3, lsl #2
 5268 0048 D3F80480 		ldr	r8, [r3, #4]
 605:Core/Src/ui/screens.c ****         uint16_t col = _stats_rows[i].color;
 5269              		.loc 1 605 9 view .LVU848
 5270 004c 1421     		movs	r1, #20
 5271 004e 03A8     		add	r0, sp, #12
 5272 0050 C047     		blx	r8
 5273              	.LVL371:
 606:Core/Src/ui/screens.c ****         if (_stats_rows[i].fmt == f_maxt)          /* temp threshold colour */
 5274              		.loc 1 606 9 is_stmt 1 view .LVU849
ARM GAS  /tmp/cczpKMPG.s 			page 127


 606:Core/Src/ui/screens.c ****         if (_stats_rows[i].fmt == f_maxt)          /* temp threshold colour */
 5275              		.loc 1 606 18 is_stmt 0 view .LVU850
 5276 0052 2544     		add	r5, r5, r4
 5277 0054 07EB8507 		add	r7, r7, r5, lsl #2
 5278 0058 3F89     		ldrh	r7, [r7, #8]
 5279              	.LVL372:
 607:Core/Src/ui/screens.c ****             col = temp_color_pub(sys_stats.max_temp_c);
 5280              		.loc 1 607 9 is_stmt 1 view .LVU851
 607:Core/Src/ui/screens.c ****             col = temp_color_pub(sys_stats.max_temp_c);
 5281              		.loc 1 607 12 is_stmt 0 view .LVU852
 5282 005a 084B     		ldr	r3, .L321+8
 5283 005c 9845     		cmp	r8, r3
 5284 005e D4D1     		bne	.L317
 608:Core/Src/ui/screens.c ****         ILI9341_FillRect(STATS_VAL_X, y, ILI9341_WIDTH - STATS_VAL_X - 4,
 5285              		.loc 1 608 13 is_stmt 1 view .LVU853
 608:Core/Src/ui/screens.c ****         ILI9341_FillRect(STATS_VAL_X, y, ILI9341_WIDTH - STATS_VAL_X - 4,
 5286              		.loc 1 608 19 is_stmt 0 view .LVU854
 5287 0060 074B     		ldr	r3, .L321+12
 5288 0062 B3F90A00 		ldrsh	r0, [r3, #10]
 5289 0066 FFF7FEFF 		bl	temp_color_pub
 5290              	.LVL373:
 5291 006a 0746     		mov	r7, r0
 5292              	.LVL374:
 608:Core/Src/ui/screens.c ****         ILI9341_FillRect(STATS_VAL_X, y, ILI9341_WIDTH - STATS_VAL_X - 4,
 5293              		.loc 1 608 19 view .LVU855
 5294 006c CDE7     		b	.L317
 5295              	.LVL375:
 5296              	.L320:
 608:Core/Src/ui/screens.c ****         ILI9341_FillRect(STATS_VAL_X, y, ILI9341_WIDTH - STATS_VAL_X - 4,
 5297              		.loc 1 608 19 view .LVU856
 5298              	.LBE21:
 5299              	.LBE19:
 613:Core/Src/ui/screens.c **** 
 5300              		.loc 1 613 1 view .LVU857
 5301 006e 08B0     		add	sp, sp, #32
 5302              	.LCFI93:
 5303              		.cfi_def_cfa_offset 24
 5304              		@ sp needed
 5305 0070 BDE8F081 		pop	{r4, r5, r6, r7, r8, pc}
 5306              	.LVL376:
 5307              	.L322:
 613:Core/Src/ui/screens.c **** 
 5308              		.loc 1 613 1 view .LVU858
 5309              		.align	2
 5310              	.L321:
 5311 0074 00000000 		.word	GFX_FontSmall
 5312 0078 00000000 		.word	_stats_rows
 5313 007c 00000000 		.word	f_maxt
 5314 0080 00000000 		.word	sys_stats
 5315              		.cfi_endproc
 5316              	.LFE256:
 5318              		.section	.rodata.Screen_Stats_Draw.str1.4,"aMS",%progbits,1
 5319              		.align	2
 5320              	.LC90:
 5321 0000 4F564552 		.ascii	"OVERALL DATA\000"
 5321      414C4C20 
 5321      44415441 
ARM GAS  /tmp/cczpKMPG.s 			page 128


 5321      00
 5322 000d 000000   		.align	2
 5323              	.LC91:
 5324 0010 42415454 		.ascii	"BATTERY (lifetime)\000"
 5324      45525920 
 5324      286C6966 
 5324      6574696D 
 5324      652900
 5325 0023 00       		.align	2
 5326              	.LC92:
 5327 0024 53455353 		.ascii	"SESSION\000"
 5327      494F4E00 
 5328              		.section	.text.Screen_Stats_Draw,"ax",%progbits
 5329              		.align	1
 5330              		.global	Screen_Stats_Draw
 5331              		.syntax unified
 5332              		.thumb
 5333              		.thumb_func
 5335              	Screen_Stats_Draw:
 5336              	.LFB257:
 616:Core/Src/ui/screens.c ****     ILI9341_FillScreen(COLOR_BG);
 5337              		.loc 1 616 1 is_stmt 1 view -0
 5338              		.cfi_startproc
 5339              		@ args = 0, pretend = 0, frame = 0
 5340              		@ frame_needed = 0, uses_anonymous_args = 0
 5341 0000 30B5     		push	{r4, r5, lr}
 5342              	.LCFI94:
 5343              		.cfi_def_cfa_offset 12
 5344              		.cfi_offset 4, -12
 5345              		.cfi_offset 5, -8
 5346              		.cfi_offset 14, -4
 5347 0002 83B0     		sub	sp, sp, #12
 5348              	.LCFI95:
 5349              		.cfi_def_cfa_offset 24
 617:Core/Src/ui/screens.c ****     draw_header("OVERALL DATA");
 5350              		.loc 1 617 5 view .LVU860
 5351 0004 40F64100 		movw	r0, #2113
 5352 0008 FFF7FEFF 		bl	ILI9341_FillScreen
 5353              	.LVL377:
 618:Core/Src/ui/screens.c **** 
 5354              		.loc 1 618 5 view .LVU861
 5355 000c 2448     		ldr	r0, .L329
 5356 000e FFF7FEFF 		bl	draw_header
 5357              	.LVL378:
 621:Core/Src/ui/screens.c ****                    &GFX_FontSmall, COLOR_ACCENT, COLOR_BG);
 5358              		.loc 1 621 5 view .LVU862
 5359 0012 40F64103 		movw	r3, #2113
 5360 0016 0193     		str	r3, [sp, #4]
 5361 0018 4FF66043 		movw	r3, #64608
 5362 001c 0093     		str	r3, [sp]
 5363 001e 214B     		ldr	r3, .L329+4
 5364 0020 214A     		ldr	r2, .L329+8
 5365 0022 2621     		movs	r1, #38
 5366 0024 0A20     		movs	r0, #10
 5367 0026 FFF7FEFF 		bl	GFX_DrawString
 5368              	.LVL379:
 624:Core/Src/ui/screens.c ****     {
ARM GAS  /tmp/cczpKMPG.s 			page 129


 5369              		.loc 1 624 5 view .LVU863
 5370              	.LBB22:
 624:Core/Src/ui/screens.c ****     {
 5371              		.loc 1 624 10 view .LVU864
 624:Core/Src/ui/screens.c ****     {
 5372              		.loc 1 624 18 is_stmt 0 view .LVU865
 5373 002a 0024     		movs	r4, #0
 624:Core/Src/ui/screens.c ****     {
 5374              		.loc 1 624 5 view .LVU866
 5375 002c 11E0     		b	.L324
 5376              	.LVL380:
 5377              	.L325:
 5378              	.LBB23:
 633:Core/Src/ui/screens.c ****                        &GFX_FontSmall, COLOR_LIGHTGRAY, COLOR_BG);
 5379              		.loc 1 633 9 is_stmt 1 view .LVU867
 633:Core/Src/ui/screens.c ****                        &GFX_FontSmall, COLOR_LIGHTGRAY, COLOR_BG);
 5380              		.loc 1 633 45 is_stmt 0 view .LVU868
 5381 002e 04EB4401 		add	r1, r4, r4, lsl #1
 633:Core/Src/ui/screens.c ****                        &GFX_FontSmall, COLOR_LIGHTGRAY, COLOR_BG);
 5382              		.loc 1 633 9 view .LVU869
 5383 0032 40F64103 		movw	r3, #2113
 5384 0036 0193     		str	r3, [sp, #4]
 5385 0038 4CF21863 		movw	r3, #50712
 5386 003c 0093     		str	r3, [sp]
 5387 003e 194B     		ldr	r3, .L329+4
 5388 0040 1A4A     		ldr	r2, .L329+12
 5389 0042 52F82120 		ldr	r2, [r2, r1, lsl #2]
 5390 0046 2946     		mov	r1, r5
 5391 0048 0A20     		movs	r0, #10
 5392 004a FFF7FEFF 		bl	GFX_DrawString
 5393              	.LVL381:
 5394              	.LBE23:
 624:Core/Src/ui/screens.c ****     {
 5395              		.loc 1 624 46 is_stmt 1 discriminator 1 view .LVU870
 5396 004e 0134     		adds	r4, r4, #1
 5397              	.LVL382:
 624:Core/Src/ui/screens.c ****     {
 5398              		.loc 1 624 46 is_stmt 0 discriminator 1 view .LVU871
 5399 0050 E4B2     		uxtb	r4, r4
 5400              	.LVL383:
 5401              	.L324:
 624:Core/Src/ui/screens.c ****     {
 5402              		.loc 1 624 27 is_stmt 1 discriminator 2 view .LVU872
 5403 0052 082C     		cmp	r4, #8
 5404 0054 1DD8     		bhi	.L328
 5405              	.LBB24:
 626:Core/Src/ui/screens.c ****         if (i == 3)   /* line between gauge section and session section */
 5406              		.loc 1 626 9 view .LVU873
 626:Core/Src/ui/screens.c ****         if (i == 3)   /* line between gauge section and session section */
 5407              		.loc 1 626 22 is_stmt 0 view .LVU874
 5408 0056 2046     		mov	r0, r4
 5409 0058 FFF7FEFF 		bl	stats_row_y
 5410              	.LVL384:
 5411 005c 0546     		mov	r5, r0
 5412              	.LVL385:
 627:Core/Src/ui/screens.c ****         {
 5413              		.loc 1 627 9 is_stmt 1 view .LVU875
ARM GAS  /tmp/cczpKMPG.s 			page 130


 627:Core/Src/ui/screens.c ****         {
 5414              		.loc 1 627 12 is_stmt 0 view .LVU876
 5415 005e 032C     		cmp	r4, #3
 5416 0060 E5D1     		bne	.L325
 629:Core/Src/ui/screens.c ****             GFX_DrawString(10, y - STATS_SECTION_GAP + 8, "SESSION",
 5417              		.loc 1 629 13 is_stmt 1 view .LVU877
 5418 0062 A0F10E01 		sub	r1, r0, #14
 5419 0066 44F20823 		movw	r3, #16904
 5420 006a DC22     		movs	r2, #220
 5421 006c 89B2     		uxth	r1, r1
 5422 006e 0A20     		movs	r0, #10
 5423              	.LVL386:
 629:Core/Src/ui/screens.c ****             GFX_DrawString(10, y - STATS_SECTION_GAP + 8, "SESSION",
 5424              		.loc 1 629 13 is_stmt 0 view .LVU878
 5425 0070 FFF7FEFF 		bl	GFX_DrawHLine
 5426              	.LVL387:
 630:Core/Src/ui/screens.c ****                            &GFX_FontSmall, COLOR_ACCENT, COLOR_BG);
 5427              		.loc 1 630 13 is_stmt 1 view .LVU879
 5428 0074 A5F10A01 		sub	r1, r5, #10
 5429 0078 40F64103 		movw	r3, #2113
 5430 007c 0193     		str	r3, [sp, #4]
 5431 007e 4FF66043 		movw	r3, #64608
 5432 0082 0093     		str	r3, [sp]
 5433 0084 074B     		ldr	r3, .L329+4
 5434 0086 0A4A     		ldr	r2, .L329+16
 5435 0088 89B2     		uxth	r1, r1
 5436 008a 0A20     		movs	r0, #10
 5437 008c FFF7FEFF 		bl	GFX_DrawString
 5438              	.LVL388:
 5439 0090 CDE7     		b	.L325
 5440              	.LVL389:
 5441              	.L328:
 630:Core/Src/ui/screens.c ****                            &GFX_FontSmall, COLOR_ACCENT, COLOR_BG);
 5442              		.loc 1 630 13 is_stmt 0 view .LVU880
 5443              	.LBE24:
 5444              	.LBE22:
 637:Core/Src/ui/screens.c ****     draw_footer(4); /* dot 4 = STATS */
 5445              		.loc 1 637 5 is_stmt 1 view .LVU881
 5446 0092 FFF7FEFF 		bl	Screen_Stats_Update
 5447              	.LVL390:
 638:Core/Src/ui/screens.c **** }
 5448              		.loc 1 638 5 view .LVU882
 5449 0096 0420     		movs	r0, #4
 5450 0098 FFF7FEFF 		bl	draw_footer
 5451              	.LVL391:
 639:Core/Src/ui/screens.c **** 
 5452              		.loc 1 639 1 is_stmt 0 view .LVU883
 5453 009c 03B0     		add	sp, sp, #12
 5454              	.LCFI96:
 5455              		.cfi_def_cfa_offset 12
 5456              		@ sp needed
 5457 009e 30BD     		pop	{r4, r5, pc}
 5458              	.LVL392:
 5459              	.L330:
 639:Core/Src/ui/screens.c **** 
 5460              		.loc 1 639 1 view .LVU884
 5461              		.align	2
ARM GAS  /tmp/cczpKMPG.s 			page 131


 5462              	.L329:
 5463 00a0 00000000 		.word	.LC90
 5464 00a4 00000000 		.word	GFX_FontSmall
 5465 00a8 10000000 		.word	.LC91
 5466 00ac 00000000 		.word	_stats_rows
 5467 00b0 24000000 		.word	.LC92
 5468              		.cfi_endproc
 5469              	.LFE257:
 5471              		.section	.text.Screen_Display_GetAutoSleepMs,"ax",%progbits
 5472              		.align	1
 5473              		.global	Screen_Display_GetAutoSleepMs
 5474              		.syntax unified
 5475              		.thumb
 5476              		.thumb_func
 5478              	Screen_Display_GetAutoSleepMs:
 5479              	.LFB258:
 654:Core/Src/ui/screens.c **** 
 5480              		.loc 1 654 1 is_stmt 1 view -0
 5481              		.cfi_startproc
 5482              		@ args = 0, pretend = 0, frame = 0
 5483              		@ frame_needed = 0, uses_anonymous_args = 0
 5484              		@ link register save eliminated.
 654:Core/Src/ui/screens.c **** 
 5485              		.loc 1 654 3 view .LVU886
 654:Core/Src/ui/screens.c **** 
 5486              		.loc 1 654 31 is_stmt 0 view .LVU887
 5487 0000 044B     		ldr	r3, .L332
 5488 0002 1A78     		ldrb	r2, [r3]	@ zero_extendqisi2
 5489 0004 044B     		ldr	r3, .L332+4
 5490 0006 33F81230 		ldrh	r3, [r3, r2, lsl #1]
 654:Core/Src/ui/screens.c **** 
 5491              		.loc 1 654 55 view .LVU888
 5492 000a 4EF66020 		movw	r0, #60000
 5493 000e 03FB00F0 		mul	r0, r3, r0
 5494 0012 7047     		bx	lr
 5495              	.L333:
 5496              		.align	2
 5497              	.L332:
 5498 0014 00000000 		.word	_asleep_idx
 5499 0018 00000000 		.word	_asleep_min
 5500              		.cfi_endproc
 5501              	.LFE258:
 5503              		.section	.text.Screen_Display_Open,"ax",%progbits
 5504              		.align	1
 5505              		.global	Screen_Display_Open
 5506              		.syntax unified
 5507              		.thumb
 5508              		.thumb_func
 5510              	Screen_Display_Open:
 5511              	.LFB260:
 682:Core/Src/ui/screens.c **** 
 5512              		.loc 1 682 32 is_stmt 1 view -0
 5513              		.cfi_startproc
 5514              		@ args = 0, pretend = 0, frame = 0
 5515              		@ frame_needed = 0, uses_anonymous_args = 0
 5516              		@ link register save eliminated.
 682:Core/Src/ui/screens.c **** 
ARM GAS  /tmp/cczpKMPG.s 			page 132


 5517              		.loc 1 682 34 view .LVU890
 682:Core/Src/ui/screens.c **** 
 5518              		.loc 1 682 44 is_stmt 0 view .LVU891
 5519 0000 0023     		movs	r3, #0
 5520 0002 024A     		ldr	r2, .L335
 5521 0004 1370     		strb	r3, [r2]
 682:Core/Src/ui/screens.c **** 
 5522              		.loc 1 682 49 is_stmt 1 view .LVU892
 682:Core/Src/ui/screens.c **** 
 5523              		.loc 1 682 60 is_stmt 0 view .LVU893
 5524 0006 024A     		ldr	r2, .L335+4
 5525 0008 1370     		strb	r3, [r2]
 682:Core/Src/ui/screens.c **** 
 5526              		.loc 1 682 65 view .LVU894
 5527 000a 7047     		bx	lr
 5528              	.L336:
 5529              		.align	2
 5530              	.L335:
 5531 000c 00000000 		.word	_disp_row
 5532 0010 00000000 		.word	_disp_edit
 5533              		.cfi_endproc
 5534              	.LFE260:
 5536              		.section	.rodata.Screen_Display_Draw.str1.4,"aMS",%progbits,1
 5537              		.align	2
 5538              	.LC93:
 5539 0000 44495350 		.ascii	"DISPLAY\000"
 5539      4C415900 
 5540              		.section	.text.Screen_Display_Draw,"ax",%progbits
 5541              		.align	1
 5542              		.global	Screen_Display_Draw
 5543              		.syntax unified
 5544              		.thumb
 5545              		.thumb_func
 5547              	Screen_Display_Draw:
 5548              	.LFB261:
 685:Core/Src/ui/screens.c ****     ILI9341_FillScreen(COLOR_BG);
 5549              		.loc 1 685 1 is_stmt 1 view -0
 5550              		.cfi_startproc
 5551              		@ args = 0, pretend = 0, frame = 0
 5552              		@ frame_needed = 0, uses_anonymous_args = 0
 5553 0000 08B5     		push	{r3, lr}
 5554              	.LCFI97:
 5555              		.cfi_def_cfa_offset 8
 5556              		.cfi_offset 3, -8
 5557              		.cfi_offset 14, -4
 686:Core/Src/ui/screens.c ****     draw_header("DISPLAY");
 5558              		.loc 1 686 5 view .LVU896
 5559 0002 40F64100 		movw	r0, #2113
 5560 0006 FFF7FEFF 		bl	ILI9341_FillScreen
 5561              	.LVL393:
 687:Core/Src/ui/screens.c ****     disp_draw_rows();
 5562              		.loc 1 687 5 view .LVU897
 5563 000a 0348     		ldr	r0, .L339
 5564 000c FFF7FEFF 		bl	draw_header
 5565              	.LVL394:
 688:Core/Src/ui/screens.c **** }
 5566              		.loc 1 688 5 view .LVU898
ARM GAS  /tmp/cczpKMPG.s 			page 133


 5567 0010 FFF7FEFF 		bl	disp_draw_rows
 5568              	.LVL395:
 689:Core/Src/ui/screens.c **** 
 5569              		.loc 1 689 1 is_stmt 0 view .LVU899
 5570 0014 08BD     		pop	{r3, pc}
 5571              	.L340:
 5572 0016 00BF     		.align	2
 5573              	.L339:
 5574 0018 00000000 		.word	.LC93
 5575              		.cfi_endproc
 5576              	.LFE261:
 5578              		.section	.text.Screen_Display_OnRotate,"ax",%progbits
 5579              		.align	1
 5580              		.global	Screen_Display_OnRotate
 5581              		.syntax unified
 5582              		.thumb
 5583              		.thumb_func
 5585              	Screen_Display_OnRotate:
 5586              	.LVL396:
 5587              	.LFB262:
 692:Core/Src/ui/screens.c ****     if (_disp_edit && _disp_row == 0) {
 5588              		.loc 1 692 1 is_stmt 1 view -0
 5589              		.cfi_startproc
 5590              		@ args = 0, pretend = 0, frame = 0
 5591              		@ frame_needed = 0, uses_anonymous_args = 0
 692:Core/Src/ui/screens.c ****     if (_disp_edit && _disp_row == 0) {
 5592              		.loc 1 692 1 is_stmt 0 view .LVU901
 5593 0000 10B5     		push	{r4, lr}
 5594              	.LCFI98:
 5595              		.cfi_def_cfa_offset 8
 5596              		.cfi_offset 4, -8
 5597              		.cfi_offset 14, -4
 5598 0002 0446     		mov	r4, r0
 693:Core/Src/ui/screens.c ****         int v = ILI9341_GetBrightness() + d * 10;
 5599              		.loc 1 693 5 is_stmt 1 view .LVU902
 693:Core/Src/ui/screens.c ****         int v = ILI9341_GetBrightness() + d * 10;
 5600              		.loc 1 693 9 is_stmt 0 view .LVU903
 5601 0004 224B     		ldr	r3, .L355
 5602 0006 1B78     		ldrb	r3, [r3]	@ zero_extendqisi2
 693:Core/Src/ui/screens.c ****         int v = ILI9341_GetBrightness() + d * 10;
 5603              		.loc 1 693 8 view .LVU904
 5604 0008 13B1     		cbz	r3, .L342
 693:Core/Src/ui/screens.c ****         int v = ILI9341_GetBrightness() + d * 10;
 5605              		.loc 1 693 33 discriminator 1 view .LVU905
 5606 000a 224A     		ldr	r2, .L355+4
 5607 000c 1278     		ldrb	r2, [r2]	@ zero_extendqisi2
 693:Core/Src/ui/screens.c ****         int v = ILI9341_GetBrightness() + d * 10;
 5608              		.loc 1 693 20 discriminator 1 view .LVU906
 5609 000e C2B1     		cbz	r2, .L353
 5610              	.L342:
 697:Core/Src/ui/screens.c ****         _asleep_idx = (uint8_t)((_asleep_idx + (d > 0 ? 1 : 3)) % 4);
 5611              		.loc 1 697 12 is_stmt 1 view .LVU907
 697:Core/Src/ui/screens.c ****         _asleep_idx = (uint8_t)((_asleep_idx + (d > 0 ? 1 : 3)) % 4);
 5612              		.loc 1 697 15 is_stmt 0 view .LVU908
 5613 0010 1BB1     		cbz	r3, .L345
 697:Core/Src/ui/screens.c ****         _asleep_idx = (uint8_t)((_asleep_idx + (d > 0 ? 1 : 3)) % 4);
 5614              		.loc 1 697 40 discriminator 1 view .LVU909
ARM GAS  /tmp/cczpKMPG.s 			page 134


 5615 0012 204B     		ldr	r3, .L355+4
 5616 0014 1B78     		ldrb	r3, [r3]	@ zero_extendqisi2
 697:Core/Src/ui/screens.c ****         _asleep_idx = (uint8_t)((_asleep_idx + (d > 0 ? 1 : 3)) % 4);
 5617              		.loc 1 697 27 discriminator 1 view .LVU910
 5618 0016 012B     		cmp	r3, #1
 5619 0018 25D0     		beq	.L354
 5620              	.L345:
 700:Core/Src/ui/screens.c ****     }
 5621              		.loc 1 700 9 is_stmt 1 view .LVU911
 700:Core/Src/ui/screens.c ****     }
 5622              		.loc 1 700 42 is_stmt 0 view .LVU912
 5623 001a 1E4B     		ldr	r3, .L355+4
 5624 001c 1A78     		ldrb	r2, [r3]	@ zero_extendqisi2
 700:Core/Src/ui/screens.c ****     }
 5625              		.loc 1 700 55 view .LVU913
 5626 001e 002C     		cmp	r4, #0
 5627 0020 33DD     		ble	.L351
 700:Core/Src/ui/screens.c ****     }
 5628              		.loc 1 700 55 discriminator 1 view .LVU914
 5629 0022 0123     		movs	r3, #1
 5630              	.L347:
 700:Core/Src/ui/screens.c ****     }
 5631              		.loc 1 700 42 discriminator 3 view .LVU915
 5632 0024 1A44     		add	r2, r2, r3
 700:Core/Src/ui/screens.c ****     }
 5633              		.loc 1 700 61 discriminator 3 view .LVU916
 5634 0026 1C49     		ldr	r1, .L355+8
 5635 0028 81FB0231 		smull	r3, r1, r1, r2
 5636 002c D317     		asrs	r3, r2, #31
 5637 002e C3EB6103 		rsb	r3, r3, r1, asr #1
 5638 0032 03EB8303 		add	r3, r3, r3, lsl #2
 5639 0036 D31A     		subs	r3, r2, r3
 700:Core/Src/ui/screens.c ****     }
 5640              		.loc 1 700 19 discriminator 3 view .LVU917
 5641 0038 164A     		ldr	r2, .L355+4
 5642 003a 1370     		strb	r3, [r2]
 5643              	.LVL397:
 5644              	.L344:
 702:Core/Src/ui/screens.c **** }
 5645              		.loc 1 702 5 is_stmt 1 view .LVU918
 5646 003c FFF7FEFF 		bl	disp_draw_rows
 5647              	.LVL398:
 703:Core/Src/ui/screens.c **** 
 5648              		.loc 1 703 1 is_stmt 0 view .LVU919
 5649 0040 10BD     		pop	{r4, pc}
 5650              	.LVL399:
 5651              	.L353:
 5652              	.LBB25:
 694:Core/Src/ui/screens.c ****         ILI9341_SetBrightness((uint8_t)(v < 10 ? 10 : (v > 100 ? 100 : v)));
 5653              		.loc 1 694 9 is_stmt 1 view .LVU920
 694:Core/Src/ui/screens.c ****         ILI9341_SetBrightness((uint8_t)(v < 10 ? 10 : (v > 100 ? 100 : v)));
 5654              		.loc 1 694 17 is_stmt 0 view .LVU921
 5655 0042 FFF7FEFF 		bl	ILI9341_GetBrightness
 5656              	.LVL400:
 694:Core/Src/ui/screens.c ****         ILI9341_SetBrightness((uint8_t)(v < 10 ? 10 : (v > 100 ? 100 : v)));
 5657              		.loc 1 694 45 discriminator 1 view .LVU922
 5658 0046 04EB8403 		add	r3, r4, r4, lsl #2
ARM GAS  /tmp/cczpKMPG.s 			page 135


 694:Core/Src/ui/screens.c ****         ILI9341_SetBrightness((uint8_t)(v < 10 ? 10 : (v > 100 ? 100 : v)));
 5659              		.loc 1 694 13 discriminator 1 view .LVU923
 5660 004a 00EB4300 		add	r0, r0, r3, lsl #1
 5661              	.LVL401:
 695:Core/Src/ui/screens.c ****         /* on real board: poke backlight PWM duty here */
 5662              		.loc 1 695 9 is_stmt 1 view .LVU924
 5663 004e 0928     		cmp	r0, #9
 5664 0050 03DD     		ble	.L348
 695:Core/Src/ui/screens.c ****         /* on real board: poke backlight PWM duty here */
 5665              		.loc 1 695 31 is_stmt 0 discriminator 1 view .LVU925
 5666 0052 6428     		cmp	r0, #100
 5667 0054 05DC     		bgt	.L349
 695:Core/Src/ui/screens.c ****         /* on real board: poke backlight PWM duty here */
 5668              		.loc 1 695 9 discriminator 2 view .LVU926
 5669 0056 C0B2     		uxtb	r0, r0
 5670              	.LVL402:
 695:Core/Src/ui/screens.c ****         /* on real board: poke backlight PWM duty here */
 5671              		.loc 1 695 9 discriminator 2 view .LVU927
 5672 0058 00E0     		b	.L343
 5673              	.LVL403:
 5674              	.L348:
 695:Core/Src/ui/screens.c ****         /* on real board: poke backlight PWM duty here */
 5675              		.loc 1 695 9 discriminator 4 view .LVU928
 5676 005a 0A20     		movs	r0, #10
 5677              	.LVL404:
 5678              	.L343:
 695:Core/Src/ui/screens.c ****         /* on real board: poke backlight PWM duty here */
 5679              		.loc 1 695 9 discriminator 5 view .LVU929
 5680 005c FFF7FEFF 		bl	ILI9341_SetBrightness
 5681              	.LVL405:
 695:Core/Src/ui/screens.c ****         /* on real board: poke backlight PWM duty here */
 5682              		.loc 1 695 9 discriminator 5 view .LVU930
 5683              	.LBE25:
 693:Core/Src/ui/screens.c ****         int v = ILI9341_GetBrightness() + d * 10;
 5684              		.loc 1 693 39 discriminator 2 view .LVU931
 5685 0060 ECE7     		b	.L344
 5686              	.LVL406:
 5687              	.L349:
 5688              	.LBB26:
 695:Core/Src/ui/screens.c ****         /* on real board: poke backlight PWM duty here */
 5689              		.loc 1 695 9 discriminator 3 view .LVU932
 5690 0062 6420     		movs	r0, #100
 5691              	.LVL407:
 695:Core/Src/ui/screens.c ****         /* on real board: poke backlight PWM duty here */
 5692              		.loc 1 695 9 discriminator 3 view .LVU933
 5693 0064 FAE7     		b	.L343
 5694              	.LVL408:
 5695              	.L354:
 695:Core/Src/ui/screens.c ****         /* on real board: poke backlight PWM duty here */
 5696              		.loc 1 695 9 discriminator 3 view .LVU934
 5697              	.LBE26:
 698:Core/Src/ui/screens.c ****     } else {
 5698              		.loc 1 698 9 is_stmt 1 view .LVU935
 698:Core/Src/ui/screens.c ****     } else {
 5699              		.loc 1 698 46 is_stmt 0 view .LVU936
 5700 0066 0D4B     		ldr	r3, .L355+12
 5701 0068 1B78     		ldrb	r3, [r3]	@ zero_extendqisi2
ARM GAS  /tmp/cczpKMPG.s 			page 136


 698:Core/Src/ui/screens.c ****     } else {
 5702              		.loc 1 698 59 view .LVU937
 5703 006a 002C     		cmp	r4, #0
 5704 006c 0BDD     		ble	.L350
 698:Core/Src/ui/screens.c ****     } else {
 5705              		.loc 1 698 59 discriminator 1 view .LVU938
 5706 006e 0122     		movs	r2, #1
 5707              	.L346:
 698:Core/Src/ui/screens.c ****     } else {
 5708              		.loc 1 698 46 discriminator 3 view .LVU939
 5709 0070 1344     		add	r3, r3, r2
 698:Core/Src/ui/screens.c ****     } else {
 5710              		.loc 1 698 65 discriminator 3 view .LVU940
 5711 0072 5A42     		rsbs	r2, r3, #0
 5712 0074 03F00303 		and	r3, r3, #3
 5713 0078 02F00302 		and	r2, r2, #3
 5714 007c 58BF     		it	pl
 5715 007e 5342     		rsbpl	r3, r2, #0
 698:Core/Src/ui/screens.c ****     } else {
 5716              		.loc 1 698 21 discriminator 3 view .LVU941
 5717 0080 064A     		ldr	r2, .L355+12
 5718 0082 1370     		strb	r3, [r2]
 5719 0084 DAE7     		b	.L344
 5720              	.L350:
 698:Core/Src/ui/screens.c ****     } else {
 5721              		.loc 1 698 59 discriminator 2 view .LVU942
 5722 0086 0322     		movs	r2, #3
 5723 0088 F2E7     		b	.L346
 5724              	.L351:
 700:Core/Src/ui/screens.c ****     }
 5725              		.loc 1 700 55 discriminator 2 view .LVU943
 5726 008a 0423     		movs	r3, #4
 5727 008c CAE7     		b	.L347
 5728              	.L356:
 5729 008e 00BF     		.align	2
 5730              	.L355:
 5731 0090 00000000 		.word	_disp_edit
 5732 0094 00000000 		.word	_disp_row
 5733 0098 67666666 		.word	1717986919
 5734 009c 00000000 		.word	_asleep_idx
 5735              		.cfi_endproc
 5736              	.LFE262:
 5738              		.section	.text.Screen_Test_Open,"ax",%progbits
 5739              		.align	1
 5740              		.global	Screen_Test_Open
 5741              		.syntax unified
 5742              		.thumb
 5743              		.thumb_func
 5745              	Screen_Test_Open:
 5746              	.LFB271:
 780:Core/Src/ui/screens.c **** 
 5747              		.loc 1 780 29 is_stmt 1 view -0
 5748              		.cfi_startproc
 5749              		@ args = 0, pretend = 0, frame = 0
 5750              		@ frame_needed = 0, uses_anonymous_args = 0
 5751              		@ link register save eliminated.
 780:Core/Src/ui/screens.c **** 
ARM GAS  /tmp/cczpKMPG.s 			page 137


 5752              		.loc 1 780 31 view .LVU945
 780:Core/Src/ui/screens.c **** 
 5753              		.loc 1 780 41 is_stmt 0 view .LVU946
 5754 0000 014B     		ldr	r3, .L358
 5755 0002 0022     		movs	r2, #0
 5756 0004 1A70     		strb	r2, [r3]
 780:Core/Src/ui/screens.c **** 
 5757              		.loc 1 780 46 view .LVU947
 5758 0006 7047     		bx	lr
 5759              	.L359:
 5760              		.align	2
 5761              	.L358:
 5762 0008 00000000 		.word	_test_row
 5763              		.cfi_endproc
 5764              	.LFE271:
 5766              		.section	.rodata.Screen_Test_Draw.str1.4,"aMS",%progbits,1
 5767              		.align	2
 5768              	.LC94:
 5769 0000 54455354 		.ascii	"TEST MODES\000"
 5769      204D4F44 
 5769      455300
 5770              		.section	.text.Screen_Test_Draw,"ax",%progbits
 5771              		.align	1
 5772              		.global	Screen_Test_Draw
 5773              		.syntax unified
 5774              		.thumb
 5775              		.thumb_func
 5777              	Screen_Test_Draw:
 5778              	.LFB272:
 783:Core/Src/ui/screens.c ****     ILI9341_FillScreen(COLOR_BG);
 5779              		.loc 1 783 1 is_stmt 1 view -0
 5780              		.cfi_startproc
 5781              		@ args = 0, pretend = 0, frame = 0
 5782              		@ frame_needed = 0, uses_anonymous_args = 0
 5783 0000 08B5     		push	{r3, lr}
 5784              	.LCFI99:
 5785              		.cfi_def_cfa_offset 8
 5786              		.cfi_offset 3, -8
 5787              		.cfi_offset 14, -4
 784:Core/Src/ui/screens.c ****     draw_header("TEST MODES");
 5788              		.loc 1 784 5 view .LVU949
 5789 0002 40F64100 		movw	r0, #2113
 5790 0006 FFF7FEFF 		bl	ILI9341_FillScreen
 5791              	.LVL409:
 785:Core/Src/ui/screens.c ****     test_draw_rows();
 5792              		.loc 1 785 5 view .LVU950
 5793 000a 0348     		ldr	r0, .L362
 5794 000c FFF7FEFF 		bl	draw_header
 5795              	.LVL410:
 786:Core/Src/ui/screens.c **** }
 5796              		.loc 1 786 5 view .LVU951
 5797 0010 FFF7FEFF 		bl	test_draw_rows
 5798              	.LVL411:
 787:Core/Src/ui/screens.c **** 
 5799              		.loc 1 787 1 is_stmt 0 view .LVU952
 5800 0014 08BD     		pop	{r3, pc}
 5801              	.L363:
ARM GAS  /tmp/cczpKMPG.s 			page 138


 5802 0016 00BF     		.align	2
 5803              	.L362:
 5804 0018 00000000 		.word	.LC94
 5805              		.cfi_endproc
 5806              	.LFE272:
 5808              		.section	.text.Screen_Test_OnRotate,"ax",%progbits
 5809              		.align	1
 5810              		.global	Screen_Test_OnRotate
 5811              		.syntax unified
 5812              		.thumb
 5813              		.thumb_func
 5815              	Screen_Test_OnRotate:
 5816              	.LVL412:
 5817              	.LFB273:
 790:Core/Src/ui/screens.c ****     _test_row = (uint8_t)((_test_row + (d > 0 ? 1 : TEST_NUM_ROWS - 1))
 5818              		.loc 1 790 1 is_stmt 1 view -0
 5819              		.cfi_startproc
 5820              		@ args = 0, pretend = 0, frame = 0
 5821              		@ frame_needed = 0, uses_anonymous_args = 0
 790:Core/Src/ui/screens.c ****     _test_row = (uint8_t)((_test_row + (d > 0 ? 1 : TEST_NUM_ROWS - 1))
 5822              		.loc 1 790 1 is_stmt 0 view .LVU954
 5823 0000 08B5     		push	{r3, lr}
 5824              	.LCFI100:
 5825              		.cfi_def_cfa_offset 8
 5826              		.cfi_offset 3, -8
 5827              		.cfi_offset 14, -4
 791:Core/Src/ui/screens.c ****                           % TEST_NUM_ROWS);
 5828              		.loc 1 791 5 is_stmt 1 view .LVU955
 791:Core/Src/ui/screens.c ****                           % TEST_NUM_ROWS);
 5829              		.loc 1 791 38 is_stmt 0 view .LVU956
 5830 0002 0B4B     		ldr	r3, .L368
 5831 0004 1A78     		ldrb	r2, [r3]	@ zero_extendqisi2
 791:Core/Src/ui/screens.c ****                           % TEST_NUM_ROWS);
 5832              		.loc 1 791 51 view .LVU957
 5833 0006 0028     		cmp	r0, #0
 5834 0008 10DD     		ble	.L366
 791:Core/Src/ui/screens.c ****                           % TEST_NUM_ROWS);
 5835              		.loc 1 791 51 discriminator 1 view .LVU958
 5836 000a 0123     		movs	r3, #1
 5837              	.L365:
 791:Core/Src/ui/screens.c ****                           % TEST_NUM_ROWS);
 5838              		.loc 1 791 38 discriminator 3 view .LVU959
 5839 000c 1A44     		add	r2, r2, r3
 792:Core/Src/ui/screens.c ****     test_draw_rows();
 5840              		.loc 1 792 27 view .LVU960
 5841 000e 094B     		ldr	r3, .L368+4
 5842 0010 A3FB0213 		umull	r1, r3, r3, r2
 5843 0014 D11A     		subs	r1, r2, r3
 5844 0016 03EB5103 		add	r3, r3, r1, lsr #1
 5845 001a 9B08     		lsrs	r3, r3, #2
 5846 001c C3EBC303 		rsb	r3, r3, r3, lsl #3
 5847 0020 D31A     		subs	r3, r2, r3
 791:Core/Src/ui/screens.c ****                           % TEST_NUM_ROWS);
 5848              		.loc 1 791 15 discriminator 3 view .LVU961
 5849 0022 034A     		ldr	r2, .L368
 5850 0024 1370     		strb	r3, [r2]
 793:Core/Src/ui/screens.c **** }
ARM GAS  /tmp/cczpKMPG.s 			page 139


 5851              		.loc 1 793 5 is_stmt 1 view .LVU962
 5852 0026 FFF7FEFF 		bl	test_draw_rows
 5853              	.LVL413:
 794:Core/Src/ui/screens.c **** 
 5854              		.loc 1 794 1 is_stmt 0 view .LVU963
 5855 002a 08BD     		pop	{r3, pc}
 5856              	.LVL414:
 5857              	.L366:
 791:Core/Src/ui/screens.c ****                           % TEST_NUM_ROWS);
 5858              		.loc 1 791 51 discriminator 2 view .LVU964
 5859 002c 0623     		movs	r3, #6
 5860 002e EDE7     		b	.L365
 5861              	.L369:
 5862              		.align	2
 5863              	.L368:
 5864 0030 00000000 		.word	_test_row
 5865 0034 25499224 		.word	613566757
 5866              		.cfi_endproc
 5867              	.LFE273:
 5869              		.section	.rodata.Screen_Test_OnPress.str1.4,"aMS",%progbits,1
 5870              		.align	2
 5871              	.LC95:
 5872 0000 4150504C 		.ascii	"APPLIED\000"
 5872      49454400 
 5873              		.section	.text.Screen_Test_OnPress,"ax",%progbits
 5874              		.align	1
 5875              		.global	Screen_Test_OnPress
 5876              		.syntax unified
 5877              		.thumb
 5878              		.thumb_func
 5880              	Screen_Test_OnPress:
 5881              	.LFB274:
 797:Core/Src/ui/screens.c ****     if (_test_rows[_test_row].apply == 0) {      /* Back */
 5882              		.loc 1 797 1 is_stmt 1 view -0
 5883              		.cfi_startproc
 5884              		@ args = 0, pretend = 0, frame = 0
 5885              		@ frame_needed = 0, uses_anonymous_args = 0
 5886 0000 00B5     		push	{lr}
 5887              	.LCFI101:
 5888              		.cfi_def_cfa_offset 4
 5889              		.cfi_offset 14, -4
 5890 0002 83B0     		sub	sp, sp, #12
 5891              	.LCFI102:
 5892              		.cfi_def_cfa_offset 16
 798:Core/Src/ui/screens.c ****         UI_NavigateTo(UI_SCREEN_SETTINGS);
 5893              		.loc 1 798 5 view .LVU966
 798:Core/Src/ui/screens.c ****         UI_NavigateTo(UI_SCREEN_SETTINGS);
 5894              		.loc 1 798 30 is_stmt 0 view .LVU967
 5895 0004 0E4B     		ldr	r3, .L375
 5896 0006 1A78     		ldrb	r2, [r3]	@ zero_extendqisi2
 5897 0008 0E4B     		ldr	r3, .L375+4
 5898 000a 03EBC203 		add	r3, r3, r2, lsl #3
 5899 000e 5B68     		ldr	r3, [r3, #4]
 798:Core/Src/ui/screens.c ****         UI_NavigateTo(UI_SCREEN_SETTINGS);
 5900              		.loc 1 798 8 view .LVU968
 5901 0010 8BB1     		cbz	r3, .L374
 802:Core/Src/ui/screens.c ****     /* feedback: row flash so user know it happened */
ARM GAS  /tmp/cczpKMPG.s 			page 140


 5902              		.loc 1 802 5 is_stmt 1 view .LVU969
 5903 0012 9847     		blx	r3
 5904              	.LVL415:
 804:Core/Src/ui/screens.c ****                        "APPLIED", 1);
 5905              		.loc 1 804 5 view .LVU970
 5906 0014 0A4B     		ldr	r3, .L375
 5907 0016 1978     		ldrb	r1, [r3]	@ zero_extendqisi2
 5908 0018 01EB0111 		add	r1, r1, r1, lsl #4
 5909 001c 4900     		lsls	r1, r1, #1
 5910 001e 0123     		movs	r3, #1
 5911 0020 0193     		str	r3, [sp, #4]
 5912 0022 094B     		ldr	r3, .L375+8
 5913 0024 0093     		str	r3, [sp]
 5914 0026 1E23     		movs	r3, #30
 5915 0028 DC22     		movs	r2, #220
 5916 002a 2431     		adds	r1, r1, #36
 5917 002c 0A20     		movs	r0, #10
 5918 002e FFF7FEFF 		bl	Widget_Button_Draw
 5919              	.LVL416:
 5920              	.L370:
 806:Core/Src/ui/screens.c **** 
 5921              		.loc 1 806 1 is_stmt 0 view .LVU971
 5922 0032 03B0     		add	sp, sp, #12
 5923              	.LCFI103:
 5924              		.cfi_remember_state
 5925              		.cfi_def_cfa_offset 4
 5926              		@ sp needed
 5927 0034 00BD     		pop	{pc}
 5928              	.L374:
 5929              	.LCFI104:
 5930              		.cfi_restore_state
 799:Core/Src/ui/screens.c ****         return;
 5931              		.loc 1 799 9 is_stmt 1 view .LVU972
 5932 0036 0620     		movs	r0, #6
 5933 0038 FFF7FEFF 		bl	UI_NavigateTo
 5934              	.LVL417:
 800:Core/Src/ui/screens.c ****     }
 5935              		.loc 1 800 9 view .LVU973
 5936 003c F9E7     		b	.L370
 5937              	.L376:
 5938 003e 00BF     		.align	2
 5939              	.L375:
 5940 0040 00000000 		.word	_test_row
 5941 0044 00000000 		.word	_test_rows
 5942 0048 00000000 		.word	.LC95
 5943              		.cfi_endproc
 5944              	.LFE274:
 5946              		.section	.text.Screen_Confirm_Open,"ax",%progbits
 5947              		.align	1
 5948              		.global	Screen_Confirm_Open
 5949              		.syntax unified
 5950              		.thumb
 5951              		.thumb_func
 5953              	Screen_Confirm_Open:
 5954              	.LVL418:
 5955              	.LFB275:
 820:Core/Src/ui/screens.c ****     _confirm_action = action;
ARM GAS  /tmp/cczpKMPG.s 			page 141


 5956              		.loc 1 820 1 view -0
 5957              		.cfi_startproc
 5958              		@ args = 0, pretend = 0, frame = 0
 5959              		@ frame_needed = 0, uses_anonymous_args = 0
 5960              		@ link register save eliminated.
 821:Core/Src/ui/screens.c ****     _confirm_sel    = 1;
 5961              		.loc 1 821 5 view .LVU975
 821:Core/Src/ui/screens.c ****     _confirm_sel    = 1;
 5962              		.loc 1 821 21 is_stmt 0 view .LVU976
 5963 0000 024B     		ldr	r3, .L378
 5964 0002 1870     		strb	r0, [r3]
 822:Core/Src/ui/screens.c **** }
 5965              		.loc 1 822 5 is_stmt 1 view .LVU977
 822:Core/Src/ui/screens.c **** }
 5966              		.loc 1 822 21 is_stmt 0 view .LVU978
 5967 0004 024B     		ldr	r3, .L378+4
 5968 0006 0122     		movs	r2, #1
 5969 0008 1A70     		strb	r2, [r3]
 823:Core/Src/ui/screens.c **** 
 5970              		.loc 1 823 1 view .LVU979
 5971 000a 7047     		bx	lr
 5972              	.L379:
 5973              		.align	2
 5974              	.L378:
 5975 000c 00000000 		.word	_confirm_action
 5976 0010 00000000 		.word	_confirm_sel
 5977              		.cfi_endproc
 5978              	.LFE275:
 5980              		.section	.text.Screen_Display_OnPress,"ax",%progbits
 5981              		.align	1
 5982              		.global	Screen_Display_OnPress
 5983              		.syntax unified
 5984              		.thumb
 5985              		.thumb_func
 5987              	Screen_Display_OnPress:
 5988              	.LFB263:
 706:Core/Src/ui/screens.c ****     if (_disp_edit) { _disp_edit = 0; disp_draw_rows(); return; }
 5989              		.loc 1 706 1 is_stmt 1 view -0
 5990              		.cfi_startproc
 5991              		@ args = 0, pretend = 0, frame = 0
 5992              		@ frame_needed = 0, uses_anonymous_args = 0
 5993 0000 08B5     		push	{r3, lr}
 5994              	.LCFI105:
 5995              		.cfi_def_cfa_offset 8
 5996              		.cfi_offset 3, -8
 5997              		.cfi_offset 14, -4
 707:Core/Src/ui/screens.c ****     switch (_disp_row) {
 5998              		.loc 1 707 5 view .LVU981
 707:Core/Src/ui/screens.c ****     switch (_disp_row) {
 5999              		.loc 1 707 9 is_stmt 0 view .LVU982
 6000 0002 124B     		ldr	r3, .L391
 6001 0004 1B78     		ldrb	r3, [r3]	@ zero_extendqisi2
 707:Core/Src/ui/screens.c ****     switch (_disp_row) {
 6002              		.loc 1 707 8 view .LVU983
 6003 0006 43B9     		cbnz	r3, .L390
 708:Core/Src/ui/screens.c ****         case 0:
 6004              		.loc 1 708 5 is_stmt 1 view .LVU984
ARM GAS  /tmp/cczpKMPG.s 			page 142


 6005 0008 114B     		ldr	r3, .L391+4
 6006 000a 1B78     		ldrb	r3, [r3]	@ zero_extendqisi2
 6007 000c 042B     		cmp	r3, #4
 6008 000e 0FD8     		bhi	.L380
 6009 0010 DFE803F0 		tbb	[pc, r3]
 6010              	.L384:
 6011 0014 09       		.byte	(.L387-.L384)/2
 6012 0015 09       		.byte	(.L387-.L384)/2
 6013 0016 0F       		.byte	(.L386-.L384)/2
 6014 0017 12       		.byte	(.L385-.L384)/2
 6015 0018 18       		.byte	(.L383-.L384)/2
 6016 0019 00       		.p2align 1
 6017              	.L390:
 707:Core/Src/ui/screens.c ****     switch (_disp_row) {
 6018              		.loc 1 707 23 discriminator 1 view .LVU985
 707:Core/Src/ui/screens.c ****     switch (_disp_row) {
 6019              		.loc 1 707 34 is_stmt 0 discriminator 1 view .LVU986
 6020 001a 0C4B     		ldr	r3, .L391
 6021 001c 0022     		movs	r2, #0
 6022 001e 1A70     		strb	r2, [r3]
 707:Core/Src/ui/screens.c ****     switch (_disp_row) {
 6023              		.loc 1 707 39 is_stmt 1 discriminator 1 view .LVU987
 6024 0020 FFF7FEFF 		bl	disp_draw_rows
 6025              	.LVL419:
 707:Core/Src/ui/screens.c ****     switch (_disp_row) {
 6026              		.loc 1 707 57 discriminator 2 view .LVU988
 6027 0024 04E0     		b	.L380
 6028              	.L387:
 710:Core/Src/ui/screens.c ****         case 2: UI_EnterSleep(); break;
 6029              		.loc 1 710 17 view .LVU989
 710:Core/Src/ui/screens.c ****         case 2: UI_EnterSleep(); break;
 6030              		.loc 1 710 28 is_stmt 0 view .LVU990
 6031 0026 094B     		ldr	r3, .L391
 6032 0028 0122     		movs	r2, #1
 6033 002a 1A70     		strb	r2, [r3]
 710:Core/Src/ui/screens.c ****         case 2: UI_EnterSleep(); break;
 6034              		.loc 1 710 33 is_stmt 1 view .LVU991
 6035 002c FFF7FEFF 		bl	disp_draw_rows
 6036              	.LVL420:
 710:Core/Src/ui/screens.c ****         case 2: UI_EnterSleep(); break;
 6037              		.loc 1 710 51 discriminator 1 view .LVU992
 6038              	.L380:
 716:Core/Src/ui/screens.c **** 
 6039              		.loc 1 716 1 is_stmt 0 view .LVU993
 6040 0030 08BD     		pop	{r3, pc}
 6041              	.L386:
 711:Core/Src/ui/screens.c ****         case 3: Screen_Confirm_Open(CONFIRM_LIGHTSLEEP);
 6042              		.loc 1 711 17 is_stmt 1 view .LVU994
 6043 0032 FFF7FEFF 		bl	UI_EnterSleep
 6044              	.LVL421:
 711:Core/Src/ui/screens.c ****         case 3: Screen_Confirm_Open(CONFIRM_LIGHTSLEEP);
 6045              		.loc 1 711 34 discriminator 1 view .LVU995
 6046 0036 FBE7     		b	.L380
 6047              	.L385:
 712:Core/Src/ui/screens.c ****                 UI_OpenConfirm(); break;
 6048              		.loc 1 712 17 view .LVU996
 6049 0038 0120     		movs	r0, #1
ARM GAS  /tmp/cczpKMPG.s 			page 143


 6050 003a FFF7FEFF 		bl	Screen_Confirm_Open
 6051              	.LVL422:
 713:Core/Src/ui/screens.c ****         case 4: UI_NavigateTo(UI_SCREEN_SETTINGS); break;
 6052              		.loc 1 713 17 view .LVU997
 6053 003e FFF7FEFF 		bl	UI_OpenConfirm
 6054              	.LVL423:
 713:Core/Src/ui/screens.c ****         case 4: UI_NavigateTo(UI_SCREEN_SETTINGS); break;
 6055              		.loc 1 713 35 discriminator 1 view .LVU998
 6056 0042 F5E7     		b	.L380
 6057              	.L383:
 714:Core/Src/ui/screens.c ****     }
 6058              		.loc 1 714 17 view .LVU999
 6059 0044 0620     		movs	r0, #6
 6060 0046 FFF7FEFF 		bl	UI_NavigateTo
 6061              	.LVL424:
 714:Core/Src/ui/screens.c ****     }
 6062              		.loc 1 714 52 discriminator 1 view .LVU1000
 6063 004a F1E7     		b	.L380
 6064              	.L392:
 6065              		.align	2
 6066              	.L391:
 6067 004c 00000000 		.word	_disp_edit
 6068 0050 00000000 		.word	_disp_row
 6069              		.cfi_endproc
 6070              	.LFE263:
 6072              		.section	.text.Screen_Confirm_GetAction,"ax",%progbits
 6073              		.align	1
 6074              		.global	Screen_Confirm_GetAction
 6075              		.syntax unified
 6076              		.thumb
 6077              		.thumb_func
 6079              	Screen_Confirm_GetAction:
 6080              	.LFB276:
 825:Core/Src/ui/screens.c **** 
 6081              		.loc 1 825 48 view -0
 6082              		.cfi_startproc
 6083              		@ args = 0, pretend = 0, frame = 0
 6084              		@ frame_needed = 0, uses_anonymous_args = 0
 6085              		@ link register save eliminated.
 825:Core/Src/ui/screens.c **** 
 6086              		.loc 1 825 50 view .LVU1002
 825:Core/Src/ui/screens.c **** 
 6087              		.loc 1 825 74 is_stmt 0 view .LVU1003
 6088 0000 014B     		ldr	r3, .L394
 6089 0002 1878     		ldrb	r0, [r3]	@ zero_extendqisi2
 6090 0004 7047     		bx	lr
 6091              	.L395:
 6092 0006 00BF     		.align	2
 6093              	.L394:
 6094 0008 00000000 		.word	_confirm_action
 6095              		.cfi_endproc
 6096              	.LFE276:
 6098              		.section	.rodata.Screen_Confirm_Draw.str1.4,"aMS",%progbits,1
 6099              		.align	2
 6100              	.LC96:
 6101 0000 416C6C20 		.ascii	"All outputs except USB-C1\000"
 6101      6F757470 
ARM GAS  /tmp/cczpKMPG.s 			page 144


 6101      75747320 
 6101      65786365 
 6101      70742055 
 6102 001a 0000     		.align	2
 6103              	.LC97:
 6104 001c 77696C6C 		.ascii	"will be closed.\000"
 6104      20626520 
 6104      636C6F73 
 6104      65642E00 
 6105              		.align	2
 6106              	.LC98:
 6107 002c 506F7274 		.ascii	"Ports locked and screen off\000"
 6107      73206C6F 
 6107      636B6564 
 6107      20616E64 
 6107      20736372 
 6108              		.align	2
 6109              	.LC99:
 6110 0048 756E7469 		.ascii	"until encoder press.\000"
 6110      6C20656E 
 6110      636F6465 
 6110      72207072 
 6110      6573732E 
 6111              		.section	.text.Screen_Confirm_Draw,"ax",%progbits
 6112              		.align	1
 6113              		.global	Screen_Confirm_Draw
 6114              		.syntax unified
 6115              		.thumb
 6116              		.thumb_func
 6118              	Screen_Confirm_Draw:
 6119              	.LFB278:
 834:Core/Src/ui/screens.c ****     ILI9341_FillScreen(COLOR_BG);
 6120              		.loc 1 834 1 is_stmt 1 view -0
 6121              		.cfi_startproc
 6122              		@ args = 0, pretend = 0, frame = 0
 6123              		@ frame_needed = 0, uses_anonymous_args = 0
 6124 0000 30B5     		push	{r4, r5, lr}
 6125              	.LCFI106:
 6126              		.cfi_def_cfa_offset 12
 6127              		.cfi_offset 4, -12
 6128              		.cfi_offset 5, -8
 6129              		.cfi_offset 14, -4
 6130 0002 85B0     		sub	sp, sp, #20
 6131              	.LCFI107:
 6132              		.cfi_def_cfa_offset 32
 835:Core/Src/ui/screens.c **** 
 6133              		.loc 1 835 5 view .LVU1005
 6134 0004 40F64100 		movw	r0, #2113
 6135 0008 FFF7FEFF 		bl	ILI9341_FillScreen
 6136              	.LVL425:
 837:Core/Src/ui/screens.c ****     GFX_DrawStringScaled((uint16_t)((240 - strlen(t) * 14) / 2), 90, t,
 6137              		.loc 1 837 5 view .LVU1006
 837:Core/Src/ui/screens.c ****     GFX_DrawStringScaled((uint16_t)((240 - strlen(t) * 14) / 2), 90, t,
 6138              		.loc 1 837 35 is_stmt 0 view .LVU1007
 6139 000c 254C     		ldr	r4, .L400
 6140 000e 2278     		ldrb	r2, [r4]	@ zero_extendqisi2
 837:Core/Src/ui/screens.c ****     GFX_DrawStringScaled((uint16_t)((240 - strlen(t) * 14) / 2), 90, t,
ARM GAS  /tmp/cczpKMPG.s 			page 145


 6141              		.loc 1 837 17 view .LVU1008
 6142 0010 254B     		ldr	r3, .L400+4
 6143 0012 53F82250 		ldr	r5, [r3, r2, lsl #2]
 6144              	.LVL426:
 838:Core/Src/ui/screens.c ****                          &GFX_FontSmall, 2, COLOR_ACCENT, COLOR_BG);
 6145              		.loc 1 838 5 is_stmt 1 view .LVU1009
 838:Core/Src/ui/screens.c ****                          &GFX_FontSmall, 2, COLOR_ACCENT, COLOR_BG);
 6146              		.loc 1 838 44 is_stmt 0 view .LVU1010
 6147 0016 2846     		mov	r0, r5
 6148 0018 FFF7FEFF 		bl	strlen
 6149              	.LVL427:
 838:Core/Src/ui/screens.c ****                          &GFX_FontSmall, 2, COLOR_ACCENT, COLOR_BG);
 6150              		.loc 1 838 54 discriminator 1 view .LVU1011
 6151 001c C0EBC000 		rsb	r0, r0, r0, lsl #3
 6152 0020 4000     		lsls	r0, r0, #1
 838:Core/Src/ui/screens.c ****                          &GFX_FontSmall, 2, COLOR_ACCENT, COLOR_BG);
 6153              		.loc 1 838 42 discriminator 1 view .LVU1012
 6154 0022 C0F1F000 		rsb	r0, r0, #240
 838:Core/Src/ui/screens.c ****                          &GFX_FontSmall, 2, COLOR_ACCENT, COLOR_BG);
 6155              		.loc 1 838 5 discriminator 1 view .LVU1013
 6156 0026 40F64103 		movw	r3, #2113
 6157 002a 0293     		str	r3, [sp, #8]
 6158 002c 4FF66043 		movw	r3, #64608
 6159 0030 0193     		str	r3, [sp, #4]
 6160 0032 0223     		movs	r3, #2
 6161 0034 0093     		str	r3, [sp]
 6162 0036 1D4B     		ldr	r3, .L400+8
 6163 0038 2A46     		mov	r2, r5
 6164 003a 5A21     		movs	r1, #90
 6165 003c C0F34F00 		ubfx	r0, r0, #1, #16
 6166 0040 FFF7FEFF 		bl	GFX_DrawStringScaled
 6167              	.LVL428:
 841:Core/Src/ui/screens.c ****         GFX_DrawString(30, 140, "All outputs except USB-C1",
 6168              		.loc 1 841 5 is_stmt 1 view .LVU1014
 841:Core/Src/ui/screens.c ****         GFX_DrawString(30, 140, "All outputs except USB-C1",
 6169              		.loc 1 841 25 is_stmt 0 view .LVU1015
 6170 0044 2378     		ldrb	r3, [r4]	@ zero_extendqisi2
 841:Core/Src/ui/screens.c ****         GFX_DrawString(30, 140, "All outputs except USB-C1",
 6171              		.loc 1 841 8 view .LVU1016
 6172 0046 BBB9     		cbnz	r3, .L397
 842:Core/Src/ui/screens.c ****                        &GFX_FontSmall, COLOR_WHITE, COLOR_BG),
 6173              		.loc 1 842 9 is_stmt 1 view .LVU1017
 6174 0048 40F64104 		movw	r4, #2113
 6175 004c 0194     		str	r4, [sp, #4]
 6176 004e 4FF6FF75 		movw	r5, #65535
 6177              	.LVL429:
 842:Core/Src/ui/screens.c ****                        &GFX_FontSmall, COLOR_WHITE, COLOR_BG),
 6178              		.loc 1 842 9 is_stmt 0 view .LVU1018
 6179 0052 0095     		str	r5, [sp]
 6180 0054 154B     		ldr	r3, .L400+8
 6181 0056 164A     		ldr	r2, .L400+12
 6182 0058 8C21     		movs	r1, #140
 6183 005a 1E20     		movs	r0, #30
 6184 005c FFF7FEFF 		bl	GFX_DrawString
 6185              	.LVL430:
 844:Core/Src/ui/screens.c ****                        &GFX_FontSmall, COLOR_WHITE, COLOR_BG);
 6186              		.loc 1 844 9 view .LVU1019
ARM GAS  /tmp/cczpKMPG.s 			page 146


 6187 0060 0194     		str	r4, [sp, #4]
 6188 0062 0095     		str	r5, [sp]
 6189 0064 114B     		ldr	r3, .L400+8
 6190 0066 134A     		ldr	r2, .L400+16
 6191 0068 9821     		movs	r1, #152
 6192 006a 4B20     		movs	r0, #75
 6193 006c FFF7FEFF 		bl	GFX_DrawString
 6194              	.LVL431:
 6195              	.L398:
 852:Core/Src/ui/screens.c **** }
 6196              		.loc 1 852 5 is_stmt 1 view .LVU1020
 6197 0070 FFF7FEFF 		bl	confirm_draw_buttons
 6198              	.LVL432:
 853:Core/Src/ui/screens.c **** 
 6199              		.loc 1 853 1 is_stmt 0 view .LVU1021
 6200 0074 05B0     		add	sp, sp, #20
 6201              	.LCFI108:
 6202              		.cfi_remember_state
 6203              		.cfi_def_cfa_offset 12
 6204              		@ sp needed
 6205 0076 30BD     		pop	{r4, r5, pc}
 6206              	.LVL433:
 6207              	.L397:
 6208              	.LCFI109:
 6209              		.cfi_restore_state
 847:Core/Src/ui/screens.c ****                        &GFX_FontSmall, COLOR_WHITE, COLOR_BG),
 6210              		.loc 1 847 9 is_stmt 1 view .LVU1022
 6211 0078 40F64104 		movw	r4, #2113
 6212 007c 0194     		str	r4, [sp, #4]
 6213 007e 4FF6FF75 		movw	r5, #65535
 6214              	.LVL434:
 847:Core/Src/ui/screens.c ****                        &GFX_FontSmall, COLOR_WHITE, COLOR_BG),
 6215              		.loc 1 847 9 is_stmt 0 view .LVU1023
 6216 0082 0095     		str	r5, [sp]
 6217 0084 094B     		ldr	r3, .L400+8
 6218 0086 0C4A     		ldr	r2, .L400+20
 6219 0088 8C21     		movs	r1, #140
 6220 008a 1B20     		movs	r0, #27
 6221 008c FFF7FEFF 		bl	GFX_DrawString
 6222              	.LVL435:
 849:Core/Src/ui/screens.c ****                        &GFX_FontSmall, COLOR_WHITE, COLOR_BG);
 6223              		.loc 1 849 9 view .LVU1024
 6224 0090 0194     		str	r4, [sp, #4]
 6225 0092 0095     		str	r5, [sp]
 6226 0094 054B     		ldr	r3, .L400+8
 6227 0096 094A     		ldr	r2, .L400+24
 6228 0098 9821     		movs	r1, #152
 6229 009a 3020     		movs	r0, #48
 6230 009c FFF7FEFF 		bl	GFX_DrawString
 6231              	.LVL436:
 6232 00a0 E6E7     		b	.L398
 6233              	.L401:
 6234 00a2 00BF     		.align	2
 6235              	.L400:
 6236 00a4 00000000 		.word	_confirm_action
 6237 00a8 00000000 		.word	_confirm_title
 6238 00ac 00000000 		.word	GFX_FontSmall
ARM GAS  /tmp/cczpKMPG.s 			page 147


 6239 00b0 00000000 		.word	.LC96
 6240 00b4 1C000000 		.word	.LC97
 6241 00b8 2C000000 		.word	.LC98
 6242 00bc 48000000 		.word	.LC99
 6243              		.cfi_endproc
 6244              	.LFE278:
 6246              		.section	.text.Screen_Confirm_OnRotate,"ax",%progbits
 6247              		.align	1
 6248              		.global	Screen_Confirm_OnRotate
 6249              		.syntax unified
 6250              		.thumb
 6251              		.thumb_func
 6253              	Screen_Confirm_OnRotate:
 6254              	.LVL437:
 6255              	.LFB279:
 856:Core/Src/ui/screens.c ****     (void)d;
 6256              		.loc 1 856 1 is_stmt 1 view -0
 6257              		.cfi_startproc
 6258              		@ args = 0, pretend = 0, frame = 0
 6259              		@ frame_needed = 0, uses_anonymous_args = 0
 856:Core/Src/ui/screens.c ****     (void)d;
 6260              		.loc 1 856 1 is_stmt 0 view .LVU1026
 6261 0000 08B5     		push	{r3, lr}
 6262              	.LCFI110:
 6263              		.cfi_def_cfa_offset 8
 6264              		.cfi_offset 3, -8
 6265              		.cfi_offset 14, -4
 857:Core/Src/ui/screens.c ****     _confirm_sel ^= 1;
 6266              		.loc 1 857 5 is_stmt 1 view .LVU1027
 858:Core/Src/ui/screens.c ****     confirm_draw_buttons();
 6267              		.loc 1 858 5 view .LVU1028
 858:Core/Src/ui/screens.c ****     confirm_draw_buttons();
 6268              		.loc 1 858 18 is_stmt 0 view .LVU1029
 6269 0002 044A     		ldr	r2, .L404
 6270 0004 1378     		ldrb	r3, [r2]	@ zero_extendqisi2
 6271 0006 83F00103 		eor	r3, r3, #1
 6272 000a 1370     		strb	r3, [r2]
 859:Core/Src/ui/screens.c **** }
 6273              		.loc 1 859 5 is_stmt 1 view .LVU1030
 6274 000c FFF7FEFF 		bl	confirm_draw_buttons
 6275              	.LVL438:
 860:Core/Src/ui/screens.c **** 
 6276              		.loc 1 860 1 is_stmt 0 view .LVU1031
 6277 0010 08BD     		pop	{r3, pc}
 6278              	.L405:
 6279 0012 00BF     		.align	2
 6280              	.L404:
 6281 0014 00000000 		.word	_confirm_sel
 6282              		.cfi_endproc
 6283              	.LFE279:
 6285              		.section	.text.Screen_Confirm_OnPress,"ax",%progbits
 6286              		.align	1
 6287              		.global	Screen_Confirm_OnPress
 6288              		.syntax unified
 6289              		.thumb
 6290              		.thumb_func
 6292              	Screen_Confirm_OnPress:
ARM GAS  /tmp/cczpKMPG.s 			page 148


 6293              	.LFB280:
 863:Core/Src/ui/screens.c ****     return (_confirm_sel == 0) ? 1 : 2;
 6294              		.loc 1 863 1 is_stmt 1 view -0
 6295              		.cfi_startproc
 6296              		@ args = 0, pretend = 0, frame = 0
 6297              		@ frame_needed = 0, uses_anonymous_args = 0
 6298              		@ link register save eliminated.
 864:Core/Src/ui/screens.c **** }
 6299              		.loc 1 864 5 view .LVU1033
 864:Core/Src/ui/screens.c **** }
 6300              		.loc 1 864 26 is_stmt 0 view .LVU1034
 6301 0000 034B     		ldr	r3, .L409
 6302 0002 1B78     		ldrb	r3, [r3]	@ zero_extendqisi2
 864:Core/Src/ui/screens.c **** }
 6303              		.loc 1 864 36 view .LVU1035
 6304 0004 0BB9     		cbnz	r3, .L408
 864:Core/Src/ui/screens.c **** }
 6305              		.loc 1 864 36 discriminator 1 view .LVU1036
 6306 0006 0120     		movs	r0, #1
 6307 0008 7047     		bx	lr
 6308              	.L408:
 864:Core/Src/ui/screens.c **** }
 6309              		.loc 1 864 36 discriminator 2 view .LVU1037
 6310 000a 0220     		movs	r0, #2
 865:Core/Src/ui/screens.c **** 
 6311              		.loc 1 865 1 view .LVU1038
 6312 000c 7047     		bx	lr
 6313              	.L410:
 6314 000e 00BF     		.align	2
 6315              	.L409:
 6316 0010 00000000 		.word	_confirm_sel
 6317              		.cfi_endproc
 6318              	.LFE280:
 6320              		.section	.text.Screen_Warning_Open,"ax",%progbits
 6321              		.align	1
 6322              		.global	Screen_Warning_Open
 6323              		.syntax unified
 6324              		.thumb
 6325              		.thumb_func
 6327              	Screen_Warning_Open:
 6328              	.LVL439:
 6329              	.LFB281:
 874:Core/Src/ui/screens.c **** 
 6330              		.loc 1 874 43 is_stmt 1 view -0
 6331              		.cfi_startproc
 6332              		@ args = 0, pretend = 0, frame = 0
 6333              		@ frame_needed = 0, uses_anonymous_args = 0
 6334              		@ link register save eliminated.
 874:Core/Src/ui/screens.c **** 
 6335              		.loc 1 874 45 view .LVU1040
 874:Core/Src/ui/screens.c **** 
 6336              		.loc 1 874 56 is_stmt 0 view .LVU1041
 6337 0000 014B     		ldr	r3, .L412
 6338 0002 1870     		strb	r0, [r3]
 874:Core/Src/ui/screens.c **** 
 6339              		.loc 1 874 64 view .LVU1042
 6340 0004 7047     		bx	lr
ARM GAS  /tmp/cczpKMPG.s 			page 149


 6341              	.L413:
 6342 0006 00BF     		.align	2
 6343              	.L412:
 6344 0008 00000000 		.word	_warn_type
 6345              		.cfi_endproc
 6346              	.LFE281:
 6348              		.section	.rodata.Screen_Warning_Draw.str1.4,"aMS",%progbits,1
 6349              		.align	2
 6350              	.LC100:
 6351 0000 2100     		.ascii	"!\000"
 6352 0002 0000     		.align	2
 6353              	.LC101:
 6354 0004 25752E25 		.ascii	"%u.%02u V\000"
 6354      30327520 
 6354      5600
 6355              		.section	.text.Screen_Warning_Draw,"ax",%progbits
 6356              		.align	1
 6357              		.global	Screen_Warning_Draw
 6358              		.syntax unified
 6359              		.thumb
 6360              		.thumb_func
 6362              	Screen_Warning_Draw:
 6363              	.LFB282:
 893:Core/Src/ui/screens.c ****     char buf[24];
 6364              		.loc 1 893 1 is_stmt 1 view -0
 6365              		.cfi_startproc
 6366              		@ args = 0, pretend = 0, frame = 24
 6367              		@ frame_needed = 0, uses_anonymous_args = 0
 6368 0000 2DE9F041 		push	{r4, r5, r6, r7, r8, lr}
 6369              	.LCFI111:
 6370              		.cfi_def_cfa_offset 24
 6371              		.cfi_offset 4, -24
 6372              		.cfi_offset 5, -20
 6373              		.cfi_offset 6, -16
 6374              		.cfi_offset 7, -12
 6375              		.cfi_offset 8, -8
 6376              		.cfi_offset 14, -4
 6377 0004 8AB0     		sub	sp, sp, #40
 6378              	.LCFI112:
 6379              		.cfi_def_cfa_offset 64
 894:Core/Src/ui/screens.c ****     const WarnText_t *w = &_warn_text[_warn_type];
 6380              		.loc 1 894 5 view .LVU1044
 895:Core/Src/ui/screens.c ****     uint16_t wc = (_warn_type == WARN_VCRIT) ? COLOR_DANGER : COLOR_ORANGE;
 6381              		.loc 1 895 5 view .LVU1045
 895:Core/Src/ui/screens.c ****     uint16_t wc = (_warn_type == WARN_VCRIT) ? COLOR_DANGER : COLOR_ORANGE;
 6382              		.loc 1 895 38 is_stmt 0 view .LVU1046
 6383 0006 674B     		ldr	r3, .L427
 6384 0008 1F78     		ldrb	r7, [r3]	@ zero_extendqisi2
 6385              	.LVL440:
 896:Core/Src/ui/screens.c **** 
 6386              		.loc 1 896 5 is_stmt 1 view .LVU1047
 896:Core/Src/ui/screens.c **** 
 6387              		.loc 1 896 14 is_stmt 0 view .LVU1048
 6388 000a 022F     		cmp	r7, #2
 6389 000c 07D0     		beq	.L425
 896:Core/Src/ui/screens.c **** 
 6390              		.loc 1 896 14 discriminator 2 view .LVU1049
ARM GAS  /tmp/cczpKMPG.s 			page 150


 6391 000e 4FF62056 		movw	r6, #64800
 6392              	.L415:
 6393              	.LVL441:
 898:Core/Src/ui/screens.c **** 
 6394              		.loc 1 898 5 is_stmt 1 view .LVU1050
 6395 0012 40F64100 		movw	r0, #2113
 6396 0016 FFF7FEFF 		bl	ILI9341_FillScreen
 6397              	.LVL442:
 901:Core/Src/ui/screens.c ****         GFX_DrawLine(120, 52 + t, 68 + t, 148 - t, wc);
 6398              		.loc 1 901 5 view .LVU1051
 6399              	.LBB27:
 901:Core/Src/ui/screens.c ****         GFX_DrawLine(120, 52 + t, 68 + t, 148 - t, wc);
 6400              		.loc 1 901 10 view .LVU1052
 901:Core/Src/ui/screens.c ****         GFX_DrawLine(120, 52 + t, 68 + t, 148 - t, wc);
 6401              		.loc 1 901 18 is_stmt 0 view .LVU1053
 6402 001a 0024     		movs	r4, #0
 901:Core/Src/ui/screens.c ****         GFX_DrawLine(120, 52 + t, 68 + t, 148 - t, wc);
 6403              		.loc 1 901 5 view .LVU1054
 6404 001c 22E0     		b	.L416
 6405              	.LVL443:
 6406              	.L425:
 901:Core/Src/ui/screens.c ****         GFX_DrawLine(120, 52 + t, 68 + t, 148 - t, wc);
 6407              		.loc 1 901 5 view .LVU1055
 6408              	.LBE27:
 896:Core/Src/ui/screens.c **** 
 6409              		.loc 1 896 14 discriminator 1 view .LVU1056
 6410 001e 4FF47846 		mov	r6, #63488
 6411 0022 F6E7     		b	.L415
 6412              	.LVL444:
 6413              	.L417:
 6414              	.LBB28:
 902:Core/Src/ui/screens.c ****         GFX_DrawLine(120, 52 + t, 172 - t, 148 - t, wc);
 6415              		.loc 1 902 9 is_stmt 1 view .LVU1057
 6416 0024 04F13408 		add	r8, r4, #52
 6417 0028 C4F19405 		rsb	r5, r4, #148
 6418 002c ADB2     		uxth	r5, r5
 6419 002e 0096     		str	r6, [sp]
 6420 0030 2B46     		mov	r3, r5
 6421 0032 04F14402 		add	r2, r4, #68
 6422 0036 4146     		mov	r1, r8
 6423 0038 7820     		movs	r0, #120
 6424 003a FFF7FEFF 		bl	GFX_DrawLine
 6425              	.LVL445:
 903:Core/Src/ui/screens.c ****         GFX_DrawLine(70, 146 + t, 170, 146 + t, wc);
 6426              		.loc 1 903 9 view .LVU1058
 6427 003e C4F1AC02 		rsb	r2, r4, #172
 6428 0042 0096     		str	r6, [sp]
 6429 0044 2B46     		mov	r3, r5
 6430 0046 92B2     		uxth	r2, r2
 6431 0048 4146     		mov	r1, r8
 6432 004a 7820     		movs	r0, #120
 6433 004c FFF7FEFF 		bl	GFX_DrawLine
 6434              	.LVL446:
 904:Core/Src/ui/screens.c ****     }
 6435              		.loc 1 904 9 view .LVU1059
 6436 0050 04F19201 		add	r1, r4, #146
 6437 0054 0096     		str	r6, [sp]
ARM GAS  /tmp/cczpKMPG.s 			page 151


 6438 0056 0B46     		mov	r3, r1
 6439 0058 AA22     		movs	r2, #170
 6440 005a 4620     		movs	r0, #70
 6441 005c FFF7FEFF 		bl	GFX_DrawLine
 6442              	.LVL447:
 901:Core/Src/ui/screens.c ****         GFX_DrawLine(120, 52 + t, 68 + t, 148 - t, wc);
 6443              		.loc 1 901 33 discriminator 1 view .LVU1060
 6444 0060 0134     		adds	r4, r4, #1
 6445              	.LVL448:
 901:Core/Src/ui/screens.c ****         GFX_DrawLine(120, 52 + t, 68 + t, 148 - t, wc);
 6446              		.loc 1 901 33 is_stmt 0 discriminator 1 view .LVU1061
 6447 0062 E4B2     		uxtb	r4, r4
 6448              	.LVL449:
 6449              	.L416:
 901:Core/Src/ui/screens.c ****         GFX_DrawLine(120, 52 + t, 68 + t, 148 - t, wc);
 6450              		.loc 1 901 27 is_stmt 1 discriminator 2 view .LVU1062
 6451 0064 022C     		cmp	r4, #2
 6452 0066 DDD9     		bls	.L417
 6453              	.LBE28:
 906:Core/Src/ui/screens.c **** 
 6454              		.loc 1 906 5 view .LVU1063
 6455 0068 4F4D     		ldr	r5, .L427+4
 6456 006a 40F64108 		movw	r8, #2113
 6457 006e CDF80880 		str	r8, [sp, #8]
 6458 0072 0196     		str	r6, [sp, #4]
 6459 0074 0523     		movs	r3, #5
 6460 0076 0093     		str	r3, [sp]
 6461 0078 2B46     		mov	r3, r5
 6462 007a 4C4A     		ldr	r2, .L427+8
 6463 007c 5A21     		movs	r1, #90
 6464 007e 6D20     		movs	r0, #109
 6465 0080 FFF7FEFF 		bl	GFX_DrawStringScaled
 6466              	.LVL450:
 909:Core/Src/ui/screens.c ****                          w->title, &GFX_FontSmall, 2, wc, COLOR_BG);
 6467              		.loc 1 909 5 view .LVU1064
 909:Core/Src/ui/screens.c ****                          w->title, &GFX_FontSmall, 2, wc, COLOR_BG);
 6468              		.loc 1 909 52 is_stmt 0 view .LVU1065
 6469 0084 3B01     		lsls	r3, r7, #4
 6470 0086 4A4A     		ldr	r2, .L427+12
 6471 0088 D458     		ldr	r4, [r2, r3]
 6472              	.LVL451:
 909:Core/Src/ui/screens.c ****                          w->title, &GFX_FontSmall, 2, wc, COLOR_BG);
 6473              		.loc 1 909 44 view .LVU1066
 6474 008a 2046     		mov	r0, r4
 6475 008c FFF7FEFF 		bl	strlen
 6476              	.LVL452:
 909:Core/Src/ui/screens.c ****                          w->title, &GFX_FontSmall, 2, wc, COLOR_BG);
 6477              		.loc 1 909 61 discriminator 1 view .LVU1067
 6478 0090 C0EBC000 		rsb	r0, r0, r0, lsl #3
 6479 0094 4000     		lsls	r0, r0, #1
 909:Core/Src/ui/screens.c ****                          w->title, &GFX_FontSmall, 2, wc, COLOR_BG);
 6480              		.loc 1 909 42 discriminator 1 view .LVU1068
 6481 0096 C0F1F000 		rsb	r0, r0, #240
 909:Core/Src/ui/screens.c ****                          w->title, &GFX_FontSmall, 2, wc, COLOR_BG);
 6482              		.loc 1 909 5 discriminator 1 view .LVU1069
 6483 009a CDF80880 		str	r8, [sp, #8]
 6484 009e 0196     		str	r6, [sp, #4]
ARM GAS  /tmp/cczpKMPG.s 			page 152


 6485 00a0 0223     		movs	r3, #2
 6486 00a2 0093     		str	r3, [sp]
 6487 00a4 2B46     		mov	r3, r5
 6488 00a6 2246     		mov	r2, r4
 6489 00a8 A821     		movs	r1, #168
 6490 00aa C0F34F00 		ubfx	r0, r0, #1, #16
 6491 00ae FFF7FEFF 		bl	GFX_DrawStringScaled
 6492              	.LVL453:
 913:Core/Src/ui/screens.c ****         if (w->line[i][0])
 6493              		.loc 1 913 5 is_stmt 1 view .LVU1070
 6494              	.LBB29:
 913:Core/Src/ui/screens.c ****         if (w->line[i][0])
 6495              		.loc 1 913 10 view .LVU1071
 913:Core/Src/ui/screens.c ****         if (w->line[i][0])
 6496              		.loc 1 913 18 is_stmt 0 view .LVU1072
 6497 00b2 0024     		movs	r4, #0
 913:Core/Src/ui/screens.c ****         if (w->line[i][0])
 6498              		.loc 1 913 5 view .LVU1073
 6499 00b4 01E0     		b	.L418
 6500              	.LVL454:
 6501              	.L419:
 913:Core/Src/ui/screens.c ****         if (w->line[i][0])
 6502              		.loc 1 913 33 is_stmt 1 discriminator 1 view .LVU1074
 6503 00b6 0134     		adds	r4, r4, #1
 6504              	.LVL455:
 913:Core/Src/ui/screens.c ****         if (w->line[i][0])
 6505              		.loc 1 913 33 is_stmt 0 discriminator 1 view .LVU1075
 6506 00b8 E4B2     		uxtb	r4, r4
 6507              	.LVL456:
 6508              	.L418:
 913:Core/Src/ui/screens.c ****         if (w->line[i][0])
 6509              		.loc 1 913 27 is_stmt 1 discriminator 2 view .LVU1076
 6510 00ba 022C     		cmp	r4, #2
 6511 00bc 22D8     		bhi	.L426
 914:Core/Src/ui/screens.c ****             GFX_DrawString((uint16_t)((240 - strlen(w->line[i]) * 6) / 2),
 6512              		.loc 1 914 9 view .LVU1077
 914:Core/Src/ui/screens.c ****             GFX_DrawString((uint16_t)((240 - strlen(w->line[i]) * 6) / 2),
 6513              		.loc 1 914 20 is_stmt 0 view .LVU1078
 6514 00be 04EB8702 		add	r2, r4, r7, lsl #2
 6515 00c2 3B4B     		ldr	r3, .L427+12
 6516 00c4 03EB8203 		add	r3, r3, r2, lsl #2
 6517 00c8 5D68     		ldr	r5, [r3, #4]
 914:Core/Src/ui/screens.c ****             GFX_DrawString((uint16_t)((240 - strlen(w->line[i]) * 6) / 2),
 6518              		.loc 1 914 23 view .LVU1079
 6519 00ca 2B78     		ldrb	r3, [r5]	@ zero_extendqisi2
 914:Core/Src/ui/screens.c ****             GFX_DrawString((uint16_t)((240 - strlen(w->line[i]) * 6) / 2),
 6520              		.loc 1 914 12 view .LVU1080
 6521 00cc 002B     		cmp	r3, #0
 6522 00ce F2D0     		beq	.L419
 915:Core/Src/ui/screens.c ****                            200 + i * 12, w->line[i],
 6523              		.loc 1 915 13 is_stmt 1 view .LVU1081
 915:Core/Src/ui/screens.c ****                            200 + i * 12, w->line[i],
 6524              		.loc 1 915 46 is_stmt 0 view .LVU1082
 6525 00d0 2846     		mov	r0, r5
 6526 00d2 FFF7FEFF 		bl	strlen
 6527              	.LVL457:
 915:Core/Src/ui/screens.c ****                            200 + i * 12, w->line[i],
ARM GAS  /tmp/cczpKMPG.s 			page 153


 6528              		.loc 1 915 65 discriminator 1 view .LVU1083
 6529 00d6 00EB4000 		add	r0, r0, r0, lsl #1
 6530 00da 4000     		lsls	r0, r0, #1
 915:Core/Src/ui/screens.c ****                            200 + i * 12, w->line[i],
 6531              		.loc 1 915 44 discriminator 1 view .LVU1084
 6532 00dc C0F1F000 		rsb	r0, r0, #240
 915:Core/Src/ui/screens.c ****                            200 + i * 12, w->line[i],
 6533              		.loc 1 915 13 discriminator 1 view .LVU1085
 6534 00e0 04EB4401 		add	r1, r4, r4, lsl #1
 6535 00e4 8900     		lsls	r1, r1, #2
 6536 00e6 C831     		adds	r1, r1, #200
 6537 00e8 89B2     		uxth	r1, r1
 6538 00ea 40F64103 		movw	r3, #2113
 6539 00ee 0193     		str	r3, [sp, #4]
 6540 00f0 4FF6FF73 		movw	r3, #65535
 6541 00f4 0093     		str	r3, [sp]
 6542 00f6 2C4B     		ldr	r3, .L427+4
 6543 00f8 2A46     		mov	r2, r5
 6544 00fa C0F34F00 		ubfx	r0, r0, #1, #16
 6545 00fe FFF7FEFF 		bl	GFX_DrawString
 6546              	.LVL458:
 6547 0102 D8E7     		b	.L419
 6548              	.L426:
 915:Core/Src/ui/screens.c ****                            200 + i * 12, w->line[i],
 6549              		.loc 1 915 13 discriminator 1 view .LVU1086
 6550              	.LBE29:
 920:Core/Src/ui/screens.c ****         snprintf(buf, sizeof(buf), "%d C", telemetry.temp_celsius);
 6551              		.loc 1 920 5 is_stmt 1 view .LVU1087
 920:Core/Src/ui/screens.c ****         snprintf(buf, sizeof(buf), "%d C", telemetry.temp_celsius);
 6552              		.loc 1 920 20 is_stmt 0 view .LVU1088
 6553 0104 274B     		ldr	r3, .L427
 6554 0106 1B78     		ldrb	r3, [r3]	@ zero_extendqisi2
 920:Core/Src/ui/screens.c ****         snprintf(buf, sizeof(buf), "%d C", telemetry.temp_celsius);
 6555              		.loc 1 920 8 view .LVU1089
 6556 0108 33BB     		cbnz	r3, .L421
 921:Core/Src/ui/screens.c ****         GFX_DrawStringScaled(96, 240, buf, &GFX_FontSmall, 2,
 6557              		.loc 1 921 9 is_stmt 1 view .LVU1090
 921:Core/Src/ui/screens.c ****         GFX_DrawStringScaled(96, 240, buf, &GFX_FontSmall, 2,
 6558              		.loc 1 921 53 is_stmt 0 view .LVU1091
 6559 010a 2A4D     		ldr	r5, .L427+16
 921:Core/Src/ui/screens.c ****         GFX_DrawStringScaled(96, 240, buf, &GFX_FontSmall, 2,
 6560              		.loc 1 921 9 view .LVU1092
 6561 010c 04AC     		add	r4, sp, #16
 6562              	.LVL459:
 921:Core/Src/ui/screens.c ****         GFX_DrawStringScaled(96, 240, buf, &GFX_FontSmall, 2,
 6563              		.loc 1 921 9 view .LVU1093
 6564 010e B5F90630 		ldrsh	r3, [r5, #6]
 6565 0112 294A     		ldr	r2, .L427+20
 6566 0114 1821     		movs	r1, #24
 6567 0116 2046     		mov	r0, r4
 6568 0118 FFF7FEFF 		bl	snprintf
 6569              	.LVL460:
 922:Core/Src/ui/screens.c ****                              temp_color_pub(telemetry.temp_celsius), COLOR_BG);
 6570              		.loc 1 922 9 is_stmt 1 view .LVU1094
 6571 011c B5F90600 		ldrsh	r0, [r5, #6]
 6572 0120 FFF7FEFF 		bl	temp_color_pub
 6573              	.LVL461:
ARM GAS  /tmp/cczpKMPG.s 			page 154


 922:Core/Src/ui/screens.c ****                              temp_color_pub(telemetry.temp_celsius), COLOR_BG);
 6574              		.loc 1 922 9 is_stmt 0 discriminator 1 view .LVU1095
 6575 0124 40F64103 		movw	r3, #2113
 6576 0128 0293     		str	r3, [sp, #8]
 6577 012a 0190     		str	r0, [sp, #4]
 6578 012c 0223     		movs	r3, #2
 6579 012e 0093     		str	r3, [sp]
 6580 0130 1D4B     		ldr	r3, .L427+4
 6581 0132 2246     		mov	r2, r4
 6582 0134 F021     		movs	r1, #240
 6583 0136 6020     		movs	r0, #96
 6584 0138 FFF7FEFF 		bl	GFX_DrawStringScaled
 6585              	.LVL462:
 6586              	.L422:
 932:Core/Src/ui/screens.c **** }
 6587              		.loc 1 932 5 is_stmt 1 view .LVU1096
 6588 013c 0123     		movs	r3, #1
 6589 013e 0193     		str	r3, [sp, #4]
 6590 0140 1E4B     		ldr	r3, .L427+24
 6591 0142 0093     		str	r3, [sp]
 6592 0144 1E23     		movs	r3, #30
 6593 0146 5022     		movs	r2, #80
 6594 0148 4FF48871 		mov	r1, #272
 6595 014c 1046     		mov	r0, r2
 6596 014e FFF7FEFF 		bl	Widget_Button_Draw
 6597              	.LVL463:
 933:Core/Src/ui/screens.c **** 
 6598              		.loc 1 933 1 is_stmt 0 view .LVU1097
 6599 0152 0AB0     		add	sp, sp, #40
 6600              	.LCFI113:
 6601              		.cfi_remember_state
 6602              		.cfi_def_cfa_offset 24
 6603              		@ sp needed
 6604 0154 BDE8F081 		pop	{r4, r5, r6, r7, r8, pc}
 6605              	.LVL464:
 6606              	.L421:
 6607              	.LCFI114:
 6608              		.cfi_restore_state
 925:Core/Src/ui/screens.c ****                  (telemetry.voltage_mV % 1000) / 10);
 6609              		.loc 1 925 9 is_stmt 1 view .LVU1098
 925:Core/Src/ui/screens.c ****                  (telemetry.voltage_mV % 1000) / 10);
 6610              		.loc 1 925 58 is_stmt 0 view .LVU1099
 6611 0158 164B     		ldr	r3, .L427+16
 6612 015a 5A88     		ldrh	r2, [r3, #2]
 925:Core/Src/ui/screens.c ****                  (telemetry.voltage_mV % 1000) / 10);
 6613              		.loc 1 925 9 view .LVU1100
 6614 015c 184B     		ldr	r3, .L427+28
 6615 015e A3FB0213 		umull	r1, r3, r3, r2
 6616 0162 9909     		lsrs	r1, r3, #6
 6617 0164 04AC     		add	r4, sp, #16
 6618              	.LVL465:
 925:Core/Src/ui/screens.c ****                  (telemetry.voltage_mV % 1000) / 10);
 6619              		.loc 1 925 9 view .LVU1101
 6620 0166 4FF47A70 		mov	r0, #1000
 6621 016a 00FB1122 		mls	r2, r0, r1, r2
 6622 016e 92B2     		uxth	r2, r2
 6623 0170 1449     		ldr	r1, .L427+32
ARM GAS  /tmp/cczpKMPG.s 			page 155


 6624 0172 A1FB0212 		umull	r1, r2, r1, r2
 6625 0176 D208     		lsrs	r2, r2, #3
 6626 0178 0092     		str	r2, [sp]
 6627 017a 9B09     		lsrs	r3, r3, #6
 6628 017c 124A     		ldr	r2, .L427+36
 6629 017e 1821     		movs	r1, #24
 6630 0180 2046     		mov	r0, r4
 6631 0182 FFF7FEFF 		bl	snprintf
 6632              	.LVL466:
 927:Core/Src/ui/screens.c ****                              COLOR_DANGER, COLOR_BG);
 6633              		.loc 1 927 9 is_stmt 1 view .LVU1102
 6634 0186 40F64103 		movw	r3, #2113
 6635 018a 0293     		str	r3, [sp, #8]
 6636 018c 4FF47843 		mov	r3, #63488
 6637 0190 0193     		str	r3, [sp, #4]
 6638 0192 0223     		movs	r3, #2
 6639 0194 0093     		str	r3, [sp]
 6640 0196 044B     		ldr	r3, .L427+4
 6641 0198 2246     		mov	r2, r4
 6642 019a F021     		movs	r1, #240
 6643 019c 5520     		movs	r0, #85
 6644 019e FFF7FEFF 		bl	GFX_DrawStringScaled
 6645              	.LVL467:
 6646 01a2 CBE7     		b	.L422
 6647              	.L428:
 6648              		.align	2
 6649              	.L427:
 6650 01a4 00000000 		.word	_warn_type
 6651 01a8 00000000 		.word	GFX_FontSmall
 6652 01ac 00000000 		.word	.LC100
 6653 01b0 00000000 		.word	_warn_text
 6654 01b4 00000000 		.word	telemetry
 6655 01b8 00000000 		.word	.LC9
 6656 01bc 00000000 		.word	.LC30
 6657 01c0 D34D6210 		.word	274877907
 6658 01c4 CDCCCCCC 		.word	-858993459
 6659 01c8 04000000 		.word	.LC101
 6660              		.cfi_endproc
 6661              	.LFE282:
 6663              		.section	.text.Screen_Sleep_Draw,"ax",%progbits
 6664              		.align	1
 6665              		.global	Screen_Sleep_Draw
 6666              		.syntax unified
 6667              		.thumb
 6668              		.thumb_func
 6670              	Screen_Sleep_Draw:
 6671              	.LFB283:
 940:Core/Src/ui/screens.c ****     /* on real board: send DISPOFF (0x28) + kill backlight PB8 here,
 6672              		.loc 1 940 1 view -0
 6673              		.cfi_startproc
 6674              		@ args = 0, pretend = 0, frame = 0
 6675              		@ frame_needed = 0, uses_anonymous_args = 0
 6676 0000 08B5     		push	{r3, lr}
 6677              	.LCFI115:
 6678              		.cfi_def_cfa_offset 8
 6679              		.cfi_offset 3, -8
 6680              		.cfi_offset 14, -4
ARM GAS  /tmp/cczpKMPG.s 			page 156


 943:Core/Src/ui/screens.c **** }
 6681              		.loc 1 943 5 view .LVU1104
 6682 0002 0020     		movs	r0, #0
 6683 0004 FFF7FEFF 		bl	ILI9341_FillScreen
 6684              	.LVL468:
 944:Core/Src/ui/screens.c **** 
 6685              		.loc 1 944 1 is_stmt 0 view .LVU1105
 6686 0008 08BD     		pop	{r3, pc}
 6687              		.cfi_endproc
 6688              	.LFE283:
 6690              		.section	.rodata.Screen_Output_RowStatus.str1.4,"aMS",%progbits,1
 6691              		.align	2
 6692              	.LC102:
 6693 0000 25732025 		.ascii	"%s %s\000"
 6693      7300
 6694              		.section	.text.Screen_Output_RowStatus,"ax",%progbits
 6695              		.align	1
 6696              		.global	Screen_Output_RowStatus
 6697              		.syntax unified
 6698              		.thumb
 6699              		.thumb_func
 6701              	Screen_Output_RowStatus:
 6702              	.LVL469:
 6703              	.LFB286:
1032:Core/Src/ui/screens.c ****     static char st[2][16];
 6704              		.loc 1 1032 1 is_stmt 1 view -0
 6705              		.cfi_startproc
 6706              		@ args = 0, pretend = 0, frame = 8
 6707              		@ frame_needed = 0, uses_anonymous_args = 0
1032:Core/Src/ui/screens.c ****     static char st[2][16];
 6708              		.loc 1 1032 1 is_stmt 0 view .LVU1107
 6709 0000 F0B5     		push	{r4, r5, r6, r7, lr}
 6710              	.LCFI116:
 6711              		.cfi_def_cfa_offset 20
 6712              		.cfi_offset 4, -20
 6713              		.cfi_offset 5, -16
 6714              		.cfi_offset 6, -12
 6715              		.cfi_offset 7, -8
 6716              		.cfi_offset 14, -4
 6717 0002 85B0     		sub	sp, sp, #20
 6718              	.LCFI117:
 6719              		.cfi_def_cfa_offset 40
 6720 0004 0446     		mov	r4, r0
1033:Core/Src/ui/screens.c ****     char v[8];
 6721              		.loc 1 1033 5 is_stmt 1 view .LVU1108
1034:Core/Src/ui/screens.c ****     out_fmt_volt(v, sizeof(v), _out_ch[channel].voltage_mv);
 6722              		.loc 1 1034 5 view .LVU1109
1035:Core/Src/ui/screens.c ****     snprintf(st[channel], sizeof(st[channel]), "%s %s",
 6723              		.loc 1 1035 5 view .LVU1110
 6724 0006 104E     		ldr	r6, .L435
 6725 0008 4700     		lsls	r7, r0, #1
 6726 000a 00EB4003 		add	r3, r0, r0, lsl #1
 6727 000e 06EBC303 		add	r3, r6, r3, lsl #3
 6728 0012 1A8A     		ldrh	r2, [r3, #16]
 6729 0014 0821     		movs	r1, #8
 6730 0016 0DEB0100 		add	r0, sp, r1
 6731              	.LVL470:
ARM GAS  /tmp/cczpKMPG.s 			page 157


1035:Core/Src/ui/screens.c ****     snprintf(st[channel], sizeof(st[channel]), "%s %s",
 6732              		.loc 1 1035 5 is_stmt 0 view .LVU1111
 6733 001a FFF7FEFF 		bl	out_fmt_volt
 6734              	.LVL471:
1036:Core/Src/ui/screens.c ****              _out_ch[channel].enabled ? "ON " : "OFF", v);
 6735              		.loc 1 1036 5 is_stmt 1 view .LVU1112
1036:Core/Src/ui/screens.c ****              _out_ch[channel].enabled ? "ON " : "OFF", v);
 6736              		.loc 1 1036 16 is_stmt 0 view .LVU1113
 6737 001e 0B4D     		ldr	r5, .L435+4
 6738 0020 05EB0415 		add	r5, r5, r4, lsl #4
1037:Core/Src/ui/screens.c ****     return st[channel];
 6739              		.loc 1 1037 30 view .LVU1114
 6740 0024 2744     		add	r7, r7, r4
 6741 0026 06EBC706 		add	r6, r6, r7, lsl #3
 6742 002a B37B     		ldrb	r3, [r6, #14]	@ zero_extendqisi2
1036:Core/Src/ui/screens.c ****              _out_ch[channel].enabled ? "ON " : "OFF", v);
 6743              		.loc 1 1036 5 view .LVU1115
 6744 002c 53B1     		cbz	r3, .L433
1036:Core/Src/ui/screens.c ****              _out_ch[channel].enabled ? "ON " : "OFF", v);
 6745              		.loc 1 1036 5 discriminator 1 view .LVU1116
 6746 002e 084B     		ldr	r3, .L435+8
 6747              	.L432:
1036:Core/Src/ui/screens.c ****              _out_ch[channel].enabled ? "ON " : "OFF", v);
 6748              		.loc 1 1036 5 discriminator 3 view .LVU1117
 6749 0030 02AA     		add	r2, sp, #8
 6750 0032 0092     		str	r2, [sp]
 6751 0034 074A     		ldr	r2, .L435+12
 6752 0036 1021     		movs	r1, #16
 6753 0038 2846     		mov	r0, r5
 6754 003a FFF7FEFF 		bl	snprintf
 6755              	.LVL472:
1038:Core/Src/ui/screens.c **** }
 6756              		.loc 1 1038 5 is_stmt 1 view .LVU1118
1039:Core/Src/ui/screens.c **** 
 6757              		.loc 1 1039 1 is_stmt 0 view .LVU1119
 6758 003e 2846     		mov	r0, r5
 6759 0040 05B0     		add	sp, sp, #20
 6760              	.LCFI118:
 6761              		.cfi_remember_state
 6762              		.cfi_def_cfa_offset 20
 6763              		@ sp needed
 6764 0042 F0BD     		pop	{r4, r5, r6, r7, pc}
 6765              	.LVL473:
 6766              	.L433:
 6767              	.LCFI119:
 6768              		.cfi_restore_state
1036:Core/Src/ui/screens.c ****              _out_ch[channel].enabled ? "ON " : "OFF", v);
 6769              		.loc 1 1036 5 discriminator 2 view .LVU1120
 6770 0044 044B     		ldr	r3, .L435+16
 6771 0046 F3E7     		b	.L432
 6772              	.L436:
 6773              		.align	2
 6774              	.L435:
 6775 0048 00000000 		.word	_out_ch
 6776 004c 00000000 		.word	st.0
 6777 0050 00000000 		.word	.LC49
 6778 0054 00000000 		.word	.LC102
ARM GAS  /tmp/cczpKMPG.s 			page 158


 6779 0058 04000000 		.word	.LC33
 6780              		.cfi_endproc
 6781              	.LFE286:
 6783              		.section	.text.Screen_Settings_IsOutputRow,"ax",%progbits
 6784              		.align	1
 6785              		.global	Screen_Settings_IsOutputRow
 6786              		.syntax unified
 6787              		.thumb
 6788              		.thumb_func
 6790              	Screen_Settings_IsOutputRow:
 6791              	.LVL474:
 6792              	.LFB287:
1041:Core/Src/ui/screens.c **** 
 6793              		.loc 1 1041 50 is_stmt 1 view -0
 6794              		.cfi_startproc
 6795              		@ args = 0, pretend = 0, frame = 0
 6796              		@ frame_needed = 0, uses_anonymous_args = 0
 6797              		@ link register save eliminated.
1041:Core/Src/ui/screens.c **** 
 6798              		.loc 1 1041 52 view .LVU1122
1041:Core/Src/ui/screens.c **** 
 6799              		.loc 1 1041 69 is_stmt 0 view .LVU1123
 6800 0000 0128     		cmp	r0, #1
 6801 0002 94BF     		ite	ls
 6802 0004 0020     		movls	r0, #0
 6803              	.LVL475:
1041:Core/Src/ui/screens.c **** 
 6804              		.loc 1 1041 69 view .LVU1124
 6805 0006 0120     		movhi	r0, #1
 6806 0008 7047     		bx	lr
 6807              		.cfi_endproc
 6808              	.LFE287:
 6810              		.section	.text.Screen_Output_Open,"ax",%progbits
 6811              		.align	1
 6812              		.global	Screen_Output_Open
 6813              		.syntax unified
 6814              		.thumb
 6815              		.thumb_func
 6817              	Screen_Output_Open:
 6818              	.LVL476:
 6819              	.LFB288:
1044:Core/Src/ui/screens.c ****     _out_cur  = (channel < 2) ? channel : 0;
 6820              		.loc 1 1044 1 is_stmt 1 view -0
 6821              		.cfi_startproc
 6822              		@ args = 0, pretend = 0, frame = 0
 6823              		@ frame_needed = 0, uses_anonymous_args = 0
 6824              		@ link register save eliminated.
1045:Core/Src/ui/screens.c ****     _out_row  = 0;
 6825              		.loc 1 1045 5 view .LVU1126
1045:Core/Src/ui/screens.c ****     _out_row  = 0;
 6826              		.loc 1 1045 15 is_stmt 0 view .LVU1127
 6827 0000 0128     		cmp	r0, #1
 6828 0002 00D9     		bls	.L439
1045:Core/Src/ui/screens.c ****     _out_row  = 0;
 6829              		.loc 1 1045 15 discriminator 2 view .LVU1128
 6830 0004 0020     		movs	r0, #0
 6831              	.LVL477:
ARM GAS  /tmp/cczpKMPG.s 			page 159


 6832              	.L439:
1045:Core/Src/ui/screens.c ****     _out_row  = 0;
 6833              		.loc 1 1045 15 discriminator 3 view .LVU1129
 6834 0006 044B     		ldr	r3, .L441
 6835 0008 1870     		strb	r0, [r3]
1046:Core/Src/ui/screens.c ****     _out_edit = 0;
 6836              		.loc 1 1046 5 is_stmt 1 view .LVU1130
1046:Core/Src/ui/screens.c ****     _out_edit = 0;
 6837              		.loc 1 1046 15 is_stmt 0 view .LVU1131
 6838 000a 0023     		movs	r3, #0
 6839 000c 034A     		ldr	r2, .L441+4
 6840 000e 1370     		strb	r3, [r2]
1047:Core/Src/ui/screens.c **** }
 6841              		.loc 1 1047 5 is_stmt 1 view .LVU1132
1047:Core/Src/ui/screens.c **** }
 6842              		.loc 1 1047 15 is_stmt 0 view .LVU1133
 6843 0010 034A     		ldr	r2, .L441+8
 6844 0012 1370     		strb	r3, [r2]
1048:Core/Src/ui/screens.c **** 
 6845              		.loc 1 1048 1 view .LVU1134
 6846 0014 7047     		bx	lr
 6847              	.L442:
 6848 0016 00BF     		.align	2
 6849              	.L441:
 6850 0018 00000000 		.word	_out_cur
 6851 001c 00000000 		.word	_out_row
 6852 0020 00000000 		.word	_out_edit
 6853              		.cfi_endproc
 6854              	.LFE288:
 6856              		.section	.rodata.Screen_Output_Draw.str1.4,"aMS",%progbits,1
 6857              		.align	2
 6858              	.LC103:
 6859 0000 50442073 		.ascii	"PD source ceiling - STUSB4710\000"
 6859      6F757263 
 6859      65206365 
 6859      696C696E 
 6859      67202D20 
 6860              		.section	.text.Screen_Output_Draw,"ax",%progbits
 6861              		.align	1
 6862              		.global	Screen_Output_Draw
 6863              		.syntax unified
 6864              		.thumb
 6865              		.thumb_func
 6867              	Screen_Output_Draw:
 6868              	.LFB291:
1187:Core/Src/ui/screens.c **** 
1188:Core/Src/ui/screens.c **** void Screen_Output_Draw(void)
1189:Core/Src/ui/screens.c **** {
 6869              		.loc 1 1189 1 is_stmt 1 view -0
 6870              		.cfi_startproc
 6871              		@ args = 0, pretend = 0, frame = 0
 6872              		@ frame_needed = 0, uses_anonymous_args = 0
 6873 0000 10B5     		push	{r4, lr}
 6874              	.LCFI120:
 6875              		.cfi_def_cfa_offset 8
 6876              		.cfi_offset 4, -8
 6877              		.cfi_offset 14, -4
ARM GAS  /tmp/cczpKMPG.s 			page 160


 6878 0002 82B0     		sub	sp, sp, #8
 6879              	.LCFI121:
 6880              		.cfi_def_cfa_offset 16
1190:Core/Src/ui/screens.c ****     ILI9341_FillScreen(COLOR_BG);
 6881              		.loc 1 1190 5 view .LVU1136
 6882 0004 40F64100 		movw	r0, #2113
 6883 0008 FFF7FEFF 		bl	ILI9341_FillScreen
 6884              	.LVL478:
1191:Core/Src/ui/screens.c ****     draw_header(_out_ch[_out_cur].title);
 6885              		.loc 1 1191 5 view .LVU1137
 6886 000c 0D4C     		ldr	r4, .L447
 6887 000e 2378     		ldrb	r3, [r4]	@ zero_extendqisi2
 6888 0010 03EB4303 		add	r3, r3, r3, lsl #1
 6889 0014 0C4A     		ldr	r2, .L447+4
 6890 0016 52F83300 		ldr	r0, [r2, r3, lsl #3]
 6891 001a FFF7FEFF 		bl	draw_header
 6892              	.LVL479:
1192:Core/Src/ui/screens.c **** 
1193:Core/Src/ui/screens.c ****     if (_out_cur != 0)
 6893              		.loc 1 1193 5 view .LVU1138
 6894              		.loc 1 1193 18 is_stmt 0 view .LVU1139
 6895 001e 2378     		ldrb	r3, [r4]	@ zero_extendqisi2
 6896              		.loc 1 1193 8 view .LVU1140
 6897 0020 1BB9     		cbnz	r3, .L446
 6898              	.L444:
1194:Core/Src/ui/screens.c ****         GFX_DrawString(10, CONTENT_Y - 8, "PD source ceiling - STUSB4710",
1195:Core/Src/ui/screens.c ****                        &GFX_FontSmall, COLOR_GRAY, COLOR_BG);
1196:Core/Src/ui/screens.c **** 
1197:Core/Src/ui/screens.c ****     out_draw_rows();
 6899              		.loc 1 1197 5 is_stmt 1 view .LVU1141
 6900 0022 FFF7FEFF 		bl	out_draw_rows
 6901              	.LVL480:
1198:Core/Src/ui/screens.c **** }
 6902              		.loc 1 1198 1 is_stmt 0 view .LVU1142
 6903 0026 02B0     		add	sp, sp, #8
 6904              	.LCFI122:
 6905              		.cfi_remember_state
 6906              		.cfi_def_cfa_offset 8
 6907              		@ sp needed
 6908 0028 10BD     		pop	{r4, pc}
 6909              	.L446:
 6910              	.LCFI123:
 6911              		.cfi_restore_state
1194:Core/Src/ui/screens.c ****         GFX_DrawString(10, CONTENT_Y - 8, "PD source ceiling - STUSB4710",
 6912              		.loc 1 1194 9 is_stmt 1 view .LVU1143
 6913 002a 40F64103 		movw	r3, #2113
 6914 002e 0193     		str	r3, [sp, #4]
 6915 0030 48F21043 		movw	r3, #33808
 6916 0034 0093     		str	r3, [sp]
 6917 0036 054B     		ldr	r3, .L447+8
 6918 0038 054A     		ldr	r2, .L447+12
 6919 003a 1621     		movs	r1, #22
 6920 003c 0A20     		movs	r0, #10
 6921 003e FFF7FEFF 		bl	GFX_DrawString
 6922              	.LVL481:
 6923 0042 EEE7     		b	.L444
 6924              	.L448:
ARM GAS  /tmp/cczpKMPG.s 			page 161


 6925              		.align	2
 6926              	.L447:
 6927 0044 00000000 		.word	_out_cur
 6928 0048 00000000 		.word	_out_ch
 6929 004c 00000000 		.word	GFX_FontSmall
 6930 0050 00000000 		.word	.LC103
 6931              		.cfi_endproc
 6932              	.LFE291:
 6934              		.section	.text.Screen_Output_Update,"ax",%progbits
 6935              		.align	1
 6936              		.global	Screen_Output_Update
 6937              		.syntax unified
 6938              		.thumb
 6939              		.thumb_func
 6941              	Screen_Output_Update:
 6942              	.LFB292:
1199:Core/Src/ui/screens.c **** 
1200:Core/Src/ui/screens.c **** void Screen_Output_Update(void)
1201:Core/Src/ui/screens.c **** {
 6943              		.loc 1 1201 1 view -0
 6944              		.cfi_startproc
 6945              		@ args = 0, pretend = 0, frame = 0
 6946              		@ frame_needed = 0, uses_anonymous_args = 0
 6947 0000 08B5     		push	{r3, lr}
 6948              	.LCFI124:
 6949              		.cfi_def_cfa_offset 8
 6950              		.cfi_offset 3, -8
 6951              		.cfi_offset 14, -4
1202:Core/Src/ui/screens.c ****     /* periodic refresh of live numbers (Lab page only) */
1203:Core/Src/ui/screens.c ****     if (_out_cur == 0) lab_bench_render();
 6952              		.loc 1 1203 5 view .LVU1145
 6953              		.loc 1 1203 18 is_stmt 0 view .LVU1146
 6954 0002 034B     		ldr	r3, .L453
 6955 0004 1B78     		ldrb	r3, [r3]	@ zero_extendqisi2
 6956              		.loc 1 1203 8 view .LVU1147
 6957 0006 03B1     		cbz	r3, .L452
 6958              	.L449:
1204:Core/Src/ui/screens.c **** }
 6959              		.loc 1 1204 1 view .LVU1148
 6960 0008 08BD     		pop	{r3, pc}
 6961              	.L452:
1203:Core/Src/ui/screens.c **** }
 6962              		.loc 1 1203 24 is_stmt 1 discriminator 1 view .LVU1149
 6963 000a FFF7FEFF 		bl	lab_bench_render
 6964              	.LVL482:
 6965              		.loc 1 1204 1 is_stmt 0 view .LVU1150
 6966 000e FBE7     		b	.L449
 6967              	.L454:
 6968              		.align	2
 6969              	.L453:
 6970 0010 00000000 		.word	_out_cur
 6971              		.cfi_endproc
 6972              	.LFE292:
 6974              		.section	.text.Screen_Output_OnRotate,"ax",%progbits
 6975              		.align	1
 6976              		.global	Screen_Output_OnRotate
 6977              		.syntax unified
ARM GAS  /tmp/cczpKMPG.s 			page 162


 6978              		.thumb
 6979              		.thumb_func
 6981              	Screen_Output_OnRotate:
 6982              	.LVL483:
 6983              	.LFB293:
1205:Core/Src/ui/screens.c **** 
1206:Core/Src/ui/screens.c **** void Screen_Output_OnRotate(int8_t delta)
1207:Core/Src/ui/screens.c **** {
 6984              		.loc 1 1207 1 is_stmt 1 view -0
 6985              		.cfi_startproc
 6986              		@ args = 0, pretend = 0, frame = 0
 6987              		@ frame_needed = 0, uses_anonymous_args = 0
 6988              		.loc 1 1207 1 is_stmt 0 view .LVU1152
 6989 0000 08B5     		push	{r3, lr}
 6990              	.LCFI125:
 6991              		.cfi_def_cfa_offset 8
 6992              		.cfi_offset 3, -8
 6993              		.cfi_offset 14, -4
1208:Core/Src/ui/screens.c ****     OutputChannel_t *ch = &_out_ch[_out_cur];
 6994              		.loc 1 1208 5 is_stmt 1 view .LVU1153
 6995              		.loc 1 1208 35 is_stmt 0 view .LVU1154
 6996 0002 414B     		ldr	r3, .L476
 6997 0004 1B78     		ldrb	r3, [r3]	@ zero_extendqisi2
 6998              	.LVL484:
1209:Core/Src/ui/screens.c **** 
1210:Core/Src/ui/screens.c ****     if (_out_edit) {
 6999              		.loc 1 1210 5 is_stmt 1 view .LVU1155
 7000              		.loc 1 1210 9 is_stmt 0 view .LVU1156
 7001 0006 414A     		ldr	r2, .L476+4
 7002 0008 1278     		ldrb	r2, [r2]	@ zero_extendqisi2
 7003              		.loc 1 1210 8 view .LVU1157
 7004 000a 002A     		cmp	r2, #0
 7005 000c 68D0     		beq	.L456
 7006              	.LBB30:
1211:Core/Src/ui/screens.c ****         /* speed boost: spin fast (big delta) -> step x5 */
1212:Core/Src/ui/screens.c ****         int16_t d = delta;
 7007              		.loc 1 1212 9 is_stmt 1 view .LVU1158
 7008              		.loc 1 1212 17 is_stmt 0 view .LVU1159
 7009 000e 8446     		mov	ip, r0
 7010              	.LVL485:
1213:Core/Src/ui/screens.c ****         if (d >= 3 || d <= -3) d *= 5;
 7011              		.loc 1 1213 9 is_stmt 1 view .LVU1160
 7012              		.loc 1 1213 20 is_stmt 0 view .LVU1161
 7013 0010 82B2     		uxth	r2, r0
 7014 0012 911C     		adds	r1, r2, #2
 7015 0014 89B2     		uxth	r1, r1
 7016              		.loc 1 1213 12 view .LVU1162
 7017 0016 0429     		cmp	r1, #4
 7018 0018 03D9     		bls	.L457
 7019              		.loc 1 1213 32 is_stmt 1 discriminator 1 view .LVU1163
 7020              		.loc 1 1213 34 is_stmt 0 discriminator 1 view .LVU1164
 7021 001a 02EB8202 		add	r2, r2, r2, lsl #2
 7022 001e 0FFA82FC 		sxth	ip, r2
 7023              	.LVL486:
 7024              	.L457:
1214:Core/Src/ui/screens.c **** 
1215:Core/Src/ui/screens.c ****         if (_out_row == 2) {   /* current limit, same buck feeds both channels */
ARM GAS  /tmp/cczpKMPG.s 			page 163


 7025              		.loc 1 1215 9 is_stmt 1 view .LVU1165
 7026              		.loc 1 1215 22 is_stmt 0 view .LVU1166
 7027 0022 3B4A     		ldr	r2, .L476+8
 7028 0024 1278     		ldrb	r2, [r2]	@ zero_extendqisi2
 7029              		.loc 1 1215 12 view .LVU1167
 7030 0026 022A     		cmp	r2, #2
 7031 0028 14D0     		beq	.L475
1216:Core/Src/ui/screens.c ****             int32_t v = (int32_t)ch->ilim_ma + d * ILIM_STEP_MA;
1217:Core/Src/ui/screens.c ****             if (v < ILIM_MIN_MA) v = ILIM_MIN_MA;
1218:Core/Src/ui/screens.c ****             if (v > ILIM_MAX_MA) v = ILIM_MAX_MA;
1219:Core/Src/ui/screens.c ****             ch->ilim_ma = (uint16_t)v;
1220:Core/Src/ui/screens.c ****         }
1221:Core/Src/ui/screens.c ****         else if (_out_cur == 0) {   /* Lab: continuous 3-20 V, 0.1 V steps */
 7032              		.loc 1 1221 14 is_stmt 1 view .LVU1168
 7033              		.loc 1 1221 17 is_stmt 0 view .LVU1169
 7034 002a B3BB     		cbnz	r3, .L461
 7035              	.LBB31:
1222:Core/Src/ui/screens.c ****             int32_t v = (int32_t)ch->voltage_mv + d * LAB_V_STEP;
 7036              		.loc 1 1222 13 is_stmt 1 view .LVU1170
 7037              		.loc 1 1222 36 is_stmt 0 view .LVU1171
 7038 002c 03EB4301 		add	r1, r3, r3, lsl #1
 7039 0030 384A     		ldr	r2, .L476+12
 7040 0032 02EBC102 		add	r2, r2, r1, lsl #3
 7041 0036 128A     		ldrh	r2, [r2, #16]
 7042              		.loc 1 1222 21 view .LVU1172
 7043 0038 6421     		movs	r1, #100
 7044 003a 01FB0C22 		mla	r2, r1, ip, r2
 7045              	.LVL487:
1223:Core/Src/ui/screens.c ****             if (v < LAB_V_MIN) v = LAB_V_MIN;
 7046              		.loc 1 1223 13 is_stmt 1 view .LVU1173
 7047              		.loc 1 1223 16 is_stmt 0 view .LVU1174
 7048 003e 40F6B731 		movw	r1, #2999
 7049 0042 8A42     		cmp	r2, r1
 7050 0044 20DD     		ble	.L468
1224:Core/Src/ui/screens.c ****             if (v > LAB_V_MAX) v = LAB_V_MAX;
 7051              		.loc 1 1224 13 is_stmt 1 view .LVU1175
 7052              		.loc 1 1224 16 is_stmt 0 view .LVU1176
 7053 0046 44F62061 		movw	r1, #20000
 7054 004a 8A42     		cmp	r2, r1
 7055 004c 1EDD     		ble	.L462
 7056              		.loc 1 1224 34 discriminator 1 view .LVU1177
 7057 004e 44F62062 		movw	r2, #20000
 7058              	.LVL488:
 7059              		.loc 1 1224 34 discriminator 1 view .LVU1178
 7060 0052 1BE0     		b	.L462
 7061              	.LVL489:
 7062              	.L475:
 7063              		.loc 1 1224 34 discriminator 1 view .LVU1179
 7064              	.LBE31:
 7065              	.LBB32:
1216:Core/Src/ui/screens.c ****             if (v < ILIM_MIN_MA) v = ILIM_MIN_MA;
 7066              		.loc 1 1216 13 is_stmt 1 view .LVU1180
1216:Core/Src/ui/screens.c ****             if (v < ILIM_MIN_MA) v = ILIM_MIN_MA;
 7067              		.loc 1 1216 36 is_stmt 0 view .LVU1181
 7068 0054 03EB4301 		add	r1, r3, r3, lsl #1
 7069 0058 2E4A     		ldr	r2, .L476+12
 7070 005a 02EBC102 		add	r2, r2, r1, lsl #3
ARM GAS  /tmp/cczpKMPG.s 			page 164


 7071 005e 528A     		ldrh	r2, [r2, #18]
1216:Core/Src/ui/screens.c ****             if (v < ILIM_MIN_MA) v = ILIM_MIN_MA;
 7072              		.loc 1 1216 21 view .LVU1182
 7073 0060 6421     		movs	r1, #100
 7074 0062 01FB0C22 		mla	r2, r1, ip, r2
 7075              	.LVL490:
1217:Core/Src/ui/screens.c ****             if (v > ILIM_MAX_MA) v = ILIM_MAX_MA;
 7076              		.loc 1 1217 13 is_stmt 1 view .LVU1183
1217:Core/Src/ui/screens.c ****             if (v > ILIM_MAX_MA) v = ILIM_MAX_MA;
 7077              		.loc 1 1217 16 is_stmt 0 view .LVU1184
 7078 0066 632A     		cmp	r2, #99
 7079 0068 06DD     		ble	.L466
1218:Core/Src/ui/screens.c ****             ch->ilim_ma = (uint16_t)v;
 7080              		.loc 1 1218 13 is_stmt 1 view .LVU1185
1218:Core/Src/ui/screens.c ****             ch->ilim_ma = (uint16_t)v;
 7081              		.loc 1 1218 16 is_stmt 0 view .LVU1186
 7082 006a 40F6B831 		movw	r1, #3000
 7083 006e 8A42     		cmp	r2, r1
 7084 0070 03DD     		ble	.L459
1218:Core/Src/ui/screens.c ****             ch->ilim_ma = (uint16_t)v;
 7085              		.loc 1 1218 36 discriminator 1 view .LVU1187
 7086 0072 40F6B832 		movw	r2, #3000
 7087              	.LVL491:
1218:Core/Src/ui/screens.c ****             ch->ilim_ma = (uint16_t)v;
 7088              		.loc 1 1218 36 discriminator 1 view .LVU1188
 7089 0076 00E0     		b	.L459
 7090              	.LVL492:
 7091              	.L466:
1217:Core/Src/ui/screens.c ****             if (v > ILIM_MAX_MA) v = ILIM_MAX_MA;
 7092              		.loc 1 1217 36 discriminator 1 view .LVU1189
 7093 0078 6422     		movs	r2, #100
 7094              	.LVL493:
 7095              	.L459:
1219:Core/Src/ui/screens.c ****         }
 7096              		.loc 1 1219 13 is_stmt 1 view .LVU1190
1219:Core/Src/ui/screens.c ****         }
 7097              		.loc 1 1219 25 is_stmt 0 view .LVU1191
 7098 007a 03EB4303 		add	r3, r3, r3, lsl #1
 7099              	.LVL494:
1219:Core/Src/ui/screens.c ****         }
 7100              		.loc 1 1219 25 view .LVU1192
 7101 007e 2549     		ldr	r1, .L476+12
 7102 0080 01EBC303 		add	r3, r1, r3, lsl #3
 7103 0084 5A82     		strh	r2, [r3, #18]	@ movhi
 7104 0086 3AE0     		b	.L460
 7105              	.LVL495:
 7106              	.L468:
1219:Core/Src/ui/screens.c ****         }
 7107              		.loc 1 1219 25 view .LVU1193
 7108              	.LBE32:
 7109              	.LBB33:
1223:Core/Src/ui/screens.c ****             if (v > LAB_V_MAX) v = LAB_V_MAX;
 7110              		.loc 1 1223 34 discriminator 1 view .LVU1194
 7111 0088 40F6B832 		movw	r2, #3000
 7112              	.LVL496:
 7113              	.L462:
1225:Core/Src/ui/screens.c ****             ch->voltage_mv = (uint16_t)v;
ARM GAS  /tmp/cczpKMPG.s 			page 165


 7114              		.loc 1 1225 13 is_stmt 1 view .LVU1195
 7115              		.loc 1 1225 28 is_stmt 0 view .LVU1196
 7116 008c 03EB4303 		add	r3, r3, r3, lsl #1
 7117              	.LVL497:
 7118              		.loc 1 1225 28 view .LVU1197
 7119 0090 2049     		ldr	r1, .L476+12
 7120 0092 01EBC303 		add	r3, r1, r3, lsl #3
 7121 0096 1A82     		strh	r2, [r3, #16]	@ movhi
 7122 0098 31E0     		b	.L460
 7123              	.LVL498:
 7124              	.L461:
 7125              		.loc 1 1225 28 view .LVU1198
 7126              	.LBE33:
 7127              	.LBB34:
1226:Core/Src/ui/screens.c ****         } else {               /* C2: discrete PDO steps */
1227:Core/Src/ui/screens.c ****             int8_t i = (int8_t)ch->pdo_idx + (delta > 0 ? 1 : -1);
 7128              		.loc 1 1227 13 is_stmt 1 view .LVU1199
 7129              		.loc 1 1227 34 is_stmt 0 view .LVU1200
 7130 009a 03EB4301 		add	r1, r3, r3, lsl #1
 7131 009e 1D4A     		ldr	r2, .L476+12
 7132 00a0 02EBC102 		add	r2, r2, r1, lsl #3
 7133 00a4 127D     		ldrb	r2, [r2, #20]	@ zero_extendqisi2
 7134              		.loc 1 1227 44 view .LVU1201
 7135 00a6 0028     		cmp	r0, #0
 7136 00a8 08DD     		ble	.L470
 7137              		.loc 1 1227 44 discriminator 1 view .LVU1202
 7138 00aa 0121     		movs	r1, #1
 7139              	.L463:
 7140              		.loc 1 1227 44 discriminator 3 view .LVU1203
 7141 00ac 0A44     		add	r2, r2, r1
 7142              		.loc 1 1227 20 discriminator 3 view .LVU1204
 7143 00ae 52B2     		sxtb	r2, r2
 7144              	.LVL499:
1228:Core/Src/ui/screens.c ****             if (i < 0) i = 0;
 7145              		.loc 1 1228 13 is_stmt 1 view .LVU1205
 7146              		.loc 1 1228 16 is_stmt 0 view .LVU1206
 7147 00b0 002A     		cmp	r2, #0
 7148 00b2 05DB     		blt	.L471
1229:Core/Src/ui/screens.c ****             if (i >= (int8_t)C2_PDO_COUNT) i = C2_PDO_COUNT - 1;
 7149              		.loc 1 1229 13 is_stmt 1 view .LVU1207
 7150              		.loc 1 1229 16 is_stmt 0 view .LVU1208
 7151 00b4 042A     		cmp	r2, #4
 7152 00b6 04DD     		ble	.L464
 7153              		.loc 1 1229 46 discriminator 1 view .LVU1209
 7154 00b8 0422     		movs	r2, #4
 7155              	.LVL500:
 7156              		.loc 1 1229 46 discriminator 1 view .LVU1210
 7157 00ba 02E0     		b	.L464
 7158              	.LVL501:
 7159              	.L470:
1227:Core/Src/ui/screens.c ****             if (i < 0) i = 0;
 7160              		.loc 1 1227 44 discriminator 2 view .LVU1211
 7161 00bc FF21     		movs	r1, #255
 7162 00be F5E7     		b	.L463
 7163              	.LVL502:
 7164              	.L471:
1228:Core/Src/ui/screens.c ****             if (i < 0) i = 0;
ARM GAS  /tmp/cczpKMPG.s 			page 166


 7165              		.loc 1 1228 26 discriminator 1 view .LVU1212
 7166 00c0 0022     		movs	r2, #0
 7167              	.LVL503:
 7168              	.L464:
1230:Core/Src/ui/screens.c ****             ch->pdo_idx = (uint8_t)i;
 7169              		.loc 1 1230 13 is_stmt 1 view .LVU1213
 7170              		.loc 1 1230 25 is_stmt 0 view .LVU1214
 7171 00c2 1449     		ldr	r1, .L476+12
 7172 00c4 03EB4300 		add	r0, r3, r3, lsl #1
 7173              	.LVL504:
 7174              		.loc 1 1230 25 view .LVU1215
 7175 00c8 01EBC000 		add	r0, r1, r0, lsl #3
 7176 00cc 0275     		strb	r2, [r0, #20]
1231:Core/Src/ui/screens.c ****             ch->voltage_mv = _c2_pdo_mv[i];
 7177              		.loc 1 1231 13 is_stmt 1 view .LVU1216
 7178              		.loc 1 1231 40 is_stmt 0 view .LVU1217
 7179 00ce 1248     		ldr	r0, .L476+16
 7180 00d0 30F81220 		ldrh	r2, [r0, r2, lsl #1]
 7181              	.LVL505:
 7182              		.loc 1 1231 28 view .LVU1218
 7183 00d4 03EB4303 		add	r3, r3, r3, lsl #1
 7184              	.LVL506:
 7185              		.loc 1 1231 28 view .LVU1219
 7186 00d8 01EBC301 		add	r1, r1, r3, lsl #3
 7187              	.LVL507:
 7188              		.loc 1 1231 28 view .LVU1220
 7189 00dc 0A82     		strh	r2, [r1, #16]	@ movhi
 7190 00de 0EE0     		b	.L460
 7191              	.LVL508:
 7192              	.L456:
 7193              		.loc 1 1231 28 view .LVU1221
 7194              	.LBE34:
 7195              	.LBE30:
1232:Core/Src/ui/screens.c ****         }
1233:Core/Src/ui/screens.c ****     } else {
1234:Core/Src/ui/screens.c ****         _out_row = (uint8_t)((_out_row + (delta > 0 ? 1 : OUT_ROWS - 1)) % OUT_ROWS);
 7196              		.loc 1 1234 9 is_stmt 1 view .LVU1222
 7197              		.loc 1 1234 40 is_stmt 0 view .LVU1223
 7198 00e0 0B4B     		ldr	r3, .L476+8
 7199              	.LVL509:
 7200              		.loc 1 1234 40 view .LVU1224
 7201 00e2 1B78     		ldrb	r3, [r3]	@ zero_extendqisi2
 7202              		.loc 1 1234 57 view .LVU1225
 7203 00e4 9042     		cmp	r0, r2
 7204 00e6 0DDD     		ble	.L473
 7205              		.loc 1 1234 57 discriminator 1 view .LVU1226
 7206 00e8 0122     		movs	r2, #1
 7207              	.L465:
 7208              		.loc 1 1234 40 discriminator 3 view .LVU1227
 7209 00ea 1344     		add	r3, r3, r2
 7210              		.loc 1 1234 74 discriminator 3 view .LVU1228
 7211 00ec 5A42     		rsbs	r2, r3, #0
 7212 00ee 03F00303 		and	r3, r3, #3
 7213 00f2 02F00302 		and	r2, r2, #3
 7214 00f6 58BF     		it	pl
 7215 00f8 5342     		rsbpl	r3, r2, #0
 7216              		.loc 1 1234 18 discriminator 3 view .LVU1229
ARM GAS  /tmp/cczpKMPG.s 			page 167


 7217 00fa 054A     		ldr	r2, .L476+8
 7218 00fc 1370     		strb	r3, [r2]
 7219              	.LVL510:
 7220              	.L460:
1235:Core/Src/ui/screens.c ****     }
1236:Core/Src/ui/screens.c ****     out_draw_rows();
 7221              		.loc 1 1236 5 is_stmt 1 view .LVU1230
 7222 00fe FFF7FEFF 		bl	out_draw_rows
 7223              	.LVL511:
1237:Core/Src/ui/screens.c **** }
 7224              		.loc 1 1237 1 is_stmt 0 view .LVU1231
 7225 0102 08BD     		pop	{r3, pc}
 7226              	.LVL512:
 7227              	.L473:
1234:Core/Src/ui/screens.c ****     }
 7228              		.loc 1 1234 57 discriminator 2 view .LVU1232
 7229 0104 0322     		movs	r2, #3
 7230 0106 F0E7     		b	.L465
 7231              	.L477:
 7232              		.align	2
 7233              	.L476:
 7234 0108 00000000 		.word	_out_cur
 7235 010c 00000000 		.word	_out_edit
 7236 0110 00000000 		.word	_out_row
 7237 0114 00000000 		.word	_out_ch
 7238 0118 00000000 		.word	_c2_pdo_mv
 7239              		.cfi_endproc
 7240              	.LFE293:
 7242              		.section	.text.Screen_Output_OnPress,"ax",%progbits
 7243              		.align	1
 7244              		.global	Screen_Output_OnPress
 7245              		.syntax unified
 7246              		.thumb
 7247              		.thumb_func
 7249              	Screen_Output_OnPress:
 7250              	.LFB294:
1238:Core/Src/ui/screens.c **** 
1239:Core/Src/ui/screens.c **** void Screen_Output_OnPress(void)
1240:Core/Src/ui/screens.c **** {
 7251              		.loc 1 1240 1 is_stmt 1 view -0
 7252              		.cfi_startproc
 7253              		@ args = 0, pretend = 0, frame = 0
 7254              		@ frame_needed = 0, uses_anonymous_args = 0
 7255 0000 08B5     		push	{r3, lr}
 7256              	.LCFI126:
 7257              		.cfi_def_cfa_offset 8
 7258              		.cfi_offset 3, -8
 7259              		.cfi_offset 14, -4
1241:Core/Src/ui/screens.c ****     OutputChannel_t *ch = &_out_ch[_out_cur];
 7260              		.loc 1 1241 5 view .LVU1234
 7261              		.loc 1 1241 35 is_stmt 0 view .LVU1235
 7262 0002 174B     		ldr	r3, .L487
 7263 0004 1878     		ldrb	r0, [r3]	@ zero_extendqisi2
 7264              	.LVL513:
1242:Core/Src/ui/screens.c **** 
1243:Core/Src/ui/screens.c ****     if (_out_edit) {                 /* confirm value */
 7265              		.loc 1 1243 5 is_stmt 1 view .LVU1236
ARM GAS  /tmp/cczpKMPG.s 			page 168


 7266              		.loc 1 1243 9 is_stmt 0 view .LVU1237
 7267 0006 174B     		ldr	r3, .L487+4
 7268 0008 1B78     		ldrb	r3, [r3]	@ zero_extendqisi2
 7269              		.loc 1 1243 8 view .LVU1238
 7270 000a BBB9     		cbnz	r3, .L486
1244:Core/Src/ui/screens.c ****         _out_edit = 0;
1245:Core/Src/ui/screens.c ****         /* TODO hardware: Charge_SetLabVoltage(ch->voltage_mv) /
1246:Core/Src/ui/screens.c ****          *                Charge_SetC2MaxPDO(ch->pdo_idx) /
1247:Core/Src/ui/screens.c ****          *                Charge_SetIlim(ch->ilim_ma) -> STPD01 reg ILIM 0x01 */
1248:Core/Src/ui/screens.c ****         out_draw_rows();
1249:Core/Src/ui/screens.c ****         return;
1250:Core/Src/ui/screens.c ****     }
1251:Core/Src/ui/screens.c ****     switch (_out_row) {
 7271              		.loc 1 1251 5 is_stmt 1 view .LVU1239
 7272 000c 164B     		ldr	r3, .L487+8
 7273 000e 1B78     		ldrb	r3, [r3]	@ zero_extendqisi2
 7274 0010 022B     		cmp	r3, #2
 7275 0012 19D8     		bhi	.L481
 7276 0014 F3B9     		cbnz	r3, .L482
 7277 0016 B3B9     		cbnz	r3, .L478
1252:Core/Src/ui/screens.c ****         case 0:                      /* toggle enable (with interlock) */
1253:Core/Src/ui/screens.c ****             ch->enabled ^= 1;
 7278              		.loc 1 1253 13 view .LVU1240
 7279              		.loc 1 1253 15 is_stmt 0 view .LVU1241
 7280 0018 144B     		ldr	r3, .L487+12
 7281 001a 00EB4002 		add	r2, r0, r0, lsl #1
 7282 001e 03EBC202 		add	r2, r3, r2, lsl #3
 7283 0022 927B     		ldrb	r2, [r2, #14]	@ zero_extendqisi2
 7284              		.loc 1 1253 25 view .LVU1242
 7285 0024 00EB4001 		add	r1, r0, r0, lsl #1
 7286 0028 03EBC103 		add	r3, r3, r1, lsl #3
 7287 002c 82F00102 		eor	r2, r2, #1
 7288 0030 9A73     		strb	r2, [r3, #14]
1254:Core/Src/ui/screens.c ****             out_apply_enable(_out_cur);
 7289              		.loc 1 1254 13 is_stmt 1 view .LVU1243
 7290 0032 FFF7FEFF 		bl	out_apply_enable
 7291              	.LVL514:
1255:Core/Src/ui/screens.c ****             Screen_Output_Draw();    /* full redraw: header state may change */
 7292              		.loc 1 1255 13 view .LVU1244
 7293 0036 FFF7FEFF 		bl	Screen_Output_Draw
 7294              	.LVL515:
1256:Core/Src/ui/screens.c ****             break;
 7295              		.loc 1 1256 13 view .LVU1245
 7296 003a 04E0     		b	.L478
 7297              	.LVL516:
 7298              	.L486:
1244:Core/Src/ui/screens.c ****         /* TODO hardware: Charge_SetLabVoltage(ch->voltage_mv) /
 7299              		.loc 1 1244 9 view .LVU1246
1244:Core/Src/ui/screens.c ****         /* TODO hardware: Charge_SetLabVoltage(ch->voltage_mv) /
 7300              		.loc 1 1244 19 is_stmt 0 view .LVU1247
 7301 003c 094B     		ldr	r3, .L487+4
 7302 003e 0022     		movs	r2, #0
 7303 0040 1A70     		strb	r2, [r3]
1248:Core/Src/ui/screens.c ****         return;
 7304              		.loc 1 1248 9 is_stmt 1 view .LVU1248
 7305 0042 FFF7FEFF 		bl	out_draw_rows
 7306              	.LVL517:
ARM GAS  /tmp/cczpKMPG.s 			page 169


1249:Core/Src/ui/screens.c ****     }
 7307              		.loc 1 1249 9 view .LVU1249
 7308              	.L478:
1257:Core/Src/ui/screens.c ****         case 1:                      /* edit voltage */
1258:Core/Src/ui/screens.c ****         case 2:                      /* edit current limit */
1259:Core/Src/ui/screens.c ****             _out_edit = 1;
1260:Core/Src/ui/screens.c ****             out_draw_rows();
1261:Core/Src/ui/screens.c ****             break;
1262:Core/Src/ui/screens.c ****         case 3:                      /* back to settings */
1263:Core/Src/ui/screens.c ****             UI_NavigateTo(UI_SCREEN_SETTINGS);
1264:Core/Src/ui/screens.c ****             break;
1265:Core/Src/ui/screens.c ****     }
1266:Core/Src/ui/screens.c **** }
 7309              		.loc 1 1266 1 is_stmt 0 view .LVU1250
 7310 0046 08BD     		pop	{r3, pc}
 7311              	.LVL518:
 7312              	.L481:
1251:Core/Src/ui/screens.c ****         case 0:                      /* toggle enable (with interlock) */
 7313              		.loc 1 1251 5 view .LVU1251
 7314 0048 032B     		cmp	r3, #3
 7315 004a FCD1     		bne	.L478
1263:Core/Src/ui/screens.c ****             break;
 7316              		.loc 1 1263 13 is_stmt 1 view .LVU1252
 7317 004c 0620     		movs	r0, #6
 7318              	.LVL519:
1263:Core/Src/ui/screens.c ****             break;
 7319              		.loc 1 1263 13 is_stmt 0 view .LVU1253
 7320 004e FFF7FEFF 		bl	UI_NavigateTo
 7321              	.LVL520:
1264:Core/Src/ui/screens.c ****     }
 7322              		.loc 1 1264 13 is_stmt 1 view .LVU1254
 7323 0052 F8E7     		b	.L478
 7324              	.LVL521:
 7325              	.L482:
1259:Core/Src/ui/screens.c ****             out_draw_rows();
 7326              		.loc 1 1259 13 view .LVU1255
1259:Core/Src/ui/screens.c ****             out_draw_rows();
 7327              		.loc 1 1259 23 is_stmt 0 view .LVU1256
 7328 0054 034B     		ldr	r3, .L487+4
 7329 0056 0122     		movs	r2, #1
 7330 0058 1A70     		strb	r2, [r3]
1260:Core/Src/ui/screens.c ****             break;
 7331              		.loc 1 1260 13 is_stmt 1 view .LVU1257
 7332 005a FFF7FEFF 		bl	out_draw_rows
 7333              	.LVL522:
1261:Core/Src/ui/screens.c ****         case 3:                      /* back to settings */
 7334              		.loc 1 1261 13 view .LVU1258
 7335 005e F2E7     		b	.L478
 7336              	.L488:
 7337              		.align	2
 7338              	.L487:
 7339 0060 00000000 		.word	_out_cur
 7340 0064 00000000 		.word	_out_edit
 7341 0068 00000000 		.word	_out_row
 7342 006c 00000000 		.word	_out_ch
 7343              		.cfi_endproc
 7344              	.LFE294:
ARM GAS  /tmp/cczpKMPG.s 			page 170


 7346              		.section	.text.Screen_Settings_LockAll,"ax",%progbits
 7347              		.align	1
 7348              		.global	Screen_Settings_LockAll
 7349              		.syntax unified
 7350              		.thumb
 7351              		.thumb_func
 7353              	Screen_Settings_LockAll:
 7354              	.LVL523:
 7355              	.LFB295:
1267:Core/Src/ui/screens.c **** #define SETTINGS_NUM_ROWS  (sizeof(_settings_rows) / sizeof(_settings_rows[0]))
1268:Core/Src/ui/screens.c **** 
1269:Core/Src/ui/screens.c **** #define SET_LIST_ROW_H      28
1270:Core/Src/ui/screens.c **** #define SET_LIST_START      (CONTENT_Y + 6)
1271:Core/Src/ui/screens.c **** 
1272:Core/Src/ui/screens.c **** static uint8_t _lock_all = 0;
1273:Core/Src/ui/screens.c **** 
1274:Core/Src/ui/screens.c **** void Screen_Settings_LockAll(uint8_t on)
1275:Core/Src/ui/screens.c **** {
 7356              		.loc 1 1275 1 view -0
 7357              		.cfi_startproc
 7358              		@ args = 0, pretend = 0, frame = 0
 7359              		@ frame_needed = 0, uses_anonymous_args = 0
1276:Core/Src/ui/screens.c ****     _lock_all = on;
 7360              		.loc 1 1276 5 view .LVU1260
 7361              		.loc 1 1276 15 is_stmt 0 view .LVU1261
 7362 0000 144B     		ldr	r3, .L499
 7363 0002 1870     		strb	r0, [r3]
1277:Core/Src/ui/screens.c ****     if (!on) return;
 7364              		.loc 1 1277 5 is_stmt 1 view .LVU1262
 7365              		.loc 1 1277 8 is_stmt 0 view .LVU1263
 7366 0004 28B3     		cbz	r0, .L496
1275:Core/Src/ui/screens.c ****     _lock_all = on;
 7367              		.loc 1 1275 1 view .LVU1264
 7368 0006 10B5     		push	{r4, lr}
 7369              	.LCFI127:
 7370              		.cfi_def_cfa_offset 8
 7371              		.cfi_offset 4, -8
 7372              		.cfi_offset 14, -4
 7373              	.LBB35:
1278:Core/Src/ui/screens.c ****     /* close every output except primary USB-C (C1). C1 sacred. */
1279:Core/Src/ui/screens.c ****     for (uint8_t i = 0; i < 2; i++) {           /* A1, A2 */
 7374              		.loc 1 1279 18 view .LVU1265
 7375 0008 0024     		movs	r4, #0
 7376 000a 0DE0     		b	.L491
 7377              	.LVL524:
 7378              	.L492:
1280:Core/Src/ui/screens.c ****         _settings_rows[i].state = 0;
 7379              		.loc 1 1280 9 is_stmt 1 view .LVU1266
 7380              		.loc 1 1280 33 is_stmt 0 view .LVU1267
 7381 000c 124B     		ldr	r3, .L499+4
 7382 000e 04EB4401 		add	r1, r4, r4, lsl #1
 7383 0012 03EB8101 		add	r1, r3, r1, lsl #2
 7384 0016 0022     		movs	r2, #0
 7385 0018 8A72     		strb	r2, [r1, #10]
1281:Core/Src/ui/screens.c ****         HAL_GPIO_WritePin(_settings_rows[i].gpio_port,
 7386              		.loc 1 1281 9 is_stmt 1 view .LVU1268
 7387 001a 0B46     		mov	r3, r1
ARM GAS  /tmp/cczpKMPG.s 			page 171


 7388 001c 0989     		ldrh	r1, [r1, #8]
 7389 001e 5868     		ldr	r0, [r3, #4]
 7390 0020 FFF7FEFF 		bl	HAL_GPIO_WritePin
 7391              	.LVL525:
1279:Core/Src/ui/screens.c ****         _settings_rows[i].state = 0;
 7392              		.loc 1 1279 33 discriminator 1 view .LVU1269
 7393 0024 0134     		adds	r4, r4, #1
 7394              	.LVL526:
1279:Core/Src/ui/screens.c ****         _settings_rows[i].state = 0;
 7395              		.loc 1 1279 33 is_stmt 0 discriminator 1 view .LVU1270
 7396 0026 E4B2     		uxtb	r4, r4
 7397              	.LVL527:
 7398              	.L491:
1279:Core/Src/ui/screens.c ****         _settings_rows[i].state = 0;
 7399              		.loc 1 1279 27 is_stmt 1 discriminator 2 view .LVU1271
 7400 0028 012C     		cmp	r4, #1
 7401 002a EFD9     		bls	.L492
 7402              	.LBE35:
 7403              	.LBB36:
1282:Core/Src/ui/screens.c ****                           _settings_rows[i].gpio_pin, GPIO_PIN_RESET);
1283:Core/Src/ui/screens.c ****     }
1284:Core/Src/ui/screens.c ****     for (uint8_t c = 0; c < 2; c++) {           /* Lab, C2 */
 7404              		.loc 1 1284 18 is_stmt 0 view .LVU1272
 7405 002c 0024     		movs	r4, #0
 7406              	.LVL528:
 7407              		.loc 1 1284 18 view .LVU1273
 7408 002e 0DE0     		b	.L493
 7409              	.LVL529:
 7410              	.L494:
1285:Core/Src/ui/screens.c ****         _out_ch[c].enabled = 0;
 7411              		.loc 1 1285 9 is_stmt 1 view .LVU1274
 7412              		.loc 1 1285 28 is_stmt 0 view .LVU1275
 7413 0030 0A4B     		ldr	r3, .L499+8
 7414 0032 04EB4401 		add	r1, r4, r4, lsl #1
 7415 0036 03EBC101 		add	r1, r3, r1, lsl #3
 7416 003a 0022     		movs	r2, #0
 7417 003c 8A73     		strb	r2, [r1, #14]
1286:Core/Src/ui/screens.c ****         HAL_GPIO_WritePin(_out_ch[c].gpio_port, _out_ch[c].gpio_pin,
 7418              		.loc 1 1286 9 is_stmt 1 view .LVU1276
 7419 003e 0B46     		mov	r3, r1
 7420 0040 8989     		ldrh	r1, [r1, #12]
 7421 0042 9868     		ldr	r0, [r3, #8]
 7422 0044 FFF7FEFF 		bl	HAL_GPIO_WritePin
 7423              	.LVL530:
1284:Core/Src/ui/screens.c ****         _out_ch[c].enabled = 0;
 7424              		.loc 1 1284 33 discriminator 1 view .LVU1277
 7425 0048 0134     		adds	r4, r4, #1
 7426              	.LVL531:
1284:Core/Src/ui/screens.c ****         _out_ch[c].enabled = 0;
 7427              		.loc 1 1284 33 is_stmt 0 discriminator 1 view .LVU1278
 7428 004a E4B2     		uxtb	r4, r4
 7429              	.LVL532:
 7430              	.L493:
1284:Core/Src/ui/screens.c ****         _out_ch[c].enabled = 0;
 7431              		.loc 1 1284 27 is_stmt 1 discriminator 2 view .LVU1279
 7432 004c 012C     		cmp	r4, #1
 7433 004e EFD9     		bls	.L494
ARM GAS  /tmp/cczpKMPG.s 			page 172


 7434              	.LBE36:
1287:Core/Src/ui/screens.c ****                           GPIO_PIN_RESET);
1288:Core/Src/ui/screens.c ****     }
1289:Core/Src/ui/screens.c **** }
 7435              		.loc 1 1289 1 is_stmt 0 view .LVU1280
 7436 0050 10BD     		pop	{r4, pc}
 7437              	.LVL533:
 7438              	.L496:
 7439              	.LCFI128:
 7440              		.cfi_def_cfa_offset 0
 7441              		.cfi_restore 4
 7442              		.cfi_restore 14
 7443              		.loc 1 1289 1 view .LVU1281
 7444 0052 7047     		bx	lr
 7445              	.L500:
 7446              		.align	2
 7447              	.L499:
 7448 0054 00000000 		.word	_lock_all
 7449 0058 00000000 		.word	_settings_rows
 7450 005c 00000000 		.word	_out_ch
 7451              		.cfi_endproc
 7452              	.LFE295:
 7454              		.section	.text.Screen_Settings_GetLockAll,"ax",%progbits
 7455              		.align	1
 7456              		.global	Screen_Settings_GetLockAll
 7457              		.syntax unified
 7458              		.thumb
 7459              		.thumb_func
 7461              	Screen_Settings_GetLockAll:
 7462              	.LFB296:
1290:Core/Src/ui/screens.c **** 
1291:Core/Src/ui/screens.c **** uint8_t Screen_Settings_GetLockAll(void) { return _lock_all; }
 7463              		.loc 1 1291 42 is_stmt 1 view -0
 7464              		.cfi_startproc
 7465              		@ args = 0, pretend = 0, frame = 0
 7466              		@ frame_needed = 0, uses_anonymous_args = 0
 7467              		@ link register save eliminated.
 7468              		.loc 1 1291 44 view .LVU1283
 7469              		.loc 1 1291 62 is_stmt 0 view .LVU1284
 7470 0000 014B     		ldr	r3, .L502
 7471 0002 1878     		ldrb	r0, [r3]	@ zero_extendqisi2
 7472 0004 7047     		bx	lr
 7473              	.L503:
 7474 0006 00BF     		.align	2
 7475              	.L502:
 7476 0008 00000000 		.word	_lock_all
 7477              		.cfi_endproc
 7478              	.LFE296:
 7480              		.section	.rodata.Screen_Settings_Update.str1.4,"aMS",%progbits,1
 7481              		.align	2
 7482              	.LC104:
 7483 0000 45786974 		.ascii	"Exit >\000"
 7483      203E00
 7484 0007 00       		.align	2
 7485              	.LC105:
 7486 0008 252D3131 		.ascii	"%-11s %s >\000"
 7486      73202573 
ARM GAS  /tmp/cczpKMPG.s 			page 173


 7486      203E00
 7487 0013 00       		.align	2
 7488              	.LC106:
 7489 0014 4C6F636B 		.ascii	"Lock all\000"
 7489      20616C6C 
 7489      00
 7490 001d 000000   		.align	2
 7491              	.LC107:
 7492 0020 44697370 		.ascii	"Display\000"
 7492      6C617900 
 7493              		.align	2
 7494              	.LC108:
 7495 0028 252D3132 		.ascii	"%-12s %3u%% >\000"
 7495      73202533 
 7495      75252520 
 7495      3E00
 7496 0036 0000     		.align	2
 7497              	.LC109:
 7498 0038 54657374 		.ascii	"Test modes >\000"
 7498      206D6F64 
 7498      6573203E 
 7498      00
 7499              		.section	.text.Screen_Settings_Update,"ax",%progbits
 7500              		.align	1
 7501              		.global	Screen_Settings_Update
 7502              		.syntax unified
 7503              		.thumb
 7504              		.thumb_func
 7506              	Screen_Settings_Update:
 7507              	.LVL534:
 7508              	.LFB298:
1292:Core/Src/ui/screens.c **** 
1293:Core/Src/ui/screens.c **** void Screen_Settings_Draw(uint8_t selected_row)
1294:Core/Src/ui/screens.c **** {
1295:Core/Src/ui/screens.c ****     ILI9341_FillScreen(COLOR_BG);
1296:Core/Src/ui/screens.c ****     draw_header("SETTINGS");
1297:Core/Src/ui/screens.c **** 
1298:Core/Src/ui/screens.c ****     /* SETTINGS is overlay, not carousel member: hint bar
1299:Core/Src/ui/screens.c ****      * instead of navigation dots. */
1300:Core/Src/ui/screens.c ****     ILI9341_FillRect(0, FOOTER_Y, ILI9341_WIDTH, FOOTER_H, COLOR_HEADER);
1301:Core/Src/ui/screens.c ****     GFX_DrawString(10, FOOTER_Y + 11,
1302:Core/Src/ui/screens.c ****                    "PRESS=toggle/select",
1303:Core/Src/ui/screens.c ****                    &GFX_FontSmall, COLOR_GRAY, COLOR_HEADER);
1304:Core/Src/ui/screens.c **** 
1305:Core/Src/ui/screens.c ****     Screen_Settings_Update(selected_row);
1306:Core/Src/ui/screens.c **** }
1307:Core/Src/ui/screens.c **** 
1308:Core/Src/ui/screens.c **** #define SETTINGS_EXIT_X   130
1309:Core/Src/ui/screens.c **** #define SETTINGS_EXIT_Y   (FOOTER_Y - 40)
1310:Core/Src/ui/screens.c **** #define SETTINGS_EXIT_W   100
1311:Core/Src/ui/screens.c **** #define SETTINGS_EXIT_H   32
1312:Core/Src/ui/screens.c **** 
1313:Core/Src/ui/screens.c **** void Screen_Settings_Update(uint8_t selected_row)
1314:Core/Src/ui/screens.c **** {
 7509              		.loc 1 1314 1 is_stmt 1 view -0
 7510              		.cfi_startproc
 7511              		@ args = 0, pretend = 0, frame = 32
ARM GAS  /tmp/cczpKMPG.s 			page 174


 7512              		@ frame_needed = 0, uses_anonymous_args = 0
 7513              		.loc 1 1314 1 is_stmt 0 view .LVU1286
 7514 0000 F0B5     		push	{r4, r5, r6, r7, lr}
 7515              	.LCFI129:
 7516              		.cfi_def_cfa_offset 20
 7517              		.cfi_offset 4, -20
 7518              		.cfi_offset 5, -16
 7519              		.cfi_offset 6, -12
 7520              		.cfi_offset 7, -8
 7521              		.cfi_offset 14, -4
 7522 0002 8BB0     		sub	sp, sp, #44
 7523              	.LCFI130:
 7524              		.cfi_def_cfa_offset 64
 7525 0004 0646     		mov	r6, r0
1315:Core/Src/ui/screens.c ****     char buf[32];
 7526              		.loc 1 1315 5 is_stmt 1 view .LVU1287
1316:Core/Src/ui/screens.c **** 
1317:Core/Src/ui/screens.c ****     /* Exit button, bottom right (virtual row 7) */
1318:Core/Src/ui/screens.c ****     Widget_Button_Draw(SETTINGS_EXIT_X, SETTINGS_EXIT_Y,
 7527              		.loc 1 1318 5 view .LVU1288
 7528 0006 0728     		cmp	r0, #7
 7529 0008 14BF     		ite	ne
 7530 000a 0023     		movne	r3, #0
 7531 000c 0123     		moveq	r3, #1
 7532 000e 0193     		str	r3, [sp, #4]
 7533 0010 3D4B     		ldr	r3, .L521
 7534 0012 0093     		str	r3, [sp]
 7535 0014 2023     		movs	r3, #32
 7536 0016 6422     		movs	r2, #100
 7537 0018 FA21     		movs	r1, #250
 7538 001a 8220     		movs	r0, #130
 7539              	.LVL535:
 7540              		.loc 1 1318 5 is_stmt 0 view .LVU1289
 7541 001c FFF7FEFF 		bl	Widget_Button_Draw
 7542              	.LVL536:
1319:Core/Src/ui/screens.c ****                        SETTINGS_EXIT_W, SETTINGS_EXIT_H,
1320:Core/Src/ui/screens.c ****                        "Exit >", (selected_row == 7));
1321:Core/Src/ui/screens.c **** 
1322:Core/Src/ui/screens.c ****     for (uint8_t i = 0; i < 7; i++)
 7543              		.loc 1 1322 5 is_stmt 1 view .LVU1290
 7544              	.LBB37:
 7545              		.loc 1 1322 10 view .LVU1291
 7546              		.loc 1 1322 18 is_stmt 0 view .LVU1292
 7547 0020 0024     		movs	r4, #0
 7548              		.loc 1 1322 5 view .LVU1293
 7549 0022 2EE0     		b	.L505
 7550              	.LVL537:
 7551              	.L518:
 7552              	.LBB38:
1323:Core/Src/ui/screens.c ****     {
1324:Core/Src/ui/screens.c ****         uint16_t row_y = SET_LIST_START + i * SET_LIST_ROW_H;
1325:Core/Src/ui/screens.c **** 
1326:Core/Src/ui/screens.c ****         if (i < 2) {
1327:Core/Src/ui/screens.c ****             /* plain on/off toggles for USB-A */
1328:Core/Src/ui/screens.c ****             snprintf(buf, sizeof(buf), "%-12s [%s]",
 7553              		.loc 1 1328 13 is_stmt 1 view .LVU1294
 7554 0024 2746     		mov	r7, r4
ARM GAS  /tmp/cczpKMPG.s 			page 175


 7555 0026 394B     		ldr	r3, .L521+4
 7556 0028 04EB4402 		add	r2, r4, r4, lsl #1
 7557 002c 03EB8201 		add	r1, r3, r2, lsl #2
 7558 0030 53F82230 		ldr	r3, [r3, r2, lsl #2]
1329:Core/Src/ui/screens.c ****                      _settings_rows[i].name,
1330:Core/Src/ui/screens.c ****                      _settings_rows[i].state ? "ON " : "OFF");
 7559              		.loc 1 1330 39 is_stmt 0 view .LVU1295
 7560 0034 8A7A     		ldrb	r2, [r1, #10]	@ zero_extendqisi2
1328:Core/Src/ui/screens.c ****                      _settings_rows[i].name,
 7561              		.loc 1 1328 13 view .LVU1296
 7562 0036 002A     		cmp	r2, #0
 7563 0038 40D0     		beq	.L514
1328:Core/Src/ui/screens.c ****                      _settings_rows[i].name,
 7564              		.loc 1 1328 13 discriminator 1 view .LVU1297
 7565 003a 354A     		ldr	r2, .L521+8
 7566              	.L507:
1328:Core/Src/ui/screens.c ****                      _settings_rows[i].name,
 7567              		.loc 1 1328 13 discriminator 3 view .LVU1298
 7568 003c 0092     		str	r2, [sp]
 7569 003e 354A     		ldr	r2, .L521+12
 7570 0040 2021     		movs	r1, #32
 7571 0042 02A8     		add	r0, sp, #8
 7572 0044 FFF7FEFF 		bl	snprintf
 7573              	.LVL538:
1331:Core/Src/ui/screens.c ****             HAL_GPIO_WritePin(_settings_rows[i].gpio_port,
 7574              		.loc 1 1331 13 is_stmt 1 view .LVU1299
1332:Core/Src/ui/screens.c ****                               _settings_rows[i].gpio_pin,
1333:Core/Src/ui/screens.c ****                               _settings_rows[i].state ? GPIO_PIN_SET
 7575              		.loc 1 1333 48 is_stmt 0 view .LVU1300
 7576 0048 304B     		ldr	r3, .L521+4
 7577 004a 07EB4701 		add	r1, r7, r7, lsl #1
 7578 004e 03EB8101 		add	r1, r3, r1, lsl #2
 7579 0052 8A7A     		ldrb	r2, [r1, #10]	@ zero_extendqisi2
1331:Core/Src/ui/screens.c ****             HAL_GPIO_WritePin(_settings_rows[i].gpio_port,
 7580              		.loc 1 1331 13 view .LVU1301
 7581 0054 0B46     		mov	r3, r1
 7582 0056 003A     		subs	r2, r2, #0
 7583 0058 18BF     		it	ne
 7584 005a 0122     		movne	r2, #1
 7585 005c 0989     		ldrh	r1, [r1, #8]
 7586 005e 5868     		ldr	r0, [r3, #4]
 7587 0060 FFF7FEFF 		bl	HAL_GPIO_WritePin
 7588              	.LVL539:
 7589              	.L508:
1334:Core/Src/ui/screens.c ****                                                       : GPIO_PIN_RESET);
1335:Core/Src/ui/screens.c ****         }
1336:Core/Src/ui/screens.c ****         else if (i < 4) {
1337:Core/Src/ui/screens.c ****             /* channel pages Lab / USB-C2 */
1338:Core/Src/ui/screens.c ****             snprintf(buf, sizeof(buf), "%-11s %s >",
1339:Core/Src/ui/screens.c ****                      _settings_rows[i].name, Screen_Output_RowStatus(i - 2));
1340:Core/Src/ui/screens.c ****         }
1341:Core/Src/ui/screens.c ****         else if (i == 4) {
1342:Core/Src/ui/screens.c ****             snprintf(buf, sizeof(buf), "%-12s [%s]", "Lock all",
1343:Core/Src/ui/screens.c ****                      _lock_all ? "ON " : "OFF");
1344:Core/Src/ui/screens.c ****         }
1345:Core/Src/ui/screens.c ****         else if (i == 5) {
1346:Core/Src/ui/screens.c ****             snprintf(buf, sizeof(buf), "%-12s %3u%% >", "Display",
ARM GAS  /tmp/cczpKMPG.s 			page 176


1347:Core/Src/ui/screens.c ****                      ILI9341_GetBrightness());
1348:Core/Src/ui/screens.c ****         }
1349:Core/Src/ui/screens.c ****         else {
1350:Core/Src/ui/screens.c ****             snprintf(buf, sizeof(buf), "%s", "Test modes >");
1351:Core/Src/ui/screens.c ****         }
1352:Core/Src/ui/screens.c **** 
1353:Core/Src/ui/screens.c ****         Widget_MenuRow_Draw(10, row_y, 220, SET_LIST_ROW_H - 4,
 7590              		.loc 1 1353 9 is_stmt 1 view .LVU1302
 7591 0064 B442     		cmp	r4, r6
 7592 0066 14BF     		ite	ne
 7593 0068 0023     		movne	r3, #0
 7594 006a 0123     		moveq	r3, #1
 7595 006c 0193     		str	r3, [sp, #4]
 7596 006e 02AB     		add	r3, sp, #8
 7597 0070 0093     		str	r3, [sp]
 7598 0072 1823     		movs	r3, #24
 7599 0074 DC22     		movs	r2, #220
 7600 0076 2946     		mov	r1, r5
 7601 0078 0A20     		movs	r0, #10
 7602 007a FFF7FEFF 		bl	Widget_MenuRow_Draw
 7603              	.LVL540:
 7604              	.LBE38:
1322:Core/Src/ui/screens.c ****     {
 7605              		.loc 1 1322 33 discriminator 1 view .LVU1303
 7606 007e 0134     		adds	r4, r4, #1
 7607              	.LVL541:
1322:Core/Src/ui/screens.c ****     {
 7608              		.loc 1 1322 33 is_stmt 0 discriminator 1 view .LVU1304
 7609 0080 E4B2     		uxtb	r4, r4
 7610              	.LVL542:
 7611              	.L505:
1322:Core/Src/ui/screens.c ****     {
 7612              		.loc 1 1322 27 is_stmt 1 discriminator 2 view .LVU1305
 7613 0082 062C     		cmp	r4, #6
 7614 0084 3ED8     		bhi	.L517
 7615              	.LBB39:
1324:Core/Src/ui/screens.c **** 
 7616              		.loc 1 1324 9 view .LVU1306
1324:Core/Src/ui/screens.c **** 
 7617              		.loc 1 1324 41 is_stmt 0 view .LVU1307
 7618 0086 C4EBC405 		rsb	r5, r4, r4, lsl #3
 7619 008a AD00     		lsls	r5, r5, #2
 7620 008c ADB2     		uxth	r5, r5
1324:Core/Src/ui/screens.c **** 
 7621              		.loc 1 1324 18 view .LVU1308
 7622 008e 2435     		adds	r5, r5, #36
 7623 0090 ADB2     		uxth	r5, r5
 7624              	.LVL543:
1326:Core/Src/ui/screens.c ****             /* plain on/off toggles for USB-A */
 7625              		.loc 1 1326 9 is_stmt 1 view .LVU1309
1326:Core/Src/ui/screens.c ****             /* plain on/off toggles for USB-A */
 7626              		.loc 1 1326 12 is_stmt 0 view .LVU1310
 7627 0092 012C     		cmp	r4, #1
 7628 0094 C6D9     		bls	.L518
1336:Core/Src/ui/screens.c ****             /* channel pages Lab / USB-C2 */
 7629              		.loc 1 1336 14 is_stmt 1 view .LVU1311
1336:Core/Src/ui/screens.c ****             /* channel pages Lab / USB-C2 */
ARM GAS  /tmp/cczpKMPG.s 			page 177


 7630              		.loc 1 1336 17 is_stmt 0 view .LVU1312
 7631 0096 032C     		cmp	r4, #3
 7632 0098 12D8     		bhi	.L509
1338:Core/Src/ui/screens.c ****                      _settings_rows[i].name, Screen_Output_RowStatus(i - 2));
 7633              		.loc 1 1338 13 is_stmt 1 view .LVU1313
 7634 009a 04EB4403 		add	r3, r4, r4, lsl #1
 7635 009e 1B4A     		ldr	r2, .L521+4
 7636 00a0 52F82370 		ldr	r7, [r2, r3, lsl #2]
 7637 00a4 A01E     		subs	r0, r4, #2
 7638 00a6 C0B2     		uxtb	r0, r0
 7639 00a8 FFF7FEFF 		bl	Screen_Output_RowStatus
 7640              	.LVL544:
1338:Core/Src/ui/screens.c ****                      _settings_rows[i].name, Screen_Output_RowStatus(i - 2));
 7641              		.loc 1 1338 13 is_stmt 0 discriminator 1 view .LVU1314
 7642 00ac 0090     		str	r0, [sp]
 7643 00ae 3B46     		mov	r3, r7
 7644 00b0 194A     		ldr	r2, .L521+16
 7645 00b2 2021     		movs	r1, #32
 7646 00b4 02A8     		add	r0, sp, #8
 7647 00b6 FFF7FEFF 		bl	snprintf
 7648              	.LVL545:
 7649 00ba D3E7     		b	.L508
 7650              	.L514:
1328:Core/Src/ui/screens.c ****                      _settings_rows[i].name,
 7651              		.loc 1 1328 13 discriminator 2 view .LVU1315
 7652 00bc 174A     		ldr	r2, .L521+20
 7653 00be BDE7     		b	.L507
 7654              	.L509:
1341:Core/Src/ui/screens.c ****             snprintf(buf, sizeof(buf), "%-12s [%s]", "Lock all",
 7655              		.loc 1 1341 14 is_stmt 1 view .LVU1316
1341:Core/Src/ui/screens.c ****             snprintf(buf, sizeof(buf), "%-12s [%s]", "Lock all",
 7656              		.loc 1 1341 17 is_stmt 0 view .LVU1317
 7657 00c0 042C     		cmp	r4, #4
 7658 00c2 07D0     		beq	.L519
1345:Core/Src/ui/screens.c ****             snprintf(buf, sizeof(buf), "%-12s %3u%% >", "Display",
 7659              		.loc 1 1345 14 is_stmt 1 view .LVU1318
1345:Core/Src/ui/screens.c ****             snprintf(buf, sizeof(buf), "%-12s %3u%% >", "Display",
 7660              		.loc 1 1345 17 is_stmt 0 view .LVU1319
 7661 00c4 052C     		cmp	r4, #5
 7662 00c6 13D0     		beq	.L520
1350:Core/Src/ui/screens.c ****         }
 7663              		.loc 1 1350 13 is_stmt 1 view .LVU1320
 7664 00c8 154B     		ldr	r3, .L521+24
 7665 00ca 02AF     		add	r7, sp, #8
 7666 00cc 0FCB     		ldm	r3, {r0, r1, r2, r3}
 7667 00ce 07C7     		stmia	r7!, {r0, r1, r2}
 7668 00d0 3B70     		strb	r3, [r7]
 7669 00d2 C7E7     		b	.L508
 7670              	.L519:
1342:Core/Src/ui/screens.c ****                      _lock_all ? "ON " : "OFF");
 7671              		.loc 1 1342 13 view .LVU1321
1343:Core/Src/ui/screens.c ****         }
 7672              		.loc 1 1343 32 is_stmt 0 view .LVU1322
 7673 00d4 134B     		ldr	r3, .L521+28
 7674 00d6 1B78     		ldrb	r3, [r3]	@ zero_extendqisi2
1342:Core/Src/ui/screens.c ****                      _lock_all ? "ON " : "OFF");
 7675              		.loc 1 1342 13 view .LVU1323
ARM GAS  /tmp/cczpKMPG.s 			page 178


 7676 00d8 43B1     		cbz	r3, .L515
1342:Core/Src/ui/screens.c ****                      _lock_all ? "ON " : "OFF");
 7677              		.loc 1 1342 13 discriminator 1 view .LVU1324
 7678 00da 0D4B     		ldr	r3, .L521+8
 7679              	.L511:
1342:Core/Src/ui/screens.c ****                      _lock_all ? "ON " : "OFF");
 7680              		.loc 1 1342 13 discriminator 3 view .LVU1325
 7681 00dc 0093     		str	r3, [sp]
 7682 00de 124B     		ldr	r3, .L521+32
 7683 00e0 0C4A     		ldr	r2, .L521+12
 7684 00e2 2021     		movs	r1, #32
 7685 00e4 02A8     		add	r0, sp, #8
 7686 00e6 FFF7FEFF 		bl	snprintf
 7687              	.LVL546:
 7688 00ea BBE7     		b	.L508
 7689              	.L515:
1342:Core/Src/ui/screens.c ****                      _lock_all ? "ON " : "OFF");
 7690              		.loc 1 1342 13 discriminator 2 view .LVU1326
 7691 00ec 0B4B     		ldr	r3, .L521+20
 7692 00ee F5E7     		b	.L511
 7693              	.L520:
1346:Core/Src/ui/screens.c ****                      ILI9341_GetBrightness());
 7694              		.loc 1 1346 13 is_stmt 1 view .LVU1327
1347:Core/Src/ui/screens.c ****         }
 7695              		.loc 1 1347 22 is_stmt 0 view .LVU1328
 7696 00f0 FFF7FEFF 		bl	ILI9341_GetBrightness
 7697              	.LVL547:
1346:Core/Src/ui/screens.c ****                      ILI9341_GetBrightness());
 7698              		.loc 1 1346 13 discriminator 1 view .LVU1329
 7699 00f4 0090     		str	r0, [sp]
 7700 00f6 0D4B     		ldr	r3, .L521+36
 7701 00f8 0D4A     		ldr	r2, .L521+40
 7702 00fa 2021     		movs	r1, #32
 7703 00fc 02A8     		add	r0, sp, #8
 7704 00fe FFF7FEFF 		bl	snprintf
 7705              	.LVL548:
 7706 0102 AFE7     		b	.L508
 7707              	.LVL549:
 7708              	.L517:
1346:Core/Src/ui/screens.c ****                      ILI9341_GetBrightness());
 7709              		.loc 1 1346 13 discriminator 1 view .LVU1330
 7710              	.LBE39:
 7711              	.LBE37:
1354:Core/Src/ui/screens.c ****                             buf, (i == selected_row));
1355:Core/Src/ui/screens.c ****     }
1356:Core/Src/ui/screens.c **** }
 7712              		.loc 1 1356 1 view .LVU1331
 7713 0104 0BB0     		add	sp, sp, #44
 7714              	.LCFI131:
 7715              		.cfi_def_cfa_offset 20
 7716              		@ sp needed
 7717 0106 F0BD     		pop	{r4, r5, r6, r7, pc}
 7718              	.LVL550:
 7719              	.L522:
 7720              		.loc 1 1356 1 view .LVU1332
 7721              		.align	2
 7722              	.L521:
ARM GAS  /tmp/cczpKMPG.s 			page 179


 7723 0108 00000000 		.word	.LC104
 7724 010c 00000000 		.word	_settings_rows
 7725 0110 00000000 		.word	.LC49
 7726 0114 0C000000 		.word	.LC51
 7727 0118 08000000 		.word	.LC105
 7728 011c 04000000 		.word	.LC33
 7729 0120 38000000 		.word	.LC109
 7730 0124 00000000 		.word	_lock_all
 7731 0128 14000000 		.word	.LC106
 7732 012c 20000000 		.word	.LC107
 7733 0130 28000000 		.word	.LC108
 7734              		.cfi_endproc
 7735              	.LFE298:
 7737              		.section	.rodata.Screen_Settings_Draw.str1.4,"aMS",%progbits,1
 7738              		.align	2
 7739              	.LC110:
 7740 0000 53455454 		.ascii	"SETTINGS\000"
 7740      494E4753 
 7740      00
 7741 0009 000000   		.align	2
 7742              	.LC111:
 7743 000c 50524553 		.ascii	"PRESS=toggle/select\000"
 7743      533D746F 
 7743      67676C65 
 7743      2F73656C 
 7743      65637400 
 7744              		.section	.text.Screen_Settings_Draw,"ax",%progbits
 7745              		.align	1
 7746              		.global	Screen_Settings_Draw
 7747              		.syntax unified
 7748              		.thumb
 7749              		.thumb_func
 7751              	Screen_Settings_Draw:
 7752              	.LVL551:
 7753              	.LFB297:
1294:Core/Src/ui/screens.c ****     ILI9341_FillScreen(COLOR_BG);
 7754              		.loc 1 1294 1 is_stmt 1 view -0
 7755              		.cfi_startproc
 7756              		@ args = 0, pretend = 0, frame = 0
 7757              		@ frame_needed = 0, uses_anonymous_args = 0
1294:Core/Src/ui/screens.c ****     ILI9341_FillScreen(COLOR_BG);
 7758              		.loc 1 1294 1 is_stmt 0 view .LVU1334
 7759 0000 30B5     		push	{r4, r5, lr}
 7760              	.LCFI132:
 7761              		.cfi_def_cfa_offset 12
 7762              		.cfi_offset 4, -12
 7763              		.cfi_offset 5, -8
 7764              		.cfi_offset 14, -4
 7765 0002 83B0     		sub	sp, sp, #12
 7766              	.LCFI133:
 7767              		.cfi_def_cfa_offset 24
 7768 0004 0546     		mov	r5, r0
1295:Core/Src/ui/screens.c ****     draw_header("SETTINGS");
 7769              		.loc 1 1295 5 is_stmt 1 view .LVU1335
 7770 0006 40F64100 		movw	r0, #2113
 7771              	.LVL552:
1295:Core/Src/ui/screens.c ****     draw_header("SETTINGS");
ARM GAS  /tmp/cczpKMPG.s 			page 180


 7772              		.loc 1 1295 5 is_stmt 0 view .LVU1336
 7773 000a FFF7FEFF 		bl	ILI9341_FillScreen
 7774              	.LVL553:
1296:Core/Src/ui/screens.c **** 
 7775              		.loc 1 1296 5 is_stmt 1 view .LVU1337
 7776 000e 0E48     		ldr	r0, .L525
 7777 0010 FFF7FEFF 		bl	draw_header
 7778              	.LVL554:
1300:Core/Src/ui/screens.c ****     GFX_DrawString(10, FOOTER_Y + 11,
 7779              		.loc 1 1300 5 view .LVU1338
 7780 0014 40F68814 		movw	r4, #2440
 7781 0018 0094     		str	r4, [sp]
 7782 001a 1E23     		movs	r3, #30
 7783 001c F022     		movs	r2, #240
 7784 001e 4FF49171 		mov	r1, #290
 7785 0022 0020     		movs	r0, #0
 7786 0024 FFF7FEFF 		bl	ILI9341_FillRect
 7787              	.LVL555:
1301:Core/Src/ui/screens.c ****                    "PRESS=toggle/select",
 7788              		.loc 1 1301 5 view .LVU1339
 7789 0028 0194     		str	r4, [sp, #4]
 7790 002a 48F21043 		movw	r3, #33808
 7791 002e 0093     		str	r3, [sp]
 7792 0030 064B     		ldr	r3, .L525+4
 7793 0032 074A     		ldr	r2, .L525+8
 7794 0034 40F22D11 		movw	r1, #301
 7795 0038 0A20     		movs	r0, #10
 7796 003a FFF7FEFF 		bl	GFX_DrawString
 7797              	.LVL556:
1305:Core/Src/ui/screens.c **** }
 7798              		.loc 1 1305 5 view .LVU1340
 7799 003e 2846     		mov	r0, r5
 7800 0040 FFF7FEFF 		bl	Screen_Settings_Update
 7801              	.LVL557:
1306:Core/Src/ui/screens.c **** 
 7802              		.loc 1 1306 1 is_stmt 0 view .LVU1341
 7803 0044 03B0     		add	sp, sp, #12
 7804              	.LCFI134:
 7805              		.cfi_def_cfa_offset 12
 7806              		@ sp needed
 7807 0046 30BD     		pop	{r4, r5, pc}
 7808              	.LVL558:
 7809              	.L526:
1306:Core/Src/ui/screens.c **** 
 7810              		.loc 1 1306 1 view .LVU1342
 7811              		.align	2
 7812              	.L525:
 7813 0048 00000000 		.word	.LC110
 7814 004c 00000000 		.word	GFX_FontSmall
 7815 0050 0C000000 		.word	.LC111
 7816              		.cfi_endproc
 7817              	.LFE297:
 7819              		.section	.text.Screen_Settings_Toggle,"ax",%progbits
 7820              		.align	1
 7821              		.global	Screen_Settings_Toggle
 7822              		.syntax unified
 7823              		.thumb
ARM GAS  /tmp/cczpKMPG.s 			page 181


 7824              		.thumb_func
 7826              	Screen_Settings_Toggle:
 7827              	.LVL559:
 7828              	.LFB299:
1357:Core/Src/ui/screens.c **** 
1358:Core/Src/ui/screens.c **** void Screen_Settings_Toggle(uint8_t row)
1359:Core/Src/ui/screens.c **** {
 7829              		.loc 1 1359 1 is_stmt 1 view -0
 7830              		.cfi_startproc
 7831              		@ args = 0, pretend = 0, frame = 0
 7832              		@ frame_needed = 0, uses_anonymous_args = 0
 7833              		@ link register save eliminated.
1360:Core/Src/ui/screens.c ****     if (row >= SETTINGS_NUM_ROWS) return;
 7834              		.loc 1 1360 5 view .LVU1344
 7835              		.loc 1 1360 8 is_stmt 0 view .LVU1345
 7836 0000 0328     		cmp	r0, #3
 7837 0002 11D8     		bhi	.L527
1361:Core/Src/ui/screens.c **** 
1362:Core/Src/ui/screens.c ****     _settings_rows[row].state ^= 1;
 7838              		.loc 1 1362 5 is_stmt 1 view .LVU1346
 7839              		.loc 1 1362 24 is_stmt 0 view .LVU1347
 7840 0004 094B     		ldr	r3, .L529
 7841 0006 00EB4002 		add	r2, r0, r0, lsl #1
 7842 000a 03EB8202 		add	r2, r3, r2, lsl #2
 7843 000e 927A     		ldrb	r2, [r2, #10]	@ zero_extendqisi2
 7844              		.loc 1 1362 31 view .LVU1348
 7845 0010 00EB4000 		add	r0, r0, r0, lsl #1
 7846              	.LVL560:
 7847              		.loc 1 1362 31 view .LVU1349
 7848 0014 03EB8003 		add	r3, r3, r0, lsl #2
 7849 0018 82F00101 		eor	r1, r2, #1
 7850 001c 9972     		strb	r1, [r3, #10]
1363:Core/Src/ui/screens.c **** 
1364:Core/Src/ui/screens.c ****     /* user turn port back on by hand -> lock mode over */
1365:Core/Src/ui/screens.c ****     if (_settings_rows[row].state) _lock_all = 0;
 7851              		.loc 1 1365 5 is_stmt 1 view .LVU1350
 7852              		.loc 1 1365 8 is_stmt 0 view .LVU1351
 7853 001e 012A     		cmp	r2, #1
 7854 0020 02D0     		beq	.L527
 7855              		.loc 1 1365 36 is_stmt 1 discriminator 1 view .LVU1352
 7856              		.loc 1 1365 46 is_stmt 0 discriminator 1 view .LVU1353
 7857 0022 034B     		ldr	r3, .L529+4
 7858 0024 0022     		movs	r2, #0
 7859 0026 1A70     		strb	r2, [r3]
 7860              	.L527:
1366:Core/Src/ui/screens.c **** }
 7861              		.loc 1 1366 1 view .LVU1354
 7862 0028 7047     		bx	lr
 7863              	.L530:
 7864 002a 00BF     		.align	2
 7865              	.L529:
 7866 002c 00000000 		.word	_settings_rows
 7867 0030 00000000 		.word	_lock_all
 7868              		.cfi_endproc
 7869              	.LFE299:
 7871              		.section	.bss.st.0,"aw",%nobits
 7872              		.align	2
ARM GAS  /tmp/cczpKMPG.s 			page 182


 7875              	st.0:
 7876 0000 00000000 		.space	32
 7876      00000000 
 7876      00000000 
 7876      00000000 
 7876      00000000 
 7877              		.section	.rodata.str1.4,"aMS",%progbits,1
 7878              		.align	2
 7879              	.LC1:
 7880 0000 49444C45 		.ascii	"IDLE\000"
 7880      00
 7881 0005 000000   		.align	2
 7882              	.LC2:
 7883 0008 50524500 		.ascii	"PRE\000"
 7884              		.align	2
 7885              	.LC3:
 7886 000c 46415354 		.ascii	"FAST\000"
 7886      00
 7887 0011 000000   		.align	2
 7888              	.LC4:
 7889 0014 54415045 		.ascii	"TAPER\000"
 7889      5200
 7890              		.section	.bss._lock_all,"aw",%nobits
 7893              	_lock_all:
 7894 0000 00       		.space	1
 7895              		.section	.bss._out_edit,"aw",%nobits
 7898              	_out_edit:
 7899 0000 00       		.space	1
 7900              		.section	.bss._out_row,"aw",%nobits
 7903              	_out_row:
 7904 0000 00       		.space	1
 7905              		.section	.bss._out_cur,"aw",%nobits
 7908              	_out_cur:
 7909 0000 00       		.space	1
 7910              		.section	.rodata.str1.4
 7911 001a 0000     		.align	2
 7912              	.LC112:
 7913 001c 4C414220 		.ascii	"LAB OUTPUT\000"
 7913      4F555450 
 7913      555400
 7914 0027 00       		.align	2
 7915              	.LC113:
 7916 0028 566F6C74 		.ascii	"Voltage\000"
 7916      61676500 
 7917              		.align	2
 7918              	.LC114:
 7919 0030 5553422D 		.ascii	"USB-C 2\000"
 7919      43203200 
 7920              		.align	2
 7921              	.LC115:
 7922 0038 4D617820 		.ascii	"Max PD volt\000"
 7922      50442076 
 7922      6F6C7400 
 7923              		.section	.data._out_ch,"aw"
 7924              		.align	2
 7927              	_out_ch:
 7928 0000 1C000000 		.word	.LC112
ARM GAS  /tmp/cczpKMPG.s 			page 183


 7929 0004 28000000 		.word	.LC113
 7930 0008 00000240 		.word	1073872896
 7931 000c 0008     		.short	2048
 7932 000e 00       		.byte	0
 7933 000f 00       		.space	1
 7934 0010 8813     		.short	5000
 7935 0012 B80B     		.short	3000
 7936 0014 00       		.byte	0
 7937 0015 000000   		.space	3
 7938 0018 30000000 		.word	.LC114
 7939 001c 38000000 		.word	.LC115
 7940 0020 00000240 		.word	1073872896
 7941 0024 0010     		.short	4096
 7942 0026 00       		.byte	0
 7943 0027 00       		.space	1
 7944 0028 204E     		.short	20000
 7945 002a B80B     		.short	3000
 7946 002c 04       		.byte	4
 7947 002d 000000   		.space	3
 7948              		.section	.rodata._c2_pdo_mv,"a"
 7949              		.align	2
 7952              	_c2_pdo_mv:
 7953 0000 8813     		.short	5000
 7954 0002 2823     		.short	9000
 7955 0004 E02E     		.short	12000
 7956 0006 983A     		.short	15000
 7957 0008 204E     		.short	20000
 7958              		.section	.rodata.str1.4
 7959              		.align	2
 7960              	.LC116:
 7961 0044 5553422D 		.ascii	"USB-A 1\000"
 7961      41203100 
 7962              		.align	2
 7963              	.LC117:
 7964 004c 5553422D 		.ascii	"USB-A 2\000"
 7964      41203200 
 7965              		.align	2
 7966              	.LC118:
 7967 0054 4C616220 		.ascii	"Lab output\000"
 7967      6F757470 
 7967      757400
 7968              		.section	.data._settings_rows,"aw"
 7969              		.align	2
 7972              	_settings_rows:
 7973 0000 44000000 		.word	.LC116
 7974 0004 00080240 		.word	1073874944
 7975 0008 0200     		.short	2
 7976 000a 00       		.byte	0
 7977 000b 00       		.space	1
 7978 000c 4C000000 		.word	.LC117
 7979 0010 00080240 		.word	1073874944
 7980 0014 0400     		.short	4
 7981 0016 00       		.byte	0
 7982 0017 00       		.space	1
 7983 0018 54000000 		.word	.LC118
 7984 001c 00000240 		.word	1073872896
 7985 0020 0008     		.short	2048
ARM GAS  /tmp/cczpKMPG.s 			page 184


 7986 0022 00       		.byte	0
 7987 0023 00       		.space	1
 7988 0024 30000000 		.word	.LC114
 7989 0028 00000240 		.word	1073872896
 7990 002c 0010     		.short	4096
 7991 002e 00       		.byte	0
 7992 002f 00       		.space	1
 7993              		.section	.rodata.str1.4
 7994 005f 00       		.align	2
 7995              	.LC119:
 7996 0060 54454D50 		.ascii	"TEMP WARNING\000"
 7996      20574152 
 7996      4E494E47 
 7996      00
 7997 006d 000000   		.align	2
 7998              	.LC120:
 7999 0070 42617474 		.ascii	"Battery outside its comfort\000"
 7999      65727920 
 7999      6F757473 
 7999      69646520 
 7999      69747320 
 8000              		.align	2
 8001              	.LC121:
 8002 008c 72616E67 		.ascii	"range: performance and\000"
 8002      653A2070 
 8002      6572666F 
 8002      726D616E 
 8002      63652061 
 8003 00a3 00       		.align	2
 8004              	.LC122:
 8005 00a4 63617061 		.ascii	"capacity may be reduced.\000"
 8005      63697479 
 8005      206D6179 
 8005      20626520 
 8005      72656475 
 8006 00bd 000000   		.align	2
 8007              	.LC123:
 8008 00c0 4C4F5720 		.ascii	"LOW VOLTAGE\000"
 8008      564F4C54 
 8008      41474500 
 8009              		.align	2
 8010              	.LC124:
 8011 00cc 42617474 		.ascii	"Battery voltage is low:\000"
 8011      65727920 
 8011      766F6C74 
 8011      61676520 
 8011      6973206C 
 8012              		.align	2
 8013              	.LC125:
 8014 00e4 72656368 		.ascii	"recharge soon.\000"
 8014      61726765 
 8014      20736F6F 
 8014      6E2E00
 8015 00f3 00       		.align	2
 8016              	.LC126:
 8017 00f4 43524954 		.ascii	"CRITICAL BATTERY\000"
 8017      4943414C 
ARM GAS  /tmp/cczpKMPG.s 			page 185


 8017      20424154 
 8017      54455259 
 8017      00
 8018 0105 000000   		.align	2
 8019              	.LC127:
 8020 0108 43726974 		.ascii	"Critically low battery.\000"
 8020      6963616C 
 8020      6C79206C 
 8020      6F772062 
 8020      61747465 
 8021              		.align	2
 8022              	.LC128:
 8023 0120 476F696E 		.ascii	"Going into light sleep\000"
 8023      6720696E 
 8023      746F206C 
 8023      69676874 
 8023      20736C65 
 8024 0137 00       		.align	2
 8025              	.LC129:
 8026 0138 746F2061 		.ascii	"to avoid cell damage.\000"
 8026      766F6964 
 8026      2063656C 
 8026      6C206461 
 8026      6D616765 
 8027              		.section	.rodata._warn_text,"a"
 8028              		.align	2
 8031              	_warn_text:
 8032 0000 60000000 		.word	.LC119
 8033 0004 70000000 		.word	.LC120
 8034 0008 8C000000 		.word	.LC121
 8035 000c A4000000 		.word	.LC122
 8036 0010 C0000000 		.word	.LC123
 8037 0014 CC000000 		.word	.LC124
 8038 0018 E4000000 		.word	.LC125
 8039 001c 00000000 		.word	.LC55
 8040 0020 F4000000 		.word	.LC126
 8041 0024 08010000 		.word	.LC127
 8042 0028 20010000 		.word	.LC128
 8043 002c 38010000 		.word	.LC129
 8044              		.section	.bss._warn_type,"aw",%nobits
 8047              	_warn_type:
 8048 0000 00       		.space	1
 8049              		.section	.rodata.str1.4
 8050 014e 0000     		.align	2
 8051              	.LC130:
 8052 0150 4C4F434B 		.ascii	"LOCK ALL PORTS?\000"
 8052      20414C4C 
 8052      20504F52 
 8052      54533F00 
 8053              		.align	2
 8054              	.LC131:
 8055 0160 4C494748 		.ascii	"LIGHT SLEEP?\000"
 8055      5420534C 
 8055      4545503F 
 8055      00
 8056              		.section	.rodata._confirm_title,"a"
 8057              		.align	2
ARM GAS  /tmp/cczpKMPG.s 			page 186


 8060              	_confirm_title:
 8061 0000 50010000 		.word	.LC130
 8062 0004 60010000 		.word	.LC131
 8063              		.section	.data._confirm_sel,"aw"
 8066              	_confirm_sel:
 8067 0000 01       		.byte	1
 8068              		.section	.bss._confirm_action,"aw",%nobits
 8071              	_confirm_action:
 8072 0000 00       		.space	1
 8073              		.section	.rodata.str1.4
 8074 016d 000000   		.align	2
 8075              	.LC132:
 8076 0170 4C6F7720 		.ascii	"Low voltage\000"
 8076      766F6C74 
 8076      61676500 
 8077              		.align	2
 8078              	.LC133:
 8079 017c 43726974 		.ascii	"Critical low V\000"
 8079      6963616C 
 8079      206C6F77 
 8079      205600
 8080 018b 00       		.align	2
 8081              	.LC134:
 8082 018c 4C6F7720 		.ascii	"Low temp\000"
 8082      74656D70 
 8082      00
 8083 0195 000000   		.align	2
 8084              	.LC135:
 8085 0198 48696768 		.ascii	"High temp\000"
 8085      2074656D 
 8085      7000
 8086 01a2 0000     		.align	2
 8087              	.LC136:
 8088 01a4 4F766572 		.ascii	"Overcurrent\000"
 8088      63757272 
 8088      656E7400 
 8089              		.align	2
 8090              	.LC137:
 8091 01b0 52657365 		.ascii	"Reset data\000"
 8091      74206461 
 8091      746100
 8092              		.section	.rodata._test_rows,"a"
 8093              		.align	2
 8096              	_test_rows:
 8097 0000 70010000 		.word	.LC132
 8098 0004 00000000 		.word	t_lowv
 8099 0008 7C010000 		.word	.LC133
 8100 000c 00000000 		.word	t_vcrit
 8101 0010 8C010000 		.word	.LC134
 8102 0014 00000000 		.word	t_lowt
 8103 0018 98010000 		.word	.LC135
 8104 001c 00000000 		.word	t_hight
 8105 0020 A4010000 		.word	.LC136
 8106 0024 00000000 		.word	t_overc
 8107 0028 B0010000 		.word	.LC137
 8108 002c 00000000 		.word	t_reset
 8109 0030 90000000 		.word	.LC28
ARM GAS  /tmp/cczpKMPG.s 			page 187


 8110 0034 00000000 		.word	0
 8111              		.section	.bss._test_row,"aw",%nobits
 8114              	_test_row:
 8115 0000 00       		.space	1
 8116              		.section	.data._asleep_idx,"aw"
 8119              	_asleep_idx:
 8120 0000 02       		.byte	2
 8121              		.section	.rodata._asleep_min,"a"
 8122              		.align	2
 8125              	_asleep_min:
 8126 0000 0000     		.short	0
 8127 0002 0100     		.short	1
 8128 0004 0500     		.short	5
 8129 0006 0F00     		.short	15
 8130              		.section	.bss._disp_edit,"aw",%nobits
 8133              	_disp_edit:
 8134 0000 00       		.space	1
 8135              		.section	.bss._disp_row,"aw",%nobits
 8138              	_disp_row:
 8139 0000 00       		.space	1
 8140              		.section	.rodata.str1.4
 8141 01bb 00       		.align	2
 8142              	.LC138:
 8143 01bc 43686172 		.ascii	"Charge cycles\000"
 8143      67652063 
 8143      79636C65 
 8143      7300
 8144 01ca 0000     		.align	2
 8145              	.LC139:
 8146 01cc 42617474 		.ascii	"Battery health\000"
 8146      65727920 
 8146      6865616C 
 8146      746800
 8147 01db 00       		.align	2
 8148              	.LC140:
 8149 01dc 43617061 		.ascii	"Capacity\000"
 8149      63697479 
 8149      00
 8150 01e5 000000   		.align	2
 8151              	.LC141:
 8152 01e8 43686172 		.ascii	"Charges (boot)\000"
 8152      67657320 
 8152      28626F6F 
 8152      742900
 8153 01f7 00       		.align	2
 8154              	.LC142:
 8155 01f8 4D617820 		.ascii	"Max temp\000"
 8155      74656D70 
 8155      00
 8156 0201 000000   		.align	2
 8157              	.LC143:
 8158 0204 4D617820 		.ascii	"Max out\000"
 8158      6F757400 
 8159              		.align	2
 8160              	.LC144:
 8161 020c 4D617820 		.ascii	"Max in\000"
 8161      696E00
ARM GAS  /tmp/cczpKMPG.s 			page 188


 8162 0213 00       		.align	2
 8163              	.LC145:
 8164 0214 456E6572 		.ascii	"Energy out\000"
 8164      6779206F 
 8164      757400
 8165 021f 00       		.align	2
 8166              	.LC146:
 8167 0220 55707469 		.ascii	"Uptime\000"
 8167      6D6500
 8168              		.section	.rodata._stats_rows,"a"
 8169              		.align	2
 8172              	_stats_rows:
 8173 0000 BC010000 		.word	.LC138
 8174 0004 00000000 		.word	f_cycles
 8175 0008 FFFF     		.short	-1
 8176 000a 0000     		.space	2
 8177 000c CC010000 		.word	.LC139
 8178 0010 00000000 		.word	f_soh
 8179 0014 E007     		.short	2016
 8180 0016 0000     		.space	2
 8181 0018 DC010000 		.word	.LC140
 8182 001c 00000000 		.word	f_cap
 8183 0020 FFFF     		.short	-1
 8184 0022 0000     		.space	2
 8185 0024 E8010000 		.word	.LC141
 8186 0028 00000000 		.word	f_sess
 8187 002c FFFF     		.short	-1
 8188 002e 0000     		.space	2
 8189 0030 F8010000 		.word	.LC142
 8190 0034 00000000 		.word	f_maxt
 8191 0038 E0FF     		.short	-32
 8192 003a 0000     		.space	2
 8193 003c 04020000 		.word	.LC143
 8194 0040 00000000 		.word	f_maxout
 8195 0044 FF07     		.short	2047
 8196 0046 0000     		.space	2
 8197 0048 0C020000 		.word	.LC144
 8198 004c 00000000 		.word	f_maxin
 8199 0050 E007     		.short	2016
 8200 0052 0000     		.space	2
 8201 0054 14020000 		.word	.LC145
 8202 0058 00000000 		.word	f_energy
 8203 005c FF07     		.short	2047
 8204 005e 0000     		.space	2
 8205 0060 20020000 		.word	.LC146
 8206 0064 00000000 		.word	f_uptime
 8207 0068 1084     		.short	-31728
 8208 006a 0000     		.space	2
 8209              		.section	.rodata.str1.4
 8210 0227 00       		.align	2
 8211              	.LC147:
 8212 0228 5553422D 		.ascii	"USB-C 1\000"
 8212      43203100 
 8213              		.align	2
 8214              	.LC148:
 8215 0230 4C414200 		.ascii	"LAB\000"
 8216              		.section	.rodata._port_meta,"a"
ARM GAS  /tmp/cczpKMPG.s 			page 189


 8217              		.align	2
 8220              	_port_meta:
 8221 0000 44000000 		.word	.LC116
 8222 0004 FF07     		.short	2047
 8223 0006 0000     		.space	2
 8224 0008 4C000000 		.word	.LC117
 8225 000c E087     		.short	-30752
 8226 000e 0000     		.space	2
 8227 0010 28020000 		.word	.LC147
 8228 0014 FFFF     		.short	-1
 8229 0016 0000     		.space	2
 8230 0018 30000000 		.word	.LC114
 8231 001c 1FF8     		.short	-2017
 8232 001e 0000     		.space	2
 8233 0020 30020000 		.word	.LC148
 8234 0024 E0FF     		.short	-32
 8235 0026 0000     		.space	2
 8236              		.section	.data._graph_fs_idx,"aw"
 8239              	_graph_fs_idx:
 8240 0000 02       		.byte	2
 8241              		.section	.rodata._graph_fs,"a"
 8242              		.align	2
 8245              	_graph_fs:
 8246 0000 E803     		.short	1000
 8247 0002 8813     		.short	5000
 8248 0004 983A     		.short	15000
 8249              		.section	.rodata.logo_data,"a"
 8250              		.align	2
 8253              	logo_data:
 8254 0000 4108     		.short	2113
 8255 0002 4108     		.short	2113
 8256 0004 4108     		.short	2113
 8257 0006 4108     		.short	2113
 8258 0008 4108     		.short	2113
 8259 000a 4108     		.short	2113
 8260 000c 4108     		.short	2113
 8261 000e 4108     		.short	2113
 8262 0010 4108     		.short	2113
 8263 0012 4108     		.short	2113
 8264 0014 4108     		.short	2113
 8265 0016 4108     		.short	2113
 8266 0018 4108     		.short	2113
 8267 001a 4108     		.short	2113
 8268 001c 4108     		.short	2113
 8269 001e 4108     		.short	2113
 8270 0020 4108     		.short	2113
 8271 0022 4108     		.short	2113
 8272 0024 4108     		.short	2113
 8273 0026 4108     		.short	2113
 8274 0028 4108     		.short	2113
 8275 002a 4108     		.short	2113
 8276 002c 4108     		.short	2113
 8277 002e 4108     		.short	2113
 8278 0030 4108     		.short	2113
 8279 0032 4108     		.short	2113
 8280 0034 4108     		.short	2113
 8281 0036 4108     		.short	2113
ARM GAS  /tmp/cczpKMPG.s 			page 190


 8282 0038 4108     		.short	2113
 8283 003a 4108     		.short	2113
 8284 003c 4108     		.short	2113
 8285 003e 4108     		.short	2113
 8286 0040 4108     		.short	2113
 8287 0042 4108     		.short	2113
 8288 0044 4108     		.short	2113
 8289 0046 4108     		.short	2113
 8290 0048 4108     		.short	2113
 8291 004a 2000     		.short	32
 8292 004c 8210     		.short	4226
 8293 004e C739     		.short	14791
 8294 0050 0000     		.short	0
 8295 0052 4108     		.short	2113
 8296 0054 4108     		.short	2113
 8297 0056 4108     		.short	2113
 8298 0058 4108     		.short	2113
 8299 005a 4108     		.short	2113
 8300 005c 4108     		.short	2113
 8301 005e 4108     		.short	2113
 8302 0060 4108     		.short	2113
 8303 0062 4108     		.short	2113
 8304 0064 4108     		.short	2113
 8305 0066 4108     		.short	2113
 8306 0068 4108     		.short	2113
 8307 006a 4108     		.short	2113
 8308 006c 4108     		.short	2113
 8309 006e 4108     		.short	2113
 8310 0070 4108     		.short	2113
 8311 0072 4108     		.short	2113
 8312 0074 4108     		.short	2113
 8313 0076 4108     		.short	2113
 8314 0078 4108     		.short	2113
 8315 007a 4108     		.short	2113
 8316 007c 4108     		.short	2113
 8317 007e 4108     		.short	2113
 8318 0080 4108     		.short	2113
 8319 0082 4108     		.short	2113
 8320 0084 4108     		.short	2113
 8321 0086 4108     		.short	2113
 8322 0088 4108     		.short	2113
 8323 008a 4108     		.short	2113
 8324 008c 4108     		.short	2113
 8325 008e 4108     		.short	2113
 8326 0090 4108     		.short	2113
 8327 0092 4108     		.short	2113
 8328 0094 4108     		.short	2113
 8329 0096 4108     		.short	2113
 8330 0098 4108     		.short	2113
 8331 009a 4108     		.short	2113
 8332 009c 4108     		.short	2113
 8333 009e 4108     		.short	2113
 8334 00a0 4108     		.short	2113
 8335 00a2 4108     		.short	2113
 8336 00a4 4108     		.short	2113
 8337 00a6 4108     		.short	2113
 8338 00a8 4108     		.short	2113
ARM GAS  /tmp/cczpKMPG.s 			page 191


 8339 00aa 4108     		.short	2113
 8340 00ac 4108     		.short	2113
 8341 00ae 4108     		.short	2113
 8342 00b0 4108     		.short	2113
 8343 00b2 4108     		.short	2113
 8344 00b4 4108     		.short	2113
 8345 00b6 4108     		.short	2113
 8346 00b8 4108     		.short	2113
 8347 00ba 4108     		.short	2113
 8348 00bc 4108     		.short	2113
 8349 00be 4108     		.short	2113
 8350 00c0 4108     		.short	2113
 8351 00c2 4108     		.short	2113
 8352 00c4 4108     		.short	2113
 8353 00c6 4108     		.short	2113
 8354 00c8 4108     		.short	2113
 8355 00ca 4108     		.short	2113
 8356 00cc 4108     		.short	2113
 8357 00ce 4108     		.short	2113
 8358 00d0 4108     		.short	2113
 8359 00d2 4108     		.short	2113
 8360 00d4 4108     		.short	2113
 8361 00d6 4108     		.short	2113
 8362 00d8 4108     		.short	2113
 8363 00da 4108     		.short	2113
 8364 00dc 4108     		.short	2113
 8365 00de 4108     		.short	2113
 8366 00e0 4108     		.short	2113
 8367 00e2 4108     		.short	2113
 8368 00e4 4108     		.short	2113
 8369 00e6 4108     		.short	2113
 8370 00e8 4108     		.short	2113
 8371 00ea 4108     		.short	2113
 8372 00ec 4108     		.short	2113
 8373 00ee 4108     		.short	2113
 8374 00f0 4108     		.short	2113
 8375 00f2 4108     		.short	2113
 8376 00f4 4108     		.short	2113
 8377 00f6 4108     		.short	2113
 8378 00f8 4108     		.short	2113
 8379 00fa 4108     		.short	2113
 8380 00fc 4108     		.short	2113
 8381 00fe 4108     		.short	2113
 8382 0100 4108     		.short	2113
 8383 0102 4108     		.short	2113
 8384 0104 4108     		.short	2113
 8385 0106 4108     		.short	2113
 8386 0108 4108     		.short	2113
 8387 010a 4108     		.short	2113
 8388 010c 4108     		.short	2113
 8389 010e 4108     		.short	2113
 8390 0110 4108     		.short	2113
 8391 0112 4108     		.short	2113
 8392 0114 4108     		.short	2113
 8393 0116 4108     		.short	2113
 8394 0118 4108     		.short	2113
 8395 011a 2000     		.short	32
ARM GAS  /tmp/cczpKMPG.s 			page 192


 8396 011c 8210     		.short	4226
 8397 011e AE73     		.short	29614
 8398 0120 2000     		.short	32
 8399 0122 4108     		.short	2113
 8400 0124 4108     		.short	2113
 8401 0126 4108     		.short	2113
 8402 0128 4108     		.short	2113
 8403 012a 4108     		.short	2113
 8404 012c 4108     		.short	2113
 8405 012e 4108     		.short	2113
 8406 0130 4108     		.short	2113
 8407 0132 4108     		.short	2113
 8408 0134 4108     		.short	2113
 8409 0136 4108     		.short	2113
 8410 0138 4108     		.short	2113
 8411 013a 4108     		.short	2113
 8412 013c 4108     		.short	2113
 8413 013e 4108     		.short	2113
 8414 0140 4108     		.short	2113
 8415 0142 4108     		.short	2113
 8416 0144 4108     		.short	2113
 8417 0146 4108     		.short	2113
 8418 0148 4108     		.short	2113
 8419 014a 4108     		.short	2113
 8420 014c 4108     		.short	2113
 8421 014e 4108     		.short	2113
 8422 0150 4108     		.short	2113
 8423 0152 4108     		.short	2113
 8424 0154 4108     		.short	2113
 8425 0156 4108     		.short	2113
 8426 0158 4108     		.short	2113
 8427 015a 4108     		.short	2113
 8428 015c 4108     		.short	2113
 8429 015e 4108     		.short	2113
 8430 0160 4108     		.short	2113
 8431 0162 4108     		.short	2113
 8432 0164 4108     		.short	2113
 8433 0166 4108     		.short	2113
 8434 0168 4108     		.short	2113
 8435 016a 4108     		.short	2113
 8436 016c 4108     		.short	2113
 8437 016e 4108     		.short	2113
 8438 0170 4108     		.short	2113
 8439 0172 4108     		.short	2113
 8440 0174 4108     		.short	2113
 8441 0176 4108     		.short	2113
 8442 0178 4108     		.short	2113
 8443 017a 4108     		.short	2113
 8444 017c 4108     		.short	2113
 8445 017e 4108     		.short	2113
 8446 0180 4108     		.short	2113
 8447 0182 4108     		.short	2113
 8448 0184 4108     		.short	2113
 8449 0186 4108     		.short	2113
 8450 0188 4108     		.short	2113
 8451 018a 4108     		.short	2113
 8452 018c 4108     		.short	2113
ARM GAS  /tmp/cczpKMPG.s 			page 193


 8453 018e 4108     		.short	2113
 8454 0190 4108     		.short	2113
 8455 0192 4108     		.short	2113
 8456 0194 4108     		.short	2113
 8457 0196 4108     		.short	2113
 8458 0198 4108     		.short	2113
 8459 019a 4108     		.short	2113
 8460 019c 4108     		.short	2113
 8461 019e 4108     		.short	2113
 8462 01a0 4108     		.short	2113
 8463 01a2 4108     		.short	2113
 8464 01a4 4108     		.short	2113
 8465 01a6 4108     		.short	2113
 8466 01a8 4108     		.short	2113
 8467 01aa 4108     		.short	2113
 8468 01ac 4108     		.short	2113
 8469 01ae 4108     		.short	2113
 8470 01b0 4108     		.short	2113
 8471 01b2 4108     		.short	2113
 8472 01b4 4108     		.short	2113
 8473 01b6 4108     		.short	2113
 8474 01b8 4108     		.short	2113
 8475 01ba 4108     		.short	2113
 8476 01bc 4108     		.short	2113
 8477 01be 4108     		.short	2113
 8478 01c0 4108     		.short	2113
 8479 01c2 4108     		.short	2113
 8480 01c4 4108     		.short	2113
 8481 01c6 4108     		.short	2113
 8482 01c8 4108     		.short	2113
 8483 01ca 4108     		.short	2113
 8484 01cc 4108     		.short	2113
 8485 01ce 4108     		.short	2113
 8486 01d0 4108     		.short	2113
 8487 01d2 4108     		.short	2113
 8488 01d4 4108     		.short	2113
 8489 01d6 4108     		.short	2113
 8490 01d8 4108     		.short	2113
 8491 01da 4108     		.short	2113
 8492 01dc 4108     		.short	2113
 8493 01de 4108     		.short	2113
 8494 01e0 4108     		.short	2113
 8495 01e2 4108     		.short	2113
 8496 01e4 4108     		.short	2113
 8497 01e6 4108     		.short	2113
 8498 01e8 4108     		.short	2113
 8499 01ea 4108     		.short	2113
 8500 01ec 2000     		.short	32
 8501 01ee 96B5     		.short	-19050
 8502 01f0 0421     		.short	8452
 8503 01f2 0000     		.short	0
 8504 01f4 4108     		.short	2113
 8505 01f6 4108     		.short	2113
 8506 01f8 4108     		.short	2113
 8507 01fa 4108     		.short	2113
 8508 01fc 4108     		.short	2113
 8509 01fe 4108     		.short	2113
ARM GAS  /tmp/cczpKMPG.s 			page 194


 8510 0200 2000     		.short	32
 8511 0202 6108     		.short	2145
 8512 0204 0842     		.short	16904
 8513 0206 2000     		.short	32
 8514 0208 4108     		.short	2113
 8515 020a 4108     		.short	2113
 8516 020c 4108     		.short	2113
 8517 020e 4108     		.short	2113
 8518 0210 4108     		.short	2113
 8519 0212 4108     		.short	2113
 8520 0214 4108     		.short	2113
 8521 0216 4108     		.short	2113
 8522 0218 4108     		.short	2113
 8523 021a 4108     		.short	2113
 8524 021c 4108     		.short	2113
 8525 021e 4108     		.short	2113
 8526 0220 4108     		.short	2113
 8527 0222 4108     		.short	2113
 8528 0224 4108     		.short	2113
 8529 0226 4108     		.short	2113
 8530 0228 4108     		.short	2113
 8531 022a 4108     		.short	2113
 8532 022c 4108     		.short	2113
 8533 022e 4108     		.short	2113
 8534 0230 4108     		.short	2113
 8535 0232 4108     		.short	2113
 8536 0234 4108     		.short	2113
 8537 0236 4108     		.short	2113
 8538 0238 4108     		.short	2113
 8539 023a 4108     		.short	2113
 8540 023c 4108     		.short	2113
 8541 023e 4108     		.short	2113
 8542 0240 4108     		.short	2113
 8543 0242 4108     		.short	2113
 8544 0244 4108     		.short	2113
 8545 0246 4108     		.short	2113
 8546 0248 4108     		.short	2113
 8547 024a 4108     		.short	2113
 8548 024c 4108     		.short	2113
 8549 024e 4108     		.short	2113
 8550 0250 4108     		.short	2113
 8551 0252 4108     		.short	2113
 8552 0254 4108     		.short	2113
 8553 0256 4108     		.short	2113
 8554 0258 4108     		.short	2113
 8555 025a 4108     		.short	2113
 8556 025c 4108     		.short	2113
 8557 025e 4108     		.short	2113
 8558 0260 4108     		.short	2113
 8559 0262 4108     		.short	2113
 8560 0264 4108     		.short	2113
 8561 0266 4108     		.short	2113
 8562 0268 4108     		.short	2113
 8563 026a 4108     		.short	2113
 8564 026c 4108     		.short	2113
 8565 026e 4108     		.short	2113
 8566 0270 4108     		.short	2113
ARM GAS  /tmp/cczpKMPG.s 			page 195


 8567 0272 4108     		.short	2113
 8568 0274 4108     		.short	2113
 8569 0276 4108     		.short	2113
 8570 0278 4108     		.short	2113
 8571 027a 4108     		.short	2113
 8572 027c 4108     		.short	2113
 8573 027e 4108     		.short	2113
 8574 0280 4108     		.short	2113
 8575 0282 4108     		.short	2113
 8576 0284 4108     		.short	2113
 8577 0286 4108     		.short	2113
 8578 0288 4108     		.short	2113
 8579 028a 4108     		.short	2113
 8580 028c 4108     		.short	2113
 8581 028e 4108     		.short	2113
 8582 0290 4108     		.short	2113
 8583 0292 4108     		.short	2113
 8584 0294 4108     		.short	2113
 8585 0296 4108     		.short	2113
 8586 0298 4108     		.short	2113
 8587 029a 4108     		.short	2113
 8588 029c 4108     		.short	2113
 8589 029e 4108     		.short	2113
 8590 02a0 4108     		.short	2113
 8591 02a2 4108     		.short	2113
 8592 02a4 4108     		.short	2113
 8593 02a6 4108     		.short	2113
 8594 02a8 4108     		.short	2113
 8595 02aa 4108     		.short	2113
 8596 02ac 4108     		.short	2113
 8597 02ae 4108     		.short	2113
 8598 02b0 4108     		.short	2113
 8599 02b2 4108     		.short	2113
 8600 02b4 4108     		.short	2113
 8601 02b6 4108     		.short	2113
 8602 02b8 4108     		.short	2113
 8603 02ba 4108     		.short	2113
 8604 02bc 0000     		.short	0
 8605 02be 9AD6     		.short	-10598
 8606 02c0 8A52     		.short	21130
 8607 02c2 0000     		.short	0
 8608 02c4 4108     		.short	2113
 8609 02c6 4108     		.short	2113
 8610 02c8 4108     		.short	2113
 8611 02ca 4108     		.short	2113
 8612 02cc 4108     		.short	2113
 8613 02ce 4108     		.short	2113
 8614 02d0 0000     		.short	0
 8615 02d2 2421     		.short	8484
 8616 02d4 1084     		.short	-31728
 8617 02d6 0000     		.short	0
 8618 02d8 4108     		.short	2113
 8619 02da 4108     		.short	2113
 8620 02dc 4108     		.short	2113
 8621 02de 4108     		.short	2113
 8622 02e0 4108     		.short	2113
 8623 02e2 4108     		.short	2113
ARM GAS  /tmp/cczpKMPG.s 			page 196


 8624 02e4 4108     		.short	2113
 8625 02e6 4108     		.short	2113
 8626 02e8 4108     		.short	2113
 8627 02ea 4108     		.short	2113
 8628 02ec 4108     		.short	2113
 8629 02ee 4108     		.short	2113
 8630 02f0 4108     		.short	2113
 8631 02f2 4108     		.short	2113
 8632 02f4 4108     		.short	2113
 8633 02f6 4108     		.short	2113
 8634 02f8 4108     		.short	2113
 8635 02fa 4108     		.short	2113
 8636 02fc 4108     		.short	2113
 8637 02fe 4108     		.short	2113
 8638 0300 4108     		.short	2113
 8639 0302 4108     		.short	2113
 8640 0304 4108     		.short	2113
 8641 0306 4108     		.short	2113
 8642 0308 4108     		.short	2113
 8643 030a 4108     		.short	2113
 8644 030c 4108     		.short	2113
 8645 030e 4108     		.short	2113
 8646 0310 4108     		.short	2113
 8647 0312 4108     		.short	2113
 8648 0314 4108     		.short	2113
 8649 0316 4108     		.short	2113
 8650 0318 4108     		.short	2113
 8651 031a 4108     		.short	2113
 8652 031c 4108     		.short	2113
 8653 031e 4108     		.short	2113
 8654 0320 4108     		.short	2113
 8655 0322 4108     		.short	2113
 8656 0324 4108     		.short	2113
 8657 0326 4108     		.short	2113
 8658 0328 4108     		.short	2113
 8659 032a 4108     		.short	2113
 8660 032c 4108     		.short	2113
 8661 032e 4108     		.short	2113
 8662 0330 4108     		.short	2113
 8663 0332 4108     		.short	2113
 8664 0334 4108     		.short	2113
 8665 0336 4108     		.short	2113
 8666 0338 4108     		.short	2113
 8667 033a 4108     		.short	2113
 8668 033c 4108     		.short	2113
 8669 033e 4108     		.short	2113
 8670 0340 4108     		.short	2113
 8671 0342 4108     		.short	2113
 8672 0344 4108     		.short	2113
 8673 0346 4108     		.short	2113
 8674 0348 4108     		.short	2113
 8675 034a 4108     		.short	2113
 8676 034c 4108     		.short	2113
 8677 034e 4108     		.short	2113
 8678 0350 4108     		.short	2113
 8679 0352 4108     		.short	2113
 8680 0354 4108     		.short	2113
ARM GAS  /tmp/cczpKMPG.s 			page 197


 8681 0356 4108     		.short	2113
 8682 0358 4108     		.short	2113
 8683 035a 4108     		.short	2113
 8684 035c 4108     		.short	2113
 8685 035e 4108     		.short	2113
 8686 0360 4108     		.short	2113
 8687 0362 4108     		.short	2113
 8688 0364 4108     		.short	2113
 8689 0366 4108     		.short	2113
 8690 0368 4108     		.short	2113
 8691 036a 4108     		.short	2113
 8692 036c 4108     		.short	2113
 8693 036e 4108     		.short	2113
 8694 0370 4108     		.short	2113
 8695 0372 4108     		.short	2113
 8696 0374 4108     		.short	2113
 8697 0376 4108     		.short	2113
 8698 0378 4108     		.short	2113
 8699 037a 4108     		.short	2113
 8700 037c 4108     		.short	2113
 8701 037e 4108     		.short	2113
 8702 0380 4108     		.short	2113
 8703 0382 4108     		.short	2113
 8704 0384 4108     		.short	2113
 8705 0386 4108     		.short	2113
 8706 0388 4108     		.short	2113
 8707 038a 4108     		.short	2113
 8708 038c 0000     		.short	0
 8709 038e 79CE     		.short	-12679
 8710 0390 B294     		.short	-27470
 8711 0392 0000     		.short	0
 8712 0394 6108     		.short	2145
 8713 0396 4108     		.short	2113
 8714 0398 4108     		.short	2113
 8715 039a 4108     		.short	2113
 8716 039c 4108     		.short	2113
 8717 039e 4108     		.short	2113
 8718 03a0 0000     		.short	0
 8719 03a2 AA52     		.short	21162
 8720 03a4 96B5     		.short	-19050
 8721 03a6 0000     		.short	0
 8722 03a8 4108     		.short	2113
 8723 03aa 4108     		.short	2113
 8724 03ac 4108     		.short	2113
 8725 03ae 4108     		.short	2113
 8726 03b0 4108     		.short	2113
 8727 03b2 4108     		.short	2113
 8728 03b4 4108     		.short	2113
 8729 03b6 4108     		.short	2113
 8730 03b8 4108     		.short	2113
 8731 03ba 4108     		.short	2113
 8732 03bc 4108     		.short	2113
 8733 03be 4108     		.short	2113
 8734 03c0 4108     		.short	2113
 8735 03c2 4108     		.short	2113
 8736 03c4 4108     		.short	2113
 8737 03c6 4108     		.short	2113
ARM GAS  /tmp/cczpKMPG.s 			page 198


 8738 03c8 4108     		.short	2113
 8739 03ca 4108     		.short	2113
 8740 03cc 4108     		.short	2113
 8741 03ce 4108     		.short	2113
 8742 03d0 4108     		.short	2113
 8743 03d2 4108     		.short	2113
 8744 03d4 4108     		.short	2113
 8745 03d6 4108     		.short	2113
 8746 03d8 4108     		.short	2113
 8747 03da 4108     		.short	2113
 8748 03dc 4108     		.short	2113
 8749 03de 4108     		.short	2113
 8750 03e0 4108     		.short	2113
 8751 03e2 4108     		.short	2113
 8752 03e4 4108     		.short	2113
 8753 03e6 4108     		.short	2113
 8754 03e8 4108     		.short	2113
 8755 03ea 4108     		.short	2113
 8756 03ec 4108     		.short	2113
 8757 03ee 4108     		.short	2113
 8758 03f0 4108     		.short	2113
 8759 03f2 4108     		.short	2113
 8760 03f4 4108     		.short	2113
 8761 03f6 4108     		.short	2113
 8762 03f8 4108     		.short	2113
 8763 03fa 4108     		.short	2113
 8764 03fc 4108     		.short	2113
 8765 03fe 4108     		.short	2113
 8766 0400 4108     		.short	2113
 8767 0402 4108     		.short	2113
 8768 0404 4108     		.short	2113
 8769 0406 4108     		.short	2113
 8770 0408 4108     		.short	2113
 8771 040a 4108     		.short	2113
 8772 040c 4108     		.short	2113
 8773 040e 4108     		.short	2113
 8774 0410 4108     		.short	2113
 8775 0412 4108     		.short	2113
 8776 0414 4108     		.short	2113
 8777 0416 4108     		.short	2113
 8778 0418 4108     		.short	2113
 8779 041a 4108     		.short	2113
 8780 041c 4108     		.short	2113
 8781 041e 4108     		.short	2113
 8782 0420 4108     		.short	2113
 8783 0422 4108     		.short	2113
 8784 0424 4108     		.short	2113
 8785 0426 4108     		.short	2113
 8786 0428 4108     		.short	2113
 8787 042a 4108     		.short	2113
 8788 042c 4108     		.short	2113
 8789 042e 4108     		.short	2113
 8790 0430 4108     		.short	2113
 8791 0432 4108     		.short	2113
 8792 0434 4108     		.short	2113
 8793 0436 4108     		.short	2113
 8794 0438 4108     		.short	2113
ARM GAS  /tmp/cczpKMPG.s 			page 199


 8795 043a 4108     		.short	2113
 8796 043c 4108     		.short	2113
 8797 043e 4108     		.short	2113
 8798 0440 4108     		.short	2113
 8799 0442 4108     		.short	2113
 8800 0444 4108     		.short	2113
 8801 0446 4108     		.short	2113
 8802 0448 4108     		.short	2113
 8803 044a 4108     		.short	2113
 8804 044c 4108     		.short	2113
 8805 044e 4108     		.short	2113
 8806 0450 4108     		.short	2113
 8807 0452 4108     		.short	2113
 8808 0454 4108     		.short	2113
 8809 0456 4108     		.short	2113
 8810 0458 4108     		.short	2113
 8811 045a 4108     		.short	2113
 8812 045c 0000     		.short	0
 8813 045e D7BD     		.short	-16937
 8814 0460 DBDE     		.short	-8485
 8815 0462 0000     		.short	0
 8816 0464 4108     		.short	2113
 8817 0466 4108     		.short	2113
 8818 0468 4108     		.short	2113
 8819 046a 4108     		.short	2113
 8820 046c 4108     		.short	2113
 8821 046e 6108     		.short	2145
 8822 0470 0000     		.short	0
 8823 0472 9294     		.short	-27502
 8824 0474 B6B5     		.short	-19018
 8825 0476 0000     		.short	0
 8826 0478 6108     		.short	2145
 8827 047a 4108     		.short	2113
 8828 047c 4108     		.short	2113
 8829 047e 4108     		.short	2113
 8830 0480 4108     		.short	2113
 8831 0482 4108     		.short	2113
 8832 0484 4108     		.short	2113
 8833 0486 4108     		.short	2113
 8834 0488 4108     		.short	2113
 8835 048a 4108     		.short	2113
 8836 048c 4108     		.short	2113
 8837 048e 4108     		.short	2113
 8838 0490 4108     		.short	2113
 8839 0492 4108     		.short	2113
 8840 0494 4108     		.short	2113
 8841 0496 4108     		.short	2113
 8842 0498 4108     		.short	2113
 8843 049a 4108     		.short	2113
 8844 049c 4108     		.short	2113
 8845 049e 4108     		.short	2113
 8846 04a0 4108     		.short	2113
 8847 04a2 4108     		.short	2113
 8848 04a4 4108     		.short	2113
 8849 04a6 4108     		.short	2113
 8850 04a8 4108     		.short	2113
 8851 04aa 4108     		.short	2113
ARM GAS  /tmp/cczpKMPG.s 			page 200


 8852 04ac 4108     		.short	2113
 8853 04ae 4108     		.short	2113
 8854 04b0 4108     		.short	2113
 8855 04b2 4108     		.short	2113
 8856 04b4 4108     		.short	2113
 8857 04b6 4108     		.short	2113
 8858 04b8 4108     		.short	2113
 8859 04ba 4108     		.short	2113
 8860 04bc 4108     		.short	2113
 8861 04be 4108     		.short	2113
 8862 04c0 4108     		.short	2113
 8863 04c2 4108     		.short	2113
 8864 04c4 4108     		.short	2113
 8865 04c6 4108     		.short	2113
 8866 04c8 4108     		.short	2113
 8867 04ca 4108     		.short	2113
 8868 04cc 4108     		.short	2113
 8869 04ce 4108     		.short	2113
 8870 04d0 4108     		.short	2113
 8871 04d2 4108     		.short	2113
 8872 04d4 4108     		.short	2113
 8873 04d6 4108     		.short	2113
 8874 04d8 4108     		.short	2113
 8875 04da 4108     		.short	2113
 8876 04dc 4108     		.short	2113
 8877 04de 4108     		.short	2113
 8878 04e0 4108     		.short	2113
 8879 04e2 4108     		.short	2113
 8880 04e4 4108     		.short	2113
 8881 04e6 4108     		.short	2113
 8882 04e8 4108     		.short	2113
 8883 04ea 4108     		.short	2113
 8884 04ec 4108     		.short	2113
 8885 04ee 4108     		.short	2113
 8886 04f0 4108     		.short	2113
 8887 04f2 4108     		.short	2113
 8888 04f4 4108     		.short	2113
 8889 04f6 4108     		.short	2113
 8890 04f8 4108     		.short	2113
 8891 04fa 4108     		.short	2113
 8892 04fc 4108     		.short	2113
 8893 04fe 4108     		.short	2113
 8894 0500 4108     		.short	2113
 8895 0502 4108     		.short	2113
 8896 0504 4108     		.short	2113
 8897 0506 4108     		.short	2113
 8898 0508 4108     		.short	2113
 8899 050a 4108     		.short	2113
 8900 050c 4108     		.short	2113
 8901 050e 4108     		.short	2113
 8902 0510 4108     		.short	2113
 8903 0512 4108     		.short	2113
 8904 0514 4108     		.short	2113
 8905 0516 4108     		.short	2113
 8906 0518 4108     		.short	2113
 8907 051a 4108     		.short	2113
 8908 051c 4108     		.short	2113
ARM GAS  /tmp/cczpKMPG.s 			page 201


 8909 051e 4108     		.short	2113
 8910 0520 4108     		.short	2113
 8911 0522 4108     		.short	2113
 8912 0524 4108     		.short	2113
 8913 0526 4108     		.short	2113
 8914 0528 4108     		.short	2113
 8915 052a 4108     		.short	2113
 8916 052c 0000     		.short	0
 8917 052e 96B5     		.short	-19050
 8918 0530 FFFF     		.short	-1
 8919 0532 0421     		.short	8452
 8920 0534 0000     		.short	0
 8921 0536 4108     		.short	2113
 8922 0538 4108     		.short	2113
 8923 053a 4108     		.short	2113
 8924 053c 4108     		.short	2113
 8925 053e 4108     		.short	2113
 8926 0540 0000     		.short	0
 8927 0542 59CE     		.short	-12711
 8928 0544 38C6     		.short	-14792
 8929 0546 0000     		.short	0
 8930 0548 4108     		.short	2113
 8931 054a 4108     		.short	2113
 8932 054c 4108     		.short	2113
 8933 054e 4108     		.short	2113
 8934 0550 4108     		.short	2113
 8935 0552 4108     		.short	2113
 8936 0554 4108     		.short	2113
 8937 0556 4108     		.short	2113
 8938 0558 4108     		.short	2113
 8939 055a 4108     		.short	2113
 8940 055c 4108     		.short	2113
 8941 055e 4108     		.short	2113
 8942 0560 4108     		.short	2113
 8943 0562 4108     		.short	2113
 8944 0564 4108     		.short	2113
 8945 0566 4108     		.short	2113
 8946 0568 4108     		.short	2113
 8947 056a 4108     		.short	2113
 8948 056c 4108     		.short	2113
 8949 056e 4108     		.short	2113
 8950 0570 4108     		.short	2113
 8951 0572 4108     		.short	2113
 8952 0574 4108     		.short	2113
 8953 0576 4108     		.short	2113
 8954 0578 4108     		.short	2113
 8955 057a 4108     		.short	2113
 8956 057c 4108     		.short	2113
 8957 057e 4108     		.short	2113
 8958 0580 4108     		.short	2113
 8959 0582 4108     		.short	2113
 8960 0584 4108     		.short	2113
 8961 0586 4108     		.short	2113
 8962 0588 4108     		.short	2113
 8963 058a 4108     		.short	2113
 8964 058c 4108     		.short	2113
 8965 058e 4108     		.short	2113
ARM GAS  /tmp/cczpKMPG.s 			page 202


 8966 0590 4108     		.short	2113
 8967 0592 4108     		.short	2113
 8968 0594 4108     		.short	2113
 8969 0596 4108     		.short	2113
 8970 0598 4108     		.short	2113
 8971 059a 4108     		.short	2113
 8972 059c 4108     		.short	2113
 8973 059e 4108     		.short	2113
 8974 05a0 4108     		.short	2113
 8975 05a2 4108     		.short	2113
 8976 05a4 4108     		.short	2113
 8977 05a6 4108     		.short	2113
 8978 05a8 4108     		.short	2113
 8979 05aa 4108     		.short	2113
 8980 05ac 4108     		.short	2113
 8981 05ae 4108     		.short	2113
 8982 05b0 4108     		.short	2113
 8983 05b2 4108     		.short	2113
 8984 05b4 4108     		.short	2113
 8985 05b6 4108     		.short	2113
 8986 05b8 4108     		.short	2113
 8987 05ba 4108     		.short	2113
 8988 05bc 4108     		.short	2113
 8989 05be 4108     		.short	2113
 8990 05c0 4108     		.short	2113
 8991 05c2 4108     		.short	2113
 8992 05c4 4108     		.short	2113
 8993 05c6 4108     		.short	2113
 8994 05c8 4108     		.short	2113
 8995 05ca 4108     		.short	2113
 8996 05cc 4108     		.short	2113
 8997 05ce 4108     		.short	2113
 8998 05d0 4108     		.short	2113
 8999 05d2 4108     		.short	2113
 9000 05d4 4108     		.short	2113
 9001 05d6 4108     		.short	2113
 9002 05d8 4108     		.short	2113
 9003 05da 4108     		.short	2113
 9004 05dc 4108     		.short	2113
 9005 05de 4108     		.short	2113
 9006 05e0 4108     		.short	2113
 9007 05e2 4108     		.short	2113
 9008 05e4 4108     		.short	2113
 9009 05e6 4108     		.short	2113
 9010 05e8 4108     		.short	2113
 9011 05ea 4108     		.short	2113
 9012 05ec 4108     		.short	2113
 9013 05ee 4108     		.short	2113
 9014 05f0 4108     		.short	2113
 9015 05f2 4108     		.short	2113
 9016 05f4 4108     		.short	2113
 9017 05f6 4108     		.short	2113
 9018 05f8 4108     		.short	2113
 9019 05fa 4108     		.short	2113
 9020 05fc 0000     		.short	0
 9021 05fe 75AD     		.short	-21131
 9022 0600 FFFF     		.short	-1
ARM GAS  /tmp/cczpKMPG.s 			page 203


 9023 0602 EB5A     		.short	23275
 9024 0604 0000     		.short	0
 9025 0606 6108     		.short	2145
 9026 0608 4108     		.short	2113
 9027 060a 4108     		.short	2113
 9028 060c 4108     		.short	2113
 9029 060e 2000     		.short	32
 9030 0610 8210     		.short	4226
 9031 0612 BEF7     		.short	-2114
 9032 0614 18C6     		.short	-14824
 9033 0616 0000     		.short	0
 9034 0618 4108     		.short	2113
 9035 061a 4108     		.short	2113
 9036 061c 4108     		.short	2113
 9037 061e 4108     		.short	2113
 9038 0620 4108     		.short	2113
 9039 0622 4108     		.short	2113
 9040 0624 4108     		.short	2113
 9041 0626 4108     		.short	2113
 9042 0628 4108     		.short	2113
 9043 062a 4108     		.short	2113
 9044 062c 4108     		.short	2113
 9045 062e 4108     		.short	2113
 9046 0630 4108     		.short	2113
 9047 0632 4108     		.short	2113
 9048 0634 4108     		.short	2113
 9049 0636 4108     		.short	2113
 9050 0638 4108     		.short	2113
 9051 063a 4108     		.short	2113
 9052 063c 4108     		.short	2113
 9053 063e 4108     		.short	2113
 9054 0640 4108     		.short	2113
 9055 0642 4108     		.short	2113
 9056 0644 4108     		.short	2113
 9057 0646 4108     		.short	2113
 9058 0648 4108     		.short	2113
 9059 064a 4108     		.short	2113
 9060 064c 4108     		.short	2113
 9061 064e 4108     		.short	2113
 9062 0650 4108     		.short	2113
 9063 0652 4108     		.short	2113
 9064 0654 4108     		.short	2113
 9065 0656 4108     		.short	2113
 9066 0658 4108     		.short	2113
 9067 065a 4108     		.short	2113
 9068 065c 4108     		.short	2113
 9069 065e 4108     		.short	2113
 9070 0660 4108     		.short	2113
 9071 0662 4108     		.short	2113
 9072 0664 4108     		.short	2113
 9073 0666 4108     		.short	2113
 9074 0668 4108     		.short	2113
 9075 066a 4108     		.short	2113
 9076 066c 4108     		.short	2113
 9077 066e 4108     		.short	2113
 9078 0670 4108     		.short	2113
 9079 0672 4108     		.short	2113
ARM GAS  /tmp/cczpKMPG.s 			page 204


 9080 0674 4108     		.short	2113
 9081 0676 4108     		.short	2113
 9082 0678 4108     		.short	2113
 9083 067a 4108     		.short	2113
 9084 067c 4108     		.short	2113
 9085 067e 4108     		.short	2113
 9086 0680 4108     		.short	2113
 9087 0682 4108     		.short	2113
 9088 0684 4108     		.short	2113
 9089 0686 4108     		.short	2113
 9090 0688 4108     		.short	2113
 9091 068a 4108     		.short	2113
 9092 068c 4108     		.short	2113
 9093 068e 4108     		.short	2113
 9094 0690 4108     		.short	2113
 9095 0692 4108     		.short	2113
 9096 0694 4108     		.short	2113
 9097 0696 4108     		.short	2113
 9098 0698 4108     		.short	2113
 9099 069a 4108     		.short	2113
 9100 069c 4108     		.short	2113
 9101 069e 4108     		.short	2113
 9102 06a0 4108     		.short	2113
 9103 06a2 4108     		.short	2113
 9104 06a4 4108     		.short	2113
 9105 06a6 4108     		.short	2113
 9106 06a8 4108     		.short	2113
 9107 06aa 4108     		.short	2113
 9108 06ac 4108     		.short	2113
 9109 06ae 4108     		.short	2113
 9110 06b0 4108     		.short	2113
 9111 06b2 4108     		.short	2113
 9112 06b4 4108     		.short	2113
 9113 06b6 4108     		.short	2113
 9114 06b8 4108     		.short	2113
 9115 06ba 4108     		.short	2113
 9116 06bc 4108     		.short	2113
 9117 06be 4108     		.short	2113
 9118 06c0 4108     		.short	2113
 9119 06c2 4108     		.short	2113
 9120 06c4 4108     		.short	2113
 9121 06c6 4108     		.short	2113
 9122 06c8 4108     		.short	2113
 9123 06ca 4108     		.short	2113
 9124 06cc 0000     		.short	0
 9125 06ce 55AD     		.short	-21163
 9126 06d0 FFFF     		.short	-1
 9127 06d2 14A5     		.short	-23276
 9128 06d4 0000     		.short	0
 9129 06d6 6108     		.short	2145
 9130 06d8 4108     		.short	2113
 9131 06da 4108     		.short	2113
 9132 06dc 4108     		.short	2113
 9133 06de 0000     		.short	0
 9134 06e0 2842     		.short	16936
 9135 06e2 FFFF     		.short	-1
 9136 06e4 38C6     		.short	-14792
ARM GAS  /tmp/cczpKMPG.s 			page 205


 9137 06e6 0000     		.short	0
 9138 06e8 4108     		.short	2113
 9139 06ea 4108     		.short	2113
 9140 06ec 4108     		.short	2113
 9141 06ee 4108     		.short	2113
 9142 06f0 4108     		.short	2113
 9143 06f2 4108     		.short	2113
 9144 06f4 4108     		.short	2113
 9145 06f6 0000     		.short	0
 9146 06f8 2000     		.short	32
 9147 06fa 4108     		.short	2113
 9148 06fc 4108     		.short	2113
 9149 06fe 4108     		.short	2113
 9150 0700 4108     		.short	2113
 9151 0702 4108     		.short	2113
 9152 0704 4108     		.short	2113
 9153 0706 4108     		.short	2113
 9154 0708 4108     		.short	2113
 9155 070a 4108     		.short	2113
 9156 070c 4108     		.short	2113
 9157 070e 4108     		.short	2113
 9158 0710 4108     		.short	2113
 9159 0712 4108     		.short	2113
 9160 0714 4108     		.short	2113
 9161 0716 4108     		.short	2113
 9162 0718 4108     		.short	2113
 9163 071a 4108     		.short	2113
 9164 071c 4108     		.short	2113
 9165 071e 4108     		.short	2113
 9166 0720 4108     		.short	2113
 9167 0722 4108     		.short	2113
 9168 0724 4108     		.short	2113
 9169 0726 4108     		.short	2113
 9170 0728 4108     		.short	2113
 9171 072a 4108     		.short	2113
 9172 072c 4108     		.short	2113
 9173 072e 4108     		.short	2113
 9174 0730 4108     		.short	2113
 9175 0732 4108     		.short	2113
 9176 0734 4108     		.short	2113
 9177 0736 4108     		.short	2113
 9178 0738 4108     		.short	2113
 9179 073a 4108     		.short	2113
 9180 073c 4108     		.short	2113
 9181 073e 4108     		.short	2113
 9182 0740 4108     		.short	2113
 9183 0742 4108     		.short	2113
 9184 0744 4108     		.short	2113
 9185 0746 4108     		.short	2113
 9186 0748 4108     		.short	2113
 9187 074a 4108     		.short	2113
 9188 074c 4108     		.short	2113
 9189 074e 4108     		.short	2113
 9190 0750 4108     		.short	2113
 9191 0752 4108     		.short	2113
 9192 0754 4108     		.short	2113
 9193 0756 4108     		.short	2113
ARM GAS  /tmp/cczpKMPG.s 			page 206


 9194 0758 4108     		.short	2113
 9195 075a 4108     		.short	2113
 9196 075c 4108     		.short	2113
 9197 075e 4108     		.short	2113
 9198 0760 4108     		.short	2113
 9199 0762 4108     		.short	2113
 9200 0764 4108     		.short	2113
 9201 0766 4108     		.short	2113
 9202 0768 4108     		.short	2113
 9203 076a 4108     		.short	2113
 9204 076c 4108     		.short	2113
 9205 076e 4108     		.short	2113
 9206 0770 4108     		.short	2113
 9207 0772 4108     		.short	2113
 9208 0774 4108     		.short	2113
 9209 0776 4108     		.short	2113
 9210 0778 4108     		.short	2113
 9211 077a 4108     		.short	2113
 9212 077c 4108     		.short	2113
 9213 077e 4108     		.short	2113
 9214 0780 2000     		.short	32
 9215 0782 4108     		.short	2113
 9216 0784 4108     		.short	2113
 9217 0786 4108     		.short	2113
 9218 0788 4108     		.short	2113
 9219 078a 4108     		.short	2113
 9220 078c 4108     		.short	2113
 9221 078e 4108     		.short	2113
 9222 0790 4108     		.short	2113
 9223 0792 4108     		.short	2113
 9224 0794 4108     		.short	2113
 9225 0796 4108     		.short	2113
 9226 0798 4108     		.short	2113
 9227 079a 6108     		.short	2145
 9228 079c 0000     		.short	0
 9229 079e B294     		.short	-27470
 9230 07a0 FFFF     		.short	-1
 9231 07a2 FBDE     		.short	-8453
 9232 07a4 6108     		.short	2145
 9233 07a6 2000     		.short	32
 9234 07a8 4108     		.short	2113
 9235 07aa 4108     		.short	2113
 9236 07ac 6108     		.short	2145
 9237 07ae 0000     		.short	0
 9238 07b0 3084     		.short	-31696
 9239 07b2 FFFF     		.short	-1
 9240 07b4 9AD6     		.short	-10598
 9241 07b6 2000     		.short	32
 9242 07b8 4108     		.short	2113
 9243 07ba 4108     		.short	2113
 9244 07bc 4108     		.short	2113
 9245 07be 4108     		.short	2113
 9246 07c0 4108     		.short	2113
 9247 07c2 4108     		.short	2113
 9248 07c4 0000     		.short	0
 9249 07c6 6529     		.short	10597
 9250 07c8 6108     		.short	2145
ARM GAS  /tmp/cczpKMPG.s 			page 207


 9251 07ca 2000     		.short	32
 9252 07cc 4108     		.short	2113
 9253 07ce 4108     		.short	2113
 9254 07d0 4108     		.short	2113
 9255 07d2 4108     		.short	2113
 9256 07d4 4108     		.short	2113
 9257 07d6 4108     		.short	2113
 9258 07d8 4108     		.short	2113
 9259 07da 4108     		.short	2113
 9260 07dc 4108     		.short	2113
 9261 07de 4108     		.short	2113
 9262 07e0 4108     		.short	2113
 9263 07e2 4108     		.short	2113
 9264 07e4 4108     		.short	2113
 9265 07e6 4108     		.short	2113
 9266 07e8 4108     		.short	2113
 9267 07ea 4108     		.short	2113
 9268 07ec 4108     		.short	2113
 9269 07ee 4108     		.short	2113
 9270 07f0 4108     		.short	2113
 9271 07f2 4108     		.short	2113
 9272 07f4 4108     		.short	2113
 9273 07f6 4108     		.short	2113
 9274 07f8 4108     		.short	2113
 9275 07fa 4108     		.short	2113
 9276 07fc 4108     		.short	2113
 9277 07fe 4108     		.short	2113
 9278 0800 4108     		.short	2113
 9279 0802 4108     		.short	2113
 9280 0804 4108     		.short	2113
 9281 0806 4108     		.short	2113
 9282 0808 4108     		.short	2113
 9283 080a 4108     		.short	2113
 9284 080c 4108     		.short	2113
 9285 080e 4108     		.short	2113
 9286 0810 4108     		.short	2113
 9287 0812 4108     		.short	2113
 9288 0814 4108     		.short	2113
 9289 0816 4108     		.short	2113
 9290 0818 4108     		.short	2113
 9291 081a 4108     		.short	2113
 9292 081c 4108     		.short	2113
 9293 081e 4108     		.short	2113
 9294 0820 4108     		.short	2113
 9295 0822 4108     		.short	2113
 9296 0824 4108     		.short	2113
 9297 0826 4108     		.short	2113
 9298 0828 4108     		.short	2113
 9299 082a 4108     		.short	2113
 9300 082c 4108     		.short	2113
 9301 082e 4108     		.short	2113
 9302 0830 4108     		.short	2113
 9303 0832 4108     		.short	2113
 9304 0834 4108     		.short	2113
 9305 0836 4108     		.short	2113
 9306 0838 4108     		.short	2113
 9307 083a 4108     		.short	2113
ARM GAS  /tmp/cczpKMPG.s 			page 208


 9308 083c 4108     		.short	2113
 9309 083e 4108     		.short	2113
 9310 0840 4108     		.short	2113
 9311 0842 4108     		.short	2113
 9312 0844 4108     		.short	2113
 9313 0846 4108     		.short	2113
 9314 0848 4108     		.short	2113
 9315 084a 4108     		.short	2113
 9316 084c 4108     		.short	2113
 9317 084e 2000     		.short	32
 9318 0850 A210     		.short	4258
 9319 0852 0000     		.short	0
 9320 0854 4108     		.short	2113
 9321 0856 4108     		.short	2113
 9322 0858 4108     		.short	2113
 9323 085a 4108     		.short	2113
 9324 085c 4108     		.short	2113
 9325 085e 4108     		.short	2113
 9326 0860 4108     		.short	2113
 9327 0862 4108     		.short	2113
 9328 0864 4108     		.short	2113
 9329 0866 4108     		.short	2113
 9330 0868 4108     		.short	2113
 9331 086a 6108     		.short	2145
 9332 086c 0000     		.short	0
 9333 086e B294     		.short	-27470
 9334 0870 FFFF     		.short	-1
 9335 0872 FFFF     		.short	-1
 9336 0874 E739     		.short	14823
 9337 0876 0000     		.short	0
 9338 0878 4108     		.short	2113
 9339 087a 4108     		.short	2113
 9340 087c 4108     		.short	2113
 9341 087e 2000     		.short	32
 9342 0880 79CE     		.short	-12679
 9343 0882 FFFF     		.short	-1
 9344 0884 1CE7     		.short	-6372
 9345 0886 8210     		.short	4226
 9346 0888 2000     		.short	32
 9347 088a 4108     		.short	2113
 9348 088c 4108     		.short	2113
 9349 088e 4108     		.short	2113
 9350 0890 6108     		.short	2145
 9351 0892 0000     		.short	0
 9352 0894 2842     		.short	16936
 9353 0896 9294     		.short	-27502
 9354 0898 0000     		.short	0
 9355 089a 4108     		.short	2113
 9356 089c 4108     		.short	2113
 9357 089e 4108     		.short	2113
 9358 08a0 4108     		.short	2113
 9359 08a2 4108     		.short	2113
 9360 08a4 4108     		.short	2113
 9361 08a6 4108     		.short	2113
 9362 08a8 4108     		.short	2113
 9363 08aa 4108     		.short	2113
 9364 08ac 4108     		.short	2113
ARM GAS  /tmp/cczpKMPG.s 			page 209


 9365 08ae 4108     		.short	2113
 9366 08b0 4108     		.short	2113
 9367 08b2 4108     		.short	2113
 9368 08b4 4108     		.short	2113
 9369 08b6 4108     		.short	2113
 9370 08b8 4108     		.short	2113
 9371 08ba 4108     		.short	2113
 9372 08bc 4108     		.short	2113
 9373 08be 4108     		.short	2113
 9374 08c0 4108     		.short	2113
 9375 08c2 4108     		.short	2113
 9376 08c4 4108     		.short	2113
 9377 08c6 4108     		.short	2113
 9378 08c8 4108     		.short	2113
 9379 08ca 4108     		.short	2113
 9380 08cc 4108     		.short	2113
 9381 08ce 4108     		.short	2113
 9382 08d0 4108     		.short	2113
 9383 08d2 4108     		.short	2113
 9384 08d4 4108     		.short	2113
 9385 08d6 4108     		.short	2113
 9386 08d8 4108     		.short	2113
 9387 08da 4108     		.short	2113
 9388 08dc 4108     		.short	2113
 9389 08de 4108     		.short	2113
 9390 08e0 4108     		.short	2113
 9391 08e2 4108     		.short	2113
 9392 08e4 4108     		.short	2113
 9393 08e6 4108     		.short	2113
 9394 08e8 4108     		.short	2113
 9395 08ea 4108     		.short	2113
 9396 08ec 4108     		.short	2113
 9397 08ee 4108     		.short	2113
 9398 08f0 4108     		.short	2113
 9399 08f2 4108     		.short	2113
 9400 08f4 4108     		.short	2113
 9401 08f6 4108     		.short	2113
 9402 08f8 4108     		.short	2113
 9403 08fa 4108     		.short	2113
 9404 08fc 4108     		.short	2113
 9405 08fe 4108     		.short	2113
 9406 0900 4108     		.short	2113
 9407 0902 4108     		.short	2113
 9408 0904 4108     		.short	2113
 9409 0906 4108     		.short	2113
 9410 0908 4108     		.short	2113
 9411 090a 4108     		.short	2113
 9412 090c 4108     		.short	2113
 9413 090e 4108     		.short	2113
 9414 0910 4108     		.short	2113
 9415 0912 4108     		.short	2113
 9416 0914 4108     		.short	2113
 9417 0916 4108     		.short	2113
 9418 0918 4108     		.short	2113
 9419 091a 4108     		.short	2113
 9420 091c 4108     		.short	2113
 9421 091e 0000     		.short	0
ARM GAS  /tmp/cczpKMPG.s 			page 210


 9422 0920 E739     		.short	14823
 9423 0922 2C63     		.short	25388
 9424 0924 0000     		.short	0
 9425 0926 6108     		.short	2145
 9426 0928 4108     		.short	2113
 9427 092a 4108     		.short	2113
 9428 092c 4108     		.short	2113
 9429 092e 4108     		.short	2113
 9430 0930 4108     		.short	2113
 9431 0932 4108     		.short	2113
 9432 0934 4108     		.short	2113
 9433 0936 4108     		.short	2113
 9434 0938 4108     		.short	2113
 9435 093a 6108     		.short	2145
 9436 093c 0000     		.short	0
 9437 093e B294     		.short	-27470
 9438 0940 FFFF     		.short	-1
 9439 0942 FFFF     		.short	-1
 9440 0944 EF7B     		.short	31727
 9441 0946 0000     		.short	0
 9442 0948 6108     		.short	2145
 9443 094a 4108     		.short	2113
 9444 094c 0000     		.short	0
 9445 094e 8631     		.short	12678
 9446 0950 DFFF     		.short	-33
 9447 0952 FFFF     		.short	-1
 9448 0954 9EF7     		.short	-2146
 9449 0956 E318     		.short	6371
 9450 0958 0000     		.short	0
 9451 095a 4108     		.short	2113
 9452 095c 4108     		.short	2113
 9453 095e 4108     		.short	2113
 9454 0960 0000     		.short	0
 9455 0962 0421     		.short	8452
 9456 0964 9EF7     		.short	-2146
 9457 0966 AA52     		.short	21162
 9458 0968 0000     		.short	0
 9459 096a 6108     		.short	2145
 9460 096c 4108     		.short	2113
 9461 096e 4108     		.short	2113
 9462 0970 4108     		.short	2113
 9463 0972 4108     		.short	2113
 9464 0974 4108     		.short	2113
 9465 0976 4108     		.short	2113
 9466 0978 4108     		.short	2113
 9467 097a 4108     		.short	2113
 9468 097c 4108     		.short	2113
 9469 097e 4108     		.short	2113
 9470 0980 4108     		.short	2113
 9471 0982 4108     		.short	2113
 9472 0984 4108     		.short	2113
 9473 0986 4108     		.short	2113
 9474 0988 4108     		.short	2113
 9475 098a 4108     		.short	2113
 9476 098c 4108     		.short	2113
 9477 098e 4108     		.short	2113
 9478 0990 4108     		.short	2113
ARM GAS  /tmp/cczpKMPG.s 			page 211


 9479 0992 4108     		.short	2113
 9480 0994 4108     		.short	2113
 9481 0996 4108     		.short	2113
 9482 0998 4108     		.short	2113
 9483 099a 4108     		.short	2113
 9484 099c 4108     		.short	2113
 9485 099e 4108     		.short	2113
 9486 09a0 4108     		.short	2113
 9487 09a2 4108     		.short	2113
 9488 09a4 4108     		.short	2113
 9489 09a6 4108     		.short	2113
 9490 09a8 4108     		.short	2113
 9491 09aa 4108     		.short	2113
 9492 09ac 4108     		.short	2113
 9493 09ae 4108     		.short	2113
 9494 09b0 4108     		.short	2113
 9495 09b2 4108     		.short	2113
 9496 09b4 4108     		.short	2113
 9497 09b6 4108     		.short	2113
 9498 09b8 4108     		.short	2113
 9499 09ba 4108     		.short	2113
 9500 09bc 4108     		.short	2113
 9501 09be 4108     		.short	2113
 9502 09c0 4108     		.short	2113
 9503 09c2 4108     		.short	2113
 9504 09c4 4108     		.short	2113
 9505 09c6 4108     		.short	2113
 9506 09c8 4108     		.short	2113
 9507 09ca 4108     		.short	2113
 9508 09cc 4108     		.short	2113
 9509 09ce 4108     		.short	2113
 9510 09d0 4108     		.short	2113
 9511 09d2 4108     		.short	2113
 9512 09d4 4108     		.short	2113
 9513 09d6 4108     		.short	2113
 9514 09d8 4108     		.short	2113
 9515 09da 4108     		.short	2113
 9516 09dc 4108     		.short	2113
 9517 09de 4108     		.short	2113
 9518 09e0 4108     		.short	2113
 9519 09e2 4108     		.short	2113
 9520 09e4 4108     		.short	2113
 9521 09e6 4108     		.short	2113
 9522 09e8 4108     		.short	2113
 9523 09ea 4108     		.short	2113
 9524 09ec 4108     		.short	2113
 9525 09ee 4108     		.short	2113
 9526 09f0 2000     		.short	32
 9527 09f2 F7BD     		.short	-16905
 9528 09f4 8E73     		.short	29582
 9529 09f6 0000     		.short	0
 9530 09f8 6108     		.short	2145
 9531 09fa 4108     		.short	2113
 9532 09fc 4108     		.short	2113
 9533 09fe 4108     		.short	2113
 9534 0a00 4108     		.short	2113
 9535 0a02 4108     		.short	2113
ARM GAS  /tmp/cczpKMPG.s 			page 212


 9536 0a04 4108     		.short	2113
 9537 0a06 4108     		.short	2113
 9538 0a08 4108     		.short	2113
 9539 0a0a 6108     		.short	2145
 9540 0a0c 0000     		.short	0
 9541 0a0e D39C     		.short	-25389
 9542 0a10 FFFF     		.short	-1
 9543 0a12 DFFF     		.short	-33
 9544 0a14 18C6     		.short	-14824
 9545 0a16 0000     		.short	0
 9546 0a18 4108     		.short	2113
 9547 0a1a 6108     		.short	2145
 9548 0a1c 0000     		.short	0
 9549 0a1e 1084     		.short	-31728
 9550 0a20 FFFF     		.short	-1
 9551 0a22 F7BD     		.short	-16905
 9552 0a24 FFFF     		.short	-1
 9553 0a26 A631     		.short	12710
 9554 0a28 0000     		.short	0
 9555 0a2a 4108     		.short	2113
 9556 0a2c 4108     		.short	2113
 9557 0a2e 2000     		.short	32
 9558 0a30 A210     		.short	4258
 9559 0a32 DBDE     		.short	-8485
 9560 0a34 7DEF     		.short	-4227
 9561 0a36 6108     		.short	2145
 9562 0a38 2000     		.short	32
 9563 0a3a 4108     		.short	2113
 9564 0a3c 4108     		.short	2113
 9565 0a3e 4108     		.short	2113
 9566 0a40 4108     		.short	2113
 9567 0a42 4108     		.short	2113
 9568 0a44 4108     		.short	2113
 9569 0a46 4108     		.short	2113
 9570 0a48 4108     		.short	2113
 9571 0a4a 4108     		.short	2113
 9572 0a4c 4108     		.short	2113
 9573 0a4e 4108     		.short	2113
 9574 0a50 4108     		.short	2113
 9575 0a52 4108     		.short	2113
 9576 0a54 4108     		.short	2113
 9577 0a56 4108     		.short	2113
 9578 0a58 4108     		.short	2113
 9579 0a5a 4108     		.short	2113
 9580 0a5c 4108     		.short	2113
 9581 0a5e 4108     		.short	2113
 9582 0a60 4108     		.short	2113
 9583 0a62 4108     		.short	2113
 9584 0a64 4108     		.short	2113
 9585 0a66 4108     		.short	2113
 9586 0a68 4108     		.short	2113
 9587 0a6a 4108     		.short	2113
 9588 0a6c 4108     		.short	2113
 9589 0a6e 4108     		.short	2113
 9590 0a70 4108     		.short	2113
 9591 0a72 4108     		.short	2113
 9592 0a74 4108     		.short	2113
ARM GAS  /tmp/cczpKMPG.s 			page 213


 9593 0a76 4108     		.short	2113
 9594 0a78 4108     		.short	2113
 9595 0a7a 4108     		.short	2113
 9596 0a7c 4108     		.short	2113
 9597 0a7e 4108     		.short	2113
 9598 0a80 4108     		.short	2113
 9599 0a82 4108     		.short	2113
 9600 0a84 4108     		.short	2113
 9601 0a86 4108     		.short	2113
 9602 0a88 4108     		.short	2113
 9603 0a8a 4108     		.short	2113
 9604 0a8c 4108     		.short	2113
 9605 0a8e 4108     		.short	2113
 9606 0a90 4108     		.short	2113
 9607 0a92 4108     		.short	2113
 9608 0a94 4108     		.short	2113
 9609 0a96 4108     		.short	2113
 9610 0a98 4108     		.short	2113
 9611 0a9a 4108     		.short	2113
 9612 0a9c 4108     		.short	2113
 9613 0a9e 4108     		.short	2113
 9614 0aa0 4108     		.short	2113
 9615 0aa2 4108     		.short	2113
 9616 0aa4 4108     		.short	2113
 9617 0aa6 4108     		.short	2113
 9618 0aa8 4108     		.short	2113
 9619 0aaa 4108     		.short	2113
 9620 0aac 4108     		.short	2113
 9621 0aae 4108     		.short	2113
 9622 0ab0 4108     		.short	2113
 9623 0ab2 4108     		.short	2113
 9624 0ab4 4108     		.short	2113
 9625 0ab6 4108     		.short	2113
 9626 0ab8 4108     		.short	2113
 9627 0aba 4108     		.short	2113
 9628 0abc 4108     		.short	2113
 9629 0abe 4108     		.short	2113
 9630 0ac0 0000     		.short	0
 9631 0ac2 2842     		.short	16936
 9632 0ac4 FFFF     		.short	-1
 9633 0ac6 2C63     		.short	25388
 9634 0ac8 0000     		.short	0
 9635 0aca 6108     		.short	2145
 9636 0acc 4108     		.short	2113
 9637 0ace 4108     		.short	2113
 9638 0ad0 4108     		.short	2113
 9639 0ad2 4108     		.short	2113
 9640 0ad4 4108     		.short	2113
 9641 0ad6 4108     		.short	2113
 9642 0ad8 4108     		.short	2113
 9643 0ada 6108     		.short	2145
 9644 0adc 0000     		.short	0
 9645 0ade F39C     		.short	-25357
 9646 0ae0 9EF7     		.short	-2146
 9647 0ae2 F7BD     		.short	-16905
 9648 0ae4 DFFF     		.short	-33
 9649 0ae6 C318     		.short	6339
ARM GAS  /tmp/cczpKMPG.s 			page 214


 9650 0ae8 2000     		.short	32
 9651 0aea 6108     		.short	2145
 9652 0aec 4108     		.short	2113
 9653 0aee 3CE7     		.short	-6340
 9654 0af0 9AD6     		.short	-10598
 9655 0af2 8A52     		.short	21130
 9656 0af4 FFFF     		.short	-1
 9657 0af6 AA52     		.short	21162
 9658 0af8 0000     		.short	0
 9659 0afa 8210     		.short	4226
 9660 0afc 0000     		.short	0
 9661 0afe 4108     		.short	2113
 9662 0b00 18C6     		.short	-14824
 9663 0b02 FFFF     		.short	-1
 9664 0b04 14A5     		.short	-23276
 9665 0b06 0000     		.short	0
 9666 0b08 6108     		.short	2145
 9667 0b0a 4108     		.short	2113
 9668 0b0c 4108     		.short	2113
 9669 0b0e 4108     		.short	2113
 9670 0b10 4108     		.short	2113
 9671 0b12 4108     		.short	2113
 9672 0b14 4108     		.short	2113
 9673 0b16 4108     		.short	2113
 9674 0b18 4108     		.short	2113
 9675 0b1a 4108     		.short	2113
 9676 0b1c 4108     		.short	2113
 9677 0b1e 4108     		.short	2113
 9678 0b20 4108     		.short	2113
 9679 0b22 4108     		.short	2113
 9680 0b24 4108     		.short	2113
 9681 0b26 4108     		.short	2113
 9682 0b28 4108     		.short	2113
 9683 0b2a 4108     		.short	2113
 9684 0b2c 4108     		.short	2113
 9685 0b2e 4108     		.short	2113
 9686 0b30 4108     		.short	2113
 9687 0b32 4108     		.short	2113
 9688 0b34 4108     		.short	2113
 9689 0b36 4108     		.short	2113
 9690 0b38 4108     		.short	2113
 9691 0b3a 4108     		.short	2113
 9692 0b3c 4108     		.short	2113
 9693 0b3e 4108     		.short	2113
 9694 0b40 4108     		.short	2113
 9695 0b42 4108     		.short	2113
 9696 0b44 4108     		.short	2113
 9697 0b46 4108     		.short	2113
 9698 0b48 4108     		.short	2113
 9699 0b4a 4108     		.short	2113
 9700 0b4c 4108     		.short	2113
 9701 0b4e 4108     		.short	2113
 9702 0b50 4108     		.short	2113
 9703 0b52 4108     		.short	2113
 9704 0b54 4108     		.short	2113
 9705 0b56 4108     		.short	2113
 9706 0b58 4108     		.short	2113
ARM GAS  /tmp/cczpKMPG.s 			page 215


 9707 0b5a 4108     		.short	2113
 9708 0b5c 4108     		.short	2113
 9709 0b5e 4108     		.short	2113
 9710 0b60 4108     		.short	2113
 9711 0b62 4108     		.short	2113
 9712 0b64 4108     		.short	2113
 9713 0b66 4108     		.short	2113
 9714 0b68 4108     		.short	2113
 9715 0b6a 4108     		.short	2113
 9716 0b6c 4108     		.short	2113
 9717 0b6e 4108     		.short	2113
 9718 0b70 4108     		.short	2113
 9719 0b72 4108     		.short	2113
 9720 0b74 4108     		.short	2113
 9721 0b76 4108     		.short	2113
 9722 0b78 4108     		.short	2113
 9723 0b7a 4108     		.short	2113
 9724 0b7c 4108     		.short	2113
 9725 0b7e 4108     		.short	2113
 9726 0b80 4108     		.short	2113
 9727 0b82 4108     		.short	2113
 9728 0b84 4108     		.short	2113
 9729 0b86 4108     		.short	2113
 9730 0b88 4108     		.short	2113
 9731 0b8a 4108     		.short	2113
 9732 0b8c 4108     		.short	2113
 9733 0b8e 4108     		.short	2113
 9734 0b90 4108     		.short	2113
 9735 0b92 0000     		.short	0
 9736 0b94 18C6     		.short	-14824
 9737 0b96 FFFF     		.short	-1
 9738 0b98 0C63     		.short	25356
 9739 0b9a 0000     		.short	0
 9740 0b9c 6108     		.short	2145
 9741 0b9e 4108     		.short	2113
 9742 0ba0 4108     		.short	2113
 9743 0ba2 4108     		.short	2113
 9744 0ba4 4108     		.short	2113
 9745 0ba6 4108     		.short	2113
 9746 0ba8 4108     		.short	2113
 9747 0baa 6108     		.short	2145
 9748 0bac 0000     		.short	0
 9749 0bae F39C     		.short	-25357
 9750 0bb0 9EF7     		.short	-2146
 9751 0bb2 EB5A     		.short	23275
 9752 0bb4 FFFF     		.short	-1
 9753 0bb6 518C     		.short	-29615
 9754 0bb8 0000     		.short	0
 9755 0bba 0000     		.short	0
 9756 0bbc 4D6B     		.short	27469
 9757 0bbe FFFF     		.short	-1
 9758 0bc0 4D6B     		.short	27469
 9759 0bc2 C318     		.short	6339
 9760 0bc4 FFFF     		.short	-1
 9761 0bc6 9294     		.short	-27502
 9762 0bc8 0000     		.short	0
 9763 0bca 0000     		.short	0
ARM GAS  /tmp/cczpKMPG.s 			page 216


 9764 0bcc 8210     		.short	4226
 9765 0bce F7BD     		.short	-16905
 9766 0bd0 FFFF     		.short	-1
 9767 0bd2 FFFF     		.short	-1
 9768 0bd4 EB5A     		.short	23275
 9769 0bd6 0000     		.short	0
 9770 0bd8 4108     		.short	2113
 9771 0bda 4108     		.short	2113
 9772 0bdc 4108     		.short	2113
 9773 0bde 4108     		.short	2113
 9774 0be0 4108     		.short	2113
 9775 0be2 4108     		.short	2113
 9776 0be4 4108     		.short	2113
 9777 0be6 4108     		.short	2113
 9778 0be8 4108     		.short	2113
 9779 0bea 4108     		.short	2113
 9780 0bec 4108     		.short	2113
 9781 0bee 4108     		.short	2113
 9782 0bf0 4108     		.short	2113
 9783 0bf2 4108     		.short	2113
 9784 0bf4 4108     		.short	2113
 9785 0bf6 4108     		.short	2113
 9786 0bf8 4108     		.short	2113
 9787 0bfa 4108     		.short	2113
 9788 0bfc 4108     		.short	2113
 9789 0bfe 4108     		.short	2113
 9790 0c00 4108     		.short	2113
 9791 0c02 4108     		.short	2113
 9792 0c04 4108     		.short	2113
 9793 0c06 4108     		.short	2113
 9794 0c08 4108     		.short	2113
 9795 0c0a 4108     		.short	2113
 9796 0c0c 4108     		.short	2113
 9797 0c0e 4108     		.short	2113
 9798 0c10 4108     		.short	2113
 9799 0c12 4108     		.short	2113
 9800 0c14 4108     		.short	2113
 9801 0c16 4108     		.short	2113
 9802 0c18 4108     		.short	2113
 9803 0c1a 4108     		.short	2113
 9804 0c1c 4108     		.short	2113
 9805 0c1e 4108     		.short	2113
 9806 0c20 4108     		.short	2113
 9807 0c22 4108     		.short	2113
 9808 0c24 4108     		.short	2113
 9809 0c26 4108     		.short	2113
 9810 0c28 4108     		.short	2113
 9811 0c2a 4108     		.short	2113
 9812 0c2c 4108     		.short	2113
 9813 0c2e 4108     		.short	2113
 9814 0c30 4108     		.short	2113
 9815 0c32 4108     		.short	2113
 9816 0c34 4108     		.short	2113
 9817 0c36 4108     		.short	2113
 9818 0c38 4108     		.short	2113
 9819 0c3a 4108     		.short	2113
 9820 0c3c 4108     		.short	2113
ARM GAS  /tmp/cczpKMPG.s 			page 217


 9821 0c3e 4108     		.short	2113
 9822 0c40 4108     		.short	2113
 9823 0c42 4108     		.short	2113
 9824 0c44 4108     		.short	2113
 9825 0c46 4108     		.short	2113
 9826 0c48 4108     		.short	2113
 9827 0c4a 4108     		.short	2113
 9828 0c4c 4108     		.short	2113
 9829 0c4e 4108     		.short	2113
 9830 0c50 4108     		.short	2113
 9831 0c52 4108     		.short	2113
 9832 0c54 4108     		.short	2113
 9833 0c56 4108     		.short	2113
 9834 0c58 4108     		.short	2113
 9835 0c5a 4108     		.short	2113
 9836 0c5c 4108     		.short	2113
 9837 0c5e 4108     		.short	2113
 9838 0c60 4108     		.short	2113
 9839 0c62 0000     		.short	0
 9840 0c64 694A     		.short	19049
 9841 0c66 FFFF     		.short	-1
 9842 0c68 FFFF     		.short	-1
 9843 0c6a 2C63     		.short	25388
 9844 0c6c 0000     		.short	0
 9845 0c6e 6108     		.short	2145
 9846 0c70 4108     		.short	2113
 9847 0c72 4108     		.short	2113
 9848 0c74 4108     		.short	2113
 9849 0c76 4108     		.short	2113
 9850 0c78 4108     		.short	2113
 9851 0c7a 4108     		.short	2113
 9852 0c7c 0000     		.short	0
 9853 0c7e 96B5     		.short	-19050
 9854 0c80 DFFF     		.short	-33
 9855 0c82 6108     		.short	2145
 9856 0c84 18C6     		.short	-14824
 9857 0c86 FFFF     		.short	-1
 9858 0c88 14A5     		.short	-23276
 9859 0c8a CF7B     		.short	31695
 9860 0c8c FFFF     		.short	-1
 9861 0c8e FBDE     		.short	-8453
 9862 0c90 6108     		.short	2145
 9863 0c92 0000     		.short	0
 9864 0c94 FBDE     		.short	-8453
 9865 0c96 5DEF     		.short	-4259
 9866 0c98 6108     		.short	2145
 9867 0c9a 8631     		.short	12678
 9868 0c9c BAD6     		.short	-10566
 9869 0c9e FFFF     		.short	-1
 9870 0ca0 7DEF     		.short	-4227
 9871 0ca2 DFFF     		.short	-33
 9872 0ca4 0421     		.short	8452
 9873 0ca6 0000     		.short	0
 9874 0ca8 4108     		.short	2113
 9875 0caa 4108     		.short	2113
 9876 0cac 4108     		.short	2113
 9877 0cae 4108     		.short	2113
ARM GAS  /tmp/cczpKMPG.s 			page 218


 9878 0cb0 4108     		.short	2113
 9879 0cb2 4108     		.short	2113
 9880 0cb4 4108     		.short	2113
 9881 0cb6 4108     		.short	2113
 9882 0cb8 4108     		.short	2113
 9883 0cba 4108     		.short	2113
 9884 0cbc 4108     		.short	2113
 9885 0cbe 4108     		.short	2113
 9886 0cc0 4108     		.short	2113
 9887 0cc2 4108     		.short	2113
 9888 0cc4 4108     		.short	2113
 9889 0cc6 4108     		.short	2113
 9890 0cc8 4108     		.short	2113
 9891 0cca 4108     		.short	2113
 9892 0ccc 4108     		.short	2113
 9893 0cce 4108     		.short	2113
 9894 0cd0 4108     		.short	2113
 9895 0cd2 4108     		.short	2113
 9896 0cd4 4108     		.short	2113
 9897 0cd6 4108     		.short	2113
 9898 0cd8 4108     		.short	2113
 9899 0cda 4108     		.short	2113
 9900 0cdc 4108     		.short	2113
 9901 0cde 4108     		.short	2113
 9902 0ce0 4108     		.short	2113
 9903 0ce2 4108     		.short	2113
 9904 0ce4 4108     		.short	2113
 9905 0ce6 4108     		.short	2113
 9906 0ce8 4108     		.short	2113
 9907 0cea 4108     		.short	2113
 9908 0cec 4108     		.short	2113
 9909 0cee 4108     		.short	2113
 9910 0cf0 4108     		.short	2113
 9911 0cf2 4108     		.short	2113
 9912 0cf4 4108     		.short	2113
 9913 0cf6 4108     		.short	2113
 9914 0cf8 4108     		.short	2113
 9915 0cfa 4108     		.short	2113
 9916 0cfc 4108     		.short	2113
 9917 0cfe 4108     		.short	2113
 9918 0d00 4108     		.short	2113
 9919 0d02 4108     		.short	2113
 9920 0d04 4108     		.short	2113
 9921 0d06 4108     		.short	2113
 9922 0d08 4108     		.short	2113
 9923 0d0a 4108     		.short	2113
 9924 0d0c 4108     		.short	2113
 9925 0d0e 4108     		.short	2113
 9926 0d10 4108     		.short	2113
 9927 0d12 4108     		.short	2113
 9928 0d14 4108     		.short	2113
 9929 0d16 4108     		.short	2113
 9930 0d18 4108     		.short	2113
 9931 0d1a 4108     		.short	2113
 9932 0d1c 4108     		.short	2113
 9933 0d1e 4108     		.short	2113
 9934 0d20 4108     		.short	2113
ARM GAS  /tmp/cczpKMPG.s 			page 219


 9935 0d22 4108     		.short	2113
 9936 0d24 4108     		.short	2113
 9937 0d26 4108     		.short	2113
 9938 0d28 4108     		.short	2113
 9939 0d2a 4108     		.short	2113
 9940 0d2c 4108     		.short	2113
 9941 0d2e 4108     		.short	2113
 9942 0d30 4108     		.short	2113
 9943 0d32 4108     		.short	2113
 9944 0d34 2000     		.short	32
 9945 0d36 9AD6     		.short	-10598
 9946 0d38 FFFF     		.short	-1
 9947 0d3a FFFF     		.short	-1
 9948 0d3c 4D6B     		.short	27469
 9949 0d3e 0000     		.short	0
 9950 0d40 4108     		.short	2113
 9951 0d42 4108     		.short	2113
 9952 0d44 4108     		.short	2113
 9953 0d46 4108     		.short	2113
 9954 0d48 4108     		.short	2113
 9955 0d4a 4108     		.short	2113
 9956 0d4c 0000     		.short	0
 9957 0d4e D7BD     		.short	-16937
 9958 0d50 9EF7     		.short	-2146
 9959 0d52 2000     		.short	32
 9960 0d54 C318     		.short	6339
 9961 0d56 96B5     		.short	-19050
 9962 0d58 FFFF     		.short	-1
 9963 0d5a FFFF     		.short	-1
 9964 0d5c DBDE     		.short	-8485
 9965 0d5e 8631     		.short	12678
 9966 0d60 2000     		.short	32
 9967 0d62 0000     		.short	0
 9968 0d64 0C63     		.short	25356
 9969 0d66 FFFF     		.short	-1
 9970 0d68 7DEF     		.short	-4227
 9971 0d6a FFFF     		.short	-1
 9972 0d6c FFFF     		.short	-1
 9973 0d6e 0C63     		.short	25356
 9974 0d70 9AD6     		.short	-10598
 9975 0d72 FBDE     		.short	-8453
 9976 0d74 0000     		.short	0
 9977 0d76 4108     		.short	2113
 9978 0d78 4108     		.short	2113
 9979 0d7a 4108     		.short	2113
 9980 0d7c 4108     		.short	2113
 9981 0d7e 4108     		.short	2113
 9982 0d80 4108     		.short	2113
 9983 0d82 4108     		.short	2113
 9984 0d84 4108     		.short	2113
 9985 0d86 4108     		.short	2113
 9986 0d88 4108     		.short	2113
 9987 0d8a 4108     		.short	2113
 9988 0d8c 4108     		.short	2113
 9989 0d8e 4108     		.short	2113
 9990 0d90 4108     		.short	2113
 9991 0d92 4108     		.short	2113
ARM GAS  /tmp/cczpKMPG.s 			page 220


 9992 0d94 4108     		.short	2113
 9993 0d96 4108     		.short	2113
 9994 0d98 4108     		.short	2113
 9995 0d9a 4108     		.short	2113
 9996 0d9c 4108     		.short	2113
 9997 0d9e 4108     		.short	2113
 9998 0da0 4108     		.short	2113
 9999 0da2 4108     		.short	2113
 10000 0da4 4108     		.short	2113
 10001 0da6 4108     		.short	2113
 10002 0da8 4108     		.short	2113
 10003 0daa 4108     		.short	2113
 10004 0dac 4108     		.short	2113
 10005 0dae 4108     		.short	2113
 10006 0db0 4108     		.short	2113
 10007 0db2 4108     		.short	2113
 10008 0db4 4108     		.short	2113
 10009 0db6 4108     		.short	2113
 10010 0db8 4108     		.short	2113
 10011 0dba 4108     		.short	2113
 10012 0dbc 4108     		.short	2113
 10013 0dbe 4108     		.short	2113
 10014 0dc0 4108     		.short	2113
 10015 0dc2 4108     		.short	2113
 10016 0dc4 4108     		.short	2113
 10017 0dc6 4108     		.short	2113
 10018 0dc8 4108     		.short	2113
 10019 0dca 4108     		.short	2113
 10020 0dcc 4108     		.short	2113
 10021 0dce 4108     		.short	2113
 10022 0dd0 4108     		.short	2113
 10023 0dd2 4108     		.short	2113
 10024 0dd4 4108     		.short	2113
 10025 0dd6 4108     		.short	2113
 10026 0dd8 4108     		.short	2113
 10027 0dda 4108     		.short	2113
 10028 0ddc 4108     		.short	2113
 10029 0dde 4108     		.short	2113
 10030 0de0 4108     		.short	2113
 10031 0de2 4108     		.short	2113
 10032 0de4 4108     		.short	2113
 10033 0de6 4108     		.short	2113
 10034 0de8 4108     		.short	2113
 10035 0dea 4108     		.short	2113
 10036 0dec 4108     		.short	2113
 10037 0dee 4108     		.short	2113
 10038 0df0 4108     		.short	2113
 10039 0df2 4108     		.short	2113
 10040 0df4 4108     		.short	2113
 10041 0df6 4108     		.short	2113
 10042 0df8 4108     		.short	2113
 10043 0dfa 4108     		.short	2113
 10044 0dfc 4108     		.short	2113
 10045 0dfe 4108     		.short	2113
 10046 0e00 4108     		.short	2113
 10047 0e02 6108     		.short	2145
 10048 0e04 0000     		.short	0
ARM GAS  /tmp/cczpKMPG.s 			page 221


 10049 0e06 4D6B     		.short	27469
 10050 0e08 FFFF     		.short	-1
 10051 0e0a DFFF     		.short	-33
 10052 0e0c FFFF     		.short	-1
 10053 0e0e EF7B     		.short	31727
 10054 0e10 0000     		.short	0
 10055 0e12 4108     		.short	2113
 10056 0e14 4108     		.short	2113
 10057 0e16 4108     		.short	2113
 10058 0e18 4108     		.short	2113
 10059 0e1a 4108     		.short	2113
 10060 0e1c 0000     		.short	0
 10061 0e1e BAD6     		.short	-10566
 10062 0e20 DBDE     		.short	-8485
 10063 0e22 0000     		.short	0
 10064 0e24 2000     		.short	32
 10065 0e26 0000     		.short	0
 10066 0e28 E318     		.short	6371
 10067 0e2a A631     		.short	12710
 10068 0e2c 8210     		.short	4226
 10069 0e2e 0000     		.short	0
 10070 0e30 6108     		.short	2145
 10071 0e32 6108     		.short	2145
 10072 0e34 0000     		.short	0
 10073 0e36 8E73     		.short	29582
 10074 0e38 59CE     		.short	-12711
 10075 0e3a 14A5     		.short	-23276
 10076 0e3c 6529     		.short	10597
 10077 0e3e 2000     		.short	32
 10078 0e40 FFFF     		.short	-1
 10079 0e42 55AD     		.short	-21163
 10080 0e44 0000     		.short	0
 10081 0e46 4108     		.short	2113
 10082 0e48 4108     		.short	2113
 10083 0e4a 4108     		.short	2113
 10084 0e4c 4108     		.short	2113
 10085 0e4e 4108     		.short	2113
 10086 0e50 4108     		.short	2113
 10087 0e52 4108     		.short	2113
 10088 0e54 4108     		.short	2113
 10089 0e56 4108     		.short	2113
 10090 0e58 4108     		.short	2113
 10091 0e5a 4108     		.short	2113
 10092 0e5c 4108     		.short	2113
 10093 0e5e 4108     		.short	2113
 10094 0e60 4108     		.short	2113
 10095 0e62 4108     		.short	2113
 10096 0e64 4108     		.short	2113
 10097 0e66 4108     		.short	2113
 10098 0e68 4108     		.short	2113
 10099 0e6a 4108     		.short	2113
 10100 0e6c 4108     		.short	2113
 10101 0e6e 4108     		.short	2113
 10102 0e70 4108     		.short	2113
 10103 0e72 4108     		.short	2113
 10104 0e74 4108     		.short	2113
 10105 0e76 4108     		.short	2113
ARM GAS  /tmp/cczpKMPG.s 			page 222


 10106 0e78 4108     		.short	2113
 10107 0e7a 4108     		.short	2113
 10108 0e7c 4108     		.short	2113
 10109 0e7e 4108     		.short	2113
 10110 0e80 4108     		.short	2113
 10111 0e82 4108     		.short	2113
 10112 0e84 4108     		.short	2113
 10113 0e86 4108     		.short	2113
 10114 0e88 4108     		.short	2113
 10115 0e8a 4108     		.short	2113
 10116 0e8c 4108     		.short	2113
 10117 0e8e 4108     		.short	2113
 10118 0e90 4108     		.short	2113
 10119 0e92 4108     		.short	2113
 10120 0e94 4108     		.short	2113
 10121 0e96 4108     		.short	2113
 10122 0e98 4108     		.short	2113
 10123 0e9a 4108     		.short	2113
 10124 0e9c 4108     		.short	2113
 10125 0e9e 4108     		.short	2113
 10126 0ea0 4108     		.short	2113
 10127 0ea2 4108     		.short	2113
 10128 0ea4 4108     		.short	2113
 10129 0ea6 4108     		.short	2113
 10130 0ea8 4108     		.short	2113
 10131 0eaa 4108     		.short	2113
 10132 0eac 4108     		.short	2113
 10133 0eae 4108     		.short	2113
 10134 0eb0 4108     		.short	2113
 10135 0eb2 4108     		.short	2113
 10136 0eb4 4108     		.short	2113
 10137 0eb6 4108     		.short	2113
 10138 0eb8 4108     		.short	2113
 10139 0eba 4108     		.short	2113
 10140 0ebc 4108     		.short	2113
 10141 0ebe 4108     		.short	2113
 10142 0ec0 4108     		.short	2113
 10143 0ec2 4108     		.short	2113
 10144 0ec4 4108     		.short	2113
 10145 0ec6 4108     		.short	2113
 10146 0ec8 4108     		.short	2113
 10147 0eca 4108     		.short	2113
 10148 0ecc 4108     		.short	2113
 10149 0ece 4108     		.short	2113
 10150 0ed0 4108     		.short	2113
 10151 0ed2 4108     		.short	2113
 10152 0ed4 2000     		.short	32
 10153 0ed6 8210     		.short	4226
 10154 0ed8 9EF7     		.short	-2146
 10155 0eda DBDE     		.short	-8485
 10156 0edc D7BD     		.short	-16937
 10157 0ede FFFF     		.short	-1
 10158 0ee0 D39C     		.short	-25389
 10159 0ee2 2000     		.short	32
 10160 0ee4 0000     		.short	0
 10161 0ee6 6108     		.short	2145
 10162 0ee8 4108     		.short	2113
ARM GAS  /tmp/cczpKMPG.s 			page 223


 10163 0eea 2000     		.short	32
 10164 0eec 6108     		.short	2145
 10165 0eee BEF7     		.short	-2114
 10166 0ef0 D7BD     		.short	-16937
 10167 0ef2 0000     		.short	0
 10168 0ef4 6108     		.short	2145
 10169 0ef6 0000     		.short	0
 10170 0ef8 0421     		.short	8452
 10171 0efa 6108     		.short	2145
 10172 0efc 0000     		.short	0
 10173 0efe 6108     		.short	2145
 10174 0f00 0000     		.short	0
 10175 0f02 0000     		.short	0
 10176 0f04 2000     		.short	32
 10177 0f06 0000     		.short	0
 10178 0f08 0000     		.short	0
 10179 0f0a 0000     		.short	0
 10180 0f0c 0000     		.short	0
 10181 0f0e 8631     		.short	12678
 10182 0f10 FFFF     		.short	-1
 10183 0f12 1084     		.short	-31728
 10184 0f14 0000     		.short	0
 10185 0f16 6108     		.short	2145
 10186 0f18 4108     		.short	2113
 10187 0f1a 4108     		.short	2113
 10188 0f1c 4108     		.short	2113
 10189 0f1e 4108     		.short	2113
 10190 0f20 4108     		.short	2113
 10191 0f22 4108     		.short	2113
 10192 0f24 4108     		.short	2113
 10193 0f26 4108     		.short	2113
 10194 0f28 4108     		.short	2113
 10195 0f2a 4108     		.short	2113
 10196 0f2c 4108     		.short	2113
 10197 0f2e 4108     		.short	2113
 10198 0f30 4108     		.short	2113
 10199 0f32 4108     		.short	2113
 10200 0f34 4108     		.short	2113
 10201 0f36 4108     		.short	2113
 10202 0f38 4108     		.short	2113
 10203 0f3a 4108     		.short	2113
 10204 0f3c 4108     		.short	2113
 10205 0f3e 4108     		.short	2113
 10206 0f40 4108     		.short	2113
 10207 0f42 4108     		.short	2113
 10208 0f44 4108     		.short	2113
 10209 0f46 4108     		.short	2113
 10210 0f48 4108     		.short	2113
 10211 0f4a 4108     		.short	2113
 10212 0f4c 4108     		.short	2113
 10213 0f4e 4108     		.short	2113
 10214 0f50 4108     		.short	2113
 10215 0f52 4108     		.short	2113
 10216 0f54 4108     		.short	2113
 10217 0f56 4108     		.short	2113
 10218 0f58 4108     		.short	2113
 10219 0f5a 4108     		.short	2113
ARM GAS  /tmp/cczpKMPG.s 			page 224


 10220 0f5c 4108     		.short	2113
 10221 0f5e 4108     		.short	2113
 10222 0f60 4108     		.short	2113
 10223 0f62 4108     		.short	2113
 10224 0f64 4108     		.short	2113
 10225 0f66 4108     		.short	2113
 10226 0f68 4108     		.short	2113
 10227 0f6a 4108     		.short	2113
 10228 0f6c 4108     		.short	2113
 10229 0f6e 4108     		.short	2113
 10230 0f70 4108     		.short	2113
 10231 0f72 4108     		.short	2113
 10232 0f74 4108     		.short	2113
 10233 0f76 4108     		.short	2113
 10234 0f78 4108     		.short	2113
 10235 0f7a 4108     		.short	2113
 10236 0f7c 4108     		.short	2113
 10237 0f7e 4108     		.short	2113
 10238 0f80 4108     		.short	2113
 10239 0f82 4108     		.short	2113
 10240 0f84 4108     		.short	2113
 10241 0f86 4108     		.short	2113
 10242 0f88 4108     		.short	2113
 10243 0f8a 4108     		.short	2113
 10244 0f8c 4108     		.short	2113
 10245 0f8e 4108     		.short	2113
 10246 0f90 4108     		.short	2113
 10247 0f92 4108     		.short	2113
 10248 0f94 4108     		.short	2113
 10249 0f96 4108     		.short	2113
 10250 0f98 4108     		.short	2113
 10251 0f9a 4108     		.short	2113
 10252 0f9c 4108     		.short	2113
 10253 0f9e 4108     		.short	2113
 10254 0fa0 4108     		.short	2113
 10255 0fa2 4108     		.short	2113
 10256 0fa4 6108     		.short	2145
 10257 0fa6 0000     		.short	0
 10258 0fa8 F39C     		.short	-25357
 10259 0faa DFFF     		.short	-33
 10260 0fac 6529     		.short	10597
 10261 0fae F39C     		.short	-25357
 10262 0fb0 FFFF     		.short	-1
 10263 0fb2 38C6     		.short	-14792
 10264 0fb4 4529     		.short	10565
 10265 0fb6 0000     		.short	0
 10266 0fb8 2000     		.short	32
 10267 0fba 0000     		.short	0
 10268 0fbc 8631     		.short	12678
 10269 0fbe FFFF     		.short	-1
 10270 0fc0 1084     		.short	-31728
 10271 0fc2 0000     		.short	0
 10272 0fc4 0000     		.short	0
 10273 0fc6 AA52     		.short	21162
 10274 0fc8 7DEF     		.short	-4227
 10275 0fca 59CE     		.short	-12711
 10276 0fcc A210     		.short	4258
ARM GAS  /tmp/cczpKMPG.s 			page 225


 10277 0fce 0000     		.short	0
 10278 0fd0 8631     		.short	12678
 10279 0fd2 494A     		.short	19017
 10280 0fd4 8210     		.short	4226
 10281 0fd6 4108     		.short	2113
 10282 0fd8 4108     		.short	2113
 10283 0fda 6108     		.short	2145
 10284 0fdc 0000     		.short	0
 10285 0fde 0842     		.short	16904
 10286 0fe0 FFFF     		.short	-1
 10287 0fe2 0C63     		.short	25356
 10288 0fe4 0000     		.short	0
 10289 0fe6 6108     		.short	2145
 10290 0fe8 4108     		.short	2113
 10291 0fea 4108     		.short	2113
 10292 0fec 4108     		.short	2113
 10293 0fee 4108     		.short	2113
 10294 0ff0 4108     		.short	2113
 10295 0ff2 4108     		.short	2113
 10296 0ff4 4108     		.short	2113
 10297 0ff6 4108     		.short	2113
 10298 0ff8 4108     		.short	2113
 10299 0ffa 4108     		.short	2113
 10300 0ffc 4108     		.short	2113
 10301 0ffe 4108     		.short	2113
 10302 1000 4108     		.short	2113
 10303 1002 4108     		.short	2113
 10304 1004 4108     		.short	2113
 10305 1006 4108     		.short	2113
 10306 1008 4108     		.short	2113
 10307 100a 4108     		.short	2113
 10308 100c 4108     		.short	2113
 10309 100e 4108     		.short	2113
 10310 1010 4108     		.short	2113
 10311 1012 4108     		.short	2113
 10312 1014 4108     		.short	2113
 10313 1016 4108     		.short	2113
 10314 1018 4108     		.short	2113
 10315 101a 4108     		.short	2113
 10316 101c 4108     		.short	2113
 10317 101e 4108     		.short	2113
 10318 1020 4108     		.short	2113
 10319 1022 4108     		.short	2113
 10320 1024 4108     		.short	2113
 10321 1026 4108     		.short	2113
 10322 1028 4108     		.short	2113
 10323 102a 4108     		.short	2113
 10324 102c 4108     		.short	2113
 10325 102e 4108     		.short	2113
 10326 1030 4108     		.short	2113
 10327 1032 4108     		.short	2113
 10328 1034 4108     		.short	2113
 10329 1036 4108     		.short	2113
 10330 1038 4108     		.short	2113
 10331 103a 4108     		.short	2113
 10332 103c 4108     		.short	2113
 10333 103e 4108     		.short	2113
ARM GAS  /tmp/cczpKMPG.s 			page 226


 10334 1040 4108     		.short	2113
 10335 1042 4108     		.short	2113
 10336 1044 4108     		.short	2113
 10337 1046 4108     		.short	2113
 10338 1048 4108     		.short	2113
 10339 104a 4108     		.short	2113
 10340 104c 4108     		.short	2113
 10341 104e 4108     		.short	2113
 10342 1050 4108     		.short	2113
 10343 1052 4108     		.short	2113
 10344 1054 4108     		.short	2113
 10345 1056 4108     		.short	2113
 10346 1058 4108     		.short	2113
 10347 105a 4108     		.short	2113
 10348 105c 4108     		.short	2113
 10349 105e 4108     		.short	2113
 10350 1060 4108     		.short	2113
 10351 1062 4108     		.short	2113
 10352 1064 4108     		.short	2113
 10353 1066 4108     		.short	2113
 10354 1068 4108     		.short	2113
 10355 106a 4108     		.short	2113
 10356 106c 4108     		.short	2113
 10357 106e 4108     		.short	2113
 10358 1070 4108     		.short	2113
 10359 1072 4108     		.short	2113
 10360 1074 4108     		.short	2113
 10361 1076 0000     		.short	0
 10362 1078 0842     		.short	16904
 10363 107a FFFF     		.short	-1
 10364 107c CF7B     		.short	31695
 10365 107e 0000     		.short	0
 10366 1080 EF7B     		.short	31727
 10367 1082 FFFF     		.short	-1
 10368 1084 FFFF     		.short	-1
 10369 1086 CF7B     		.short	31695
 10370 1088 C318     		.short	6339
 10371 108a 0000     		.short	0
 10372 108c 14A5     		.short	-23276
 10373 108e FFFF     		.short	-1
 10374 1090 C739     		.short	14791
 10375 1092 0000     		.short	0
 10376 1094 0000     		.short	0
 10377 1096 75AD     		.short	-21131
 10378 1098 FFFF     		.short	-1
 10379 109a DFFF     		.short	-33
 10380 109c 2C63     		.short	25388
 10381 109e 718C     		.short	-29583
 10382 10a0 5DEF     		.short	-4259
 10383 10a2 FFFF     		.short	-1
 10384 10a4 F39C     		.short	-25357
 10385 10a6 2000     		.short	32
 10386 10a8 4108     		.short	2113
 10387 10aa 4108     		.short	2113
 10388 10ac 0000     		.short	0
 10389 10ae 0842     		.short	16904
 10390 10b0 FFFF     		.short	-1
ARM GAS  /tmp/cczpKMPG.s 			page 227


 10391 10b2 EB5A     		.short	23275
 10392 10b4 0000     		.short	0
 10393 10b6 6108     		.short	2145
 10394 10b8 4108     		.short	2113
 10395 10ba 4108     		.short	2113
 10396 10bc 4108     		.short	2113
 10397 10be 4108     		.short	2113
 10398 10c0 6108     		.short	2145
 10399 10c2 4108     		.short	2113
 10400 10c4 0000     		.short	0
 10401 10c6 0000     		.short	0
 10402 10c8 4108     		.short	2113
 10403 10ca 4108     		.short	2113
 10404 10cc 4108     		.short	2113
 10405 10ce 4108     		.short	2113
 10406 10d0 4108     		.short	2113
 10407 10d2 4108     		.short	2113
 10408 10d4 4108     		.short	2113
 10409 10d6 4108     		.short	2113
 10410 10d8 4108     		.short	2113
 10411 10da 4108     		.short	2113
 10412 10dc 4108     		.short	2113
 10413 10de 4108     		.short	2113
 10414 10e0 4108     		.short	2113
 10415 10e2 4108     		.short	2113
 10416 10e4 4108     		.short	2113
 10417 10e6 4108     		.short	2113
 10418 10e8 4108     		.short	2113
 10419 10ea 4108     		.short	2113
 10420 10ec 4108     		.short	2113
 10421 10ee 4108     		.short	2113
 10422 10f0 4108     		.short	2113
 10423 10f2 4108     		.short	2113
 10424 10f4 4108     		.short	2113
 10425 10f6 4108     		.short	2113
 10426 10f8 4108     		.short	2113
 10427 10fa 4108     		.short	2113
 10428 10fc 4108     		.short	2113
 10429 10fe 4108     		.short	2113
 10430 1100 4108     		.short	2113
 10431 1102 4108     		.short	2113
 10432 1104 4108     		.short	2113
 10433 1106 4108     		.short	2113
 10434 1108 4108     		.short	2113
 10435 110a 4108     		.short	2113
 10436 110c 4108     		.short	2113
 10437 110e 4108     		.short	2113
 10438 1110 4108     		.short	2113
 10439 1112 4108     		.short	2113
 10440 1114 4108     		.short	2113
 10441 1116 4108     		.short	2113
 10442 1118 4108     		.short	2113
 10443 111a 4108     		.short	2113
 10444 111c 4108     		.short	2113
 10445 111e 4108     		.short	2113
 10446 1120 4108     		.short	2113
 10447 1122 4108     		.short	2113
ARM GAS  /tmp/cczpKMPG.s 			page 228


 10448 1124 4108     		.short	2113
 10449 1126 4108     		.short	2113
 10450 1128 4108     		.short	2113
 10451 112a 4108     		.short	2113
 10452 112c 4108     		.short	2113
 10453 112e 4108     		.short	2113
 10454 1130 4108     		.short	2113
 10455 1132 0000     		.short	0
 10456 1134 4108     		.short	2113
 10457 1136 4108     		.short	2113
 10458 1138 4108     		.short	2113
 10459 113a 4108     		.short	2113
 10460 113c 4108     		.short	2113
 10461 113e 4108     		.short	2113
 10462 1140 4108     		.short	2113
 10463 1142 4108     		.short	2113
 10464 1144 4108     		.short	2113
 10465 1146 2000     		.short	32
 10466 1148 6108     		.short	2145
 10467 114a 7DEF     		.short	-4227
 10468 114c 59CE     		.short	-12711
 10469 114e 0000     		.short	0
 10470 1150 0000     		.short	0
 10471 1152 E739     		.short	14823
 10472 1154 79CE     		.short	-12679
 10473 1156 FFFF     		.short	-1
 10474 1158 DFFF     		.short	-33
 10475 115a 1CE7     		.short	-6372
 10476 115c FFFF     		.short	-1
 10477 115e 75AD     		.short	-21131
 10478 1160 0000     		.short	0
 10479 1162 6108     		.short	2145
 10480 1164 2000     		.short	32
 10481 1166 55AD     		.short	-21163
 10482 1168 FFFF     		.short	-1
 10483 116a 5DEF     		.short	-4259
 10484 116c DBDE     		.short	-8485
 10485 116e BEF7     		.short	-2114
 10486 1170 DFFF     		.short	-33
 10487 1172 DFFF     		.short	-33
 10488 1174 79CE     		.short	-12679
 10489 1176 4108     		.short	2113
 10490 1178 2000     		.short	32
 10491 117a 4108     		.short	2113
 10492 117c 0000     		.short	0
 10493 117e 6529     		.short	10597
 10494 1180 FFFF     		.short	-1
 10495 1182 3084     		.short	-31696
 10496 1184 0000     		.short	0
 10497 1186 8210     		.short	4226
 10498 1188 4108     		.short	2113
 10499 118a 6108     		.short	2145
 10500 118c 4108     		.short	2113
 10501 118e 2000     		.short	32
 10502 1190 0000     		.short	0
 10503 1192 2000     		.short	32
 10504 1194 0C63     		.short	25356
ARM GAS  /tmp/cczpKMPG.s 			page 229


 10505 1196 694A     		.short	19049
 10506 1198 0000     		.short	0
 10507 119a 4108     		.short	2113
 10508 119c 4108     		.short	2113
 10509 119e 4108     		.short	2113
 10510 11a0 4108     		.short	2113
 10511 11a2 4108     		.short	2113
 10512 11a4 4108     		.short	2113
 10513 11a6 4108     		.short	2113
 10514 11a8 4108     		.short	2113
 10515 11aa 4108     		.short	2113
 10516 11ac 4108     		.short	2113
 10517 11ae 4108     		.short	2113
 10518 11b0 4108     		.short	2113
 10519 11b2 4108     		.short	2113
 10520 11b4 4108     		.short	2113
 10521 11b6 4108     		.short	2113
 10522 11b8 4108     		.short	2113
 10523 11ba 4108     		.short	2113
 10524 11bc 4108     		.short	2113
 10525 11be 4108     		.short	2113
 10526 11c0 4108     		.short	2113
 10527 11c2 4108     		.short	2113
 10528 11c4 4108     		.short	2113
 10529 11c6 4108     		.short	2113
 10530 11c8 4108     		.short	2113
 10531 11ca 4108     		.short	2113
 10532 11cc 4108     		.short	2113
 10533 11ce 4108     		.short	2113
 10534 11d0 4108     		.short	2113
 10535 11d2 4108     		.short	2113
 10536 11d4 4108     		.short	2113
 10537 11d6 4108     		.short	2113
 10538 11d8 4108     		.short	2113
 10539 11da 4108     		.short	2113
 10540 11dc 4108     		.short	2113
 10541 11de 4108     		.short	2113
 10542 11e0 4108     		.short	2113
 10543 11e2 4108     		.short	2113
 10544 11e4 4108     		.short	2113
 10545 11e6 4108     		.short	2113
 10546 11e8 4108     		.short	2113
 10547 11ea 4108     		.short	2113
 10548 11ec 4108     		.short	2113
 10549 11ee 4108     		.short	2113
 10550 11f0 4108     		.short	2113
 10551 11f2 4108     		.short	2113
 10552 11f4 4108     		.short	2113
 10553 11f6 4108     		.short	2113
 10554 11f8 4108     		.short	2113
 10555 11fa 4108     		.short	2113
 10556 11fc 4108     		.short	2113
 10557 11fe 4108     		.short	2113
 10558 1200 4108     		.short	2113
 10559 1202 E318     		.short	6371
 10560 1204 0000     		.short	0
 10561 1206 0000     		.short	0
ARM GAS  /tmp/cczpKMPG.s 			page 230


 10562 1208 2000     		.short	32
 10563 120a 6108     		.short	2145
 10564 120c 4108     		.short	2113
 10565 120e 4108     		.short	2113
 10566 1210 4108     		.short	2113
 10567 1212 4108     		.short	2113
 10568 1214 4108     		.short	2113
 10569 1216 4108     		.short	2113
 10570 1218 0000     		.short	0
 10571 121a B6B5     		.short	-19018
 10572 121c DFFF     		.short	-33
 10573 121e 8210     		.short	4226
 10574 1220 4108     		.short	2113
 10575 1222 0000     		.short	0
 10576 1224 2000     		.short	32
 10577 1226 CB5A     		.short	23243
 10578 1228 96B5     		.short	-19050
 10579 122a 79CE     		.short	-12679
 10580 122c 518C     		.short	-29615
 10581 122e 6108     		.short	2145
 10582 1230 0000     		.short	0
 10583 1232 0000     		.short	0
 10584 1234 0000     		.short	0
 10585 1236 0C63     		.short	25356
 10586 1238 DFFF     		.short	-33
 10587 123a 3CE7     		.short	-6340
 10588 123c 5DEF     		.short	-4259
 10589 123e FFFF     		.short	-1
 10590 1240 FFFF     		.short	-1
 10591 1242 BEF7     		.short	-2114
 10592 1244 4D6B     		.short	27469
 10593 1246 0000     		.short	0
 10594 1248 4108     		.short	2113
 10595 124a 4108     		.short	2113
 10596 124c 2000     		.short	32
 10597 124e 6108     		.short	2145
 10598 1250 5DEF     		.short	-4259
 10599 1252 BAD6     		.short	-10566
 10600 1254 0000     		.short	0
 10601 1256 0000     		.short	0
 10602 1258 0000     		.short	0
 10603 125a 0000     		.short	0
 10604 125c 0000     		.short	0
 10605 125e C318     		.short	6339
 10606 1260 4D6B     		.short	27469
 10607 1262 DBDE     		.short	-8485
 10608 1264 38C6     		.short	-14792
 10609 1266 8210     		.short	4226
 10610 1268 4108     		.short	2113
 10611 126a 4108     		.short	2113
 10612 126c 4108     		.short	2113
 10613 126e 4108     		.short	2113
 10614 1270 4108     		.short	2113
 10615 1272 4108     		.short	2113
 10616 1274 4108     		.short	2113
 10617 1276 4108     		.short	2113
 10618 1278 4108     		.short	2113
ARM GAS  /tmp/cczpKMPG.s 			page 231


 10619 127a 4108     		.short	2113
 10620 127c 4108     		.short	2113
 10621 127e 4108     		.short	2113
 10622 1280 4108     		.short	2113
 10623 1282 4108     		.short	2113
 10624 1284 4108     		.short	2113
 10625 1286 4108     		.short	2113
 10626 1288 4108     		.short	2113
 10627 128a 4108     		.short	2113
 10628 128c 4108     		.short	2113
 10629 128e 4108     		.short	2113
 10630 1290 4108     		.short	2113
 10631 1292 4108     		.short	2113
 10632 1294 4108     		.short	2113
 10633 1296 4108     		.short	2113
 10634 1298 4108     		.short	2113
 10635 129a 4108     		.short	2113
 10636 129c 4108     		.short	2113
 10637 129e 4108     		.short	2113
 10638 12a0 4108     		.short	2113
 10639 12a2 4108     		.short	2113
 10640 12a4 4108     		.short	2113
 10641 12a6 4108     		.short	2113
 10642 12a8 4108     		.short	2113
 10643 12aa 4108     		.short	2113
 10644 12ac 4108     		.short	2113
 10645 12ae 4108     		.short	2113
 10646 12b0 4108     		.short	2113
 10647 12b2 4108     		.short	2113
 10648 12b4 4108     		.short	2113
 10649 12b6 4108     		.short	2113
 10650 12b8 4108     		.short	2113
 10651 12ba 4108     		.short	2113
 10652 12bc 4108     		.short	2113
 10653 12be 4108     		.short	2113
 10654 12c0 4108     		.short	2113
 10655 12c2 4108     		.short	2113
 10656 12c4 4108     		.short	2113
 10657 12c6 4108     		.short	2113
 10658 12c8 4108     		.short	2113
 10659 12ca 4108     		.short	2113
 10660 12cc 4108     		.short	2113
 10661 12ce 4108     		.short	2113
 10662 12d0 0000     		.short	0
 10663 12d2 2842     		.short	16936
 10664 12d4 B6B5     		.short	-19018
 10665 12d6 AA52     		.short	21162
 10666 12d8 8210     		.short	4226
 10667 12da 0000     		.short	0
 10668 12dc 0000     		.short	0
 10669 12de 2000     		.short	32
 10670 12e0 6108     		.short	2145
 10671 12e2 6108     		.short	2145
 10672 12e4 4108     		.short	2113
 10673 12e6 6108     		.short	2145
 10674 12e8 0000     		.short	0
 10675 12ea 518C     		.short	-29615
ARM GAS  /tmp/cczpKMPG.s 			page 232


 10676 12ec FFFF     		.short	-1
 10677 12ee 2421     		.short	8484
 10678 12f0 0000     		.short	0
 10679 12f2 6108     		.short	2145
 10680 12f4 2000     		.short	32
 10681 12f6 0000     		.short	0
 10682 12f8 0000     		.short	0
 10683 12fa 0000     		.short	0
 10684 12fc 0000     		.short	0
 10685 12fe 4108     		.short	2113
 10686 1300 2421     		.short	8484
 10687 1302 E739     		.short	14823
 10688 1304 2842     		.short	16936
 10689 1306 CB5A     		.short	23243
 10690 1308 DBDE     		.short	-8485
 10691 130a 1CE7     		.short	-6372
 10692 130c 5DEF     		.short	-4259
 10693 130e DBDE     		.short	-8485
 10694 1310 F39C     		.short	-25357
 10695 1312 2842     		.short	16936
 10696 1314 0000     		.short	0
 10697 1316 4108     		.short	2113
 10698 1318 4108     		.short	2113
 10699 131a 4108     		.short	2113
 10700 131c 6108     		.short	2145
 10701 131e 0000     		.short	0
 10702 1320 AE73     		.short	29614
 10703 1322 FFFF     		.short	-1
 10704 1324 D7BD     		.short	-16937
 10705 1326 8A52     		.short	21130
 10706 1328 694A     		.short	19049
 10707 132a 6D6B     		.short	27501
 10708 132c 75AD     		.short	-21131
 10709 132e 5DEF     		.short	-4259
 10710 1330 FFFF     		.short	-1
 10711 1332 FBDE     		.short	-8453
 10712 1334 6108     		.short	2145
 10713 1336 0000     		.short	0
 10714 1338 4108     		.short	2113
 10715 133a 4108     		.short	2113
 10716 133c 4108     		.short	2113
 10717 133e 4108     		.short	2113
 10718 1340 4108     		.short	2113
 10719 1342 4108     		.short	2113
 10720 1344 4108     		.short	2113
 10721 1346 4108     		.short	2113
 10722 1348 4108     		.short	2113
 10723 134a 4108     		.short	2113
 10724 134c 4108     		.short	2113
 10725 134e 4108     		.short	2113
 10726 1350 4108     		.short	2113
 10727 1352 4108     		.short	2113
 10728 1354 4108     		.short	2113
 10729 1356 4108     		.short	2113
 10730 1358 4108     		.short	2113
 10731 135a 4108     		.short	2113
 10732 135c 4108     		.short	2113
ARM GAS  /tmp/cczpKMPG.s 			page 233


 10733 135e 4108     		.short	2113
 10734 1360 4108     		.short	2113
 10735 1362 4108     		.short	2113
 10736 1364 4108     		.short	2113
 10737 1366 4108     		.short	2113
 10738 1368 4108     		.short	2113
 10739 136a 4108     		.short	2113
 10740 136c 4108     		.short	2113
 10741 136e 4108     		.short	2113
 10742 1370 4108     		.short	2113
 10743 1372 4108     		.short	2113
 10744 1374 4108     		.short	2113
 10745 1376 4108     		.short	2113
 10746 1378 4108     		.short	2113
 10747 137a 4108     		.short	2113
 10748 137c 4108     		.short	2113
 10749 137e 4108     		.short	2113
 10750 1380 4108     		.short	2113
 10751 1382 4108     		.short	2113
 10752 1384 4108     		.short	2113
 10753 1386 4108     		.short	2113
 10754 1388 4108     		.short	2113
 10755 138a 4108     		.short	2113
 10756 138c 4108     		.short	2113
 10757 138e 4108     		.short	2113
 10758 1390 4108     		.short	2113
 10759 1392 4108     		.short	2113
 10760 1394 4108     		.short	2113
 10761 1396 4108     		.short	2113
 10762 1398 4108     		.short	2113
 10763 139a 4108     		.short	2113
 10764 139c 4108     		.short	2113
 10765 139e 4108     		.short	2113
 10766 13a0 4108     		.short	2113
 10767 13a2 0000     		.short	0
 10768 13a4 4D6B     		.short	27469
 10769 13a6 FFFF     		.short	-1
 10770 13a8 FBDE     		.short	-8453
 10771 13aa 9294     		.short	-27502
 10772 13ac 2842     		.short	16936
 10773 13ae 4108     		.short	2113
 10774 13b0 0000     		.short	0
 10775 13b2 0000     		.short	0
 10776 13b4 0000     		.short	0
 10777 13b6 2000     		.short	32
 10778 13b8 0000     		.short	0
 10779 13ba 718C     		.short	-29583
 10780 13bc FFFF     		.short	-1
 10781 13be 2421     		.short	8484
 10782 13c0 0000     		.short	0
 10783 13c2 4108     		.short	2113
 10784 13c4 4108     		.short	2113
 10785 13c6 0000     		.short	0
 10786 13c8 2000     		.short	32
 10787 13ca 0842     		.short	16904
 10788 13cc 718C     		.short	-29583
 10789 13ce 18C6     		.short	-14824
ARM GAS  /tmp/cczpKMPG.s 			page 234


 10790 13d0 FBDE     		.short	-8453
 10791 13d2 5DEF     		.short	-4259
 10792 13d4 7DEF     		.short	-4227
 10793 13d6 5DEF     		.short	-4259
 10794 13d8 FBDE     		.short	-8453
 10795 13da FBDE     		.short	-8453
 10796 13dc 3CE7     		.short	-6340
 10797 13de 96B5     		.short	-19050
 10798 13e0 A631     		.short	12710
 10799 13e2 0000     		.short	0
 10800 13e4 0000     		.short	0
 10801 13e6 4108     		.short	2113
 10802 13e8 4108     		.short	2113
 10803 13ea 4108     		.short	2113
 10804 13ec 4108     		.short	2113
 10805 13ee 4108     		.short	2113
 10806 13f0 2000     		.short	32
 10807 13f2 718C     		.short	-29583
 10808 13f4 FFFF     		.short	-1
 10809 13f6 FFFF     		.short	-1
 10810 13f8 FFFF     		.short	-1
 10811 13fa FFFF     		.short	-1
 10812 13fc FFFF     		.short	-1
 10813 13fe FFFF     		.short	-1
 10814 1400 5DEF     		.short	-4259
 10815 1402 0421     		.short	8452
 10816 1404 0000     		.short	0
 10817 1406 4108     		.short	2113
 10818 1408 4108     		.short	2113
 10819 140a 4108     		.short	2113
 10820 140c 4108     		.short	2113
 10821 140e 4108     		.short	2113
 10822 1410 4108     		.short	2113
 10823 1412 4108     		.short	2113
 10824 1414 4108     		.short	2113
 10825 1416 4108     		.short	2113
 10826 1418 4108     		.short	2113
 10827 141a 4108     		.short	2113
 10828 141c 4108     		.short	2113
 10829 141e 4108     		.short	2113
 10830 1420 4108     		.short	2113
 10831 1422 4108     		.short	2113
 10832 1424 4108     		.short	2113
 10833 1426 4108     		.short	2113
 10834 1428 4108     		.short	2113
 10835 142a 4108     		.short	2113
 10836 142c 4108     		.short	2113
 10837 142e 4108     		.short	2113
 10838 1430 4108     		.short	2113
 10839 1432 4108     		.short	2113
 10840 1434 4108     		.short	2113
 10841 1436 4108     		.short	2113
 10842 1438 4108     		.short	2113
 10843 143a 4108     		.short	2113
 10844 143c 4108     		.short	2113
 10845 143e 4108     		.short	2113
 10846 1440 4108     		.short	2113
ARM GAS  /tmp/cczpKMPG.s 			page 235


 10847 1442 4108     		.short	2113
 10848 1444 4108     		.short	2113
 10849 1446 4108     		.short	2113
 10850 1448 4108     		.short	2113
 10851 144a 4108     		.short	2113
 10852 144c 4108     		.short	2113
 10853 144e 4108     		.short	2113
 10854 1450 4108     		.short	2113
 10855 1452 4108     		.short	2113
 10856 1454 4108     		.short	2113
 10857 1456 4108     		.short	2113
 10858 1458 4108     		.short	2113
 10859 145a 4108     		.short	2113
 10860 145c 4108     		.short	2113
 10861 145e 4108     		.short	2113
 10862 1460 4108     		.short	2113
 10863 1462 4108     		.short	2113
 10864 1464 4108     		.short	2113
 10865 1466 4108     		.short	2113
 10866 1468 4108     		.short	2113
 10867 146a 4108     		.short	2113
 10868 146c 4108     		.short	2113
 10869 146e 4108     		.short	2113
 10870 1470 4108     		.short	2113
 10871 1472 4108     		.short	2113
 10872 1474 0000     		.short	0
 10873 1476 6D6B     		.short	27501
 10874 1478 FFFF     		.short	-1
 10875 147a FFFF     		.short	-1
 10876 147c FFFF     		.short	-1
 10877 147e 3CE7     		.short	-6340
 10878 1480 14A5     		.short	-23276
 10879 1482 EB5A     		.short	23275
 10880 1484 C739     		.short	14791
 10881 1486 4529     		.short	10565
 10882 1488 494A     		.short	19017
 10883 148a 5DEF     		.short	-4259
 10884 148c 3CE7     		.short	-6340
 10885 148e 4108     		.short	2113
 10886 1490 4108     		.short	2113
 10887 1492 4108     		.short	2113
 10888 1494 0000     		.short	0
 10889 1496 0842     		.short	16904
 10890 1498 96B5     		.short	-19050
 10891 149a 5DEF     		.short	-4259
 10892 149c 9EF7     		.short	-2146
 10893 149e 9EF7     		.short	-2146
 10894 14a0 9EF7     		.short	-2146
 10895 14a2 9EF7     		.short	-2146
 10896 14a4 9EF7     		.short	-2146
 10897 14a6 BEF7     		.short	-2114
 10898 14a8 BEF7     		.short	-2114
 10899 14aa 7DEF     		.short	-4227
 10900 14ac 5DEF     		.short	-4259
 10901 14ae 5DEF     		.short	-4259
 10902 14b0 5DEF     		.short	-4259
 10903 14b2 96B5     		.short	-19050
ARM GAS  /tmp/cczpKMPG.s 			page 236


 10904 14b4 E739     		.short	14823
 10905 14b6 0000     		.short	0
 10906 14b8 2000     		.short	32
 10907 14ba 4108     		.short	2113
 10908 14bc 4108     		.short	2113
 10909 14be 4108     		.short	2113
 10910 14c0 4108     		.short	2113
 10911 14c2 0000     		.short	0
 10912 14c4 2421     		.short	8484
 10913 14c6 8A52     		.short	21130
 10914 14c8 CB5A     		.short	23243
 10915 14ca A631     		.short	12710
 10916 14cc F7BD     		.short	-16905
 10917 14ce FFFF     		.short	-1
 10918 14d0 694A     		.short	19049
 10919 14d2 0000     		.short	0
 10920 14d4 6108     		.short	2145
 10921 14d6 4108     		.short	2113
 10922 14d8 4108     		.short	2113
 10923 14da 4108     		.short	2113
 10924 14dc 4108     		.short	2113
 10925 14de 4108     		.short	2113
 10926 14e0 4108     		.short	2113
 10927 14e2 4108     		.short	2113
 10928 14e4 4108     		.short	2113
 10929 14e6 4108     		.short	2113
 10930 14e8 4108     		.short	2113
 10931 14ea 4108     		.short	2113
 10932 14ec 4108     		.short	2113
 10933 14ee 4108     		.short	2113
 10934 14f0 4108     		.short	2113
 10935 14f2 4108     		.short	2113
 10936 14f4 4108     		.short	2113
 10937 14f6 4108     		.short	2113
 10938 14f8 4108     		.short	2113
 10939 14fa 4108     		.short	2113
 10940 14fc 4108     		.short	2113
 10941 14fe 4108     		.short	2113
 10942 1500 4108     		.short	2113
 10943 1502 4108     		.short	2113
 10944 1504 4108     		.short	2113
 10945 1506 4108     		.short	2113
 10946 1508 4108     		.short	2113
 10947 150a 4108     		.short	2113
 10948 150c 4108     		.short	2113
 10949 150e 4108     		.short	2113
 10950 1510 4108     		.short	2113
 10951 1512 4108     		.short	2113
 10952 1514 4108     		.short	2113
 10953 1516 4108     		.short	2113
 10954 1518 4108     		.short	2113
 10955 151a 4108     		.short	2113
 10956 151c 4108     		.short	2113
 10957 151e 4108     		.short	2113
 10958 1520 4108     		.short	2113
 10959 1522 4108     		.short	2113
 10960 1524 4108     		.short	2113
ARM GAS  /tmp/cczpKMPG.s 			page 237


 10961 1526 4108     		.short	2113
 10962 1528 4108     		.short	2113
 10963 152a 4108     		.short	2113
 10964 152c 4108     		.short	2113
 10965 152e 4108     		.short	2113
 10966 1530 4108     		.short	2113
 10967 1532 4108     		.short	2113
 10968 1534 4108     		.short	2113
 10969 1536 4108     		.short	2113
 10970 1538 4108     		.short	2113
 10971 153a 4108     		.short	2113
 10972 153c 4108     		.short	2113
 10973 153e 4108     		.short	2113
 10974 1540 4108     		.short	2113
 10975 1542 4108     		.short	2113
 10976 1544 6108     		.short	2145
 10977 1546 0000     		.short	0
 10978 1548 1084     		.short	-31728
 10979 154a FFFF     		.short	-1
 10980 154c 7DEF     		.short	-4227
 10981 154e 59CE     		.short	-12711
 10982 1550 FFFF     		.short	-1
 10983 1552 FFFF     		.short	-1
 10984 1554 FFFF     		.short	-1
 10985 1556 FFFF     		.short	-1
 10986 1558 FFFF     		.short	-1
 10987 155a DFFF     		.short	-33
 10988 155c 8A52     		.short	21130
 10989 155e 0000     		.short	0
 10990 1560 4108     		.short	2113
 10991 1562 4108     		.short	2113
 10992 1564 518C     		.short	-29615
 10993 1566 5DEF     		.short	-4259
 10994 1568 7DEF     		.short	-4227
 10995 156a 7DEF     		.short	-4227
 10996 156c BEF7     		.short	-2114
 10997 156e DFFF     		.short	-33
 10998 1570 FFFF     		.short	-1
 10999 1572 FFFF     		.short	-1
 11000 1574 FFFF     		.short	-1
 11001 1576 FFFF     		.short	-1
 11002 1578 FFFF     		.short	-1
 11003 157a FFFF     		.short	-1
 11004 157c FFFF     		.short	-1
 11005 157e DFFF     		.short	-33
 11006 1580 7DEF     		.short	-4227
 11007 1582 7DEF     		.short	-4227
 11008 1584 5DEF     		.short	-4259
 11009 1586 3084     		.short	-31696
 11010 1588 4108     		.short	2113
 11011 158a 2000     		.short	32
 11012 158c 4108     		.short	2113
 11013 158e 4108     		.short	2113
 11014 1590 4108     		.short	2113
 11015 1592 4108     		.short	2113
 11016 1594 0000     		.short	0
 11017 1596 0000     		.short	0
ARM GAS  /tmp/cczpKMPG.s 			page 238


 11018 1598 0000     		.short	0
 11019 159a 694A     		.short	19049
 11020 159c FFFF     		.short	-1
 11021 159e B294     		.short	-27470
 11022 15a0 0000     		.short	0
 11023 15a2 6108     		.short	2145
 11024 15a4 4108     		.short	2113
 11025 15a6 4108     		.short	2113
 11026 15a8 4108     		.short	2113
 11027 15aa 4108     		.short	2113
 11028 15ac 4108     		.short	2113
 11029 15ae 4108     		.short	2113
 11030 15b0 4108     		.short	2113
 11031 15b2 4108     		.short	2113
 11032 15b4 4108     		.short	2113
 11033 15b6 4108     		.short	2113
 11034 15b8 4108     		.short	2113
 11035 15ba 4108     		.short	2113
 11036 15bc 4108     		.short	2113
 11037 15be 4108     		.short	2113
 11038 15c0 4108     		.short	2113
 11039 15c2 4108     		.short	2113
 11040 15c4 4108     		.short	2113
 11041 15c6 4108     		.short	2113
 11042 15c8 4108     		.short	2113
 11043 15ca 4108     		.short	2113
 11044 15cc 4108     		.short	2113
 11045 15ce 4108     		.short	2113
 11046 15d0 4108     		.short	2113
 11047 15d2 4108     		.short	2113
 11048 15d4 4108     		.short	2113
 11049 15d6 4108     		.short	2113
 11050 15d8 4108     		.short	2113
 11051 15da 4108     		.short	2113
 11052 15dc 4108     		.short	2113
 11053 15de 4108     		.short	2113
 11054 15e0 4108     		.short	2113
 11055 15e2 4108     		.short	2113
 11056 15e4 4108     		.short	2113
 11057 15e6 4108     		.short	2113
 11058 15e8 4108     		.short	2113
 11059 15ea 4108     		.short	2113
 11060 15ec 4108     		.short	2113
 11061 15ee 4108     		.short	2113
 11062 15f0 4108     		.short	2113
 11063 15f2 4108     		.short	2113
 11064 15f4 4108     		.short	2113
 11065 15f6 4108     		.short	2113
 11066 15f8 4108     		.short	2113
 11067 15fa 4108     		.short	2113
 11068 15fc 4108     		.short	2113
 11069 15fe 4108     		.short	2113
 11070 1600 4108     		.short	2113
 11071 1602 4108     		.short	2113
 11072 1604 4108     		.short	2113
 11073 1606 4108     		.short	2113
 11074 1608 4108     		.short	2113
ARM GAS  /tmp/cczpKMPG.s 			page 239


 11075 160a 4108     		.short	2113
 11076 160c 4108     		.short	2113
 11077 160e 4108     		.short	2113
 11078 1610 4108     		.short	2113
 11079 1612 4108     		.short	2113
 11080 1614 4108     		.short	2113
 11081 1616 4108     		.short	2113
 11082 1618 0000     		.short	0
 11083 161a D39C     		.short	-25389
 11084 161c FFFF     		.short	-1
 11085 161e 1084     		.short	-31728
 11086 1620 8210     		.short	4226
 11087 1622 694A     		.short	19049
 11088 1624 8E73     		.short	29582
 11089 1626 1084     		.short	-31728
 11090 1628 4D6B     		.short	27469
 11091 162a 2421     		.short	8484
 11092 162c 0000     		.short	0
 11093 162e 2000     		.short	32
 11094 1630 6108     		.short	2145
 11095 1632 75AD     		.short	-21131
 11096 1634 9EF7     		.short	-2146
 11097 1636 5DEF     		.short	-4259
 11098 1638 DFFF     		.short	-33
 11099 163a FFFF     		.short	-1
 11100 163c FFFF     		.short	-1
 11101 163e FFFF     		.short	-1
 11102 1640 FFFF     		.short	-1
 11103 1642 FFFF     		.short	-1
 11104 1644 FFFF     		.short	-1
 11105 1646 FFFF     		.short	-1
 11106 1648 FFFF     		.short	-1
 11107 164a FFFF     		.short	-1
 11108 164c FFFF     		.short	-1
 11109 164e FFFF     		.short	-1
 11110 1650 FFFF     		.short	-1
 11111 1652 DFFF     		.short	-33
 11112 1654 5DEF     		.short	-4259
 11113 1656 9EF7     		.short	-2146
 11114 1658 96B5     		.short	-19050
 11115 165a A210     		.short	4258
 11116 165c 0000     		.short	0
 11117 165e 4108     		.short	2113
 11118 1660 4108     		.short	2113
 11119 1662 4108     		.short	2113
 11120 1664 4108     		.short	2113
 11121 1666 4108     		.short	2113
 11122 1668 6108     		.short	2145
 11123 166a 1CE7     		.short	-6372
 11124 166c 5DEF     		.short	-4259
 11125 166e 8210     		.short	4226
 11126 1670 2000     		.short	32
 11127 1672 4108     		.short	2113
 11128 1674 4108     		.short	2113
 11129 1676 4108     		.short	2113
 11130 1678 4108     		.short	2113
 11131 167a 4108     		.short	2113
ARM GAS  /tmp/cczpKMPG.s 			page 240


 11132 167c 4108     		.short	2113
 11133 167e 4108     		.short	2113
 11134 1680 4108     		.short	2113
 11135 1682 4108     		.short	2113
 11136 1684 4108     		.short	2113
 11137 1686 4108     		.short	2113
 11138 1688 4108     		.short	2113
 11139 168a 4108     		.short	2113
 11140 168c 4108     		.short	2113
 11141 168e 4108     		.short	2113
 11142 1690 4108     		.short	2113
 11143 1692 4108     		.short	2113
 11144 1694 4108     		.short	2113
 11145 1696 4108     		.short	2113
 11146 1698 4108     		.short	2113
 11147 169a 4108     		.short	2113
 11148 169c 4108     		.short	2113
 11149 169e 4108     		.short	2113
 11150 16a0 4108     		.short	2113
 11151 16a2 4108     		.short	2113
 11152 16a4 4108     		.short	2113
 11153 16a6 0000     		.short	0
 11154 16a8 2000     		.short	32
 11155 16aa 4108     		.short	2113
 11156 16ac 4108     		.short	2113
 11157 16ae 4108     		.short	2113
 11158 16b0 4108     		.short	2113
 11159 16b2 4108     		.short	2113
 11160 16b4 4108     		.short	2113
 11161 16b6 4108     		.short	2113
 11162 16b8 4108     		.short	2113
 11163 16ba 4108     		.short	2113
 11164 16bc 4108     		.short	2113
 11165 16be 4108     		.short	2113
 11166 16c0 4108     		.short	2113
 11167 16c2 4108     		.short	2113
 11168 16c4 4108     		.short	2113
 11169 16c6 4108     		.short	2113
 11170 16c8 4108     		.short	2113
 11171 16ca 4108     		.short	2113
 11172 16cc 4108     		.short	2113
 11173 16ce 4108     		.short	2113
 11174 16d0 4108     		.short	2113
 11175 16d2 4108     		.short	2113
 11176 16d4 4108     		.short	2113
 11177 16d6 4108     		.short	2113
 11178 16d8 4108     		.short	2113
 11179 16da 4108     		.short	2113
 11180 16dc 4108     		.short	2113
 11181 16de 4108     		.short	2113
 11182 16e0 4108     		.short	2113
 11183 16e2 4108     		.short	2113
 11184 16e4 4108     		.short	2113
 11185 16e6 4108     		.short	2113
 11186 16e8 4108     		.short	2113
 11187 16ea 0000     		.short	0
 11188 16ec F7BD     		.short	-16905
ARM GAS  /tmp/cczpKMPG.s 			page 241


 11189 16ee FFFF     		.short	-1
 11190 16f0 EB5A     		.short	23275
 11191 16f2 0000     		.short	0
 11192 16f4 0000     		.short	0
 11193 16f6 0000     		.short	0
 11194 16f8 0000     		.short	0
 11195 16fa 0000     		.short	0
 11196 16fc 4108     		.short	2113
 11197 16fe 4108     		.short	2113
 11198 1700 75AD     		.short	-21131
 11199 1702 9EF7     		.short	-2146
 11200 1704 7DEF     		.short	-4227
 11201 1706 FFFF     		.short	-1
 11202 1708 FFFF     		.short	-1
 11203 170a FFFF     		.short	-1
 11204 170c FFFF     		.short	-1
 11205 170e B6B5     		.short	-19018
 11206 1710 6D6B     		.short	27501
 11207 1712 0842     		.short	16904
 11208 1714 6529     		.short	10597
 11209 1716 6529     		.short	10597
 11210 1718 0842     		.short	16904
 11211 171a 8E73     		.short	29582
 11212 171c D7BD     		.short	-16937
 11213 171e FFFF     		.short	-1
 11214 1720 FFFF     		.short	-1
 11215 1722 FFFF     		.short	-1
 11216 1724 FFFF     		.short	-1
 11217 1726 7DEF     		.short	-4227
 11218 1728 9EF7     		.short	-2146
 11219 172a F7BD     		.short	-16905
 11220 172c 8210     		.short	4226
 11221 172e 2000     		.short	32
 11222 1730 4108     		.short	2113
 11223 1732 4108     		.short	2113
 11224 1734 6108     		.short	2145
 11225 1736 0000     		.short	0
 11226 1738 CB5A     		.short	23243
 11227 173a FFFF     		.short	-1
 11228 173c 8E73     		.short	29582
 11229 173e 0000     		.short	0
 11230 1740 6108     		.short	2145
 11231 1742 4108     		.short	2113
 11232 1744 4108     		.short	2113
 11233 1746 4108     		.short	2113
 11234 1748 4108     		.short	2113
 11235 174a 4108     		.short	2113
 11236 174c 4108     		.short	2113
 11237 174e 4108     		.short	2113
 11238 1750 4108     		.short	2113
 11239 1752 4108     		.short	2113
 11240 1754 4108     		.short	2113
 11241 1756 4108     		.short	2113
 11242 1758 4108     		.short	2113
 11243 175a 4108     		.short	2113
 11244 175c 4108     		.short	2113
 11245 175e 4108     		.short	2113
ARM GAS  /tmp/cczpKMPG.s 			page 242


 11246 1760 4108     		.short	2113
 11247 1762 4108     		.short	2113
 11248 1764 4108     		.short	2113
 11249 1766 4108     		.short	2113
 11250 1768 4108     		.short	2113
 11251 176a 4108     		.short	2113
 11252 176c 4108     		.short	2113
 11253 176e 4108     		.short	2113
 11254 1770 4108     		.short	2113
 11255 1772 4108     		.short	2113
 11256 1774 0000     		.short	0
 11257 1776 2421     		.short	8484
 11258 1778 6108     		.short	2145
 11259 177a 2000     		.short	32
 11260 177c 4108     		.short	2113
 11261 177e 4108     		.short	2113
 11262 1780 4108     		.short	2113
 11263 1782 4108     		.short	2113
 11264 1784 4108     		.short	2113
 11265 1786 4108     		.short	2113
 11266 1788 4108     		.short	2113
 11267 178a 4108     		.short	2113
 11268 178c 4108     		.short	2113
 11269 178e 4108     		.short	2113
 11270 1790 4108     		.short	2113
 11271 1792 4108     		.short	2113
 11272 1794 4108     		.short	2113
 11273 1796 4108     		.short	2113
 11274 1798 4108     		.short	2113
 11275 179a 4108     		.short	2113
 11276 179c 4108     		.short	2113
 11277 179e 4108     		.short	2113
 11278 17a0 4108     		.short	2113
 11279 17a2 4108     		.short	2113
 11280 17a4 4108     		.short	2113
 11281 17a6 4108     		.short	2113
 11282 17a8 4108     		.short	2113
 11283 17aa 4108     		.short	2113
 11284 17ac 4108     		.short	2113
 11285 17ae 4108     		.short	2113
 11286 17b0 4108     		.short	2113
 11287 17b2 4108     		.short	2113
 11288 17b4 4108     		.short	2113
 11289 17b6 4108     		.short	2113
 11290 17b8 4108     		.short	2113
 11291 17ba 2000     		.short	32
 11292 17bc A210     		.short	4258
 11293 17be DBDE     		.short	-8485
 11294 17c0 FFFF     		.short	-1
 11295 17c2 C739     		.short	14791
 11296 17c4 2000     		.short	32
 11297 17c6 6108     		.short	2145
 11298 17c8 4108     		.short	2113
 11299 17ca 6108     		.short	2145
 11300 17cc 0000     		.short	0
 11301 17ce 518C     		.short	-29615
 11302 17d0 9EF7     		.short	-2146
ARM GAS  /tmp/cczpKMPG.s 			page 243


 11303 17d2 7DEF     		.short	-4227
 11304 17d4 FFFF     		.short	-1
 11305 17d6 FFFF     		.short	-1
 11306 17d8 FFFF     		.short	-1
 11307 17da 75AD     		.short	-21131
 11308 17dc 8631     		.short	12678
 11309 17de 0000     		.short	0
 11310 17e0 0000     		.short	0
 11311 17e2 0000     		.short	0
 11312 17e4 0000     		.short	0
 11313 17e6 0000     		.short	0
 11314 17e8 0000     		.short	0
 11315 17ea 0000     		.short	0
 11316 17ec 0000     		.short	0
 11317 17ee 8631     		.short	12678
 11318 17f0 75AD     		.short	-21131
 11319 17f2 FFFF     		.short	-1
 11320 17f4 FFFF     		.short	-1
 11321 17f6 FFFF     		.short	-1
 11322 17f8 7DEF     		.short	-4227
 11323 17fa 9EF7     		.short	-2146
 11324 17fc 34A5     		.short	-23244
 11325 17fe 2000     		.short	32
 11326 1800 4108     		.short	2113
 11327 1802 4108     		.short	2113
 11328 1804 4108     		.short	2113
 11329 1806 0000     		.short	0
 11330 1808 96B5     		.short	-19050
 11331 180a DFFF     		.short	-33
 11332 180c C318     		.short	6339
 11333 180e 2000     		.short	32
 11334 1810 4108     		.short	2113
 11335 1812 4108     		.short	2113
 11336 1814 4108     		.short	2113
 11337 1816 4108     		.short	2113
 11338 1818 4108     		.short	2113
 11339 181a 4108     		.short	2113
 11340 181c 4108     		.short	2113
 11341 181e 4108     		.short	2113
 11342 1820 4108     		.short	2113
 11343 1822 4108     		.short	2113
 11344 1824 4108     		.short	2113
 11345 1826 4108     		.short	2113
 11346 1828 2000     		.short	32
 11347 182a 4108     		.short	2113
 11348 182c 4108     		.short	2113
 11349 182e 4108     		.short	2113
 11350 1830 4108     		.short	2113
 11351 1832 4108     		.short	2113
 11352 1834 2000     		.short	32
 11353 1836 2000     		.short	32
 11354 1838 4108     		.short	2113
 11355 183a 4108     		.short	2113
 11356 183c 4108     		.short	2113
 11357 183e 4108     		.short	2113
 11358 1840 6108     		.short	2145
 11359 1842 0000     		.short	0
ARM GAS  /tmp/cczpKMPG.s 			page 244


 11360 1844 0C63     		.short	25356
 11361 1846 9294     		.short	-27502
 11362 1848 0000     		.short	0
 11363 184a 4108     		.short	2113
 11364 184c 4108     		.short	2113
 11365 184e 4108     		.short	2113
 11366 1850 4108     		.short	2113
 11367 1852 4108     		.short	2113
 11368 1854 4108     		.short	2113
 11369 1856 4108     		.short	2113
 11370 1858 4108     		.short	2113
 11371 185a 4108     		.short	2113
 11372 185c 4108     		.short	2113
 11373 185e 4108     		.short	2113
 11374 1860 4108     		.short	2113
 11375 1862 4108     		.short	2113
 11376 1864 4108     		.short	2113
 11377 1866 4108     		.short	2113
 11378 1868 4108     		.short	2113
 11379 186a 4108     		.short	2113
 11380 186c 4108     		.short	2113
 11381 186e 4108     		.short	2113
 11382 1870 4108     		.short	2113
 11383 1872 4108     		.short	2113
 11384 1874 4108     		.short	2113
 11385 1876 4108     		.short	2113
 11386 1878 4108     		.short	2113
 11387 187a 4108     		.short	2113
 11388 187c 4108     		.short	2113
 11389 187e 4108     		.short	2113
 11390 1880 4108     		.short	2113
 11391 1882 4108     		.short	2113
 11392 1884 4108     		.short	2113
 11393 1886 4108     		.short	2113
 11394 1888 4108     		.short	2113
 11395 188a 6108     		.short	2145
 11396 188c 0000     		.short	0
 11397 188e 6529     		.short	10597
 11398 1890 BEF7     		.short	-2114
 11399 1892 DBDE     		.short	-8485
 11400 1894 6108     		.short	2145
 11401 1896 2000     		.short	32
 11402 1898 6108     		.short	2145
 11403 189a 0000     		.short	0
 11404 189c 0842     		.short	16904
 11405 189e 7DEF     		.short	-4227
 11406 18a0 5DEF     		.short	-4259
 11407 18a2 FFFF     		.short	-1
 11408 18a4 FFFF     		.short	-1
 11409 18a6 FFFF     		.short	-1
 11410 18a8 4D6B     		.short	27469
 11411 18aa 0000     		.short	0
 11412 18ac 0000     		.short	0
 11413 18ae 4108     		.short	2113
 11414 18b0 6108     		.short	2145
 11415 18b2 4108     		.short	2113
 11416 18b4 4108     		.short	2113
ARM GAS  /tmp/cczpKMPG.s 			page 245


 11417 18b6 4108     		.short	2113
 11418 18b8 4108     		.short	2113
 11419 18ba 6108     		.short	2145
 11420 18bc 4108     		.short	2113
 11421 18be 0000     		.short	0
 11422 18c0 0000     		.short	0
 11423 18c2 2C63     		.short	25388
 11424 18c4 DFFF     		.short	-33
 11425 18c6 FFFF     		.short	-1
 11426 18c8 FFFF     		.short	-1
 11427 18ca 7DEF     		.short	-4227
 11428 18cc 9EF7     		.short	-2146
 11429 18ce 8E73     		.short	29582
 11430 18d0 0000     		.short	0
 11431 18d2 6108     		.short	2145
 11432 18d4 2000     		.short	32
 11433 18d6 2000     		.short	32
 11434 18d8 5DEF     		.short	-4259
 11435 18da 59CE     		.short	-12711
 11436 18dc 0000     		.short	0
 11437 18de 6108     		.short	2145
 11438 18e0 4108     		.short	2113
 11439 18e2 6108     		.short	2145
 11440 18e4 4108     		.short	2113
 11441 18e6 0000     		.short	0
 11442 18e8 0000     		.short	0
 11443 18ea 2000     		.short	32
 11444 18ec 4108     		.short	2113
 11445 18ee 4108     		.short	2113
 11446 18f0 4108     		.short	2113
 11447 18f2 4108     		.short	2113
 11448 18f4 2000     		.short	32
 11449 18f6 4108     		.short	2113
 11450 18f8 C318     		.short	6339
 11451 18fa 2000     		.short	32
 11452 18fc 4108     		.short	2113
 11453 18fe 4108     		.short	2113
 11454 1900 4108     		.short	2113
 11455 1902 2000     		.short	32
 11456 1904 6108     		.short	2145
 11457 1906 8A52     		.short	21130
 11458 1908 2000     		.short	32
 11459 190a 4108     		.short	2113
 11460 190c 4108     		.short	2113
 11461 190e 4108     		.short	2113
 11462 1910 0000     		.short	0
 11463 1912 4D6B     		.short	27469
 11464 1914 FFFF     		.short	-1
 11465 1916 8631     		.short	12678
 11466 1918 0000     		.short	0
 11467 191a 4108     		.short	2113
 11468 191c 4108     		.short	2113
 11469 191e 4108     		.short	2113
 11470 1920 4108     		.short	2113
 11471 1922 4108     		.short	2113
 11472 1924 4108     		.short	2113
 11473 1926 4108     		.short	2113
ARM GAS  /tmp/cczpKMPG.s 			page 246


 11474 1928 4108     		.short	2113
 11475 192a 4108     		.short	2113
 11476 192c 4108     		.short	2113
 11477 192e 4108     		.short	2113
 11478 1930 4108     		.short	2113
 11479 1932 4108     		.short	2113
 11480 1934 4108     		.short	2113
 11481 1936 4108     		.short	2113
 11482 1938 4108     		.short	2113
 11483 193a 4108     		.short	2113
 11484 193c 4108     		.short	2113
 11485 193e 0000     		.short	0
 11486 1940 0000     		.short	0
 11487 1942 0000     		.short	0
 11488 1944 2000     		.short	32
 11489 1946 4108     		.short	2113
 11490 1948 6108     		.short	2145
 11491 194a 6108     		.short	2145
 11492 194c 4108     		.short	2113
 11493 194e 4108     		.short	2113
 11494 1950 4108     		.short	2113
 11495 1952 4108     		.short	2113
 11496 1954 4108     		.short	2113
 11497 1956 4108     		.short	2113
 11498 1958 4108     		.short	2113
 11499 195a 4108     		.short	2113
 11500 195c 6108     		.short	2145
 11501 195e 0000     		.short	0
 11502 1960 2C63     		.short	25388
 11503 1962 FFFF     		.short	-1
 11504 1964 D39C     		.short	-25389
 11505 1966 0000     		.short	0
 11506 1968 4108     		.short	2113
 11507 196a 2000     		.short	32
 11508 196c B6B5     		.short	-19018
 11509 196e 7DEF     		.short	-4227
 11510 1970 DFFF     		.short	-33
 11511 1972 FFFF     		.short	-1
 11512 1974 FFFF     		.short	-1
 11513 1976 0C63     		.short	25356
 11514 1978 0000     		.short	0
 11515 197a 6108     		.short	2145
 11516 197c 4108     		.short	2113
 11517 197e 4108     		.short	2113
 11518 1980 4108     		.short	2113
 11519 1982 4108     		.short	2113
 11520 1984 4108     		.short	2113
 11521 1986 4108     		.short	2113
 11522 1988 4108     		.short	2113
 11523 198a 4108     		.short	2113
 11524 198c 4108     		.short	2113
 11525 198e 4108     		.short	2113
 11526 1990 6108     		.short	2145
 11527 1992 0000     		.short	0
 11528 1994 8A52     		.short	21130
 11529 1996 DFFF     		.short	-33
 11530 1998 FFFF     		.short	-1
ARM GAS  /tmp/cczpKMPG.s 			page 247


 11531 199a FFFF     		.short	-1
 11532 199c 5DEF     		.short	-4259
 11533 199e FBDE     		.short	-8453
 11534 19a0 2421     		.short	8484
 11535 19a2 2000     		.short	32
 11536 19a4 2000     		.short	32
 11537 19a6 4108     		.short	2113
 11538 19a8 9EF7     		.short	-2146
 11539 19aa B6B5     		.short	-19018
 11540 19ac 0000     		.short	0
 11541 19ae 2000     		.short	32
 11542 19b0 0000     		.short	0
 11543 19b2 0000     		.short	0
 11544 19b4 0000     		.short	0
 11545 19b6 C318     		.short	6339
 11546 19b8 2C63     		.short	25388
 11547 19ba 694A     		.short	19049
 11548 19bc 4108     		.short	2113
 11549 19be 4108     		.short	2113
 11550 19c0 4108     		.short	2113
 11551 19c2 4108     		.short	2113
 11552 19c4 0000     		.short	0
 11553 19c6 8631     		.short	12678
 11554 19c8 2C63     		.short	25388
 11555 19ca 0000     		.short	0
 11556 19cc 4108     		.short	2113
 11557 19ce 4108     		.short	2113
 11558 19d0 6108     		.short	2145
 11559 19d2 0000     		.short	0
 11560 19d4 9294     		.short	-27502
 11561 19d6 0C63     		.short	25356
 11562 19d8 0000     		.short	0
 11563 19da 6108     		.short	2145
 11564 19dc 4108     		.short	2113
 11565 19de 0000     		.short	0
 11566 19e0 CF7B     		.short	31695
 11567 19e2 FFFF     		.short	-1
 11568 19e4 B6B5     		.short	-19018
 11569 19e6 0000     		.short	0
 11570 19e8 4108     		.short	2113
 11571 19ea 4108     		.short	2113
 11572 19ec 4108     		.short	2113
 11573 19ee 4108     		.short	2113
 11574 19f0 4108     		.short	2113
 11575 19f2 4108     		.short	2113
 11576 19f4 4108     		.short	2113
 11577 19f6 4108     		.short	2113
 11578 19f8 4108     		.short	2113
 11579 19fa 4108     		.short	2113
 11580 19fc 4108     		.short	2113
 11581 19fe 4108     		.short	2113
 11582 1a00 4108     		.short	2113
 11583 1a02 4108     		.short	2113
 11584 1a04 4108     		.short	2113
 11585 1a06 4108     		.short	2113
 11586 1a08 4108     		.short	2113
 11587 1a0a 4108     		.short	2113
ARM GAS  /tmp/cczpKMPG.s 			page 248


 11588 1a0c 4108     		.short	2113
 11589 1a0e 2842     		.short	16936
 11590 1a10 2C63     		.short	25388
 11591 1a12 C739     		.short	14791
 11592 1a14 8210     		.short	4226
 11593 1a16 0000     		.short	0
 11594 1a18 0000     		.short	0
 11595 1a1a 0000     		.short	0
 11596 1a1c 0000     		.short	0
 11597 1a1e 2000     		.short	32
 11598 1a20 4108     		.short	2113
 11599 1a22 6108     		.short	2145
 11600 1a24 6108     		.short	2145
 11601 1a26 4108     		.short	2113
 11602 1a28 4108     		.short	2113
 11603 1a2a 4108     		.short	2113
 11604 1a2c 4108     		.short	2113
 11605 1a2e 4108     		.short	2113
 11606 1a30 0000     		.short	0
 11607 1a32 B6B5     		.short	-19018
 11608 1a34 FFFF     		.short	-1
 11609 1a36 C739     		.short	14791
 11610 1a38 0000     		.short	0
 11611 1a3a 494A     		.short	19017
 11612 1a3c 5DEF     		.short	-4259
 11613 1a3e 7DEF     		.short	-4227
 11614 1a40 FFFF     		.short	-1
 11615 1a42 FFFF     		.short	-1
 11616 1a44 B294     		.short	-27470
 11617 1a46 0000     		.short	0
 11618 1a48 6108     		.short	2145
 11619 1a4a 4108     		.short	2113
 11620 1a4c 4108     		.short	2113
 11621 1a4e 4108     		.short	2113
 11622 1a50 4108     		.short	2113
 11623 1a52 4108     		.short	2113
 11624 1a54 4108     		.short	2113
 11625 1a56 4108     		.short	2113
 11626 1a58 4108     		.short	2113
 11627 1a5a 4108     		.short	2113
 11628 1a5c 4108     		.short	2113
 11629 1a5e 4108     		.short	2113
 11630 1a60 4108     		.short	2113
 11631 1a62 6108     		.short	2145
 11632 1a64 0000     		.short	0
 11633 1a66 EF7B     		.short	31727
 11634 1a68 FFFF     		.short	-1
 11635 1a6a FFFF     		.short	-1
 11636 1a6c BEF7     		.short	-2114
 11637 1a6e 9EF7     		.short	-2146
 11638 1a70 3084     		.short	-31696
 11639 1a72 0000     		.short	0
 11640 1a74 6108     		.short	2145
 11641 1a76 0000     		.short	0
 11642 1a78 18C6     		.short	-14824
 11643 1a7a DFFF     		.short	-33
 11644 1a7c 8A52     		.short	21130
ARM GAS  /tmp/cczpKMPG.s 			page 249


 11645 1a7e E318     		.short	6371
 11646 1a80 A631     		.short	12710
 11647 1a82 2C63     		.short	25388
 11648 1a84 B6B5     		.short	-19018
 11649 1a86 5DEF     		.short	-4259
 11650 1a88 3084     		.short	-31696
 11651 1a8a 8210     		.short	4226
 11652 1a8c 4108     		.short	2113
 11653 1a8e 4108     		.short	2113
 11654 1a90 4108     		.short	2113
 11655 1a92 6108     		.short	2145
 11656 1a94 0000     		.short	0
 11657 1a96 1084     		.short	-31728
 11658 1a98 6D6B     		.short	27501
 11659 1a9a 0000     		.short	0
 11660 1a9c 4108     		.short	2113
 11661 1a9e 6108     		.short	2145
 11662 1aa0 0000     		.short	0
 11663 1aa2 CB5A     		.short	23243
 11664 1aa4 BEF7     		.short	-2114
 11665 1aa6 8210     		.short	4226
 11666 1aa8 4108     		.short	2113
 11667 1aaa 2000     		.short	32
 11668 1aac 0000     		.short	0
 11669 1aae B294     		.short	-27470
 11670 1ab0 FFFF     		.short	-1
 11671 1ab2 FFFF     		.short	-1
 11672 1ab4 494A     		.short	19017
 11673 1ab6 0000     		.short	0
 11674 1ab8 4108     		.short	2113
 11675 1aba 4108     		.short	2113
 11676 1abc 4108     		.short	2113
 11677 1abe 4108     		.short	2113
 11678 1ac0 4108     		.short	2113
 11679 1ac2 4108     		.short	2113
 11680 1ac4 4108     		.short	2113
 11681 1ac6 4108     		.short	2113
 11682 1ac8 4108     		.short	2113
 11683 1aca 4108     		.short	2113
 11684 1acc 4108     		.short	2113
 11685 1ace 4108     		.short	2113
 11686 1ad0 4108     		.short	2113
 11687 1ad2 4108     		.short	2113
 11688 1ad4 4108     		.short	2113
 11689 1ad6 4108     		.short	2113
 11690 1ad8 4108     		.short	2113
 11691 1ada 4108     		.short	2113
 11692 1adc 4108     		.short	2113
 11693 1ade 8210     		.short	4226
 11694 1ae0 EB5A     		.short	23275
 11695 1ae2 18C6     		.short	-14824
 11696 1ae4 7DEF     		.short	-4227
 11697 1ae6 38C6     		.short	-14792
 11698 1ae8 718C     		.short	-29583
 11699 1aea EB5A     		.short	23275
 11700 1aec A631     		.short	12710
 11701 1aee 8210     		.short	4226
ARM GAS  /tmp/cczpKMPG.s 			page 250


 11702 1af0 0000     		.short	0
 11703 1af2 0000     		.short	0
 11704 1af4 0000     		.short	0
 11705 1af6 0000     		.short	0
 11706 1af8 0000     		.short	0
 11707 1afa 4108     		.short	2113
 11708 1afc 4108     		.short	2113
 11709 1afe 6108     		.short	2145
 11710 1b00 2000     		.short	32
 11711 1b02 8631     		.short	12678
 11712 1b04 FFFF     		.short	-1
 11713 1b06 55AD     		.short	-21163
 11714 1b08 0000     		.short	0
 11715 1b0a D39C     		.short	-25389
 11716 1b0c 9EF7     		.short	-2146
 11717 1b0e BEF7     		.short	-2114
 11718 1b10 FFFF     		.short	-1
 11719 1b12 5DEF     		.short	-4259
 11720 1b14 A210     		.short	4258
 11721 1b16 2000     		.short	32
 11722 1b18 4108     		.short	2113
 11723 1b1a 4108     		.short	2113
 11724 1b1c 4108     		.short	2113
 11725 1b1e 4108     		.short	2113
 11726 1b20 4108     		.short	2113
 11727 1b22 2000     		.short	32
 11728 1b24 0000     		.short	0
 11729 1b26 4108     		.short	2113
 11730 1b28 4108     		.short	2113
 11731 1b2a 4108     		.short	2113
 11732 1b2c 4108     		.short	2113
 11733 1b2e 4108     		.short	2113
 11734 1b30 4108     		.short	2113
 11735 1b32 4108     		.short	2113
 11736 1b34 4108     		.short	2113
 11737 1b36 4108     		.short	2113
 11738 1b38 FBDE     		.short	-8453
 11739 1b3a FFFF     		.short	-1
 11740 1b3c FFFF     		.short	-1
 11741 1b3e 7DEF     		.short	-4227
 11742 1b40 79CE     		.short	-12679
 11743 1b42 8210     		.short	4226
 11744 1b44 2000     		.short	32
 11745 1b46 2000     		.short	32
 11746 1b48 A631     		.short	12710
 11747 1b4a 7DEF     		.short	-4227
 11748 1b4c FFFF     		.short	-1
 11749 1b4e DFFF     		.short	-33
 11750 1b50 FFFF     		.short	-1
 11751 1b52 FFFF     		.short	-1
 11752 1b54 5DEF     		.short	-4259
 11753 1b56 0842     		.short	16904
 11754 1b58 0000     		.short	0
 11755 1b5a 2000     		.short	32
 11756 1b5c 4108     		.short	2113
 11757 1b5e 4108     		.short	2113
 11758 1b60 4108     		.short	2113
ARM GAS  /tmp/cczpKMPG.s 			page 251


 11759 1b62 4108     		.short	2113
 11760 1b64 2000     		.short	32
 11761 1b66 1CE7     		.short	-6372
 11762 1b68 0C63     		.short	25356
 11763 1b6a 0000     		.short	0
 11764 1b6c 6108     		.short	2145
 11765 1b6e 0000     		.short	0
 11766 1b70 2421     		.short	8484
 11767 1b72 BEF7     		.short	-2114
 11768 1b74 34A5     		.short	-23244
 11769 1b76 0000     		.short	0
 11770 1b78 0000     		.short	0
 11771 1b7a 6108     		.short	2145
 11772 1b7c 96B5     		.short	-19050
 11773 1b7e FFFF     		.short	-1
 11774 1b80 FFFF     		.short	-1
 11775 1b82 9AD6     		.short	-10598
 11776 1b84 2000     		.short	32
 11777 1b86 4108     		.short	2113
 11778 1b88 4108     		.short	2113
 11779 1b8a 4108     		.short	2113
 11780 1b8c 4108     		.short	2113
 11781 1b8e 4108     		.short	2113
 11782 1b90 4108     		.short	2113
 11783 1b92 4108     		.short	2113
 11784 1b94 4108     		.short	2113
 11785 1b96 4108     		.short	2113
 11786 1b98 4108     		.short	2113
 11787 1b9a 4108     		.short	2113
 11788 1b9c 4108     		.short	2113
 11789 1b9e 4108     		.short	2113
 11790 1ba0 4108     		.short	2113
 11791 1ba2 4108     		.short	2113
 11792 1ba4 4108     		.short	2113
 11793 1ba6 4108     		.short	2113
 11794 1ba8 4108     		.short	2113
 11795 1baa 4108     		.short	2113
 11796 1bac 4108     		.short	2113
 11797 1bae 2000     		.short	32
 11798 1bb0 0000     		.short	0
 11799 1bb2 0000     		.short	0
 11800 1bb4 0C63     		.short	25356
 11801 1bb6 DBDE     		.short	-8485
 11802 1bb8 FFFF     		.short	-1
 11803 1bba FFFF     		.short	-1
 11804 1bbc FFFF     		.short	-1
 11805 1bbe 3CE7     		.short	-6340
 11806 1bc0 18C6     		.short	-14824
 11807 1bc2 B294     		.short	-27470
 11808 1bc4 EB5A     		.short	23275
 11809 1bc6 A631     		.short	12710
 11810 1bc8 A210     		.short	4258
 11811 1bca 2000     		.short	32
 11812 1bcc 0000     		.short	0
 11813 1bce 0000     		.short	0
 11814 1bd0 0000     		.short	0
 11815 1bd2 0000     		.short	0
ARM GAS  /tmp/cczpKMPG.s 			page 252


 11816 1bd4 59CE     		.short	-12711
 11817 1bd6 3CE7     		.short	-6340
 11818 1bd8 6108     		.short	2145
 11819 1bda 59CE     		.short	-12711
 11820 1bdc 9EF7     		.short	-2146
 11821 1bde DFFF     		.short	-33
 11822 1be0 FFFF     		.short	-1
 11823 1be2 9294     		.short	-27502
 11824 1be4 0000     		.short	0
 11825 1be6 6108     		.short	2145
 11826 1be8 4108     		.short	2113
 11827 1bea 4108     		.short	2113
 11828 1bec 4108     		.short	2113
 11829 1bee 4108     		.short	2113
 11830 1bf0 0000     		.short	0
 11831 1bf2 A210     		.short	4258
 11832 1bf4 E318     		.short	6371
 11833 1bf6 0000     		.short	0
 11834 1bf8 2000     		.short	32
 11835 1bfa 4108     		.short	2113
 11836 1bfc 4108     		.short	2113
 11837 1bfe 4108     		.short	2113
 11838 1c00 4108     		.short	2113
 11839 1c02 4108     		.short	2113
 11840 1c04 6108     		.short	2145
 11841 1c06 0000     		.short	0
 11842 1c08 718C     		.short	-29583
 11843 1c0a FFFF     		.short	-1
 11844 1c0c FFFF     		.short	-1
 11845 1c0e 9EF7     		.short	-2146
 11846 1c10 5DEF     		.short	-4259
 11847 1c12 0842     		.short	16904
 11848 1c14 0000     		.short	0
 11849 1c16 6108     		.short	2145
 11850 1c18 0000     		.short	0
 11851 1c1a 0421     		.short	8452
 11852 1c1c 4D6B     		.short	27469
 11853 1c1e 5DEF     		.short	-4259
 11854 1c20 FFFF     		.short	-1
 11855 1c22 96B5     		.short	-19050
 11856 1c24 8210     		.short	4226
 11857 1c26 0000     		.short	0
 11858 1c28 6108     		.short	2145
 11859 1c2a 4108     		.short	2113
 11860 1c2c 4108     		.short	2113
 11861 1c2e 4108     		.short	2113
 11862 1c30 4108     		.short	2113
 11863 1c32 0000     		.short	0
 11864 1c34 0842     		.short	16904
 11865 1c36 FFFF     		.short	-1
 11866 1c38 0842     		.short	16904
 11867 1c3a 0000     		.short	0
 11868 1c3c 4108     		.short	2113
 11869 1c3e 6108     		.short	2145
 11870 1c40 79CE     		.short	-12679
 11871 1c42 FFFF     		.short	-1
 11872 1c44 AA52     		.short	21162
ARM GAS  /tmp/cczpKMPG.s 			page 253


 11873 1c46 0000     		.short	0
 11874 1c48 4529     		.short	10565
 11875 1c4a 9AD6     		.short	-10598
 11876 1c4c FFFF     		.short	-1
 11877 1c4e DBDE     		.short	-8485
 11878 1c50 FFFF     		.short	-1
 11879 1c52 2C63     		.short	25388
 11880 1c54 0000     		.short	0
 11881 1c56 6108     		.short	2145
 11882 1c58 4108     		.short	2113
 11883 1c5a 4108     		.short	2113
 11884 1c5c 4108     		.short	2113
 11885 1c5e 4108     		.short	2113
 11886 1c60 4108     		.short	2113
 11887 1c62 4108     		.short	2113
 11888 1c64 4108     		.short	2113
 11889 1c66 4108     		.short	2113
 11890 1c68 4108     		.short	2113
 11891 1c6a 4108     		.short	2113
 11892 1c6c 4108     		.short	2113
 11893 1c6e 4108     		.short	2113
 11894 1c70 4108     		.short	2113
 11895 1c72 4108     		.short	2113
 11896 1c74 4108     		.short	2113
 11897 1c76 4108     		.short	2113
 11898 1c78 4108     		.short	2113
 11899 1c7a 4108     		.short	2113
 11900 1c7c 4108     		.short	2113
 11901 1c7e 4108     		.short	2113
 11902 1c80 4108     		.short	2113
 11903 1c82 4108     		.short	2113
 11904 1c84 0000     		.short	0
 11905 1c86 2000     		.short	32
 11906 1c88 0C63     		.short	25356
 11907 1c8a DBDE     		.short	-8485
 11908 1c8c FFFF     		.short	-1
 11909 1c8e FFFF     		.short	-1
 11910 1c90 FFFF     		.short	-1
 11911 1c92 FFFF     		.short	-1
 11912 1c94 FFFF     		.short	-1
 11913 1c96 FFFF     		.short	-1
 11914 1c98 FFFF     		.short	-1
 11915 1c9a 1CE7     		.short	-6372
 11916 1c9c F7BD     		.short	-16905
 11917 1c9e 34A5     		.short	-23244
 11918 1ca0 D39C     		.short	-25389
 11919 1ca2 96B5     		.short	-19050
 11920 1ca4 FFFF     		.short	-1
 11921 1ca6 F7BD     		.short	-16905
 11922 1ca8 2421     		.short	8484
 11923 1caa 3CE7     		.short	-6340
 11924 1cac 9EF7     		.short	-2146
 11925 1cae FFFF     		.short	-1
 11926 1cb0 FFFF     		.short	-1
 11927 1cb2 494A     		.short	19017
 11928 1cb4 0000     		.short	0
 11929 1cb6 4108     		.short	2113
ARM GAS  /tmp/cczpKMPG.s 			page 254


 11930 1cb8 4108     		.short	2113
 11931 1cba 4108     		.short	2113
 11932 1cbc 4108     		.short	2113
 11933 1cbe 0000     		.short	0
 11934 1cc0 6D6B     		.short	27501
 11935 1cc2 3CE7     		.short	-6340
 11936 1cc4 7DEF     		.short	-4227
 11937 1cc6 718C     		.short	-29583
 11938 1cc8 2000     		.short	32
 11939 1cca 4108     		.short	2113
 11940 1ccc 4108     		.short	2113
 11941 1cce 4108     		.short	2113
 11942 1cd0 4108     		.short	2113
 11943 1cd2 4108     		.short	2113
 11944 1cd4 6108     		.short	2145
 11945 1cd6 0000     		.short	0
 11946 1cd8 0C63     		.short	25356
 11947 1cda FFFF     		.short	-1
 11948 1cdc FFFF     		.short	-1
 11949 1cde BEF7     		.short	-2114
 11950 1ce0 9EF7     		.short	-2146
 11951 1ce2 2C63     		.short	25388
 11952 1ce4 0000     		.short	0
 11953 1ce6 4108     		.short	2113
 11954 1ce8 6108     		.short	2145
 11955 1cea 0000     		.short	0
 11956 1cec 0C63     		.short	25356
 11957 1cee FFFF     		.short	-1
 11958 1cf0 75AD     		.short	-21131
 11959 1cf2 2000     		.short	32
 11960 1cf4 2000     		.short	32
 11961 1cf6 6108     		.short	2145
 11962 1cf8 4108     		.short	2113
 11963 1cfa 4108     		.short	2113
 11964 1cfc 4108     		.short	2113
 11965 1cfe 4108     		.short	2113
 11966 1d00 4108     		.short	2113
 11967 1d02 0000     		.short	0
 11968 1d04 34A5     		.short	-23244
 11969 1d06 FFFF     		.short	-1
 11970 1d08 E739     		.short	14823
 11971 1d0a 0000     		.short	0
 11972 1d0c 0000     		.short	0
 11973 1d0e 34A5     		.short	-23244
 11974 1d10 FFFF     		.short	-1
 11975 1d12 5DEF     		.short	-4259
 11976 1d14 4108     		.short	2113
 11977 1d16 8A52     		.short	21130
 11978 1d18 9EF7     		.short	-2146
 11979 1d1a FFFF     		.short	-1
 11980 1d1c 2C63     		.short	25388
 11981 1d1e 59CE     		.short	-12711
 11982 1d20 7DEF     		.short	-4227
 11983 1d22 6108     		.short	2145
 11984 1d24 2000     		.short	32
 11985 1d26 4108     		.short	2113
 11986 1d28 4108     		.short	2113
ARM GAS  /tmp/cczpKMPG.s 			page 255


 11987 1d2a 4108     		.short	2113
 11988 1d2c 4108     		.short	2113
 11989 1d2e 4108     		.short	2113
 11990 1d30 4108     		.short	2113
 11991 1d32 4108     		.short	2113
 11992 1d34 4108     		.short	2113
 11993 1d36 4108     		.short	2113
 11994 1d38 4108     		.short	2113
 11995 1d3a 4108     		.short	2113
 11996 1d3c 4108     		.short	2113
 11997 1d3e 4108     		.short	2113
 11998 1d40 4108     		.short	2113
 11999 1d42 4108     		.short	2113
 12000 1d44 4108     		.short	2113
 12001 1d46 4108     		.short	2113
 12002 1d48 4108     		.short	2113
 12003 1d4a 4108     		.short	2113
 12004 1d4c 4108     		.short	2113
 12005 1d4e 4108     		.short	2113
 12006 1d50 4108     		.short	2113
 12007 1d52 4108     		.short	2113
 12008 1d54 6108     		.short	2145
 12009 1d56 4108     		.short	2113
 12010 1d58 0000     		.short	0
 12011 1d5a 8210     		.short	4226
 12012 1d5c 1084     		.short	-31728
 12013 1d5e BEF7     		.short	-2114
 12014 1d60 FFFF     		.short	-1
 12015 1d62 F39C     		.short	-25357
 12016 1d64 2842     		.short	16936
 12017 1d66 8E73     		.short	29582
 12018 1d68 55AD     		.short	-21163
 12019 1d6a 79CE     		.short	-12679
 12020 1d6c 5DEF     		.short	-4259
 12021 1d6e FFFF     		.short	-1
 12022 1d70 FFFF     		.short	-1
 12023 1d72 BEF7     		.short	-2114
 12024 1d74 D7BD     		.short	-16937
 12025 1d76 0421     		.short	8452
 12026 1d78 2842     		.short	16936
 12027 1d7a 7DEF     		.short	-4227
 12028 1d7c 9EF7     		.short	-2146
 12029 1d7e FFFF     		.short	-1
 12030 1d80 BEF7     		.short	-2114
 12031 1d82 0421     		.short	8452
 12032 1d84 0000     		.short	0
 12033 1d86 4108     		.short	2113
 12034 1d88 4108     		.short	2113
 12035 1d8a 4108     		.short	2113
 12036 1d8c 0000     		.short	0
 12037 1d8e E739     		.short	14823
 12038 1d90 FFFF     		.short	-1
 12039 1d92 FFFF     		.short	-1
 12040 1d94 FFFF     		.short	-1
 12041 1d96 FFFF     		.short	-1
 12042 1d98 0C63     		.short	25356
 12043 1d9a 0000     		.short	0
ARM GAS  /tmp/cczpKMPG.s 			page 256


 12044 1d9c 6108     		.short	2145
 12045 1d9e 4108     		.short	2113
 12046 1da0 4108     		.short	2113
 12047 1da2 4108     		.short	2113
 12048 1da4 4108     		.short	2113
 12049 1da6 0000     		.short	0
 12050 1da8 AA52     		.short	21162
 12051 1daa FFFF     		.short	-1
 12052 1dac FFFF     		.short	-1
 12053 1dae BEF7     		.short	-2114
 12054 1db0 9EF7     		.short	-2146
 12055 1db2 AE73     		.short	29614
 12056 1db4 0000     		.short	0
 12057 1db6 6108     		.short	2145
 12058 1db8 0000     		.short	0
 12059 1dba 6529     		.short	10597
 12060 1dbc FFFF     		.short	-1
 12061 1dbe 9AD6     		.short	-10598
 12062 1dc0 4108     		.short	2113
 12063 1dc2 2000     		.short	32
 12064 1dc4 4108     		.short	2113
 12065 1dc6 4108     		.short	2113
 12066 1dc8 4108     		.short	2113
 12067 1dca 4108     		.short	2113
 12068 1dcc 4108     		.short	2113
 12069 1dce 4108     		.short	2113
 12070 1dd0 0000     		.short	0
 12071 1dd2 2421     		.short	8484
 12072 1dd4 BEF7     		.short	-2114
 12073 1dd6 FFFF     		.short	-1
 12074 1dd8 A631     		.short	12710
 12075 1dda 0000     		.short	0
 12076 1ddc CF7B     		.short	31695
 12077 1dde FFFF     		.short	-1
 12078 1de0 FFFF     		.short	-1
 12079 1de2 9AD6     		.short	-10598
 12080 1de4 B294     		.short	-27470
 12081 1de6 FFFF     		.short	-1
 12082 1de8 5DEF     		.short	-4259
 12083 1dea E739     		.short	14823
 12084 1dec 6529     		.short	10597
 12085 1dee FFFF     		.short	-1
 12086 1df0 518C     		.short	-29615
 12087 1df2 0000     		.short	0
 12088 1df4 6108     		.short	2145
 12089 1df6 4108     		.short	2113
 12090 1df8 4108     		.short	2113
 12091 1dfa 4108     		.short	2113
 12092 1dfc 4108     		.short	2113
 12093 1dfe 4108     		.short	2113
 12094 1e00 4108     		.short	2113
 12095 1e02 4108     		.short	2113
 12096 1e04 4108     		.short	2113
 12097 1e06 4108     		.short	2113
 12098 1e08 4108     		.short	2113
 12099 1e0a 4108     		.short	2113
 12100 1e0c 4108     		.short	2113
ARM GAS  /tmp/cczpKMPG.s 			page 257


 12101 1e0e 4108     		.short	2113
 12102 1e10 4108     		.short	2113
 12103 1e12 4108     		.short	2113
 12104 1e14 4108     		.short	2113
 12105 1e16 4108     		.short	2113
 12106 1e18 4108     		.short	2113
 12107 1e1a 4108     		.short	2113
 12108 1e1c 4108     		.short	2113
 12109 1e1e 4108     		.short	2113
 12110 1e20 4108     		.short	2113
 12111 1e22 4108     		.short	2113
 12112 1e24 4108     		.short	2113
 12113 1e26 4108     		.short	2113
 12114 1e28 6108     		.short	2145
 12115 1e2a 2000     		.short	32
 12116 1e2c 0000     		.short	0
 12117 1e2e 6529     		.short	10597
 12118 1e30 18C6     		.short	-14824
 12119 1e32 FFFF     		.short	-1
 12120 1e34 75AD     		.short	-21131
 12121 1e36 2000     		.short	32
 12122 1e38 0000     		.short	0
 12123 1e3a 0000     		.short	0
 12124 1e3c 4108     		.short	2113
 12125 1e3e A210     		.short	4258
 12126 1e40 C318     		.short	6339
 12127 1e42 8210     		.short	4226
 12128 1e44 0000     		.short	0
 12129 1e46 0000     		.short	0
 12130 1e48 AA52     		.short	21162
 12131 1e4a 9EF7     		.short	-2146
 12132 1e4c BEF7     		.short	-2114
 12133 1e4e FFFF     		.short	-1
 12134 1e50 7DEF     		.short	-4227
 12135 1e52 C318     		.short	6339
 12136 1e54 2000     		.short	32
 12137 1e56 4108     		.short	2113
 12138 1e58 4108     		.short	2113
 12139 1e5a 6108     		.short	2145
 12140 1e5c 0000     		.short	0
 12141 1e5e 518C     		.short	-29615
 12142 1e60 FFFF     		.short	-1
 12143 1e62 DFFF     		.short	-33
 12144 1e64 DFFF     		.short	-33
 12145 1e66 FFFF     		.short	-1
 12146 1e68 B6B5     		.short	-19018
 12147 1e6a 0000     		.short	0
 12148 1e6c 4108     		.short	2113
 12149 1e6e 0000     		.short	0
 12150 1e70 0000     		.short	0
 12151 1e72 0000     		.short	0
 12152 1e74 6108     		.short	2145
 12153 1e76 0000     		.short	0
 12154 1e78 494A     		.short	19017
 12155 1e7a FFFF     		.short	-1
 12156 1e7c FFFF     		.short	-1
 12157 1e7e BEF7     		.short	-2114
ARM GAS  /tmp/cczpKMPG.s 			page 258


 12158 1e80 9EF7     		.short	-2146
 12159 1e82 6D6B     		.short	27501
 12160 1e84 0000     		.short	0
 12161 1e86 6108     		.short	2145
 12162 1e88 0000     		.short	0
 12163 1e8a B6B5     		.short	-19018
 12164 1e8c FFFF     		.short	-1
 12165 1e8e 8631     		.short	12678
 12166 1e90 0000     		.short	0
 12167 1e92 6108     		.short	2145
 12168 1e94 4108     		.short	2113
 12169 1e96 4108     		.short	2113
 12170 1e98 4108     		.short	2113
 12171 1e9a 4108     		.short	2113
 12172 1e9c 4108     		.short	2113
 12173 1e9e 6108     		.short	2145
 12174 1ea0 0000     		.short	0
 12175 1ea2 D39C     		.short	-25389
 12176 1ea4 FFFF     		.short	-1
 12177 1ea6 FFFF     		.short	-1
 12178 1ea8 0421     		.short	8452
 12179 1eaa 494A     		.short	19017
 12180 1eac FFFF     		.short	-1
 12181 1eae 18C6     		.short	-14824
 12182 1eb0 79CE     		.short	-12679
 12183 1eb2 FFFF     		.short	-1
 12184 1eb4 FFFF     		.short	-1
 12185 1eb6 75AD     		.short	-21131
 12186 1eb8 0421     		.short	8452
 12187 1eba 0000     		.short	0
 12188 1ebc 14A5     		.short	-23276
 12189 1ebe FFFF     		.short	-1
 12190 1ec0 4529     		.short	10565
 12191 1ec2 0000     		.short	0
 12192 1ec4 4108     		.short	2113
 12193 1ec6 4108     		.short	2113
 12194 1ec8 4108     		.short	2113
 12195 1eca 4108     		.short	2113
 12196 1ecc 4108     		.short	2113
 12197 1ece 4108     		.short	2113
 12198 1ed0 4108     		.short	2113
 12199 1ed2 4108     		.short	2113
 12200 1ed4 4108     		.short	2113
 12201 1ed6 4108     		.short	2113
 12202 1ed8 4108     		.short	2113
 12203 1eda 4108     		.short	2113
 12204 1edc 4108     		.short	2113
 12205 1ede 4108     		.short	2113
 12206 1ee0 4108     		.short	2113
 12207 1ee2 4108     		.short	2113
 12208 1ee4 4108     		.short	2113
 12209 1ee6 4108     		.short	2113
 12210 1ee8 4108     		.short	2113
 12211 1eea 4108     		.short	2113
 12212 1eec 4108     		.short	2113
 12213 1eee 4108     		.short	2113
 12214 1ef0 4108     		.short	2113
ARM GAS  /tmp/cczpKMPG.s 			page 259


 12215 1ef2 4108     		.short	2113
 12216 1ef4 4108     		.short	2113
 12217 1ef6 4108     		.short	2113
 12218 1ef8 4108     		.short	2113
 12219 1efa 4108     		.short	2113
 12220 1efc 6108     		.short	2145
 12221 1efe 0000     		.short	0
 12222 1f00 2000     		.short	32
 12223 1f02 3084     		.short	-31696
 12224 1f04 FFFF     		.short	-1
 12225 1f06 9AD6     		.short	-10598
 12226 1f08 A210     		.short	4258
 12227 1f0a 4108     		.short	2113
 12228 1f0c 4108     		.short	2113
 12229 1f0e 2000     		.short	32
 12230 1f10 0000     		.short	0
 12231 1f12 4108     		.short	2113
 12232 1f14 0000     		.short	0
 12233 1f16 8210     		.short	4226
 12234 1f18 D39C     		.short	-25389
 12235 1f1a 5DEF     		.short	-4259
 12236 1f1c BEF7     		.short	-2114
 12237 1f1e FFFF     		.short	-1
 12238 1f20 9EF7     		.short	-2146
 12239 1f22 E318     		.short	6371
 12240 1f24 2000     		.short	32
 12241 1f26 4108     		.short	2113
 12242 1f28 4108     		.short	2113
 12243 1f2a 6108     		.short	2145
 12244 1f2c 0000     		.short	0
 12245 1f2e 9294     		.short	-27502
 12246 1f30 FFFF     		.short	-1
 12247 1f32 DFFF     		.short	-33
 12248 1f34 FFFF     		.short	-1
 12249 1f36 FFFF     		.short	-1
 12250 1f38 F7BD     		.short	-16905
 12251 1f3a 0000     		.short	0
 12252 1f3c 4108     		.short	2113
 12253 1f3e E739     		.short	14823
 12254 1f40 CB5A     		.short	23243
 12255 1f42 E739     		.short	14823
 12256 1f44 2000     		.short	32
 12257 1f46 0000     		.short	0
 12258 1f48 2842     		.short	16936
 12259 1f4a FFFF     		.short	-1
 12260 1f4c FFFF     		.short	-1
 12261 1f4e BEF7     		.short	-2114
 12262 1f50 7DEF     		.short	-4227
 12263 1f52 EB5A     		.short	23275
 12264 1f54 0000     		.short	0
 12265 1f56 0000     		.short	0
 12266 1f58 4529     		.short	10565
 12267 1f5a FFFF     		.short	-1
 12268 1f5c 55AD     		.short	-21163
 12269 1f5e 0000     		.short	0
 12270 1f60 6108     		.short	2145
 12271 1f62 4108     		.short	2113
ARM GAS  /tmp/cczpKMPG.s 			page 260


 12272 1f64 4108     		.short	2113
 12273 1f66 4108     		.short	2113
 12274 1f68 4108     		.short	2113
 12275 1f6a 4108     		.short	2113
 12276 1f6c 4108     		.short	2113
 12277 1f6e 0000     		.short	0
 12278 1f70 8631     		.short	12678
 12279 1f72 DFFF     		.short	-33
 12280 1f74 BEF7     		.short	-2114
 12281 1f76 FFFF     		.short	-1
 12282 1f78 B294     		.short	-27470
 12283 1f7a BEF7     		.short	-2114
 12284 1f7c 3CE7     		.short	-6340
 12285 1f7e C318     		.short	6339
 12286 1f80 2421     		.short	8484
 12287 1f82 EF7B     		.short	31727
 12288 1f84 2842     		.short	16936
 12289 1f86 0000     		.short	0
 12290 1f88 0000     		.short	0
 12291 1f8a 6108     		.short	2145
 12292 1f8c 7DEF     		.short	-4227
 12293 1f8e 79CE     		.short	-12679
 12294 1f90 0000     		.short	0
 12295 1f92 4108     		.short	2113
 12296 1f94 4108     		.short	2113
 12297 1f96 4108     		.short	2113
 12298 1f98 4108     		.short	2113
 12299 1f9a 4108     		.short	2113
 12300 1f9c 4108     		.short	2113
 12301 1f9e 4108     		.short	2113
 12302 1fa0 4108     		.short	2113
 12303 1fa2 6108     		.short	2145
 12304 1fa4 4108     		.short	2113
 12305 1fa6 2000     		.short	32
 12306 1fa8 0000     		.short	0
 12307 1faa 0000     		.short	0
 12308 1fac 4108     		.short	2113
 12309 1fae 4108     		.short	2113
 12310 1fb0 4108     		.short	2113
 12311 1fb2 4108     		.short	2113
 12312 1fb4 4108     		.short	2113
 12313 1fb6 4108     		.short	2113
 12314 1fb8 4108     		.short	2113
 12315 1fba 4108     		.short	2113
 12316 1fbc 4108     		.short	2113
 12317 1fbe 4108     		.short	2113
 12318 1fc0 4108     		.short	2113
 12319 1fc2 4108     		.short	2113
 12320 1fc4 4108     		.short	2113
 12321 1fc6 4108     		.short	2113
 12322 1fc8 4108     		.short	2113
 12323 1fca 4108     		.short	2113
 12324 1fcc 4108     		.short	2113
 12325 1fce 4108     		.short	2113
 12326 1fd0 4108     		.short	2113
 12327 1fd2 0000     		.short	0
 12328 1fd4 8E73     		.short	29582
ARM GAS  /tmp/cczpKMPG.s 			page 261


 12329 1fd6 FFFF     		.short	-1
 12330 1fd8 14A5     		.short	-23276
 12331 1fda 0000     		.short	0
 12332 1fdc 6108     		.short	2145
 12333 1fde 4108     		.short	2113
 12334 1fe0 6108     		.short	2145
 12335 1fe2 0000     		.short	0
 12336 1fe4 2421     		.short	8484
 12337 1fe6 F7BD     		.short	-16905
 12338 1fe8 7DEF     		.short	-4227
 12339 1fea 1CE7     		.short	-6372
 12340 1fec DFFF     		.short	-33
 12341 1fee FFFF     		.short	-1
 12342 1ff0 DFFF     		.short	-33
 12343 1ff2 6529     		.short	10597
 12344 1ff4 0000     		.short	0
 12345 1ff6 2000     		.short	32
 12346 1ff8 4108     		.short	2113
 12347 1ffa 6108     		.short	2145
 12348 1ffc 2000     		.short	32
 12349 1ffe 8A52     		.short	21130
 12350 2000 FFFF     		.short	-1
 12351 2002 FFFF     		.short	-1
 12352 2004 DFFF     		.short	-33
 12353 2006 FFFF     		.short	-1
 12354 2008 8E73     		.short	29582
 12355 200a A631     		.short	12710
 12356 200c 9AD6     		.short	-10598
 12357 200e FFFF     		.short	-1
 12358 2010 FFFF     		.short	-1
 12359 2012 FFFF     		.short	-1
 12360 2014 718C     		.short	-29583
 12361 2016 0000     		.short	0
 12362 2018 694A     		.short	19049
 12363 201a FFFF     		.short	-1
 12364 201c FFFF     		.short	-1
 12365 201e 9EF7     		.short	-2146
 12366 2020 7DEF     		.short	-4227
 12367 2022 494A     		.short	19017
 12368 2024 0000     		.short	0
 12369 2026 0000     		.short	0
 12370 2028 8E73     		.short	29582
 12371 202a FFFF     		.short	-1
 12372 202c 0842     		.short	16904
 12373 202e 0000     		.short	0
 12374 2030 4108     		.short	2113
 12375 2032 4108     		.short	2113
 12376 2034 4108     		.short	2113
 12377 2036 4108     		.short	2113
 12378 2038 4108     		.short	2113
 12379 203a 4108     		.short	2113
 12380 203c 4108     		.short	2113
 12381 203e 2000     		.short	32
 12382 2040 59CE     		.short	-12711
 12383 2042 FFFF     		.short	-1
 12384 2044 AA52     		.short	21162
 12385 2046 BEF7     		.short	-2114
ARM GAS  /tmp/cczpKMPG.s 			page 262


 12386 2048 FFFF     		.short	-1
 12387 204a 1CE7     		.short	-6372
 12388 204c 6529     		.short	10597
 12389 204e 0000     		.short	0
 12390 2050 2000     		.short	32
 12391 2052 0000     		.short	0
 12392 2054 0000     		.short	0
 12393 2056 6108     		.short	2145
 12394 2058 0000     		.short	0
 12395 205a 6529     		.short	10597
 12396 205c FFFF     		.short	-1
 12397 205e 1084     		.short	-31728
 12398 2060 2000     		.short	32
 12399 2062 6108     		.short	2145
 12400 2064 4108     		.short	2113
 12401 2066 6108     		.short	2145
 12402 2068 6108     		.short	2145
 12403 206a 4108     		.short	2113
 12404 206c 4108     		.short	2113
 12405 206e 0000     		.short	0
 12406 2070 0000     		.short	0
 12407 2072 0000     		.short	0
 12408 2074 0000     		.short	0
 12409 2076 8210     		.short	4226
 12410 2078 694A     		.short	19049
 12411 207a 2842     		.short	16936
 12412 207c 2000     		.short	32
 12413 207e 4108     		.short	2113
 12414 2080 4108     		.short	2113
 12415 2082 4108     		.short	2113
 12416 2084 4108     		.short	2113
 12417 2086 4108     		.short	2113
 12418 2088 4108     		.short	2113
 12419 208a 4108     		.short	2113
 12420 208c 4108     		.short	2113
 12421 208e 4108     		.short	2113
 12422 2090 4108     		.short	2113
 12423 2092 4108     		.short	2113
 12424 2094 4108     		.short	2113
 12425 2096 4108     		.short	2113
 12426 2098 4108     		.short	2113
 12427 209a 4108     		.short	2113
 12428 209c 4108     		.short	2113
 12429 209e 4108     		.short	2113
 12430 20a0 4108     		.short	2113
 12431 20a2 8210     		.short	4226
 12432 20a4 0000     		.short	0
 12433 20a6 55AD     		.short	-21163
 12434 20a8 FFFF     		.short	-1
 12435 20aa E318     		.short	6371
 12436 20ac 0000     		.short	0
 12437 20ae 6108     		.short	2145
 12438 20b0 0000     		.short	0
 12439 20b2 2842     		.short	16936
 12440 20b4 BAD6     		.short	-10566
 12441 20b6 7DEF     		.short	-4227
 12442 20b8 7DEF     		.short	-4227
ARM GAS  /tmp/cczpKMPG.s 			page 263


 12443 20ba FFFF     		.short	-1
 12444 20bc FFFF     		.short	-1
 12445 20be FFFF     		.short	-1
 12446 20c0 FFFF     		.short	-1
 12447 20c2 18C6     		.short	-14824
 12448 20c4 8A52     		.short	21130
 12449 20c6 A210     		.short	4258
 12450 20c8 0000     		.short	0
 12451 20ca 0000     		.short	0
 12452 20cc 0000     		.short	0
 12453 20ce 0000     		.short	0
 12454 20d0 D39C     		.short	-25389
 12455 20d2 FFFF     		.short	-1
 12456 20d4 FFFF     		.short	-1
 12457 20d6 96B5     		.short	-19050
 12458 20d8 E739     		.short	14823
 12459 20da BEF7     		.short	-2114
 12460 20dc FFFF     		.short	-1
 12461 20de FFFF     		.short	-1
 12462 20e0 DFFF     		.short	-33
 12463 20e2 FFFF     		.short	-1
 12464 20e4 3CE7     		.short	-6340
 12465 20e6 0000     		.short	0
 12466 20e8 EB5A     		.short	23275
 12467 20ea FFFF     		.short	-1
 12468 20ec FFFF     		.short	-1
 12469 20ee 9EF7     		.short	-2146
 12470 20f0 3CE7     		.short	-6340
 12471 20f2 A631     		.short	12710
 12472 20f4 0000     		.short	0
 12473 20f6 0000     		.short	0
 12474 20f8 14A5     		.short	-23276
 12475 20fa FFFF     		.short	-1
 12476 20fc C318     		.short	6339
 12477 20fe 0000     		.short	0
 12478 2100 4108     		.short	2113
 12479 2102 4108     		.short	2113
 12480 2104 4108     		.short	2113
 12481 2106 4108     		.short	2113
 12482 2108 4108     		.short	2113
 12483 210a 6108     		.short	2145
 12484 210c 0000     		.short	0
 12485 210e 518C     		.short	-29615
 12486 2110 FFFF     		.short	-1
 12487 2112 1084     		.short	-31728
 12488 2114 0000     		.short	0
 12489 2116 694A     		.short	19049
 12490 2118 AE73     		.short	29614
 12491 211a C318     		.short	6339
 12492 211c 0000     		.short	0
 12493 211e 4108     		.short	2113
 12494 2120 4108     		.short	2113
 12495 2122 6108     		.short	2145
 12496 2124 4108     		.short	2113
 12497 2126 6108     		.short	2145
 12498 2128 0000     		.short	0
 12499 212a E739     		.short	14823
ARM GAS  /tmp/cczpKMPG.s 			page 264


 12500 212c FFFF     		.short	-1
 12501 212e 6D6B     		.short	27501
 12502 2130 0000     		.short	0
 12503 2132 0000     		.short	0
 12504 2134 0000     		.short	0
 12505 2136 0000     		.short	0
 12506 2138 0000     		.short	0
 12507 213a 0000     		.short	0
 12508 213c 2000     		.short	32
 12509 213e 0421     		.short	8452
 12510 2140 494A     		.short	19017
 12511 2142 EF7B     		.short	31727
 12512 2144 B6B5     		.short	-19018
 12513 2146 9EF7     		.short	-2146
 12514 2148 55AD     		.short	-21163
 12515 214a 0421     		.short	8452
 12516 214c 2000     		.short	32
 12517 214e 4108     		.short	2113
 12518 2150 4108     		.short	2113
 12519 2152 4108     		.short	2113
 12520 2154 4108     		.short	2113
 12521 2156 4108     		.short	2113
 12522 2158 4108     		.short	2113
 12523 215a 4108     		.short	2113
 12524 215c 4108     		.short	2113
 12525 215e 4108     		.short	2113
 12526 2160 4108     		.short	2113
 12527 2162 4108     		.short	2113
 12528 2164 4108     		.short	2113
 12529 2166 4108     		.short	2113
 12530 2168 4108     		.short	2113
 12531 216a 4108     		.short	2113
 12532 216c 6108     		.short	2145
 12533 216e 4108     		.short	2113
 12534 2170 2000     		.short	32
 12535 2172 0000     		.short	0
 12536 2174 2000     		.short	32
 12537 2176 96B5     		.short	-19050
 12538 2178 FFFF     		.short	-1
 12539 217a E318     		.short	6371
 12540 217c 0000     		.short	0
 12541 217e 0000     		.short	0
 12542 2180 4D6B     		.short	27469
 12543 2182 3CE7     		.short	-6340
 12544 2184 5DEF     		.short	-4259
 12545 2186 BEF7     		.short	-2114
 12546 2188 FFFF     		.short	-1
 12547 218a DFFF     		.short	-33
 12548 218c FFFF     		.short	-1
 12549 218e 38C6     		.short	-14792
 12550 2190 F39C     		.short	-25357
 12551 2192 DFFF     		.short	-33
 12552 2194 FFFF     		.short	-1
 12553 2196 FFFF     		.short	-1
 12554 2198 59CE     		.short	-12711
 12555 219a B294     		.short	-27470
 12556 219c 2C63     		.short	25388
ARM GAS  /tmp/cczpKMPG.s 			page 265


 12557 219e 4108     		.short	2113
 12558 21a0 0000     		.short	0
 12559 21a2 E739     		.short	14823
 12560 21a4 494A     		.short	19017
 12561 21a6 0000     		.short	0
 12562 21a8 34A5     		.short	-23244
 12563 21aa FFFF     		.short	-1
 12564 21ac BEF7     		.short	-2114
 12565 21ae DFFF     		.short	-33
 12566 21b0 DFFF     		.short	-33
 12567 21b2 FFFF     		.short	-1
 12568 21b4 D39C     		.short	-25389
 12569 21b6 0000     		.short	0
 12570 21b8 518C     		.short	-29615
 12571 21ba FFFF     		.short	-1
 12572 21bc FFFF     		.short	-1
 12573 21be 9EF7     		.short	-2146
 12574 21c0 BAD6     		.short	-10566
 12575 21c2 E318     		.short	6371
 12576 21c4 2000     		.short	32
 12577 21c6 0000     		.short	0
 12578 21c8 96B5     		.short	-19050
 12579 21ca DFFF     		.short	-33
 12580 21cc 6108     		.short	2145
 12581 21ce 2000     		.short	32
 12582 21d0 4108     		.short	2113
 12583 21d2 4108     		.short	2113
 12584 21d4 4108     		.short	2113
 12585 21d6 6108     		.short	2145
 12586 21d8 4108     		.short	2113
 12587 21da 0000     		.short	0
 12588 21dc CF7B     		.short	31695
 12589 21de FFFF     		.short	-1
 12590 21e0 D7BD     		.short	-16937
 12591 21e2 2000     		.short	32
 12592 21e4 4108     		.short	2113
 12593 21e6 0000     		.short	0
 12594 21e8 0000     		.short	0
 12595 21ea 2000     		.short	32
 12596 21ec 4108     		.short	2113
 12597 21ee 4108     		.short	2113
 12598 21f0 4108     		.short	2113
 12599 21f2 4108     		.short	2113
 12600 21f4 4108     		.short	2113
 12601 21f6 2000     		.short	32
 12602 21f8 0000     		.short	0
 12603 21fa C318     		.short	6339
 12604 21fc BEF7     		.short	-2114
 12605 21fe 3CE7     		.short	-6340
 12606 2200 8E73     		.short	29582
 12607 2202 494A     		.short	19017
 12608 2204 694A     		.short	19049
 12609 2206 2C63     		.short	25388
 12610 2208 3084     		.short	-31696
 12611 220a B6B5     		.short	-19018
 12612 220c FBDE     		.short	-8453
 12613 220e BEF7     		.short	-2114
ARM GAS  /tmp/cczpKMPG.s 			page 266


 12614 2210 FFFF     		.short	-1
 12615 2212 FFFF     		.short	-1
 12616 2214 FFFF     		.short	-1
 12617 2216 6D6B     		.short	27501
 12618 2218 0000     		.short	0
 12619 221a 0000     		.short	0
 12620 221c 4108     		.short	2113
 12621 221e 4108     		.short	2113
 12622 2220 4108     		.short	2113
 12623 2222 4108     		.short	2113
 12624 2224 4108     		.short	2113
 12625 2226 4108     		.short	2113
 12626 2228 4108     		.short	2113
 12627 222a 4108     		.short	2113
 12628 222c 4108     		.short	2113
 12629 222e 4108     		.short	2113
 12630 2230 4108     		.short	2113
 12631 2232 6108     		.short	2145
 12632 2234 6108     		.short	2145
 12633 2236 4108     		.short	2113
 12634 2238 2000     		.short	32
 12635 223a 0000     		.short	0
 12636 223c 0000     		.short	0
 12637 223e 0000     		.short	0
 12638 2240 6108     		.short	2145
 12639 2242 AA52     		.short	21162
 12640 2244 79CE     		.short	-12679
 12641 2246 FFFF     		.short	-1
 12642 2248 9294     		.short	-27502
 12643 224a 0000     		.short	0
 12644 224c 4108     		.short	2113
 12645 224e 718C     		.short	-29583
 12646 2250 7DEF     		.short	-4227
 12647 2252 5DEF     		.short	-4259
 12648 2254 DFFF     		.short	-33
 12649 2256 FFFF     		.short	-1
 12650 2258 DFFF     		.short	-33
 12651 225a FFFF     		.short	-1
 12652 225c D7BD     		.short	-16937
 12653 225e 6108     		.short	2145
 12654 2260 0000     		.short	0
 12655 2262 E318     		.short	6371
 12656 2264 EB5A     		.short	23275
 12657 2266 55AD     		.short	-21163
 12658 2268 1CE7     		.short	-6372
 12659 226a FFFF     		.short	-1
 12660 226c FFFF     		.short	-1
 12661 226e AA52     		.short	21162
 12662 2270 0000     		.short	0
 12663 2272 0000     		.short	0
 12664 2274 0000     		.short	0
 12665 2276 0000     		.short	0
 12666 2278 718C     		.short	-29583
 12667 227a FFFF     		.short	-1
 12668 227c FFFF     		.short	-1
 12669 227e FFFF     		.short	-1
 12670 2280 FFFF     		.short	-1
ARM GAS  /tmp/cczpKMPG.s 			page 267


 12671 2282 55AD     		.short	-21163
 12672 2284 2000     		.short	32
 12673 2286 2000     		.short	32
 12674 2288 BAD6     		.short	-10566
 12675 228a FFFF     		.short	-1
 12676 228c FFFF     		.short	-1
 12677 228e 9EF7     		.short	-2146
 12678 2290 18C6     		.short	-14824
 12679 2292 4108     		.short	2113
 12680 2294 4108     		.short	2113
 12681 2296 0000     		.short	0
 12682 2298 9294     		.short	-27502
 12683 229a FFFF     		.short	-1
 12684 229c 2421     		.short	8484
 12685 229e 0000     		.short	0
 12686 22a0 6108     		.short	2145
 12687 22a2 4108     		.short	2113
 12688 22a4 4108     		.short	2113
 12689 22a6 0000     		.short	0
 12690 22a8 0000     		.short	0
 12691 22aa 1084     		.short	-31728
 12692 22ac FFFF     		.short	-1
 12693 22ae 59CE     		.short	-12711
 12694 22b0 8210     		.short	4226
 12695 22b2 2000     		.short	32
 12696 22b4 4108     		.short	2113
 12697 22b6 4108     		.short	2113
 12698 22b8 6108     		.short	2145
 12699 22ba 4108     		.short	2113
 12700 22bc 4108     		.short	2113
 12701 22be 4108     		.short	2113
 12702 22c0 4108     		.short	2113
 12703 22c2 4108     		.short	2113
 12704 22c4 2000     		.short	32
 12705 22c6 8210     		.short	4226
 12706 22c8 A210     		.short	4258
 12707 22ca 0000     		.short	0
 12708 22cc AA52     		.short	21162
 12709 22ce 5DEF     		.short	-4259
 12710 22d0 FFFF     		.short	-1
 12711 22d2 FFFF     		.short	-1
 12712 22d4 FFFF     		.short	-1
 12713 22d6 FFFF     		.short	-1
 12714 22d8 FFFF     		.short	-1
 12715 22da 9EF7     		.short	-2146
 12716 22dc BAD6     		.short	-10566
 12717 22de DFFF     		.short	-33
 12718 22e0 FFFF     		.short	-1
 12719 22e2 9AD6     		.short	-10598
 12720 22e4 8631     		.short	12678
 12721 22e6 0000     		.short	0
 12722 22e8 4108     		.short	2113
 12723 22ea 4108     		.short	2113
 12724 22ec 4108     		.short	2113
 12725 22ee 4108     		.short	2113
 12726 22f0 4108     		.short	2113
 12727 22f2 4108     		.short	2113
ARM GAS  /tmp/cczpKMPG.s 			page 268


 12728 22f4 4108     		.short	2113
 12729 22f6 4108     		.short	2113
 12730 22f8 4108     		.short	2113
 12731 22fa 2000     		.short	32
 12732 22fc 0000     		.short	0
 12733 22fe 0000     		.short	0
 12734 2300 0000     		.short	0
 12735 2302 0000     		.short	0
 12736 2304 0000     		.short	0
 12737 2306 0000     		.short	0
 12738 2308 A210     		.short	4258
 12739 230a A631     		.short	12710
 12740 230c 2C63     		.short	25388
 12741 230e 55AD     		.short	-21163
 12742 2310 7DEF     		.short	-4227
 12743 2312 FFFF     		.short	-1
 12744 2314 BEF7     		.short	-2114
 12745 2316 CF7B     		.short	31695
 12746 2318 0000     		.short	0
 12747 231a E318     		.short	6371
 12748 231c 96B5     		.short	-19050
 12749 231e 9EF7     		.short	-2146
 12750 2320 5DEF     		.short	-4259
 12751 2322 FFFF     		.short	-1
 12752 2324 FFFF     		.short	-1
 12753 2326 FFFF     		.short	-1
 12754 2328 FFFF     		.short	-1
 12755 232a 34A5     		.short	-23244
 12756 232c 2000     		.short	32
 12757 232e 2000     		.short	32
 12758 2330 6108     		.short	2145
 12759 2332 0000     		.short	0
 12760 2334 0000     		.short	0
 12761 2336 0000     		.short	0
 12762 2338 0000     		.short	0
 12763 233a 14A5     		.short	-23276
 12764 233c FFFF     		.short	-1
 12765 233e 8631     		.short	12678
 12766 2340 0000     		.short	0
 12767 2342 6108     		.short	2145
 12768 2344 6108     		.short	2145
 12769 2346 4108     		.short	2113
 12770 2348 6108     		.short	2145
 12771 234a AE73     		.short	29614
 12772 234c 34A5     		.short	-23244
 12773 234e 9294     		.short	-27502
 12774 2350 494A     		.short	19017
 12775 2352 0000     		.short	0
 12776 2354 A631     		.short	12710
 12777 2356 38C6     		.short	-14792
 12778 2358 FFFF     		.short	-1
 12779 235a FFFF     		.short	-1
 12780 235c DFFF     		.short	-33
 12781 235e 9EF7     		.short	-2146
 12782 2360 F39C     		.short	-25357
 12783 2362 0000     		.short	0
 12784 2364 6108     		.short	2145
ARM GAS  /tmp/cczpKMPG.s 			page 269


 12785 2366 0000     		.short	0
 12786 2368 0842     		.short	16904
 12787 236a FFFF     		.short	-1
 12788 236c 34A5     		.short	-23244
 12789 236e 2000     		.short	32
 12790 2370 0000     		.short	0
 12791 2372 0000     		.short	0
 12792 2374 2000     		.short	32
 12793 2376 494A     		.short	19017
 12794 2378 59CE     		.short	-12711
 12795 237a FFFF     		.short	-1
 12796 237c D7BD     		.short	-16937
 12797 237e A210     		.short	4258
 12798 2380 0000     		.short	0
 12799 2382 4108     		.short	2113
 12800 2384 4108     		.short	2113
 12801 2386 4108     		.short	2113
 12802 2388 4108     		.short	2113
 12803 238a 4108     		.short	2113
 12804 238c 4108     		.short	2113
 12805 238e 4108     		.short	2113
 12806 2390 4108     		.short	2113
 12807 2392 2000     		.short	32
 12808 2394 6108     		.short	2145
 12809 2396 38C6     		.short	-14792
 12810 2398 B6B5     		.short	-19018
 12811 239a 4108     		.short	2113
 12812 239c 0000     		.short	0
 12813 239e 8210     		.short	4226
 12814 23a0 E739     		.short	14823
 12815 23a2 AA52     		.short	21162
 12816 23a4 8A52     		.short	21130
 12817 23a6 0842     		.short	16904
 12818 23a8 0421     		.short	8452
 12819 23aa E318     		.short	6371
 12820 23ac B6B5     		.short	-19018
 12821 23ae FFFF     		.short	-1
 12822 23b0 55AD     		.short	-21163
 12823 23b2 6108     		.short	2145
 12824 23b4 0000     		.short	0
 12825 23b6 6108     		.short	2145
 12826 23b8 4108     		.short	2113
 12827 23ba 4108     		.short	2113
 12828 23bc 4108     		.short	2113
 12829 23be 4108     		.short	2113
 12830 23c0 0000     		.short	0
 12831 23c2 0000     		.short	0
 12832 23c4 0000     		.short	0
 12833 23c6 0000     		.short	0
 12834 23c8 0000     		.short	0
 12835 23ca 6108     		.short	2145
 12836 23cc 0421     		.short	8452
 12837 23ce C739     		.short	14791
 12838 23d0 CB5A     		.short	23243
 12839 23d2 EF7B     		.short	31727
 12840 23d4 14A5     		.short	-23276
 12841 23d6 38C6     		.short	-14792
ARM GAS  /tmp/cczpKMPG.s 			page 270


 12842 23d8 9EF7     		.short	-2146
 12843 23da FFFF     		.short	-1
 12844 23dc FFFF     		.short	-1
 12845 23de FFFF     		.short	-1
 12846 23e0 38C6     		.short	-14792
 12847 23e2 6D6B     		.short	27501
 12848 23e4 E318     		.short	6371
 12849 23e6 0000     		.short	0
 12850 23e8 4108     		.short	2113
 12851 23ea B6B5     		.short	-19018
 12852 23ec BEF7     		.short	-2114
 12853 23ee 7DEF     		.short	-4227
 12854 23f0 FFFF     		.short	-1
 12855 23f2 FFFF     		.short	-1
 12856 23f4 FFFF     		.short	-1
 12857 23f6 FFFF     		.short	-1
 12858 23f8 718C     		.short	-29583
 12859 23fa 0000     		.short	0
 12860 23fc 4108     		.short	2113
 12861 23fe 4108     		.short	2113
 12862 2400 4108     		.short	2113
 12863 2402 4108     		.short	2113
 12864 2404 6108     		.short	2145
 12865 2406 4108     		.short	2113
 12866 2408 4108     		.short	2113
 12867 240a 7DEF     		.short	-4227
 12868 240c 38C6     		.short	-14792
 12869 240e 0000     		.short	0
 12870 2410 6108     		.short	2145
 12871 2412 6108     		.short	2145
 12872 2414 6108     		.short	2145
 12873 2416 6108     		.short	2145
 12874 2418 4108     		.short	2113
 12875 241a 0000     		.short	0
 12876 241c 0000     		.short	0
 12877 241e 0000     		.short	0
 12878 2420 0000     		.short	0
 12879 2422 6108     		.short	2145
 12880 2424 1CE7     		.short	-6372
 12881 2426 FFFF     		.short	-1
 12882 2428 FFFF     		.short	-1
 12883 242a FFFF     		.short	-1
 12884 242c BEF7     		.short	-2114
 12885 242e 9EF7     		.short	-2146
 12886 2430 4D6B     		.short	27469
 12887 2432 0000     		.short	0
 12888 2434 6108     		.short	2145
 12889 2436 4108     		.short	2113
 12890 2438 0000     		.short	0
 12891 243a 14A5     		.short	-23276
 12892 243c FFFF     		.short	-1
 12893 243e FBDE     		.short	-8453
 12894 2440 75AD     		.short	-21131
 12895 2442 96B5     		.short	-19050
 12896 2444 1CE7     		.short	-6372
 12897 2446 FFFF     		.short	-1
 12898 2448 FFFF     		.short	-1
ARM GAS  /tmp/cczpKMPG.s 			page 271


 12899 244a EF7B     		.short	31727
 12900 244c 2000     		.short	32
 12901 244e 2000     		.short	32
 12902 2450 4108     		.short	2113
 12903 2452 4108     		.short	2113
 12904 2454 4108     		.short	2113
 12905 2456 4108     		.short	2113
 12906 2458 4108     		.short	2113
 12907 245a 4108     		.short	2113
 12908 245c 4108     		.short	2113
 12909 245e 6108     		.short	2145
 12910 2460 0000     		.short	0
 12911 2462 2000     		.short	32
 12912 2464 34A5     		.short	-23244
 12913 2466 9EF7     		.short	-2146
 12914 2468 3CE7     		.short	-6340
 12915 246a 4529     		.short	10565
 12916 246c 0000     		.short	0
 12917 246e 2000     		.short	32
 12918 2470 0000     		.short	0
 12919 2472 0000     		.short	0
 12920 2474 0000     		.short	0
 12921 2476 0000     		.short	0
 12922 2478 C318     		.short	6339
 12923 247a 9AD6     		.short	-10598
 12924 247c FFFF     		.short	-1
 12925 247e 1084     		.short	-31728
 12926 2480 0000     		.short	0
 12927 2482 2000     		.short	32
 12928 2484 4108     		.short	2113
 12929 2486 4108     		.short	2113
 12930 2488 4108     		.short	2113
 12931 248a 4108     		.short	2113
 12932 248c 4108     		.short	2113
 12933 248e 4108     		.short	2113
 12934 2490 C739     		.short	14791
 12935 2492 6D6B     		.short	27501
 12936 2494 F39C     		.short	-25357
 12937 2496 18C6     		.short	-14824
 12938 2498 1CE7     		.short	-6372
 12939 249a DFFF     		.short	-33
 12940 249c FFFF     		.short	-1
 12941 249e FFFF     		.short	-1
 12942 24a0 FFFF     		.short	-1
 12943 24a2 FFFF     		.short	-1
 12944 24a4 FFFF     		.short	-1
 12945 24a6 FFFF     		.short	-1
 12946 24a8 BAD6     		.short	-10566
 12947 24aa 3084     		.short	-31696
 12948 24ac 0842     		.short	16904
 12949 24ae 4108     		.short	2113
 12950 24b0 0000     		.short	0
 12951 24b2 0000     		.short	0
 12952 24b4 0000     		.short	0
 12953 24b6 6108     		.short	2145
 12954 24b8 A210     		.short	4258
 12955 24ba BAD6     		.short	-10566
ARM GAS  /tmp/cczpKMPG.s 			page 272


 12956 24bc 5DEF     		.short	-4259
 12957 24be FFFF     		.short	-1
 12958 24c0 FFFF     		.short	-1
 12959 24c2 FFFF     		.short	-1
 12960 24c4 FFFF     		.short	-1
 12961 24c6 FFFF     		.short	-1
 12962 24c8 4D6B     		.short	27469
 12963 24ca 0000     		.short	0
 12964 24cc 4108     		.short	2113
 12965 24ce 6108     		.short	2145
 12966 24d0 6108     		.short	2145
 12967 24d2 4108     		.short	2113
 12968 24d4 6108     		.short	2145
 12969 24d6 2000     		.short	32
 12970 24d8 E318     		.short	6371
 12971 24da FFFF     		.short	-1
 12972 24dc B294     		.short	-27470
 12973 24de 0000     		.short	0
 12974 24e0 0000     		.short	0
 12975 24e2 0000     		.short	0
 12976 24e4 0000     		.short	0
 12977 24e6 0000     		.short	0
 12978 24e8 0000     		.short	0
 12979 24ea 0000     		.short	0
 12980 24ec 0000     		.short	0
 12981 24ee 8210     		.short	4226
 12982 24f0 6108     		.short	2145
 12983 24f2 1084     		.short	-31728
 12984 24f4 FFFF     		.short	-1
 12985 24f6 DFFF     		.short	-33
 12986 24f8 FFFF     		.short	-1
 12987 24fa FFFF     		.short	-1
 12988 24fc 7DEF     		.short	-4227
 12989 24fe 3CE7     		.short	-6340
 12990 2500 8631     		.short	12678
 12991 2502 0000     		.short	0
 12992 2504 4108     		.short	2113
 12993 2506 4108     		.short	2113
 12994 2508 2000     		.short	32
 12995 250a 2000     		.short	32
 12996 250c AE73     		.short	29614
 12997 250e DBDE     		.short	-8485
 12998 2510 DFFF     		.short	-33
 12999 2512 BEF7     		.short	-2114
 13000 2514 9AD6     		.short	-10598
 13001 2516 1084     		.short	-31728
 13002 2518 0421     		.short	8452
 13003 251a 0000     		.short	0
 13004 251c 4108     		.short	2113
 13005 251e 4108     		.short	2113
 13006 2520 4108     		.short	2113
 13007 2522 4108     		.short	2113
 13008 2524 4108     		.short	2113
 13009 2526 4108     		.short	2113
 13010 2528 4108     		.short	2113
 13011 252a 4108     		.short	2113
 13012 252c 4108     		.short	2113
ARM GAS  /tmp/cczpKMPG.s 			page 273


 13013 252e 0000     		.short	0
 13014 2530 E318     		.short	6371
 13015 2532 96B5     		.short	-19050
 13016 2534 7DEF     		.short	-4227
 13017 2536 1CE7     		.short	-6372
 13018 2538 7DEF     		.short	-4227
 13019 253a 494A     		.short	19017
 13020 253c 0000     		.short	0
 13021 253e 6108     		.short	2145
 13022 2540 4108     		.short	2113
 13023 2542 6108     		.short	2145
 13024 2544 2000     		.short	32
 13025 2546 2421     		.short	8484
 13026 2548 FBDE     		.short	-8453
 13027 254a FFFF     		.short	-1
 13028 254c 2C63     		.short	25388
 13029 254e 0000     		.short	0
 13030 2550 4108     		.short	2113
 13031 2552 4108     		.short	2113
 13032 2554 4108     		.short	2113
 13033 2556 4108     		.short	2113
 13034 2558 4108     		.short	2113
 13035 255a 4108     		.short	2113
 13036 255c 4108     		.short	2113
 13037 255e 4108     		.short	2113
 13038 2560 C318     		.short	6339
 13039 2562 6529     		.short	10597
 13040 2564 2842     		.short	16936
 13041 2566 EB5A     		.short	23275
 13042 2568 CF7B     		.short	31695
 13043 256a B294     		.short	-27470
 13044 256c 96B5     		.short	-19050
 13045 256e 59CE     		.short	-12711
 13046 2570 1CE7     		.short	-6372
 13047 2572 BEF7     		.short	-2114
 13048 2574 FFFF     		.short	-1
 13049 2576 FFFF     		.short	-1
 13050 2578 FFFF     		.short	-1
 13051 257a 5DEF     		.short	-4259
 13052 257c 79CE     		.short	-12679
 13053 257e 55AD     		.short	-21163
 13054 2580 EF7B     		.short	31727
 13055 2582 494A     		.short	19017
 13056 2584 A210     		.short	4258
 13057 2586 0000     		.short	0
 13058 2588 0000     		.short	0
 13059 258a 1084     		.short	-31728
 13060 258c BEF7     		.short	-2114
 13061 258e 7DEF     		.short	-4227
 13062 2590 FFFF     		.short	-1
 13063 2592 FFFF     		.short	-1
 13064 2594 FFFF     		.short	-1
 13065 2596 FFFF     		.short	-1
 13066 2598 FFFF     		.short	-1
 13067 259a EF7B     		.short	31727
 13068 259c 6108     		.short	2145
 13069 259e 0000     		.short	0
ARM GAS  /tmp/cczpKMPG.s 			page 274


 13070 25a0 0000     		.short	0
 13071 25a2 0000     		.short	0
 13072 25a4 0000     		.short	0
 13073 25a6 0000     		.short	0
 13074 25a8 0000     		.short	0
 13075 25aa 7DEF     		.short	-4227
 13076 25ac 18C6     		.short	-14824
 13077 25ae A631     		.short	12710
 13078 25b0 8A52     		.short	21130
 13079 25b2 0C63     		.short	25356
 13080 25b4 AE73     		.short	29614
 13081 25b6 718C     		.short	-29583
 13082 25b8 75AD     		.short	-21131
 13083 25ba 38C6     		.short	-14792
 13084 25bc 79CE     		.short	-12679
 13085 25be DBDE     		.short	-8485
 13086 25c0 5DEF     		.short	-4259
 13087 25c2 FFFF     		.short	-1
 13088 25c4 FFFF     		.short	-1
 13089 25c6 FFFF     		.short	-1
 13090 25c8 FFFF     		.short	-1
 13091 25ca DFFF     		.short	-33
 13092 25cc 9EF7     		.short	-2146
 13093 25ce F39C     		.short	-25357
 13094 25d0 0000     		.short	0
 13095 25d2 4108     		.short	2113
 13096 25d4 6108     		.short	2145
 13097 25d6 4108     		.short	2113
 13098 25d8 4108     		.short	2113
 13099 25da 4108     		.short	2113
 13100 25dc 0000     		.short	0
 13101 25de 0000     		.short	0
 13102 25e0 8210     		.short	4226
 13103 25e2 8210     		.short	4226
 13104 25e4 0000     		.short	0
 13105 25e6 0000     		.short	0
 13106 25e8 0000     		.short	0
 13107 25ea 6108     		.short	2145
 13108 25ec 4108     		.short	2113
 13109 25ee 4108     		.short	2113
 13110 25f0 4108     		.short	2113
 13111 25f2 4108     		.short	2113
 13112 25f4 4108     		.short	2113
 13113 25f6 4108     		.short	2113
 13114 25f8 2000     		.short	32
 13115 25fa 0000     		.short	0
 13116 25fc 2000     		.short	32
 13117 25fe EB5A     		.short	23275
 13118 2600 9AD6     		.short	-10598
 13119 2602 7DEF     		.short	-4227
 13120 2604 9EF7     		.short	-2146
 13121 2606 BEF7     		.short	-2114
 13122 2608 9EF7     		.short	-2146
 13123 260a 0C63     		.short	25356
 13124 260c 0000     		.short	0
 13125 260e 6108     		.short	2145
 13126 2610 4108     		.short	2113
ARM GAS  /tmp/cczpKMPG.s 			page 275


 13127 2612 2000     		.short	32
 13128 2614 8210     		.short	4226
 13129 2616 BAD6     		.short	-10566
 13130 2618 FFFF     		.short	-1
 13131 261a AA52     		.short	21162
 13132 261c 0000     		.short	0
 13133 261e 6108     		.short	2145
 13134 2620 4108     		.short	2113
 13135 2622 4108     		.short	2113
 13136 2624 4108     		.short	2113
 13137 2626 4108     		.short	2113
 13138 2628 4108     		.short	2113
 13139 262a 4108     		.short	2113
 13140 262c 4108     		.short	2113
 13141 262e 4108     		.short	2113
 13142 2630 2000     		.short	32
 13143 2632 0000     		.short	0
 13144 2634 0000     		.short	0
 13145 2636 0000     		.short	0
 13146 2638 0000     		.short	0
 13147 263a 0000     		.short	0
 13148 263c 0000     		.short	0
 13149 263e 0000     		.short	0
 13150 2640 8210     		.short	4226
 13151 2642 4529     		.short	10565
 13152 2644 0842     		.short	16904
 13153 2646 0C63     		.short	25356
 13154 2648 3084     		.short	-31696
 13155 264a 75AD     		.short	-21131
 13156 264c DBDE     		.short	-8485
 13157 264e DFFF     		.short	-33
 13158 2650 FFFF     		.short	-1
 13159 2652 FFFF     		.short	-1
 13160 2654 BEF7     		.short	-2114
 13161 2656 B294     		.short	-27470
 13162 2658 8210     		.short	4226
 13163 265a 6108     		.short	2145
 13164 265c D7BD     		.short	-16937
 13165 265e 9EF7     		.short	-2146
 13166 2660 7DEF     		.short	-4227
 13167 2662 FFFF     		.short	-1
 13168 2664 FFFF     		.short	-1
 13169 2666 FFFF     		.short	-1
 13170 2668 FFFF     		.short	-1
 13171 266a FFFF     		.short	-1
 13172 266c 1CE7     		.short	-6372
 13173 266e F39C     		.short	-25357
 13174 2670 8E73     		.short	29582
 13175 2672 CB5A     		.short	23243
 13176 2674 AA52     		.short	21162
 13177 2676 EB5A     		.short	23275
 13178 2678 518C     		.short	-29615
 13179 267a 7DEF     		.short	-4227
 13180 267c FFFF     		.short	-1
 13181 267e FFFF     		.short	-1
 13182 2680 FFFF     		.short	-1
 13183 2682 FFFF     		.short	-1
ARM GAS  /tmp/cczpKMPG.s 			page 276


 13184 2684 FFFF     		.short	-1
 13185 2686 FFFF     		.short	-1
 13186 2688 14A5     		.short	-23276
 13187 268a 4D6B     		.short	27469
 13188 268c 3CE7     		.short	-6340
 13189 268e FFFF     		.short	-1
 13190 2690 FFFF     		.short	-1
 13191 2692 FFFF     		.short	-1
 13192 2694 FFFF     		.short	-1
 13193 2696 FFFF     		.short	-1
 13194 2698 FFFF     		.short	-1
 13195 269a 7DEF     		.short	-4227
 13196 269c 3CE7     		.short	-6340
 13197 269e 55AD     		.short	-21163
 13198 26a0 A631     		.short	12710
 13199 26a2 2000     		.short	32
 13200 26a4 0000     		.short	0
 13201 26a6 0000     		.short	0
 13202 26a8 0000     		.short	0
 13203 26aa 4108     		.short	2113
 13204 26ac 6108     		.short	2145
 13205 26ae 6108     		.short	2145
 13206 26b0 4108     		.short	2113
 13207 26b2 4108     		.short	2113
 13208 26b4 6108     		.short	2145
 13209 26b6 6108     		.short	2145
 13210 26b8 6108     		.short	2145
 13211 26ba 6108     		.short	2145
 13212 26bc 4108     		.short	2113
 13213 26be 4108     		.short	2113
 13214 26c0 2000     		.short	32
 13215 26c2 0000     		.short	0
 13216 26c4 0000     		.short	0
 13217 26c6 0000     		.short	0
 13218 26c8 A210     		.short	4258
 13219 26ca EB5A     		.short	23275
 13220 26cc D7BD     		.short	-16937
 13221 26ce 7DEF     		.short	-4227
 13222 26d0 5DEF     		.short	-4259
 13223 26d2 BEF7     		.short	-2114
 13224 26d4 FFFF     		.short	-1
 13225 26d6 BEF7     		.short	-2114
 13226 26d8 9EF7     		.short	-2146
 13227 26da 4D6B     		.short	27469
 13228 26dc 0000     		.short	0
 13229 26de 4108     		.short	2113
 13230 26e0 4108     		.short	2113
 13231 26e2 0000     		.short	0
 13232 26e4 96B5     		.short	-19050
 13233 26e6 FFFF     		.short	-1
 13234 26e8 2C63     		.short	25388
 13235 26ea 0000     		.short	0
 13236 26ec 6108     		.short	2145
 13237 26ee 4108     		.short	2113
 13238 26f0 4108     		.short	2113
 13239 26f2 4108     		.short	2113
 13240 26f4 4108     		.short	2113
ARM GAS  /tmp/cczpKMPG.s 			page 277


 13241 26f6 4108     		.short	2113
 13242 26f8 4108     		.short	2113
 13243 26fa 4108     		.short	2113
 13244 26fc 4108     		.short	2113
 13245 26fe 4108     		.short	2113
 13246 2700 4108     		.short	2113
 13247 2702 4108     		.short	2113
 13248 2704 4108     		.short	2113
 13249 2706 4108     		.short	2113
 13250 2708 6108     		.short	2145
 13251 270a 6108     		.short	2145
 13252 270c 4108     		.short	2113
 13253 270e 4108     		.short	2113
 13254 2710 2000     		.short	32
 13255 2712 0000     		.short	0
 13256 2714 0000     		.short	0
 13257 2716 0000     		.short	0
 13258 2718 0000     		.short	0
 13259 271a 0000     		.short	0
 13260 271c 0000     		.short	0
 13261 271e 8210     		.short	4226
 13262 2720 A631     		.short	12710
 13263 2722 6D6B     		.short	27501
 13264 2724 D7BD     		.short	-16937
 13265 2726 FFFF     		.short	-1
 13266 2728 55AD     		.short	-21163
 13267 272a 0000     		.short	0
 13268 272c C318     		.short	6339
 13269 272e 96B5     		.short	-19050
 13270 2730 9EF7     		.short	-2146
 13271 2732 5DEF     		.short	-4259
 13272 2734 9EF7     		.short	-2146
 13273 2736 FFFF     		.short	-1
 13274 2738 FFFF     		.short	-1
 13275 273a FFFF     		.short	-1
 13276 273c FFFF     		.short	-1
 13277 273e FFFF     		.short	-1
 13278 2740 FFFF     		.short	-1
 13279 2742 FFFF     		.short	-1
 13280 2744 FFFF     		.short	-1
 13281 2746 FFFF     		.short	-1
 13282 2748 FFFF     		.short	-1
 13283 274a FFFF     		.short	-1
 13284 274c FFFF     		.short	-1
 13285 274e FFFF     		.short	-1
 13286 2750 DFFF     		.short	-33
 13287 2752 FFFF     		.short	-1
 13288 2754 BEF7     		.short	-2114
 13289 2756 96B5     		.short	-19050
 13290 2758 0000     		.short	0
 13291 275a 0000     		.short	0
 13292 275c E739     		.short	14823
 13293 275e DFFF     		.short	-33
 13294 2760 FFFF     		.short	-1
 13295 2762 FFFF     		.short	-1
 13296 2764 FFFF     		.short	-1
 13297 2766 FFFF     		.short	-1
ARM GAS  /tmp/cczpKMPG.s 			page 278


 13298 2768 FFFF     		.short	-1
 13299 276a FFFF     		.short	-1
 13300 276c 5DEF     		.short	-4259
 13301 276e 7DEF     		.short	-4227
 13302 2770 3CE7     		.short	-6340
 13303 2772 B6B5     		.short	-19018
 13304 2774 CF7B     		.short	31695
 13305 2776 0842     		.short	16904
 13306 2778 E318     		.short	6371
 13307 277a 2000     		.short	32
 13308 277c 0000     		.short	0
 13309 277e 0000     		.short	0
 13310 2780 0000     		.short	0
 13311 2782 0000     		.short	0
 13312 2784 0000     		.short	0
 13313 2786 0000     		.short	0
 13314 2788 0000     		.short	0
 13315 278a 0000     		.short	0
 13316 278c 0000     		.short	0
 13317 278e 0000     		.short	0
 13318 2790 6108     		.short	2145
 13319 2792 4529     		.short	10565
 13320 2794 CB5A     		.short	23243
 13321 2796 B294     		.short	-27470
 13322 2798 79CE     		.short	-12679
 13323 279a 7DEF     		.short	-4227
 13324 279c 7DEF     		.short	-4227
 13325 279e 7DEF     		.short	-4227
 13326 27a0 DFFF     		.short	-33
 13327 27a2 FFFF     		.short	-1
 13328 27a4 FFFF     		.short	-1
 13329 27a6 BEF7     		.short	-2114
 13330 27a8 9EF7     		.short	-2146
 13331 27aa 4D6B     		.short	27469
 13332 27ac 6529     		.short	10597
 13333 27ae A210     		.short	4258
 13334 27b0 0000     		.short	0
 13335 27b2 AA52     		.short	21162
 13336 27b4 FFFF     		.short	-1
 13337 27b6 D39C     		.short	-25389
 13338 27b8 0000     		.short	0
 13339 27ba 6108     		.short	2145
 13340 27bc 4108     		.short	2113
 13341 27be 4108     		.short	2113
 13342 27c0 4108     		.short	2113
 13343 27c2 4108     		.short	2113
 13344 27c4 4108     		.short	2113
 13345 27c6 4108     		.short	2113
 13346 27c8 4108     		.short	2113
 13347 27ca 4108     		.short	2113
 13348 27cc 4108     		.short	2113
 13349 27ce 4108     		.short	2113
 13350 27d0 4108     		.short	2113
 13351 27d2 4108     		.short	2113
 13352 27d4 4108     		.short	2113
 13353 27d6 4108     		.short	2113
 13354 27d8 4108     		.short	2113
ARM GAS  /tmp/cczpKMPG.s 			page 279


 13355 27da 4108     		.short	2113
 13356 27dc 4108     		.short	2113
 13357 27de 4108     		.short	2113
 13358 27e0 4108     		.short	2113
 13359 27e2 4108     		.short	2113
 13360 27e4 4108     		.short	2113
 13361 27e6 6108     		.short	2145
 13362 27e8 6108     		.short	2145
 13363 27ea 4108     		.short	2113
 13364 27ec 4108     		.short	2113
 13365 27ee 4108     		.short	2113
 13366 27f0 0000     		.short	0
 13367 27f2 0000     		.short	0
 13368 27f4 494A     		.short	19017
 13369 27f6 FFFF     		.short	-1
 13370 27f8 F7BD     		.short	-16905
 13371 27fa 0000     		.short	0
 13372 27fc 2000     		.short	32
 13373 27fe 4108     		.short	2113
 13374 2800 AE73     		.short	29614
 13375 2802 BAD6     		.short	-10566
 13376 2804 9EF7     		.short	-2146
 13377 2806 9EF7     		.short	-2146
 13378 2808 9EF7     		.short	-2146
 13379 280a 9EF7     		.short	-2146
 13380 280c 9EF7     		.short	-2146
 13381 280e 9EF7     		.short	-2146
 13382 2810 9EF7     		.short	-2146
 13383 2812 9EF7     		.short	-2146
 13384 2814 9EF7     		.short	-2146
 13385 2816 DFFF     		.short	-33
 13386 2818 DFFF     		.short	-33
 13387 281a FFFF     		.short	-1
 13388 281c FFFF     		.short	-1
 13389 281e FFFF     		.short	-1
 13390 2820 FFFF     		.short	-1
 13391 2822 718C     		.short	-29583
 13392 2824 AE73     		.short	29614
 13393 2826 B294     		.short	-27470
 13394 2828 0000     		.short	0
 13395 282a 0000     		.short	0
 13396 282c 4108     		.short	2113
 13397 282e 7DEF     		.short	-4227
 13398 2830 FFFF     		.short	-1
 13399 2832 FFFF     		.short	-1
 13400 2834 FFFF     		.short	-1
 13401 2836 FFFF     		.short	-1
 13402 2838 FFFF     		.short	-1
 13403 283a FFFF     		.short	-1
 13404 283c FFFF     		.short	-1
 13405 283e DFFF     		.short	-33
 13406 2840 7DEF     		.short	-4227
 13407 2842 9EF7     		.short	-2146
 13408 2844 9EF7     		.short	-2146
 13409 2846 5DEF     		.short	-4259
 13410 2848 BAD6     		.short	-10566
 13411 284a D7BD     		.short	-16937
ARM GAS  /tmp/cczpKMPG.s 			page 280


 13412 284c F39C     		.short	-25357
 13413 284e 3084     		.short	-31696
 13414 2850 8E73     		.short	29582
 13415 2852 2C63     		.short	25388
 13416 2854 EB5A     		.short	23275
 13417 2856 0C63     		.short	25356
 13418 2858 4D6B     		.short	27469
 13419 285a AE73     		.short	29614
 13420 285c 718C     		.short	-29583
 13421 285e 55AD     		.short	-21163
 13422 2860 38C6     		.short	-14792
 13423 2862 FBDE     		.short	-8453
 13424 2864 7DEF     		.short	-4227
 13425 2866 9EF7     		.short	-2146
 13426 2868 7DEF     		.short	-4227
 13427 286a 9EF7     		.short	-2146
 13428 286c DFFF     		.short	-33
 13429 286e FFFF     		.short	-1
 13430 2870 FFFF     		.short	-1
 13431 2872 FFFF     		.short	-1
 13432 2874 FFFF     		.short	-1
 13433 2876 BEF7     		.short	-2114
 13434 2878 1CE7     		.short	-6372
 13435 287a 79CE     		.short	-12679
 13436 287c 9EF7     		.short	-2146
 13437 287e 8A52     		.short	21130
 13438 2880 0000     		.short	0
 13439 2882 79CE     		.short	-12679
 13440 2884 9EF7     		.short	-2146
 13441 2886 8210     		.short	4226
 13442 2888 2000     		.short	32
 13443 288a 4108     		.short	2113
 13444 288c 4108     		.short	2113
 13445 288e 4108     		.short	2113
 13446 2890 4108     		.short	2113
 13447 2892 4108     		.short	2113
 13448 2894 4108     		.short	2113
 13449 2896 4108     		.short	2113
 13450 2898 4108     		.short	2113
 13451 289a 4108     		.short	2113
 13452 289c 4108     		.short	2113
 13453 289e 4108     		.short	2113
 13454 28a0 4108     		.short	2113
 13455 28a2 4108     		.short	2113
 13456 28a4 4108     		.short	2113
 13457 28a6 4108     		.short	2113
 13458 28a8 4108     		.short	2113
 13459 28aa 4108     		.short	2113
 13460 28ac 4108     		.short	2113
 13461 28ae 4108     		.short	2113
 13462 28b0 4108     		.short	2113
 13463 28b2 4108     		.short	2113
 13464 28b4 4108     		.short	2113
 13465 28b6 4108     		.short	2113
 13466 28b8 4108     		.short	2113
 13467 28ba 6108     		.short	2145
 13468 28bc 2000     		.short	32
ARM GAS  /tmp/cczpKMPG.s 			page 281


 13469 28be 0000     		.short	0
 13470 28c0 E318     		.short	6371
 13471 28c2 D39C     		.short	-25389
 13472 28c4 FFFF     		.short	-1
 13473 28c6 5DEF     		.short	-4259
 13474 28c8 6529     		.short	10597
 13475 28ca 2000     		.short	32
 13476 28cc 6108     		.short	2145
 13477 28ce 2000     		.short	32
 13478 28d0 0000     		.short	0
 13479 28d2 E318     		.short	6371
 13480 28d4 4D6B     		.short	27469
 13481 28d6 55AD     		.short	-21163
 13482 28d8 79CE     		.short	-12679
 13483 28da 1CE7     		.short	-6372
 13484 28dc 5DEF     		.short	-4259
 13485 28de 7DEF     		.short	-4227
 13486 28e0 9EF7     		.short	-2146
 13487 28e2 7DEF     		.short	-4227
 13488 28e4 FBDE     		.short	-8453
 13489 28e6 7DEF     		.short	-4227
 13490 28e8 FFFF     		.short	-1
 13491 28ea FFFF     		.short	-1
 13492 28ec FFFF     		.short	-1
 13493 28ee DFFF     		.short	-33
 13494 28f0 2C63     		.short	25388
 13495 28f2 0000     		.short	0
 13496 28f4 A631     		.short	12710
 13497 28f6 59CE     		.short	-12711
 13498 28f8 8210     		.short	4226
 13499 28fa 6D6B     		.short	27501
 13500 28fc B6B5     		.short	-19018
 13501 28fe FFFF     		.short	-1
 13502 2900 FFFF     		.short	-1
 13503 2902 FFFF     		.short	-1
 13504 2904 FFFF     		.short	-1
 13505 2906 FFFF     		.short	-1
 13506 2908 FFFF     		.short	-1
 13507 290a FFFF     		.short	-1
 13508 290c FFFF     		.short	-1
 13509 290e FFFF     		.short	-1
 13510 2910 FFFF     		.short	-1
 13511 2912 FFFF     		.short	-1
 13512 2914 BEF7     		.short	-2114
 13513 2916 9EF7     		.short	-2146
 13514 2918 9EF7     		.short	-2146
 13515 291a 9EF7     		.short	-2146
 13516 291c 9EF7     		.short	-2146
 13517 291e 9EF7     		.short	-2146
 13518 2920 9EF7     		.short	-2146
 13519 2922 9EF7     		.short	-2146
 13520 2924 9EF7     		.short	-2146
 13521 2926 9EF7     		.short	-2146
 13522 2928 9EF7     		.short	-2146
 13523 292a 9EF7     		.short	-2146
 13524 292c 9EF7     		.short	-2146
 13525 292e 9EF7     		.short	-2146
ARM GAS  /tmp/cczpKMPG.s 			page 282


 13526 2930 9EF7     		.short	-2146
 13527 2932 9EF7     		.short	-2146
 13528 2934 9EF7     		.short	-2146
 13529 2936 DFFF     		.short	-33
 13530 2938 FFFF     		.short	-1
 13531 293a FFFF     		.short	-1
 13532 293c FFFF     		.short	-1
 13533 293e FFFF     		.short	-1
 13534 2940 FBDE     		.short	-8453
 13535 2942 DFFF     		.short	-33
 13536 2944 FFFF     		.short	-1
 13537 2946 BEF7     		.short	-2114
 13538 2948 FBDE     		.short	-8453
 13539 294a 3CE7     		.short	-6340
 13540 294c 7DEF     		.short	-4227
 13541 294e E739     		.short	14823
 13542 2950 4108     		.short	2113
 13543 2952 FFFF     		.short	-1
 13544 2954 34A5     		.short	-23244
 13545 2956 0000     		.short	0
 13546 2958 6108     		.short	2145
 13547 295a 4108     		.short	2113
 13548 295c 4108     		.short	2113
 13549 295e 4108     		.short	2113
 13550 2960 4108     		.short	2113
 13551 2962 4108     		.short	2113
 13552 2964 4108     		.short	2113
 13553 2966 4108     		.short	2113
 13554 2968 4108     		.short	2113
 13555 296a 4108     		.short	2113
 13556 296c 4108     		.short	2113
 13557 296e 4108     		.short	2113
 13558 2970 4108     		.short	2113
 13559 2972 4108     		.short	2113
 13560 2974 4108     		.short	2113
 13561 2976 4108     		.short	2113
 13562 2978 4108     		.short	2113
 13563 297a 4108     		.short	2113
 13564 297c 4108     		.short	2113
 13565 297e 4108     		.short	2113
 13566 2980 4108     		.short	2113
 13567 2982 4108     		.short	2113
 13568 2984 4108     		.short	2113
 13569 2986 4108     		.short	2113
 13570 2988 0000     		.short	0
 13571 298a 0000     		.short	0
 13572 298c C318     		.short	6339
 13573 298e 1084     		.short	-31728
 13574 2990 BEF7     		.short	-2114
 13575 2992 FFFF     		.short	-1
 13576 2994 96B5     		.short	-19050
 13577 2996 0421     		.short	8452
 13578 2998 0000     		.short	0
 13579 299a 6108     		.short	2145
 13580 299c 4108     		.short	2113
 13581 299e 6108     		.short	2145
 13582 29a0 6108     		.short	2145
ARM GAS  /tmp/cczpKMPG.s 			page 283


 13583 29a2 0000     		.short	0
 13584 29a4 0000     		.short	0
 13585 29a6 0000     		.short	0
 13586 29a8 A210     		.short	4258
 13587 29aa 6529     		.short	10597
 13588 29ac 2842     		.short	16936
 13589 29ae CB5A     		.short	23243
 13590 29b0 CB5A     		.short	23243
 13591 29b2 EF7B     		.short	31727
 13592 29b4 3CE7     		.short	-6340
 13593 29b6 9EF7     		.short	-2146
 13594 29b8 FFFF     		.short	-1
 13595 29ba FFFF     		.short	-1
 13596 29bc DFFF     		.short	-33
 13597 29be 494A     		.short	19017
 13598 29c0 0000     		.short	0
 13599 29c2 6108     		.short	2145
 13600 29c4 0000     		.short	0
 13601 29c6 55AD     		.short	-21163
 13602 29c8 3CE7     		.short	-6340
 13603 29ca 34A5     		.short	-23244
 13604 29cc EB5A     		.short	23275
 13605 29ce 18C6     		.short	-14824
 13606 29d0 FFFF     		.short	-1
 13607 29d2 FFFF     		.short	-1
 13608 29d4 FFFF     		.short	-1
 13609 29d6 FFFF     		.short	-1
 13610 29d8 FFFF     		.short	-1
 13611 29da FFFF     		.short	-1
 13612 29dc FFFF     		.short	-1
 13613 29de FFFF     		.short	-1
 13614 29e0 FFFF     		.short	-1
 13615 29e2 FFFF     		.short	-1
 13616 29e4 FFFF     		.short	-1
 13617 29e6 FFFF     		.short	-1
 13618 29e8 FFFF     		.short	-1
 13619 29ea FFFF     		.short	-1
 13620 29ec DFFF     		.short	-33
 13621 29ee DFFF     		.short	-33
 13622 29f0 BEF7     		.short	-2114
 13623 29f2 BEF7     		.short	-2114
 13624 29f4 BEF7     		.short	-2114
 13625 29f6 BEF7     		.short	-2114
 13626 29f8 BEF7     		.short	-2114
 13627 29fa DFFF     		.short	-33
 13628 29fc DFFF     		.short	-33
 13629 29fe FFFF     		.short	-1
 13630 2a00 FFFF     		.short	-1
 13631 2a02 FFFF     		.short	-1
 13632 2a04 FFFF     		.short	-1
 13633 2a06 FFFF     		.short	-1
 13634 2a08 DFFF     		.short	-33
 13635 2a0a FFFF     		.short	-1
 13636 2a0c FFFF     		.short	-1
 13637 2a0e CF7B     		.short	31695
 13638 2a10 4D6B     		.short	27469
 13639 2a12 FFFF     		.short	-1
ARM GAS  /tmp/cczpKMPG.s 			page 284


 13640 2a14 FFFF     		.short	-1
 13641 2a16 FFFF     		.short	-1
 13642 2a18 DFFF     		.short	-33
 13643 2a1a 7DEF     		.short	-4227
 13644 2a1c 1CE7     		.short	-6372
 13645 2a1e 2421     		.short	8484
 13646 2a20 8210     		.short	4226
 13647 2a22 FFFF     		.short	-1
 13648 2a24 34A5     		.short	-23244
 13649 2a26 0000     		.short	0
 13650 2a28 6108     		.short	2145
 13651 2a2a 4108     		.short	2113
 13652 2a2c 4108     		.short	2113
 13653 2a2e 4108     		.short	2113
 13654 2a30 4108     		.short	2113
 13655 2a32 4108     		.short	2113
 13656 2a34 4108     		.short	2113
 13657 2a36 4108     		.short	2113
 13658 2a38 4108     		.short	2113
 13659 2a3a 4108     		.short	2113
 13660 2a3c 4108     		.short	2113
 13661 2a3e 4108     		.short	2113
 13662 2a40 4108     		.short	2113
 13663 2a42 4108     		.short	2113
 13664 2a44 4108     		.short	2113
 13665 2a46 4108     		.short	2113
 13666 2a48 4108     		.short	2113
 13667 2a4a 4108     		.short	2113
 13668 2a4c 4108     		.short	2113
 13669 2a4e 4108     		.short	2113
 13670 2a50 6108     		.short	2145
 13671 2a52 4108     		.short	2113
 13672 2a54 0000     		.short	0
 13673 2a56 0000     		.short	0
 13674 2a58 4529     		.short	10565
 13675 2a5a 718C     		.short	-29583
 13676 2a5c 3CE7     		.short	-6340
 13677 2a5e FFFF     		.short	-1
 13678 2a60 38C6     		.short	-14792
 13679 2a62 494A     		.short	19017
 13680 2a64 0000     		.short	0
 13681 2a66 0000     		.short	0
 13682 2a68 2000     		.short	32
 13683 2a6a 0000     		.short	0
 13684 2a6c 0000     		.short	0
 13685 2a6e 0000     		.short	0
 13686 2a70 0000     		.short	0
 13687 2a72 6108     		.short	2145
 13688 2a74 4108     		.short	2113
 13689 2a76 4108     		.short	2113
 13690 2a78 2000     		.short	32
 13691 2a7a 0000     		.short	0
 13692 2a7c 0000     		.short	0
 13693 2a7e 0000     		.short	0
 13694 2a80 0000     		.short	0
 13695 2a82 4D6B     		.short	27469
 13696 2a84 9EF7     		.short	-2146
ARM GAS  /tmp/cczpKMPG.s 			page 285


 13697 2a86 BEF7     		.short	-2114
 13698 2a88 FFFF     		.short	-1
 13699 2a8a FFFF     		.short	-1
 13700 2a8c EB5A     		.short	23275
 13701 2a8e 0000     		.short	0
 13702 2a90 4108     		.short	2113
 13703 2a92 0000     		.short	0
 13704 2a94 9294     		.short	-27502
 13705 2a96 FFFF     		.short	-1
 13706 2a98 FBDE     		.short	-8453
 13707 2a9a 0000     		.short	0
 13708 2a9c 0000     		.short	0
 13709 2a9e A210     		.short	4258
 13710 2aa0 1CE7     		.short	-6372
 13711 2aa2 DFFF     		.short	-33
 13712 2aa4 FFFF     		.short	-1
 13713 2aa6 FFFF     		.short	-1
 13714 2aa8 FFFF     		.short	-1
 13715 2aaa FFFF     		.short	-1
 13716 2aac FFFF     		.short	-1
 13717 2aae FFFF     		.short	-1
 13718 2ab0 FFFF     		.short	-1
 13719 2ab2 FFFF     		.short	-1
 13720 2ab4 FFFF     		.short	-1
 13721 2ab6 FFFF     		.short	-1
 13722 2ab8 FFFF     		.short	-1
 13723 2aba FFFF     		.short	-1
 13724 2abc FFFF     		.short	-1
 13725 2abe FFFF     		.short	-1
 13726 2ac0 FFFF     		.short	-1
 13727 2ac2 FFFF     		.short	-1
 13728 2ac4 FFFF     		.short	-1
 13729 2ac6 FFFF     		.short	-1
 13730 2ac8 FFFF     		.short	-1
 13731 2aca FFFF     		.short	-1
 13732 2acc FFFF     		.short	-1
 13733 2ace FFFF     		.short	-1
 13734 2ad0 FFFF     		.short	-1
 13735 2ad2 FFFF     		.short	-1
 13736 2ad4 FFFF     		.short	-1
 13737 2ad6 FFFF     		.short	-1
 13738 2ad8 FFFF     		.short	-1
 13739 2ada BAD6     		.short	-10566
 13740 2adc 494A     		.short	19017
 13741 2ade 0000     		.short	0
 13742 2ae0 38C6     		.short	-14792
 13743 2ae2 FFFF     		.short	-1
 13744 2ae4 FFFF     		.short	-1
 13745 2ae6 FFFF     		.short	-1
 13746 2ae8 FFFF     		.short	-1
 13747 2aea 9EF7     		.short	-2146
 13748 2aec 79CE     		.short	-12679
 13749 2aee A210     		.short	4258
 13750 2af0 0000     		.short	0
 13751 2af2 18C6     		.short	-14824
 13752 2af4 DFFF     		.short	-33
 13753 2af6 C739     		.short	14791
ARM GAS  /tmp/cczpKMPG.s 			page 286


 13754 2af8 0000     		.short	0
 13755 2afa 4108     		.short	2113
 13756 2afc 6108     		.short	2145
 13757 2afe 4108     		.short	2113
 13758 2b00 4108     		.short	2113
 13759 2b02 4108     		.short	2113
 13760 2b04 4108     		.short	2113
 13761 2b06 4108     		.short	2113
 13762 2b08 4108     		.short	2113
 13763 2b0a 4108     		.short	2113
 13764 2b0c 4108     		.short	2113
 13765 2b0e 4108     		.short	2113
 13766 2b10 4108     		.short	2113
 13767 2b12 4108     		.short	2113
 13768 2b14 4108     		.short	2113
 13769 2b16 4108     		.short	2113
 13770 2b18 4108     		.short	2113
 13771 2b1a 4108     		.short	2113
 13772 2b1c 4108     		.short	2113
 13773 2b1e 0000     		.short	0
 13774 2b20 0000     		.short	0
 13775 2b22 0000     		.short	0
 13776 2b24 0842     		.short	16904
 13777 2b26 34A5     		.short	-23244
 13778 2b28 DFFF     		.short	-33
 13779 2b2a FFFF     		.short	-1
 13780 2b2c FFFF     		.short	-1
 13781 2b2e FFFF     		.short	-1
 13782 2b30 BAD6     		.short	-10566
 13783 2b32 9AD6     		.short	-10598
 13784 2b34 3CE7     		.short	-6340
 13785 2b36 3CE7     		.short	-6340
 13786 2b38 FBDE     		.short	-8453
 13787 2b3a 59CE     		.short	-12711
 13788 2b3c 34A5     		.short	-23244
 13789 2b3e 6D6B     		.short	27501
 13790 2b40 0421     		.short	8452
 13791 2b42 0000     		.short	0
 13792 2b44 4108     		.short	2113
 13793 2b46 4108     		.short	2113
 13794 2b48 4108     		.short	2113
 13795 2b4a 4108     		.short	2113
 13796 2b4c 4108     		.short	2113
 13797 2b4e 4108     		.short	2113
 13798 2b50 6108     		.short	2145
 13799 2b52 18C6     		.short	-14824
 13800 2b54 7DEF     		.short	-4227
 13801 2b56 DFFF     		.short	-33
 13802 2b58 FFFF     		.short	-1
 13803 2b5a D39C     		.short	-25389
 13804 2b5c 0000     		.short	0
 13805 2b5e 6108     		.short	2145
 13806 2b60 8210     		.short	4226
 13807 2b62 B6B5     		.short	-19018
 13808 2b64 FFFF     		.short	-1
 13809 2b66 38C6     		.short	-14792
 13810 2b68 F7BD     		.short	-16905
ARM GAS  /tmp/cczpKMPG.s 			page 287


 13811 2b6a 0000     		.short	0
 13812 2b6c 8210     		.short	4226
 13813 2b6e 0000     		.short	0
 13814 2b70 59CE     		.short	-12711
 13815 2b72 FFFF     		.short	-1
 13816 2b74 FFFF     		.short	-1
 13817 2b76 FFFF     		.short	-1
 13818 2b78 FFFF     		.short	-1
 13819 2b7a FFFF     		.short	-1
 13820 2b7c FFFF     		.short	-1
 13821 2b7e FFFF     		.short	-1
 13822 2b80 FFFF     		.short	-1
 13823 2b82 FFFF     		.short	-1
 13824 2b84 FFFF     		.short	-1
 13825 2b86 FFFF     		.short	-1
 13826 2b88 FFFF     		.short	-1
 13827 2b8a FFFF     		.short	-1
 13828 2b8c FFFF     		.short	-1
 13829 2b8e FFFF     		.short	-1
 13830 2b90 FFFF     		.short	-1
 13831 2b92 FFFF     		.short	-1
 13832 2b94 FFFF     		.short	-1
 13833 2b96 FFFF     		.short	-1
 13834 2b98 FFFF     		.short	-1
 13835 2b9a FFFF     		.short	-1
 13836 2b9c FFFF     		.short	-1
 13837 2b9e FFFF     		.short	-1
 13838 2ba0 FFFF     		.short	-1
 13839 2ba2 FFFF     		.short	-1
 13840 2ba4 FFFF     		.short	-1
 13841 2ba6 7DEF     		.short	-4227
 13842 2ba8 CF7B     		.short	31695
 13843 2baa 8210     		.short	4226
 13844 2bac 0000     		.short	0
 13845 2bae 2C63     		.short	25388
 13846 2bb0 FFFF     		.short	-1
 13847 2bb2 5DEF     		.short	-4259
 13848 2bb4 FFFF     		.short	-1
 13849 2bb6 FFFF     		.short	-1
 13850 2bb8 FFFF     		.short	-1
 13851 2bba 9EF7     		.short	-2146
 13852 2bbc B6B5     		.short	-19018
 13853 2bbe 2000     		.short	32
 13854 2bc0 2000     		.short	32
 13855 2bc2 8631     		.short	12678
 13856 2bc4 BEF7     		.short	-2114
 13857 2bc6 DFFF     		.short	-33
 13858 2bc8 2C63     		.short	25388
 13859 2bca 2000     		.short	32
 13860 2bcc 0000     		.short	0
 13861 2bce 0000     		.short	0
 13862 2bd0 4108     		.short	2113
 13863 2bd2 4108     		.short	2113
 13864 2bd4 4108     		.short	2113
 13865 2bd6 4108     		.short	2113
 13866 2bd8 4108     		.short	2113
 13867 2bda 4108     		.short	2113
ARM GAS  /tmp/cczpKMPG.s 			page 288


 13868 2bdc 4108     		.short	2113
 13869 2bde 4108     		.short	2113
 13870 2be0 4108     		.short	2113
 13871 2be2 4108     		.short	2113
 13872 2be4 4108     		.short	2113
 13873 2be6 4108     		.short	2113
 13874 2be8 4108     		.short	2113
 13875 2bea 2000     		.short	32
 13876 2bec 0000     		.short	0
 13877 2bee 2421     		.short	8484
 13878 2bf0 CF7B     		.short	31695
 13879 2bf2 DBDE     		.short	-8485
 13880 2bf4 FFFF     		.short	-1
 13881 2bf6 FFFF     		.short	-1
 13882 2bf8 FFFF     		.short	-1
 13883 2bfa 5DEF     		.short	-4259
 13884 2bfc FBDE     		.short	-8453
 13885 2bfe BAD6     		.short	-10566
 13886 2c00 9AD6     		.short	-10598
 13887 2c02 9AD6     		.short	-10598
 13888 2c04 79CE     		.short	-12679
 13889 2c06 79CE     		.short	-12679
 13890 2c08 79CE     		.short	-12679
 13891 2c0a 1CE7     		.short	-6372
 13892 2c0c FFFF     		.short	-1
 13893 2c0e FFFF     		.short	-1
 13894 2c10 BEF7     		.short	-2114
 13895 2c12 CB5A     		.short	23243
 13896 2c14 0000     		.short	0
 13897 2c16 4108     		.short	2113
 13898 2c18 4108     		.short	2113
 13899 2c1a 4108     		.short	2113
 13900 2c1c 4108     		.short	2113
 13901 2c1e 0000     		.short	0
 13902 2c20 0842     		.short	16904
 13903 2c22 5DEF     		.short	-4259
 13904 2c24 7DEF     		.short	-4227
 13905 2c26 FFFF     		.short	-1
 13906 2c28 1CE7     		.short	-6372
 13907 2c2a 8210     		.short	4226
 13908 2c2c 4108     		.short	2113
 13909 2c2e 2000     		.short	32
 13910 2c30 A631     		.short	12710
 13911 2c32 6D6B     		.short	27501
 13912 2c34 2421     		.short	8484
 13913 2c36 0000     		.short	0
 13914 2c38 79CE     		.short	-12679
 13915 2c3a 8A52     		.short	21130
 13916 2c3c 0000     		.short	0
 13917 2c3e F39C     		.short	-25357
 13918 2c40 38C6     		.short	-14792
 13919 2c42 B6B5     		.short	-19018
 13920 2c44 FFFF     		.short	-1
 13921 2c46 FFFF     		.short	-1
 13922 2c48 DFFF     		.short	-33
 13923 2c4a FFFF     		.short	-1
 13924 2c4c FFFF     		.short	-1
ARM GAS  /tmp/cczpKMPG.s 			page 289


 13925 2c4e FFFF     		.short	-1
 13926 2c50 FFFF     		.short	-1
 13927 2c52 FFFF     		.short	-1
 13928 2c54 FFFF     		.short	-1
 13929 2c56 FFFF     		.short	-1
 13930 2c58 FFFF     		.short	-1
 13931 2c5a FFFF     		.short	-1
 13932 2c5c DFFF     		.short	-33
 13933 2c5e FFFF     		.short	-1
 13934 2c60 FFFF     		.short	-1
 13935 2c62 FFFF     		.short	-1
 13936 2c64 FFFF     		.short	-1
 13937 2c66 FFFF     		.short	-1
 13938 2c68 FFFF     		.short	-1
 13939 2c6a FFFF     		.short	-1
 13940 2c6c FFFF     		.short	-1
 13941 2c6e FFFF     		.short	-1
 13942 2c70 FFFF     		.short	-1
 13943 2c72 FFFF     		.short	-1
 13944 2c74 FBDE     		.short	-8453
 13945 2c76 4529     		.short	10565
 13946 2c78 0000     		.short	0
 13947 2c7a 0000     		.short	0
 13948 2c7c 8631     		.short	12678
 13949 2c7e FBDE     		.short	-8453
 13950 2c80 2C63     		.short	25388
 13951 2c82 AE73     		.short	29614
 13952 2c84 FFFF     		.short	-1
 13953 2c86 FFFF     		.short	-1
 13954 2c88 DFFF     		.short	-33
 13955 2c8a 9EF7     		.short	-2146
 13956 2c8c 718C     		.short	-29583
 13957 2c8e 0000     		.short	0
 13958 2c90 6108     		.short	2145
 13959 2c92 0000     		.short	0
 13960 2c94 A631     		.short	12710
 13961 2c96 79CE     		.short	-12679
 13962 2c98 FFFF     		.short	-1
 13963 2c9a 59CE     		.short	-12711
 13964 2c9c 2C63     		.short	25388
 13965 2c9e C318     		.short	6339
 13966 2ca0 0000     		.short	0
 13967 2ca2 0000     		.short	0
 13968 2ca4 2000     		.short	32
 13969 2ca6 4108     		.short	2113
 13970 2ca8 4108     		.short	2113
 13971 2caa 4108     		.short	2113
 13972 2cac 4108     		.short	2113
 13973 2cae 4108     		.short	2113
 13974 2cb0 4108     		.short	2113
 13975 2cb2 4108     		.short	2113
 13976 2cb4 4108     		.short	2113
 13977 2cb6 4108     		.short	2113
 13978 2cb8 4108     		.short	2113
 13979 2cba 6108     		.short	2145
 13980 2cbc AA52     		.short	21162
 13981 2cbe B294     		.short	-27470
ARM GAS  /tmp/cczpKMPG.s 			page 290


 13982 2cc0 F39C     		.short	-25357
 13983 2cc2 1084     		.short	-31728
 13984 2cc4 CB5A     		.short	23243
 13985 2cc6 E739     		.short	14823
 13986 2cc8 4529     		.short	10565
 13987 2cca C318     		.short	6339
 13988 2ccc 6108     		.short	2145
 13989 2cce 2000     		.short	32
 13990 2cd0 0000     		.short	0
 13991 2cd2 0000     		.short	0
 13992 2cd4 0000     		.short	0
 13993 2cd6 0000     		.short	0
 13994 2cd8 0000     		.short	0
 13995 2cda 2000     		.short	32
 13996 2cdc C318     		.short	6339
 13997 2cde 2842     		.short	16936
 13998 2ce0 1CE7     		.short	-6372
 13999 2ce2 5DEF     		.short	-4259
 14000 2ce4 4108     		.short	2113
 14001 2ce6 2000     		.short	32
 14002 2ce8 4108     		.short	2113
 14003 2cea 4108     		.short	2113
 14004 2cec 4108     		.short	2113
 14005 2cee 0000     		.short	0
 14006 2cf0 F39C     		.short	-25357
 14007 2cf2 9EF7     		.short	-2146
 14008 2cf4 BEF7     		.short	-2114
 14009 2cf6 FFFF     		.short	-1
 14010 2cf8 6D6B     		.short	27501
 14011 2cfa 0000     		.short	0
 14012 2cfc 6108     		.short	2145
 14013 2cfe 6108     		.short	2145
 14014 2d00 2000     		.short	32
 14015 2d02 0000     		.short	0
 14016 2d04 0000     		.short	0
 14017 2d06 0000     		.short	0
 14018 2d08 6529     		.short	10597
 14019 2d0a BAD6     		.short	-10566
 14020 2d0c 75AD     		.short	-21131
 14021 2d0e F7BD     		.short	-16905
 14022 2d10 2000     		.short	32
 14023 2d12 0000     		.short	0
 14024 2d14 0842     		.short	16904
 14025 2d16 BEF7     		.short	-2114
 14026 2d18 FFFF     		.short	-1
 14027 2d1a FFFF     		.short	-1
 14028 2d1c FFFF     		.short	-1
 14029 2d1e FFFF     		.short	-1
 14030 2d20 FFFF     		.short	-1
 14031 2d22 FFFF     		.short	-1
 14032 2d24 FFFF     		.short	-1
 14033 2d26 FFFF     		.short	-1
 14034 2d28 FFFF     		.short	-1
 14035 2d2a FFFF     		.short	-1
 14036 2d2c FFFF     		.short	-1
 14037 2d2e FFFF     		.short	-1
 14038 2d30 FFFF     		.short	-1
ARM GAS  /tmp/cczpKMPG.s 			page 291


 14039 2d32 FFFF     		.short	-1
 14040 2d34 9EF7     		.short	-2146
 14041 2d36 5DEF     		.short	-4259
 14042 2d38 FFFF     		.short	-1
 14043 2d3a FFFF     		.short	-1
 14044 2d3c 9EF7     		.short	-2146
 14045 2d3e 79CE     		.short	-12679
 14046 2d40 BEF7     		.short	-2114
 14047 2d42 FFFF     		.short	-1
 14048 2d44 AA52     		.short	21162
 14049 2d46 0000     		.short	0
 14050 2d48 8210     		.short	4226
 14051 2d4a 2000     		.short	32
 14052 2d4c E318     		.short	6371
 14053 2d4e 0421     		.short	8452
 14054 2d50 0000     		.short	0
 14055 2d52 14A5     		.short	-23276
 14056 2d54 FFFF     		.short	-1
 14057 2d56 FFFF     		.short	-1
 14058 2d58 BEF7     		.short	-2114
 14059 2d5a 9EF7     		.short	-2146
 14060 2d5c 0C63     		.short	25356
 14061 2d5e 0000     		.short	0
 14062 2d60 4108     		.short	2113
 14063 2d62 0000     		.short	0
 14064 2d64 E318     		.short	6371
 14065 2d66 CF7B     		.short	31695
 14066 2d68 BEF7     		.short	-2114
 14067 2d6a FFFF     		.short	-1
 14068 2d6c FFFF     		.short	-1
 14069 2d6e FFFF     		.short	-1
 14070 2d70 18C6     		.short	-14824
 14071 2d72 4D6B     		.short	27469
 14072 2d74 E318     		.short	6371
 14073 2d76 2000     		.short	32
 14074 2d78 4108     		.short	2113
 14075 2d7a 4108     		.short	2113
 14076 2d7c 4108     		.short	2113
 14077 2d7e 4108     		.short	2113
 14078 2d80 4108     		.short	2113
 14079 2d82 4108     		.short	2113
 14080 2d84 4108     		.short	2113
 14081 2d86 4108     		.short	2113
 14082 2d88 4108     		.short	2113
 14083 2d8a 4108     		.short	2113
 14084 2d8c 8210     		.short	4226
 14085 2d8e 0000     		.short	0
 14086 2d90 0000     		.short	0
 14087 2d92 0000     		.short	0
 14088 2d94 0000     		.short	0
 14089 2d96 0000     		.short	0
 14090 2d98 0000     		.short	0
 14091 2d9a 0000     		.short	0
 14092 2d9c 2000     		.short	32
 14093 2d9e 4108     		.short	2113
 14094 2da0 4108     		.short	2113
 14095 2da2 4108     		.short	2113
ARM GAS  /tmp/cczpKMPG.s 			page 292


 14096 2da4 4108     		.short	2113
 14097 2da6 4108     		.short	2113
 14098 2da8 4108     		.short	2113
 14099 2daa 6108     		.short	2145
 14100 2dac 0000     		.short	0
 14101 2dae 6108     		.short	2145
 14102 2db0 3CE7     		.short	-6340
 14103 2db2 BAD6     		.short	-10566
 14104 2db4 2000     		.short	32
 14105 2db6 4108     		.short	2113
 14106 2db8 4108     		.short	2113
 14107 2dba 4108     		.short	2113
 14108 2dbc 0000     		.short	0
 14109 2dbe 2421     		.short	8484
 14110 2dc0 FBDE     		.short	-8453
 14111 2dc2 7DEF     		.short	-4227
 14112 2dc4 FFFF     		.short	-1
 14113 2dc6 5DEF     		.short	-4259
 14114 2dc8 A210     		.short	4258
 14115 2dca 2000     		.short	32
 14116 2dcc 0000     		.short	0
 14117 2dce 0000     		.short	0
 14118 2dd0 0000     		.short	0
 14119 2dd2 0000     		.short	0
 14120 2dd4 6108     		.short	2145
 14121 2dd6 C739     		.short	14791
 14122 2dd8 518C     		.short	-29615
 14123 2dda 9EF7     		.short	-2146
 14124 2ddc FFFF     		.short	-1
 14125 2dde 3084     		.short	-31696
 14126 2de0 0000     		.short	0
 14127 2de2 4108     		.short	2113
 14128 2de4 1084     		.short	-31728
 14129 2de6 DFFF     		.short	-33
 14130 2de8 96B5     		.short	-19050
 14131 2dea 79CE     		.short	-12679
 14132 2dec FFFF     		.short	-1
 14133 2dee FFFF     		.short	-1
 14134 2df0 FFFF     		.short	-1
 14135 2df2 BEF7     		.short	-2114
 14136 2df4 FFFF     		.short	-1
 14137 2df6 FFFF     		.short	-1
 14138 2df8 FFFF     		.short	-1
 14139 2dfa 59CE     		.short	-12711
 14140 2dfc 75AD     		.short	-21131
 14141 2dfe 5DEF     		.short	-4259
 14142 2e00 FFFF     		.short	-1
 14143 2e02 F39C     		.short	-25357
 14144 2e04 C318     		.short	6339
 14145 2e06 6108     		.short	2145
 14146 2e08 1084     		.short	-31728
 14147 2e0a 79CE     		.short	-12679
 14148 2e0c C318     		.short	6339
 14149 2e0e 4529     		.short	10565
 14150 2e10 FFFF     		.short	-1
 14151 2e12 BEF7     		.short	-2114
 14152 2e14 E318     		.short	6371
ARM GAS  /tmp/cczpKMPG.s 			page 293


 14153 2e16 2000     		.short	32
 14154 2e18 4108     		.short	2113
 14155 2e1a 4108     		.short	2113
 14156 2e1c 0000     		.short	0
 14157 2e1e 0000     		.short	0
 14158 2e20 4108     		.short	2113
 14159 2e22 BAD6     		.short	-10566
 14160 2e24 FFFF     		.short	-1
 14161 2e26 FFFF     		.short	-1
 14162 2e28 9EF7     		.short	-2146
 14163 2e2a 3CE7     		.short	-6340
 14164 2e2c A631     		.short	12710
 14165 2e2e 0000     		.short	0
 14166 2e30 4108     		.short	2113
 14167 2e32 9294     		.short	-27502
 14168 2e34 FFFF     		.short	-1
 14169 2e36 FFFF     		.short	-1
 14170 2e38 7DEF     		.short	-4227
 14171 2e3a 38C6     		.short	-14792
 14172 2e3c F39C     		.short	-25357
 14173 2e3e 1084     		.short	-31728
 14174 2e40 6D6B     		.short	27501
 14175 2e42 694A     		.short	19049
 14176 2e44 E318     		.short	6371
 14177 2e46 2000     		.short	32
 14178 2e48 4108     		.short	2113
 14179 2e4a 4108     		.short	2113
 14180 2e4c 4108     		.short	2113
 14181 2e4e 4108     		.short	2113
 14182 2e50 4108     		.short	2113
 14183 2e52 4108     		.short	2113
 14184 2e54 4108     		.short	2113
 14185 2e56 4108     		.short	2113
 14186 2e58 4108     		.short	2113
 14187 2e5a 2000     		.short	32
 14188 2e5c 2000     		.short	32
 14189 2e5e 4108     		.short	2113
 14190 2e60 6108     		.short	2145
 14191 2e62 6108     		.short	2145
 14192 2e64 6108     		.short	2145
 14193 2e66 4108     		.short	2113
 14194 2e68 4108     		.short	2113
 14195 2e6a 4108     		.short	2113
 14196 2e6c 4108     		.short	2113
 14197 2e6e 4108     		.short	2113
 14198 2e70 4108     		.short	2113
 14199 2e72 4108     		.short	2113
 14200 2e74 4108     		.short	2113
 14201 2e76 4108     		.short	2113
 14202 2e78 4108     		.short	2113
 14203 2e7a 0000     		.short	0
 14204 2e7c 4529     		.short	10565
 14205 2e7e BAD6     		.short	-10566
 14206 2e80 FFFF     		.short	-1
 14207 2e82 AA52     		.short	21162
 14208 2e84 0000     		.short	0
 14209 2e86 6108     		.short	2145
ARM GAS  /tmp/cczpKMPG.s 			page 294


 14210 2e88 4108     		.short	2113
 14211 2e8a 6108     		.short	2145
 14212 2e8c 0000     		.short	0
 14213 2e8e 8E73     		.short	29582
 14214 2e90 9EF7     		.short	-2146
 14215 2e92 9EF7     		.short	-2146
 14216 2e94 FFFF     		.short	-1
 14217 2e96 14A5     		.short	-23276
 14218 2e98 0000     		.short	0
 14219 2e9a 2000     		.short	32
 14220 2e9c 0842     		.short	16904
 14221 2e9e F39C     		.short	-25357
 14222 2ea0 D39C     		.short	-25389
 14223 2ea2 B6B5     		.short	-19018
 14224 2ea4 DBDE     		.short	-8485
 14225 2ea6 FFFF     		.short	-1
 14226 2ea8 FFFF     		.short	-1
 14227 2eaa 3CE7     		.short	-6340
 14228 2eac 18C6     		.short	-14824
 14229 2eae 7DEF     		.short	-4227
 14230 2eb0 4529     		.short	10565
 14231 2eb2 0000     		.short	0
 14232 2eb4 FFFF     		.short	-1
 14233 2eb6 4D6B     		.short	27469
 14234 2eb8 0000     		.short	0
 14235 2eba 0000     		.short	0
 14236 2ebc B294     		.short	-27470
 14237 2ebe FFFF     		.short	-1
 14238 2ec0 0842     		.short	16904
 14239 2ec2 C318     		.short	6339
 14240 2ec4 4D6B     		.short	27469
 14241 2ec6 DFFF     		.short	-33
 14242 2ec8 3084     		.short	-31696
 14243 2eca 0000     		.short	0
 14244 2ecc 0000     		.short	0
 14245 2ece 6529     		.short	10597
 14246 2ed0 DBDE     		.short	-8485
 14247 2ed2 4108     		.short	2113
 14248 2ed4 0000     		.short	0
 14249 2ed6 2000     		.short	32
 14250 2ed8 0000     		.short	0
 14251 2eda 59CE     		.short	-12711
 14252 2edc 6108     		.short	2145
 14253 2ede 6529     		.short	10597
 14254 2ee0 FFFF     		.short	-1
 14255 2ee2 DFFF     		.short	-33
 14256 2ee4 0421     		.short	8452
 14257 2ee6 2000     		.short	32
 14258 2ee8 4108     		.short	2113
 14259 2eea 4108     		.short	2113
 14260 2eec 4108     		.short	2113
 14261 2eee 2000     		.short	32
 14262 2ef0 2421     		.short	8484
 14263 2ef2 DFFF     		.short	-33
 14264 2ef4 FFFF     		.short	-1
 14265 2ef6 FFFF     		.short	-1
 14266 2ef8 7DEF     		.short	-4227
ARM GAS  /tmp/cczpKMPG.s 			page 295


 14267 2efa 38C6     		.short	-14792
 14268 2efc 6108     		.short	2145
 14269 2efe 0000     		.short	0
 14270 2f00 8A52     		.short	21130
 14271 2f02 FFFF     		.short	-1
 14272 2f04 96B5     		.short	-19050
 14273 2f06 0842     		.short	16904
 14274 2f08 E318     		.short	6371
 14275 2f0a 0000     		.short	0
 14276 2f0c 0000     		.short	0
 14277 2f0e 0000     		.short	0
 14278 2f10 0000     		.short	0
 14279 2f12 0000     		.short	0
 14280 2f14 2000     		.short	32
 14281 2f16 4108     		.short	2113
 14282 2f18 4108     		.short	2113
 14283 2f1a 4108     		.short	2113
 14284 2f1c 4108     		.short	2113
 14285 2f1e 4108     		.short	2113
 14286 2f20 4108     		.short	2113
 14287 2f22 4108     		.short	2113
 14288 2f24 4108     		.short	2113
 14289 2f26 4108     		.short	2113
 14290 2f28 4108     		.short	2113
 14291 2f2a 4108     		.short	2113
 14292 2f2c 4108     		.short	2113
 14293 2f2e 4108     		.short	2113
 14294 2f30 4108     		.short	2113
 14295 2f32 4108     		.short	2113
 14296 2f34 4108     		.short	2113
 14297 2f36 4108     		.short	2113
 14298 2f38 4108     		.short	2113
 14299 2f3a 4108     		.short	2113
 14300 2f3c 4108     		.short	2113
 14301 2f3e 4108     		.short	2113
 14302 2f40 4108     		.short	2113
 14303 2f42 4108     		.short	2113
 14304 2f44 4108     		.short	2113
 14305 2f46 4108     		.short	2113
 14306 2f48 6108     		.short	2145
 14307 2f4a 2C63     		.short	25388
 14308 2f4c BEF7     		.short	-2114
 14309 2f4e FFFF     		.short	-1
 14310 2f50 BEF7     		.short	-2114
 14311 2f52 DBDE     		.short	-8485
 14312 2f54 8A52     		.short	21130
 14313 2f56 0000     		.short	0
 14314 2f58 4108     		.short	2113
 14315 2f5a 4108     		.short	2113
 14316 2f5c 0000     		.short	0
 14317 2f5e 75AD     		.short	-21131
 14318 2f60 9EF7     		.short	-2146
 14319 2f62 DFFF     		.short	-33
 14320 2f64 FFFF     		.short	-1
 14321 2f66 0C63     		.short	25356
 14322 2f68 0000     		.short	0
 14323 2f6a 0000     		.short	0
ARM GAS  /tmp/cczpKMPG.s 			page 296


 14324 2f6c 34A5     		.short	-23244
 14325 2f6e FFFF     		.short	-1
 14326 2f70 FFFF     		.short	-1
 14327 2f72 FFFF     		.short	-1
 14328 2f74 FFFF     		.short	-1
 14329 2f76 DFFF     		.short	-33
 14330 2f78 D39C     		.short	-25389
 14331 2f7a C318     		.short	6339
 14332 2f7c 0000     		.short	0
 14333 2f7e 9294     		.short	-27502
 14334 2f80 9EF7     		.short	-2146
 14335 2f82 34A5     		.short	-23244
 14336 2f84 FFFF     		.short	-1
 14337 2f86 AA52     		.short	21162
 14338 2f88 0000     		.short	0
 14339 2f8a 0000     		.short	0
 14340 2f8c 6529     		.short	10597
 14341 2f8e FFFF     		.short	-1
 14342 2f90 4529     		.short	10565
 14343 2f92 0000     		.short	0
 14344 2f94 0000     		.short	0
 14345 2f96 34A5     		.short	-23244
 14346 2f98 494A     		.short	19017
 14347 2f9a 0000     		.short	0
 14348 2f9c 6108     		.short	2145
 14349 2f9e 0000     		.short	0
 14350 2fa0 59CE     		.short	-12711
 14351 2fa2 494A     		.short	19017
 14352 2fa4 0000     		.short	0
 14353 2fa6 0000     		.short	0
 14354 2fa8 EB5A     		.short	23275
 14355 2faa D7BD     		.short	-16937
 14356 2fac 0000     		.short	0
 14357 2fae 8210     		.short	4226
 14358 2fb0 5DEF     		.short	-4259
 14359 2fb2 FFFF     		.short	-1
 14360 2fb4 AE73     		.short	29614
 14361 2fb6 0000     		.short	0
 14362 2fb8 4108     		.short	2113
 14363 2fba 4108     		.short	2113
 14364 2fbc 4108     		.short	2113
 14365 2fbe 0000     		.short	0
 14366 2fc0 1084     		.short	-31728
 14367 2fc2 FFFF     		.short	-1
 14368 2fc4 FFFF     		.short	-1
 14369 2fc6 DFFF     		.short	-33
 14370 2fc8 9EF7     		.short	-2146
 14371 2fca 518C     		.short	-29615
 14372 2fcc 0000     		.short	0
 14373 2fce 0000     		.short	0
 14374 2fd0 E739     		.short	14823
 14375 2fd2 FFFF     		.short	-1
 14376 2fd4 96B5     		.short	-19050
 14377 2fd6 6108     		.short	2145
 14378 2fd8 0000     		.short	0
 14379 2fda 4108     		.short	2113
 14380 2fdc 6108     		.short	2145
ARM GAS  /tmp/cczpKMPG.s 			page 297


 14381 2fde 6108     		.short	2145
 14382 2fe0 6108     		.short	2145
 14383 2fe2 4108     		.short	2113
 14384 2fe4 4108     		.short	2113
 14385 2fe6 4108     		.short	2113
 14386 2fe8 4108     		.short	2113
 14387 2fea 4108     		.short	2113
 14388 2fec 4108     		.short	2113
 14389 2fee 4108     		.short	2113
 14390 2ff0 4108     		.short	2113
 14391 2ff2 4108     		.short	2113
 14392 2ff4 4108     		.short	2113
 14393 2ff6 4108     		.short	2113
 14394 2ff8 4108     		.short	2113
 14395 2ffa 4108     		.short	2113
 14396 2ffc 4108     		.short	2113
 14397 2ffe 4108     		.short	2113
 14398 3000 4108     		.short	2113
 14399 3002 4108     		.short	2113
 14400 3004 4108     		.short	2113
 14401 3006 4108     		.short	2113
 14402 3008 4108     		.short	2113
 14403 300a 4108     		.short	2113
 14404 300c 4108     		.short	2113
 14405 300e 4108     		.short	2113
 14406 3010 4108     		.short	2113
 14407 3012 4108     		.short	2113
 14408 3014 6108     		.short	2145
 14409 3016 0000     		.short	0
 14410 3018 6108     		.short	2145
 14411 301a EF7B     		.short	31727
 14412 301c D7BD     		.short	-16937
 14413 301e DFFF     		.short	-33
 14414 3020 FFFF     		.short	-1
 14415 3022 FFFF     		.short	-1
 14416 3024 EB5A     		.short	23275
 14417 3026 0000     		.short	0
 14418 3028 6108     		.short	2145
 14419 302a 2000     		.short	32
 14420 302c C318     		.short	6339
 14421 302e 9AD6     		.short	-10598
 14422 3030 9EF7     		.short	-2146
 14423 3032 FFFF     		.short	-1
 14424 3034 FFFF     		.short	-1
 14425 3036 C739     		.short	14791
 14426 3038 0000     		.short	0
 14427 303a 6108     		.short	2145
 14428 303c 5DEF     		.short	-4259
 14429 303e FFFF     		.short	-1
 14430 3040 BEF7     		.short	-2114
 14431 3042 79CE     		.short	-12679
 14432 3044 718C     		.short	-29583
 14433 3046 8631     		.short	12678
 14434 3048 0000     		.short	0
 14435 304a 4108     		.short	2113
 14436 304c 0000     		.short	0
 14437 304e CB5A     		.short	23243
ARM GAS  /tmp/cczpKMPG.s 			page 298


 14438 3050 FFFF     		.short	-1
 14439 3052 FFFF     		.short	-1
 14440 3054 FFFF     		.short	-1
 14441 3056 5DEF     		.short	-4259
 14442 3058 0C63     		.short	25356
 14443 305a 6108     		.short	2145
 14444 305c E739     		.short	14823
 14445 305e FFFF     		.short	-1
 14446 3060 E318     		.short	6371
 14447 3062 0000     		.short	0
 14448 3064 0000     		.short	0
 14449 3066 38C6     		.short	-14792
 14450 3068 96B5     		.short	-19050
 14451 306a 8210     		.short	4226
 14452 306c 4108     		.short	2113
 14453 306e EB5A     		.short	23275
 14454 3070 DFFF     		.short	-33
 14455 3072 9EF7     		.short	-2146
 14456 3074 34A5     		.short	-23244
 14457 3076 75AD     		.short	-21131
 14458 3078 FFFF     		.short	-1
 14459 307a FBDE     		.short	-8453
 14460 307c 3084     		.short	-31696
 14461 307e 4108     		.short	2113
 14462 3080 1084     		.short	-31728
 14463 3082 FFFF     		.short	-1
 14464 3084 9EF7     		.short	-2146
 14465 3086 EB5A     		.short	23275
 14466 3088 2000     		.short	32
 14467 308a 0000     		.short	0
 14468 308c 2000     		.short	32
 14469 308e 2C63     		.short	25388
 14470 3090 DFFF     		.short	-33
 14471 3092 FFFF     		.short	-1
 14472 3094 FFFF     		.short	-1
 14473 3096 7DEF     		.short	-4227
 14474 3098 5DEF     		.short	-4259
 14475 309a E739     		.short	14823
 14476 309c 0000     		.short	0
 14477 309e 6108     		.short	2145
 14478 30a0 0000     		.short	0
 14479 30a2 CF7B     		.short	31695
 14480 30a4 FFFF     		.short	-1
 14481 30a6 9EF7     		.short	-2146
 14482 30a8 EB5A     		.short	23275
 14483 30aa 0000     		.short	0
 14484 30ac 0000     		.short	0
 14485 30ae 4108     		.short	2113
 14486 30b0 4108     		.short	2113
 14487 30b2 4108     		.short	2113
 14488 30b4 4108     		.short	2113
 14489 30b6 4108     		.short	2113
 14490 30b8 4108     		.short	2113
 14491 30ba 4108     		.short	2113
 14492 30bc 4108     		.short	2113
 14493 30be 4108     		.short	2113
 14494 30c0 4108     		.short	2113
ARM GAS  /tmp/cczpKMPG.s 			page 299


 14495 30c2 4108     		.short	2113
 14496 30c4 4108     		.short	2113
 14497 30c6 4108     		.short	2113
 14498 30c8 4108     		.short	2113
 14499 30ca 4108     		.short	2113
 14500 30cc 4108     		.short	2113
 14501 30ce 4108     		.short	2113
 14502 30d0 4108     		.short	2113
 14503 30d2 4108     		.short	2113
 14504 30d4 4108     		.short	2113
 14505 30d6 4108     		.short	2113
 14506 30d8 4108     		.short	2113
 14507 30da 4108     		.short	2113
 14508 30dc 4108     		.short	2113
 14509 30de 4108     		.short	2113
 14510 30e0 4108     		.short	2113
 14511 30e2 0000     		.short	0
 14512 30e4 0000     		.short	0
 14513 30e6 C318     		.short	6339
 14514 30e8 4D6B     		.short	27469
 14515 30ea 18C6     		.short	-14824
 14516 30ec FFFF     		.short	-1
 14517 30ee DFFF     		.short	-33
 14518 30f0 75AD     		.short	-21131
 14519 30f2 E739     		.short	14823
 14520 30f4 0000     		.short	0
 14521 30f6 4108     		.short	2113
 14522 30f8 4108     		.short	2113
 14523 30fa 0000     		.short	0
 14524 30fc A631     		.short	12710
 14525 30fe 3CE7     		.short	-6340
 14526 3100 9EF7     		.short	-2146
 14527 3102 FFFF     		.short	-1
 14528 3104 DFFF     		.short	-33
 14529 3106 2421     		.short	8484
 14530 3108 0000     		.short	0
 14531 310a 8210     		.short	4226
 14532 310c 4D6B     		.short	27469
 14533 310e 8A52     		.short	21130
 14534 3110 4529     		.short	10565
 14535 3112 4108     		.short	2113
 14536 3114 0000     		.short	0
 14537 3116 0000     		.short	0
 14538 3118 0000     		.short	0
 14539 311a 0000     		.short	0
 14540 311c 494A     		.short	19017
 14541 311e 3CE7     		.short	-6340
 14542 3120 FFFF     		.short	-1
 14543 3122 DFFF     		.short	-33
 14544 3124 FFFF     		.short	-1
 14545 3126 FFFF     		.short	-1
 14546 3128 FFFF     		.short	-1
 14547 312a 494A     		.short	19017
 14548 312c 0842     		.short	16904
 14549 312e FFFF     		.short	-1
 14550 3130 D7BD     		.short	-16937
 14551 3132 518C     		.short	-29615
ARM GAS  /tmp/cczpKMPG.s 			page 300


 14552 3134 38C6     		.short	-14792
 14553 3136 FFFF     		.short	-1
 14554 3138 FFFF     		.short	-1
 14555 313a DFFF     		.short	-33
 14556 313c BEF7     		.short	-2114
 14557 313e FFFF     		.short	-1
 14558 3140 FFFF     		.short	-1
 14559 3142 FFFF     		.short	-1
 14560 3144 FFFF     		.short	-1
 14561 3146 FFFF     		.short	-1
 14562 3148 FFFF     		.short	-1
 14563 314a FFFF     		.short	-1
 14564 314c FFFF     		.short	-1
 14565 314e 38C6     		.short	-14792
 14566 3150 4108     		.short	2113
 14567 3152 96B5     		.short	-19050
 14568 3154 FFFF     		.short	-1
 14569 3156 FFFF     		.short	-1
 14570 3158 79CE     		.short	-12679
 14571 315a 96B5     		.short	-19050
 14572 315c BAD6     		.short	-10566
 14573 315e FFFF     		.short	-1
 14574 3160 FFFF     		.short	-1
 14575 3162 FFFF     		.short	-1
 14576 3164 DFFF     		.short	-33
 14577 3166 7DEF     		.short	-4227
 14578 3168 B6B5     		.short	-19018
 14579 316a 2000     		.short	32
 14580 316c 4108     		.short	2113
 14581 316e 4108     		.short	2113
 14582 3170 4108     		.short	2113
 14583 3172 0000     		.short	0
 14584 3174 8A52     		.short	21130
 14585 3176 3CE7     		.short	-6340
 14586 3178 FFFF     		.short	-1
 14587 317a 59CE     		.short	-12711
 14588 317c 2842     		.short	16936
 14589 317e 0000     		.short	0
 14590 3180 0000     		.short	0
 14591 3182 4108     		.short	2113
 14592 3184 6108     		.short	2145
 14593 3186 4108     		.short	2113
 14594 3188 4108     		.short	2113
 14595 318a 4108     		.short	2113
 14596 318c 4108     		.short	2113
 14597 318e 4108     		.short	2113
 14598 3190 4108     		.short	2113
 14599 3192 4108     		.short	2113
 14600 3194 4108     		.short	2113
 14601 3196 4108     		.short	2113
 14602 3198 4108     		.short	2113
 14603 319a 4108     		.short	2113
 14604 319c 4108     		.short	2113
 14605 319e 4108     		.short	2113
 14606 31a0 4108     		.short	2113
 14607 31a2 4108     		.short	2113
 14608 31a4 4108     		.short	2113
ARM GAS  /tmp/cczpKMPG.s 			page 301


 14609 31a6 4108     		.short	2113
 14610 31a8 4108     		.short	2113
 14611 31aa 6108     		.short	2145
 14612 31ac 2000     		.short	32
 14613 31ae 0000     		.short	0
 14614 31b0 0000     		.short	0
 14615 31b2 C739     		.short	14791
 14616 31b4 B294     		.short	-27470
 14617 31b6 5DEF     		.short	-4259
 14618 31b8 FFFF     		.short	-1
 14619 31ba FBDE     		.short	-8453
 14620 31bc CF7B     		.short	31695
 14621 31be 2421     		.short	8484
 14622 31c0 0000     		.short	0
 14623 31c2 0000     		.short	0
 14624 31c4 4108     		.short	2113
 14625 31c6 4108     		.short	2113
 14626 31c8 4108     		.short	2113
 14627 31ca 0000     		.short	0
 14628 31cc 694A     		.short	19049
 14629 31ce 7DEF     		.short	-4227
 14630 31d0 9EF7     		.short	-2146
 14631 31d2 FFFF     		.short	-1
 14632 31d4 BEF7     		.short	-2114
 14633 31d6 0421     		.short	8452
 14634 31d8 0000     		.short	0
 14635 31da 4108     		.short	2113
 14636 31dc 0000     		.short	0
 14637 31de 0000     		.short	0
 14638 31e0 0000     		.short	0
 14639 31e2 0000     		.short	0
 14640 31e4 0000     		.short	0
 14641 31e6 0000     		.short	0
 14642 31e8 6529     		.short	10597
 14643 31ea D39C     		.short	-25389
 14644 31ec FFFF     		.short	-1
 14645 31ee FFFF     		.short	-1
 14646 31f0 FFFF     		.short	-1
 14647 31f2 FFFF     		.short	-1
 14648 31f4 FFFF     		.short	-1
 14649 31f6 FFFF     		.short	-1
 14650 31f8 FFFF     		.short	-1
 14651 31fa 8631     		.short	12678
 14652 31fc AA52     		.short	21162
 14653 31fe FFFF     		.short	-1
 14654 3200 FFFF     		.short	-1
 14655 3202 FFFF     		.short	-1
 14656 3204 FFFF     		.short	-1
 14657 3206 FFFF     		.short	-1
 14658 3208 FFFF     		.short	-1
 14659 320a 18C6     		.short	-14824
 14660 320c F39C     		.short	-25357
 14661 320e DFFF     		.short	-33
 14662 3210 FFFF     		.short	-1
 14663 3212 DFFF     		.short	-33
 14664 3214 BEF7     		.short	-2114
 14665 3216 DFFF     		.short	-33
ARM GAS  /tmp/cczpKMPG.s 			page 302


 14666 3218 DFFF     		.short	-33
 14667 321a DFFF     		.short	-33
 14668 321c DFFF     		.short	-33
 14669 321e FFFF     		.short	-1
 14670 3220 0C63     		.short	25356
 14671 3222 0000     		.short	0
 14672 3224 1084     		.short	-31728
 14673 3226 5DEF     		.short	-4259
 14674 3228 FFFF     		.short	-1
 14675 322a FFFF     		.short	-1
 14676 322c FFFF     		.short	-1
 14677 322e FFFF     		.short	-1
 14678 3230 FFFF     		.short	-1
 14679 3232 DFFF     		.short	-33
 14680 3234 3CE7     		.short	-6340
 14681 3236 7DEF     		.short	-4227
 14682 3238 2842     		.short	16936
 14683 323a 0000     		.short	0
 14684 323c 4108     		.short	2113
 14685 323e 4108     		.short	2113
 14686 3240 4108     		.short	2113
 14687 3242 4108     		.short	2113
 14688 3244 0000     		.short	0
 14689 3246 A210     		.short	4258
 14690 3248 3084     		.short	-31696
 14691 324a FFFF     		.short	-1
 14692 324c FFFF     		.short	-1
 14693 324e 18C6     		.short	-14824
 14694 3250 694A     		.short	19049
 14695 3252 2000     		.short	32
 14696 3254 0000     		.short	0
 14697 3256 2000     		.short	32
 14698 3258 6108     		.short	2145
 14699 325a 4108     		.short	2113
 14700 325c 4108     		.short	2113
 14701 325e 4108     		.short	2113
 14702 3260 4108     		.short	2113
 14703 3262 4108     		.short	2113
 14704 3264 4108     		.short	2113
 14705 3266 4108     		.short	2113
 14706 3268 4108     		.short	2113
 14707 326a 4108     		.short	2113
 14708 326c 4108     		.short	2113
 14709 326e 4108     		.short	2113
 14710 3270 4108     		.short	2113
 14711 3272 4108     		.short	2113
 14712 3274 4108     		.short	2113
 14713 3276 4108     		.short	2113
 14714 3278 0000     		.short	0
 14715 327a 0000     		.short	0
 14716 327c 6108     		.short	2145
 14717 327e CB5A     		.short	23243
 14718 3280 F7BD     		.short	-16905
 14719 3282 FFFF     		.short	-1
 14720 3284 FFFF     		.short	-1
 14721 3286 FFFF     		.short	-1
 14722 3288 5DEF     		.short	-4259
ARM GAS  /tmp/cczpKMPG.s 			page 303


 14723 328a 34A5     		.short	-23244
 14724 328c AE73     		.short	29614
 14725 328e E318     		.short	6371
 14726 3290 4108     		.short	2113
 14727 3292 6108     		.short	2145
 14728 3294 4108     		.short	2113
 14729 3296 4108     		.short	2113
 14730 3298 4108     		.short	2113
 14731 329a 0000     		.short	0
 14732 329c EB5A     		.short	23275
 14733 329e 9EF7     		.short	-2146
 14734 32a0 BEF7     		.short	-2114
 14735 32a2 FFFF     		.short	-1
 14736 32a4 DFFF     		.short	-33
 14737 32a6 2421     		.short	8484
 14738 32a8 0000     		.short	0
 14739 32aa 4108     		.short	2113
 14740 32ac 0000     		.short	0
 14741 32ae 2000     		.short	32
 14742 32b0 A210     		.short	4258
 14743 32b2 A631     		.short	12710
 14744 32b4 6D6B     		.short	27501
 14745 32b6 D7BD     		.short	-16937
 14746 32b8 FFFF     		.short	-1
 14747 32ba FFFF     		.short	-1
 14748 32bc FFFF     		.short	-1
 14749 32be FFFF     		.short	-1
 14750 32c0 FFFF     		.short	-1
 14751 32c2 FFFF     		.short	-1
 14752 32c4 FFFF     		.short	-1
 14753 32c6 FFFF     		.short	-1
 14754 32c8 FFFF     		.short	-1
 14755 32ca 0421     		.short	8452
 14756 32cc 6D6B     		.short	27501
 14757 32ce FFFF     		.short	-1
 14758 32d0 FFFF     		.short	-1
 14759 32d2 FFFF     		.short	-1
 14760 32d4 9EF7     		.short	-2146
 14761 32d6 D39C     		.short	-25389
 14762 32d8 4529     		.short	10565
 14763 32da 0000     		.short	0
 14764 32dc 8A52     		.short	21130
 14765 32de FFFF     		.short	-1
 14766 32e0 FFFF     		.short	-1
 14767 32e2 FFFF     		.short	-1
 14768 32e4 FFFF     		.short	-1
 14769 32e6 FFFF     		.short	-1
 14770 32e8 FFFF     		.short	-1
 14771 32ea FFFF     		.short	-1
 14772 32ec FFFF     		.short	-1
 14773 32ee FFFF     		.short	-1
 14774 32f0 D39C     		.short	-25389
 14775 32f2 0000     		.short	0
 14776 32f4 0000     		.short	0
 14777 32f6 E318     		.short	6371
 14778 32f8 0C63     		.short	25356
 14779 32fa 38C6     		.short	-14792
ARM GAS  /tmp/cczpKMPG.s 			page 304


 14780 32fc FFFF     		.short	-1
 14781 32fe FFFF     		.short	-1
 14782 3300 FFFF     		.short	-1
 14783 3302 9EF7     		.short	-2146
 14784 3304 5DEF     		.short	-4259
 14785 3306 6D6B     		.short	27501
 14786 3308 0000     		.short	0
 14787 330a 4108     		.short	2113
 14788 330c 4108     		.short	2113
 14789 330e 4108     		.short	2113
 14790 3310 6108     		.short	2145
 14791 3312 4108     		.short	2113
 14792 3314 2000     		.short	32
 14793 3316 0000     		.short	0
 14794 3318 0000     		.short	0
 14795 331a 6108     		.short	2145
 14796 331c EF7B     		.short	31727
 14797 331e 5DEF     		.short	-4259
 14798 3320 FFFF     		.short	-1
 14799 3322 38C6     		.short	-14792
 14800 3324 EB5A     		.short	23275
 14801 3326 6108     		.short	2145
 14802 3328 0000     		.short	0
 14803 332a 0000     		.short	0
 14804 332c 4108     		.short	2113
 14805 332e 4108     		.short	2113
 14806 3330 4108     		.short	2113
 14807 3332 4108     		.short	2113
 14808 3334 4108     		.short	2113
 14809 3336 4108     		.short	2113
 14810 3338 4108     		.short	2113
 14811 333a 4108     		.short	2113
 14812 333c 4108     		.short	2113
 14813 333e 4108     		.short	2113
 14814 3340 4108     		.short	2113
 14815 3342 4108     		.short	2113
 14816 3344 0000     		.short	0
 14817 3346 0000     		.short	0
 14818 3348 8631     		.short	12678
 14819 334a 9294     		.short	-27502
 14820 334c 7DEF     		.short	-4227
 14821 334e FFFF     		.short	-1
 14822 3350 FFFF     		.short	-1
 14823 3352 FFFF     		.short	-1
 14824 3354 FFFF     		.short	-1
 14825 3356 FFFF     		.short	-1
 14826 3358 5DEF     		.short	-4259
 14827 335a FFFF     		.short	-1
 14828 335c FFFF     		.short	-1
 14829 335e B6B5     		.short	-19018
 14830 3360 0000     		.short	0
 14831 3362 8210     		.short	4226
 14832 3364 4108     		.short	2113
 14833 3366 4108     		.short	2113
 14834 3368 4108     		.short	2113
 14835 336a 0000     		.short	0
 14836 336c EB5A     		.short	23275
ARM GAS  /tmp/cczpKMPG.s 			page 305


 14837 336e 7DEF     		.short	-4227
 14838 3370 BEF7     		.short	-2114
 14839 3372 FFFF     		.short	-1
 14840 3374 FFFF     		.short	-1
 14841 3376 A631     		.short	12710
 14842 3378 0000     		.short	0
 14843 337a 6108     		.short	2145
 14844 337c D39C     		.short	-25389
 14845 337e 59CE     		.short	-12711
 14846 3380 3CE7     		.short	-6340
 14847 3382 FFFF     		.short	-1
 14848 3384 FFFF     		.short	-1
 14849 3386 FFFF     		.short	-1
 14850 3388 59CE     		.short	-12711
 14851 338a 9294     		.short	-27502
 14852 338c 7DEF     		.short	-4227
 14853 338e FFFF     		.short	-1
 14854 3390 FFFF     		.short	-1
 14855 3392 FFFF     		.short	-1
 14856 3394 FFFF     		.short	-1
 14857 3396 FFFF     		.short	-1
 14858 3398 DFFF     		.short	-33
 14859 339a 6108     		.short	2145
 14860 339c 9294     		.short	-27502
 14861 339e FFFF     		.short	-1
 14862 33a0 DBDE     		.short	-8485
 14863 33a2 EF7B     		.short	31727
 14864 33a4 2421     		.short	8484
 14865 33a6 E318     		.short	6371
 14866 33a8 8E73     		.short	29582
 14867 33aa DBDE     		.short	-8485
 14868 33ac FFFF     		.short	-1
 14869 33ae 7DEF     		.short	-4227
 14870 33b0 BAD6     		.short	-10566
 14871 33b2 B6B5     		.short	-19018
 14872 33b4 B294     		.short	-27470
 14873 33b6 8E73     		.short	29582
 14874 33b8 2842     		.short	16936
 14875 33ba AA52     		.short	21162
 14876 33bc BEF7     		.short	-2114
 14877 33be FFFF     		.short	-1
 14878 33c0 518C     		.short	-29615
 14879 33c2 0000     		.short	0
 14880 33c4 8210     		.short	4226
 14881 33c6 0000     		.short	0
 14882 33c8 0000     		.short	0
 14883 33ca 59CE     		.short	-12711
 14884 33cc FFFF     		.short	-1
 14885 33ce FFFF     		.short	-1
 14886 33d0 FFFF     		.short	-1
 14887 33d2 7DEF     		.short	-4227
 14888 33d4 79CE     		.short	-12679
 14889 33d6 6108     		.short	2145
 14890 33d8 2000     		.short	32
 14891 33da 4108     		.short	2113
 14892 33dc 6108     		.short	2145
 14893 33de 0000     		.short	0
ARM GAS  /tmp/cczpKMPG.s 			page 306


 14894 33e0 0000     		.short	0
 14895 33e2 0000     		.short	0
 14896 33e4 E318     		.short	6371
 14897 33e6 2842     		.short	16936
 14898 33e8 8E73     		.short	29582
 14899 33ea 518C     		.short	-29615
 14900 33ec B294     		.short	-27470
 14901 33ee 79CE     		.short	-12679
 14902 33f0 FFFF     		.short	-1
 14903 33f2 FFFF     		.short	-1
 14904 33f4 FFFF     		.short	-1
 14905 33f6 1CE7     		.short	-6372
 14906 33f8 EF7B     		.short	31727
 14907 33fa 0421     		.short	8452
 14908 33fc 0000     		.short	0
 14909 33fe 0000     		.short	0
 14910 3400 4108     		.short	2113
 14911 3402 4108     		.short	2113
 14912 3404 4108     		.short	2113
 14913 3406 4108     		.short	2113
 14914 3408 4108     		.short	2113
 14915 340a 4108     		.short	2113
 14916 340c 4108     		.short	2113
 14917 340e 4108     		.short	2113
 14918 3410 4108     		.short	2113
 14919 3412 4108     		.short	2113
 14920 3414 E739     		.short	14823
 14921 3416 9294     		.short	-27502
 14922 3418 59CE     		.short	-12711
 14923 341a 79CE     		.short	-12679
 14924 341c 55AD     		.short	-21163
 14925 341e 3084     		.short	-31696
 14926 3420 6D6B     		.short	27501
 14927 3422 AA52     		.short	21162
 14928 3424 A631     		.short	12710
 14929 3426 E318     		.short	6371
 14930 3428 4D6B     		.short	27469
 14931 342a 1CE7     		.short	-6372
 14932 342c 7DEF     		.short	-4227
 14933 342e 494A     		.short	19017
 14934 3430 0000     		.short	0
 14935 3432 0000     		.short	0
 14936 3434 0000     		.short	0
 14937 3436 4108     		.short	2113
 14938 3438 6108     		.short	2145
 14939 343a 0000     		.short	0
 14940 343c E739     		.short	14823
 14941 343e 7DEF     		.short	-4227
 14942 3440 9EF7     		.short	-2146
 14943 3442 FFFF     		.short	-1
 14944 3444 FFFF     		.short	-1
 14945 3446 8A52     		.short	21130
 14946 3448 0000     		.short	0
 14947 344a 0000     		.short	0
 14948 344c BAD6     		.short	-10566
 14949 344e FFFF     		.short	-1
 14950 3450 FFFF     		.short	-1
ARM GAS  /tmp/cczpKMPG.s 			page 307


 14951 3452 1CE7     		.short	-6372
 14952 3454 55AD     		.short	-21163
 14953 3456 AA52     		.short	21162
 14954 3458 4108     		.short	2113
 14955 345a 0000     		.short	0
 14956 345c 694A     		.short	19049
 14957 345e FFFF     		.short	-1
 14958 3460 FFFF     		.short	-1
 14959 3462 FFFF     		.short	-1
 14960 3464 FFFF     		.short	-1
 14961 3466 FFFF     		.short	-1
 14962 3468 5DEF     		.short	-4259
 14963 346a 4108     		.short	2113
 14964 346c 8E73     		.short	29582
 14965 346e 4D6B     		.short	27469
 14966 3470 4108     		.short	2113
 14967 3472 0000     		.short	0
 14968 3474 C318     		.short	6339
 14969 3476 CB5A     		.short	23243
 14970 3478 EB5A     		.short	23275
 14971 347a C739     		.short	14791
 14972 347c C318     		.short	6339
 14973 347e 4108     		.short	2113
 14974 3480 2000     		.short	32
 14975 3482 4108     		.short	2113
 14976 3484 E318     		.short	6371
 14977 3486 A631     		.short	12710
 14978 3488 8A52     		.short	21130
 14979 348a 718C     		.short	-29583
 14980 348c DFFF     		.short	-33
 14981 348e FFFF     		.short	-1
 14982 3490 494A     		.short	19017
 14983 3492 0000     		.short	0
 14984 3494 6108     		.short	2145
 14985 3496 0000     		.short	0
 14986 3498 718C     		.short	-29583
 14987 349a FFFF     		.short	-1
 14988 349c FFFF     		.short	-1
 14989 349e FFFF     		.short	-1
 14990 34a0 DFFF     		.short	-33
 14991 34a2 9EF7     		.short	-2146
 14992 34a4 9294     		.short	-27502
 14993 34a6 0000     		.short	0
 14994 34a8 6108     		.short	2145
 14995 34aa 4108     		.short	2113
 14996 34ac 0000     		.short	0
 14997 34ae C318     		.short	6339
 14998 34b0 8E73     		.short	29582
 14999 34b2 59CE     		.short	-12711
 15000 34b4 FFFF     		.short	-1
 15001 34b6 FFFF     		.short	-1
 15002 34b8 FFFF     		.short	-1
 15003 34ba FFFF     		.short	-1
 15004 34bc FFFF     		.short	-1
 15005 34be 5DEF     		.short	-4259
 15006 34c0 FBDE     		.short	-8453
 15007 34c2 FBDE     		.short	-8453
ARM GAS  /tmp/cczpKMPG.s 			page 308


 15008 34c4 DBDE     		.short	-8485
 15009 34c6 7DEF     		.short	-4227
 15010 34c8 FFFF     		.short	-1
 15011 34ca 1CE7     		.short	-6372
 15012 34cc 9294     		.short	-27502
 15013 34ce A631     		.short	12710
 15014 34d0 4108     		.short	2113
 15015 34d2 4108     		.short	2113
 15016 34d4 4108     		.short	2113
 15017 34d6 4108     		.short	2113
 15018 34d8 4108     		.short	2113
 15019 34da 4108     		.short	2113
 15020 34dc 4108     		.short	2113
 15021 34de 4108     		.short	2113
 15022 34e0 4108     		.short	2113
 15023 34e2 4108     		.short	2113
 15024 34e4 6529     		.short	10597
 15025 34e6 0421     		.short	8452
 15026 34e8 4108     		.short	2113
 15027 34ea 0000     		.short	0
 15028 34ec 0000     		.short	0
 15029 34ee 0000     		.short	0
 15030 34f0 0000     		.short	0
 15031 34f2 0000     		.short	0
 15032 34f4 8210     		.short	4226
 15033 34f6 B294     		.short	-27470
 15034 34f8 DFFF     		.short	-33
 15035 34fa FFFF     		.short	-1
 15036 34fc FBDE     		.short	-8453
 15037 34fe D39C     		.short	-25389
 15038 3500 14A5     		.short	-23276
 15039 3502 1084     		.short	-31728
 15040 3504 6529     		.short	10597
 15041 3506 0000     		.short	0
 15042 3508 0000     		.short	0
 15043 350a 6529     		.short	10597
 15044 350c 1084     		.short	-31728
 15045 350e 1CE7     		.short	-6372
 15046 3510 9EF7     		.short	-2146
 15047 3512 FFFF     		.short	-1
 15048 3514 FFFF     		.short	-1
 15049 3516 EF7B     		.short	31727
 15050 3518 0000     		.short	0
 15051 351a 4108     		.short	2113
 15052 351c 2421     		.short	8484
 15053 351e C739     		.short	14791
 15054 3520 4529     		.short	10565
 15055 3522 8210     		.short	4226
 15056 3524 0000     		.short	0
 15057 3526 0000     		.short	0
 15058 3528 2000     		.short	32
 15059 352a 0000     		.short	0
 15060 352c 8A52     		.short	21130
 15061 352e FFFF     		.short	-1
 15062 3530 DFFF     		.short	-33
 15063 3532 FFFF     		.short	-1
 15064 3534 DFFF     		.short	-33
ARM GAS  /tmp/cczpKMPG.s 			page 309


 15065 3536 FFFF     		.short	-1
 15066 3538 7DEF     		.short	-4227
 15067 353a 8210     		.short	4226
 15068 353c 0000     		.short	0
 15069 353e 0000     		.short	0
 15070 3540 6108     		.short	2145
 15071 3542 2421     		.short	8484
 15072 3544 A631     		.short	12710
 15073 3546 E739     		.short	14823
 15074 3548 8A52     		.short	21130
 15075 354a AE73     		.short	29614
 15076 354c D39C     		.short	-25389
 15077 354e D7BD     		.short	-16937
 15078 3550 BAD6     		.short	-10566
 15079 3552 7DEF     		.short	-4227
 15080 3554 FFFF     		.short	-1
 15081 3556 FFFF     		.short	-1
 15082 3558 FFFF     		.short	-1
 15083 355a FFFF     		.short	-1
 15084 355c FFFF     		.short	-1
 15085 355e D7BD     		.short	-16937
 15086 3560 0000     		.short	0
 15087 3562 4108     		.short	2113
 15088 3564 0000     		.short	0
 15089 3566 C739     		.short	14791
 15090 3568 FFFF     		.short	-1
 15091 356a FFFF     		.short	-1
 15092 356c FFFF     		.short	-1
 15093 356e FFFF     		.short	-1
 15094 3570 7DEF     		.short	-4227
 15095 3572 5DEF     		.short	-4259
 15096 3574 E739     		.short	14823
 15097 3576 0000     		.short	0
 15098 3578 4108     		.short	2113
 15099 357a 0000     		.short	0
 15100 357c AE73     		.short	29614
 15101 357e 9EF7     		.short	-2146
 15102 3580 FFFF     		.short	-1
 15103 3582 7DEF     		.short	-4227
 15104 3584 34A5     		.short	-23244
 15105 3586 2C63     		.short	25388
 15106 3588 E739     		.short	14823
 15107 358a 0421     		.short	8452
 15108 358c A210     		.short	4258
 15109 358e 4108     		.short	2113
 15110 3590 4108     		.short	2113
 15111 3592 4108     		.short	2113
 15112 3594 4108     		.short	2113
 15113 3596 6108     		.short	2145
 15114 3598 A210     		.short	4258
 15115 359a 2421     		.short	8484
 15116 359c C739     		.short	14791
 15117 359e 6529     		.short	10597
 15118 35a0 4108     		.short	2113
 15119 35a2 4108     		.short	2113
 15120 35a4 4108     		.short	2113
 15121 35a6 4108     		.short	2113
ARM GAS  /tmp/cczpKMPG.s 			page 310


 15122 35a8 4108     		.short	2113
 15123 35aa 4108     		.short	2113
 15124 35ac 4108     		.short	2113
 15125 35ae 4108     		.short	2113
 15126 35b0 4108     		.short	2113
 15127 35b2 2000     		.short	32
 15128 35b4 0000     		.short	0
 15129 35b6 0000     		.short	0
 15130 35b8 2000     		.short	32
 15131 35ba 4108     		.short	2113
 15132 35bc 6108     		.short	2145
 15133 35be 0000     		.short	0
 15134 35c0 A210     		.short	4258
 15135 35c2 3084     		.short	-31696
 15136 35c4 FFFF     		.short	-1
 15137 35c6 FFFF     		.short	-1
 15138 35c8 FFFF     		.short	-1
 15139 35ca FFFF     		.short	-1
 15140 35cc DFFF     		.short	-33
 15141 35ce FFFF     		.short	-1
 15142 35d0 FFFF     		.short	-1
 15143 35d2 FFFF     		.short	-1
 15144 35d4 9EF7     		.short	-2146
 15145 35d6 C318     		.short	6339
 15146 35d8 A631     		.short	12710
 15147 35da BEF7     		.short	-2114
 15148 35dc FFFF     		.short	-1
 15149 35de 1CE7     		.short	-6372
 15150 35e0 5DEF     		.short	-4259
 15151 35e2 FFFF     		.short	-1
 15152 35e4 FFFF     		.short	-1
 15153 35e6 D7BD     		.short	-16937
 15154 35e8 0000     		.short	0
 15155 35ea 4108     		.short	2113
 15156 35ec 0000     		.short	0
 15157 35ee 0000     		.short	0
 15158 35f0 0000     		.short	0
 15159 35f2 0000     		.short	0
 15160 35f4 0000     		.short	0
 15161 35f6 0000     		.short	0
 15162 35f8 A210     		.short	4258
 15163 35fa AE73     		.short	29614
 15164 35fc 7DEF     		.short	-4227
 15165 35fe FFFF     		.short	-1
 15166 3600 FFFF     		.short	-1
 15167 3602 FFFF     		.short	-1
 15168 3604 FFFF     		.short	-1
 15169 3606 FFFF     		.short	-1
 15170 3608 FFFF     		.short	-1
 15171 360a 18C6     		.short	-14824
 15172 360c B6B5     		.short	-19018
 15173 360e 9AD6     		.short	-10598
 15174 3610 1CE7     		.short	-6372
 15175 3612 BEF7     		.short	-2114
 15176 3614 FFFF     		.short	-1
 15177 3616 FFFF     		.short	-1
 15178 3618 FFFF     		.short	-1
ARM GAS  /tmp/cczpKMPG.s 			page 311


 15179 361a FFFF     		.short	-1
 15180 361c FFFF     		.short	-1
 15181 361e FFFF     		.short	-1
 15182 3620 FFFF     		.short	-1
 15183 3622 FFFF     		.short	-1
 15184 3624 FFFF     		.short	-1
 15185 3626 DFFF     		.short	-33
 15186 3628 BEF7     		.short	-2114
 15187 362a BEF7     		.short	-2114
 15188 362c DFFF     		.short	-33
 15189 362e 9AD6     		.short	-10598
 15190 3630 0C63     		.short	25356
 15191 3632 A210     		.short	4258
 15192 3634 2000     		.short	32
 15193 3636 9AD6     		.short	-10598
 15194 3638 FFFF     		.short	-1
 15195 363a FFFF     		.short	-1
 15196 363c FFFF     		.short	-1
 15197 363e DFFF     		.short	-33
 15198 3640 7DEF     		.short	-4227
 15199 3642 75AD     		.short	-21131
 15200 3644 2000     		.short	32
 15201 3646 4108     		.short	2113
 15202 3648 4108     		.short	2113
 15203 364a 55AD     		.short	-21163
 15204 364c FFFF     		.short	-1
 15205 364e BAD6     		.short	-10566
 15206 3650 8A52     		.short	21130
 15207 3652 6108     		.short	2145
 15208 3654 0000     		.short	0
 15209 3656 0000     		.short	0
 15210 3658 0000     		.short	0
 15211 365a 0000     		.short	0
 15212 365c 2000     		.short	32
 15213 365e 2000     		.short	32
 15214 3660 2000     		.short	32
 15215 3662 2000     		.short	32
 15216 3664 2000     		.short	32
 15217 3666 2000     		.short	32
 15218 3668 2000     		.short	32
 15219 366a 0000     		.short	0
 15220 366c 0000     		.short	0
 15221 366e 0000     		.short	0
 15222 3670 4108     		.short	2113
 15223 3672 4108     		.short	2113
 15224 3674 4108     		.short	2113
 15225 3676 4108     		.short	2113
 15226 3678 4108     		.short	2113
 15227 367a 4108     		.short	2113
 15228 367c 4108     		.short	2113
 15229 367e 4108     		.short	2113
 15230 3680 4108     		.short	2113
 15231 3682 4108     		.short	2113
 15232 3684 4108     		.short	2113
 15233 3686 4108     		.short	2113
 15234 3688 4108     		.short	2113
 15235 368a 4108     		.short	2113
ARM GAS  /tmp/cczpKMPG.s 			page 312


 15236 368c 2000     		.short	32
 15237 368e C739     		.short	14791
 15238 3690 34A5     		.short	-23244
 15239 3692 38C6     		.short	-14792
 15240 3694 9294     		.short	-27502
 15241 3696 4D6B     		.short	27469
 15242 3698 494A     		.short	19017
 15243 369a 8631     		.short	12678
 15244 369c E318     		.short	6371
 15245 369e A210     		.short	4258
 15246 36a0 4108     		.short	2113
 15247 36a2 55AD     		.short	-21163
 15248 36a4 FFFF     		.short	-1
 15249 36a6 2421     		.short	8484
 15250 36a8 9294     		.short	-27502
 15251 36aa FFFF     		.short	-1
 15252 36ac DFFF     		.short	-33
 15253 36ae 7DEF     		.short	-4227
 15254 36b0 1CE7     		.short	-6372
 15255 36b2 FFFF     		.short	-1
 15256 36b4 FFFF     		.short	-1
 15257 36b6 BEF7     		.short	-2114
 15258 36b8 0421     		.short	8452
 15259 36ba 0000     		.short	0
 15260 36bc 4108     		.short	2113
 15261 36be A210     		.short	4258
 15262 36c0 C318     		.short	6339
 15263 36c2 6529     		.short	10597
 15264 36c4 AA52     		.short	21162
 15265 36c6 D39C     		.short	-25389
 15266 36c8 3CE7     		.short	-6340
 15267 36ca FFFF     		.short	-1
 15268 36cc FFFF     		.short	-1
 15269 36ce FFFF     		.short	-1
 15270 36d0 EF7B     		.short	31727
 15271 36d2 0842     		.short	16904
 15272 36d4 F7BD     		.short	-16905
 15273 36d6 FFFF     		.short	-1
 15274 36d8 FFFF     		.short	-1
 15275 36da FFFF     		.short	-1
 15276 36dc FFFF     		.short	-1
 15277 36de FFFF     		.short	-1
 15278 36e0 FFFF     		.short	-1
 15279 36e2 FFFF     		.short	-1
 15280 36e4 FFFF     		.short	-1
 15281 36e6 FFFF     		.short	-1
 15282 36e8 DFFF     		.short	-33
 15283 36ea DFFF     		.short	-33
 15284 36ec DFFF     		.short	-33
 15285 36ee DFFF     		.short	-33
 15286 36f0 FFFF     		.short	-1
 15287 36f2 FFFF     		.short	-1
 15288 36f4 FFFF     		.short	-1
 15289 36f6 FFFF     		.short	-1
 15290 36f8 FFFF     		.short	-1
 15291 36fa FFFF     		.short	-1
 15292 36fc FFFF     		.short	-1
ARM GAS  /tmp/cczpKMPG.s 			page 313


 15293 36fe FFFF     		.short	-1
 15294 3700 FFFF     		.short	-1
 15295 3702 1CE7     		.short	-6372
 15296 3704 18C6     		.short	-14824
 15297 3706 FFFF     		.short	-1
 15298 3708 FFFF     		.short	-1
 15299 370a FFFF     		.short	-1
 15300 370c FFFF     		.short	-1
 15301 370e 7DEF     		.short	-4227
 15302 3710 5DEF     		.short	-4259
 15303 3712 494A     		.short	19017
 15304 3714 0000     		.short	0
 15305 3716 0000     		.short	0
 15306 3718 D39C     		.short	-25389
 15307 371a FFFF     		.short	-1
 15308 371c 9294     		.short	-27502
 15309 371e 2000     		.short	32
 15310 3720 0000     		.short	0
 15311 3722 2000     		.short	32
 15312 3724 6108     		.short	2145
 15313 3726 6108     		.short	2145
 15314 3728 4108     		.short	2113
 15315 372a 4108     		.short	2113
 15316 372c 4108     		.short	2113
 15317 372e 4108     		.short	2113
 15318 3730 4108     		.short	2113
 15319 3732 4108     		.short	2113
 15320 3734 4108     		.short	2113
 15321 3736 4108     		.short	2113
 15322 3738 4108     		.short	2113
 15323 373a 4108     		.short	2113
 15324 373c 4108     		.short	2113
 15325 373e 4108     		.short	2113
 15326 3740 4108     		.short	2113
 15327 3742 4108     		.short	2113
 15328 3744 4108     		.short	2113
 15329 3746 4108     		.short	2113
 15330 3748 4108     		.short	2113
 15331 374a 4108     		.short	2113
 15332 374c 4108     		.short	2113
 15333 374e 4108     		.short	2113
 15334 3750 4108     		.short	2113
 15335 3752 4108     		.short	2113
 15336 3754 4108     		.short	2113
 15337 3756 4108     		.short	2113
 15338 3758 4108     		.short	2113
 15339 375a 4108     		.short	2113
 15340 375c 4108     		.short	2113
 15341 375e 0421     		.short	8452
 15342 3760 8210     		.short	4226
 15343 3762 0000     		.short	0
 15344 3764 0000     		.short	0
 15345 3766 0000     		.short	0
 15346 3768 0000     		.short	0
 15347 376a 0000     		.short	0
 15348 376c 2000     		.short	32
 15349 376e 0000     		.short	0
ARM GAS  /tmp/cczpKMPG.s 			page 314


 15350 3770 8E73     		.short	29582
 15351 3772 FFFF     		.short	-1
 15352 3774 D7BD     		.short	-16937
 15353 3776 0000     		.short	0
 15354 3778 F39C     		.short	-25357
 15355 377a FFFF     		.short	-1
 15356 377c FFFF     		.short	-1
 15357 377e BEF7     		.short	-2114
 15358 3780 FBDE     		.short	-8453
 15359 3782 BEF7     		.short	-2114
 15360 3784 FFFF     		.short	-1
 15361 3786 FFFF     		.short	-1
 15362 3788 EF7B     		.short	31727
 15363 378a 0000     		.short	0
 15364 378c 2000     		.short	32
 15365 378e E739     		.short	14823
 15366 3790 9EF7     		.short	-2146
 15367 3792 DFFF     		.short	-33
 15368 3794 FFFF     		.short	-1
 15369 3796 FFFF     		.short	-1
 15370 3798 FFFF     		.short	-1
 15371 379a DFFF     		.short	-33
 15372 379c FFFF     		.short	-1
 15373 379e 718C     		.short	-29583
 15374 37a0 0000     		.short	0
 15375 37a2 0000     		.short	0
 15376 37a4 6108     		.short	2145
 15377 37a6 FBDE     		.short	-8453
 15378 37a8 FFFF     		.short	-1
 15379 37aa FFFF     		.short	-1
 15380 37ac FFFF     		.short	-1
 15381 37ae FFFF     		.short	-1
 15382 37b0 FFFF     		.short	-1
 15383 37b2 FFFF     		.short	-1
 15384 37b4 FFFF     		.short	-1
 15385 37b6 FFFF     		.short	-1
 15386 37b8 FFFF     		.short	-1
 15387 37ba FFFF     		.short	-1
 15388 37bc FFFF     		.short	-1
 15389 37be FFFF     		.short	-1
 15390 37c0 FBDE     		.short	-8453
 15391 37c2 75AD     		.short	-21131
 15392 37c4 718C     		.short	-29583
 15393 37c6 518C     		.short	-29615
 15394 37c8 9294     		.short	-27502
 15395 37ca 14A5     		.short	-23276
 15396 37cc D7BD     		.short	-16937
 15397 37ce 9AD6     		.short	-10598
 15398 37d0 9EF7     		.short	-2146
 15399 37d2 FFFF     		.short	-1
 15400 37d4 FFFF     		.short	-1
 15401 37d6 FFFF     		.short	-1
 15402 37d8 FFFF     		.short	-1
 15403 37da FFFF     		.short	-1
 15404 37dc BEF7     		.short	-2114
 15405 37de 7DEF     		.short	-4227
 15406 37e0 55AD     		.short	-21163
ARM GAS  /tmp/cczpKMPG.s 			page 315


 15407 37e2 0000     		.short	0
 15408 37e4 0000     		.short	0
 15409 37e6 C739     		.short	14791
 15410 37e8 FFFF     		.short	-1
 15411 37ea 96B5     		.short	-19050
 15412 37ec 0000     		.short	0
 15413 37ee 2000     		.short	32
 15414 37f0 6108     		.short	2145
 15415 37f2 4108     		.short	2113
 15416 37f4 4108     		.short	2113
 15417 37f6 4108     		.short	2113
 15418 37f8 4108     		.short	2113
 15419 37fa 4108     		.short	2113
 15420 37fc 4108     		.short	2113
 15421 37fe 4108     		.short	2113
 15422 3800 4108     		.short	2113
 15423 3802 4108     		.short	2113
 15424 3804 4108     		.short	2113
 15425 3806 4108     		.short	2113
 15426 3808 4108     		.short	2113
 15427 380a 4108     		.short	2113
 15428 380c 4108     		.short	2113
 15429 380e 4108     		.short	2113
 15430 3810 4108     		.short	2113
 15431 3812 4108     		.short	2113
 15432 3814 4108     		.short	2113
 15433 3816 4108     		.short	2113
 15434 3818 4108     		.short	2113
 15435 381a 4108     		.short	2113
 15436 381c 4108     		.short	2113
 15437 381e 4108     		.short	2113
 15438 3820 4108     		.short	2113
 15439 3822 4108     		.short	2113
 15440 3824 4108     		.short	2113
 15441 3826 4108     		.short	2113
 15442 3828 4108     		.short	2113
 15443 382a 4108     		.short	2113
 15444 382c 4108     		.short	2113
 15445 382e 0000     		.short	0
 15446 3830 2000     		.short	32
 15447 3832 4108     		.short	2113
 15448 3834 6108     		.short	2145
 15449 3836 6108     		.short	2145
 15450 3838 6108     		.short	2145
 15451 383a 2000     		.short	32
 15452 383c 0000     		.short	0
 15453 383e 518C     		.short	-29615
 15454 3840 FFFF     		.short	-1
 15455 3842 79CE     		.short	-12679
 15456 3844 A210     		.short	4258
 15457 3846 0000     		.short	0
 15458 3848 EB5A     		.short	23275
 15459 384a FFFF     		.short	-1
 15460 384c FFFF     		.short	-1
 15461 384e FFFF     		.short	-1
 15462 3850 3CE7     		.short	-6340
 15463 3852 3CE7     		.short	-6340
ARM GAS  /tmp/cczpKMPG.s 			page 316


 15464 3854 FFFF     		.short	-1
 15465 3856 FFFF     		.short	-1
 15466 3858 3CE7     		.short	-6340
 15467 385a A210     		.short	4258
 15468 385c 4108     		.short	2113
 15469 385e 0000     		.short	0
 15470 3860 B294     		.short	-27470
 15471 3862 FFFF     		.short	-1
 15472 3864 BEF7     		.short	-2114
 15473 3866 DFFF     		.short	-33
 15474 3868 FFFF     		.short	-1
 15475 386a FFFF     		.short	-1
 15476 386c DFFF     		.short	-33
 15477 386e 4529     		.short	10565
 15478 3870 0000     		.short	0
 15479 3872 8210     		.short	4226
 15480 3874 0000     		.short	0
 15481 3876 CF7B     		.short	31695
 15482 3878 FFFF     		.short	-1
 15483 387a 9AD6     		.short	-10598
 15484 387c 2C63     		.short	25388
 15485 387e DFFF     		.short	-33
 15486 3880 FFFF     		.short	-1
 15487 3882 FFFF     		.short	-1
 15488 3884 FFFF     		.short	-1
 15489 3886 FFFF     		.short	-1
 15490 3888 FFFF     		.short	-1
 15491 388a 7DEF     		.short	-4227
 15492 388c 1084     		.short	-31728
 15493 388e 4529     		.short	10565
 15494 3890 6108     		.short	2145
 15495 3892 C318     		.short	6339
 15496 3894 C318     		.short	6339
 15497 3896 6108     		.short	2145
 15498 3898 0000     		.short	0
 15499 389a 0000     		.short	0
 15500 389c 0000     		.short	0
 15501 389e 2000     		.short	32
 15502 38a0 0421     		.short	8452
 15503 38a2 3CE7     		.short	-6340
 15504 38a4 FFFF     		.short	-1
 15505 38a6 FFFF     		.short	-1
 15506 38a8 FFFF     		.short	-1
 15507 38aa FFFF     		.short	-1
 15508 38ac 5DEF     		.short	-4259
 15509 38ae 1CE7     		.short	-6372
 15510 38b0 6529     		.short	10597
 15511 38b2 2000     		.short	32
 15512 38b4 0000     		.short	0
 15513 38b6 F39C     		.short	-25357
 15514 38b8 FFFF     		.short	-1
 15515 38ba 4529     		.short	10565
 15516 38bc 0000     		.short	0
 15517 38be 6108     		.short	2145
 15518 38c0 4108     		.short	2113
 15519 38c2 4108     		.short	2113
 15520 38c4 4108     		.short	2113
ARM GAS  /tmp/cczpKMPG.s 			page 317


 15521 38c6 4108     		.short	2113
 15522 38c8 4108     		.short	2113
 15523 38ca 4108     		.short	2113
 15524 38cc 4108     		.short	2113
 15525 38ce 4108     		.short	2113
 15526 38d0 4108     		.short	2113
 15527 38d2 4108     		.short	2113
 15528 38d4 4108     		.short	2113
 15529 38d6 4108     		.short	2113
 15530 38d8 4108     		.short	2113
 15531 38da 4108     		.short	2113
 15532 38dc 4108     		.short	2113
 15533 38de 4108     		.short	2113
 15534 38e0 4108     		.short	2113
 15535 38e2 4108     		.short	2113
 15536 38e4 4108     		.short	2113
 15537 38e6 4108     		.short	2113
 15538 38e8 4108     		.short	2113
 15539 38ea 4108     		.short	2113
 15540 38ec 4108     		.short	2113
 15541 38ee 4108     		.short	2113
 15542 38f0 4108     		.short	2113
 15543 38f2 4108     		.short	2113
 15544 38f4 4108     		.short	2113
 15545 38f6 4108     		.short	2113
 15546 38f8 4108     		.short	2113
 15547 38fa 4108     		.short	2113
 15548 38fc 4108     		.short	2113
 15549 38fe 4108     		.short	2113
 15550 3900 4108     		.short	2113
 15551 3902 4108     		.short	2113
 15552 3904 4108     		.short	2113
 15553 3906 6108     		.short	2145
 15554 3908 0000     		.short	0
 15555 390a E318     		.short	6371
 15556 390c D7BD     		.short	-16937
 15557 390e FFFF     		.short	-1
 15558 3910 B6B5     		.short	-19018
 15559 3912 8210     		.short	4226
 15560 3914 0000     		.short	0
 15561 3916 2000     		.short	32
 15562 3918 6108     		.short	2145
 15563 391a FBDE     		.short	-8453
 15564 391c FFFF     		.short	-1
 15565 391e FFFF     		.short	-1
 15566 3920 9EF7     		.short	-2146
 15567 3922 FBDE     		.short	-8453
 15568 3924 BEF7     		.short	-2114
 15569 3926 FFFF     		.short	-1
 15570 3928 FFFF     		.short	-1
 15571 392a D39C     		.short	-25389
 15572 392c 0000     		.short	0
 15573 392e 6108     		.short	2145
 15574 3930 0000     		.short	0
 15575 3932 14A5     		.short	-23276
 15576 3934 FFFF     		.short	-1
 15577 3936 FFFF     		.short	-1
ARM GAS  /tmp/cczpKMPG.s 			page 318


 15578 3938 FFFF     		.short	-1
 15579 393a FFFF     		.short	-1
 15580 393c BEF7     		.short	-2114
 15581 393e E318     		.short	6371
 15582 3940 0000     		.short	0
 15583 3942 4108     		.short	2113
 15584 3944 2000     		.short	32
 15585 3946 4529     		.short	10565
 15586 3948 D7BD     		.short	-16937
 15587 394a 6529     		.short	10597
 15588 394c 0000     		.short	0
 15589 394e 1CE7     		.short	-6372
 15590 3950 FFFF     		.short	-1
 15591 3952 FFFF     		.short	-1
 15592 3954 FFFF     		.short	-1
 15593 3956 DFFF     		.short	-33
 15594 3958 DFFF     		.short	-33
 15595 395a 4D6B     		.short	27469
 15596 395c 694A     		.short	19049
 15597 395e 1084     		.short	-31728
 15598 3960 BAD6     		.short	-10566
 15599 3962 DFFF     		.short	-33
 15600 3964 FFFF     		.short	-1
 15601 3966 BEF7     		.short	-2114
 15602 3968 DBDE     		.short	-8485
 15603 396a 0842     		.short	16904
 15604 396c 4108     		.short	2113
 15605 396e 0000     		.short	0
 15606 3970 2842     		.short	16936
 15607 3972 DFFF     		.short	-33
 15608 3974 FFFF     		.short	-1
 15609 3976 FFFF     		.short	-1
 15610 3978 FFFF     		.short	-1
 15611 397a 7DEF     		.short	-4227
 15612 397c 9EF7     		.short	-2146
 15613 397e 6D6B     		.short	27501
 15614 3980 0000     		.short	0
 15615 3982 6108     		.short	2145
 15616 3984 0000     		.short	0
 15617 3986 DBDE     		.short	-8485
 15618 3988 FBDE     		.short	-8453
 15619 398a 0000     		.short	0
 15620 398c 4108     		.short	2113
 15621 398e 4108     		.short	2113
 15622 3990 4108     		.short	2113
 15623 3992 4108     		.short	2113
 15624 3994 4108     		.short	2113
 15625 3996 4108     		.short	2113
 15626 3998 4108     		.short	2113
 15627 399a 4108     		.short	2113
 15628 399c 4108     		.short	2113
 15629 399e 4108     		.short	2113
 15630 39a0 4108     		.short	2113
 15631 39a2 4108     		.short	2113
 15632 39a4 4108     		.short	2113
 15633 39a6 4108     		.short	2113
 15634 39a8 4108     		.short	2113
ARM GAS  /tmp/cczpKMPG.s 			page 319


 15635 39aa 4108     		.short	2113
 15636 39ac 4108     		.short	2113
 15637 39ae 4108     		.short	2113
 15638 39b0 4108     		.short	2113
 15639 39b2 4108     		.short	2113
 15640 39b4 4108     		.short	2113
 15641 39b6 4108     		.short	2113
 15642 39b8 4108     		.short	2113
 15643 39ba 4108     		.short	2113
 15644 39bc 4108     		.short	2113
 15645 39be 4108     		.short	2113
 15646 39c0 4108     		.short	2113
 15647 39c2 4108     		.short	2113
 15648 39c4 4108     		.short	2113
 15649 39c6 4108     		.short	2113
 15650 39c8 4108     		.short	2113
 15651 39ca 4108     		.short	2113
 15652 39cc 4108     		.short	2113
 15653 39ce 4108     		.short	2113
 15654 39d0 4108     		.short	2113
 15655 39d2 4108     		.short	2113
 15656 39d4 2000     		.short	32
 15657 39d6 0000     		.short	0
 15658 39d8 694A     		.short	19049
 15659 39da 7DEF     		.short	-4227
 15660 39dc FFFF     		.short	-1
 15661 39de 718C     		.short	-29583
 15662 39e0 2000     		.short	32
 15663 39e2 2000     		.short	32
 15664 39e4 4108     		.short	2113
 15665 39e6 4108     		.short	2113
 15666 39e8 0000     		.short	0
 15667 39ea 2842     		.short	16936
 15668 39ec FFFF     		.short	-1
 15669 39ee FFFF     		.short	-1
 15670 39f0 FFFF     		.short	-1
 15671 39f2 3CE7     		.short	-6340
 15672 39f4 1CE7     		.short	-6372
 15673 39f6 FFFF     		.short	-1
 15674 39f8 FFFF     		.short	-1
 15675 39fa FFFF     		.short	-1
 15676 39fc 0C63     		.short	25356
 15677 39fe 0000     		.short	0
 15678 3a00 6108     		.short	2145
 15679 3a02 0000     		.short	0
 15680 3a04 9294     		.short	-27502
 15681 3a06 FFFF     		.short	-1
 15682 3a08 FFFF     		.short	-1
 15683 3a0a FFFF     		.short	-1
 15684 3a0c FFFF     		.short	-1
 15685 3a0e 8E73     		.short	29582
 15686 3a10 0000     		.short	0
 15687 3a12 6108     		.short	2145
 15688 3a14 4108     		.short	2113
 15689 3a16 2000     		.short	32
 15690 3a18 0000     		.short	0
 15691 3a1a 0000     		.short	0
ARM GAS  /tmp/cczpKMPG.s 			page 320


 15692 3a1c 6108     		.short	2145
 15693 3a1e DBDE     		.short	-8485
 15694 3a20 FFFF     		.short	-1
 15695 3a22 FFFF     		.short	-1
 15696 3a24 FFFF     		.short	-1
 15697 3a26 FFFF     		.short	-1
 15698 3a28 FFFF     		.short	-1
 15699 3a2a 96B5     		.short	-19050
 15700 3a2c 4D6B     		.short	27469
 15701 3a2e 96B5     		.short	-19050
 15702 3a30 FFFF     		.short	-1
 15703 3a32 FFFF     		.short	-1
 15704 3a34 FFFF     		.short	-1
 15705 3a36 FFFF     		.short	-1
 15706 3a38 FFFF     		.short	-1
 15707 3a3a AA52     		.short	21162
 15708 3a3c 0000     		.short	0
 15709 3a3e A631     		.short	12710
 15710 3a40 5DEF     		.short	-4259
 15711 3a42 FFFF     		.short	-1
 15712 3a44 FFFF     		.short	-1
 15713 3a46 FFFF     		.short	-1
 15714 3a48 9EF7     		.short	-2146
 15715 3a4a 9EF7     		.short	-2146
 15716 3a4c 34A5     		.short	-23244
 15717 3a4e 0000     		.short	0
 15718 3a50 4108     		.short	2113
 15719 3a52 2000     		.short	32
 15720 3a54 4108     		.short	2113
 15721 3a56 7DEF     		.short	-4227
 15722 3a58 F7BD     		.short	-16905
 15723 3a5a 0000     		.short	0
 15724 3a5c 4108     		.short	2113
 15725 3a5e 4108     		.short	2113
 15726 3a60 4108     		.short	2113
 15727 3a62 4108     		.short	2113
 15728 3a64 4108     		.short	2113
 15729 3a66 4108     		.short	2113
 15730 3a68 4108     		.short	2113
 15731 3a6a 4108     		.short	2113
 15732 3a6c 4108     		.short	2113
 15733 3a6e 4108     		.short	2113
 15734 3a70 4108     		.short	2113
 15735 3a72 4108     		.short	2113
 15736 3a74 4108     		.short	2113
 15737 3a76 4108     		.short	2113
 15738 3a78 4108     		.short	2113
 15739 3a7a 4108     		.short	2113
 15740 3a7c 4108     		.short	2113
 15741 3a7e 4108     		.short	2113
 15742 3a80 4108     		.short	2113
 15743 3a82 4108     		.short	2113
 15744 3a84 4108     		.short	2113
 15745 3a86 4108     		.short	2113
 15746 3a88 4108     		.short	2113
 15747 3a8a 4108     		.short	2113
 15748 3a8c 4108     		.short	2113
ARM GAS  /tmp/cczpKMPG.s 			page 321


 15749 3a8e 4108     		.short	2113
 15750 3a90 4108     		.short	2113
 15751 3a92 4108     		.short	2113
 15752 3a94 4108     		.short	2113
 15753 3a96 4108     		.short	2113
 15754 3a98 4108     		.short	2113
 15755 3a9a 4108     		.short	2113
 15756 3a9c 4108     		.short	2113
 15757 3a9e 4108     		.short	2113
 15758 3aa0 6108     		.short	2145
 15759 3aa2 0000     		.short	0
 15760 3aa4 8210     		.short	4226
 15761 3aa6 B294     		.short	-27470
 15762 3aa8 FFFF     		.short	-1
 15763 3aaa 3CE7     		.short	-6340
 15764 3aac 2842     		.short	16936
 15765 3aae 0000     		.short	0
 15766 3ab0 0000     		.short	0
 15767 3ab2 4108     		.short	2113
 15768 3ab4 4108     		.short	2113
 15769 3ab6 4108     		.short	2113
 15770 3ab8 4108     		.short	2113
 15771 3aba 0000     		.short	0
 15772 3abc 4D6B     		.short	27469
 15773 3abe FFFF     		.short	-1
 15774 3ac0 FFFF     		.short	-1
 15775 3ac2 BEF7     		.short	-2114
 15776 3ac4 FBDE     		.short	-8453
 15777 3ac6 5DEF     		.short	-4259
 15778 3ac8 FFFF     		.short	-1
 15779 3aca FFFF     		.short	-1
 15780 3acc DFFF     		.short	-33
 15781 3ace 8A52     		.short	21130
 15782 3ad0 0000     		.short	0
 15783 3ad2 0000     		.short	0
 15784 3ad4 E739     		.short	14823
 15785 3ad6 FFFF     		.short	-1
 15786 3ad8 6D6B     		.short	27501
 15787 3ada AA52     		.short	21162
 15788 3adc 96B5     		.short	-19050
 15789 3ade 8A52     		.short	21130
 15790 3ae0 0000     		.short	0
 15791 3ae2 4108     		.short	2113
 15792 3ae4 4108     		.short	2113
 15793 3ae6 4108     		.short	2113
 15794 3ae8 4108     		.short	2113
 15795 3aea 4108     		.short	2113
 15796 3aec 4108     		.short	2113
 15797 3aee DBDE     		.short	-8485
 15798 3af0 FFFF     		.short	-1
 15799 3af2 FFFF     		.short	-1
 15800 3af4 3CE7     		.short	-6340
 15801 3af6 55AD     		.short	-21163
 15802 3af8 AA52     		.short	21162
 15803 3afa A210     		.short	4258
 15804 3afc 0000     		.short	0
 15805 3afe 6108     		.short	2145
ARM GAS  /tmp/cczpKMPG.s 			page 322


 15806 3b00 BEF7     		.short	-2114
 15807 3b02 FFFF     		.short	-1
 15808 3b04 FFFF     		.short	-1
 15809 3b06 FFFF     		.short	-1
 15810 3b08 718C     		.short	-29583
 15811 3b0a 0000     		.short	0
 15812 3b0c 8A52     		.short	21130
 15813 3b0e 7DEF     		.short	-4227
 15814 3b10 FFFF     		.short	-1
 15815 3b12 FFFF     		.short	-1
 15816 3b14 FFFF     		.short	-1
 15817 3b16 9EF7     		.short	-2146
 15818 3b18 7DEF     		.short	-4227
 15819 3b1a 18C6     		.short	-14824
 15820 3b1c 8210     		.short	4226
 15821 3b1e 2000     		.short	32
 15822 3b20 4108     		.short	2113
 15823 3b22 2000     		.short	32
 15824 3b24 2000     		.short	32
 15825 3b26 3CE7     		.short	-6340
 15826 3b28 18C6     		.short	-14824
 15827 3b2a 0000     		.short	0
 15828 3b2c 4108     		.short	2113
 15829 3b2e 4108     		.short	2113
 15830 3b30 4108     		.short	2113
 15831 3b32 4108     		.short	2113
 15832 3b34 4108     		.short	2113
 15833 3b36 4108     		.short	2113
 15834 3b38 4108     		.short	2113
 15835 3b3a 4108     		.short	2113
 15836 3b3c 4108     		.short	2113
 15837 3b3e 4108     		.short	2113
 15838 3b40 4108     		.short	2113
 15839 3b42 4108     		.short	2113
 15840 3b44 4108     		.short	2113
 15841 3b46 4108     		.short	2113
 15842 3b48 4108     		.short	2113
 15843 3b4a 4108     		.short	2113
 15844 3b4c 4108     		.short	2113
 15845 3b4e 4108     		.short	2113
 15846 3b50 4108     		.short	2113
 15847 3b52 4108     		.short	2113
 15848 3b54 4108     		.short	2113
 15849 3b56 4108     		.short	2113
 15850 3b58 4108     		.short	2113
 15851 3b5a 4108     		.short	2113
 15852 3b5c 4108     		.short	2113
 15853 3b5e 4108     		.short	2113
 15854 3b60 4108     		.short	2113
 15855 3b62 4108     		.short	2113
 15856 3b64 4108     		.short	2113
 15857 3b66 4108     		.short	2113
 15858 3b68 4108     		.short	2113
 15859 3b6a 4108     		.short	2113
 15860 3b6c 6108     		.short	2145
 15861 3b6e 2000     		.short	32
 15862 3b70 0000     		.short	0
ARM GAS  /tmp/cczpKMPG.s 			page 323


 15863 3b72 2842     		.short	16936
 15864 3b74 BAD6     		.short	-10566
 15865 3b76 FFFF     		.short	-1
 15866 3b78 D7BD     		.short	-16937
 15867 3b7a 0842     		.short	16904
 15868 3b7c 8631     		.short	12678
 15869 3b7e 2842     		.short	16936
 15870 3b80 8631     		.short	12678
 15871 3b82 6108     		.short	2145
 15872 3b84 0000     		.short	0
 15873 3b86 4108     		.short	2113
 15874 3b88 4108     		.short	2113
 15875 3b8a 4108     		.short	2113
 15876 3b8c 0000     		.short	0
 15877 3b8e 4D6B     		.short	27469
 15878 3b90 FFFF     		.short	-1
 15879 3b92 FFFF     		.short	-1
 15880 3b94 7DEF     		.short	-4227
 15881 3b96 FBDE     		.short	-8453
 15882 3b98 3CE7     		.short	-6340
 15883 3b9a DFFF     		.short	-33
 15884 3b9c FFFF     		.short	-1
 15885 3b9e FFFF     		.short	-1
 15886 3ba0 4D6B     		.short	27469
 15887 3ba2 0000     		.short	0
 15888 3ba4 0421     		.short	8452
 15889 3ba6 FFFF     		.short	-1
 15890 3ba8 55AD     		.short	-21163
 15891 3baa 0000     		.short	0
 15892 3bac 0000     		.short	0
 15893 3bae 0000     		.short	0
 15894 3bb0 4108     		.short	2113
 15895 3bb2 4108     		.short	2113
 15896 3bb4 4108     		.short	2113
 15897 3bb6 4108     		.short	2113
 15898 3bb8 4108     		.short	2113
 15899 3bba 2000     		.short	32
 15900 3bbc 6108     		.short	2145
 15901 3bbe 9EF7     		.short	-2146
 15902 3bc0 38C6     		.short	-14792
 15903 3bc2 8631     		.short	12678
 15904 3bc4 C318     		.short	6339
 15905 3bc6 0000     		.short	0
 15906 3bc8 0000     		.short	0
 15907 3bca 0000     		.short	0
 15908 3bcc 6108     		.short	2145
 15909 3bce B294     		.short	-27470
 15910 3bd0 FFFF     		.short	-1
 15911 3bd2 FFFF     		.short	-1
 15912 3bd4 BAD6     		.short	-10566
 15913 3bd6 8A52     		.short	21130
 15914 3bd8 6108     		.short	2145
 15915 3bda 9294     		.short	-27502
 15916 3bdc FFFF     		.short	-1
 15917 3bde FFFF     		.short	-1
 15918 3be0 FFFF     		.short	-1
 15919 3be2 FFFF     		.short	-1
ARM GAS  /tmp/cczpKMPG.s 			page 324


 15920 3be4 7DEF     		.short	-4227
 15921 3be6 7DEF     		.short	-4227
 15922 3be8 38C6     		.short	-14792
 15923 3bea E318     		.short	6371
 15924 3bec 0000     		.short	0
 15925 3bee 4108     		.short	2113
 15926 3bf0 4108     		.short	2113
 15927 3bf2 4108     		.short	2113
 15928 3bf4 0000     		.short	0
 15929 3bf6 59CE     		.short	-12711
 15930 3bf8 5DEF     		.short	-4259
 15931 3bfa 4108     		.short	2113
 15932 3bfc 2000     		.short	32
 15933 3bfe 4108     		.short	2113
 15934 3c00 4108     		.short	2113
 15935 3c02 4108     		.short	2113
 15936 3c04 4108     		.short	2113
 15937 3c06 4108     		.short	2113
 15938 3c08 4108     		.short	2113
 15939 3c0a 4108     		.short	2113
 15940 3c0c 4108     		.short	2113
 15941 3c0e 4108     		.short	2113
 15942 3c10 4108     		.short	2113
 15943 3c12 4108     		.short	2113
 15944 3c14 4108     		.short	2113
 15945 3c16 4108     		.short	2113
 15946 3c18 4108     		.short	2113
 15947 3c1a 4108     		.short	2113
 15948 3c1c 4108     		.short	2113
 15949 3c1e 4108     		.short	2113
 15950 3c20 4108     		.short	2113
 15951 3c22 4108     		.short	2113
 15952 3c24 4108     		.short	2113
 15953 3c26 4108     		.short	2113
 15954 3c28 4108     		.short	2113
 15955 3c2a 4108     		.short	2113
 15956 3c2c 4108     		.short	2113
 15957 3c2e 4108     		.short	2113
 15958 3c30 4108     		.short	2113
 15959 3c32 4108     		.short	2113
 15960 3c34 4108     		.short	2113
 15961 3c36 4108     		.short	2113
 15962 3c38 4108     		.short	2113
 15963 3c3a 4108     		.short	2113
 15964 3c3c 0000     		.short	0
 15965 3c3e 8210     		.short	4226
 15966 3c40 B294     		.short	-27470
 15967 3c42 FFFF     		.short	-1
 15968 3c44 FFFF     		.short	-1
 15969 3c46 FFFF     		.short	-1
 15970 3c48 BEF7     		.short	-2114
 15971 3c4a FFFF     		.short	-1
 15972 3c4c FFFF     		.short	-1
 15973 3c4e FFFF     		.short	-1
 15974 3c50 FFFF     		.short	-1
 15975 3c52 3CE7     		.short	-6340
 15976 3c54 0C63     		.short	25356
ARM GAS  /tmp/cczpKMPG.s 			page 325


 15977 3c56 0000     		.short	0
 15978 3c58 4108     		.short	2113
 15979 3c5a 4108     		.short	2113
 15980 3c5c 4108     		.short	2113
 15981 3c5e 0000     		.short	0
 15982 3c60 0842     		.short	16904
 15983 3c62 BAD6     		.short	-10566
 15984 3c64 FFFF     		.short	-1
 15985 3c66 FFFF     		.short	-1
 15986 3c68 1CE7     		.short	-6372
 15987 3c6a 1CE7     		.short	-6372
 15988 3c6c 9EF7     		.short	-2146
 15989 3c6e FFFF     		.short	-1
 15990 3c70 FFFF     		.short	-1
 15991 3c72 55AD     		.short	-21163
 15992 3c74 A210     		.short	4258
 15993 3c76 518C     		.short	-29615
 15994 3c78 FFFF     		.short	-1
 15995 3c7a 0C63     		.short	25356
 15996 3c7c 0000     		.short	0
 15997 3c7e 6108     		.short	2145
 15998 3c80 4108     		.short	2113
 15999 3c82 4108     		.short	2113
 16000 3c84 4108     		.short	2113
 16001 3c86 4108     		.short	2113
 16002 3c88 4108     		.short	2113
 16003 3c8a 2000     		.short	32
 16004 3c8c 4529     		.short	10565
 16005 3c8e FFFF     		.short	-1
 16006 3c90 EF7B     		.short	31727
 16007 3c92 0000     		.short	0
 16008 3c94 0000     		.short	0
 16009 3c96 0000     		.short	0
 16010 3c98 C318     		.short	6339
 16011 3c9a CB5A     		.short	23243
 16012 3c9c D39C     		.short	-25389
 16013 3c9e AE73     		.short	29614
 16014 3ca0 2C63     		.short	25388
 16015 3ca2 0842     		.short	16904
 16016 3ca4 2421     		.short	8484
 16017 3ca6 4D6B     		.short	27469
 16018 3ca8 3CE7     		.short	-6340
 16019 3caa FFFF     		.short	-1
 16020 3cac FFFF     		.short	-1
 16021 3cae FFFF     		.short	-1
 16022 3cb0 FFFF     		.short	-1
 16023 3cb2 5DEF     		.short	-4259
 16024 3cb4 9EF7     		.short	-2146
 16025 3cb6 D7BD     		.short	-16937
 16026 3cb8 C318     		.short	6339
 16027 3cba 0000     		.short	0
 16028 3cbc 4108     		.short	2113
 16029 3cbe 4108     		.short	2113
 16030 3cc0 4108     		.short	2113
 16031 3cc2 6108     		.short	2145
 16032 3cc4 0000     		.short	0
 16033 3cc6 9294     		.short	-27502
ARM GAS  /tmp/cczpKMPG.s 			page 326


 16034 3cc8 FFFF     		.short	-1
 16035 3cca 4529     		.short	10565
 16036 3ccc 0000     		.short	0
 16037 3cce 4108     		.short	2113
 16038 3cd0 4108     		.short	2113
 16039 3cd2 4108     		.short	2113
 16040 3cd4 4108     		.short	2113
 16041 3cd6 4108     		.short	2113
 16042 3cd8 4108     		.short	2113
 16043 3cda 4108     		.short	2113
 16044 3cdc 4108     		.short	2113
 16045 3cde 4108     		.short	2113
 16046 3ce0 4108     		.short	2113
 16047 3ce2 4108     		.short	2113
 16048 3ce4 4108     		.short	2113
 16049 3ce6 4108     		.short	2113
 16050 3ce8 4108     		.short	2113
 16051 3cea 4108     		.short	2113
 16052 3cec 4108     		.short	2113
 16053 3cee 4108     		.short	2113
 16054 3cf0 4108     		.short	2113
 16055 3cf2 4108     		.short	2113
 16056 3cf4 4108     		.short	2113
 16057 3cf6 4108     		.short	2113
 16058 3cf8 4108     		.short	2113
 16059 3cfa 4108     		.short	2113
 16060 3cfc 4108     		.short	2113
 16061 3cfe 4108     		.short	2113
 16062 3d00 4108     		.short	2113
 16063 3d02 4108     		.short	2113
 16064 3d04 4108     		.short	2113
 16065 3d06 4108     		.short	2113
 16066 3d08 0000     		.short	0
 16067 3d0a 0000     		.short	0
 16068 3d0c AA52     		.short	21162
 16069 3d0e 5DEF     		.short	-4259
 16070 3d10 FFFF     		.short	-1
 16071 3d12 FFFF     		.short	-1
 16072 3d14 9EF7     		.short	-2146
 16073 3d16 79CE     		.short	-12679
 16074 3d18 55AD     		.short	-21163
 16075 3d1a 1084     		.short	-31728
 16076 3d1c 2C63     		.short	25388
 16077 3d1e CB5A     		.short	23243
 16078 3d20 EF7B     		.short	31727
 16079 3d22 1CE7     		.short	-6372
 16080 3d24 FFFF     		.short	-1
 16081 3d26 A631     		.short	12710
 16082 3d28 0000     		.short	0
 16083 3d2a 4108     		.short	2113
 16084 3d2c 4108     		.short	2113
 16085 3d2e 6108     		.short	2145
 16086 3d30 0000     		.short	0
 16087 3d32 6108     		.short	2145
 16088 3d34 6D6B     		.short	27501
 16089 3d36 59CE     		.short	-12711
 16090 3d38 7DEF     		.short	-4227
ARM GAS  /tmp/cczpKMPG.s 			page 327


 16091 3d3a 7DEF     		.short	-4227
 16092 3d3c 7DEF     		.short	-4227
 16093 3d3e 7DEF     		.short	-4227
 16094 3d40 9EF7     		.short	-2146
 16095 3d42 FFFF     		.short	-1
 16096 3d44 5DEF     		.short	-4259
 16097 3d46 718C     		.short	-29583
 16098 3d48 3CE7     		.short	-6340
 16099 3d4a DFFF     		.short	-33
 16100 3d4c 0C63     		.short	25356
 16101 3d4e 0000     		.short	0
 16102 3d50 0000     		.short	0
 16103 3d52 2000     		.short	32
 16104 3d54 4108     		.short	2113
 16105 3d56 4108     		.short	2113
 16106 3d58 2000     		.short	32
 16107 3d5a 0000     		.short	0
 16108 3d5c 6D6B     		.short	27501
 16109 3d5e FFFF     		.short	-1
 16110 3d60 0C63     		.short	25356
 16111 3d62 C739     		.short	14791
 16112 3d64 8E73     		.short	29582
 16113 3d66 55AD     		.short	-21163
 16114 3d68 3CE7     		.short	-6340
 16115 3d6a 3CE7     		.short	-6340
 16116 3d6c 8A52     		.short	21130
 16117 3d6e 6529     		.short	10597
 16118 3d70 EB5A     		.short	23275
 16119 3d72 14A5     		.short	-23276
 16120 3d74 7DEF     		.short	-4227
 16121 3d76 FFFF     		.short	-1
 16122 3d78 FFFF     		.short	-1
 16123 3d7a FFFF     		.short	-1
 16124 3d7c FFFF     		.short	-1
 16125 3d7e 9EF7     		.short	-2146
 16126 3d80 7DEF     		.short	-4227
 16127 3d82 7DEF     		.short	-4227
 16128 3d84 B294     		.short	-27470
 16129 3d86 6108     		.short	2145
 16130 3d88 0000     		.short	0
 16131 3d8a 4108     		.short	2113
 16132 3d8c 4108     		.short	2113
 16133 3d8e 4108     		.short	2113
 16134 3d90 4108     		.short	2113
 16135 3d92 4108     		.short	2113
 16136 3d94 0000     		.short	0
 16137 3d96 494A     		.short	19017
 16138 3d98 FFFF     		.short	-1
 16139 3d9a 8E73     		.short	29582
 16140 3d9c 0000     		.short	0
 16141 3d9e 6108     		.short	2145
 16142 3da0 4108     		.short	2113
 16143 3da2 4108     		.short	2113
 16144 3da4 4108     		.short	2113
 16145 3da6 4108     		.short	2113
 16146 3da8 4108     		.short	2113
 16147 3daa 4108     		.short	2113
ARM GAS  /tmp/cczpKMPG.s 			page 328


 16148 3dac 4108     		.short	2113
 16149 3dae 4108     		.short	2113
 16150 3db0 4108     		.short	2113
 16151 3db2 4108     		.short	2113
 16152 3db4 4108     		.short	2113
 16153 3db6 4108     		.short	2113
 16154 3db8 4108     		.short	2113
 16155 3dba 4108     		.short	2113
 16156 3dbc 4108     		.short	2113
 16157 3dbe 4108     		.short	2113
 16158 3dc0 4108     		.short	2113
 16159 3dc2 4108     		.short	2113
 16160 3dc4 4108     		.short	2113
 16161 3dc6 4108     		.short	2113
 16162 3dc8 4108     		.short	2113
 16163 3dca 4108     		.short	2113
 16164 3dcc 4108     		.short	2113
 16165 3dce 4108     		.short	2113
 16166 3dd0 4108     		.short	2113
 16167 3dd2 4108     		.short	2113
 16168 3dd4 4108     		.short	2113
 16169 3dd6 0000     		.short	0
 16170 3dd8 6529     		.short	10597
 16171 3dda 96B5     		.short	-19050
 16172 3ddc FFFF     		.short	-1
 16173 3dde 79CE     		.short	-12679
 16174 3de0 518C     		.short	-29615
 16175 3de2 694A     		.short	19049
 16176 3de4 0421     		.short	8452
 16177 3de6 2000     		.short	32
 16178 3de8 0000     		.short	0
 16179 3dea 0000     		.short	0
 16180 3dec 0000     		.short	0
 16181 3dee 0000     		.short	0
 16182 3df0 0000     		.short	0
 16183 3df2 A631     		.short	12710
 16184 3df4 FFFF     		.short	-1
 16185 3df6 CF7B     		.short	31695
 16186 3df8 0000     		.short	0
 16187 3dfa 6108     		.short	2145
 16188 3dfc 4108     		.short	2113
 16189 3dfe 4108     		.short	2113
 16190 3e00 4108     		.short	2113
 16191 3e02 2000     		.short	32
 16192 3e04 0000     		.short	0
 16193 3e06 0000     		.short	0
 16194 3e08 2421     		.short	8484
 16195 3e0a C739     		.short	14791
 16196 3e0c 8E73     		.short	29582
 16197 3e0e 9AD6     		.short	-10598
 16198 3e10 9EF7     		.short	-2146
 16199 3e12 7DEF     		.short	-4227
 16200 3e14 BEF7     		.short	-2114
 16201 3e16 FFFF     		.short	-1
 16202 3e18 9EF7     		.short	-2146
 16203 3e1a DFFF     		.short	-33
 16204 3e1c FFFF     		.short	-1
ARM GAS  /tmp/cczpKMPG.s 			page 329


 16205 3e1e 75AD     		.short	-21131
 16206 3e20 0842     		.short	16904
 16207 3e22 8210     		.short	4226
 16208 3e24 0000     		.short	0
 16209 3e26 2000     		.short	32
 16210 3e28 C318     		.short	6339
 16211 3e2a AA52     		.short	21162
 16212 3e2c 1CE7     		.short	-6372
 16213 3e2e FFFF     		.short	-1
 16214 3e30 7DEF     		.short	-4227
 16215 3e32 FFFF     		.short	-1
 16216 3e34 FFFF     		.short	-1
 16217 3e36 FFFF     		.short	-1
 16218 3e38 FFFF     		.short	-1
 16219 3e3a FFFF     		.short	-1
 16220 3e3c FFFF     		.short	-1
 16221 3e3e FFFF     		.short	-1
 16222 3e40 FFFF     		.short	-1
 16223 3e42 FFFF     		.short	-1
 16224 3e44 FFFF     		.short	-1
 16225 3e46 DFFF     		.short	-33
 16226 3e48 BEF7     		.short	-2114
 16227 3e4a 9EF7     		.short	-2146
 16228 3e4c 7DEF     		.short	-4227
 16229 3e4e 9EF7     		.short	-2146
 16230 3e50 59CE     		.short	-12711
 16231 3e52 AA52     		.short	21162
 16232 3e54 0000     		.short	0
 16233 3e56 4108     		.short	2113
 16234 3e58 6108     		.short	2145
 16235 3e5a 4108     		.short	2113
 16236 3e5c 4108     		.short	2113
 16237 3e5e 4108     		.short	2113
 16238 3e60 6108     		.short	2145
 16239 3e62 4108     		.short	2113
 16240 3e64 2000     		.short	32
 16241 3e66 6108     		.short	2145
 16242 3e68 5DEF     		.short	-4259
 16243 3e6a DBDE     		.short	-8485
 16244 3e6c 2000     		.short	32
 16245 3e6e 4108     		.short	2113
 16246 3e70 4108     		.short	2113
 16247 3e72 4108     		.short	2113
 16248 3e74 4108     		.short	2113
 16249 3e76 4108     		.short	2113
 16250 3e78 4108     		.short	2113
 16251 3e7a 4108     		.short	2113
 16252 3e7c 4108     		.short	2113
 16253 3e7e 4108     		.short	2113
 16254 3e80 4108     		.short	2113
 16255 3e82 4108     		.short	2113
 16256 3e84 4108     		.short	2113
 16257 3e86 4108     		.short	2113
 16258 3e88 4108     		.short	2113
 16259 3e8a 4108     		.short	2113
 16260 3e8c 4108     		.short	2113
 16261 3e8e 4108     		.short	2113
ARM GAS  /tmp/cczpKMPG.s 			page 330


 16262 3e90 4108     		.short	2113
 16263 3e92 4108     		.short	2113
 16264 3e94 4108     		.short	2113
 16265 3e96 4108     		.short	2113
 16266 3e98 4108     		.short	2113
 16267 3e9a 4108     		.short	2113
 16268 3e9c 4108     		.short	2113
 16269 3e9e 4108     		.short	2113
 16270 3ea0 4108     		.short	2113
 16271 3ea2 4108     		.short	2113
 16272 3ea4 2000     		.short	32
 16273 3ea6 C739     		.short	14791
 16274 3ea8 718C     		.short	-29583
 16275 3eaa 4D6B     		.short	27469
 16276 3eac 0421     		.short	8452
 16277 3eae 0000     		.short	0
 16278 3eb0 0000     		.short	0
 16279 3eb2 0000     		.short	0
 16280 3eb4 0000     		.short	0
 16281 3eb6 4108     		.short	2113
 16282 3eb8 4108     		.short	2113
 16283 3eba 6108     		.short	2145
 16284 3ebc 6108     		.short	2145
 16285 3ebe 6108     		.short	2145
 16286 3ec0 2000     		.short	32
 16287 3ec2 E739     		.short	14823
 16288 3ec4 FFFF     		.short	-1
 16289 3ec6 6D6B     		.short	27501
 16290 3ec8 0000     		.short	0
 16291 3eca 6108     		.short	2145
 16292 3ecc 4108     		.short	2113
 16293 3ece 4108     		.short	2113
 16294 3ed0 4108     		.short	2113
 16295 3ed2 4108     		.short	2113
 16296 3ed4 6108     		.short	2145
 16297 3ed6 4108     		.short	2113
 16298 3ed8 0000     		.short	0
 16299 3eda 0000     		.short	0
 16300 3edc 0000     		.short	0
 16301 3ede C318     		.short	6339
 16302 3ee0 6D6B     		.short	27501
 16303 3ee2 D7BD     		.short	-16937
 16304 3ee4 FBDE     		.short	-8453
 16305 3ee6 7DEF     		.short	-4227
 16306 3ee8 9EF7     		.short	-2146
 16307 3eea 9EF7     		.short	-2146
 16308 3eec FFFF     		.short	-1
 16309 3eee FFFF     		.short	-1
 16310 3ef0 FFFF     		.short	-1
 16311 3ef2 DFFF     		.short	-33
 16312 3ef4 FBDE     		.short	-8453
 16313 3ef6 1CE7     		.short	-6372
 16314 3ef8 FFFF     		.short	-1
 16315 3efa FFFF     		.short	-1
 16316 3efc FFFF     		.short	-1
 16317 3efe BEF7     		.short	-2114
 16318 3f00 59CE     		.short	-12711
ARM GAS  /tmp/cczpKMPG.s 			page 331


 16319 3f02 518C     		.short	-29615
 16320 3f04 38C6     		.short	-14792
 16321 3f06 9EF7     		.short	-2146
 16322 3f08 7DEF     		.short	-4227
 16323 3f0a 9EF7     		.short	-2146
 16324 3f0c 9EF7     		.short	-2146
 16325 3f0e 9EF7     		.short	-2146
 16326 3f10 9EF7     		.short	-2146
 16327 3f12 7DEF     		.short	-4227
 16328 3f14 9EF7     		.short	-2146
 16329 3f16 9EF7     		.short	-2146
 16330 3f18 9EF7     		.short	-2146
 16331 3f1a 7DEF     		.short	-4227
 16332 3f1c 59CE     		.short	-12711
 16333 3f1e 8E73     		.short	29582
 16334 3f20 8210     		.short	4226
 16335 3f22 0000     		.short	0
 16336 3f24 2000     		.short	32
 16337 3f26 0000     		.short	0
 16338 3f28 0000     		.short	0
 16339 3f2a 0000     		.short	0
 16340 3f2c 0000     		.short	0
 16341 3f2e 0000     		.short	0
 16342 3f30 0000     		.short	0
 16343 3f32 0000     		.short	0
 16344 3f34 6108     		.short	2145
 16345 3f36 0000     		.short	0
 16346 3f38 3084     		.short	-31696
 16347 3f3a FFFF     		.short	-1
 16348 3f3c 494A     		.short	19017
 16349 3f3e 0000     		.short	0
 16350 3f40 4108     		.short	2113
 16351 3f42 4108     		.short	2113
 16352 3f44 4108     		.short	2113
 16353 3f46 4108     		.short	2113
 16354 3f48 4108     		.short	2113
 16355 3f4a 4108     		.short	2113
 16356 3f4c 4108     		.short	2113
 16357 3f4e 4108     		.short	2113
 16358 3f50 4108     		.short	2113
 16359 3f52 4108     		.short	2113
 16360 3f54 4108     		.short	2113
 16361 3f56 4108     		.short	2113
 16362 3f58 4108     		.short	2113
 16363 3f5a 4108     		.short	2113
 16364 3f5c 4108     		.short	2113
 16365 3f5e 4108     		.short	2113
 16366 3f60 4108     		.short	2113
 16367 3f62 4108     		.short	2113
 16368 3f64 4108     		.short	2113
 16369 3f66 4108     		.short	2113
 16370 3f68 4108     		.short	2113
 16371 3f6a 4108     		.short	2113
 16372 3f6c 4108     		.short	2113
 16373 3f6e 4108     		.short	2113
 16374 3f70 4108     		.short	2113
 16375 3f72 4108     		.short	2113
ARM GAS  /tmp/cczpKMPG.s 			page 332


 16376 3f74 4108     		.short	2113
 16377 3f76 8210     		.short	4226
 16378 3f78 0000     		.short	0
 16379 3f7a 0000     		.short	0
 16380 3f7c 0000     		.short	0
 16381 3f7e 4108     		.short	2113
 16382 3f80 6108     		.short	2145
 16383 3f82 4108     		.short	2113
 16384 3f84 4108     		.short	2113
 16385 3f86 4108     		.short	2113
 16386 3f88 4108     		.short	2113
 16387 3f8a 4108     		.short	2113
 16388 3f8c 4108     		.short	2113
 16389 3f8e 6108     		.short	2145
 16390 3f90 0000     		.short	0
 16391 3f92 518C     		.short	-29615
 16392 3f94 FFFF     		.short	-1
 16393 3f96 A631     		.short	12710
 16394 3f98 0000     		.short	0
 16395 3f9a 4108     		.short	2113
 16396 3f9c 4108     		.short	2113
 16397 3f9e 4108     		.short	2113
 16398 3fa0 6108     		.short	2145
 16399 3fa2 4108     		.short	2113
 16400 3fa4 4108     		.short	2113
 16401 3fa6 4108     		.short	2113
 16402 3fa8 4108     		.short	2113
 16403 3faa 4108     		.short	2113
 16404 3fac 4108     		.short	2113
 16405 3fae 2000     		.short	32
 16406 3fb0 0000     		.short	0
 16407 3fb2 2000     		.short	32
 16408 3fb4 4529     		.short	10565
 16409 3fb6 AA52     		.short	21162
 16410 3fb8 AE73     		.short	29614
 16411 3fba 3084     		.short	-31696
 16412 3fbc 1084     		.short	-31728
 16413 3fbe 2C63     		.short	25388
 16414 3fc0 8E73     		.short	29582
 16415 3fc2 75AD     		.short	-21131
 16416 3fc4 59CE     		.short	-12711
 16417 3fc6 38C6     		.short	-14792
 16418 3fc8 14A5     		.short	-23276
 16419 3fca 4D6B     		.short	27469
 16420 3fcc AA52     		.short	21162
 16421 3fce A631     		.short	12710
 16422 3fd0 8210     		.short	4226
 16423 3fd2 0000     		.short	0
 16424 3fd4 E318     		.short	6371
 16425 3fd6 CF7B     		.short	31695
 16426 3fd8 D7BD     		.short	-16937
 16427 3fda BAD6     		.short	-10566
 16428 3fdc 3CE7     		.short	-6340
 16429 3fde 5DEF     		.short	-4259
 16430 3fe0 5DEF     		.short	-4259
 16431 3fe2 3CE7     		.short	-6340
 16432 3fe4 DBDE     		.short	-8485
ARM GAS  /tmp/cczpKMPG.s 			page 333


 16433 3fe6 F7BD     		.short	-16905
 16434 3fe8 9294     		.short	-27502
 16435 3fea 694A     		.short	19049
 16436 3fec 6108     		.short	2145
 16437 3fee 0000     		.short	0
 16438 3ff0 4108     		.short	2113
 16439 3ff2 0000     		.short	0
 16440 3ff4 A210     		.short	4258
 16441 3ff6 AE73     		.short	29614
 16442 3ff8 18C6     		.short	-14824
 16443 3ffa 1CE7     		.short	-6372
 16444 3ffc DBDE     		.short	-8485
 16445 3ffe B6B5     		.short	-19018
 16446 4000 CF7B     		.short	31695
 16447 4002 8631     		.short	12678
 16448 4004 0000     		.short	0
 16449 4006 0000     		.short	0
 16450 4008 E318     		.short	6371
 16451 400a DFFF     		.short	-33
 16452 400c 59CE     		.short	-12711
 16453 400e 0000     		.short	0
 16454 4010 4108     		.short	2113
 16455 4012 4108     		.short	2113
 16456 4014 4108     		.short	2113
 16457 4016 4108     		.short	2113
 16458 4018 4108     		.short	2113
 16459 401a 4108     		.short	2113
 16460 401c 4108     		.short	2113
 16461 401e 4108     		.short	2113
 16462 4020 4108     		.short	2113
 16463 4022 4108     		.short	2113
 16464 4024 4108     		.short	2113
 16465 4026 4108     		.short	2113
 16466 4028 4108     		.short	2113
 16467 402a 4108     		.short	2113
 16468 402c 4108     		.short	2113
 16469 402e 4108     		.short	2113
 16470 4030 4108     		.short	2113
 16471 4032 4108     		.short	2113
 16472 4034 4108     		.short	2113
 16473 4036 4108     		.short	2113
 16474 4038 4108     		.short	2113
 16475 403a 4108     		.short	2113
 16476 403c 4108     		.short	2113
 16477 403e 4108     		.short	2113
 16478 4040 4108     		.short	2113
 16479 4042 4108     		.short	2113
 16480 4044 4108     		.short	2113
 16481 4046 2000     		.short	32
 16482 4048 4108     		.short	2113
 16483 404a 6108     		.short	2145
 16484 404c 4108     		.short	2113
 16485 404e 4108     		.short	2113
 16486 4050 4108     		.short	2113
 16487 4052 4108     		.short	2113
 16488 4054 4108     		.short	2113
 16489 4056 4108     		.short	2113
ARM GAS  /tmp/cczpKMPG.s 			page 334


 16490 4058 4108     		.short	2113
 16491 405a 4108     		.short	2113
 16492 405c 4108     		.short	2113
 16493 405e 2000     		.short	32
 16494 4060 6108     		.short	2145
 16495 4062 5DEF     		.short	-4259
 16496 4064 DBDE     		.short	-8485
 16497 4066 2000     		.short	32
 16498 4068 4108     		.short	2113
 16499 406a 4108     		.short	2113
 16500 406c 0000     		.short	0
 16501 406e 0000     		.short	0
 16502 4070 0000     		.short	0
 16503 4072 0000     		.short	0
 16504 4074 2000     		.short	32
 16505 4076 4108     		.short	2113
 16506 4078 4108     		.short	2113
 16507 407a 4108     		.short	2113
 16508 407c 4108     		.short	2113
 16509 407e 4108     		.short	2113
 16510 4080 4108     		.short	2113
 16511 4082 4108     		.short	2113
 16512 4084 0000     		.short	0
 16513 4086 0000     		.short	0
 16514 4088 0000     		.short	0
 16515 408a 0000     		.short	0
 16516 408c 0000     		.short	0
 16517 408e 0000     		.short	0
 16518 4090 0000     		.short	0
 16519 4092 0000     		.short	0
 16520 4094 0000     		.short	0
 16521 4096 0000     		.short	0
 16522 4098 0000     		.short	0
 16523 409a 0000     		.short	0
 16524 409c 0000     		.short	0
 16525 409e 0000     		.short	0
 16526 40a0 2000     		.short	32
 16527 40a2 4108     		.short	2113
 16528 40a4 0000     		.short	0
 16529 40a6 0000     		.short	0
 16530 40a8 2000     		.short	32
 16531 40aa E318     		.short	6371
 16532 40ac 8631     		.short	12678
 16533 40ae E739     		.short	14823
 16534 40b0 E739     		.short	14823
 16535 40b2 A631     		.short	12710
 16536 40b4 0421     		.short	8452
 16537 40b6 4108     		.short	2113
 16538 40b8 0000     		.short	0
 16539 40ba 0000     		.short	0
 16540 40bc 2000     		.short	32
 16541 40be 6108     		.short	2145
 16542 40c0 0000     		.short	0
 16543 40c2 E739     		.short	14823
 16544 40c4 1CE7     		.short	-6372
 16545 40c6 FFFF     		.short	-1
 16546 40c8 7DEF     		.short	-4227
ARM GAS  /tmp/cczpKMPG.s 			page 335


 16547 40ca 38C6     		.short	-14792
 16548 40cc 79CE     		.short	-12679
 16549 40ce BEF7     		.short	-2114
 16550 40d0 FFFF     		.short	-1
 16551 40d2 FFFF     		.short	-1
 16552 40d4 38C6     		.short	-14792
 16553 40d6 CB5A     		.short	23243
 16554 40d8 0000     		.short	0
 16555 40da EF7B     		.short	31727
 16556 40dc FFFF     		.short	-1
 16557 40de AA52     		.short	21162
 16558 40e0 0000     		.short	0
 16559 40e2 6108     		.short	2145
 16560 40e4 4108     		.short	2113
 16561 40e6 4108     		.short	2113
 16562 40e8 4108     		.short	2113
 16563 40ea 4108     		.short	2113
 16564 40ec 4108     		.short	2113
 16565 40ee 4108     		.short	2113
 16566 40f0 4108     		.short	2113
 16567 40f2 4108     		.short	2113
 16568 40f4 4108     		.short	2113
 16569 40f6 4108     		.short	2113
 16570 40f8 4108     		.short	2113
 16571 40fa 4108     		.short	2113
 16572 40fc 4108     		.short	2113
 16573 40fe 4108     		.short	2113
 16574 4100 4108     		.short	2113
 16575 4102 4108     		.short	2113
 16576 4104 4108     		.short	2113
 16577 4106 4108     		.short	2113
 16578 4108 4108     		.short	2113
 16579 410a 4108     		.short	2113
 16580 410c 4108     		.short	2113
 16581 410e 4108     		.short	2113
 16582 4110 4108     		.short	2113
 16583 4112 4108     		.short	2113
 16584 4114 4108     		.short	2113
 16585 4116 4108     		.short	2113
 16586 4118 4108     		.short	2113
 16587 411a 4108     		.short	2113
 16588 411c 4108     		.short	2113
 16589 411e 4108     		.short	2113
 16590 4120 4108     		.short	2113
 16591 4122 4108     		.short	2113
 16592 4124 4108     		.short	2113
 16593 4126 4108     		.short	2113
 16594 4128 4108     		.short	2113
 16595 412a 4108     		.short	2113
 16596 412c 6108     		.short	2145
 16597 412e 0000     		.short	0
 16598 4130 CF7B     		.short	31695
 16599 4132 FFFF     		.short	-1
 16600 4134 0C63     		.short	25356
 16601 4136 0000     		.short	0
 16602 4138 0000     		.short	0
 16603 413a 0000     		.short	0
ARM GAS  /tmp/cczpKMPG.s 			page 336


 16604 413c 0421     		.short	8452
 16605 413e AA52     		.short	21162
 16606 4140 6D6B     		.short	27501
 16607 4142 CB5A     		.short	23243
 16608 4144 A210     		.short	4258
 16609 4146 0000     		.short	0
 16610 4148 4108     		.short	2113
 16611 414a 4108     		.short	2113
 16612 414c 4108     		.short	2113
 16613 414e 4108     		.short	2113
 16614 4150 4108     		.short	2113
 16615 4152 4108     		.short	2113
 16616 4154 4108     		.short	2113
 16617 4156 4108     		.short	2113
 16618 4158 6108     		.short	2145
 16619 415a 4108     		.short	2113
 16620 415c 6108     		.short	2145
 16621 415e 6108     		.short	2145
 16622 4160 6108     		.short	2145
 16623 4162 6108     		.short	2145
 16624 4164 6108     		.short	2145
 16625 4166 4108     		.short	2113
 16626 4168 4108     		.short	2113
 16627 416a 6108     		.short	2145
 16628 416c 6108     		.short	2145
 16629 416e 4108     		.short	2113
 16630 4170 4108     		.short	2113
 16631 4172 4108     		.short	2113
 16632 4174 4108     		.short	2113
 16633 4176 4108     		.short	2113
 16634 4178 4108     		.short	2113
 16635 417a 2000     		.short	32
 16636 417c 0000     		.short	0
 16637 417e 0000     		.short	0
 16638 4180 0000     		.short	0
 16639 4182 0000     		.short	0
 16640 4184 0000     		.short	0
 16641 4186 4108     		.short	2113
 16642 4188 4108     		.short	2113
 16643 418a 4108     		.short	2113
 16644 418c 4108     		.short	2113
 16645 418e 2000     		.short	32
 16646 4190 2421     		.short	8484
 16647 4192 7DEF     		.short	-4227
 16648 4194 BEF7     		.short	-2114
 16649 4196 CB5A     		.short	23243
 16650 4198 4108     		.short	2113
 16651 419a 0000     		.short	0
 16652 419c 0000     		.short	0
 16653 419e 8210     		.short	4226
 16654 41a0 E739     		.short	14823
 16655 41a2 B294     		.short	-27470
 16656 41a4 BEF7     		.short	-2114
 16657 41a6 FFFF     		.short	-1
 16658 41a8 59CE     		.short	-12711
 16659 41aa 8A52     		.short	21130
 16660 41ac FBDE     		.short	-8453
ARM GAS  /tmp/cczpKMPG.s 			page 337


 16661 41ae 1CE7     		.short	-6372
 16662 41b0 6108     		.short	2145
 16663 41b2 2000     		.short	32
 16664 41b4 4108     		.short	2113
 16665 41b6 4108     		.short	2113
 16666 41b8 4108     		.short	2113
 16667 41ba 4108     		.short	2113
 16668 41bc 4108     		.short	2113
 16669 41be 4108     		.short	2113
 16670 41c0 4108     		.short	2113
 16671 41c2 4108     		.short	2113
 16672 41c4 4108     		.short	2113
 16673 41c6 4108     		.short	2113
 16674 41c8 4108     		.short	2113
 16675 41ca 4108     		.short	2113
 16676 41cc 4108     		.short	2113
 16677 41ce 4108     		.short	2113
 16678 41d0 4108     		.short	2113
 16679 41d2 4108     		.short	2113
 16680 41d4 4108     		.short	2113
 16681 41d6 4108     		.short	2113
 16682 41d8 4108     		.short	2113
 16683 41da 4108     		.short	2113
 16684 41dc 4108     		.short	2113
 16685 41de 4108     		.short	2113
 16686 41e0 4108     		.short	2113
 16687 41e2 4108     		.short	2113
 16688 41e4 4108     		.short	2113
 16689 41e6 4108     		.short	2113
 16690 41e8 4108     		.short	2113
 16691 41ea 4108     		.short	2113
 16692 41ec 4108     		.short	2113
 16693 41ee 4108     		.short	2113
 16694 41f0 4108     		.short	2113
 16695 41f2 4108     		.short	2113
 16696 41f4 4108     		.short	2113
 16697 41f6 4108     		.short	2113
 16698 41f8 4108     		.short	2113
 16699 41fa 4108     		.short	2113
 16700 41fc 2000     		.short	32
 16701 41fe E318     		.short	6371
 16702 4200 BEF7     		.short	-2114
 16703 4202 BAD6     		.short	-10566
 16704 4204 0000     		.short	0
 16705 4206 2000     		.short	32
 16706 4208 8A52     		.short	21130
 16707 420a F7BD     		.short	-16905
 16708 420c FFFF     		.short	-1
 16709 420e FFFF     		.short	-1
 16710 4210 FFFF     		.short	-1
 16711 4212 FFFF     		.short	-1
 16712 4214 3CE7     		.short	-6340
 16713 4216 0842     		.short	16904
 16714 4218 0000     		.short	0
 16715 421a 4108     		.short	2113
 16716 421c 4108     		.short	2113
 16717 421e 4108     		.short	2113
ARM GAS  /tmp/cczpKMPG.s 			page 338


 16718 4220 4108     		.short	2113
 16719 4222 4108     		.short	2113
 16720 4224 4108     		.short	2113
 16721 4226 4108     		.short	2113
 16722 4228 4108     		.short	2113
 16723 422a 4108     		.short	2113
 16724 422c 4108     		.short	2113
 16725 422e 4108     		.short	2113
 16726 4230 4108     		.short	2113
 16727 4232 0000     		.short	0
 16728 4234 0000     		.short	0
 16729 4236 6108     		.short	2145
 16730 4238 8210     		.short	4226
 16731 423a 0000     		.short	0
 16732 423c 0000     		.short	0
 16733 423e 4108     		.short	2113
 16734 4240 4108     		.short	2113
 16735 4242 4108     		.short	2113
 16736 4244 4108     		.short	2113
 16737 4246 4108     		.short	2113
 16738 4248 4108     		.short	2113
 16739 424a 0000     		.short	0
 16740 424c 0000     		.short	0
 16741 424e 0000     		.short	0
 16742 4250 2000     		.short	32
 16743 4252 6108     		.short	2145
 16744 4254 4108     		.short	2113
 16745 4256 4108     		.short	2113
 16746 4258 4108     		.short	2113
 16747 425a 4108     		.short	2113
 16748 425c 4108     		.short	2113
 16749 425e 0000     		.short	0
 16750 4260 D7BD     		.short	-16937
 16751 4262 FFFF     		.short	-1
 16752 4264 2842     		.short	16936
 16753 4266 0000     		.short	0
 16754 4268 4108     		.short	2113
 16755 426a 4108     		.short	2113
 16756 426c 4108     		.short	2113
 16757 426e 2000     		.short	32
 16758 4270 0000     		.short	0
 16759 4272 0000     		.short	0
 16760 4274 C318     		.short	6339
 16761 4276 1084     		.short	-31728
 16762 4278 DFFF     		.short	-33
 16763 427a FFFF     		.short	-1
 16764 427c 3CE7     		.short	-6340
 16765 427e FFFF     		.short	-1
 16766 4280 718C     		.short	-29583
 16767 4282 0000     		.short	0
 16768 4284 6108     		.short	2145
 16769 4286 4108     		.short	2113
 16770 4288 4108     		.short	2113
 16771 428a 4108     		.short	2113
 16772 428c 4108     		.short	2113
 16773 428e 4108     		.short	2113
 16774 4290 4108     		.short	2113
ARM GAS  /tmp/cczpKMPG.s 			page 339


 16775 4292 4108     		.short	2113
 16776 4294 4108     		.short	2113
 16777 4296 4108     		.short	2113
 16778 4298 4108     		.short	2113
 16779 429a 4108     		.short	2113
 16780 429c 4108     		.short	2113
 16781 429e 4108     		.short	2113
 16782 42a0 4108     		.short	2113
 16783 42a2 4108     		.short	2113
 16784 42a4 4108     		.short	2113
 16785 42a6 4108     		.short	2113
 16786 42a8 4108     		.short	2113
 16787 42aa 4108     		.short	2113
 16788 42ac 4108     		.short	2113
 16789 42ae 4108     		.short	2113
 16790 42b0 4108     		.short	2113
 16791 42b2 4108     		.short	2113
 16792 42b4 4108     		.short	2113
 16793 42b6 4108     		.short	2113
 16794 42b8 4108     		.short	2113
 16795 42ba 4108     		.short	2113
 16796 42bc 4108     		.short	2113
 16797 42be 4108     		.short	2113
 16798 42c0 4108     		.short	2113
 16799 42c2 4108     		.short	2113
 16800 42c4 4108     		.short	2113
 16801 42c6 4108     		.short	2113
 16802 42c8 4108     		.short	2113
 16803 42ca 4108     		.short	2113
 16804 42cc 0000     		.short	0
 16805 42ce 96B5     		.short	-19050
 16806 42d0 DFFF     		.short	-33
 16807 42d2 A631     		.short	12710
 16808 42d4 2842     		.short	16936
 16809 42d6 9AD6     		.short	-10598
 16810 42d8 FFFF     		.short	-1
 16811 42da DFFF     		.short	-33
 16812 42dc 14A5     		.short	-23276
 16813 42de AA52     		.short	21162
 16814 42e0 E739     		.short	14823
 16815 42e2 EB5A     		.short	23275
 16816 42e4 9EF7     		.short	-2146
 16817 42e6 5DEF     		.short	-4259
 16818 42e8 A210     		.short	4258
 16819 42ea 2000     		.short	32
 16820 42ec 4108     		.short	2113
 16821 42ee 4108     		.short	2113
 16822 42f0 2000     		.short	32
 16823 42f2 0000     		.short	0
 16824 42f4 4108     		.short	2113
 16825 42f6 4108     		.short	2113
 16826 42f8 4108     		.short	2113
 16827 42fa 4108     		.short	2113
 16828 42fc 4108     		.short	2113
 16829 42fe 6108     		.short	2145
 16830 4300 0000     		.short	0
 16831 4302 0421     		.short	8452
ARM GAS  /tmp/cczpKMPG.s 			page 340


 16832 4304 F39C     		.short	-25357
 16833 4306 9EF7     		.short	-2146
 16834 4308 DFFF     		.short	-33
 16835 430a B6B5     		.short	-19018
 16836 430c 6529     		.short	10597
 16837 430e 0000     		.short	0
 16838 4310 4108     		.short	2113
 16839 4312 4108     		.short	2113
 16840 4314 4108     		.short	2113
 16841 4316 4108     		.short	2113
 16842 4318 0000     		.short	0
 16843 431a CB5A     		.short	23243
 16844 431c 96B5     		.short	-19050
 16845 431e 1084     		.short	-31728
 16846 4320 A210     		.short	4258
 16847 4322 0000     		.short	0
 16848 4324 4108     		.short	2113
 16849 4326 4108     		.short	2113
 16850 4328 4108     		.short	2113
 16851 432a 4108     		.short	2113
 16852 432c 0000     		.short	0
 16853 432e 8631     		.short	12678
 16854 4330 FFFF     		.short	-1
 16855 4332 14A5     		.short	-23276
 16856 4334 0000     		.short	0
 16857 4336 6108     		.short	2145
 16858 4338 4108     		.short	2113
 16859 433a 4108     		.short	2113
 16860 433c 4108     		.short	2113
 16861 433e 4108     		.short	2113
 16862 4340 4108     		.short	2113
 16863 4342 6108     		.short	2145
 16864 4344 2000     		.short	32
 16865 4346 0000     		.short	0
 16866 4348 E318     		.short	6371
 16867 434a 34A5     		.short	-23244
 16868 434c FFFF     		.short	-1
 16869 434e FFFF     		.short	-1
 16870 4350 DFFF     		.short	-33
 16871 4352 E739     		.short	14823
 16872 4354 0000     		.short	0
 16873 4356 4108     		.short	2113
 16874 4358 4108     		.short	2113
 16875 435a 4108     		.short	2113
 16876 435c 4108     		.short	2113
 16877 435e 4108     		.short	2113
 16878 4360 4108     		.short	2113
 16879 4362 4108     		.short	2113
 16880 4364 4108     		.short	2113
 16881 4366 4108     		.short	2113
 16882 4368 4108     		.short	2113
 16883 436a 4108     		.short	2113
 16884 436c 4108     		.short	2113
 16885 436e 4108     		.short	2113
 16886 4370 4108     		.short	2113
 16887 4372 4108     		.short	2113
 16888 4374 4108     		.short	2113
ARM GAS  /tmp/cczpKMPG.s 			page 341


 16889 4376 4108     		.short	2113
 16890 4378 4108     		.short	2113
 16891 437a 4108     		.short	2113
 16892 437c 4108     		.short	2113
 16893 437e 4108     		.short	2113
 16894 4380 4108     		.short	2113
 16895 4382 4108     		.short	2113
 16896 4384 4108     		.short	2113
 16897 4386 4108     		.short	2113
 16898 4388 4108     		.short	2113
 16899 438a 4108     		.short	2113
 16900 438c 4108     		.short	2113
 16901 438e 4108     		.short	2113
 16902 4390 4108     		.short	2113
 16903 4392 4108     		.short	2113
 16904 4394 4108     		.short	2113
 16905 4396 4108     		.short	2113
 16906 4398 6108     		.short	2145
 16907 439a 0000     		.short	0
 16908 439c EB5A     		.short	23275
 16909 439e FFFF     		.short	-1
 16910 43a0 D7BD     		.short	-16937
 16911 43a2 34A5     		.short	-23244
 16912 43a4 FFFF     		.short	-1
 16913 43a6 BEF7     		.short	-2114
 16914 43a8 CF7B     		.short	31695
 16915 43aa C318     		.short	6339
 16916 43ac 0000     		.short	0
 16917 43ae 0000     		.short	0
 16918 43b0 0000     		.short	0
 16919 43b2 0000     		.short	0
 16920 43b4 EB5A     		.short	23275
 16921 43b6 FFFF     		.short	-1
 16922 43b8 6D6B     		.short	27501
 16923 43ba 0000     		.short	0
 16924 43bc 6108     		.short	2145
 16925 43be 0000     		.short	0
 16926 43c0 8210     		.short	4226
 16927 43c2 2421     		.short	8484
 16928 43c4 2000     		.short	32
 16929 43c6 2000     		.short	32
 16930 43c8 4108     		.short	2113
 16931 43ca 2000     		.short	32
 16932 43cc 6108     		.short	2145
 16933 43ce 0000     		.short	0
 16934 43d0 0842     		.short	16904
 16935 43d2 7DEF     		.short	-4227
 16936 43d4 FFFF     		.short	-1
 16937 43d6 F7BD     		.short	-16905
 16938 43d8 55AD     		.short	-21163
 16939 43da FFFF     		.short	-1
 16940 43dc 7DEF     		.short	-4227
 16941 43de 6529     		.short	10597
 16942 43e0 0000     		.short	0
 16943 43e2 4108     		.short	2113
 16944 43e4 4108     		.short	2113
 16945 43e6 0000     		.short	0
ARM GAS  /tmp/cczpKMPG.s 			page 342


 16946 43e8 EB5A     		.short	23275
 16947 43ea FFFF     		.short	-1
 16948 43ec FFFF     		.short	-1
 16949 43ee FFFF     		.short	-1
 16950 43f0 BAD6     		.short	-10566
 16951 43f2 0421     		.short	8452
 16952 43f4 0000     		.short	0
 16953 43f6 4108     		.short	2113
 16954 43f8 4108     		.short	2113
 16955 43fa 6108     		.short	2145
 16956 43fc 0000     		.short	0
 16957 43fe 3084     		.short	-31696
 16958 4400 FFFF     		.short	-1
 16959 4402 A631     		.short	12710
 16960 4404 0000     		.short	0
 16961 4406 4108     		.short	2113
 16962 4408 4108     		.short	2113
 16963 440a 4108     		.short	2113
 16964 440c 4108     		.short	2113
 16965 440e 4108     		.short	2113
 16966 4410 4108     		.short	2113
 16967 4412 4108     		.short	2113
 16968 4414 4108     		.short	2113
 16969 4416 6108     		.short	2145
 16970 4418 0000     		.short	0
 16971 441a 0000     		.short	0
 16972 441c 8A52     		.short	21130
 16973 441e 1CE7     		.short	-6372
 16974 4420 FFFF     		.short	-1
 16975 4422 DBDE     		.short	-8485
 16976 4424 8210     		.short	4226
 16977 4426 2000     		.short	32
 16978 4428 4108     		.short	2113
 16979 442a 4108     		.short	2113
 16980 442c 4108     		.short	2113
 16981 442e 4108     		.short	2113
 16982 4430 4108     		.short	2113
 16983 4432 4108     		.short	2113
 16984 4434 4108     		.short	2113
 16985 4436 4108     		.short	2113
 16986 4438 4108     		.short	2113
 16987 443a 4108     		.short	2113
 16988 443c 4108     		.short	2113
 16989 443e 4108     		.short	2113
 16990 4440 4108     		.short	2113
 16991 4442 4108     		.short	2113
 16992 4444 4108     		.short	2113
 16993 4446 4108     		.short	2113
 16994 4448 4108     		.short	2113
 16995 444a 4108     		.short	2113
 16996 444c 4108     		.short	2113
 16997 444e 4108     		.short	2113
 16998 4450 4108     		.short	2113
 16999 4452 4108     		.short	2113
 17000 4454 4108     		.short	2113
 17001 4456 4108     		.short	2113
 17002 4458 4108     		.short	2113
ARM GAS  /tmp/cczpKMPG.s 			page 343


 17003 445a 4108     		.short	2113
 17004 445c 4108     		.short	2113
 17005 445e 4108     		.short	2113
 17006 4460 4108     		.short	2113
 17007 4462 4108     		.short	2113
 17008 4464 4108     		.short	2113
 17009 4466 4108     		.short	2113
 17010 4468 0000     		.short	0
 17011 446a 2421     		.short	8484
 17012 446c 9EF7     		.short	-2146
 17013 446e DFFF     		.short	-33
 17014 4470 FFFF     		.short	-1
 17015 4472 FFFF     		.short	-1
 17016 4474 D39C     		.short	-25389
 17017 4476 E318     		.short	6371
 17018 4478 0000     		.short	0
 17019 447a 0000     		.short	0
 17020 447c 6108     		.short	2145
 17021 447e 4108     		.short	2113
 17022 4480 6108     		.short	2145
 17023 4482 4108     		.short	2113
 17024 4484 6108     		.short	2145
 17025 4486 9EF7     		.short	-2146
 17026 4488 F7BD     		.short	-16905
 17027 448a 0000     		.short	0
 17028 448c 0000     		.short	0
 17029 448e 8E73     		.short	29582
 17030 4490 7DEF     		.short	-4227
 17031 4492 FFFF     		.short	-1
 17032 4494 B6B5     		.short	-19018
 17033 4496 6108     		.short	2145
 17034 4498 2000     		.short	32
 17035 449a 6108     		.short	2145
 17036 449c 0000     		.short	0
 17037 449e C739     		.short	14791
 17038 44a0 BEF7     		.short	-2114
 17039 44a2 7DEF     		.short	-4227
 17040 44a4 494A     		.short	19017
 17041 44a6 0000     		.short	0
 17042 44a8 0000     		.short	0
 17043 44aa 0842     		.short	16904
 17044 44ac FFFF     		.short	-1
 17045 44ae 79CE     		.short	-12679
 17046 44b0 2000     		.short	32
 17047 44b2 4108     		.short	2113
 17048 44b4 2000     		.short	32
 17049 44b6 8210     		.short	4226
 17050 44b8 5DEF     		.short	-4259
 17051 44ba 3CE7     		.short	-6340
 17052 44bc C318     		.short	6339
 17053 44be EB5A     		.short	23275
 17054 44c0 FFFF     		.short	-1
 17055 44c2 BAD6     		.short	-10566
 17056 44c4 A210     		.short	4258
 17057 44c6 2000     		.short	32
 17058 44c8 4108     		.short	2113
 17059 44ca 4108     		.short	2113
ARM GAS  /tmp/cczpKMPG.s 			page 344


 17060 44cc 0000     		.short	0
 17061 44ce 59CE     		.short	-12711
 17062 44d0 5DEF     		.short	-4259
 17063 44d2 4108     		.short	2113
 17064 44d4 2000     		.short	32
 17065 44d6 4108     		.short	2113
 17066 44d8 4108     		.short	2113
 17067 44da 4108     		.short	2113
 17068 44dc 4108     		.short	2113
 17069 44de 4108     		.short	2113
 17070 44e0 4108     		.short	2113
 17071 44e2 4108     		.short	2113
 17072 44e4 4108     		.short	2113
 17073 44e6 4108     		.short	2113
 17074 44e8 4108     		.short	2113
 17075 44ea 4108     		.short	2113
 17076 44ec 0000     		.short	0
 17077 44ee C318     		.short	6339
 17078 44f0 55AD     		.short	-21163
 17079 44f2 FFFF     		.short	-1
 17080 44f4 34A5     		.short	-23244
 17081 44f6 0000     		.short	0
 17082 44f8 4108     		.short	2113
 17083 44fa 4108     		.short	2113
 17084 44fc 4108     		.short	2113
 17085 44fe 4108     		.short	2113
 17086 4500 4108     		.short	2113
 17087 4502 4108     		.short	2113
 17088 4504 4108     		.short	2113
 17089 4506 4108     		.short	2113
 17090 4508 4108     		.short	2113
 17091 450a 4108     		.short	2113
 17092 450c 4108     		.short	2113
 17093 450e 4108     		.short	2113
 17094 4510 4108     		.short	2113
 17095 4512 4108     		.short	2113
 17096 4514 4108     		.short	2113
 17097 4516 4108     		.short	2113
 17098 4518 4108     		.short	2113
 17099 451a 4108     		.short	2113
 17100 451c 4108     		.short	2113
 17101 451e 4108     		.short	2113
 17102 4520 4108     		.short	2113
 17103 4522 4108     		.short	2113
 17104 4524 4108     		.short	2113
 17105 4526 4108     		.short	2113
 17106 4528 4108     		.short	2113
 17107 452a 4108     		.short	2113
 17108 452c 4108     		.short	2113
 17109 452e 4108     		.short	2113
 17110 4530 4108     		.short	2113
 17111 4532 4108     		.short	2113
 17112 4534 4108     		.short	2113
 17113 4536 4108     		.short	2113
 17114 4538 2000     		.short	32
 17115 453a 38C6     		.short	-14792
 17116 453c FFFF     		.short	-1
ARM GAS  /tmp/cczpKMPG.s 			page 345


 17117 453e FFFF     		.short	-1
 17118 4540 9AD6     		.short	-10598
 17119 4542 E739     		.short	14823
 17120 4544 0000     		.short	0
 17121 4546 0000     		.short	0
 17122 4548 6108     		.short	2145
 17123 454a 4108     		.short	2113
 17124 454c 4108     		.short	2113
 17125 454e 4108     		.short	2113
 17126 4550 4108     		.short	2113
 17127 4552 4108     		.short	2113
 17128 4554 0000     		.short	0
 17129 4556 59CE     		.short	-12711
 17130 4558 5DEF     		.short	-4259
 17131 455a 4108     		.short	2113
 17132 455c 34A5     		.short	-23244
 17133 455e FFFF     		.short	-1
 17134 4560 79CE     		.short	-12679
 17135 4562 14A5     		.short	-23276
 17136 4564 FFFF     		.short	-1
 17137 4566 8E73     		.short	29582
 17138 4568 0000     		.short	0
 17139 456a 4108     		.short	2113
 17140 456c C318     		.short	6339
 17141 456e 1CE7     		.short	-6372
 17142 4570 BEF7     		.short	-2114
 17143 4572 8631     		.short	12678
 17144 4574 0000     		.short	0
 17145 4576 6108     		.short	2145
 17146 4578 6108     		.short	2145
 17147 457a 0000     		.short	0
 17148 457c EF7B     		.short	31727
 17149 457e FFFF     		.short	-1
 17150 4580 EB5A     		.short	23275
 17151 4582 0000     		.short	0
 17152 4584 0000     		.short	0
 17153 4586 0C63     		.short	25356
 17154 4588 FFFF     		.short	-1
 17155 458a 2C63     		.short	25388
 17156 458c 0000     		.short	0
 17157 458e 0000     		.short	0
 17158 4590 0C63     		.short	25356
 17159 4592 FFFF     		.short	-1
 17160 4594 D7BD     		.short	-16937
 17161 4596 0000     		.short	0
 17162 4598 4108     		.short	2113
 17163 459a 2000     		.short	32
 17164 459c 6108     		.short	2145
 17165 459e BEF7     		.short	-2114
 17166 45a0 D7BD     		.short	-16937
 17167 45a2 0000     		.short	0
 17168 45a4 4108     		.short	2113
 17169 45a6 4108     		.short	2113
 17170 45a8 4108     		.short	2113
 17171 45aa 4108     		.short	2113
 17172 45ac 4108     		.short	2113
 17173 45ae 4108     		.short	2113
ARM GAS  /tmp/cczpKMPG.s 			page 346


 17174 45b0 4108     		.short	2113
 17175 45b2 4108     		.short	2113
 17176 45b4 4108     		.short	2113
 17177 45b6 4108     		.short	2113
 17178 45b8 4108     		.short	2113
 17179 45ba 4108     		.short	2113
 17180 45bc 6108     		.short	2145
 17181 45be 2000     		.short	32
 17182 45c0 0000     		.short	0
 17183 45c2 8E73     		.short	29582
 17184 45c4 FFFF     		.short	-1
 17185 45c6 6D6B     		.short	27501
 17186 45c8 0000     		.short	0
 17187 45ca 6108     		.short	2145
 17188 45cc 4108     		.short	2113
 17189 45ce 4108     		.short	2113
 17190 45d0 4108     		.short	2113
 17191 45d2 4108     		.short	2113
 17192 45d4 4108     		.short	2113
 17193 45d6 4108     		.short	2113
 17194 45d8 4108     		.short	2113
 17195 45da 4108     		.short	2113
 17196 45dc 4108     		.short	2113
 17197 45de 4108     		.short	2113
 17198 45e0 4108     		.short	2113
 17199 45e2 4108     		.short	2113
 17200 45e4 4108     		.short	2113
 17201 45e6 4108     		.short	2113
 17202 45e8 4108     		.short	2113
 17203 45ea 4108     		.short	2113
 17204 45ec 4108     		.short	2113
 17205 45ee 4108     		.short	2113
 17206 45f0 4108     		.short	2113
 17207 45f2 4108     		.short	2113
 17208 45f4 4108     		.short	2113
 17209 45f6 4108     		.short	2113
 17210 45f8 4108     		.short	2113
 17211 45fa 4108     		.short	2113
 17212 45fc 4108     		.short	2113
 17213 45fe 4108     		.short	2113
 17214 4600 4108     		.short	2113
 17215 4602 4108     		.short	2113
 17216 4604 6108     		.short	2145
 17217 4606 0000     		.short	0
 17218 4608 718C     		.short	-29583
 17219 460a FFFF     		.short	-1
 17220 460c DFFF     		.short	-33
 17221 460e 3084     		.short	-31696
 17222 4610 4108     		.short	2113
 17223 4612 0000     		.short	0
 17224 4614 6108     		.short	2145
 17225 4616 4108     		.short	2113
 17226 4618 4108     		.short	2113
 17227 461a 4108     		.short	2113
 17228 461c 4108     		.short	2113
 17229 461e 4108     		.short	2113
 17230 4620 4108     		.short	2113
ARM GAS  /tmp/cczpKMPG.s 			page 347


 17231 4622 4108     		.short	2113
 17232 4624 0000     		.short	0
 17233 4626 34A5     		.short	-23244
 17234 4628 BEF7     		.short	-2114
 17235 462a D7BD     		.short	-16937
 17236 462c FFFF     		.short	-1
 17237 462e D39C     		.short	-25389
 17238 4630 2000     		.short	32
 17239 4632 0000     		.short	0
 17240 4634 7DEF     		.short	-4227
 17241 4636 18C6     		.short	-14824
 17242 4638 0000     		.short	0
 17243 463a 0000     		.short	0
 17244 463c 75AD     		.short	-21131
 17245 463e FFFF     		.short	-1
 17246 4640 AA52     		.short	21162
 17247 4642 0000     		.short	0
 17248 4644 6108     		.short	2145
 17249 4646 4108     		.short	2113
 17250 4648 4108     		.short	2113
 17251 464a 2000     		.short	32
 17252 464c 8210     		.short	4226
 17253 464e 7DEF     		.short	-4227
 17254 4650 9AD6     		.short	-10598
 17255 4652 2000     		.short	32
 17256 4654 0000     		.short	0
 17257 4656 38C6     		.short	-14792
 17258 4658 9EF7     		.short	-2146
 17259 465a 8210     		.short	4226
 17260 465c 2000     		.short	32
 17261 465e 6108     		.short	2145
 17262 4660 0000     		.short	0
 17263 4662 518C     		.short	-29615
 17264 4664 FFFF     		.short	-1
 17265 4666 3084     		.short	-31696
 17266 4668 0000     		.short	0
 17267 466a 2000     		.short	32
 17268 466c 0421     		.short	8452
 17269 466e FFFF     		.short	-1
 17270 4670 9294     		.short	-27502
 17271 4672 0000     		.short	0
 17272 4674 6108     		.short	2145
 17273 4676 4108     		.short	2113
 17274 4678 4108     		.short	2113
 17275 467a 4108     		.short	2113
 17276 467c 4108     		.short	2113
 17277 467e 4108     		.short	2113
 17278 4680 4108     		.short	2113
 17279 4682 4108     		.short	2113
 17280 4684 4108     		.short	2113
 17281 4686 4108     		.short	2113
 17282 4688 4108     		.short	2113
 17283 468a 4108     		.short	2113
 17284 468c 4108     		.short	2113
 17285 468e 4108     		.short	2113
 17286 4690 4108     		.short	2113
 17287 4692 0000     		.short	0
ARM GAS  /tmp/cczpKMPG.s 			page 348


 17288 4694 2842     		.short	16936
 17289 4696 1CE7     		.short	-6372
 17290 4698 E739     		.short	14823
 17291 469a 0000     		.short	0
 17292 469c 4108     		.short	2113
 17293 469e 4108     		.short	2113
 17294 46a0 4108     		.short	2113
 17295 46a2 4108     		.short	2113
 17296 46a4 4108     		.short	2113
 17297 46a6 4108     		.short	2113
 17298 46a8 4108     		.short	2113
 17299 46aa 4108     		.short	2113
 17300 46ac 4108     		.short	2113
 17301 46ae 4108     		.short	2113
 17302 46b0 4108     		.short	2113
 17303 46b2 4108     		.short	2113
 17304 46b4 4108     		.short	2113
 17305 46b6 4108     		.short	2113
 17306 46b8 4108     		.short	2113
 17307 46ba 4108     		.short	2113
 17308 46bc 4108     		.short	2113
 17309 46be 4108     		.short	2113
 17310 46c0 4108     		.short	2113
 17311 46c2 4108     		.short	2113
 17312 46c4 4108     		.short	2113
 17313 46c6 4108     		.short	2113
 17314 46c8 4108     		.short	2113
 17315 46ca 4108     		.short	2113
 17316 46cc 4108     		.short	2113
 17317 46ce 4108     		.short	2113
 17318 46d0 4108     		.short	2113
 17319 46d2 6108     		.short	2145
 17320 46d4 0000     		.short	0
 17321 46d6 CB5A     		.short	23243
 17322 46d8 FFFF     		.short	-1
 17323 46da 9AD6     		.short	-10598
 17324 46dc E739     		.short	14823
 17325 46de 0000     		.short	0
 17326 46e0 4108     		.short	2113
 17327 46e2 4108     		.short	2113
 17328 46e4 4108     		.short	2113
 17329 46e6 4108     		.short	2113
 17330 46e8 4108     		.short	2113
 17331 46ea 4108     		.short	2113
 17332 46ec 4108     		.short	2113
 17333 46ee 4108     		.short	2113
 17334 46f0 4108     		.short	2113
 17335 46f2 6108     		.short	2145
 17336 46f4 0000     		.short	0
 17337 46f6 9294     		.short	-27502
 17338 46f8 FFFF     		.short	-1
 17339 46fa FFFF     		.short	-1
 17340 46fc 9294     		.short	-27502
 17341 46fe 0000     		.short	0
 17342 4700 4108     		.short	2113
 17343 4702 0000     		.short	0
 17344 4704 38C6     		.short	-14792
ARM GAS  /tmp/cczpKMPG.s 			page 349


 17345 4706 7DEF     		.short	-4227
 17346 4708 0000     		.short	0
 17347 470a 8A52     		.short	21130
 17348 470c FFFF     		.short	-1
 17349 470e F39C     		.short	-25357
 17350 4710 0000     		.short	0
 17351 4712 6108     		.short	2145
 17352 4714 4108     		.short	2113
 17353 4716 4108     		.short	2113
 17354 4718 4108     		.short	2113
 17355 471a 6108     		.short	2145
 17356 471c 0000     		.short	0
 17357 471e B294     		.short	-27470
 17358 4720 FFFF     		.short	-1
 17359 4722 4529     		.short	10565
 17360 4724 C318     		.short	6339
 17361 4726 FFFF     		.short	-1
 17362 4728 34A5     		.short	-23244
 17363 472a 0000     		.short	0
 17364 472c 6108     		.short	2145
 17365 472e 4108     		.short	2113
 17366 4730 4108     		.short	2113
 17367 4732 0000     		.short	0
 17368 4734 F7BD     		.short	-16905
 17369 4736 FFFF     		.short	-1
 17370 4738 494A     		.short	19017
 17371 473a 0000     		.short	0
 17372 473c 8631     		.short	12678
 17373 473e FFFF     		.short	-1
 17374 4740 CF7B     		.short	31695
 17375 4742 0000     		.short	0
 17376 4744 6108     		.short	2145
 17377 4746 4108     		.short	2113
 17378 4748 4108     		.short	2113
 17379 474a 4108     		.short	2113
 17380 474c 4108     		.short	2113
 17381 474e 4108     		.short	2113
 17382 4750 4108     		.short	2113
 17383 4752 4108     		.short	2113
 17384 4754 4108     		.short	2113
 17385 4756 4108     		.short	2113
 17386 4758 4108     		.short	2113
 17387 475a 4108     		.short	2113
 17388 475c 4108     		.short	2113
 17389 475e 4108     		.short	2113
 17390 4760 4108     		.short	2113
 17391 4762 6108     		.short	2145
 17392 4764 0000     		.short	0
 17393 4766 0421     		.short	8452
 17394 4768 518C     		.short	-29615
 17395 476a C318     		.short	6339
 17396 476c 2000     		.short	32
 17397 476e 4108     		.short	2113
 17398 4770 4108     		.short	2113
 17399 4772 4108     		.short	2113
 17400 4774 4108     		.short	2113
 17401 4776 4108     		.short	2113
ARM GAS  /tmp/cczpKMPG.s 			page 350


 17402 4778 4108     		.short	2113
 17403 477a 4108     		.short	2113
 17404 477c 4108     		.short	2113
 17405 477e 4108     		.short	2113
 17406 4780 4108     		.short	2113
 17407 4782 4108     		.short	2113
 17408 4784 4108     		.short	2113
 17409 4786 4108     		.short	2113
 17410 4788 4108     		.short	2113
 17411 478a 4108     		.short	2113
 17412 478c 4108     		.short	2113
 17413 478e 4108     		.short	2113
 17414 4790 4108     		.short	2113
 17415 4792 4108     		.short	2113
 17416 4794 4108     		.short	2113
 17417 4796 4108     		.short	2113
 17418 4798 4108     		.short	2113
 17419 479a 4108     		.short	2113
 17420 479c 4108     		.short	2113
 17421 479e 4108     		.short	2113
 17422 47a0 4108     		.short	2113
 17423 47a2 0000     		.short	0
 17424 47a4 8631     		.short	12678
 17425 47a6 FFFF     		.short	-1
 17426 47a8 D39C     		.short	-25389
 17427 47aa 6108     		.short	2145
 17428 47ac 0000     		.short	0
 17429 47ae 6108     		.short	2145
 17430 47b0 4108     		.short	2113
 17431 47b2 4108     		.short	2113
 17432 47b4 4108     		.short	2113
 17433 47b6 4108     		.short	2113
 17434 47b8 4108     		.short	2113
 17435 47ba 4108     		.short	2113
 17436 47bc 4108     		.short	2113
 17437 47be 4108     		.short	2113
 17438 47c0 4108     		.short	2113
 17439 47c2 6108     		.short	2145
 17440 47c4 0000     		.short	0
 17441 47c6 718C     		.short	-29583
 17442 47c8 FFFF     		.short	-1
 17443 47ca D39C     		.short	-25389
 17444 47cc 0000     		.short	0
 17445 47ce 4108     		.short	2113
 17446 47d0 6108     		.short	2145
 17447 47d2 0000     		.short	0
 17448 47d4 75AD     		.short	-21131
 17449 47d6 DFFF     		.short	-33
 17450 47d8 8210     		.short	4226
 17451 47da DBDE     		.short	-8485
 17452 47dc 7DEF     		.short	-4227
 17453 47de A210     		.short	4258
 17454 47e0 2000     		.short	32
 17455 47e2 4108     		.short	2113
 17456 47e4 4108     		.short	2113
 17457 47e6 4108     		.short	2113
 17458 47e8 4108     		.short	2113
ARM GAS  /tmp/cczpKMPG.s 			page 351


 17459 47ea 4108     		.short	2113
 17460 47ec 0000     		.short	0
 17461 47ee 0842     		.short	16904
 17462 47f0 FFFF     		.short	-1
 17463 47f2 2C63     		.short	25388
 17464 47f4 8A52     		.short	21130
 17465 47f6 FFFF     		.short	-1
 17466 47f8 8A52     		.short	21130
 17467 47fa 0000     		.short	0
 17468 47fc 4108     		.short	2113
 17469 47fe 4108     		.short	2113
 17470 4800 4108     		.short	2113
 17471 4802 2000     		.short	32
 17472 4804 0421     		.short	8452
 17473 4806 7DEF     		.short	-4227
 17474 4808 3CE7     		.short	-6340
 17475 480a 6108     		.short	2145
 17476 480c A631     		.short	12710
 17477 480e FFFF     		.short	-1
 17478 4810 AE73     		.short	29614
 17479 4812 0000     		.short	0
 17480 4814 6108     		.short	2145
 17481 4816 4108     		.short	2113
 17482 4818 4108     		.short	2113
 17483 481a 4108     		.short	2113
 17484 481c 4108     		.short	2113
 17485 481e 4108     		.short	2113
 17486 4820 4108     		.short	2113
 17487 4822 4108     		.short	2113
 17488 4824 4108     		.short	2113
 17489 4826 4108     		.short	2113
 17490 4828 4108     		.short	2113
 17491 482a 4108     		.short	2113
 17492 482c 4108     		.short	2113
 17493 482e 4108     		.short	2113
 17494 4830 4108     		.short	2113
 17495 4832 4108     		.short	2113
 17496 4834 6108     		.short	2145
 17497 4836 0000     		.short	0
 17498 4838 6108     		.short	2145
 17499 483a C318     		.short	6339
 17500 483c 2000     		.short	32
 17501 483e 4108     		.short	2113
 17502 4840 4108     		.short	2113
 17503 4842 4108     		.short	2113
 17504 4844 4108     		.short	2113
 17505 4846 4108     		.short	2113
 17506 4848 4108     		.short	2113
 17507 484a 4108     		.short	2113
 17508 484c 4108     		.short	2113
 17509 484e 4108     		.short	2113
 17510 4850 4108     		.short	2113
 17511 4852 4108     		.short	2113
 17512 4854 4108     		.short	2113
 17513 4856 4108     		.short	2113
 17514 4858 4108     		.short	2113
 17515 485a 4108     		.short	2113
ARM GAS  /tmp/cczpKMPG.s 			page 352


 17516 485c 4108     		.short	2113
 17517 485e 4108     		.short	2113
 17518 4860 4108     		.short	2113
 17519 4862 4108     		.short	2113
 17520 4864 4108     		.short	2113
 17521 4866 4108     		.short	2113
 17522 4868 4108     		.short	2113
 17523 486a 4108     		.short	2113
 17524 486c 4108     		.short	2113
 17525 486e 4108     		.short	2113
 17526 4870 2000     		.short	32
 17527 4872 E318     		.short	6371
 17528 4874 59CE     		.short	-12711
 17529 4876 0C63     		.short	25356
 17530 4878 0000     		.short	0
 17531 487a 2000     		.short	32
 17532 487c 4108     		.short	2113
 17533 487e 4108     		.short	2113
 17534 4880 4108     		.short	2113
 17535 4882 4108     		.short	2113
 17536 4884 4108     		.short	2113
 17537 4886 4108     		.short	2113
 17538 4888 4108     		.short	2113
 17539 488a 4108     		.short	2113
 17540 488c 4108     		.short	2113
 17541 488e 4108     		.short	2113
 17542 4890 4108     		.short	2113
 17543 4892 6108     		.short	2145
 17544 4894 0000     		.short	0
 17545 4896 34A5     		.short	-23244
 17546 4898 79CE     		.short	-12679
 17547 489a 0000     		.short	0
 17548 489c 4108     		.short	2113
 17549 489e 4108     		.short	2113
 17550 48a0 6108     		.short	2145
 17551 48a2 0000     		.short	0
 17552 48a4 75AD     		.short	-21131
 17553 48a6 7DEF     		.short	-4227
 17554 48a8 CF7B     		.short	31695
 17555 48aa FFFF     		.short	-1
 17556 48ac 6D6B     		.short	27501
 17557 48ae 0000     		.short	0
 17558 48b0 6108     		.short	2145
 17559 48b2 4108     		.short	2113
 17560 48b4 4108     		.short	2113
 17561 48b6 4108     		.short	2113
 17562 48b8 4108     		.short	2113
 17563 48ba 4108     		.short	2113
 17564 48bc 2000     		.short	32
 17565 48be 8210     		.short	4226
 17566 48c0 BEF7     		.short	-2114
 17567 48c2 75AD     		.short	-21131
 17568 48c4 34A5     		.short	-23244
 17569 48c6 DFFF     		.short	-33
 17570 48c8 C318     		.short	6339
 17571 48ca 0000     		.short	0
 17572 48cc 4108     		.short	2113
ARM GAS  /tmp/cczpKMPG.s 			page 353


 17573 48ce 4108     		.short	2113
 17574 48d0 4108     		.short	2113
 17575 48d2 6108     		.short	2145
 17576 48d4 0000     		.short	0
 17577 48d6 CB5A     		.short	23243
 17578 48d8 FFFF     		.short	-1
 17579 48da F39C     		.short	-25357
 17580 48dc 4529     		.short	10565
 17581 48de FFFF     		.short	-1
 17582 48e0 AE73     		.short	29614
 17583 48e2 0000     		.short	0
 17584 48e4 6108     		.short	2145
 17585 48e6 4108     		.short	2113
 17586 48e8 4108     		.short	2113
 17587 48ea 4108     		.short	2113
 17588 48ec 4108     		.short	2113
 17589 48ee 4108     		.short	2113
 17590 48f0 4108     		.short	2113
 17591 48f2 4108     		.short	2113
 17592 48f4 4108     		.short	2113
 17593 48f6 4108     		.short	2113
 17594 48f8 4108     		.short	2113
 17595 48fa 4108     		.short	2113
 17596 48fc 4108     		.short	2113
 17597 48fe 4108     		.short	2113
 17598 4900 4108     		.short	2113
 17599 4902 4108     		.short	2113
 17600 4904 4108     		.short	2113
 17601 4906 4108     		.short	2113
 17602 4908 2000     		.short	32
 17603 490a 2000     		.short	32
 17604 490c 4108     		.short	2113
 17605 490e 4108     		.short	2113
 17606 4910 4108     		.short	2113
 17607 4912 4108     		.short	2113
 17608 4914 4108     		.short	2113
 17609 4916 4108     		.short	2113
 17610 4918 4108     		.short	2113
 17611 491a 4108     		.short	2113
 17612 491c 4108     		.short	2113
 17613 491e 4108     		.short	2113
 17614 4920 4108     		.short	2113
 17615 4922 4108     		.short	2113
 17616 4924 4108     		.short	2113
 17617 4926 4108     		.short	2113
 17618 4928 4108     		.short	2113
 17619 492a 4108     		.short	2113
 17620 492c 4108     		.short	2113
 17621 492e 4108     		.short	2113
 17622 4930 4108     		.short	2113
 17623 4932 4108     		.short	2113
 17624 4934 4108     		.short	2113
 17625 4936 4108     		.short	2113
 17626 4938 4108     		.short	2113
 17627 493a 4108     		.short	2113
 17628 493c 4108     		.short	2113
 17629 493e 4108     		.short	2113
ARM GAS  /tmp/cczpKMPG.s 			page 354


 17630 4940 2000     		.short	32
 17631 4942 0C63     		.short	25356
 17632 4944 6529     		.short	10597
 17633 4946 0000     		.short	0
 17634 4948 6108     		.short	2145
 17635 494a 4108     		.short	2113
 17636 494c 4108     		.short	2113
 17637 494e 4108     		.short	2113
 17638 4950 4108     		.short	2113
 17639 4952 4108     		.short	2113
 17640 4954 4108     		.short	2113
 17641 4956 4108     		.short	2113
 17642 4958 4108     		.short	2113
 17643 495a 4108     		.short	2113
 17644 495c 4108     		.short	2113
 17645 495e 4108     		.short	2113
 17646 4960 4108     		.short	2113
 17647 4962 4108     		.short	2113
 17648 4964 0000     		.short	0
 17649 4966 4D6B     		.short	27469
 17650 4968 2421     		.short	8484
 17651 496a 0000     		.short	0
 17652 496c 4108     		.short	2113
 17653 496e 4108     		.short	2113
 17654 4970 6108     		.short	2145
 17655 4972 0000     		.short	0
 17656 4974 55AD     		.short	-21163
 17657 4976 DFFF     		.short	-33
 17658 4978 7DEF     		.short	-4227
 17659 497a FBDE     		.short	-8453
 17660 497c 4108     		.short	2113
 17661 497e 2000     		.short	32
 17662 4980 4108     		.short	2113
 17663 4982 4108     		.short	2113
 17664 4984 4108     		.short	2113
 17665 4986 4108     		.short	2113
 17666 4988 4108     		.short	2113
 17667 498a 4108     		.short	2113
 17668 498c 4108     		.short	2113
 17669 498e 0000     		.short	0
 17670 4990 F7BD     		.short	-16905
 17671 4992 BEF7     		.short	-2114
 17672 4994 BEF7     		.short	-2114
 17673 4996 18C6     		.short	-14824
 17674 4998 0000     		.short	0
 17675 499a 4108     		.short	2113
 17676 499c 4108     		.short	2113
 17677 499e 4108     		.short	2113
 17678 49a0 4108     		.short	2113
 17679 49a2 4108     		.short	2113
 17680 49a4 4108     		.short	2113
 17681 49a6 0000     		.short	0
 17682 49a8 14A5     		.short	-23276
 17683 49aa FFFF     		.short	-1
 17684 49ac 718C     		.short	-29583
 17685 49ae FFFF     		.short	-1
 17686 49b0 AE73     		.short	29614
ARM GAS  /tmp/cczpKMPG.s 			page 355


 17687 49b2 0000     		.short	0
 17688 49b4 6108     		.short	2145
 17689 49b6 4108     		.short	2113
 17690 49b8 4108     		.short	2113
 17691 49ba 4108     		.short	2113
 17692 49bc 4108     		.short	2113
 17693 49be 4108     		.short	2113
 17694 49c0 4108     		.short	2113
 17695 49c2 4108     		.short	2113
 17696 49c4 4108     		.short	2113
 17697 49c6 4108     		.short	2113
 17698 49c8 4108     		.short	2113
 17699 49ca 4108     		.short	2113
 17700 49cc 4108     		.short	2113
 17701 49ce 4108     		.short	2113
 17702 49d0 4108     		.short	2113
 17703 49d2 4108     		.short	2113
 17704 49d4 4108     		.short	2113
 17705 49d6 4108     		.short	2113
 17706 49d8 4108     		.short	2113
 17707 49da 4108     		.short	2113
 17708 49dc 4108     		.short	2113
 17709 49de 4108     		.short	2113
 17710 49e0 4108     		.short	2113
 17711 49e2 4108     		.short	2113
 17712 49e4 4108     		.short	2113
 17713 49e6 4108     		.short	2113
 17714 49e8 4108     		.short	2113
 17715 49ea 4108     		.short	2113
 17716 49ec 4108     		.short	2113
 17717 49ee 4108     		.short	2113
 17718 49f0 4108     		.short	2113
 17719 49f2 4108     		.short	2113
 17720 49f4 4108     		.short	2113
 17721 49f6 4108     		.short	2113
 17722 49f8 4108     		.short	2113
 17723 49fa 4108     		.short	2113
 17724 49fc 4108     		.short	2113
 17725 49fe 4108     		.short	2113
 17726 4a00 4108     		.short	2113
 17727 4a02 4108     		.short	2113
 17728 4a04 4108     		.short	2113
 17729 4a06 4108     		.short	2113
 17730 4a08 4108     		.short	2113
 17731 4a0a 4108     		.short	2113
 17732 4a0c 4108     		.short	2113
 17733 4a0e 2000     		.short	32
 17734 4a10 4108     		.short	2113
 17735 4a12 2000     		.short	32
 17736 4a14 0000     		.short	0
 17737 4a16 6108     		.short	2145
 17738 4a18 4108     		.short	2113
 17739 4a1a 4108     		.short	2113
 17740 4a1c 4108     		.short	2113
 17741 4a1e 4108     		.short	2113
 17742 4a20 4108     		.short	2113
 17743 4a22 4108     		.short	2113
ARM GAS  /tmp/cczpKMPG.s 			page 356


 17744 4a24 4108     		.short	2113
 17745 4a26 4108     		.short	2113
 17746 4a28 4108     		.short	2113
 17747 4a2a 4108     		.short	2113
 17748 4a2c 4108     		.short	2113
 17749 4a2e 4108     		.short	2113
 17750 4a30 4108     		.short	2113
 17751 4a32 4108     		.short	2113
 17752 4a34 4108     		.short	2113
 17753 4a36 0000     		.short	0
 17754 4a38 2000     		.short	32
 17755 4a3a 4108     		.short	2113
 17756 4a3c 4108     		.short	2113
 17757 4a3e 4108     		.short	2113
 17758 4a40 6108     		.short	2145
 17759 4a42 0000     		.short	0
 17760 4a44 34A5     		.short	-23244
 17761 4a46 FFFF     		.short	-1
 17762 4a48 FFFF     		.short	-1
 17763 4a4a 6D6B     		.short	27501
 17764 4a4c 0000     		.short	0
 17765 4a4e 6108     		.short	2145
 17766 4a50 4108     		.short	2113
 17767 4a52 4108     		.short	2113
 17768 4a54 4108     		.short	2113
 17769 4a56 4108     		.short	2113
 17770 4a58 4108     		.short	2113
 17771 4a5a 4108     		.short	2113
 17772 4a5c 6108     		.short	2145
 17773 4a5e 0000     		.short	0
 17774 4a60 1084     		.short	-31728
 17775 4a62 FFFF     		.short	-1
 17776 4a64 FFFF     		.short	-1
 17777 4a66 CF7B     		.short	31695
 17778 4a68 0000     		.short	0
 17779 4a6a 6108     		.short	2145
 17780 4a6c 4108     		.short	2113
 17781 4a6e 4108     		.short	2113
 17782 4a70 4108     		.short	2113
 17783 4a72 4108     		.short	2113
 17784 4a74 4108     		.short	2113
 17785 4a76 2000     		.short	32
 17786 4a78 8210     		.short	4226
 17787 4a7a FBDE     		.short	-8453
 17788 4a7c FFFF     		.short	-1
 17789 4a7e FFFF     		.short	-1
 17790 4a80 1084     		.short	-31728
 17791 4a82 0000     		.short	0
 17792 4a84 6108     		.short	2145
 17793 4a86 4108     		.short	2113
 17794 4a88 4108     		.short	2113
 17795 4a8a 4108     		.short	2113
 17796 4a8c 4108     		.short	2113
 17797 4a8e 4108     		.short	2113
 17798 4a90 4108     		.short	2113
 17799 4a92 4108     		.short	2113
 17800 4a94 4108     		.short	2113
ARM GAS  /tmp/cczpKMPG.s 			page 357


 17801 4a96 4108     		.short	2113
 17802 4a98 4108     		.short	2113
 17803 4a9a 4108     		.short	2113
 17804 4a9c 4108     		.short	2113
 17805 4a9e 4108     		.short	2113
 17806 4aa0 4108     		.short	2113
 17807 4aa2 4108     		.short	2113
 17808 4aa4 4108     		.short	2113
 17809 4aa6 4108     		.short	2113
 17810 4aa8 4108     		.short	2113
 17811 4aaa 4108     		.short	2113
 17812 4aac 4108     		.short	2113
 17813 4aae 4108     		.short	2113
 17814 4ab0 4108     		.short	2113
 17815 4ab2 4108     		.short	2113
 17816 4ab4 4108     		.short	2113
 17817 4ab6 4108     		.short	2113
 17818 4ab8 4108     		.short	2113
 17819 4aba 4108     		.short	2113
 17820 4abc 4108     		.short	2113
 17821 4abe 4108     		.short	2113
 17822 4ac0 4108     		.short	2113
 17823 4ac2 4108     		.short	2113
 17824 4ac4 4108     		.short	2113
 17825 4ac6 4108     		.short	2113
 17826 4ac8 4108     		.short	2113
 17827 4aca 4108     		.short	2113
 17828 4acc 4108     		.short	2113
 17829 4ace 4108     		.short	2113
 17830 4ad0 4108     		.short	2113
 17831 4ad2 4108     		.short	2113
 17832 4ad4 4108     		.short	2113
 17833 4ad6 4108     		.short	2113
 17834 4ad8 4108     		.short	2113
 17835 4ada 4108     		.short	2113
 17836 4adc 4108     		.short	2113
 17837 4ade 4108     		.short	2113
 17838 4ae0 2000     		.short	32
 17839 4ae2 4108     		.short	2113
 17840 4ae4 4108     		.short	2113
 17841 4ae6 4108     		.short	2113
 17842 4ae8 4108     		.short	2113
 17843 4aea 4108     		.short	2113
 17844 4aec 4108     		.short	2113
 17845 4aee 4108     		.short	2113
 17846 4af0 4108     		.short	2113
 17847 4af2 4108     		.short	2113
 17848 4af4 4108     		.short	2113
 17849 4af6 4108     		.short	2113
 17850 4af8 4108     		.short	2113
 17851 4afa 4108     		.short	2113
 17852 4afc 4108     		.short	2113
 17853 4afe 4108     		.short	2113
 17854 4b00 4108     		.short	2113
 17855 4b02 4108     		.short	2113
 17856 4b04 4108     		.short	2113
 17857 4b06 4108     		.short	2113
ARM GAS  /tmp/cczpKMPG.s 			page 358


 17858 4b08 4108     		.short	2113
 17859 4b0a 4108     		.short	2113
 17860 4b0c 4108     		.short	2113
 17861 4b0e 4108     		.short	2113
 17862 4b10 6108     		.short	2145
 17863 4b12 0000     		.short	0
 17864 4b14 34A5     		.short	-23244
 17865 4b16 FFFF     		.short	-1
 17866 4b18 3CE7     		.short	-6340
 17867 4b1a A210     		.short	4258
 17868 4b1c 2000     		.short	32
 17869 4b1e 4108     		.short	2113
 17870 4b20 4108     		.short	2113
 17871 4b22 4108     		.short	2113
 17872 4b24 4108     		.short	2113
 17873 4b26 4108     		.short	2113
 17874 4b28 4108     		.short	2113
 17875 4b2a 4108     		.short	2113
 17876 4b2c 4108     		.short	2113
 17877 4b2e 0000     		.short	0
 17878 4b30 CB5A     		.short	23243
 17879 4b32 FFFF     		.short	-1
 17880 4b34 FFFF     		.short	-1
 17881 4b36 E739     		.short	14823
 17882 4b38 0000     		.short	0
 17883 4b3a 4108     		.short	2113
 17884 4b3c 4108     		.short	2113
 17885 4b3e 4108     		.short	2113
 17886 4b40 4108     		.short	2113
 17887 4b42 4108     		.short	2113
 17888 4b44 4108     		.short	2113
 17889 4b46 6108     		.short	2145
 17890 4b48 0000     		.short	0
 17891 4b4a 2842     		.short	16936
 17892 4b4c FFFF     		.short	-1
 17893 4b4e FFFF     		.short	-1
 17894 4b50 B294     		.short	-27470
 17895 4b52 0000     		.short	0
 17896 4b54 6108     		.short	2145
 17897 4b56 4108     		.short	2113
 17898 4b58 4108     		.short	2113
 17899 4b5a 4108     		.short	2113
 17900 4b5c 4108     		.short	2113
 17901 4b5e 4108     		.short	2113
 17902 4b60 4108     		.short	2113
 17903 4b62 4108     		.short	2113
 17904 4b64 4108     		.short	2113
 17905 4b66 4108     		.short	2113
 17906 4b68 4108     		.short	2113
 17907 4b6a 4108     		.short	2113
 17908 4b6c 4108     		.short	2113
 17909 4b6e 4108     		.short	2113
 17910 4b70 4108     		.short	2113
 17911 4b72 4108     		.short	2113
 17912 4b74 4108     		.short	2113
 17913 4b76 4108     		.short	2113
 17914 4b78 4108     		.short	2113
ARM GAS  /tmp/cczpKMPG.s 			page 359


 17915 4b7a 4108     		.short	2113
 17916 4b7c 4108     		.short	2113
 17917 4b7e 4108     		.short	2113
 17918 4b80 4108     		.short	2113
 17919 4b82 4108     		.short	2113
 17920 4b84 4108     		.short	2113
 17921 4b86 4108     		.short	2113
 17922 4b88 4108     		.short	2113
 17923 4b8a 4108     		.short	2113
 17924 4b8c 4108     		.short	2113
 17925 4b8e 4108     		.short	2113
 17926 4b90 4108     		.short	2113
 17927 4b92 4108     		.short	2113
 17928 4b94 4108     		.short	2113
 17929 4b96 4108     		.short	2113
 17930 4b98 4108     		.short	2113
 17931 4b9a 4108     		.short	2113
 17932 4b9c 4108     		.short	2113
 17933 4b9e 4108     		.short	2113
 17934 4ba0 4108     		.short	2113
 17935 4ba2 4108     		.short	2113
 17936 4ba4 4108     		.short	2113
 17937 4ba6 4108     		.short	2113
 17938 4ba8 4108     		.short	2113
 17939 4baa 4108     		.short	2113
 17940 4bac 4108     		.short	2113
 17941 4bae 4108     		.short	2113
 17942 4bb0 4108     		.short	2113
 17943 4bb2 4108     		.short	2113
 17944 4bb4 4108     		.short	2113
 17945 4bb6 4108     		.short	2113
 17946 4bb8 4108     		.short	2113
 17947 4bba 4108     		.short	2113
 17948 4bbc 4108     		.short	2113
 17949 4bbe 4108     		.short	2113
 17950 4bc0 4108     		.short	2113
 17951 4bc2 4108     		.short	2113
 17952 4bc4 4108     		.short	2113
 17953 4bc6 4108     		.short	2113
 17954 4bc8 4108     		.short	2113
 17955 4bca 4108     		.short	2113
 17956 4bcc 4108     		.short	2113
 17957 4bce 4108     		.short	2113
 17958 4bd0 4108     		.short	2113
 17959 4bd2 4108     		.short	2113
 17960 4bd4 4108     		.short	2113
 17961 4bd6 4108     		.short	2113
 17962 4bd8 4108     		.short	2113
 17963 4bda 4108     		.short	2113
 17964 4bdc 4108     		.short	2113
 17965 4bde 4108     		.short	2113
 17966 4be0 4108     		.short	2113
 17967 4be2 0000     		.short	0
 17968 4be4 B6B5     		.short	-19018
 17969 4be6 FFFF     		.short	-1
 17970 4be8 718C     		.short	-29583
 17971 4bea 0000     		.short	0
ARM GAS  /tmp/cczpKMPG.s 			page 360


 17972 4bec 6108     		.short	2145
 17973 4bee 4108     		.short	2113
 17974 4bf0 4108     		.short	2113
 17975 4bf2 4108     		.short	2113
 17976 4bf4 4108     		.short	2113
 17977 4bf6 4108     		.short	2113
 17978 4bf8 4108     		.short	2113
 17979 4bfa 4108     		.short	2113
 17980 4bfc 4108     		.short	2113
 17981 4bfe 0000     		.short	0
 17982 4c00 A631     		.short	12710
 17983 4c02 FFFF     		.short	-1
 17984 4c04 3CE7     		.short	-6340
 17985 4c06 8210     		.short	4226
 17986 4c08 2000     		.short	32
 17987 4c0a 4108     		.short	2113
 17988 4c0c 4108     		.short	2113
 17989 4c0e 4108     		.short	2113
 17990 4c10 4108     		.short	2113
 17991 4c12 4108     		.short	2113
 17992 4c14 4108     		.short	2113
 17993 4c16 4108     		.short	2113
 17994 4c18 6108     		.short	2145
 17995 4c1a 0000     		.short	0
 17996 4c1c 718C     		.short	-29583
 17997 4c1e FFFF     		.short	-1
 17998 4c20 34A5     		.short	-23244
 17999 4c22 0000     		.short	0
 18000 4c24 4108     		.short	2113
 18001 4c26 4108     		.short	2113
 18002 4c28 4108     		.short	2113
 18003 4c2a 4108     		.short	2113
 18004 4c2c 4108     		.short	2113
 18005 4c2e 4108     		.short	2113
 18006 4c30 4108     		.short	2113
 18007 4c32 4108     		.short	2113
 18008 4c34 4108     		.short	2113
 18009 4c36 4108     		.short	2113
 18010 4c38 4108     		.short	2113
 18011 4c3a 4108     		.short	2113
 18012 4c3c 4108     		.short	2113
 18013 4c3e 4108     		.short	2113
 18014 4c40 4108     		.short	2113
 18015 4c42 4108     		.short	2113
 18016 4c44 4108     		.short	2113
 18017 4c46 4108     		.short	2113
 18018 4c48 4108     		.short	2113
 18019 4c4a 4108     		.short	2113
 18020 4c4c 4108     		.short	2113
 18021 4c4e 4108     		.short	2113
 18022 4c50 4108     		.short	2113
 18023 4c52 4108     		.short	2113
 18024 4c54 4108     		.short	2113
 18025 4c56 4108     		.short	2113
 18026 4c58 4108     		.short	2113
 18027 4c5a 4108     		.short	2113
 18028 4c5c 4108     		.short	2113
ARM GAS  /tmp/cczpKMPG.s 			page 361


 18029 4c5e 4108     		.short	2113
 18030 4c60 4108     		.short	2113
 18031 4c62 4108     		.short	2113
 18032 4c64 4108     		.short	2113
 18033 4c66 4108     		.short	2113
 18034 4c68 4108     		.short	2113
 18035 4c6a 4108     		.short	2113
 18036 4c6c 4108     		.short	2113
 18037 4c6e 4108     		.short	2113
 18038 4c70 4108     		.short	2113
 18039 4c72 4108     		.short	2113
 18040 4c74 4108     		.short	2113
 18041 4c76 4108     		.short	2113
 18042 4c78 4108     		.short	2113
 18043 4c7a 4108     		.short	2113
 18044 4c7c 4108     		.short	2113
 18045 4c7e 4108     		.short	2113
 18046 4c80 4108     		.short	2113
 18047 4c82 4108     		.short	2113
 18048 4c84 4108     		.short	2113
 18049 4c86 4108     		.short	2113
 18050 4c88 4108     		.short	2113
 18051 4c8a 4108     		.short	2113
 18052 4c8c 4108     		.short	2113
 18053 4c8e 4108     		.short	2113
 18054 4c90 4108     		.short	2113
 18055 4c92 4108     		.short	2113
 18056 4c94 4108     		.short	2113
 18057 4c96 4108     		.short	2113
 18058 4c98 4108     		.short	2113
 18059 4c9a 4108     		.short	2113
 18060 4c9c 4108     		.short	2113
 18061 4c9e 4108     		.short	2113
 18062 4ca0 4108     		.short	2113
 18063 4ca2 4108     		.short	2113
 18064 4ca4 4108     		.short	2113
 18065 4ca6 4108     		.short	2113
 18066 4ca8 4108     		.short	2113
 18067 4caa 4108     		.short	2113
 18068 4cac 4108     		.short	2113
 18069 4cae 4108     		.short	2113
 18070 4cb0 4108     		.short	2113
 18071 4cb2 0000     		.short	0
 18072 4cb4 38C6     		.short	-14792
 18073 4cb6 FFFF     		.short	-1
 18074 4cb8 8631     		.short	12678
 18075 4cba 0000     		.short	0
 18076 4cbc 4108     		.short	2113
 18077 4cbe 4108     		.short	2113
 18078 4cc0 4108     		.short	2113
 18079 4cc2 4108     		.short	2113
 18080 4cc4 4108     		.short	2113
 18081 4cc6 4108     		.short	2113
 18082 4cc8 4108     		.short	2113
 18083 4cca 4108     		.short	2113
 18084 4ccc 4108     		.short	2113
 18085 4cce 0000     		.short	0
ARM GAS  /tmp/cczpKMPG.s 			page 362


 18086 4cd0 C318     		.short	6339
 18087 4cd2 FFFF     		.short	-1
 18088 4cd4 B6B5     		.short	-19018
 18089 4cd6 0000     		.short	0
 18090 4cd8 4108     		.short	2113
 18091 4cda 4108     		.short	2113
 18092 4cdc 4108     		.short	2113
 18093 4cde 4108     		.short	2113
 18094 4ce0 4108     		.short	2113
 18095 4ce2 4108     		.short	2113
 18096 4ce4 4108     		.short	2113
 18097 4ce6 4108     		.short	2113
 18098 4ce8 4108     		.short	2113
 18099 4cea 4108     		.short	2113
 18100 4cec 4108     		.short	2113
 18101 4cee FBDE     		.short	-8453
 18102 4cf0 9AD6     		.short	-10598
 18103 4cf2 0000     		.short	0
 18104 4cf4 4108     		.short	2113
 18105 4cf6 4108     		.short	2113
 18106 4cf8 4108     		.short	2113
 18107 4cfa 4108     		.short	2113
 18108 4cfc 4108     		.short	2113
 18109 4cfe 4108     		.short	2113
 18110 4d00 4108     		.short	2113
 18111 4d02 4108     		.short	2113
 18112 4d04 4108     		.short	2113
 18113 4d06 4108     		.short	2113
 18114 4d08 4108     		.short	2113
 18115 4d0a 4108     		.short	2113
 18116 4d0c 4108     		.short	2113
 18117 4d0e 4108     		.short	2113
 18118 4d10 4108     		.short	2113
 18119 4d12 4108     		.short	2113
 18120 4d14 4108     		.short	2113
 18121 4d16 4108     		.short	2113
 18122 4d18 4108     		.short	2113
 18123 4d1a 4108     		.short	2113
 18124 4d1c 4108     		.short	2113
 18125 4d1e 4108     		.short	2113
 18126 4d20 4108     		.short	2113
 18127 4d22 4108     		.short	2113
 18128 4d24 4108     		.short	2113
 18129 4d26 4108     		.short	2113
 18130 4d28 4108     		.short	2113
 18131 4d2a 4108     		.short	2113
 18132 4d2c 4108     		.short	2113
 18133 4d2e 4108     		.short	2113
 18134 4d30 4108     		.short	2113
 18135 4d32 4108     		.short	2113
 18136 4d34 4108     		.short	2113
 18137 4d36 4108     		.short	2113
 18138 4d38 4108     		.short	2113
 18139 4d3a 4108     		.short	2113
 18140 4d3c 4108     		.short	2113
 18141 4d3e 4108     		.short	2113
 18142 4d40 4108     		.short	2113
ARM GAS  /tmp/cczpKMPG.s 			page 363


 18143 4d42 4108     		.short	2113
 18144 4d44 4108     		.short	2113
 18145 4d46 4108     		.short	2113
 18146 4d48 4108     		.short	2113
 18147 4d4a 4108     		.short	2113
 18148 4d4c 4108     		.short	2113
 18149 4d4e 4108     		.short	2113
 18150 4d50 4108     		.short	2113
 18151 4d52 4108     		.short	2113
 18152 4d54 4108     		.short	2113
 18153 4d56 4108     		.short	2113
 18154 4d58 4108     		.short	2113
 18155 4d5a 4108     		.short	2113
 18156 4d5c 4108     		.short	2113
 18157 4d5e 4108     		.short	2113
 18158 4d60 4108     		.short	2113
 18159 4d62 4108     		.short	2113
 18160 4d64 4108     		.short	2113
 18161 4d66 4108     		.short	2113
 18162 4d68 4108     		.short	2113
 18163 4d6a 4108     		.short	2113
 18164 4d6c 4108     		.short	2113
 18165 4d6e 4108     		.short	2113
 18166 4d70 4108     		.short	2113
 18167 4d72 4108     		.short	2113
 18168 4d74 4108     		.short	2113
 18169 4d76 4108     		.short	2113
 18170 4d78 4108     		.short	2113
 18171 4d7a 4108     		.short	2113
 18172 4d7c 4108     		.short	2113
 18173 4d7e 4108     		.short	2113
 18174 4d80 2000     		.short	32
 18175 4d82 2000     		.short	32
 18176 4d84 3CE7     		.short	-6340
 18177 4d86 9AD6     		.short	-10598
 18178 4d88 0000     		.short	0
 18179 4d8a 4108     		.short	2113
 18180 4d8c 4108     		.short	2113
 18181 4d8e 4108     		.short	2113
 18182 4d90 4108     		.short	2113
 18183 4d92 4108     		.short	2113
 18184 4d94 4108     		.short	2113
 18185 4d96 4108     		.short	2113
 18186 4d98 4108     		.short	2113
 18187 4d9a 4108     		.short	2113
 18188 4d9c 4108     		.short	2113
 18189 4d9e 4108     		.short	2113
 18190 4da0 2000     		.short	32
 18191 4da2 7DEF     		.short	-4227
 18192 4da4 AE73     		.short	29614
 18193 4da6 0000     		.short	0
 18194 4da8 6108     		.short	2145
 18195 4daa 4108     		.short	2113
 18196 4dac 4108     		.short	2113
 18197 4dae 4108     		.short	2113
 18198 4db0 4108     		.short	2113
 18199 4db2 4108     		.short	2113
ARM GAS  /tmp/cczpKMPG.s 			page 364


 18200 4db4 4108     		.short	2113
 18201 4db6 4108     		.short	2113
 18202 4db8 4108     		.short	2113
 18203 4dba 4108     		.short	2113
 18204 4dbc 0000     		.short	0
 18205 4dbe 0842     		.short	16904
 18206 4dc0 1CE7     		.short	-6372
 18207 4dc2 6108     		.short	2145
 18208 4dc4 2000     		.short	32
 18209 4dc6 4108     		.short	2113
 18210 4dc8 4108     		.short	2113
 18211 4dca 4108     		.short	2113
 18212 4dcc 4108     		.short	2113
 18213 4dce 4108     		.short	2113
 18214 4dd0 4108     		.short	2113
 18215 4dd2 4108     		.short	2113
 18216 4dd4 4108     		.short	2113
 18217 4dd6 4108     		.short	2113
 18218 4dd8 4108     		.short	2113
 18219 4dda 4108     		.short	2113
 18220 4ddc 4108     		.short	2113
 18221 4dde 4108     		.short	2113
 18222 4de0 4108     		.short	2113
 18223 4de2 4108     		.short	2113
 18224 4de4 4108     		.short	2113
 18225 4de6 4108     		.short	2113
 18226 4de8 4108     		.short	2113
 18227 4dea 4108     		.short	2113
 18228 4dec 4108     		.short	2113
 18229 4dee 4108     		.short	2113
 18230 4df0 4108     		.short	2113
 18231 4df2 4108     		.short	2113
 18232 4df4 4108     		.short	2113
 18233 4df6 4108     		.short	2113
 18234 4df8 4108     		.short	2113
 18235 4dfa 4108     		.short	2113
 18236 4dfc 4108     		.short	2113
 18237 4dfe 4108     		.short	2113
 18238 4e00 4108     		.short	2113
 18239 4e02 4108     		.short	2113
 18240 4e04 4108     		.short	2113
 18241 4e06 4108     		.short	2113
 18242 4e08 4108     		.short	2113
 18243 4e0a 4108     		.short	2113
 18244 4e0c 4108     		.short	2113
 18245 4e0e 4108     		.short	2113
 18246 4e10 4108     		.short	2113
 18247 4e12 4108     		.short	2113
 18248 4e14 4108     		.short	2113
 18249 4e16 4108     		.short	2113
 18250 4e18 4108     		.short	2113
 18251 4e1a 4108     		.short	2113
 18252 4e1c 4108     		.short	2113
 18253 4e1e 4108     		.short	2113
 18254 4e20 4108     		.short	2113
 18255 4e22 4108     		.short	2113
 18256 4e24 4108     		.short	2113
ARM GAS  /tmp/cczpKMPG.s 			page 365


 18257 4e26 4108     		.short	2113
 18258 4e28 4108     		.short	2113
 18259 4e2a 4108     		.short	2113
 18260 4e2c 4108     		.short	2113
 18261 4e2e 4108     		.short	2113
 18262 4e30 4108     		.short	2113
 18263 4e32 4108     		.short	2113
 18264 4e34 4108     		.short	2113
 18265 4e36 4108     		.short	2113
 18266 4e38 4108     		.short	2113
 18267 4e3a 4108     		.short	2113
 18268 4e3c 4108     		.short	2113
 18269 4e3e 4108     		.short	2113
 18270 4e40 4108     		.short	2113
 18271 4e42 4108     		.short	2113
 18272 4e44 4108     		.short	2113
 18273 4e46 4108     		.short	2113
 18274 4e48 4108     		.short	2113
 18275 4e4a 4108     		.short	2113
 18276 4e4c 4108     		.short	2113
 18277 4e4e 4108     		.short	2113
 18278 4e50 2000     		.short	32
 18279 4e52 6108     		.short	2145
 18280 4e54 DFFF     		.short	-33
 18281 4e56 AE73     		.short	29614
 18282 4e58 0000     		.short	0
 18283 4e5a 6108     		.short	2145
 18284 4e5c 4108     		.short	2113
 18285 4e5e 4108     		.short	2113
 18286 4e60 4108     		.short	2113
 18287 4e62 4108     		.short	2113
 18288 4e64 4108     		.short	2113
 18289 4e66 4108     		.short	2113
 18290 4e68 4108     		.short	2113
 18291 4e6a 4108     		.short	2113
 18292 4e6c 4108     		.short	2113
 18293 4e6e 4108     		.short	2113
 18294 4e70 0000     		.short	0
 18295 4e72 38C6     		.short	-14792
 18296 4e74 0842     		.short	16904
 18297 4e76 0000     		.short	0
 18298 4e78 4108     		.short	2113
 18299 4e7a 4108     		.short	2113
 18300 4e7c 4108     		.short	2113
 18301 4e7e 4108     		.short	2113
 18302 4e80 4108     		.short	2113
 18303 4e82 4108     		.short	2113
 18304 4e84 4108     		.short	2113
 18305 4e86 4108     		.short	2113
 18306 4e88 4108     		.short	2113
 18307 4e8a 4108     		.short	2113
 18308 4e8c 4108     		.short	2113
 18309 4e8e 0000     		.short	0
 18310 4e90 4D6B     		.short	27469
 18311 4e92 4529     		.short	10565
 18312 4e94 0000     		.short	0
 18313 4e96 4108     		.short	2113
ARM GAS  /tmp/cczpKMPG.s 			page 366


 18314 4e98 4108     		.short	2113
 18315 4e9a 4108     		.short	2113
 18316 4e9c 4108     		.short	2113
 18317 4e9e 4108     		.short	2113
 18318 4ea0 4108     		.short	2113
 18319 4ea2 4108     		.short	2113
 18320 4ea4 4108     		.short	2113
 18321 4ea6 4108     		.short	2113
 18322 4ea8 4108     		.short	2113
 18323 4eaa 4108     		.short	2113
 18324 4eac 4108     		.short	2113
 18325 4eae 4108     		.short	2113
 18326 4eb0 4108     		.short	2113
 18327 4eb2 4108     		.short	2113
 18328 4eb4 4108     		.short	2113
 18329 4eb6 4108     		.short	2113
 18330 4eb8 4108     		.short	2113
 18331 4eba 4108     		.short	2113
 18332 4ebc 4108     		.short	2113
 18333 4ebe 4108     		.short	2113
 18334 4ec0 4108     		.short	2113
 18335 4ec2 4108     		.short	2113
 18336 4ec4 4108     		.short	2113
 18337 4ec6 4108     		.short	2113
 18338 4ec8 4108     		.short	2113
 18339 4eca 4108     		.short	2113
 18340 4ecc 4108     		.short	2113
 18341 4ece 4108     		.short	2113
 18342 4ed0 4108     		.short	2113
 18343 4ed2 4108     		.short	2113
 18344 4ed4 4108     		.short	2113
 18345 4ed6 4108     		.short	2113
 18346 4ed8 4108     		.short	2113
 18347 4eda 4108     		.short	2113
 18348 4edc 4108     		.short	2113
 18349 4ede 4108     		.short	2113
 18350 4ee0 4108     		.short	2113
 18351 4ee2 4108     		.short	2113
 18352 4ee4 4108     		.short	2113
 18353 4ee6 4108     		.short	2113
 18354 4ee8 4108     		.short	2113
 18355 4eea 4108     		.short	2113
 18356 4eec 4108     		.short	2113
 18357 4eee 4108     		.short	2113
 18358 4ef0 4108     		.short	2113
 18359 4ef2 4108     		.short	2113
 18360 4ef4 4108     		.short	2113
 18361 4ef6 4108     		.short	2113
 18362 4ef8 4108     		.short	2113
 18363 4efa 4108     		.short	2113
 18364 4efc 4108     		.short	2113
 18365 4efe 4108     		.short	2113
 18366 4f00 4108     		.short	2113
 18367 4f02 4108     		.short	2113
 18368 4f04 4108     		.short	2113
 18369 4f06 4108     		.short	2113
 18370 4f08 4108     		.short	2113
ARM GAS  /tmp/cczpKMPG.s 			page 367


 18371 4f0a 4108     		.short	2113
 18372 4f0c 4108     		.short	2113
 18373 4f0e 4108     		.short	2113
 18374 4f10 4108     		.short	2113
 18375 4f12 4108     		.short	2113
 18376 4f14 4108     		.short	2113
 18377 4f16 4108     		.short	2113
 18378 4f18 4108     		.short	2113
 18379 4f1a 4108     		.short	2113
 18380 4f1c 4108     		.short	2113
 18381 4f1e 4108     		.short	2113
 18382 4f20 0000     		.short	0
 18383 4f22 0421     		.short	8452
 18384 4f24 7DEF     		.short	-4227
 18385 4f26 2421     		.short	8484
 18386 4f28 0000     		.short	0
 18387 4f2a 4108     		.short	2113
 18388 4f2c 4108     		.short	2113
 18389 4f2e 4108     		.short	2113
 18390 4f30 4108     		.short	2113
 18391 4f32 4108     		.short	2113
 18392 4f34 4108     		.short	2113
 18393 4f36 4108     		.short	2113
 18394 4f38 4108     		.short	2113
 18395 4f3a 4108     		.short	2113
 18396 4f3c 4108     		.short	2113
 18397 4f3e 4108     		.short	2113
 18398 4f40 0000     		.short	0
 18399 4f42 3084     		.short	-31696
 18400 4f44 E318     		.short	6371
 18401 4f46 0000     		.short	0
 18402 4f48 4108     		.short	2113
 18403 4f4a 4108     		.short	2113
 18404 4f4c 4108     		.short	2113
 18405 4f4e 4108     		.short	2113
 18406 4f50 4108     		.short	2113
 18407 4f52 4108     		.short	2113
 18408 4f54 4108     		.short	2113
 18409 4f56 4108     		.short	2113
 18410 4f58 4108     		.short	2113
 18411 4f5a 4108     		.short	2113
 18412 4f5c 4108     		.short	2113
 18413 4f5e 4108     		.short	2113
 18414 4f60 2000     		.short	32
 18415 4f62 6108     		.short	2145
 18416 4f64 2000     		.short	32
 18417 4f66 4108     		.short	2113
 18418 4f68 4108     		.short	2113
 18419 4f6a 4108     		.short	2113
 18420 4f6c 4108     		.short	2113
 18421 4f6e 4108     		.short	2113
 18422 4f70 4108     		.short	2113
 18423 4f72 4108     		.short	2113
 18424 4f74 4108     		.short	2113
 18425 4f76 4108     		.short	2113
 18426 4f78 4108     		.short	2113
 18427 4f7a 4108     		.short	2113
ARM GAS  /tmp/cczpKMPG.s 			page 368


 18428 4f7c 4108     		.short	2113
 18429 4f7e 4108     		.short	2113
 18430 4f80 4108     		.short	2113
 18431 4f82 4108     		.short	2113
 18432 4f84 4108     		.short	2113
 18433 4f86 4108     		.short	2113
 18434 4f88 4108     		.short	2113
 18435 4f8a 4108     		.short	2113
 18436 4f8c 4108     		.short	2113
 18437 4f8e 4108     		.short	2113
 18438 4f90 4108     		.short	2113
 18439 4f92 4108     		.short	2113
 18440 4f94 4108     		.short	2113
 18441 4f96 4108     		.short	2113
 18442 4f98 4108     		.short	2113
 18443 4f9a 4108     		.short	2113
 18444 4f9c 4108     		.short	2113
 18445 4f9e 4108     		.short	2113
 18446 4fa0 4108     		.short	2113
 18447 4fa2 4108     		.short	2113
 18448 4fa4 4108     		.short	2113
 18449 4fa6 4108     		.short	2113
 18450 4fa8 4108     		.short	2113
 18451 4faa 4108     		.short	2113
 18452 4fac 4108     		.short	2113
 18453 4fae 4108     		.short	2113
 18454 4fb0 4108     		.short	2113
 18455 4fb2 4108     		.short	2113
 18456 4fb4 4108     		.short	2113
 18457 4fb6 4108     		.short	2113
 18458 4fb8 4108     		.short	2113
 18459 4fba 4108     		.short	2113
 18460 4fbc 4108     		.short	2113
 18461 4fbe 4108     		.short	2113
 18462 4fc0 4108     		.short	2113
 18463 4fc2 4108     		.short	2113
 18464 4fc4 4108     		.short	2113
 18465 4fc6 4108     		.short	2113
 18466 4fc8 4108     		.short	2113
 18467 4fca 4108     		.short	2113
 18468 4fcc 4108     		.short	2113
 18469 4fce 4108     		.short	2113
 18470 4fd0 4108     		.short	2113
 18471 4fd2 4108     		.short	2113
 18472 4fd4 4108     		.short	2113
 18473 4fd6 4108     		.short	2113
 18474 4fd8 4108     		.short	2113
 18475 4fda 4108     		.short	2113
 18476 4fdc 4108     		.short	2113
 18477 4fde 4108     		.short	2113
 18478 4fe0 4108     		.short	2113
 18479 4fe2 4108     		.short	2113
 18480 4fe4 4108     		.short	2113
 18481 4fe6 4108     		.short	2113
 18482 4fe8 4108     		.short	2113
 18483 4fea 4108     		.short	2113
 18484 4fec 4108     		.short	2113
ARM GAS  /tmp/cczpKMPG.s 			page 369


 18485 4fee 4108     		.short	2113
 18486 4ff0 0000     		.short	0
 18487 4ff2 E739     		.short	14823
 18488 4ff4 96B5     		.short	-19050
 18489 4ff6 0000     		.short	0
 18490 4ff8 4108     		.short	2113
 18491 4ffa 4108     		.short	2113
 18492 4ffc 4108     		.short	2113
 18493 4ffe 4108     		.short	2113
 18494 5000 4108     		.short	2113
 18495 5002 4108     		.short	2113
 18496 5004 4108     		.short	2113
 18497 5006 4108     		.short	2113
 18498 5008 4108     		.short	2113
 18499 500a 4108     		.short	2113
 18500 500c 4108     		.short	2113
 18501 500e 4108     		.short	2113
 18502 5010 2000     		.short	32
 18503 5012 4529     		.short	10565
 18504 5014 4108     		.short	2113
 18505 5016 2000     		.short	32
 18506 5018 4108     		.short	2113
 18507 501a 4108     		.short	2113
 18508 501c 4108     		.short	2113
 18509 501e 4108     		.short	2113
 18510 5020 4108     		.short	2113
 18511 5022 4108     		.short	2113
 18512 5024 4108     		.short	2113
 18513 5026 4108     		.short	2113
 18514 5028 4108     		.short	2113
 18515 502a 4108     		.short	2113
 18516 502c 4108     		.short	2113
 18517 502e 4108     		.short	2113
 18518 5030 4108     		.short	2113
 18519 5032 2000     		.short	32
 18520 5034 4108     		.short	2113
 18521 5036 4108     		.short	2113
 18522 5038 4108     		.short	2113
 18523 503a 4108     		.short	2113
 18524 503c 4108     		.short	2113
 18525 503e 4108     		.short	2113
 18526 5040 4108     		.short	2113
 18527 5042 4108     		.short	2113
 18528 5044 4108     		.short	2113
 18529 5046 4108     		.short	2113
 18530 5048 4108     		.short	2113
 18531 504a 4108     		.short	2113
 18532 504c 4108     		.short	2113
 18533 504e 4108     		.short	2113
 18534 5050 4108     		.short	2113
 18535 5052 4108     		.short	2113
 18536 5054 4108     		.short	2113
 18537 5056 4108     		.short	2113
 18538 5058 4108     		.short	2113
 18539 505a 4108     		.short	2113
 18540 505c 4108     		.short	2113
 18541 505e 4108     		.short	2113
ARM GAS  /tmp/cczpKMPG.s 			page 370


 18542 5060 4108     		.short	2113
 18543 5062 4108     		.short	2113
 18544 5064 4108     		.short	2113
 18545 5066 4108     		.short	2113
 18546 5068 4108     		.short	2113
 18547 506a 4108     		.short	2113
 18548 506c 4108     		.short	2113
 18549 506e 4108     		.short	2113
 18550 5070 4108     		.short	2113
 18551 5072 4108     		.short	2113
 18552 5074 4108     		.short	2113
 18553 5076 4108     		.short	2113
 18554 5078 4108     		.short	2113
 18555 507a 4108     		.short	2113
 18556 507c 4108     		.short	2113
 18557 507e 4108     		.short	2113
 18558 5080 4108     		.short	2113
 18559 5082 4108     		.short	2113
 18560 5084 4108     		.short	2113
 18561 5086 4108     		.short	2113
 18562 5088 4108     		.short	2113
 18563 508a 4108     		.short	2113
 18564 508c 4108     		.short	2113
 18565 508e 4108     		.short	2113
 18566 5090 4108     		.short	2113
 18567 5092 4108     		.short	2113
 18568 5094 4108     		.short	2113
 18569 5096 4108     		.short	2113
 18570 5098 4108     		.short	2113
 18571 509a 4108     		.short	2113
 18572 509c 4108     		.short	2113
 18573 509e 4108     		.short	2113
 18574 50a0 4108     		.short	2113
 18575 50a2 4108     		.short	2113
 18576 50a4 4108     		.short	2113
 18577 50a6 4108     		.short	2113
 18578 50a8 4108     		.short	2113
 18579 50aa 4108     		.short	2113
 18580 50ac 4108     		.short	2113
 18581 50ae 4108     		.short	2113
 18582 50b0 4108     		.short	2113
 18583 50b2 4108     		.short	2113
 18584 50b4 4108     		.short	2113
 18585 50b6 4108     		.short	2113
 18586 50b8 4108     		.short	2113
 18587 50ba 4108     		.short	2113
 18588 50bc 4108     		.short	2113
 18589 50be 4108     		.short	2113
 18590 50c0 0000     		.short	0
 18591 50c2 694A     		.short	19049
 18592 50c4 0C63     		.short	25356
 18593 50c6 0000     		.short	0
 18594 50c8 4108     		.short	2113
 18595 50ca 4108     		.short	2113
 18596 50cc 4108     		.short	2113
 18597 50ce 4108     		.short	2113
 18598 50d0 4108     		.short	2113
ARM GAS  /tmp/cczpKMPG.s 			page 371


 18599 50d2 4108     		.short	2113
 18600 50d4 4108     		.short	2113
 18601 50d6 4108     		.short	2113
 18602 50d8 4108     		.short	2113
 18603 50da 4108     		.short	2113
 18604 50dc 4108     		.short	2113
 18605 50de 4108     		.short	2113
 18606 50e0 4108     		.short	2113
 18607 50e2 2000     		.short	32
 18608 50e4 4108     		.short	2113
 18609 50e6 4108     		.short	2113
 18610 50e8 4108     		.short	2113
 18611 50ea 4108     		.short	2113
 18612 50ec 4108     		.short	2113
 18613 50ee 4108     		.short	2113
 18614 50f0 4108     		.short	2113
 18615 50f2 4108     		.short	2113
 18616 50f4 4108     		.short	2113
 18617 50f6 4108     		.short	2113
 18618 50f8 4108     		.short	2113
 18619 50fa 4108     		.short	2113
 18620 50fc 4108     		.short	2113
 18621 50fe 4108     		.short	2113
 18622 5100 4108     		.short	2113
 18623 5102 4108     		.short	2113
 18624 5104 4108     		.short	2113
 18625 5106 4108     		.short	2113
 18626 5108 4108     		.short	2113
 18627 510a 4108     		.short	2113
 18628 510c 4108     		.short	2113
 18629 510e 4108     		.short	2113
 18630 5110 4108     		.short	2113
 18631 5112 4108     		.short	2113
 18632 5114 4108     		.short	2113
 18633 5116 4108     		.short	2113
 18634 5118 4108     		.short	2113
 18635 511a 4108     		.short	2113
 18636 511c 4108     		.short	2113
 18637 511e 4108     		.short	2113
 18638 5120 4108     		.short	2113
 18639 5122 4108     		.short	2113
 18640 5124 4108     		.short	2113
 18641 5126 4108     		.short	2113
 18642 5128 4108     		.short	2113
 18643 512a 4108     		.short	2113
 18644 512c 4108     		.short	2113
 18645 512e 4108     		.short	2113
 18646 5130 4108     		.short	2113
 18647 5132 4108     		.short	2113
 18648 5134 4108     		.short	2113
 18649 5136 4108     		.short	2113
 18650 5138 4108     		.short	2113
 18651 513a 4108     		.short	2113
 18652 513c 4108     		.short	2113
 18653 513e 4108     		.short	2113
 18654 5140 4108     		.short	2113
 18655 5142 4108     		.short	2113
ARM GAS  /tmp/cczpKMPG.s 			page 372


 18656 5144 4108     		.short	2113
 18657 5146 4108     		.short	2113
 18658 5148 4108     		.short	2113
 18659 514a 4108     		.short	2113
 18660 514c 4108     		.short	2113
 18661 514e 4108     		.short	2113
 18662 5150 4108     		.short	2113
 18663 5152 4108     		.short	2113
 18664 5154 4108     		.short	2113
 18665 5156 4108     		.short	2113
 18666 5158 4108     		.short	2113
 18667 515a 4108     		.short	2113
 18668 515c 4108     		.short	2113
 18669 515e 4108     		.short	2113
 18670 5160 4108     		.short	2113
 18671 5162 4108     		.short	2113
 18672 5164 4108     		.short	2113
 18673 5166 4108     		.short	2113
 18674 5168 4108     		.short	2113
 18675 516a 4108     		.short	2113
 18676 516c 4108     		.short	2113
 18677 516e 4108     		.short	2113
 18678 5170 4108     		.short	2113
 18679 5172 4108     		.short	2113
 18680 5174 4108     		.short	2113
 18681 5176 4108     		.short	2113
 18682 5178 4108     		.short	2113
 18683 517a 4108     		.short	2113
 18684 517c 4108     		.short	2113
 18685 517e 4108     		.short	2113
 18686 5180 4108     		.short	2113
 18687 5182 4108     		.short	2113
 18688 5184 4108     		.short	2113
 18689 5186 4108     		.short	2113
 18690 5188 4108     		.short	2113
 18691 518a 4108     		.short	2113
 18692 518c 4108     		.short	2113
 18693 518e 4108     		.short	2113
 18694 5190 0000     		.short	0
 18695 5192 E739     		.short	14823
 18696 5194 0421     		.short	8452
 18697 5196 0000     		.short	0
 18698 5198 4108     		.short	2113
 18699 519a 4108     		.short	2113
 18700 519c 4108     		.short	2113
 18701 519e 4108     		.short	2113
 18702 51a0 4108     		.short	2113
 18703 51a2 4108     		.short	2113
 18704 51a4 4108     		.short	2113
 18705 51a6 4108     		.short	2113
 18706 51a8 4108     		.short	2113
 18707 51aa 4108     		.short	2113
 18708 51ac 4108     		.short	2113
 18709 51ae 4108     		.short	2113
 18710 51b0 4108     		.short	2113
 18711 51b2 4108     		.short	2113
 18712 51b4 4108     		.short	2113
ARM GAS  /tmp/cczpKMPG.s 			page 373


 18713 51b6 4108     		.short	2113
 18714 51b8 4108     		.short	2113
 18715 51ba 4108     		.short	2113
 18716 51bc 4108     		.short	2113
 18717 51be 4108     		.short	2113
 18718 51c0 4108     		.short	2113
 18719 51c2 4108     		.short	2113
 18720 51c4 4108     		.short	2113
 18721 51c6 4108     		.short	2113
 18722 51c8 4108     		.short	2113
 18723 51ca 4108     		.short	2113
 18724 51cc 4108     		.short	2113
 18725 51ce 4108     		.short	2113
 18726 51d0 4108     		.short	2113
 18727 51d2 4108     		.short	2113
 18728 51d4 4108     		.short	2113
 18729 51d6 4108     		.short	2113
 18730 51d8 4108     		.short	2113
 18731 51da 4108     		.short	2113
 18732 51dc 4108     		.short	2113
 18733 51de 4108     		.short	2113
 18734 51e0 4108     		.short	2113
 18735 51e2 4108     		.short	2113
 18736 51e4 4108     		.short	2113
 18737 51e6 4108     		.short	2113
 18738 51e8 4108     		.short	2113
 18739 51ea 4108     		.short	2113
 18740 51ec 4108     		.short	2113
 18741 51ee 4108     		.short	2113
 18742 51f0 4108     		.short	2113
 18743 51f2 4108     		.short	2113
 18744 51f4 4108     		.short	2113
 18745 51f6 4108     		.short	2113
 18746 51f8 4108     		.short	2113
 18747 51fa 4108     		.short	2113
 18748 51fc 4108     		.short	2113
 18749 51fe 4108     		.short	2113
 18750 5200 4108     		.short	2113
 18751 5202 4108     		.short	2113
 18752 5204 4108     		.short	2113
 18753 5206 4108     		.short	2113
 18754 5208 4108     		.short	2113
 18755 520a 4108     		.short	2113
 18756 520c 4108     		.short	2113
 18757 520e 4108     		.short	2113
 18758              		.section	.rodata
 18759              		.align	2
 18760              		.set	.LANCHOR0,. + 0
 18761              	.LC0:
 18762 0000 4400     		.short	68
 18763 0002 5E00     		.short	94
 18764 0004 7800     		.short	120
 18765 0006 9200     		.short	146
 18766 0008 AC00     		.short	172
 18767 000a 0000     		.space	2
 18768              	.LC76:
 18769 000c 00000000 		.word	.LC1
ARM GAS  /tmp/cczpKMPG.s 			page 374


 18770 0010 08000000 		.word	.LC2
 18771 0014 0C000000 		.word	.LC3
 18772 0018 14000000 		.word	.LC4
 18773              		.text
 18774              	.Letext0:
 18775              		.file 2 "/usr/arm-none-eabi/include/machine/_default_types.h"
 18776              		.file 3 "/usr/arm-none-eabi/include/sys/_stdint.h"
 18777              		.file 4 "Drivers/CMSIS/Device/ST/STM32F4xx/Include/stm32f401xc.h"
 18778              		.file 5 "/usr/lib/gcc/arm-none-eabi/16.1.0/include/stddef.h"
 18779              		.file 6 "Drivers/STM32F4xx_HAL_Driver/Inc/stm32f4xx_hal_gpio.h"
 18780              		.file 7 "Core/Inc/ui/screens.h"
 18781              		.file 8 "Core/Inc/display/gfx.h"
 18782              		.file 9 "Core/Inc/ui/widgets.h"
 18783              		.file 10 "Core/Inc/app/telemetry.h"
 18784              		.file 11 "Core/Inc/ui/ui_state.h"
 18785              		.file 12 "Core/Inc/display/logo.h"
 18786              		.file 13 "Core/Inc/display/ili9341.h"
 18787              		.file 14 "/usr/arm-none-eabi/include/string.h"
 18788              		.file 15 "/usr/arm-none-eabi/include/stdio.h"
 18789              		.file 16 "Drivers/STM32F4xx_HAL_Driver/Inc/stm32f4xx_hal.h"
ARM GAS  /tmp/cczpKMPG.s 			page 375


DEFINED SYMBOLS
                            *ABS*:00000000 screens.c
     /tmp/cczpKMPG.s:21     .text.current_color:00000000 $t
     /tmp/cczpKMPG.s:26     .text.current_color:00000000 current_color
     /tmp/cczpKMPG.s:54     .text.cell_color:00000000 $t
     /tmp/cczpKMPG.s:59     .text.cell_color:00000000 cell_color
     /tmp/cczpKMPG.s:100    .text.stats_row_y:00000000 $t
     /tmp/cczpKMPG.s:105    .text.stats_row_y:00000000 stats_row_y
     /tmp/cczpKMPG.s:141    .text.t_overc:00000000 $t
     /tmp/cczpKMPG.s:146    .text.t_overc:00000000 t_overc
     /tmp/cczpKMPG.s:208    .text.t_overc:0000004c $d
     /tmp/cczpKMPG.s:214    .text.detail_value:00000000 $t
     /tmp/cczpKMPG.s:219    .text.detail_value:00000000 detail_value
     /tmp/cczpKMPG.s:276    .text.detail_value:00000038 $d
     /tmp/cczpKMPG.s:281    .text.draw_footer:00000000 $t
     /tmp/cczpKMPG.s:286    .text.draw_footer:00000000 draw_footer
     /tmp/cczpKMPG.s:403    .text.draw_footer:00000074 $d
     /tmp/cczpKMPG.s:408    .rodata.ports_legend_row.str1.4:00000000 $d
     /tmp/cczpKMPG.s:418    .text.ports_legend_row:00000000 $t
     /tmp/cczpKMPG.s:423    .text.ports_legend_row:00000000 ports_legend_row
     /tmp/cczpKMPG.s:600    .text.ports_legend_row:0000010c $d
     /tmp/cczpKMPG.s:8220   .rodata._port_meta:00000000 _port_meta
     /tmp/cczpKMPG.s:612    .rodata.f_maxt.str1.4:00000000 $d
     /tmp/cczpKMPG.s:616    .text.f_maxt:00000000 $t
     /tmp/cczpKMPG.s:621    .text.f_maxt:00000000 f_maxt
     /tmp/cczpKMPG.s:645    .text.f_maxt:00000010 $d
     /tmp/cczpKMPG.s:651    .rodata.f_uptime.str1.4:00000000 $d
     /tmp/cczpKMPG.s:655    .text.f_uptime:00000000 $t
     /tmp/cczpKMPG.s:660    .text.f_uptime:00000000 f_uptime
     /tmp/cczpKMPG.s:704    .text.f_uptime:00000038 $d
     /tmp/cczpKMPG.s:712    .rodata.f_energy.str1.4:00000000 $d
     /tmp/cczpKMPG.s:716    .text.f_energy:00000000 $t
     /tmp/cczpKMPG.s:721    .text.f_energy:00000000 f_energy
     /tmp/cczpKMPG.s:764    .text.f_energy:00000034 $d
     /tmp/cczpKMPG.s:772    .rodata.f_maxin.str1.4:00000000 $d
     /tmp/cczpKMPG.s:776    .text.f_maxin:00000000 $t
     /tmp/cczpKMPG.s:781    .text.f_maxin:00000000 f_maxin
     /tmp/cczpKMPG.s:805    .text.f_maxin:00000010 $d
     /tmp/cczpKMPG.s:811    .text.f_maxout:00000000 $t
     /tmp/cczpKMPG.s:816    .text.f_maxout:00000000 f_maxout
     /tmp/cczpKMPG.s:840    .text.f_maxout:00000010 $d
     /tmp/cczpKMPG.s:846    .rodata.f_sess.str1.4:00000000 $d
     /tmp/cczpKMPG.s:850    .text.f_sess:00000000 $t
     /tmp/cczpKMPG.s:855    .text.f_sess:00000000 f_sess
     /tmp/cczpKMPG.s:879    .text.f_sess:00000010 $d
     /tmp/cczpKMPG.s:885    .rodata.f_cap.str1.4:00000000 $d
     /tmp/cczpKMPG.s:889    .text.f_cap:00000000 $t
     /tmp/cczpKMPG.s:894    .text.f_cap:00000000 f_cap
     /tmp/cczpKMPG.s:929    .text.f_cap:00000018 $d
     /tmp/cczpKMPG.s:935    .rodata.f_soh.str1.4:00000000 $d
     /tmp/cczpKMPG.s:939    .text.f_soh:00000000 $t
     /tmp/cczpKMPG.s:944    .text.f_soh:00000000 f_soh
     /tmp/cczpKMPG.s:968    .text.f_soh:00000010 $d
     /tmp/cczpKMPG.s:974    .text.f_cycles:00000000 $t
     /tmp/cczpKMPG.s:979    .text.f_cycles:00000000 f_cycles
     /tmp/cczpKMPG.s:1003   .text.f_cycles:00000010 $d
     /tmp/cczpKMPG.s:1009   .rodata.out_fmt_volt.str1.4:00000000 $d
ARM GAS  /tmp/cczpKMPG.s 			page 376


     /tmp/cczpKMPG.s:1013   .text.out_fmt_volt:00000000 $t
     /tmp/cczpKMPG.s:1018   .text.out_fmt_volt:00000000 out_fmt_volt
     /tmp/cczpKMPG.s:1059   .text.out_fmt_volt:00000030 $d
     /tmp/cczpKMPG.s:1066   .text.ports_graph:00000000 $t
     /tmp/cczpKMPG.s:1071   .text.ports_graph:00000000 ports_graph
     /tmp/cczpKMPG.s:1174   .text.ports_graph:0000008c $d
     /tmp/cczpKMPG.s:1180   .rodata.disp_draw_rows.str1.4:00000000 $d
     /tmp/cczpKMPG.s:1217   .text.disp_draw_rows:00000000 $t
     /tmp/cczpKMPG.s:1222   .text.disp_draw_rows:00000000 disp_draw_rows
     /tmp/cczpKMPG.s:1441   .text.disp_draw_rows:00000138 $d
     /tmp/cczpKMPG.s:8119   .data._asleep_idx:00000000 _asleep_idx
     /tmp/cczpKMPG.s:8125   .rodata._asleep_min:00000000 _asleep_min
     /tmp/cczpKMPG.s:8133   .bss._disp_edit:00000000 _disp_edit
     /tmp/cczpKMPG.s:8138   .bss._disp_row:00000000 _disp_row
     /tmp/cczpKMPG.s:1463   .rodata.test_draw_rows.str1.4:00000000 $d
     /tmp/cczpKMPG.s:1467   .text.test_draw_rows:00000000 $t
     /tmp/cczpKMPG.s:1472   .text.test_draw_rows:00000000 test_draw_rows
     /tmp/cczpKMPG.s:1559   .text.test_draw_rows:00000068 $d
     /tmp/cczpKMPG.s:8096   .rodata._test_rows:00000000 _test_rows
     /tmp/cczpKMPG.s:8114   .bss._test_row:00000000 _test_row
     /tmp/cczpKMPG.s:1567   .text.t_reset:00000000 $t
     /tmp/cczpKMPG.s:1572   .text.t_reset:00000000 t_reset
     /tmp/cczpKMPG.s:1592   .text.t_hight:00000000 $t
     /tmp/cczpKMPG.s:1597   .text.t_hight:00000000 t_hight
     /tmp/cczpKMPG.s:1621   .text.t_hight:00000010 $d
     /tmp/cczpKMPG.s:1626   .text.t_lowt:00000000 $t
     /tmp/cczpKMPG.s:1631   .text.t_lowt:00000000 t_lowt
     /tmp/cczpKMPG.s:1655   .text.t_lowt:00000010 $d
     /tmp/cczpKMPG.s:1660   .text.t_vcrit:00000000 $t
     /tmp/cczpKMPG.s:1665   .text.t_vcrit:00000000 t_vcrit
     /tmp/cczpKMPG.s:1727   .text.t_vcrit:00000034 $d
     /tmp/cczpKMPG.s:1733   .text.t_lowv:00000000 $t
     /tmp/cczpKMPG.s:1738   .text.t_lowv:00000000 t_lowv
     /tmp/cczpKMPG.s:1800   .text.t_lowv:00000034 $d
     /tmp/cczpKMPG.s:1806   .rodata.confirm_draw_buttons.str1.4:00000000 $d
     /tmp/cczpKMPG.s:1813   .text.confirm_draw_buttons:00000000 $t
     /tmp/cczpKMPG.s:1818   .text.confirm_draw_buttons:00000000 confirm_draw_buttons
     /tmp/cczpKMPG.s:1870   .text.confirm_draw_buttons:00000040 $d
     /tmp/cczpKMPG.s:8066   .data._confirm_sel:00000000 _confirm_sel
     /tmp/cczpKMPG.s:1877   .rodata.lab_bench_render.str1.4:00000000 $d
     /tmp/cczpKMPG.s:1929   .text.lab_bench_render:00000000 $t
     /tmp/cczpKMPG.s:1934   .text.lab_bench_render:00000000 lab_bench_render
     /tmp/cczpKMPG.s:2269   .text.lab_bench_render:000001c4 $d
     /tmp/cczpKMPG.s:7927   .data._out_ch:00000000 _out_ch
     /tmp/cczpKMPG.s:2283   .text.lab_bench_render:000001f0 $t
     /tmp/cczpKMPG.s:2679   .text.lab_bench_render:00000498 $d
     /tmp/cczpKMPG.s:7898   .bss._out_edit:00000000 _out_edit
     /tmp/cczpKMPG.s:7903   .bss._out_row:00000000 _out_row
     /tmp/cczpKMPG.s:2702   .rodata.out_draw_rows.str1.4:00000000 $d
     /tmp/cczpKMPG.s:2721   .text.out_draw_rows:00000000 $t
     /tmp/cczpKMPG.s:2726   .text.out_draw_rows:00000000 out_draw_rows
     /tmp/cczpKMPG.s:3008   .text.out_draw_rows:000001c4 $d
     /tmp/cczpKMPG.s:7908   .bss._out_cur:00000000 _out_cur
     /tmp/cczpKMPG.s:3031   .text.out_apply_enable:00000000 $t
     /tmp/cczpKMPG.s:3036   .text.out_apply_enable:00000000 out_apply_enable
     /tmp/cczpKMPG.s:3100   .text.out_apply_enable:00000050 $d
     /tmp/cczpKMPG.s:3105   .text.battery_color_pub:00000000 $t
ARM GAS  /tmp/cczpKMPG.s 			page 377


     /tmp/cczpKMPG.s:3111   .text.battery_color_pub:00000000 battery_color_pub
     /tmp/cczpKMPG.s:3150   .text.temp_color_pub:00000000 $t
     /tmp/cczpKMPG.s:3156   .text.temp_color_pub:00000000 temp_color_pub
     /tmp/cczpKMPG.s:3206   .text.temp_out_of_range_pub:00000000 $t
     /tmp/cczpKMPG.s:3212   .text.temp_out_of_range_pub:00000000 temp_out_of_range_pub
     /tmp/cczpKMPG.s:3237   .text.volt_color_pub:00000000 $t
     /tmp/cczpKMPG.s:3243   .text.volt_color_pub:00000000 volt_color_pub
     /tmp/cczpKMPG.s:3313   .text.volt_color_pub:00000048 $d
     /tmp/cczpKMPG.s:3318   .text.volt_alarm_pub:00000000 $t
     /tmp/cczpKMPG.s:3324   .text.volt_alarm_pub:00000000 volt_alarm_pub
     /tmp/cczpKMPG.s:3365   .rodata.Screen_Header_RefreshIcons.str1.4:00000000 $d
     /tmp/cczpKMPG.s:3369   .text.Screen_Header_RefreshIcons:00000000 $t
     /tmp/cczpKMPG.s:3375   .text.Screen_Header_RefreshIcons:00000000 Screen_Header_RefreshIcons
     /tmp/cczpKMPG.s:3547   .text.Screen_Header_RefreshIcons:000000e4 $d
     /tmp/cczpKMPG.s:3554   .text.draw_header:00000000 $t
     /tmp/cczpKMPG.s:3559   .text.draw_header:00000000 draw_header
     /tmp/cczpKMPG.s:3626   .text.draw_header:00000050 $d
     /tmp/cczpKMPG.s:3631   .rodata.Screen_Boot_Draw.str1.4:00000000 $d
     /tmp/cczpKMPG.s:3653   .text.Screen_Boot_Draw:00000000 $t
     /tmp/cczpKMPG.s:3659   .text.Screen_Boot_Draw:00000000 Screen_Boot_Draw
     /tmp/cczpKMPG.s:3825   .text.Screen_Boot_Draw:0000011c $d
     /tmp/cczpKMPG.s:8253   .rodata.logo_data:00000000 logo_data
     /tmp/cczpKMPG.s:3838   .rodata.Screen_Main_Update.str1.4:00000000 $d
     /tmp/cczpKMPG.s:3854   .text.Screen_Main_Update:00000000 $t
     /tmp/cczpKMPG.s:3860   .text.Screen_Main_Update:00000000 Screen_Main_Update
     /tmp/cczpKMPG.s:4126   .text.Screen_Main_Update:000001a4 $d
     /tmp/cczpKMPG.s:4145   .rodata.Screen_Main_Draw.str1.4:00000000 $d
     /tmp/cczpKMPG.s:4158   .text.Screen_Main_Draw:00000000 $t
     /tmp/cczpKMPG.s:4164   .text.Screen_Main_Draw:00000000 Screen_Main_Draw
     /tmp/cczpKMPG.s:4252   .text.Screen_Main_Draw:00000080 $d
     /tmp/cczpKMPG.s:4262   .rodata.Screen_Detail_Update.str1.4:00000000 $d
     /tmp/cczpKMPG.s:4275   .text.Screen_Detail_Update:00000000 $t
     /tmp/cczpKMPG.s:4281   .text.Screen_Detail_Update:00000000 Screen_Detail_Update
     /tmp/cczpKMPG.s:4555   .text.Screen_Detail_Update:000001a8 $d
     /tmp/cczpKMPG.s:4572   .rodata.Screen_Detail_Draw.str1.4:00000000 $d
     /tmp/cczpKMPG.s:4588   .text.Screen_Detail_Draw:00000000 $t
     /tmp/cczpKMPG.s:4594   .text.Screen_Detail_Draw:00000000 Screen_Detail_Draw
     /tmp/cczpKMPG.s:4730   .text.Screen_Detail_Draw:000000d8 $d
     /tmp/cczpKMPG.s:4743   .rodata.Screen_Graph_Update.str1.4:00000000 $d
     /tmp/cczpKMPG.s:4747   .text.Screen_Graph_Update:00000000 $t
     /tmp/cczpKMPG.s:4753   .text.Screen_Graph_Update:00000000 Screen_Graph_Update
     /tmp/cczpKMPG.s:4837   .text.Screen_Graph_Update:0000007c $d
     /tmp/cczpKMPG.s:8239   .data._graph_fs_idx:00000000 _graph_fs_idx
     /tmp/cczpKMPG.s:8245   .rodata._graph_fs:00000000 _graph_fs
     /tmp/cczpKMPG.s:4846   .rodata.Screen_Graph_Draw.str1.4:00000000 $d
     /tmp/cczpKMPG.s:4859   .text.Screen_Graph_Draw:00000000 $t
     /tmp/cczpKMPG.s:4865   .text.Screen_Graph_Draw:00000000 Screen_Graph_Draw
     /tmp/cczpKMPG.s:4972   .text.Screen_Graph_Draw:000000b0 $d
     /tmp/cczpKMPG.s:4984   .text.Screen_Graph_CycleScale:00000000 $t
     /tmp/cczpKMPG.s:4990   .text.Screen_Graph_CycleScale:00000000 Screen_Graph_CycleScale
     /tmp/cczpKMPG.s:5021   .text.Screen_Graph_CycleScale:0000001c $d
     /tmp/cczpKMPG.s:5027   .rodata.Screen_Ports_Draw.str1.4:00000000 $d
     /tmp/cczpKMPG.s:5037   .text.Screen_Ports_Draw:00000000 $t
     /tmp/cczpKMPG.s:5043   .text.Screen_Ports_Draw:00000000 Screen_Ports_Draw
     /tmp/cczpKMPG.s:5130   .text.Screen_Ports_Draw:0000005c $d
     /tmp/cczpKMPG.s:5138   .text.Screen_Ports_Update:00000000 $t
     /tmp/cczpKMPG.s:5144   .text.Screen_Ports_Update:00000000 Screen_Ports_Update
ARM GAS  /tmp/cczpKMPG.s 			page 378


     /tmp/cczpKMPG.s:5189   .text.Screen_Stats_Update:00000000 $t
     /tmp/cczpKMPG.s:5195   .text.Screen_Stats_Update:00000000 Screen_Stats_Update
     /tmp/cczpKMPG.s:5311   .text.Screen_Stats_Update:00000074 $d
     /tmp/cczpKMPG.s:8172   .rodata._stats_rows:00000000 _stats_rows
     /tmp/cczpKMPG.s:5319   .rodata.Screen_Stats_Draw.str1.4:00000000 $d
     /tmp/cczpKMPG.s:5329   .text.Screen_Stats_Draw:00000000 $t
     /tmp/cczpKMPG.s:5335   .text.Screen_Stats_Draw:00000000 Screen_Stats_Draw
     /tmp/cczpKMPG.s:5463   .text.Screen_Stats_Draw:000000a0 $d
     /tmp/cczpKMPG.s:5472   .text.Screen_Display_GetAutoSleepMs:00000000 $t
     /tmp/cczpKMPG.s:5478   .text.Screen_Display_GetAutoSleepMs:00000000 Screen_Display_GetAutoSleepMs
     /tmp/cczpKMPG.s:5498   .text.Screen_Display_GetAutoSleepMs:00000014 $d
     /tmp/cczpKMPG.s:5504   .text.Screen_Display_Open:00000000 $t
     /tmp/cczpKMPG.s:5510   .text.Screen_Display_Open:00000000 Screen_Display_Open
     /tmp/cczpKMPG.s:5531   .text.Screen_Display_Open:0000000c $d
     /tmp/cczpKMPG.s:5537   .rodata.Screen_Display_Draw.str1.4:00000000 $d
     /tmp/cczpKMPG.s:5541   .text.Screen_Display_Draw:00000000 $t
     /tmp/cczpKMPG.s:5547   .text.Screen_Display_Draw:00000000 Screen_Display_Draw
     /tmp/cczpKMPG.s:5574   .text.Screen_Display_Draw:00000018 $d
     /tmp/cczpKMPG.s:5579   .text.Screen_Display_OnRotate:00000000 $t
     /tmp/cczpKMPG.s:5585   .text.Screen_Display_OnRotate:00000000 Screen_Display_OnRotate
     /tmp/cczpKMPG.s:5731   .text.Screen_Display_OnRotate:00000090 $d
     /tmp/cczpKMPG.s:5739   .text.Screen_Test_Open:00000000 $t
     /tmp/cczpKMPG.s:5745   .text.Screen_Test_Open:00000000 Screen_Test_Open
     /tmp/cczpKMPG.s:5762   .text.Screen_Test_Open:00000008 $d
     /tmp/cczpKMPG.s:5767   .rodata.Screen_Test_Draw.str1.4:00000000 $d
     /tmp/cczpKMPG.s:5771   .text.Screen_Test_Draw:00000000 $t
     /tmp/cczpKMPG.s:5777   .text.Screen_Test_Draw:00000000 Screen_Test_Draw
     /tmp/cczpKMPG.s:5804   .text.Screen_Test_Draw:00000018 $d
     /tmp/cczpKMPG.s:5809   .text.Screen_Test_OnRotate:00000000 $t
     /tmp/cczpKMPG.s:5815   .text.Screen_Test_OnRotate:00000000 Screen_Test_OnRotate
     /tmp/cczpKMPG.s:5864   .text.Screen_Test_OnRotate:00000030 $d
     /tmp/cczpKMPG.s:5870   .rodata.Screen_Test_OnPress.str1.4:00000000 $d
     /tmp/cczpKMPG.s:5874   .text.Screen_Test_OnPress:00000000 $t
     /tmp/cczpKMPG.s:5880   .text.Screen_Test_OnPress:00000000 Screen_Test_OnPress
     /tmp/cczpKMPG.s:5940   .text.Screen_Test_OnPress:00000040 $d
     /tmp/cczpKMPG.s:5947   .text.Screen_Confirm_Open:00000000 $t
     /tmp/cczpKMPG.s:5953   .text.Screen_Confirm_Open:00000000 Screen_Confirm_Open
     /tmp/cczpKMPG.s:5975   .text.Screen_Confirm_Open:0000000c $d
     /tmp/cczpKMPG.s:8071   .bss._confirm_action:00000000 _confirm_action
     /tmp/cczpKMPG.s:5981   .text.Screen_Display_OnPress:00000000 $t
     /tmp/cczpKMPG.s:5987   .text.Screen_Display_OnPress:00000000 Screen_Display_OnPress
     /tmp/cczpKMPG.s:6011   .text.Screen_Display_OnPress:00000014 $d
     /tmp/cczpKMPG.s:6067   .text.Screen_Display_OnPress:0000004c $d
     /tmp/cczpKMPG.s:6073   .text.Screen_Confirm_GetAction:00000000 $t
     /tmp/cczpKMPG.s:6079   .text.Screen_Confirm_GetAction:00000000 Screen_Confirm_GetAction
     /tmp/cczpKMPG.s:6094   .text.Screen_Confirm_GetAction:00000008 $d
     /tmp/cczpKMPG.s:6099   .rodata.Screen_Confirm_Draw.str1.4:00000000 $d
     /tmp/cczpKMPG.s:6112   .text.Screen_Confirm_Draw:00000000 $t
     /tmp/cczpKMPG.s:6118   .text.Screen_Confirm_Draw:00000000 Screen_Confirm_Draw
     /tmp/cczpKMPG.s:6236   .text.Screen_Confirm_Draw:000000a4 $d
     /tmp/cczpKMPG.s:8060   .rodata._confirm_title:00000000 _confirm_title
     /tmp/cczpKMPG.s:6247   .text.Screen_Confirm_OnRotate:00000000 $t
     /tmp/cczpKMPG.s:6253   .text.Screen_Confirm_OnRotate:00000000 Screen_Confirm_OnRotate
     /tmp/cczpKMPG.s:6281   .text.Screen_Confirm_OnRotate:00000014 $d
     /tmp/cczpKMPG.s:6286   .text.Screen_Confirm_OnPress:00000000 $t
     /tmp/cczpKMPG.s:6292   .text.Screen_Confirm_OnPress:00000000 Screen_Confirm_OnPress
     /tmp/cczpKMPG.s:6316   .text.Screen_Confirm_OnPress:00000010 $d
ARM GAS  /tmp/cczpKMPG.s 			page 379


     /tmp/cczpKMPG.s:6321   .text.Screen_Warning_Open:00000000 $t
     /tmp/cczpKMPG.s:6327   .text.Screen_Warning_Open:00000000 Screen_Warning_Open
     /tmp/cczpKMPG.s:6344   .text.Screen_Warning_Open:00000008 $d
     /tmp/cczpKMPG.s:8047   .bss._warn_type:00000000 _warn_type
     /tmp/cczpKMPG.s:6349   .rodata.Screen_Warning_Draw.str1.4:00000000 $d
     /tmp/cczpKMPG.s:6356   .text.Screen_Warning_Draw:00000000 $t
     /tmp/cczpKMPG.s:6362   .text.Screen_Warning_Draw:00000000 Screen_Warning_Draw
     /tmp/cczpKMPG.s:6650   .text.Screen_Warning_Draw:000001a4 $d
     /tmp/cczpKMPG.s:8031   .rodata._warn_text:00000000 _warn_text
     /tmp/cczpKMPG.s:6664   .text.Screen_Sleep_Draw:00000000 $t
     /tmp/cczpKMPG.s:6670   .text.Screen_Sleep_Draw:00000000 Screen_Sleep_Draw
     /tmp/cczpKMPG.s:6691   .rodata.Screen_Output_RowStatus.str1.4:00000000 $d
     /tmp/cczpKMPG.s:6695   .text.Screen_Output_RowStatus:00000000 $t
     /tmp/cczpKMPG.s:6701   .text.Screen_Output_RowStatus:00000000 Screen_Output_RowStatus
     /tmp/cczpKMPG.s:6775   .text.Screen_Output_RowStatus:00000048 $d
     /tmp/cczpKMPG.s:7875   .bss.st.0:00000000 st.0
     /tmp/cczpKMPG.s:6784   .text.Screen_Settings_IsOutputRow:00000000 $t
     /tmp/cczpKMPG.s:6790   .text.Screen_Settings_IsOutputRow:00000000 Screen_Settings_IsOutputRow
     /tmp/cczpKMPG.s:6811   .text.Screen_Output_Open:00000000 $t
     /tmp/cczpKMPG.s:6817   .text.Screen_Output_Open:00000000 Screen_Output_Open
     /tmp/cczpKMPG.s:6850   .text.Screen_Output_Open:00000018 $d
     /tmp/cczpKMPG.s:6857   .rodata.Screen_Output_Draw.str1.4:00000000 $d
     /tmp/cczpKMPG.s:6861   .text.Screen_Output_Draw:00000000 $t
     /tmp/cczpKMPG.s:6867   .text.Screen_Output_Draw:00000000 Screen_Output_Draw
     /tmp/cczpKMPG.s:6927   .text.Screen_Output_Draw:00000044 $d
     /tmp/cczpKMPG.s:6935   .text.Screen_Output_Update:00000000 $t
     /tmp/cczpKMPG.s:6941   .text.Screen_Output_Update:00000000 Screen_Output_Update
     /tmp/cczpKMPG.s:6970   .text.Screen_Output_Update:00000010 $d
     /tmp/cczpKMPG.s:6975   .text.Screen_Output_OnRotate:00000000 $t
     /tmp/cczpKMPG.s:6981   .text.Screen_Output_OnRotate:00000000 Screen_Output_OnRotate
     /tmp/cczpKMPG.s:7234   .text.Screen_Output_OnRotate:00000108 $d
     /tmp/cczpKMPG.s:7952   .rodata._c2_pdo_mv:00000000 _c2_pdo_mv
     /tmp/cczpKMPG.s:7243   .text.Screen_Output_OnPress:00000000 $t
     /tmp/cczpKMPG.s:7249   .text.Screen_Output_OnPress:00000000 Screen_Output_OnPress
     /tmp/cczpKMPG.s:7339   .text.Screen_Output_OnPress:00000060 $d
     /tmp/cczpKMPG.s:7347   .text.Screen_Settings_LockAll:00000000 $t
     /tmp/cczpKMPG.s:7353   .text.Screen_Settings_LockAll:00000000 Screen_Settings_LockAll
     /tmp/cczpKMPG.s:7448   .text.Screen_Settings_LockAll:00000054 $d
     /tmp/cczpKMPG.s:7893   .bss._lock_all:00000000 _lock_all
     /tmp/cczpKMPG.s:7972   .data._settings_rows:00000000 _settings_rows
     /tmp/cczpKMPG.s:7455   .text.Screen_Settings_GetLockAll:00000000 $t
     /tmp/cczpKMPG.s:7461   .text.Screen_Settings_GetLockAll:00000000 Screen_Settings_GetLockAll
     /tmp/cczpKMPG.s:7476   .text.Screen_Settings_GetLockAll:00000008 $d
     /tmp/cczpKMPG.s:7481   .rodata.Screen_Settings_Update.str1.4:00000000 $d
     /tmp/cczpKMPG.s:7500   .text.Screen_Settings_Update:00000000 $t
     /tmp/cczpKMPG.s:7506   .text.Screen_Settings_Update:00000000 Screen_Settings_Update
     /tmp/cczpKMPG.s:7723   .text.Screen_Settings_Update:00000108 $d
     /tmp/cczpKMPG.s:7738   .rodata.Screen_Settings_Draw.str1.4:00000000 $d
     /tmp/cczpKMPG.s:7745   .text.Screen_Settings_Draw:00000000 $t
     /tmp/cczpKMPG.s:7751   .text.Screen_Settings_Draw:00000000 Screen_Settings_Draw
     /tmp/cczpKMPG.s:7813   .text.Screen_Settings_Draw:00000048 $d
     /tmp/cczpKMPG.s:7820   .text.Screen_Settings_Toggle:00000000 $t
     /tmp/cczpKMPG.s:7826   .text.Screen_Settings_Toggle:00000000 Screen_Settings_Toggle
     /tmp/cczpKMPG.s:7866   .text.Screen_Settings_Toggle:0000002c $d
     /tmp/cczpKMPG.s:7872   .bss.st.0:00000000 $d
     /tmp/cczpKMPG.s:7878   .rodata.str1.4:00000000 $d
     /tmp/cczpKMPG.s:7894   .bss._lock_all:00000000 $d
ARM GAS  /tmp/cczpKMPG.s 			page 380


     /tmp/cczpKMPG.s:7899   .bss._out_edit:00000000 $d
     /tmp/cczpKMPG.s:7904   .bss._out_row:00000000 $d
     /tmp/cczpKMPG.s:7909   .bss._out_cur:00000000 $d
     /tmp/cczpKMPG.s:7924   .data._out_ch:00000000 $d
     /tmp/cczpKMPG.s:7949   .rodata._c2_pdo_mv:00000000 $d
     /tmp/cczpKMPG.s:7969   .data._settings_rows:00000000 $d
     /tmp/cczpKMPG.s:8028   .rodata._warn_text:00000000 $d
     /tmp/cczpKMPG.s:8048   .bss._warn_type:00000000 $d
     /tmp/cczpKMPG.s:8057   .rodata._confirm_title:00000000 $d
     /tmp/cczpKMPG.s:8072   .bss._confirm_action:00000000 $d
     /tmp/cczpKMPG.s:8093   .rodata._test_rows:00000000 $d
     /tmp/cczpKMPG.s:8115   .bss._test_row:00000000 $d
     /tmp/cczpKMPG.s:8122   .rodata._asleep_min:00000000 $d
     /tmp/cczpKMPG.s:8134   .bss._disp_edit:00000000 $d
     /tmp/cczpKMPG.s:8139   .bss._disp_row:00000000 $d
     /tmp/cczpKMPG.s:8169   .rodata._stats_rows:00000000 $d
     /tmp/cczpKMPG.s:8217   .rodata._port_meta:00000000 $d
     /tmp/cczpKMPG.s:8242   .rodata._graph_fs:00000000 $d
     /tmp/cczpKMPG.s:8250   .rodata.logo_data:00000000 $d
     /tmp/cczpKMPG.s:18759  .rodata:00000000 $d
     /tmp/cczpKMPG.s:6016   .text.Screen_Display_OnPress:00000019 $d
     /tmp/cczpKMPG.s:6016   .text.Screen_Display_OnPress:0000001a $t

UNDEFINED SYMBOLS
telemetry
ILI9341_FillRect
GFX_DrawStringScaled
GFX_FontSmall
GFX_DrawCircle
GFX_DrawString
snprintf
port_stats
sys_stats
GFX_DrawRect
Widget_LineGraph_Trace
ILI9341_GetBrightness
Widget_MenuRow_Draw
Telemetry_ForcePoll
UI_RearmWarning
cell_mv
Widget_Button_Draw
GFX_FillRoundRect
strlen
GFX_DrawHLine
HAL_GPIO_WritePin
HAL_GetTick
Widget_StatusIcon_Draw
GFX_FontMedium
ILI9341_FillScreen
GFX_DrawBitmap
Widget_BatteryBar_Update
Widget_LineGraph_Draw
ttf_min
tte_min
Widget_BatteryBar_Draw
GFX_DrawVLine
ILI9341_SetBrightness
ARM GAS  /tmp/cczpKMPG.s 			page 381


UI_NavigateTo
UI_EnterSleep
UI_OpenConfirm
GFX_DrawLine
