ARM GAS  /tmp/cci2ucsl.s 			page 1


   1              		.cpu cortex-m4
   2              		.arch armv7e-m
   3              		.fpu fpv4-sp-d16
   4              		.eabi_attribute 27, 1
   5              		.eabi_attribute 28, 1
   6              		.eabi_attribute 20, 1
   7              		.eabi_attribute 21, 1
   8              		.eabi_attribute 23, 3
   9              		.eabi_attribute 24, 1
  10              		.eabi_attribute 25, 1
  11              		.eabi_attribute 26, 1
  12              		.eabi_attribute 30, 1
  13              		.eabi_attribute 34, 1
  14              		.eabi_attribute 18, 4
  15              		.file	"stm32f4xx_hal_spi.c"
  16              		.text
  17              	.Ltext0:
  18              		.cfi_sections	.debug_frame
  19              		.file 1 "Drivers/STM32F4xx_HAL_Driver/Src/stm32f4xx_hal_spi.c"
  20              		.section	.text.SPI_AbortRx_ISR,"ax",%progbits
  21              		.align	1
  22              		.syntax unified
  23              		.thumb
  24              		.thumb_func
  26              	SPI_AbortRx_ISR:
  27              	.LVL0:
  28              	.LFB273:
   1:Drivers/STM32F4xx_HAL_Driver/Src/stm32f4xx_hal_spi.c **** /**
   2:Drivers/STM32F4xx_HAL_Driver/Src/stm32f4xx_hal_spi.c ****   ******************************************************************************
   3:Drivers/STM32F4xx_HAL_Driver/Src/stm32f4xx_hal_spi.c ****   * @file    stm32f4xx_hal_spi.c
   4:Drivers/STM32F4xx_HAL_Driver/Src/stm32f4xx_hal_spi.c ****   * @author  MCD Application Team
   5:Drivers/STM32F4xx_HAL_Driver/Src/stm32f4xx_hal_spi.c ****   * @brief   SPI HAL module driver.
   6:Drivers/STM32F4xx_HAL_Driver/Src/stm32f4xx_hal_spi.c ****   *          This file provides firmware functions to manage the following
   7:Drivers/STM32F4xx_HAL_Driver/Src/stm32f4xx_hal_spi.c ****   *          functionalities of the Serial Peripheral Interface (SPI) peripheral:
   8:Drivers/STM32F4xx_HAL_Driver/Src/stm32f4xx_hal_spi.c ****   *           + Initialization and de-initialization functions
   9:Drivers/STM32F4xx_HAL_Driver/Src/stm32f4xx_hal_spi.c ****   *           + IO operation functions
  10:Drivers/STM32F4xx_HAL_Driver/Src/stm32f4xx_hal_spi.c ****   *           + Peripheral Control functions
  11:Drivers/STM32F4xx_HAL_Driver/Src/stm32f4xx_hal_spi.c ****   *           + Peripheral State functions
  12:Drivers/STM32F4xx_HAL_Driver/Src/stm32f4xx_hal_spi.c ****   ******************************************************************************
  13:Drivers/STM32F4xx_HAL_Driver/Src/stm32f4xx_hal_spi.c ****   * @attention
  14:Drivers/STM32F4xx_HAL_Driver/Src/stm32f4xx_hal_spi.c ****   *
  15:Drivers/STM32F4xx_HAL_Driver/Src/stm32f4xx_hal_spi.c ****   * Copyright (c) 2016 STMicroelectronics.
  16:Drivers/STM32F4xx_HAL_Driver/Src/stm32f4xx_hal_spi.c ****   * All rights reserved.
  17:Drivers/STM32F4xx_HAL_Driver/Src/stm32f4xx_hal_spi.c ****   *
  18:Drivers/STM32F4xx_HAL_Driver/Src/stm32f4xx_hal_spi.c ****   * This software is licensed under terms that can be found in the LICENSE file
  19:Drivers/STM32F4xx_HAL_Driver/Src/stm32f4xx_hal_spi.c ****   * in the root directory of this software component.
  20:Drivers/STM32F4xx_HAL_Driver/Src/stm32f4xx_hal_spi.c ****   * If no LICENSE file comes with this software, it is provided AS-IS.
  21:Drivers/STM32F4xx_HAL_Driver/Src/stm32f4xx_hal_spi.c ****   *
  22:Drivers/STM32F4xx_HAL_Driver/Src/stm32f4xx_hal_spi.c ****   ******************************************************************************
  23:Drivers/STM32F4xx_HAL_Driver/Src/stm32f4xx_hal_spi.c ****   @verbatim
  24:Drivers/STM32F4xx_HAL_Driver/Src/stm32f4xx_hal_spi.c ****   ==============================================================================
  25:Drivers/STM32F4xx_HAL_Driver/Src/stm32f4xx_hal_spi.c ****                         ##### How to use this driver #####
  26:Drivers/STM32F4xx_HAL_Driver/Src/stm32f4xx_hal_spi.c ****   ==============================================================================
  27:Drivers/STM32F4xx_HAL_Driver/Src/stm32f4xx_hal_spi.c ****     [..]
  28:Drivers/STM32F4xx_HAL_Driver/Src/stm32f4xx_hal_spi.c ****       The SPI HAL driver can be used as follows:
  29:Drivers/STM32F4xx_HAL_Driver/Src/stm32f4xx_hal_spi.c **** 
  30:Drivers/STM32F4xx_HAL_Driver/Src/stm32f4xx_hal_spi.c ****       (#) Declare a SPI_HandleTypeDef handle structure, for example:
ARM GAS  /tmp/cci2ucsl.s 			page 2


  31:Drivers/STM32F4xx_HAL_Driver/Src/stm32f4xx_hal_spi.c ****           SPI_HandleTypeDef  hspi;
  32:Drivers/STM32F4xx_HAL_Driver/Src/stm32f4xx_hal_spi.c **** 
  33:Drivers/STM32F4xx_HAL_Driver/Src/stm32f4xx_hal_spi.c ****       (#)Initialize the SPI low level resources by implementing the HAL_SPI_MspInit() API:
  34:Drivers/STM32F4xx_HAL_Driver/Src/stm32f4xx_hal_spi.c ****           (##) Enable the SPIx interface clock
  35:Drivers/STM32F4xx_HAL_Driver/Src/stm32f4xx_hal_spi.c ****           (##) SPI pins configuration
  36:Drivers/STM32F4xx_HAL_Driver/Src/stm32f4xx_hal_spi.c ****               (+++) Enable the clock for the SPI GPIOs
  37:Drivers/STM32F4xx_HAL_Driver/Src/stm32f4xx_hal_spi.c ****               (+++) Configure these SPI pins as alternate function push-pull
  38:Drivers/STM32F4xx_HAL_Driver/Src/stm32f4xx_hal_spi.c ****           (##) NVIC configuration if you need to use interrupt process
  39:Drivers/STM32F4xx_HAL_Driver/Src/stm32f4xx_hal_spi.c ****               (+++) Configure the SPIx interrupt priority
  40:Drivers/STM32F4xx_HAL_Driver/Src/stm32f4xx_hal_spi.c ****               (+++) Enable the NVIC SPI IRQ handle
  41:Drivers/STM32F4xx_HAL_Driver/Src/stm32f4xx_hal_spi.c ****           (##) DMA Configuration if you need to use DMA process
  42:Drivers/STM32F4xx_HAL_Driver/Src/stm32f4xx_hal_spi.c ****               (+++) Declare a DMA_HandleTypeDef handle structure for the transmit or receive Stream
  43:Drivers/STM32F4xx_HAL_Driver/Src/stm32f4xx_hal_spi.c ****               (+++) Enable the DMAx clock
  44:Drivers/STM32F4xx_HAL_Driver/Src/stm32f4xx_hal_spi.c ****               (+++) Configure the DMA handle parameters
  45:Drivers/STM32F4xx_HAL_Driver/Src/stm32f4xx_hal_spi.c ****               (+++) Configure the DMA Tx or Rx Stream/Channel
  46:Drivers/STM32F4xx_HAL_Driver/Src/stm32f4xx_hal_spi.c ****               (+++) Associate the initialized hdma_tx(or _rx)  handle to the hspi DMA Tx or Rx hand
  47:Drivers/STM32F4xx_HAL_Driver/Src/stm32f4xx_hal_spi.c ****               (+++) Configure the priority and enable the NVIC for the transfer complete interrupt 
  48:Drivers/STM32F4xx_HAL_Driver/Src/stm32f4xx_hal_spi.c ****                     or Rx Stream/Channel
  49:Drivers/STM32F4xx_HAL_Driver/Src/stm32f4xx_hal_spi.c **** 
  50:Drivers/STM32F4xx_HAL_Driver/Src/stm32f4xx_hal_spi.c ****       (#) Program the Mode, BidirectionalMode , Data size, Baudrate Prescaler, NSS
  51:Drivers/STM32F4xx_HAL_Driver/Src/stm32f4xx_hal_spi.c ****           management, Clock polarity and phase, FirstBit and CRC configuration in the hspi Init str
  52:Drivers/STM32F4xx_HAL_Driver/Src/stm32f4xx_hal_spi.c **** 
  53:Drivers/STM32F4xx_HAL_Driver/Src/stm32f4xx_hal_spi.c ****       (#) Initialize the SPI registers by calling the HAL_SPI_Init() API:
  54:Drivers/STM32F4xx_HAL_Driver/Src/stm32f4xx_hal_spi.c ****           (++) This API configures also the low level Hardware GPIO, CLOCK, CORTEX...etc)
  55:Drivers/STM32F4xx_HAL_Driver/Src/stm32f4xx_hal_spi.c ****               by calling the customized HAL_SPI_MspInit() API.
  56:Drivers/STM32F4xx_HAL_Driver/Src/stm32f4xx_hal_spi.c ****      [..]
  57:Drivers/STM32F4xx_HAL_Driver/Src/stm32f4xx_hal_spi.c ****        Circular mode restriction:
  58:Drivers/STM32F4xx_HAL_Driver/Src/stm32f4xx_hal_spi.c ****       (#) The DMA circular mode cannot be used when the SPI is configured in these modes:
  59:Drivers/STM32F4xx_HAL_Driver/Src/stm32f4xx_hal_spi.c ****           (##) Master 2Lines RxOnly
  60:Drivers/STM32F4xx_HAL_Driver/Src/stm32f4xx_hal_spi.c ****           (##) Master 1Line Rx
  61:Drivers/STM32F4xx_HAL_Driver/Src/stm32f4xx_hal_spi.c ****       (#) The CRC feature is not managed when the DMA circular mode is enabled
  62:Drivers/STM32F4xx_HAL_Driver/Src/stm32f4xx_hal_spi.c ****       (#) When the SPI DMA Pause/Stop features are used, we must use the following APIs
  63:Drivers/STM32F4xx_HAL_Driver/Src/stm32f4xx_hal_spi.c ****           the HAL_SPI_DMAPause()/ HAL_SPI_DMAStop() only under the SPI callbacks
  64:Drivers/STM32F4xx_HAL_Driver/Src/stm32f4xx_hal_spi.c ****      [..]
  65:Drivers/STM32F4xx_HAL_Driver/Src/stm32f4xx_hal_spi.c ****        Master Receive mode restriction:
  66:Drivers/STM32F4xx_HAL_Driver/Src/stm32f4xx_hal_spi.c ****       (#) In Master unidirectional receive-only mode (MSTR =1, BIDIMODE=0, RXONLY=1) or
  67:Drivers/STM32F4xx_HAL_Driver/Src/stm32f4xx_hal_spi.c ****           bidirectional receive mode (MSTR=1, BIDIMODE=1, BIDIOE=0), to ensure that the SPI
  68:Drivers/STM32F4xx_HAL_Driver/Src/stm32f4xx_hal_spi.c ****           does not initiate a new transfer the following procedure has to be respected:
  69:Drivers/STM32F4xx_HAL_Driver/Src/stm32f4xx_hal_spi.c ****           (##) HAL_SPI_DeInit()
  70:Drivers/STM32F4xx_HAL_Driver/Src/stm32f4xx_hal_spi.c ****           (##) HAL_SPI_Init()
  71:Drivers/STM32F4xx_HAL_Driver/Src/stm32f4xx_hal_spi.c ****      [..]
  72:Drivers/STM32F4xx_HAL_Driver/Src/stm32f4xx_hal_spi.c ****        Callback registration:
  73:Drivers/STM32F4xx_HAL_Driver/Src/stm32f4xx_hal_spi.c **** 
  74:Drivers/STM32F4xx_HAL_Driver/Src/stm32f4xx_hal_spi.c ****       (#) The compilation flag USE_HAL_SPI_REGISTER_CALLBACKS when set to 1U
  75:Drivers/STM32F4xx_HAL_Driver/Src/stm32f4xx_hal_spi.c ****           allows the user to configure dynamically the driver callbacks.
  76:Drivers/STM32F4xx_HAL_Driver/Src/stm32f4xx_hal_spi.c ****           Use Functions HAL_SPI_RegisterCallback() to register an interrupt callback.
  77:Drivers/STM32F4xx_HAL_Driver/Src/stm32f4xx_hal_spi.c **** 
  78:Drivers/STM32F4xx_HAL_Driver/Src/stm32f4xx_hal_spi.c ****           Function HAL_SPI_RegisterCallback() allows to register following callbacks:
  79:Drivers/STM32F4xx_HAL_Driver/Src/stm32f4xx_hal_spi.c ****             (++) TxCpltCallback        : SPI Tx Completed callback
  80:Drivers/STM32F4xx_HAL_Driver/Src/stm32f4xx_hal_spi.c ****             (++) RxCpltCallback        : SPI Rx Completed callback
  81:Drivers/STM32F4xx_HAL_Driver/Src/stm32f4xx_hal_spi.c ****             (++) TxRxCpltCallback      : SPI TxRx Completed callback
  82:Drivers/STM32F4xx_HAL_Driver/Src/stm32f4xx_hal_spi.c ****             (++) TxHalfCpltCallback    : SPI Tx Half Completed callback
  83:Drivers/STM32F4xx_HAL_Driver/Src/stm32f4xx_hal_spi.c ****             (++) RxHalfCpltCallback    : SPI Rx Half Completed callback
  84:Drivers/STM32F4xx_HAL_Driver/Src/stm32f4xx_hal_spi.c ****             (++) TxRxHalfCpltCallback  : SPI TxRx Half Completed callback
  85:Drivers/STM32F4xx_HAL_Driver/Src/stm32f4xx_hal_spi.c ****             (++) ErrorCallback         : SPI Error callback
  86:Drivers/STM32F4xx_HAL_Driver/Src/stm32f4xx_hal_spi.c ****             (++) AbortCpltCallback     : SPI Abort callback
  87:Drivers/STM32F4xx_HAL_Driver/Src/stm32f4xx_hal_spi.c ****             (++) MspInitCallback       : SPI Msp Init callback
ARM GAS  /tmp/cci2ucsl.s 			page 3


  88:Drivers/STM32F4xx_HAL_Driver/Src/stm32f4xx_hal_spi.c ****             (++) MspDeInitCallback     : SPI Msp DeInit callback
  89:Drivers/STM32F4xx_HAL_Driver/Src/stm32f4xx_hal_spi.c ****           This function takes as parameters the HAL peripheral handle, the Callback ID
  90:Drivers/STM32F4xx_HAL_Driver/Src/stm32f4xx_hal_spi.c ****           and a pointer to the user callback function.
  91:Drivers/STM32F4xx_HAL_Driver/Src/stm32f4xx_hal_spi.c **** 
  92:Drivers/STM32F4xx_HAL_Driver/Src/stm32f4xx_hal_spi.c **** 
  93:Drivers/STM32F4xx_HAL_Driver/Src/stm32f4xx_hal_spi.c ****       (#) Use function HAL_SPI_UnRegisterCallback to reset a callback to the default
  94:Drivers/STM32F4xx_HAL_Driver/Src/stm32f4xx_hal_spi.c ****           weak function.
  95:Drivers/STM32F4xx_HAL_Driver/Src/stm32f4xx_hal_spi.c ****           HAL_SPI_UnRegisterCallback takes as parameters the HAL peripheral handle,
  96:Drivers/STM32F4xx_HAL_Driver/Src/stm32f4xx_hal_spi.c ****           and the Callback ID.
  97:Drivers/STM32F4xx_HAL_Driver/Src/stm32f4xx_hal_spi.c ****           This function allows to reset following callbacks:
  98:Drivers/STM32F4xx_HAL_Driver/Src/stm32f4xx_hal_spi.c ****             (++) TxCpltCallback        : SPI Tx Completed callback
  99:Drivers/STM32F4xx_HAL_Driver/Src/stm32f4xx_hal_spi.c ****             (++) RxCpltCallback        : SPI Rx Completed callback
 100:Drivers/STM32F4xx_HAL_Driver/Src/stm32f4xx_hal_spi.c ****             (++) TxRxCpltCallback      : SPI TxRx Completed callback
 101:Drivers/STM32F4xx_HAL_Driver/Src/stm32f4xx_hal_spi.c ****             (++) TxHalfCpltCallback    : SPI Tx Half Completed callback
 102:Drivers/STM32F4xx_HAL_Driver/Src/stm32f4xx_hal_spi.c ****             (++) RxHalfCpltCallback    : SPI Rx Half Completed callback
 103:Drivers/STM32F4xx_HAL_Driver/Src/stm32f4xx_hal_spi.c ****             (++) TxRxHalfCpltCallback  : SPI TxRx Half Completed callback
 104:Drivers/STM32F4xx_HAL_Driver/Src/stm32f4xx_hal_spi.c ****             (++) ErrorCallback         : SPI Error callback
 105:Drivers/STM32F4xx_HAL_Driver/Src/stm32f4xx_hal_spi.c ****             (++) AbortCpltCallback     : SPI Abort callback
 106:Drivers/STM32F4xx_HAL_Driver/Src/stm32f4xx_hal_spi.c ****             (++) MspInitCallback       : SPI Msp Init callback
 107:Drivers/STM32F4xx_HAL_Driver/Src/stm32f4xx_hal_spi.c ****             (++) MspDeInitCallback     : SPI Msp DeInit callback
 108:Drivers/STM32F4xx_HAL_Driver/Src/stm32f4xx_hal_spi.c **** 
 109:Drivers/STM32F4xx_HAL_Driver/Src/stm32f4xx_hal_spi.c ****        [..]
 110:Drivers/STM32F4xx_HAL_Driver/Src/stm32f4xx_hal_spi.c ****        By default, after the HAL_SPI_Init() and when the state is HAL_SPI_STATE_RESET
 111:Drivers/STM32F4xx_HAL_Driver/Src/stm32f4xx_hal_spi.c ****        all callbacks are set to the corresponding weak functions:
 112:Drivers/STM32F4xx_HAL_Driver/Src/stm32f4xx_hal_spi.c ****        examples HAL_SPI_MasterTxCpltCallback(), HAL_SPI_MasterRxCpltCallback().
 113:Drivers/STM32F4xx_HAL_Driver/Src/stm32f4xx_hal_spi.c ****        Exception done for MspInit and MspDeInit functions that are
 114:Drivers/STM32F4xx_HAL_Driver/Src/stm32f4xx_hal_spi.c ****        reset to the legacy weak functions in the HAL_SPI_Init()/ HAL_SPI_DeInit() only when
 115:Drivers/STM32F4xx_HAL_Driver/Src/stm32f4xx_hal_spi.c ****        these callbacks are null (not registered beforehand).
 116:Drivers/STM32F4xx_HAL_Driver/Src/stm32f4xx_hal_spi.c ****        If MspInit or MspDeInit are not null, the HAL_SPI_Init()/ HAL_SPI_DeInit()
 117:Drivers/STM32F4xx_HAL_Driver/Src/stm32f4xx_hal_spi.c ****        keep and use the user MspInit/MspDeInit callbacks (registered beforehand) whatever the state
 118:Drivers/STM32F4xx_HAL_Driver/Src/stm32f4xx_hal_spi.c **** 
 119:Drivers/STM32F4xx_HAL_Driver/Src/stm32f4xx_hal_spi.c ****        [..]
 120:Drivers/STM32F4xx_HAL_Driver/Src/stm32f4xx_hal_spi.c ****        Callbacks can be registered/unregistered in HAL_SPI_STATE_READY state only.
 121:Drivers/STM32F4xx_HAL_Driver/Src/stm32f4xx_hal_spi.c ****        Exception done MspInit/MspDeInit functions that can be registered/unregistered
 122:Drivers/STM32F4xx_HAL_Driver/Src/stm32f4xx_hal_spi.c ****        in HAL_SPI_STATE_READY or HAL_SPI_STATE_RESET state,
 123:Drivers/STM32F4xx_HAL_Driver/Src/stm32f4xx_hal_spi.c ****        thus registered (user) MspInit/DeInit callbacks can be used during the Init/DeInit.
 124:Drivers/STM32F4xx_HAL_Driver/Src/stm32f4xx_hal_spi.c ****        Then, the user first registers the MspInit/MspDeInit user callbacks
 125:Drivers/STM32F4xx_HAL_Driver/Src/stm32f4xx_hal_spi.c ****        using HAL_SPI_RegisterCallback() before calling HAL_SPI_DeInit()
 126:Drivers/STM32F4xx_HAL_Driver/Src/stm32f4xx_hal_spi.c ****        or HAL_SPI_Init() function.
 127:Drivers/STM32F4xx_HAL_Driver/Src/stm32f4xx_hal_spi.c **** 
 128:Drivers/STM32F4xx_HAL_Driver/Src/stm32f4xx_hal_spi.c ****        [..]
 129:Drivers/STM32F4xx_HAL_Driver/Src/stm32f4xx_hal_spi.c ****        When the compilation define USE_HAL_PPP_REGISTER_CALLBACKS is set to 0 or
 130:Drivers/STM32F4xx_HAL_Driver/Src/stm32f4xx_hal_spi.c ****        not defined, the callback registering feature is not available
 131:Drivers/STM32F4xx_HAL_Driver/Src/stm32f4xx_hal_spi.c ****        and weak (surcharged) callbacks are used.
 132:Drivers/STM32F4xx_HAL_Driver/Src/stm32f4xx_hal_spi.c **** 
 133:Drivers/STM32F4xx_HAL_Driver/Src/stm32f4xx_hal_spi.c ****      [..]
 134:Drivers/STM32F4xx_HAL_Driver/Src/stm32f4xx_hal_spi.c ****        Using the HAL it is not possible to reach all supported SPI frequency with the different SPI
 135:Drivers/STM32F4xx_HAL_Driver/Src/stm32f4xx_hal_spi.c ****        the following table resume the max SPI frequency reached with data size 8bits/16bits,
 136:Drivers/STM32F4xx_HAL_Driver/Src/stm32f4xx_hal_spi.c ****          according to frequency of the APBx Peripheral Clock (fPCLK) used by the SPI instance.
 137:Drivers/STM32F4xx_HAL_Driver/Src/stm32f4xx_hal_spi.c **** 
 138:Drivers/STM32F4xx_HAL_Driver/Src/stm32f4xx_hal_spi.c ****   @endverbatim
 139:Drivers/STM32F4xx_HAL_Driver/Src/stm32f4xx_hal_spi.c **** 
 140:Drivers/STM32F4xx_HAL_Driver/Src/stm32f4xx_hal_spi.c ****   Additional table :
 141:Drivers/STM32F4xx_HAL_Driver/Src/stm32f4xx_hal_spi.c **** 
 142:Drivers/STM32F4xx_HAL_Driver/Src/stm32f4xx_hal_spi.c ****        DataSize = SPI_DATASIZE_8BIT:
 143:Drivers/STM32F4xx_HAL_Driver/Src/stm32f4xx_hal_spi.c ****        +-------------------------------------------------------------------------------------------
 144:Drivers/STM32F4xx_HAL_Driver/Src/stm32f4xx_hal_spi.c ****        |         |                | 2Lines Fullduplex   |     2Lines RxOnly    |         1Line     
ARM GAS  /tmp/cci2ucsl.s 			page 4


 145:Drivers/STM32F4xx_HAL_Driver/Src/stm32f4xx_hal_spi.c ****        | Process | Transfer mode  |---------------------|----------------------|-------------------
 146:Drivers/STM32F4xx_HAL_Driver/Src/stm32f4xx_hal_spi.c ****        |         |                |  Master  |  Slave   |  Master   |  Slave   |  Master   |  Slave
 147:Drivers/STM32F4xx_HAL_Driver/Src/stm32f4xx_hal_spi.c ****        |===========================================================================================
 148:Drivers/STM32F4xx_HAL_Driver/Src/stm32f4xx_hal_spi.c ****        |    T    |     Polling    | Fpclk/2  | Fpclk/2  |    NA     |    NA    |    NA     |   NA  
 149:Drivers/STM32F4xx_HAL_Driver/Src/stm32f4xx_hal_spi.c ****        |    X    |----------------|----------|----------|-----------|----------|-----------|-------
 150:Drivers/STM32F4xx_HAL_Driver/Src/stm32f4xx_hal_spi.c ****        |    /    |     Interrupt  | Fpclk/4  | Fpclk/8  |    NA     |    NA    |    NA     |   NA  
 151:Drivers/STM32F4xx_HAL_Driver/Src/stm32f4xx_hal_spi.c ****        |    R    |----------------|----------|----------|-----------|----------|-----------|-------
 152:Drivers/STM32F4xx_HAL_Driver/Src/stm32f4xx_hal_spi.c ****        |    X    |       DMA      | Fpclk/2  | Fpclk/2  |    NA     |    NA    |    NA     |   NA  
 153:Drivers/STM32F4xx_HAL_Driver/Src/stm32f4xx_hal_spi.c ****        |=========|================|==========|==========|===========|==========|===========|=======
 154:Drivers/STM32F4xx_HAL_Driver/Src/stm32f4xx_hal_spi.c ****        |         |     Polling    | Fpclk/2  | Fpclk/2  | Fpclk/64  | Fpclk/2  | Fpclk/64  | Fpclk/
 155:Drivers/STM32F4xx_HAL_Driver/Src/stm32f4xx_hal_spi.c ****        |         |----------------|----------|----------|-----------|----------|-----------|-------
 156:Drivers/STM32F4xx_HAL_Driver/Src/stm32f4xx_hal_spi.c ****        |    R    |     Interrupt  | Fpclk/8  | Fpclk/8  | Fpclk/64  | Fpclk/2  | Fpclk/64  | Fpclk/
 157:Drivers/STM32F4xx_HAL_Driver/Src/stm32f4xx_hal_spi.c ****        |    X    |----------------|----------|----------|-----------|----------|-----------|-------
 158:Drivers/STM32F4xx_HAL_Driver/Src/stm32f4xx_hal_spi.c ****        |         |       DMA      | Fpclk/2  | Fpclk/2  | Fpclk/64  | Fpclk/2  | Fpclk/128 | Fpclk/
 159:Drivers/STM32F4xx_HAL_Driver/Src/stm32f4xx_hal_spi.c ****        |=========|================|==========|==========|===========|==========|===========|=======
 160:Drivers/STM32F4xx_HAL_Driver/Src/stm32f4xx_hal_spi.c ****        |         |     Polling    | Fpclk/2  | Fpclk/4  |     NA    |    NA    | Fpclk/2   | Fpclk/
 161:Drivers/STM32F4xx_HAL_Driver/Src/stm32f4xx_hal_spi.c ****        |         |----------------|----------|----------|-----------|----------|-----------|-------
 162:Drivers/STM32F4xx_HAL_Driver/Src/stm32f4xx_hal_spi.c ****        |    T    |     Interrupt  | Fpclk/2  | Fpclk/4  |     NA    |    NA    | Fpclk/2   | Fpclk/
 163:Drivers/STM32F4xx_HAL_Driver/Src/stm32f4xx_hal_spi.c ****        |    X    |----------------|----------|----------|-----------|----------|-----------|-------
 164:Drivers/STM32F4xx_HAL_Driver/Src/stm32f4xx_hal_spi.c ****        |         |       DMA      | Fpclk/2  | Fpclk/2  |     NA    |    NA    | Fpclk/2   | Fpclk/
 165:Drivers/STM32F4xx_HAL_Driver/Src/stm32f4xx_hal_spi.c ****        +-------------------------------------------------------------------------------------------
 166:Drivers/STM32F4xx_HAL_Driver/Src/stm32f4xx_hal_spi.c **** 
 167:Drivers/STM32F4xx_HAL_Driver/Src/stm32f4xx_hal_spi.c ****        DataSize = SPI_DATASIZE_16BIT:
 168:Drivers/STM32F4xx_HAL_Driver/Src/stm32f4xx_hal_spi.c ****        +-------------------------------------------------------------------------------------------
 169:Drivers/STM32F4xx_HAL_Driver/Src/stm32f4xx_hal_spi.c ****        |         |                | 2Lines Fullduplex   |     2Lines RxOnly    |         1Line     
 170:Drivers/STM32F4xx_HAL_Driver/Src/stm32f4xx_hal_spi.c ****        | Process | Transfer mode  |---------------------|----------------------|-------------------
 171:Drivers/STM32F4xx_HAL_Driver/Src/stm32f4xx_hal_spi.c ****        |         |                |  Master  |  Slave   |  Master   |  Slave   |  Master   |  Slave
 172:Drivers/STM32F4xx_HAL_Driver/Src/stm32f4xx_hal_spi.c ****        |===========================================================================================
 173:Drivers/STM32F4xx_HAL_Driver/Src/stm32f4xx_hal_spi.c ****        |    T    |     Polling    | Fpclk/2  | Fpclk/2  |    NA     |    NA    |    NA     |   NA  
 174:Drivers/STM32F4xx_HAL_Driver/Src/stm32f4xx_hal_spi.c ****        |    X    |----------------|----------|----------|-----------|----------|-----------|-------
 175:Drivers/STM32F4xx_HAL_Driver/Src/stm32f4xx_hal_spi.c ****        |    /    |     Interrupt  | Fpclk/4  | Fpclk/4  |    NA     |    NA    |    NA     |   NA  
 176:Drivers/STM32F4xx_HAL_Driver/Src/stm32f4xx_hal_spi.c ****        |    R    |----------------|----------|----------|-----------|----------|-----------|-------
 177:Drivers/STM32F4xx_HAL_Driver/Src/stm32f4xx_hal_spi.c ****        |    X    |       DMA      | Fpclk/2  | Fpclk/2  |    NA     |    NA    |    NA     |   NA  
 178:Drivers/STM32F4xx_HAL_Driver/Src/stm32f4xx_hal_spi.c ****        |=========|================|==========|==========|===========|==========|===========|=======
 179:Drivers/STM32F4xx_HAL_Driver/Src/stm32f4xx_hal_spi.c ****        |         |     Polling    | Fpclk/2  | Fpclk/2  | Fpclk/64  | Fpclk/2  | Fpclk/32  | Fpclk/
 180:Drivers/STM32F4xx_HAL_Driver/Src/stm32f4xx_hal_spi.c ****        |         |----------------|----------|----------|-----------|----------|-----------|-------
 181:Drivers/STM32F4xx_HAL_Driver/Src/stm32f4xx_hal_spi.c ****        |    R    |     Interrupt  | Fpclk/4  | Fpclk/4  | Fpclk/64  | Fpclk/2  | Fpclk/64  | Fpclk/
 182:Drivers/STM32F4xx_HAL_Driver/Src/stm32f4xx_hal_spi.c ****        |    X    |----------------|----------|----------|-----------|----------|-----------|-------
 183:Drivers/STM32F4xx_HAL_Driver/Src/stm32f4xx_hal_spi.c ****        |         |       DMA      | Fpclk/2  | Fpclk/2  | Fpclk/64  | Fpclk/2  | Fpclk/128 | Fpclk/
 184:Drivers/STM32F4xx_HAL_Driver/Src/stm32f4xx_hal_spi.c ****        |=========|================|==========|==========|===========|==========|===========|=======
 185:Drivers/STM32F4xx_HAL_Driver/Src/stm32f4xx_hal_spi.c ****        |         |     Polling    | Fpclk/2  | Fpclk/2  |     NA    |    NA    | Fpclk/2   | Fpclk/
 186:Drivers/STM32F4xx_HAL_Driver/Src/stm32f4xx_hal_spi.c ****        |         |----------------|----------|----------|-----------|----------|-----------|-------
 187:Drivers/STM32F4xx_HAL_Driver/Src/stm32f4xx_hal_spi.c ****        |    T    |     Interrupt  | Fpclk/2  | Fpclk/2  |     NA    |    NA    | Fpclk/2   | Fpclk/
 188:Drivers/STM32F4xx_HAL_Driver/Src/stm32f4xx_hal_spi.c ****        |    X    |----------------|----------|----------|-----------|----------|-----------|-------
 189:Drivers/STM32F4xx_HAL_Driver/Src/stm32f4xx_hal_spi.c ****        |         |       DMA      | Fpclk/2  | Fpclk/2  |     NA    |    NA    | Fpclk/2   | Fpclk/
 190:Drivers/STM32F4xx_HAL_Driver/Src/stm32f4xx_hal_spi.c ****        +-------------------------------------------------------------------------------------------
 191:Drivers/STM32F4xx_HAL_Driver/Src/stm32f4xx_hal_spi.c ****        @note The max SPI frequency depend on SPI data size (8bits, 16bits),
 192:Drivers/STM32F4xx_HAL_Driver/Src/stm32f4xx_hal_spi.c ****              SPI mode(2 Lines fullduplex, 2 lines RxOnly, 1 line TX/RX) and Process mode (Polling, 
 193:Drivers/STM32F4xx_HAL_Driver/Src/stm32f4xx_hal_spi.c ****        @note
 194:Drivers/STM32F4xx_HAL_Driver/Src/stm32f4xx_hal_spi.c ****             (#) TX/RX processes are HAL_SPI_TransmitReceive(), HAL_SPI_TransmitReceive_IT() and
 195:Drivers/STM32F4xx_HAL_Driver/Src/stm32f4xx_hal_spi.c ****                 HAL_SPI_TransmitReceive_DMA()
 196:Drivers/STM32F4xx_HAL_Driver/Src/stm32f4xx_hal_spi.c ****             (#) RX processes are HAL_SPI_Receive(), HAL_SPI_Receive_IT() and HAL_SPI_Receive_DMA()
 197:Drivers/STM32F4xx_HAL_Driver/Src/stm32f4xx_hal_spi.c ****             (#) TX processes are HAL_SPI_Transmit(), HAL_SPI_Transmit_IT() and HAL_SPI_Transmit_DMA
 198:Drivers/STM32F4xx_HAL_Driver/Src/stm32f4xx_hal_spi.c **** 
 199:Drivers/STM32F4xx_HAL_Driver/Src/stm32f4xx_hal_spi.c ****   */
 200:Drivers/STM32F4xx_HAL_Driver/Src/stm32f4xx_hal_spi.c **** 
 201:Drivers/STM32F4xx_HAL_Driver/Src/stm32f4xx_hal_spi.c **** /* Includes ------------------------------------------------------------------*/
ARM GAS  /tmp/cci2ucsl.s 			page 5


 202:Drivers/STM32F4xx_HAL_Driver/Src/stm32f4xx_hal_spi.c **** #include "stm32f4xx_hal.h"
 203:Drivers/STM32F4xx_HAL_Driver/Src/stm32f4xx_hal_spi.c **** 
 204:Drivers/STM32F4xx_HAL_Driver/Src/stm32f4xx_hal_spi.c **** /** @addtogroup STM32F4xx_HAL_Driver
 205:Drivers/STM32F4xx_HAL_Driver/Src/stm32f4xx_hal_spi.c ****   * @{
 206:Drivers/STM32F4xx_HAL_Driver/Src/stm32f4xx_hal_spi.c ****   */
 207:Drivers/STM32F4xx_HAL_Driver/Src/stm32f4xx_hal_spi.c **** 
 208:Drivers/STM32F4xx_HAL_Driver/Src/stm32f4xx_hal_spi.c **** /** @defgroup SPI SPI
 209:Drivers/STM32F4xx_HAL_Driver/Src/stm32f4xx_hal_spi.c ****   * @brief SPI HAL module driver
 210:Drivers/STM32F4xx_HAL_Driver/Src/stm32f4xx_hal_spi.c ****   * @{
 211:Drivers/STM32F4xx_HAL_Driver/Src/stm32f4xx_hal_spi.c ****   */
 212:Drivers/STM32F4xx_HAL_Driver/Src/stm32f4xx_hal_spi.c **** #ifdef HAL_SPI_MODULE_ENABLED
 213:Drivers/STM32F4xx_HAL_Driver/Src/stm32f4xx_hal_spi.c **** 
 214:Drivers/STM32F4xx_HAL_Driver/Src/stm32f4xx_hal_spi.c **** /* Private typedef -----------------------------------------------------------*/
 215:Drivers/STM32F4xx_HAL_Driver/Src/stm32f4xx_hal_spi.c **** /* Private defines -----------------------------------------------------------*/
 216:Drivers/STM32F4xx_HAL_Driver/Src/stm32f4xx_hal_spi.c **** /** @defgroup SPI_Private_Constants SPI Private Constants
 217:Drivers/STM32F4xx_HAL_Driver/Src/stm32f4xx_hal_spi.c ****   * @{
 218:Drivers/STM32F4xx_HAL_Driver/Src/stm32f4xx_hal_spi.c ****   */
 219:Drivers/STM32F4xx_HAL_Driver/Src/stm32f4xx_hal_spi.c **** #define SPI_DEFAULT_TIMEOUT 100U
 220:Drivers/STM32F4xx_HAL_Driver/Src/stm32f4xx_hal_spi.c **** #define SPI_BSY_FLAG_WORKAROUND_TIMEOUT 1000U /*!< Timeout 1000 us             */
 221:Drivers/STM32F4xx_HAL_Driver/Src/stm32f4xx_hal_spi.c **** /**
 222:Drivers/STM32F4xx_HAL_Driver/Src/stm32f4xx_hal_spi.c ****   * @}
 223:Drivers/STM32F4xx_HAL_Driver/Src/stm32f4xx_hal_spi.c ****   */
 224:Drivers/STM32F4xx_HAL_Driver/Src/stm32f4xx_hal_spi.c **** 
 225:Drivers/STM32F4xx_HAL_Driver/Src/stm32f4xx_hal_spi.c **** /* Private macros ------------------------------------------------------------*/
 226:Drivers/STM32F4xx_HAL_Driver/Src/stm32f4xx_hal_spi.c **** /* Private variables ---------------------------------------------------------*/
 227:Drivers/STM32F4xx_HAL_Driver/Src/stm32f4xx_hal_spi.c **** /* Private function prototypes -----------------------------------------------*/
 228:Drivers/STM32F4xx_HAL_Driver/Src/stm32f4xx_hal_spi.c **** /** @defgroup SPI_Private_Functions SPI Private Functions
 229:Drivers/STM32F4xx_HAL_Driver/Src/stm32f4xx_hal_spi.c ****   * @{
 230:Drivers/STM32F4xx_HAL_Driver/Src/stm32f4xx_hal_spi.c ****   */
 231:Drivers/STM32F4xx_HAL_Driver/Src/stm32f4xx_hal_spi.c **** static void SPI_DMATransmitCplt(DMA_HandleTypeDef *hdma);
 232:Drivers/STM32F4xx_HAL_Driver/Src/stm32f4xx_hal_spi.c **** static void SPI_DMAReceiveCplt(DMA_HandleTypeDef *hdma);
 233:Drivers/STM32F4xx_HAL_Driver/Src/stm32f4xx_hal_spi.c **** static void SPI_DMATransmitReceiveCplt(DMA_HandleTypeDef *hdma);
 234:Drivers/STM32F4xx_HAL_Driver/Src/stm32f4xx_hal_spi.c **** static void SPI_DMAHalfTransmitCplt(DMA_HandleTypeDef *hdma);
 235:Drivers/STM32F4xx_HAL_Driver/Src/stm32f4xx_hal_spi.c **** static void SPI_DMAHalfReceiveCplt(DMA_HandleTypeDef *hdma);
 236:Drivers/STM32F4xx_HAL_Driver/Src/stm32f4xx_hal_spi.c **** static void SPI_DMAHalfTransmitReceiveCplt(DMA_HandleTypeDef *hdma);
 237:Drivers/STM32F4xx_HAL_Driver/Src/stm32f4xx_hal_spi.c **** static void SPI_DMAError(DMA_HandleTypeDef *hdma);
 238:Drivers/STM32F4xx_HAL_Driver/Src/stm32f4xx_hal_spi.c **** static void SPI_DMAAbortOnError(DMA_HandleTypeDef *hdma);
 239:Drivers/STM32F4xx_HAL_Driver/Src/stm32f4xx_hal_spi.c **** static void SPI_DMATxAbortCallback(DMA_HandleTypeDef *hdma);
 240:Drivers/STM32F4xx_HAL_Driver/Src/stm32f4xx_hal_spi.c **** static void SPI_DMARxAbortCallback(DMA_HandleTypeDef *hdma);
 241:Drivers/STM32F4xx_HAL_Driver/Src/stm32f4xx_hal_spi.c **** static HAL_StatusTypeDef SPI_WaitFlagStateUntilTimeout(SPI_HandleTypeDef *hspi, uint32_t Flag, Flag
 242:Drivers/STM32F4xx_HAL_Driver/Src/stm32f4xx_hal_spi.c ****                                                        uint32_t Timeout, uint32_t Tickstart);
 243:Drivers/STM32F4xx_HAL_Driver/Src/stm32f4xx_hal_spi.c **** static void SPI_TxISR_8BIT(struct __SPI_HandleTypeDef *hspi);
 244:Drivers/STM32F4xx_HAL_Driver/Src/stm32f4xx_hal_spi.c **** static void SPI_TxISR_16BIT(struct __SPI_HandleTypeDef *hspi);
 245:Drivers/STM32F4xx_HAL_Driver/Src/stm32f4xx_hal_spi.c **** static void SPI_RxISR_8BIT(struct __SPI_HandleTypeDef *hspi);
 246:Drivers/STM32F4xx_HAL_Driver/Src/stm32f4xx_hal_spi.c **** static void SPI_RxISR_16BIT(struct __SPI_HandleTypeDef *hspi);
 247:Drivers/STM32F4xx_HAL_Driver/Src/stm32f4xx_hal_spi.c **** static void SPI_2linesRxISR_8BIT(struct __SPI_HandleTypeDef *hspi);
 248:Drivers/STM32F4xx_HAL_Driver/Src/stm32f4xx_hal_spi.c **** static void SPI_2linesTxISR_8BIT(struct __SPI_HandleTypeDef *hspi);
 249:Drivers/STM32F4xx_HAL_Driver/Src/stm32f4xx_hal_spi.c **** static void SPI_2linesTxISR_16BIT(struct __SPI_HandleTypeDef *hspi);
 250:Drivers/STM32F4xx_HAL_Driver/Src/stm32f4xx_hal_spi.c **** static void SPI_2linesRxISR_16BIT(struct __SPI_HandleTypeDef *hspi);
 251:Drivers/STM32F4xx_HAL_Driver/Src/stm32f4xx_hal_spi.c **** #if (USE_SPI_CRC != 0U)
 252:Drivers/STM32F4xx_HAL_Driver/Src/stm32f4xx_hal_spi.c **** static void SPI_RxISR_8BITCRC(struct __SPI_HandleTypeDef *hspi);
 253:Drivers/STM32F4xx_HAL_Driver/Src/stm32f4xx_hal_spi.c **** static void SPI_RxISR_16BITCRC(struct __SPI_HandleTypeDef *hspi);
 254:Drivers/STM32F4xx_HAL_Driver/Src/stm32f4xx_hal_spi.c **** static void SPI_2linesRxISR_8BITCRC(struct __SPI_HandleTypeDef *hspi);
 255:Drivers/STM32F4xx_HAL_Driver/Src/stm32f4xx_hal_spi.c **** static void SPI_2linesRxISR_16BITCRC(struct __SPI_HandleTypeDef *hspi);
 256:Drivers/STM32F4xx_HAL_Driver/Src/stm32f4xx_hal_spi.c **** #endif /* USE_SPI_CRC */
 257:Drivers/STM32F4xx_HAL_Driver/Src/stm32f4xx_hal_spi.c **** static void SPI_AbortRx_ISR(SPI_HandleTypeDef *hspi);
 258:Drivers/STM32F4xx_HAL_Driver/Src/stm32f4xx_hal_spi.c **** static void SPI_AbortTx_ISR(SPI_HandleTypeDef *hspi);
ARM GAS  /tmp/cci2ucsl.s 			page 6


 259:Drivers/STM32F4xx_HAL_Driver/Src/stm32f4xx_hal_spi.c **** static void SPI_CloseRxTx_ISR(SPI_HandleTypeDef *hspi);
 260:Drivers/STM32F4xx_HAL_Driver/Src/stm32f4xx_hal_spi.c **** static void SPI_CloseRx_ISR(SPI_HandleTypeDef *hspi);
 261:Drivers/STM32F4xx_HAL_Driver/Src/stm32f4xx_hal_spi.c **** static void SPI_CloseTx_ISR(SPI_HandleTypeDef *hspi);
 262:Drivers/STM32F4xx_HAL_Driver/Src/stm32f4xx_hal_spi.c **** static HAL_StatusTypeDef SPI_EndRxTransaction(SPI_HandleTypeDef *hspi, uint32_t Timeout, uint32_t T
 263:Drivers/STM32F4xx_HAL_Driver/Src/stm32f4xx_hal_spi.c **** static HAL_StatusTypeDef SPI_EndRxTxTransaction(SPI_HandleTypeDef *hspi, uint32_t Timeout, uint32_t
 264:Drivers/STM32F4xx_HAL_Driver/Src/stm32f4xx_hal_spi.c **** /**
 265:Drivers/STM32F4xx_HAL_Driver/Src/stm32f4xx_hal_spi.c ****   * @}
 266:Drivers/STM32F4xx_HAL_Driver/Src/stm32f4xx_hal_spi.c ****   */
 267:Drivers/STM32F4xx_HAL_Driver/Src/stm32f4xx_hal_spi.c **** 
 268:Drivers/STM32F4xx_HAL_Driver/Src/stm32f4xx_hal_spi.c **** /* Exported functions --------------------------------------------------------*/
 269:Drivers/STM32F4xx_HAL_Driver/Src/stm32f4xx_hal_spi.c **** /** @defgroup SPI_Exported_Functions SPI Exported Functions
 270:Drivers/STM32F4xx_HAL_Driver/Src/stm32f4xx_hal_spi.c ****   * @{
 271:Drivers/STM32F4xx_HAL_Driver/Src/stm32f4xx_hal_spi.c ****   */
 272:Drivers/STM32F4xx_HAL_Driver/Src/stm32f4xx_hal_spi.c **** 
 273:Drivers/STM32F4xx_HAL_Driver/Src/stm32f4xx_hal_spi.c **** /** @defgroup SPI_Exported_Functions_Group1 Initialization and de-initialization functions
 274:Drivers/STM32F4xx_HAL_Driver/Src/stm32f4xx_hal_spi.c ****   *  @brief    Initialization and Configuration functions
 275:Drivers/STM32F4xx_HAL_Driver/Src/stm32f4xx_hal_spi.c ****   *
 276:Drivers/STM32F4xx_HAL_Driver/Src/stm32f4xx_hal_spi.c **** @verbatim
 277:Drivers/STM32F4xx_HAL_Driver/Src/stm32f4xx_hal_spi.c ****  ===============================================================================
 278:Drivers/STM32F4xx_HAL_Driver/Src/stm32f4xx_hal_spi.c ****               ##### Initialization and de-initialization functions #####
 279:Drivers/STM32F4xx_HAL_Driver/Src/stm32f4xx_hal_spi.c ****  ===============================================================================
 280:Drivers/STM32F4xx_HAL_Driver/Src/stm32f4xx_hal_spi.c ****     [..]  This subsection provides a set of functions allowing to initialize and
 281:Drivers/STM32F4xx_HAL_Driver/Src/stm32f4xx_hal_spi.c ****           de-initialize the SPIx peripheral:
 282:Drivers/STM32F4xx_HAL_Driver/Src/stm32f4xx_hal_spi.c **** 
 283:Drivers/STM32F4xx_HAL_Driver/Src/stm32f4xx_hal_spi.c ****       (+) User must implement HAL_SPI_MspInit() function in which he configures
 284:Drivers/STM32F4xx_HAL_Driver/Src/stm32f4xx_hal_spi.c ****           all related peripherals resources (CLOCK, GPIO, DMA, IT and NVIC ).
 285:Drivers/STM32F4xx_HAL_Driver/Src/stm32f4xx_hal_spi.c **** 
 286:Drivers/STM32F4xx_HAL_Driver/Src/stm32f4xx_hal_spi.c ****       (+) Call the function HAL_SPI_Init() to configure the selected device with
 287:Drivers/STM32F4xx_HAL_Driver/Src/stm32f4xx_hal_spi.c ****           the selected configuration:
 288:Drivers/STM32F4xx_HAL_Driver/Src/stm32f4xx_hal_spi.c ****         (++) Mode
 289:Drivers/STM32F4xx_HAL_Driver/Src/stm32f4xx_hal_spi.c ****         (++) Direction
 290:Drivers/STM32F4xx_HAL_Driver/Src/stm32f4xx_hal_spi.c ****         (++) Data Size
 291:Drivers/STM32F4xx_HAL_Driver/Src/stm32f4xx_hal_spi.c ****         (++) Clock Polarity and Phase
 292:Drivers/STM32F4xx_HAL_Driver/Src/stm32f4xx_hal_spi.c ****         (++) NSS Management
 293:Drivers/STM32F4xx_HAL_Driver/Src/stm32f4xx_hal_spi.c ****         (++) BaudRate Prescaler
 294:Drivers/STM32F4xx_HAL_Driver/Src/stm32f4xx_hal_spi.c ****         (++) FirstBit
 295:Drivers/STM32F4xx_HAL_Driver/Src/stm32f4xx_hal_spi.c ****         (++) TIMode
 296:Drivers/STM32F4xx_HAL_Driver/Src/stm32f4xx_hal_spi.c ****         (++) CRC Calculation
 297:Drivers/STM32F4xx_HAL_Driver/Src/stm32f4xx_hal_spi.c ****         (++) CRC Polynomial if CRC enabled
 298:Drivers/STM32F4xx_HAL_Driver/Src/stm32f4xx_hal_spi.c **** 
 299:Drivers/STM32F4xx_HAL_Driver/Src/stm32f4xx_hal_spi.c ****       (+) Call the function HAL_SPI_DeInit() to restore the default configuration
 300:Drivers/STM32F4xx_HAL_Driver/Src/stm32f4xx_hal_spi.c ****           of the selected SPIx peripheral.
 301:Drivers/STM32F4xx_HAL_Driver/Src/stm32f4xx_hal_spi.c **** 
 302:Drivers/STM32F4xx_HAL_Driver/Src/stm32f4xx_hal_spi.c **** @endverbatim
 303:Drivers/STM32F4xx_HAL_Driver/Src/stm32f4xx_hal_spi.c ****   * @{
 304:Drivers/STM32F4xx_HAL_Driver/Src/stm32f4xx_hal_spi.c ****   */
 305:Drivers/STM32F4xx_HAL_Driver/Src/stm32f4xx_hal_spi.c **** 
 306:Drivers/STM32F4xx_HAL_Driver/Src/stm32f4xx_hal_spi.c **** /**
 307:Drivers/STM32F4xx_HAL_Driver/Src/stm32f4xx_hal_spi.c ****   * @brief  Initialize the SPI according to the specified parameters
 308:Drivers/STM32F4xx_HAL_Driver/Src/stm32f4xx_hal_spi.c ****   *         in the SPI_InitTypeDef and initialize the associated handle.
 309:Drivers/STM32F4xx_HAL_Driver/Src/stm32f4xx_hal_spi.c ****   * @param  hspi pointer to a SPI_HandleTypeDef structure that contains
 310:Drivers/STM32F4xx_HAL_Driver/Src/stm32f4xx_hal_spi.c ****   *               the configuration information for SPI module.
 311:Drivers/STM32F4xx_HAL_Driver/Src/stm32f4xx_hal_spi.c ****   * @retval HAL status
 312:Drivers/STM32F4xx_HAL_Driver/Src/stm32f4xx_hal_spi.c ****   */
 313:Drivers/STM32F4xx_HAL_Driver/Src/stm32f4xx_hal_spi.c **** HAL_StatusTypeDef HAL_SPI_Init(SPI_HandleTypeDef *hspi)
 314:Drivers/STM32F4xx_HAL_Driver/Src/stm32f4xx_hal_spi.c **** {
 315:Drivers/STM32F4xx_HAL_Driver/Src/stm32f4xx_hal_spi.c ****   /* Check the SPI handle allocation */
ARM GAS  /tmp/cci2ucsl.s 			page 7


 316:Drivers/STM32F4xx_HAL_Driver/Src/stm32f4xx_hal_spi.c ****   if (hspi == NULL)
 317:Drivers/STM32F4xx_HAL_Driver/Src/stm32f4xx_hal_spi.c ****   {
 318:Drivers/STM32F4xx_HAL_Driver/Src/stm32f4xx_hal_spi.c ****     return HAL_ERROR;
 319:Drivers/STM32F4xx_HAL_Driver/Src/stm32f4xx_hal_spi.c ****   }
 320:Drivers/STM32F4xx_HAL_Driver/Src/stm32f4xx_hal_spi.c **** 
 321:Drivers/STM32F4xx_HAL_Driver/Src/stm32f4xx_hal_spi.c ****   /* Check the parameters */
 322:Drivers/STM32F4xx_HAL_Driver/Src/stm32f4xx_hal_spi.c ****   assert_param(IS_SPI_ALL_INSTANCE(hspi->Instance));
 323:Drivers/STM32F4xx_HAL_Driver/Src/stm32f4xx_hal_spi.c ****   assert_param(IS_SPI_MODE(hspi->Init.Mode));
 324:Drivers/STM32F4xx_HAL_Driver/Src/stm32f4xx_hal_spi.c ****   assert_param(IS_SPI_DIRECTION(hspi->Init.Direction));
 325:Drivers/STM32F4xx_HAL_Driver/Src/stm32f4xx_hal_spi.c ****   assert_param(IS_SPI_DATASIZE(hspi->Init.DataSize));
 326:Drivers/STM32F4xx_HAL_Driver/Src/stm32f4xx_hal_spi.c ****   assert_param(IS_SPI_NSS(hspi->Init.NSS));
 327:Drivers/STM32F4xx_HAL_Driver/Src/stm32f4xx_hal_spi.c ****   assert_param(IS_SPI_BAUDRATE_PRESCALER(hspi->Init.BaudRatePrescaler));
 328:Drivers/STM32F4xx_HAL_Driver/Src/stm32f4xx_hal_spi.c ****   assert_param(IS_SPI_FIRST_BIT(hspi->Init.FirstBit));
 329:Drivers/STM32F4xx_HAL_Driver/Src/stm32f4xx_hal_spi.c ****   assert_param(IS_SPI_TIMODE(hspi->Init.TIMode));
 330:Drivers/STM32F4xx_HAL_Driver/Src/stm32f4xx_hal_spi.c ****   if (hspi->Init.TIMode == SPI_TIMODE_DISABLE)
 331:Drivers/STM32F4xx_HAL_Driver/Src/stm32f4xx_hal_spi.c ****   {
 332:Drivers/STM32F4xx_HAL_Driver/Src/stm32f4xx_hal_spi.c ****     assert_param(IS_SPI_CPOL(hspi->Init.CLKPolarity));
 333:Drivers/STM32F4xx_HAL_Driver/Src/stm32f4xx_hal_spi.c ****     assert_param(IS_SPI_CPHA(hspi->Init.CLKPhase));
 334:Drivers/STM32F4xx_HAL_Driver/Src/stm32f4xx_hal_spi.c **** 
 335:Drivers/STM32F4xx_HAL_Driver/Src/stm32f4xx_hal_spi.c ****     if (hspi->Init.Mode == SPI_MODE_MASTER)
 336:Drivers/STM32F4xx_HAL_Driver/Src/stm32f4xx_hal_spi.c ****     {
 337:Drivers/STM32F4xx_HAL_Driver/Src/stm32f4xx_hal_spi.c ****       assert_param(IS_SPI_BAUDRATE_PRESCALER(hspi->Init.BaudRatePrescaler));
 338:Drivers/STM32F4xx_HAL_Driver/Src/stm32f4xx_hal_spi.c ****     }
 339:Drivers/STM32F4xx_HAL_Driver/Src/stm32f4xx_hal_spi.c ****     else
 340:Drivers/STM32F4xx_HAL_Driver/Src/stm32f4xx_hal_spi.c ****     {
 341:Drivers/STM32F4xx_HAL_Driver/Src/stm32f4xx_hal_spi.c ****       /* Baudrate prescaler not use in Motoraola Slave mode. force to default value */
 342:Drivers/STM32F4xx_HAL_Driver/Src/stm32f4xx_hal_spi.c ****       hspi->Init.BaudRatePrescaler = SPI_BAUDRATEPRESCALER_2;
 343:Drivers/STM32F4xx_HAL_Driver/Src/stm32f4xx_hal_spi.c ****     }
 344:Drivers/STM32F4xx_HAL_Driver/Src/stm32f4xx_hal_spi.c ****   }
 345:Drivers/STM32F4xx_HAL_Driver/Src/stm32f4xx_hal_spi.c ****   else
 346:Drivers/STM32F4xx_HAL_Driver/Src/stm32f4xx_hal_spi.c ****   {
 347:Drivers/STM32F4xx_HAL_Driver/Src/stm32f4xx_hal_spi.c ****     assert_param(IS_SPI_BAUDRATE_PRESCALER(hspi->Init.BaudRatePrescaler));
 348:Drivers/STM32F4xx_HAL_Driver/Src/stm32f4xx_hal_spi.c **** 
 349:Drivers/STM32F4xx_HAL_Driver/Src/stm32f4xx_hal_spi.c ****     /* Force polarity and phase to TI protocaol requirements */
 350:Drivers/STM32F4xx_HAL_Driver/Src/stm32f4xx_hal_spi.c ****     hspi->Init.CLKPolarity = SPI_POLARITY_LOW;
 351:Drivers/STM32F4xx_HAL_Driver/Src/stm32f4xx_hal_spi.c ****     hspi->Init.CLKPhase    = SPI_PHASE_1EDGE;
 352:Drivers/STM32F4xx_HAL_Driver/Src/stm32f4xx_hal_spi.c ****   }
 353:Drivers/STM32F4xx_HAL_Driver/Src/stm32f4xx_hal_spi.c **** #if (USE_SPI_CRC != 0U)
 354:Drivers/STM32F4xx_HAL_Driver/Src/stm32f4xx_hal_spi.c ****   assert_param(IS_SPI_CRC_CALCULATION(hspi->Init.CRCCalculation));
 355:Drivers/STM32F4xx_HAL_Driver/Src/stm32f4xx_hal_spi.c ****   if (hspi->Init.CRCCalculation == SPI_CRCCALCULATION_ENABLE)
 356:Drivers/STM32F4xx_HAL_Driver/Src/stm32f4xx_hal_spi.c ****   {
 357:Drivers/STM32F4xx_HAL_Driver/Src/stm32f4xx_hal_spi.c ****     assert_param(IS_SPI_CRC_POLYNOMIAL(hspi->Init.CRCPolynomial));
 358:Drivers/STM32F4xx_HAL_Driver/Src/stm32f4xx_hal_spi.c ****   }
 359:Drivers/STM32F4xx_HAL_Driver/Src/stm32f4xx_hal_spi.c **** #else
 360:Drivers/STM32F4xx_HAL_Driver/Src/stm32f4xx_hal_spi.c ****   hspi->Init.CRCCalculation = SPI_CRCCALCULATION_DISABLE;
 361:Drivers/STM32F4xx_HAL_Driver/Src/stm32f4xx_hal_spi.c **** #endif /* USE_SPI_CRC */
 362:Drivers/STM32F4xx_HAL_Driver/Src/stm32f4xx_hal_spi.c **** 
 363:Drivers/STM32F4xx_HAL_Driver/Src/stm32f4xx_hal_spi.c ****   if (hspi->State == HAL_SPI_STATE_RESET)
 364:Drivers/STM32F4xx_HAL_Driver/Src/stm32f4xx_hal_spi.c ****   {
 365:Drivers/STM32F4xx_HAL_Driver/Src/stm32f4xx_hal_spi.c ****     /* Allocate lock resource and initialize it */
 366:Drivers/STM32F4xx_HAL_Driver/Src/stm32f4xx_hal_spi.c ****     hspi->Lock = HAL_UNLOCKED;
 367:Drivers/STM32F4xx_HAL_Driver/Src/stm32f4xx_hal_spi.c **** 
 368:Drivers/STM32F4xx_HAL_Driver/Src/stm32f4xx_hal_spi.c **** #if (USE_HAL_SPI_REGISTER_CALLBACKS == 1U)
 369:Drivers/STM32F4xx_HAL_Driver/Src/stm32f4xx_hal_spi.c ****     /* Init the SPI Callback settings */
 370:Drivers/STM32F4xx_HAL_Driver/Src/stm32f4xx_hal_spi.c ****     hspi->TxCpltCallback       = HAL_SPI_TxCpltCallback;       /* Legacy weak TxCpltCallback       
 371:Drivers/STM32F4xx_HAL_Driver/Src/stm32f4xx_hal_spi.c ****     hspi->RxCpltCallback       = HAL_SPI_RxCpltCallback;       /* Legacy weak RxCpltCallback       
 372:Drivers/STM32F4xx_HAL_Driver/Src/stm32f4xx_hal_spi.c ****     hspi->TxRxCpltCallback     = HAL_SPI_TxRxCpltCallback;     /* Legacy weak TxRxCpltCallback     
ARM GAS  /tmp/cci2ucsl.s 			page 8


 373:Drivers/STM32F4xx_HAL_Driver/Src/stm32f4xx_hal_spi.c ****     hspi->TxHalfCpltCallback   = HAL_SPI_TxHalfCpltCallback;   /* Legacy weak TxHalfCpltCallback   
 374:Drivers/STM32F4xx_HAL_Driver/Src/stm32f4xx_hal_spi.c ****     hspi->RxHalfCpltCallback   = HAL_SPI_RxHalfCpltCallback;   /* Legacy weak RxHalfCpltCallback   
 375:Drivers/STM32F4xx_HAL_Driver/Src/stm32f4xx_hal_spi.c ****     hspi->TxRxHalfCpltCallback = HAL_SPI_TxRxHalfCpltCallback; /* Legacy weak TxRxHalfCpltCallback 
 376:Drivers/STM32F4xx_HAL_Driver/Src/stm32f4xx_hal_spi.c ****     hspi->ErrorCallback        = HAL_SPI_ErrorCallback;        /* Legacy weak ErrorCallback        
 377:Drivers/STM32F4xx_HAL_Driver/Src/stm32f4xx_hal_spi.c ****     hspi->AbortCpltCallback    = HAL_SPI_AbortCpltCallback;    /* Legacy weak AbortCpltCallback    
 378:Drivers/STM32F4xx_HAL_Driver/Src/stm32f4xx_hal_spi.c **** 
 379:Drivers/STM32F4xx_HAL_Driver/Src/stm32f4xx_hal_spi.c ****     if (hspi->MspInitCallback == NULL)
 380:Drivers/STM32F4xx_HAL_Driver/Src/stm32f4xx_hal_spi.c ****     {
 381:Drivers/STM32F4xx_HAL_Driver/Src/stm32f4xx_hal_spi.c ****       hspi->MspInitCallback = HAL_SPI_MspInit; /* Legacy weak MspInit  */
 382:Drivers/STM32F4xx_HAL_Driver/Src/stm32f4xx_hal_spi.c ****     }
 383:Drivers/STM32F4xx_HAL_Driver/Src/stm32f4xx_hal_spi.c **** 
 384:Drivers/STM32F4xx_HAL_Driver/Src/stm32f4xx_hal_spi.c ****     /* Init the low level hardware : GPIO, CLOCK, NVIC... */
 385:Drivers/STM32F4xx_HAL_Driver/Src/stm32f4xx_hal_spi.c ****     hspi->MspInitCallback(hspi);
 386:Drivers/STM32F4xx_HAL_Driver/Src/stm32f4xx_hal_spi.c **** #else
 387:Drivers/STM32F4xx_HAL_Driver/Src/stm32f4xx_hal_spi.c ****     /* Init the low level hardware : GPIO, CLOCK, NVIC... */
 388:Drivers/STM32F4xx_HAL_Driver/Src/stm32f4xx_hal_spi.c ****     HAL_SPI_MspInit(hspi);
 389:Drivers/STM32F4xx_HAL_Driver/Src/stm32f4xx_hal_spi.c **** #endif /* USE_HAL_SPI_REGISTER_CALLBACKS */
 390:Drivers/STM32F4xx_HAL_Driver/Src/stm32f4xx_hal_spi.c ****   }
 391:Drivers/STM32F4xx_HAL_Driver/Src/stm32f4xx_hal_spi.c **** 
 392:Drivers/STM32F4xx_HAL_Driver/Src/stm32f4xx_hal_spi.c ****   hspi->State = HAL_SPI_STATE_BUSY;
 393:Drivers/STM32F4xx_HAL_Driver/Src/stm32f4xx_hal_spi.c **** 
 394:Drivers/STM32F4xx_HAL_Driver/Src/stm32f4xx_hal_spi.c ****   /* Disable the selected SPI peripheral */
 395:Drivers/STM32F4xx_HAL_Driver/Src/stm32f4xx_hal_spi.c ****   __HAL_SPI_DISABLE(hspi);
 396:Drivers/STM32F4xx_HAL_Driver/Src/stm32f4xx_hal_spi.c **** 
 397:Drivers/STM32F4xx_HAL_Driver/Src/stm32f4xx_hal_spi.c ****   /*----------------------- SPIx CR1 & CR2 Configuration ---------------------*/
 398:Drivers/STM32F4xx_HAL_Driver/Src/stm32f4xx_hal_spi.c ****   /* Configure : SPI Mode, Communication Mode, Data size, Clock polarity and phase, NSS management,
 399:Drivers/STM32F4xx_HAL_Driver/Src/stm32f4xx_hal_spi.c ****   Communication speed, First bit and CRC calculation state */
 400:Drivers/STM32F4xx_HAL_Driver/Src/stm32f4xx_hal_spi.c ****   WRITE_REG(hspi->Instance->CR1, ((hspi->Init.Mode & (SPI_CR1_MSTR | SPI_CR1_SSI)) |
 401:Drivers/STM32F4xx_HAL_Driver/Src/stm32f4xx_hal_spi.c ****                                   (hspi->Init.Direction & (SPI_CR1_RXONLY | SPI_CR1_BIDIMODE)) |
 402:Drivers/STM32F4xx_HAL_Driver/Src/stm32f4xx_hal_spi.c ****                                   (hspi->Init.DataSize & SPI_CR1_DFF) |
 403:Drivers/STM32F4xx_HAL_Driver/Src/stm32f4xx_hal_spi.c ****                                   (hspi->Init.CLKPolarity & SPI_CR1_CPOL) |
 404:Drivers/STM32F4xx_HAL_Driver/Src/stm32f4xx_hal_spi.c ****                                   (hspi->Init.CLKPhase & SPI_CR1_CPHA) |
 405:Drivers/STM32F4xx_HAL_Driver/Src/stm32f4xx_hal_spi.c ****                                   (hspi->Init.NSS & SPI_CR1_SSM) |
 406:Drivers/STM32F4xx_HAL_Driver/Src/stm32f4xx_hal_spi.c ****                                   (hspi->Init.BaudRatePrescaler & SPI_CR1_BR_Msk) |
 407:Drivers/STM32F4xx_HAL_Driver/Src/stm32f4xx_hal_spi.c ****                                   (hspi->Init.FirstBit  & SPI_CR1_LSBFIRST) |
 408:Drivers/STM32F4xx_HAL_Driver/Src/stm32f4xx_hal_spi.c ****                                   (hspi->Init.CRCCalculation & SPI_CR1_CRCEN)));
 409:Drivers/STM32F4xx_HAL_Driver/Src/stm32f4xx_hal_spi.c **** 
 410:Drivers/STM32F4xx_HAL_Driver/Src/stm32f4xx_hal_spi.c ****   /* Configure : NSS management, TI Mode */
 411:Drivers/STM32F4xx_HAL_Driver/Src/stm32f4xx_hal_spi.c ****   WRITE_REG(hspi->Instance->CR2, (((hspi->Init.NSS >> 16U) & SPI_CR2_SSOE) | (hspi->Init.TIMode & S
 412:Drivers/STM32F4xx_HAL_Driver/Src/stm32f4xx_hal_spi.c **** 
 413:Drivers/STM32F4xx_HAL_Driver/Src/stm32f4xx_hal_spi.c **** #if (USE_SPI_CRC != 0U)
 414:Drivers/STM32F4xx_HAL_Driver/Src/stm32f4xx_hal_spi.c ****   /*---------------------------- SPIx CRCPOLY Configuration ------------------*/
 415:Drivers/STM32F4xx_HAL_Driver/Src/stm32f4xx_hal_spi.c ****   /* Configure : CRC Polynomial */
 416:Drivers/STM32F4xx_HAL_Driver/Src/stm32f4xx_hal_spi.c ****   if (hspi->Init.CRCCalculation == SPI_CRCCALCULATION_ENABLE)
 417:Drivers/STM32F4xx_HAL_Driver/Src/stm32f4xx_hal_spi.c ****   {
 418:Drivers/STM32F4xx_HAL_Driver/Src/stm32f4xx_hal_spi.c ****     WRITE_REG(hspi->Instance->CRCPR, (hspi->Init.CRCPolynomial & SPI_CRCPR_CRCPOLY_Msk));
 419:Drivers/STM32F4xx_HAL_Driver/Src/stm32f4xx_hal_spi.c ****   }
 420:Drivers/STM32F4xx_HAL_Driver/Src/stm32f4xx_hal_spi.c **** #endif /* USE_SPI_CRC */
 421:Drivers/STM32F4xx_HAL_Driver/Src/stm32f4xx_hal_spi.c **** 
 422:Drivers/STM32F4xx_HAL_Driver/Src/stm32f4xx_hal_spi.c **** #if defined(SPI_I2SCFGR_I2SMOD)
 423:Drivers/STM32F4xx_HAL_Driver/Src/stm32f4xx_hal_spi.c ****   /* Activate the SPI mode (Make sure that I2SMOD bit in I2SCFGR register is reset) */
 424:Drivers/STM32F4xx_HAL_Driver/Src/stm32f4xx_hal_spi.c ****   CLEAR_BIT(hspi->Instance->I2SCFGR, SPI_I2SCFGR_I2SMOD);
 425:Drivers/STM32F4xx_HAL_Driver/Src/stm32f4xx_hal_spi.c **** #endif /* SPI_I2SCFGR_I2SMOD */
 426:Drivers/STM32F4xx_HAL_Driver/Src/stm32f4xx_hal_spi.c **** 
 427:Drivers/STM32F4xx_HAL_Driver/Src/stm32f4xx_hal_spi.c ****   hspi->ErrorCode = HAL_SPI_ERROR_NONE;
 428:Drivers/STM32F4xx_HAL_Driver/Src/stm32f4xx_hal_spi.c ****   hspi->State     = HAL_SPI_STATE_READY;
 429:Drivers/STM32F4xx_HAL_Driver/Src/stm32f4xx_hal_spi.c **** 
ARM GAS  /tmp/cci2ucsl.s 			page 9


 430:Drivers/STM32F4xx_HAL_Driver/Src/stm32f4xx_hal_spi.c ****   return HAL_OK;
 431:Drivers/STM32F4xx_HAL_Driver/Src/stm32f4xx_hal_spi.c **** }
 432:Drivers/STM32F4xx_HAL_Driver/Src/stm32f4xx_hal_spi.c **** 
 433:Drivers/STM32F4xx_HAL_Driver/Src/stm32f4xx_hal_spi.c **** /**
 434:Drivers/STM32F4xx_HAL_Driver/Src/stm32f4xx_hal_spi.c ****   * @brief  De-Initialize the SPI peripheral.
 435:Drivers/STM32F4xx_HAL_Driver/Src/stm32f4xx_hal_spi.c ****   * @param  hspi pointer to a SPI_HandleTypeDef structure that contains
 436:Drivers/STM32F4xx_HAL_Driver/Src/stm32f4xx_hal_spi.c ****   *               the configuration information for SPI module.
 437:Drivers/STM32F4xx_HAL_Driver/Src/stm32f4xx_hal_spi.c ****   * @retval HAL status
 438:Drivers/STM32F4xx_HAL_Driver/Src/stm32f4xx_hal_spi.c ****   */
 439:Drivers/STM32F4xx_HAL_Driver/Src/stm32f4xx_hal_spi.c **** HAL_StatusTypeDef HAL_SPI_DeInit(SPI_HandleTypeDef *hspi)
 440:Drivers/STM32F4xx_HAL_Driver/Src/stm32f4xx_hal_spi.c **** {
 441:Drivers/STM32F4xx_HAL_Driver/Src/stm32f4xx_hal_spi.c ****   /* Check the SPI handle allocation */
 442:Drivers/STM32F4xx_HAL_Driver/Src/stm32f4xx_hal_spi.c ****   if (hspi == NULL)
 443:Drivers/STM32F4xx_HAL_Driver/Src/stm32f4xx_hal_spi.c ****   {
 444:Drivers/STM32F4xx_HAL_Driver/Src/stm32f4xx_hal_spi.c ****     return HAL_ERROR;
 445:Drivers/STM32F4xx_HAL_Driver/Src/stm32f4xx_hal_spi.c ****   }
 446:Drivers/STM32F4xx_HAL_Driver/Src/stm32f4xx_hal_spi.c **** 
 447:Drivers/STM32F4xx_HAL_Driver/Src/stm32f4xx_hal_spi.c ****   /* Check SPI Instance parameter */
 448:Drivers/STM32F4xx_HAL_Driver/Src/stm32f4xx_hal_spi.c ****   assert_param(IS_SPI_ALL_INSTANCE(hspi->Instance));
 449:Drivers/STM32F4xx_HAL_Driver/Src/stm32f4xx_hal_spi.c **** 
 450:Drivers/STM32F4xx_HAL_Driver/Src/stm32f4xx_hal_spi.c ****   hspi->State = HAL_SPI_STATE_BUSY;
 451:Drivers/STM32F4xx_HAL_Driver/Src/stm32f4xx_hal_spi.c **** 
 452:Drivers/STM32F4xx_HAL_Driver/Src/stm32f4xx_hal_spi.c ****   /* Disable the SPI Peripheral Clock */
 453:Drivers/STM32F4xx_HAL_Driver/Src/stm32f4xx_hal_spi.c ****   __HAL_SPI_DISABLE(hspi);
 454:Drivers/STM32F4xx_HAL_Driver/Src/stm32f4xx_hal_spi.c **** 
 455:Drivers/STM32F4xx_HAL_Driver/Src/stm32f4xx_hal_spi.c **** #if (USE_HAL_SPI_REGISTER_CALLBACKS == 1U)
 456:Drivers/STM32F4xx_HAL_Driver/Src/stm32f4xx_hal_spi.c ****   if (hspi->MspDeInitCallback == NULL)
 457:Drivers/STM32F4xx_HAL_Driver/Src/stm32f4xx_hal_spi.c ****   {
 458:Drivers/STM32F4xx_HAL_Driver/Src/stm32f4xx_hal_spi.c ****     hspi->MspDeInitCallback = HAL_SPI_MspDeInit; /* Legacy weak MspDeInit  */
 459:Drivers/STM32F4xx_HAL_Driver/Src/stm32f4xx_hal_spi.c ****   }
 460:Drivers/STM32F4xx_HAL_Driver/Src/stm32f4xx_hal_spi.c **** 
 461:Drivers/STM32F4xx_HAL_Driver/Src/stm32f4xx_hal_spi.c ****   /* DeInit the low level hardware: GPIO, CLOCK, NVIC... */
 462:Drivers/STM32F4xx_HAL_Driver/Src/stm32f4xx_hal_spi.c ****   hspi->MspDeInitCallback(hspi);
 463:Drivers/STM32F4xx_HAL_Driver/Src/stm32f4xx_hal_spi.c **** #else
 464:Drivers/STM32F4xx_HAL_Driver/Src/stm32f4xx_hal_spi.c ****   /* DeInit the low level hardware: GPIO, CLOCK, NVIC... */
 465:Drivers/STM32F4xx_HAL_Driver/Src/stm32f4xx_hal_spi.c ****   HAL_SPI_MspDeInit(hspi);
 466:Drivers/STM32F4xx_HAL_Driver/Src/stm32f4xx_hal_spi.c **** #endif /* USE_HAL_SPI_REGISTER_CALLBACKS */
 467:Drivers/STM32F4xx_HAL_Driver/Src/stm32f4xx_hal_spi.c **** 
 468:Drivers/STM32F4xx_HAL_Driver/Src/stm32f4xx_hal_spi.c ****   hspi->ErrorCode = HAL_SPI_ERROR_NONE;
 469:Drivers/STM32F4xx_HAL_Driver/Src/stm32f4xx_hal_spi.c ****   hspi->State = HAL_SPI_STATE_RESET;
 470:Drivers/STM32F4xx_HAL_Driver/Src/stm32f4xx_hal_spi.c **** 
 471:Drivers/STM32F4xx_HAL_Driver/Src/stm32f4xx_hal_spi.c ****   /* Release Lock */
 472:Drivers/STM32F4xx_HAL_Driver/Src/stm32f4xx_hal_spi.c ****   __HAL_UNLOCK(hspi);
 473:Drivers/STM32F4xx_HAL_Driver/Src/stm32f4xx_hal_spi.c **** 
 474:Drivers/STM32F4xx_HAL_Driver/Src/stm32f4xx_hal_spi.c ****   return HAL_OK;
 475:Drivers/STM32F4xx_HAL_Driver/Src/stm32f4xx_hal_spi.c **** }
 476:Drivers/STM32F4xx_HAL_Driver/Src/stm32f4xx_hal_spi.c **** 
 477:Drivers/STM32F4xx_HAL_Driver/Src/stm32f4xx_hal_spi.c **** /**
 478:Drivers/STM32F4xx_HAL_Driver/Src/stm32f4xx_hal_spi.c ****   * @brief  Initialize the SPI MSP.
 479:Drivers/STM32F4xx_HAL_Driver/Src/stm32f4xx_hal_spi.c ****   * @param  hspi pointer to a SPI_HandleTypeDef structure that contains
 480:Drivers/STM32F4xx_HAL_Driver/Src/stm32f4xx_hal_spi.c ****   *               the configuration information for SPI module.
 481:Drivers/STM32F4xx_HAL_Driver/Src/stm32f4xx_hal_spi.c ****   * @retval None
 482:Drivers/STM32F4xx_HAL_Driver/Src/stm32f4xx_hal_spi.c ****   */
 483:Drivers/STM32F4xx_HAL_Driver/Src/stm32f4xx_hal_spi.c **** __weak void HAL_SPI_MspInit(SPI_HandleTypeDef *hspi)
 484:Drivers/STM32F4xx_HAL_Driver/Src/stm32f4xx_hal_spi.c **** {
 485:Drivers/STM32F4xx_HAL_Driver/Src/stm32f4xx_hal_spi.c ****   /* Prevent unused argument(s) compilation warning */
 486:Drivers/STM32F4xx_HAL_Driver/Src/stm32f4xx_hal_spi.c ****   UNUSED(hspi);
ARM GAS  /tmp/cci2ucsl.s 			page 10


 487:Drivers/STM32F4xx_HAL_Driver/Src/stm32f4xx_hal_spi.c **** 
 488:Drivers/STM32F4xx_HAL_Driver/Src/stm32f4xx_hal_spi.c ****   /* NOTE : This function should not be modified, when the callback is needed,
 489:Drivers/STM32F4xx_HAL_Driver/Src/stm32f4xx_hal_spi.c ****             the HAL_SPI_MspInit should be implemented in the user file
 490:Drivers/STM32F4xx_HAL_Driver/Src/stm32f4xx_hal_spi.c ****    */
 491:Drivers/STM32F4xx_HAL_Driver/Src/stm32f4xx_hal_spi.c **** }
 492:Drivers/STM32F4xx_HAL_Driver/Src/stm32f4xx_hal_spi.c **** 
 493:Drivers/STM32F4xx_HAL_Driver/Src/stm32f4xx_hal_spi.c **** /**
 494:Drivers/STM32F4xx_HAL_Driver/Src/stm32f4xx_hal_spi.c ****   * @brief  De-Initialize the SPI MSP.
 495:Drivers/STM32F4xx_HAL_Driver/Src/stm32f4xx_hal_spi.c ****   * @param  hspi pointer to a SPI_HandleTypeDef structure that contains
 496:Drivers/STM32F4xx_HAL_Driver/Src/stm32f4xx_hal_spi.c ****   *               the configuration information for SPI module.
 497:Drivers/STM32F4xx_HAL_Driver/Src/stm32f4xx_hal_spi.c ****   * @retval None
 498:Drivers/STM32F4xx_HAL_Driver/Src/stm32f4xx_hal_spi.c ****   */
 499:Drivers/STM32F4xx_HAL_Driver/Src/stm32f4xx_hal_spi.c **** __weak void HAL_SPI_MspDeInit(SPI_HandleTypeDef *hspi)
 500:Drivers/STM32F4xx_HAL_Driver/Src/stm32f4xx_hal_spi.c **** {
 501:Drivers/STM32F4xx_HAL_Driver/Src/stm32f4xx_hal_spi.c ****   /* Prevent unused argument(s) compilation warning */
 502:Drivers/STM32F4xx_HAL_Driver/Src/stm32f4xx_hal_spi.c ****   UNUSED(hspi);
 503:Drivers/STM32F4xx_HAL_Driver/Src/stm32f4xx_hal_spi.c **** 
 504:Drivers/STM32F4xx_HAL_Driver/Src/stm32f4xx_hal_spi.c ****   /* NOTE : This function should not be modified, when the callback is needed,
 505:Drivers/STM32F4xx_HAL_Driver/Src/stm32f4xx_hal_spi.c ****             the HAL_SPI_MspDeInit should be implemented in the user file
 506:Drivers/STM32F4xx_HAL_Driver/Src/stm32f4xx_hal_spi.c ****    */
 507:Drivers/STM32F4xx_HAL_Driver/Src/stm32f4xx_hal_spi.c **** }
 508:Drivers/STM32F4xx_HAL_Driver/Src/stm32f4xx_hal_spi.c **** 
 509:Drivers/STM32F4xx_HAL_Driver/Src/stm32f4xx_hal_spi.c **** #if (USE_HAL_SPI_REGISTER_CALLBACKS == 1U)
 510:Drivers/STM32F4xx_HAL_Driver/Src/stm32f4xx_hal_spi.c **** /**
 511:Drivers/STM32F4xx_HAL_Driver/Src/stm32f4xx_hal_spi.c ****   * @brief  Register a User SPI Callback
 512:Drivers/STM32F4xx_HAL_Driver/Src/stm32f4xx_hal_spi.c ****   *         To be used instead of the weak predefined callback
 513:Drivers/STM32F4xx_HAL_Driver/Src/stm32f4xx_hal_spi.c ****   * @param  hspi Pointer to a SPI_HandleTypeDef structure that contains
 514:Drivers/STM32F4xx_HAL_Driver/Src/stm32f4xx_hal_spi.c ****   *                the configuration information for the specified SPI.
 515:Drivers/STM32F4xx_HAL_Driver/Src/stm32f4xx_hal_spi.c ****   * @param  CallbackID ID of the callback to be registered
 516:Drivers/STM32F4xx_HAL_Driver/Src/stm32f4xx_hal_spi.c ****   * @param  pCallback pointer to the Callback function
 517:Drivers/STM32F4xx_HAL_Driver/Src/stm32f4xx_hal_spi.c ****   * @retval HAL status
 518:Drivers/STM32F4xx_HAL_Driver/Src/stm32f4xx_hal_spi.c ****   */
 519:Drivers/STM32F4xx_HAL_Driver/Src/stm32f4xx_hal_spi.c **** HAL_StatusTypeDef HAL_SPI_RegisterCallback(SPI_HandleTypeDef *hspi, HAL_SPI_CallbackIDTypeDef Callb
 520:Drivers/STM32F4xx_HAL_Driver/Src/stm32f4xx_hal_spi.c ****                                            pSPI_CallbackTypeDef pCallback)
 521:Drivers/STM32F4xx_HAL_Driver/Src/stm32f4xx_hal_spi.c **** {
 522:Drivers/STM32F4xx_HAL_Driver/Src/stm32f4xx_hal_spi.c ****   HAL_StatusTypeDef status = HAL_OK;
 523:Drivers/STM32F4xx_HAL_Driver/Src/stm32f4xx_hal_spi.c **** 
 524:Drivers/STM32F4xx_HAL_Driver/Src/stm32f4xx_hal_spi.c ****   if (pCallback == NULL)
 525:Drivers/STM32F4xx_HAL_Driver/Src/stm32f4xx_hal_spi.c ****   {
 526:Drivers/STM32F4xx_HAL_Driver/Src/stm32f4xx_hal_spi.c ****     /* Update the error code */
 527:Drivers/STM32F4xx_HAL_Driver/Src/stm32f4xx_hal_spi.c ****     hspi->ErrorCode |= HAL_SPI_ERROR_INVALID_CALLBACK;
 528:Drivers/STM32F4xx_HAL_Driver/Src/stm32f4xx_hal_spi.c **** 
 529:Drivers/STM32F4xx_HAL_Driver/Src/stm32f4xx_hal_spi.c ****     return HAL_ERROR;
 530:Drivers/STM32F4xx_HAL_Driver/Src/stm32f4xx_hal_spi.c ****   }
 531:Drivers/STM32F4xx_HAL_Driver/Src/stm32f4xx_hal_spi.c ****   /* Process locked */
 532:Drivers/STM32F4xx_HAL_Driver/Src/stm32f4xx_hal_spi.c ****   __HAL_LOCK(hspi);
 533:Drivers/STM32F4xx_HAL_Driver/Src/stm32f4xx_hal_spi.c **** 
 534:Drivers/STM32F4xx_HAL_Driver/Src/stm32f4xx_hal_spi.c ****   if (HAL_SPI_STATE_READY == hspi->State)
 535:Drivers/STM32F4xx_HAL_Driver/Src/stm32f4xx_hal_spi.c ****   {
 536:Drivers/STM32F4xx_HAL_Driver/Src/stm32f4xx_hal_spi.c ****     switch (CallbackID)
 537:Drivers/STM32F4xx_HAL_Driver/Src/stm32f4xx_hal_spi.c ****     {
 538:Drivers/STM32F4xx_HAL_Driver/Src/stm32f4xx_hal_spi.c ****       case HAL_SPI_TX_COMPLETE_CB_ID :
 539:Drivers/STM32F4xx_HAL_Driver/Src/stm32f4xx_hal_spi.c ****         hspi->TxCpltCallback = pCallback;
 540:Drivers/STM32F4xx_HAL_Driver/Src/stm32f4xx_hal_spi.c ****         break;
 541:Drivers/STM32F4xx_HAL_Driver/Src/stm32f4xx_hal_spi.c **** 
 542:Drivers/STM32F4xx_HAL_Driver/Src/stm32f4xx_hal_spi.c ****       case HAL_SPI_RX_COMPLETE_CB_ID :
 543:Drivers/STM32F4xx_HAL_Driver/Src/stm32f4xx_hal_spi.c ****         hspi->RxCpltCallback = pCallback;
ARM GAS  /tmp/cci2ucsl.s 			page 11


 544:Drivers/STM32F4xx_HAL_Driver/Src/stm32f4xx_hal_spi.c ****         break;
 545:Drivers/STM32F4xx_HAL_Driver/Src/stm32f4xx_hal_spi.c **** 
 546:Drivers/STM32F4xx_HAL_Driver/Src/stm32f4xx_hal_spi.c ****       case HAL_SPI_TX_RX_COMPLETE_CB_ID :
 547:Drivers/STM32F4xx_HAL_Driver/Src/stm32f4xx_hal_spi.c ****         hspi->TxRxCpltCallback = pCallback;
 548:Drivers/STM32F4xx_HAL_Driver/Src/stm32f4xx_hal_spi.c ****         break;
 549:Drivers/STM32F4xx_HAL_Driver/Src/stm32f4xx_hal_spi.c **** 
 550:Drivers/STM32F4xx_HAL_Driver/Src/stm32f4xx_hal_spi.c ****       case HAL_SPI_TX_HALF_COMPLETE_CB_ID :
 551:Drivers/STM32F4xx_HAL_Driver/Src/stm32f4xx_hal_spi.c ****         hspi->TxHalfCpltCallback = pCallback;
 552:Drivers/STM32F4xx_HAL_Driver/Src/stm32f4xx_hal_spi.c ****         break;
 553:Drivers/STM32F4xx_HAL_Driver/Src/stm32f4xx_hal_spi.c **** 
 554:Drivers/STM32F4xx_HAL_Driver/Src/stm32f4xx_hal_spi.c ****       case HAL_SPI_RX_HALF_COMPLETE_CB_ID :
 555:Drivers/STM32F4xx_HAL_Driver/Src/stm32f4xx_hal_spi.c ****         hspi->RxHalfCpltCallback = pCallback;
 556:Drivers/STM32F4xx_HAL_Driver/Src/stm32f4xx_hal_spi.c ****         break;
 557:Drivers/STM32F4xx_HAL_Driver/Src/stm32f4xx_hal_spi.c **** 
 558:Drivers/STM32F4xx_HAL_Driver/Src/stm32f4xx_hal_spi.c ****       case HAL_SPI_TX_RX_HALF_COMPLETE_CB_ID :
 559:Drivers/STM32F4xx_HAL_Driver/Src/stm32f4xx_hal_spi.c ****         hspi->TxRxHalfCpltCallback = pCallback;
 560:Drivers/STM32F4xx_HAL_Driver/Src/stm32f4xx_hal_spi.c ****         break;
 561:Drivers/STM32F4xx_HAL_Driver/Src/stm32f4xx_hal_spi.c **** 
 562:Drivers/STM32F4xx_HAL_Driver/Src/stm32f4xx_hal_spi.c ****       case HAL_SPI_ERROR_CB_ID :
 563:Drivers/STM32F4xx_HAL_Driver/Src/stm32f4xx_hal_spi.c ****         hspi->ErrorCallback = pCallback;
 564:Drivers/STM32F4xx_HAL_Driver/Src/stm32f4xx_hal_spi.c ****         break;
 565:Drivers/STM32F4xx_HAL_Driver/Src/stm32f4xx_hal_spi.c **** 
 566:Drivers/STM32F4xx_HAL_Driver/Src/stm32f4xx_hal_spi.c ****       case HAL_SPI_ABORT_CB_ID :
 567:Drivers/STM32F4xx_HAL_Driver/Src/stm32f4xx_hal_spi.c ****         hspi->AbortCpltCallback = pCallback;
 568:Drivers/STM32F4xx_HAL_Driver/Src/stm32f4xx_hal_spi.c ****         break;
 569:Drivers/STM32F4xx_HAL_Driver/Src/stm32f4xx_hal_spi.c **** 
 570:Drivers/STM32F4xx_HAL_Driver/Src/stm32f4xx_hal_spi.c ****       case HAL_SPI_MSPINIT_CB_ID :
 571:Drivers/STM32F4xx_HAL_Driver/Src/stm32f4xx_hal_spi.c ****         hspi->MspInitCallback = pCallback;
 572:Drivers/STM32F4xx_HAL_Driver/Src/stm32f4xx_hal_spi.c ****         break;
 573:Drivers/STM32F4xx_HAL_Driver/Src/stm32f4xx_hal_spi.c **** 
 574:Drivers/STM32F4xx_HAL_Driver/Src/stm32f4xx_hal_spi.c ****       case HAL_SPI_MSPDEINIT_CB_ID :
 575:Drivers/STM32F4xx_HAL_Driver/Src/stm32f4xx_hal_spi.c ****         hspi->MspDeInitCallback = pCallback;
 576:Drivers/STM32F4xx_HAL_Driver/Src/stm32f4xx_hal_spi.c ****         break;
 577:Drivers/STM32F4xx_HAL_Driver/Src/stm32f4xx_hal_spi.c **** 
 578:Drivers/STM32F4xx_HAL_Driver/Src/stm32f4xx_hal_spi.c ****       default :
 579:Drivers/STM32F4xx_HAL_Driver/Src/stm32f4xx_hal_spi.c ****         /* Update the error code */
 580:Drivers/STM32F4xx_HAL_Driver/Src/stm32f4xx_hal_spi.c ****         SET_BIT(hspi->ErrorCode, HAL_SPI_ERROR_INVALID_CALLBACK);
 581:Drivers/STM32F4xx_HAL_Driver/Src/stm32f4xx_hal_spi.c **** 
 582:Drivers/STM32F4xx_HAL_Driver/Src/stm32f4xx_hal_spi.c ****         /* Return error status */
 583:Drivers/STM32F4xx_HAL_Driver/Src/stm32f4xx_hal_spi.c ****         status =  HAL_ERROR;
 584:Drivers/STM32F4xx_HAL_Driver/Src/stm32f4xx_hal_spi.c ****         break;
 585:Drivers/STM32F4xx_HAL_Driver/Src/stm32f4xx_hal_spi.c ****     }
 586:Drivers/STM32F4xx_HAL_Driver/Src/stm32f4xx_hal_spi.c ****   }
 587:Drivers/STM32F4xx_HAL_Driver/Src/stm32f4xx_hal_spi.c ****   else if (HAL_SPI_STATE_RESET == hspi->State)
 588:Drivers/STM32F4xx_HAL_Driver/Src/stm32f4xx_hal_spi.c ****   {
 589:Drivers/STM32F4xx_HAL_Driver/Src/stm32f4xx_hal_spi.c ****     switch (CallbackID)
 590:Drivers/STM32F4xx_HAL_Driver/Src/stm32f4xx_hal_spi.c ****     {
 591:Drivers/STM32F4xx_HAL_Driver/Src/stm32f4xx_hal_spi.c ****       case HAL_SPI_MSPINIT_CB_ID :
 592:Drivers/STM32F4xx_HAL_Driver/Src/stm32f4xx_hal_spi.c ****         hspi->MspInitCallback = pCallback;
 593:Drivers/STM32F4xx_HAL_Driver/Src/stm32f4xx_hal_spi.c ****         break;
 594:Drivers/STM32F4xx_HAL_Driver/Src/stm32f4xx_hal_spi.c **** 
 595:Drivers/STM32F4xx_HAL_Driver/Src/stm32f4xx_hal_spi.c ****       case HAL_SPI_MSPDEINIT_CB_ID :
 596:Drivers/STM32F4xx_HAL_Driver/Src/stm32f4xx_hal_spi.c ****         hspi->MspDeInitCallback = pCallback;
 597:Drivers/STM32F4xx_HAL_Driver/Src/stm32f4xx_hal_spi.c ****         break;
 598:Drivers/STM32F4xx_HAL_Driver/Src/stm32f4xx_hal_spi.c **** 
 599:Drivers/STM32F4xx_HAL_Driver/Src/stm32f4xx_hal_spi.c ****       default :
 600:Drivers/STM32F4xx_HAL_Driver/Src/stm32f4xx_hal_spi.c ****         /* Update the error code */
ARM GAS  /tmp/cci2ucsl.s 			page 12


 601:Drivers/STM32F4xx_HAL_Driver/Src/stm32f4xx_hal_spi.c ****         SET_BIT(hspi->ErrorCode, HAL_SPI_ERROR_INVALID_CALLBACK);
 602:Drivers/STM32F4xx_HAL_Driver/Src/stm32f4xx_hal_spi.c **** 
 603:Drivers/STM32F4xx_HAL_Driver/Src/stm32f4xx_hal_spi.c ****         /* Return error status */
 604:Drivers/STM32F4xx_HAL_Driver/Src/stm32f4xx_hal_spi.c ****         status =  HAL_ERROR;
 605:Drivers/STM32F4xx_HAL_Driver/Src/stm32f4xx_hal_spi.c ****         break;
 606:Drivers/STM32F4xx_HAL_Driver/Src/stm32f4xx_hal_spi.c ****     }
 607:Drivers/STM32F4xx_HAL_Driver/Src/stm32f4xx_hal_spi.c ****   }
 608:Drivers/STM32F4xx_HAL_Driver/Src/stm32f4xx_hal_spi.c ****   else
 609:Drivers/STM32F4xx_HAL_Driver/Src/stm32f4xx_hal_spi.c ****   {
 610:Drivers/STM32F4xx_HAL_Driver/Src/stm32f4xx_hal_spi.c ****     /* Update the error code */
 611:Drivers/STM32F4xx_HAL_Driver/Src/stm32f4xx_hal_spi.c ****     SET_BIT(hspi->ErrorCode, HAL_SPI_ERROR_INVALID_CALLBACK);
 612:Drivers/STM32F4xx_HAL_Driver/Src/stm32f4xx_hal_spi.c **** 
 613:Drivers/STM32F4xx_HAL_Driver/Src/stm32f4xx_hal_spi.c ****     /* Return error status */
 614:Drivers/STM32F4xx_HAL_Driver/Src/stm32f4xx_hal_spi.c ****     status =  HAL_ERROR;
 615:Drivers/STM32F4xx_HAL_Driver/Src/stm32f4xx_hal_spi.c ****   }
 616:Drivers/STM32F4xx_HAL_Driver/Src/stm32f4xx_hal_spi.c **** 
 617:Drivers/STM32F4xx_HAL_Driver/Src/stm32f4xx_hal_spi.c ****   /* Release Lock */
 618:Drivers/STM32F4xx_HAL_Driver/Src/stm32f4xx_hal_spi.c ****   __HAL_UNLOCK(hspi);
 619:Drivers/STM32F4xx_HAL_Driver/Src/stm32f4xx_hal_spi.c ****   return status;
 620:Drivers/STM32F4xx_HAL_Driver/Src/stm32f4xx_hal_spi.c **** }
 621:Drivers/STM32F4xx_HAL_Driver/Src/stm32f4xx_hal_spi.c **** 
 622:Drivers/STM32F4xx_HAL_Driver/Src/stm32f4xx_hal_spi.c **** /**
 623:Drivers/STM32F4xx_HAL_Driver/Src/stm32f4xx_hal_spi.c ****   * @brief  Unregister an SPI Callback
 624:Drivers/STM32F4xx_HAL_Driver/Src/stm32f4xx_hal_spi.c ****   *         SPI callback is redirected to the weak predefined callback
 625:Drivers/STM32F4xx_HAL_Driver/Src/stm32f4xx_hal_spi.c ****   * @param  hspi Pointer to a SPI_HandleTypeDef structure that contains
 626:Drivers/STM32F4xx_HAL_Driver/Src/stm32f4xx_hal_spi.c ****   *                the configuration information for the specified SPI.
 627:Drivers/STM32F4xx_HAL_Driver/Src/stm32f4xx_hal_spi.c ****   * @param  CallbackID ID of the callback to be unregistered
 628:Drivers/STM32F4xx_HAL_Driver/Src/stm32f4xx_hal_spi.c ****   * @retval HAL status
 629:Drivers/STM32F4xx_HAL_Driver/Src/stm32f4xx_hal_spi.c ****   */
 630:Drivers/STM32F4xx_HAL_Driver/Src/stm32f4xx_hal_spi.c **** HAL_StatusTypeDef HAL_SPI_UnRegisterCallback(SPI_HandleTypeDef *hspi, HAL_SPI_CallbackIDTypeDef Cal
 631:Drivers/STM32F4xx_HAL_Driver/Src/stm32f4xx_hal_spi.c **** {
 632:Drivers/STM32F4xx_HAL_Driver/Src/stm32f4xx_hal_spi.c ****   HAL_StatusTypeDef status = HAL_OK;
 633:Drivers/STM32F4xx_HAL_Driver/Src/stm32f4xx_hal_spi.c **** 
 634:Drivers/STM32F4xx_HAL_Driver/Src/stm32f4xx_hal_spi.c ****   /* Process locked */
 635:Drivers/STM32F4xx_HAL_Driver/Src/stm32f4xx_hal_spi.c ****   __HAL_LOCK(hspi);
 636:Drivers/STM32F4xx_HAL_Driver/Src/stm32f4xx_hal_spi.c **** 
 637:Drivers/STM32F4xx_HAL_Driver/Src/stm32f4xx_hal_spi.c ****   if (HAL_SPI_STATE_READY == hspi->State)
 638:Drivers/STM32F4xx_HAL_Driver/Src/stm32f4xx_hal_spi.c ****   {
 639:Drivers/STM32F4xx_HAL_Driver/Src/stm32f4xx_hal_spi.c ****     switch (CallbackID)
 640:Drivers/STM32F4xx_HAL_Driver/Src/stm32f4xx_hal_spi.c ****     {
 641:Drivers/STM32F4xx_HAL_Driver/Src/stm32f4xx_hal_spi.c ****       case HAL_SPI_TX_COMPLETE_CB_ID :
 642:Drivers/STM32F4xx_HAL_Driver/Src/stm32f4xx_hal_spi.c ****         hspi->TxCpltCallback = HAL_SPI_TxCpltCallback;             /* Legacy weak TxCpltCallback   
 643:Drivers/STM32F4xx_HAL_Driver/Src/stm32f4xx_hal_spi.c ****         break;
 644:Drivers/STM32F4xx_HAL_Driver/Src/stm32f4xx_hal_spi.c **** 
 645:Drivers/STM32F4xx_HAL_Driver/Src/stm32f4xx_hal_spi.c ****       case HAL_SPI_RX_COMPLETE_CB_ID :
 646:Drivers/STM32F4xx_HAL_Driver/Src/stm32f4xx_hal_spi.c ****         hspi->RxCpltCallback = HAL_SPI_RxCpltCallback;             /* Legacy weak RxCpltCallback   
 647:Drivers/STM32F4xx_HAL_Driver/Src/stm32f4xx_hal_spi.c ****         break;
 648:Drivers/STM32F4xx_HAL_Driver/Src/stm32f4xx_hal_spi.c **** 
 649:Drivers/STM32F4xx_HAL_Driver/Src/stm32f4xx_hal_spi.c ****       case HAL_SPI_TX_RX_COMPLETE_CB_ID :
 650:Drivers/STM32F4xx_HAL_Driver/Src/stm32f4xx_hal_spi.c ****         hspi->TxRxCpltCallback = HAL_SPI_TxRxCpltCallback;         /* Legacy weak TxRxCpltCallback 
 651:Drivers/STM32F4xx_HAL_Driver/Src/stm32f4xx_hal_spi.c ****         break;
 652:Drivers/STM32F4xx_HAL_Driver/Src/stm32f4xx_hal_spi.c **** 
 653:Drivers/STM32F4xx_HAL_Driver/Src/stm32f4xx_hal_spi.c ****       case HAL_SPI_TX_HALF_COMPLETE_CB_ID :
 654:Drivers/STM32F4xx_HAL_Driver/Src/stm32f4xx_hal_spi.c ****         hspi->TxHalfCpltCallback = HAL_SPI_TxHalfCpltCallback;     /* Legacy weak TxHalfCpltCallbac
 655:Drivers/STM32F4xx_HAL_Driver/Src/stm32f4xx_hal_spi.c ****         break;
 656:Drivers/STM32F4xx_HAL_Driver/Src/stm32f4xx_hal_spi.c **** 
 657:Drivers/STM32F4xx_HAL_Driver/Src/stm32f4xx_hal_spi.c ****       case HAL_SPI_RX_HALF_COMPLETE_CB_ID :
ARM GAS  /tmp/cci2ucsl.s 			page 13


 658:Drivers/STM32F4xx_HAL_Driver/Src/stm32f4xx_hal_spi.c ****         hspi->RxHalfCpltCallback = HAL_SPI_RxHalfCpltCallback;     /* Legacy weak RxHalfCpltCallbac
 659:Drivers/STM32F4xx_HAL_Driver/Src/stm32f4xx_hal_spi.c ****         break;
 660:Drivers/STM32F4xx_HAL_Driver/Src/stm32f4xx_hal_spi.c **** 
 661:Drivers/STM32F4xx_HAL_Driver/Src/stm32f4xx_hal_spi.c ****       case HAL_SPI_TX_RX_HALF_COMPLETE_CB_ID :
 662:Drivers/STM32F4xx_HAL_Driver/Src/stm32f4xx_hal_spi.c ****         hspi->TxRxHalfCpltCallback = HAL_SPI_TxRxHalfCpltCallback; /* Legacy weak TxRxHalfCpltCallb
 663:Drivers/STM32F4xx_HAL_Driver/Src/stm32f4xx_hal_spi.c ****         break;
 664:Drivers/STM32F4xx_HAL_Driver/Src/stm32f4xx_hal_spi.c **** 
 665:Drivers/STM32F4xx_HAL_Driver/Src/stm32f4xx_hal_spi.c ****       case HAL_SPI_ERROR_CB_ID :
 666:Drivers/STM32F4xx_HAL_Driver/Src/stm32f4xx_hal_spi.c ****         hspi->ErrorCallback = HAL_SPI_ErrorCallback;               /* Legacy weak ErrorCallback    
 667:Drivers/STM32F4xx_HAL_Driver/Src/stm32f4xx_hal_spi.c ****         break;
 668:Drivers/STM32F4xx_HAL_Driver/Src/stm32f4xx_hal_spi.c **** 
 669:Drivers/STM32F4xx_HAL_Driver/Src/stm32f4xx_hal_spi.c ****       case HAL_SPI_ABORT_CB_ID :
 670:Drivers/STM32F4xx_HAL_Driver/Src/stm32f4xx_hal_spi.c ****         hspi->AbortCpltCallback = HAL_SPI_AbortCpltCallback;       /* Legacy weak AbortCpltCallback
 671:Drivers/STM32F4xx_HAL_Driver/Src/stm32f4xx_hal_spi.c ****         break;
 672:Drivers/STM32F4xx_HAL_Driver/Src/stm32f4xx_hal_spi.c **** 
 673:Drivers/STM32F4xx_HAL_Driver/Src/stm32f4xx_hal_spi.c ****       case HAL_SPI_MSPINIT_CB_ID :
 674:Drivers/STM32F4xx_HAL_Driver/Src/stm32f4xx_hal_spi.c ****         hspi->MspInitCallback = HAL_SPI_MspInit;                   /* Legacy weak MspInit          
 675:Drivers/STM32F4xx_HAL_Driver/Src/stm32f4xx_hal_spi.c ****         break;
 676:Drivers/STM32F4xx_HAL_Driver/Src/stm32f4xx_hal_spi.c **** 
 677:Drivers/STM32F4xx_HAL_Driver/Src/stm32f4xx_hal_spi.c ****       case HAL_SPI_MSPDEINIT_CB_ID :
 678:Drivers/STM32F4xx_HAL_Driver/Src/stm32f4xx_hal_spi.c ****         hspi->MspDeInitCallback = HAL_SPI_MspDeInit;               /* Legacy weak MspDeInit        
 679:Drivers/STM32F4xx_HAL_Driver/Src/stm32f4xx_hal_spi.c ****         break;
 680:Drivers/STM32F4xx_HAL_Driver/Src/stm32f4xx_hal_spi.c **** 
 681:Drivers/STM32F4xx_HAL_Driver/Src/stm32f4xx_hal_spi.c ****       default :
 682:Drivers/STM32F4xx_HAL_Driver/Src/stm32f4xx_hal_spi.c ****         /* Update the error code */
 683:Drivers/STM32F4xx_HAL_Driver/Src/stm32f4xx_hal_spi.c ****         SET_BIT(hspi->ErrorCode, HAL_SPI_ERROR_INVALID_CALLBACK);
 684:Drivers/STM32F4xx_HAL_Driver/Src/stm32f4xx_hal_spi.c **** 
 685:Drivers/STM32F4xx_HAL_Driver/Src/stm32f4xx_hal_spi.c ****         /* Return error status */
 686:Drivers/STM32F4xx_HAL_Driver/Src/stm32f4xx_hal_spi.c ****         status =  HAL_ERROR;
 687:Drivers/STM32F4xx_HAL_Driver/Src/stm32f4xx_hal_spi.c ****         break;
 688:Drivers/STM32F4xx_HAL_Driver/Src/stm32f4xx_hal_spi.c ****     }
 689:Drivers/STM32F4xx_HAL_Driver/Src/stm32f4xx_hal_spi.c ****   }
 690:Drivers/STM32F4xx_HAL_Driver/Src/stm32f4xx_hal_spi.c ****   else if (HAL_SPI_STATE_RESET == hspi->State)
 691:Drivers/STM32F4xx_HAL_Driver/Src/stm32f4xx_hal_spi.c ****   {
 692:Drivers/STM32F4xx_HAL_Driver/Src/stm32f4xx_hal_spi.c ****     switch (CallbackID)
 693:Drivers/STM32F4xx_HAL_Driver/Src/stm32f4xx_hal_spi.c ****     {
 694:Drivers/STM32F4xx_HAL_Driver/Src/stm32f4xx_hal_spi.c ****       case HAL_SPI_MSPINIT_CB_ID :
 695:Drivers/STM32F4xx_HAL_Driver/Src/stm32f4xx_hal_spi.c ****         hspi->MspInitCallback = HAL_SPI_MspInit;                   /* Legacy weak MspInit          
 696:Drivers/STM32F4xx_HAL_Driver/Src/stm32f4xx_hal_spi.c ****         break;
 697:Drivers/STM32F4xx_HAL_Driver/Src/stm32f4xx_hal_spi.c **** 
 698:Drivers/STM32F4xx_HAL_Driver/Src/stm32f4xx_hal_spi.c ****       case HAL_SPI_MSPDEINIT_CB_ID :
 699:Drivers/STM32F4xx_HAL_Driver/Src/stm32f4xx_hal_spi.c ****         hspi->MspDeInitCallback = HAL_SPI_MspDeInit;               /* Legacy weak MspDeInit        
 700:Drivers/STM32F4xx_HAL_Driver/Src/stm32f4xx_hal_spi.c ****         break;
 701:Drivers/STM32F4xx_HAL_Driver/Src/stm32f4xx_hal_spi.c **** 
 702:Drivers/STM32F4xx_HAL_Driver/Src/stm32f4xx_hal_spi.c ****       default :
 703:Drivers/STM32F4xx_HAL_Driver/Src/stm32f4xx_hal_spi.c ****         /* Update the error code */
 704:Drivers/STM32F4xx_HAL_Driver/Src/stm32f4xx_hal_spi.c ****         SET_BIT(hspi->ErrorCode, HAL_SPI_ERROR_INVALID_CALLBACK);
 705:Drivers/STM32F4xx_HAL_Driver/Src/stm32f4xx_hal_spi.c **** 
 706:Drivers/STM32F4xx_HAL_Driver/Src/stm32f4xx_hal_spi.c ****         /* Return error status */
 707:Drivers/STM32F4xx_HAL_Driver/Src/stm32f4xx_hal_spi.c ****         status =  HAL_ERROR;
 708:Drivers/STM32F4xx_HAL_Driver/Src/stm32f4xx_hal_spi.c ****         break;
 709:Drivers/STM32F4xx_HAL_Driver/Src/stm32f4xx_hal_spi.c ****     }
 710:Drivers/STM32F4xx_HAL_Driver/Src/stm32f4xx_hal_spi.c ****   }
 711:Drivers/STM32F4xx_HAL_Driver/Src/stm32f4xx_hal_spi.c ****   else
 712:Drivers/STM32F4xx_HAL_Driver/Src/stm32f4xx_hal_spi.c ****   {
 713:Drivers/STM32F4xx_HAL_Driver/Src/stm32f4xx_hal_spi.c ****     /* Update the error code */
 714:Drivers/STM32F4xx_HAL_Driver/Src/stm32f4xx_hal_spi.c ****     SET_BIT(hspi->ErrorCode, HAL_SPI_ERROR_INVALID_CALLBACK);
ARM GAS  /tmp/cci2ucsl.s 			page 14


 715:Drivers/STM32F4xx_HAL_Driver/Src/stm32f4xx_hal_spi.c **** 
 716:Drivers/STM32F4xx_HAL_Driver/Src/stm32f4xx_hal_spi.c ****     /* Return error status */
 717:Drivers/STM32F4xx_HAL_Driver/Src/stm32f4xx_hal_spi.c ****     status =  HAL_ERROR;
 718:Drivers/STM32F4xx_HAL_Driver/Src/stm32f4xx_hal_spi.c ****   }
 719:Drivers/STM32F4xx_HAL_Driver/Src/stm32f4xx_hal_spi.c **** 
 720:Drivers/STM32F4xx_HAL_Driver/Src/stm32f4xx_hal_spi.c ****   /* Release Lock */
 721:Drivers/STM32F4xx_HAL_Driver/Src/stm32f4xx_hal_spi.c ****   __HAL_UNLOCK(hspi);
 722:Drivers/STM32F4xx_HAL_Driver/Src/stm32f4xx_hal_spi.c ****   return status;
 723:Drivers/STM32F4xx_HAL_Driver/Src/stm32f4xx_hal_spi.c **** }
 724:Drivers/STM32F4xx_HAL_Driver/Src/stm32f4xx_hal_spi.c **** #endif /* USE_HAL_SPI_REGISTER_CALLBACKS */
 725:Drivers/STM32F4xx_HAL_Driver/Src/stm32f4xx_hal_spi.c **** /**
 726:Drivers/STM32F4xx_HAL_Driver/Src/stm32f4xx_hal_spi.c ****   * @}
 727:Drivers/STM32F4xx_HAL_Driver/Src/stm32f4xx_hal_spi.c ****   */
 728:Drivers/STM32F4xx_HAL_Driver/Src/stm32f4xx_hal_spi.c **** 
 729:Drivers/STM32F4xx_HAL_Driver/Src/stm32f4xx_hal_spi.c **** /** @defgroup SPI_Exported_Functions_Group2 IO operation functions
 730:Drivers/STM32F4xx_HAL_Driver/Src/stm32f4xx_hal_spi.c ****   *  @brief   Data transfers functions
 731:Drivers/STM32F4xx_HAL_Driver/Src/stm32f4xx_hal_spi.c ****   *
 732:Drivers/STM32F4xx_HAL_Driver/Src/stm32f4xx_hal_spi.c **** @verbatim
 733:Drivers/STM32F4xx_HAL_Driver/Src/stm32f4xx_hal_spi.c ****   ==============================================================================
 734:Drivers/STM32F4xx_HAL_Driver/Src/stm32f4xx_hal_spi.c ****                       ##### IO operation functions #####
 735:Drivers/STM32F4xx_HAL_Driver/Src/stm32f4xx_hal_spi.c ****  ===============================================================================
 736:Drivers/STM32F4xx_HAL_Driver/Src/stm32f4xx_hal_spi.c ****  [..]
 737:Drivers/STM32F4xx_HAL_Driver/Src/stm32f4xx_hal_spi.c ****     This subsection provides a set of functions allowing to manage the SPI
 738:Drivers/STM32F4xx_HAL_Driver/Src/stm32f4xx_hal_spi.c ****     data transfers.
 739:Drivers/STM32F4xx_HAL_Driver/Src/stm32f4xx_hal_spi.c **** 
 740:Drivers/STM32F4xx_HAL_Driver/Src/stm32f4xx_hal_spi.c ****     [..] The SPI supports master and slave mode :
 741:Drivers/STM32F4xx_HAL_Driver/Src/stm32f4xx_hal_spi.c **** 
 742:Drivers/STM32F4xx_HAL_Driver/Src/stm32f4xx_hal_spi.c ****     (#) There are two modes of transfer:
 743:Drivers/STM32F4xx_HAL_Driver/Src/stm32f4xx_hal_spi.c ****        (++) Blocking mode: The communication is performed in polling mode.
 744:Drivers/STM32F4xx_HAL_Driver/Src/stm32f4xx_hal_spi.c ****             The HAL status of all data processing is returned by the same function
 745:Drivers/STM32F4xx_HAL_Driver/Src/stm32f4xx_hal_spi.c ****             after finishing transfer.
 746:Drivers/STM32F4xx_HAL_Driver/Src/stm32f4xx_hal_spi.c ****        (++) No-Blocking mode: The communication is performed using Interrupts
 747:Drivers/STM32F4xx_HAL_Driver/Src/stm32f4xx_hal_spi.c ****             or DMA, These APIs return the HAL status.
 748:Drivers/STM32F4xx_HAL_Driver/Src/stm32f4xx_hal_spi.c ****             The end of the data processing will be indicated through the
 749:Drivers/STM32F4xx_HAL_Driver/Src/stm32f4xx_hal_spi.c ****             dedicated SPI IRQ when using Interrupt mode or the DMA IRQ when
 750:Drivers/STM32F4xx_HAL_Driver/Src/stm32f4xx_hal_spi.c ****             using DMA mode.
 751:Drivers/STM32F4xx_HAL_Driver/Src/stm32f4xx_hal_spi.c ****             The HAL_SPI_TxCpltCallback(), HAL_SPI_RxCpltCallback() and HAL_SPI_TxRxCpltCallback() u
 752:Drivers/STM32F4xx_HAL_Driver/Src/stm32f4xx_hal_spi.c ****             will be executed respectively at the end of the transmit or Receive process
 753:Drivers/STM32F4xx_HAL_Driver/Src/stm32f4xx_hal_spi.c ****             The HAL_SPI_ErrorCallback()user callback will be executed when a communication error is
 754:Drivers/STM32F4xx_HAL_Driver/Src/stm32f4xx_hal_spi.c **** 
 755:Drivers/STM32F4xx_HAL_Driver/Src/stm32f4xx_hal_spi.c ****     (#) APIs provided for these 2 transfer modes (Blocking mode or Non blocking mode using either I
 756:Drivers/STM32F4xx_HAL_Driver/Src/stm32f4xx_hal_spi.c ****         exist for 1Line (simplex) and 2Lines (full duplex) modes.
 757:Drivers/STM32F4xx_HAL_Driver/Src/stm32f4xx_hal_spi.c **** 
 758:Drivers/STM32F4xx_HAL_Driver/Src/stm32f4xx_hal_spi.c **** @endverbatim
 759:Drivers/STM32F4xx_HAL_Driver/Src/stm32f4xx_hal_spi.c ****   * @{
 760:Drivers/STM32F4xx_HAL_Driver/Src/stm32f4xx_hal_spi.c ****   */
 761:Drivers/STM32F4xx_HAL_Driver/Src/stm32f4xx_hal_spi.c **** 
 762:Drivers/STM32F4xx_HAL_Driver/Src/stm32f4xx_hal_spi.c **** /**
 763:Drivers/STM32F4xx_HAL_Driver/Src/stm32f4xx_hal_spi.c ****   * @brief  Transmit an amount of data in blocking mode.
 764:Drivers/STM32F4xx_HAL_Driver/Src/stm32f4xx_hal_spi.c ****   * @param  hspi pointer to a SPI_HandleTypeDef structure that contains
 765:Drivers/STM32F4xx_HAL_Driver/Src/stm32f4xx_hal_spi.c ****   *               the configuration information for SPI module.
 766:Drivers/STM32F4xx_HAL_Driver/Src/stm32f4xx_hal_spi.c ****   * @param  pData pointer to data buffer (u8 or u16 data elements)
 767:Drivers/STM32F4xx_HAL_Driver/Src/stm32f4xx_hal_spi.c ****   * @param  Size amount of data elements (u8 or u16) to be sent
 768:Drivers/STM32F4xx_HAL_Driver/Src/stm32f4xx_hal_spi.c ****   * @param  Timeout Timeout duration in ms
 769:Drivers/STM32F4xx_HAL_Driver/Src/stm32f4xx_hal_spi.c ****   * @retval HAL status
 770:Drivers/STM32F4xx_HAL_Driver/Src/stm32f4xx_hal_spi.c ****   */
 771:Drivers/STM32F4xx_HAL_Driver/Src/stm32f4xx_hal_spi.c **** HAL_StatusTypeDef HAL_SPI_Transmit(SPI_HandleTypeDef *hspi, const uint8_t *pData, uint16_t Size, ui
ARM GAS  /tmp/cci2ucsl.s 			page 15


 772:Drivers/STM32F4xx_HAL_Driver/Src/stm32f4xx_hal_spi.c **** {
 773:Drivers/STM32F4xx_HAL_Driver/Src/stm32f4xx_hal_spi.c ****   uint32_t tickstart;
 774:Drivers/STM32F4xx_HAL_Driver/Src/stm32f4xx_hal_spi.c ****   uint16_t initial_TxXferCount;
 775:Drivers/STM32F4xx_HAL_Driver/Src/stm32f4xx_hal_spi.c **** 
 776:Drivers/STM32F4xx_HAL_Driver/Src/stm32f4xx_hal_spi.c ****   /* Check Direction parameter */
 777:Drivers/STM32F4xx_HAL_Driver/Src/stm32f4xx_hal_spi.c ****   assert_param(IS_SPI_DIRECTION_2LINES_OR_1LINE(hspi->Init.Direction));
 778:Drivers/STM32F4xx_HAL_Driver/Src/stm32f4xx_hal_spi.c **** 
 779:Drivers/STM32F4xx_HAL_Driver/Src/stm32f4xx_hal_spi.c ****   /* Init tickstart for timeout management*/
 780:Drivers/STM32F4xx_HAL_Driver/Src/stm32f4xx_hal_spi.c ****   tickstart = HAL_GetTick();
 781:Drivers/STM32F4xx_HAL_Driver/Src/stm32f4xx_hal_spi.c ****   initial_TxXferCount = Size;
 782:Drivers/STM32F4xx_HAL_Driver/Src/stm32f4xx_hal_spi.c **** 
 783:Drivers/STM32F4xx_HAL_Driver/Src/stm32f4xx_hal_spi.c ****   if (hspi->State != HAL_SPI_STATE_READY)
 784:Drivers/STM32F4xx_HAL_Driver/Src/stm32f4xx_hal_spi.c ****   {
 785:Drivers/STM32F4xx_HAL_Driver/Src/stm32f4xx_hal_spi.c ****     return HAL_BUSY;
 786:Drivers/STM32F4xx_HAL_Driver/Src/stm32f4xx_hal_spi.c ****   }
 787:Drivers/STM32F4xx_HAL_Driver/Src/stm32f4xx_hal_spi.c **** 
 788:Drivers/STM32F4xx_HAL_Driver/Src/stm32f4xx_hal_spi.c ****   if ((pData == NULL) || (Size == 0U))
 789:Drivers/STM32F4xx_HAL_Driver/Src/stm32f4xx_hal_spi.c ****   {
 790:Drivers/STM32F4xx_HAL_Driver/Src/stm32f4xx_hal_spi.c ****     return HAL_ERROR;
 791:Drivers/STM32F4xx_HAL_Driver/Src/stm32f4xx_hal_spi.c ****   }
 792:Drivers/STM32F4xx_HAL_Driver/Src/stm32f4xx_hal_spi.c **** 
 793:Drivers/STM32F4xx_HAL_Driver/Src/stm32f4xx_hal_spi.c ****   /* Process Locked */
 794:Drivers/STM32F4xx_HAL_Driver/Src/stm32f4xx_hal_spi.c ****   __HAL_LOCK(hspi);
 795:Drivers/STM32F4xx_HAL_Driver/Src/stm32f4xx_hal_spi.c **** 
 796:Drivers/STM32F4xx_HAL_Driver/Src/stm32f4xx_hal_spi.c ****   /* Set the transaction information */
 797:Drivers/STM32F4xx_HAL_Driver/Src/stm32f4xx_hal_spi.c ****   hspi->State       = HAL_SPI_STATE_BUSY_TX;
 798:Drivers/STM32F4xx_HAL_Driver/Src/stm32f4xx_hal_spi.c ****   hspi->ErrorCode   = HAL_SPI_ERROR_NONE;
 799:Drivers/STM32F4xx_HAL_Driver/Src/stm32f4xx_hal_spi.c ****   hspi->pTxBuffPtr  = (const uint8_t *)pData;
 800:Drivers/STM32F4xx_HAL_Driver/Src/stm32f4xx_hal_spi.c ****   hspi->TxXferSize  = Size;
 801:Drivers/STM32F4xx_HAL_Driver/Src/stm32f4xx_hal_spi.c ****   hspi->TxXferCount = Size;
 802:Drivers/STM32F4xx_HAL_Driver/Src/stm32f4xx_hal_spi.c **** 
 803:Drivers/STM32F4xx_HAL_Driver/Src/stm32f4xx_hal_spi.c ****   /*Init field not used in handle to zero */
 804:Drivers/STM32F4xx_HAL_Driver/Src/stm32f4xx_hal_spi.c ****   hspi->pRxBuffPtr  = (uint8_t *)NULL;
 805:Drivers/STM32F4xx_HAL_Driver/Src/stm32f4xx_hal_spi.c ****   hspi->RxXferSize  = 0U;
 806:Drivers/STM32F4xx_HAL_Driver/Src/stm32f4xx_hal_spi.c ****   hspi->RxXferCount = 0U;
 807:Drivers/STM32F4xx_HAL_Driver/Src/stm32f4xx_hal_spi.c ****   hspi->TxISR       = NULL;
 808:Drivers/STM32F4xx_HAL_Driver/Src/stm32f4xx_hal_spi.c ****   hspi->RxISR       = NULL;
 809:Drivers/STM32F4xx_HAL_Driver/Src/stm32f4xx_hal_spi.c **** 
 810:Drivers/STM32F4xx_HAL_Driver/Src/stm32f4xx_hal_spi.c ****   /* Configure communication direction : 1Line */
 811:Drivers/STM32F4xx_HAL_Driver/Src/stm32f4xx_hal_spi.c ****   if (hspi->Init.Direction == SPI_DIRECTION_1LINE)
 812:Drivers/STM32F4xx_HAL_Driver/Src/stm32f4xx_hal_spi.c ****   {
 813:Drivers/STM32F4xx_HAL_Driver/Src/stm32f4xx_hal_spi.c ****     /* Disable SPI Peripheral before set 1Line direction (BIDIOE bit) */
 814:Drivers/STM32F4xx_HAL_Driver/Src/stm32f4xx_hal_spi.c ****     __HAL_SPI_DISABLE(hspi);
 815:Drivers/STM32F4xx_HAL_Driver/Src/stm32f4xx_hal_spi.c ****     SPI_1LINE_TX(hspi);
 816:Drivers/STM32F4xx_HAL_Driver/Src/stm32f4xx_hal_spi.c ****   }
 817:Drivers/STM32F4xx_HAL_Driver/Src/stm32f4xx_hal_spi.c **** 
 818:Drivers/STM32F4xx_HAL_Driver/Src/stm32f4xx_hal_spi.c **** #if (USE_SPI_CRC != 0U)
 819:Drivers/STM32F4xx_HAL_Driver/Src/stm32f4xx_hal_spi.c ****   /* Reset CRC Calculation */
 820:Drivers/STM32F4xx_HAL_Driver/Src/stm32f4xx_hal_spi.c ****   if (hspi->Init.CRCCalculation == SPI_CRCCALCULATION_ENABLE)
 821:Drivers/STM32F4xx_HAL_Driver/Src/stm32f4xx_hal_spi.c ****   {
 822:Drivers/STM32F4xx_HAL_Driver/Src/stm32f4xx_hal_spi.c ****     SPI_RESET_CRC(hspi);
 823:Drivers/STM32F4xx_HAL_Driver/Src/stm32f4xx_hal_spi.c ****   }
 824:Drivers/STM32F4xx_HAL_Driver/Src/stm32f4xx_hal_spi.c **** #endif /* USE_SPI_CRC */
 825:Drivers/STM32F4xx_HAL_Driver/Src/stm32f4xx_hal_spi.c **** 
 826:Drivers/STM32F4xx_HAL_Driver/Src/stm32f4xx_hal_spi.c ****   /* Check if the SPI is already enabled */
 827:Drivers/STM32F4xx_HAL_Driver/Src/stm32f4xx_hal_spi.c ****   if ((hspi->Instance->CR1 & SPI_CR1_SPE) != SPI_CR1_SPE)
 828:Drivers/STM32F4xx_HAL_Driver/Src/stm32f4xx_hal_spi.c ****   {
ARM GAS  /tmp/cci2ucsl.s 			page 16


 829:Drivers/STM32F4xx_HAL_Driver/Src/stm32f4xx_hal_spi.c ****     /* Enable SPI peripheral */
 830:Drivers/STM32F4xx_HAL_Driver/Src/stm32f4xx_hal_spi.c ****     __HAL_SPI_ENABLE(hspi);
 831:Drivers/STM32F4xx_HAL_Driver/Src/stm32f4xx_hal_spi.c ****   }
 832:Drivers/STM32F4xx_HAL_Driver/Src/stm32f4xx_hal_spi.c **** 
 833:Drivers/STM32F4xx_HAL_Driver/Src/stm32f4xx_hal_spi.c ****   /* Transmit data in 16 Bit mode */
 834:Drivers/STM32F4xx_HAL_Driver/Src/stm32f4xx_hal_spi.c ****   if (hspi->Init.DataSize == SPI_DATASIZE_16BIT)
 835:Drivers/STM32F4xx_HAL_Driver/Src/stm32f4xx_hal_spi.c ****   {
 836:Drivers/STM32F4xx_HAL_Driver/Src/stm32f4xx_hal_spi.c ****     if ((hspi->Init.Mode == SPI_MODE_SLAVE) || (initial_TxXferCount == 0x01U))
 837:Drivers/STM32F4xx_HAL_Driver/Src/stm32f4xx_hal_spi.c ****     {
 838:Drivers/STM32F4xx_HAL_Driver/Src/stm32f4xx_hal_spi.c ****       hspi->Instance->DR = *((const uint16_t *)hspi->pTxBuffPtr);
 839:Drivers/STM32F4xx_HAL_Driver/Src/stm32f4xx_hal_spi.c ****       hspi->pTxBuffPtr += sizeof(uint16_t);
 840:Drivers/STM32F4xx_HAL_Driver/Src/stm32f4xx_hal_spi.c ****       hspi->TxXferCount--;
 841:Drivers/STM32F4xx_HAL_Driver/Src/stm32f4xx_hal_spi.c ****     }
 842:Drivers/STM32F4xx_HAL_Driver/Src/stm32f4xx_hal_spi.c ****     /* Transmit data in 16 Bit mode */
 843:Drivers/STM32F4xx_HAL_Driver/Src/stm32f4xx_hal_spi.c ****     while (hspi->TxXferCount > 0U)
 844:Drivers/STM32F4xx_HAL_Driver/Src/stm32f4xx_hal_spi.c ****     {
 845:Drivers/STM32F4xx_HAL_Driver/Src/stm32f4xx_hal_spi.c ****       /* Wait until TXE flag is set to send data */
 846:Drivers/STM32F4xx_HAL_Driver/Src/stm32f4xx_hal_spi.c ****       if (__HAL_SPI_GET_FLAG(hspi, SPI_FLAG_TXE))
 847:Drivers/STM32F4xx_HAL_Driver/Src/stm32f4xx_hal_spi.c ****       {
 848:Drivers/STM32F4xx_HAL_Driver/Src/stm32f4xx_hal_spi.c ****         hspi->Instance->DR = *((const uint16_t *)hspi->pTxBuffPtr);
 849:Drivers/STM32F4xx_HAL_Driver/Src/stm32f4xx_hal_spi.c ****         hspi->pTxBuffPtr += sizeof(uint16_t);
 850:Drivers/STM32F4xx_HAL_Driver/Src/stm32f4xx_hal_spi.c ****         hspi->TxXferCount--;
 851:Drivers/STM32F4xx_HAL_Driver/Src/stm32f4xx_hal_spi.c ****       }
 852:Drivers/STM32F4xx_HAL_Driver/Src/stm32f4xx_hal_spi.c ****       else
 853:Drivers/STM32F4xx_HAL_Driver/Src/stm32f4xx_hal_spi.c ****       {
 854:Drivers/STM32F4xx_HAL_Driver/Src/stm32f4xx_hal_spi.c ****         /* Timeout management */
 855:Drivers/STM32F4xx_HAL_Driver/Src/stm32f4xx_hal_spi.c ****         if ((((HAL_GetTick() - tickstart) >=  Timeout) && (Timeout != HAL_MAX_DELAY)) || (Timeout =
 856:Drivers/STM32F4xx_HAL_Driver/Src/stm32f4xx_hal_spi.c ****         {
 857:Drivers/STM32F4xx_HAL_Driver/Src/stm32f4xx_hal_spi.c ****           hspi->State = HAL_SPI_STATE_READY;
 858:Drivers/STM32F4xx_HAL_Driver/Src/stm32f4xx_hal_spi.c ****           __HAL_UNLOCK(hspi);
 859:Drivers/STM32F4xx_HAL_Driver/Src/stm32f4xx_hal_spi.c ****           return HAL_TIMEOUT;
 860:Drivers/STM32F4xx_HAL_Driver/Src/stm32f4xx_hal_spi.c ****         }
 861:Drivers/STM32F4xx_HAL_Driver/Src/stm32f4xx_hal_spi.c ****       }
 862:Drivers/STM32F4xx_HAL_Driver/Src/stm32f4xx_hal_spi.c ****     }
 863:Drivers/STM32F4xx_HAL_Driver/Src/stm32f4xx_hal_spi.c ****   }
 864:Drivers/STM32F4xx_HAL_Driver/Src/stm32f4xx_hal_spi.c ****   /* Transmit data in 8 Bit mode */
 865:Drivers/STM32F4xx_HAL_Driver/Src/stm32f4xx_hal_spi.c ****   else
 866:Drivers/STM32F4xx_HAL_Driver/Src/stm32f4xx_hal_spi.c ****   {
 867:Drivers/STM32F4xx_HAL_Driver/Src/stm32f4xx_hal_spi.c ****     if ((hspi->Init.Mode == SPI_MODE_SLAVE) || (initial_TxXferCount == 0x01U))
 868:Drivers/STM32F4xx_HAL_Driver/Src/stm32f4xx_hal_spi.c ****     {
 869:Drivers/STM32F4xx_HAL_Driver/Src/stm32f4xx_hal_spi.c ****       *((__IO uint8_t *)&hspi->Instance->DR) = *((const uint8_t *)hspi->pTxBuffPtr);
 870:Drivers/STM32F4xx_HAL_Driver/Src/stm32f4xx_hal_spi.c ****       hspi->pTxBuffPtr += sizeof(uint8_t);
 871:Drivers/STM32F4xx_HAL_Driver/Src/stm32f4xx_hal_spi.c ****       hspi->TxXferCount--;
 872:Drivers/STM32F4xx_HAL_Driver/Src/stm32f4xx_hal_spi.c ****     }
 873:Drivers/STM32F4xx_HAL_Driver/Src/stm32f4xx_hal_spi.c ****     while (hspi->TxXferCount > 0U)
 874:Drivers/STM32F4xx_HAL_Driver/Src/stm32f4xx_hal_spi.c ****     {
 875:Drivers/STM32F4xx_HAL_Driver/Src/stm32f4xx_hal_spi.c ****       /* Wait until TXE flag is set to send data */
 876:Drivers/STM32F4xx_HAL_Driver/Src/stm32f4xx_hal_spi.c ****       if (__HAL_SPI_GET_FLAG(hspi, SPI_FLAG_TXE))
 877:Drivers/STM32F4xx_HAL_Driver/Src/stm32f4xx_hal_spi.c ****       {
 878:Drivers/STM32F4xx_HAL_Driver/Src/stm32f4xx_hal_spi.c ****         *((__IO uint8_t *)&hspi->Instance->DR) = *((const uint8_t *)hspi->pTxBuffPtr);
 879:Drivers/STM32F4xx_HAL_Driver/Src/stm32f4xx_hal_spi.c ****         hspi->pTxBuffPtr += sizeof(uint8_t);
 880:Drivers/STM32F4xx_HAL_Driver/Src/stm32f4xx_hal_spi.c ****         hspi->TxXferCount--;
 881:Drivers/STM32F4xx_HAL_Driver/Src/stm32f4xx_hal_spi.c ****       }
 882:Drivers/STM32F4xx_HAL_Driver/Src/stm32f4xx_hal_spi.c ****       else
 883:Drivers/STM32F4xx_HAL_Driver/Src/stm32f4xx_hal_spi.c ****       {
 884:Drivers/STM32F4xx_HAL_Driver/Src/stm32f4xx_hal_spi.c ****         /* Timeout management */
 885:Drivers/STM32F4xx_HAL_Driver/Src/stm32f4xx_hal_spi.c ****         if ((((HAL_GetTick() - tickstart) >=  Timeout) && (Timeout != HAL_MAX_DELAY)) || (Timeout =
ARM GAS  /tmp/cci2ucsl.s 			page 17


 886:Drivers/STM32F4xx_HAL_Driver/Src/stm32f4xx_hal_spi.c ****         {
 887:Drivers/STM32F4xx_HAL_Driver/Src/stm32f4xx_hal_spi.c ****           hspi->State = HAL_SPI_STATE_READY;
 888:Drivers/STM32F4xx_HAL_Driver/Src/stm32f4xx_hal_spi.c ****           __HAL_UNLOCK(hspi);
 889:Drivers/STM32F4xx_HAL_Driver/Src/stm32f4xx_hal_spi.c ****           return HAL_TIMEOUT;
 890:Drivers/STM32F4xx_HAL_Driver/Src/stm32f4xx_hal_spi.c ****         }
 891:Drivers/STM32F4xx_HAL_Driver/Src/stm32f4xx_hal_spi.c ****       }
 892:Drivers/STM32F4xx_HAL_Driver/Src/stm32f4xx_hal_spi.c ****     }
 893:Drivers/STM32F4xx_HAL_Driver/Src/stm32f4xx_hal_spi.c ****   }
 894:Drivers/STM32F4xx_HAL_Driver/Src/stm32f4xx_hal_spi.c **** #if (USE_SPI_CRC != 0U)
 895:Drivers/STM32F4xx_HAL_Driver/Src/stm32f4xx_hal_spi.c ****   /* Enable CRC Transmission */
 896:Drivers/STM32F4xx_HAL_Driver/Src/stm32f4xx_hal_spi.c ****   if (hspi->Init.CRCCalculation == SPI_CRCCALCULATION_ENABLE)
 897:Drivers/STM32F4xx_HAL_Driver/Src/stm32f4xx_hal_spi.c ****   {
 898:Drivers/STM32F4xx_HAL_Driver/Src/stm32f4xx_hal_spi.c ****     SET_BIT(hspi->Instance->CR1, SPI_CR1_CRCNEXT);
 899:Drivers/STM32F4xx_HAL_Driver/Src/stm32f4xx_hal_spi.c ****   }
 900:Drivers/STM32F4xx_HAL_Driver/Src/stm32f4xx_hal_spi.c **** #endif /* USE_SPI_CRC */
 901:Drivers/STM32F4xx_HAL_Driver/Src/stm32f4xx_hal_spi.c **** 
 902:Drivers/STM32F4xx_HAL_Driver/Src/stm32f4xx_hal_spi.c ****   /* Check the end of the transaction */
 903:Drivers/STM32F4xx_HAL_Driver/Src/stm32f4xx_hal_spi.c ****   if (SPI_EndRxTxTransaction(hspi, Timeout, tickstart) != HAL_OK)
 904:Drivers/STM32F4xx_HAL_Driver/Src/stm32f4xx_hal_spi.c ****   {
 905:Drivers/STM32F4xx_HAL_Driver/Src/stm32f4xx_hal_spi.c ****     hspi->ErrorCode = HAL_SPI_ERROR_FLAG;
 906:Drivers/STM32F4xx_HAL_Driver/Src/stm32f4xx_hal_spi.c ****   }
 907:Drivers/STM32F4xx_HAL_Driver/Src/stm32f4xx_hal_spi.c **** 
 908:Drivers/STM32F4xx_HAL_Driver/Src/stm32f4xx_hal_spi.c ****   /* Clear overrun flag in 2 Lines communication mode because received is not read */
 909:Drivers/STM32F4xx_HAL_Driver/Src/stm32f4xx_hal_spi.c ****   if (hspi->Init.Direction == SPI_DIRECTION_2LINES)
 910:Drivers/STM32F4xx_HAL_Driver/Src/stm32f4xx_hal_spi.c ****   {
 911:Drivers/STM32F4xx_HAL_Driver/Src/stm32f4xx_hal_spi.c ****     __HAL_SPI_CLEAR_OVRFLAG(hspi);
 912:Drivers/STM32F4xx_HAL_Driver/Src/stm32f4xx_hal_spi.c ****   }
 913:Drivers/STM32F4xx_HAL_Driver/Src/stm32f4xx_hal_spi.c **** 
 914:Drivers/STM32F4xx_HAL_Driver/Src/stm32f4xx_hal_spi.c ****   hspi->State = HAL_SPI_STATE_READY;
 915:Drivers/STM32F4xx_HAL_Driver/Src/stm32f4xx_hal_spi.c ****   /* Process Unlocked */
 916:Drivers/STM32F4xx_HAL_Driver/Src/stm32f4xx_hal_spi.c ****   __HAL_UNLOCK(hspi);
 917:Drivers/STM32F4xx_HAL_Driver/Src/stm32f4xx_hal_spi.c **** 
 918:Drivers/STM32F4xx_HAL_Driver/Src/stm32f4xx_hal_spi.c ****   if (hspi->ErrorCode != HAL_SPI_ERROR_NONE)
 919:Drivers/STM32F4xx_HAL_Driver/Src/stm32f4xx_hal_spi.c ****   {
 920:Drivers/STM32F4xx_HAL_Driver/Src/stm32f4xx_hal_spi.c ****     return HAL_ERROR;
 921:Drivers/STM32F4xx_HAL_Driver/Src/stm32f4xx_hal_spi.c ****   }
 922:Drivers/STM32F4xx_HAL_Driver/Src/stm32f4xx_hal_spi.c ****   else
 923:Drivers/STM32F4xx_HAL_Driver/Src/stm32f4xx_hal_spi.c ****   {
 924:Drivers/STM32F4xx_HAL_Driver/Src/stm32f4xx_hal_spi.c ****     return HAL_OK;
 925:Drivers/STM32F4xx_HAL_Driver/Src/stm32f4xx_hal_spi.c ****   }
 926:Drivers/STM32F4xx_HAL_Driver/Src/stm32f4xx_hal_spi.c **** }
 927:Drivers/STM32F4xx_HAL_Driver/Src/stm32f4xx_hal_spi.c **** 
 928:Drivers/STM32F4xx_HAL_Driver/Src/stm32f4xx_hal_spi.c **** /**
 929:Drivers/STM32F4xx_HAL_Driver/Src/stm32f4xx_hal_spi.c ****   * @brief  Receive an amount of data in blocking mode.
 930:Drivers/STM32F4xx_HAL_Driver/Src/stm32f4xx_hal_spi.c ****   * @param  hspi pointer to a SPI_HandleTypeDef structure that contains
 931:Drivers/STM32F4xx_HAL_Driver/Src/stm32f4xx_hal_spi.c ****   *               the configuration information for SPI module.
 932:Drivers/STM32F4xx_HAL_Driver/Src/stm32f4xx_hal_spi.c ****   * @param  pData pointer to data buffer (u8 or u16 data elements)
 933:Drivers/STM32F4xx_HAL_Driver/Src/stm32f4xx_hal_spi.c ****   * @param  Size amount of data elements (u8 or u16) to be received
 934:Drivers/STM32F4xx_HAL_Driver/Src/stm32f4xx_hal_spi.c ****   * @param  Timeout Timeout duration in ms
 935:Drivers/STM32F4xx_HAL_Driver/Src/stm32f4xx_hal_spi.c ****   * @retval HAL status
 936:Drivers/STM32F4xx_HAL_Driver/Src/stm32f4xx_hal_spi.c ****   * @note   In master mode, if the direction is set to SPI_DIRECTION_2LINES
 937:Drivers/STM32F4xx_HAL_Driver/Src/stm32f4xx_hal_spi.c ****   *         the receive buffer is written to data register (DR) to generate
 938:Drivers/STM32F4xx_HAL_Driver/Src/stm32f4xx_hal_spi.c ****   *         clock pulses and receive data
 939:Drivers/STM32F4xx_HAL_Driver/Src/stm32f4xx_hal_spi.c ****   */
 940:Drivers/STM32F4xx_HAL_Driver/Src/stm32f4xx_hal_spi.c **** HAL_StatusTypeDef HAL_SPI_Receive(SPI_HandleTypeDef *hspi, uint8_t *pData, uint16_t Size, uint32_t 
 941:Drivers/STM32F4xx_HAL_Driver/Src/stm32f4xx_hal_spi.c **** {
 942:Drivers/STM32F4xx_HAL_Driver/Src/stm32f4xx_hal_spi.c **** #if (USE_SPI_CRC != 0U)
ARM GAS  /tmp/cci2ucsl.s 			page 18


 943:Drivers/STM32F4xx_HAL_Driver/Src/stm32f4xx_hal_spi.c ****   __IO uint32_t tmpreg = 0U;
 944:Drivers/STM32F4xx_HAL_Driver/Src/stm32f4xx_hal_spi.c **** #endif /* USE_SPI_CRC */
 945:Drivers/STM32F4xx_HAL_Driver/Src/stm32f4xx_hal_spi.c ****   uint32_t tickstart;
 946:Drivers/STM32F4xx_HAL_Driver/Src/stm32f4xx_hal_spi.c **** 
 947:Drivers/STM32F4xx_HAL_Driver/Src/stm32f4xx_hal_spi.c ****   if (hspi->State != HAL_SPI_STATE_READY)
 948:Drivers/STM32F4xx_HAL_Driver/Src/stm32f4xx_hal_spi.c ****   {
 949:Drivers/STM32F4xx_HAL_Driver/Src/stm32f4xx_hal_spi.c ****     return HAL_BUSY;
 950:Drivers/STM32F4xx_HAL_Driver/Src/stm32f4xx_hal_spi.c ****   }
 951:Drivers/STM32F4xx_HAL_Driver/Src/stm32f4xx_hal_spi.c **** 
 952:Drivers/STM32F4xx_HAL_Driver/Src/stm32f4xx_hal_spi.c ****   if ((pData == NULL) || (Size == 0U))
 953:Drivers/STM32F4xx_HAL_Driver/Src/stm32f4xx_hal_spi.c ****   {
 954:Drivers/STM32F4xx_HAL_Driver/Src/stm32f4xx_hal_spi.c ****     return HAL_ERROR;
 955:Drivers/STM32F4xx_HAL_Driver/Src/stm32f4xx_hal_spi.c ****   }
 956:Drivers/STM32F4xx_HAL_Driver/Src/stm32f4xx_hal_spi.c **** 
 957:Drivers/STM32F4xx_HAL_Driver/Src/stm32f4xx_hal_spi.c ****   if ((hspi->Init.Mode == SPI_MODE_MASTER) && (hspi->Init.Direction == SPI_DIRECTION_2LINES))
 958:Drivers/STM32F4xx_HAL_Driver/Src/stm32f4xx_hal_spi.c ****   {
 959:Drivers/STM32F4xx_HAL_Driver/Src/stm32f4xx_hal_spi.c ****     hspi->State = HAL_SPI_STATE_BUSY_RX;
 960:Drivers/STM32F4xx_HAL_Driver/Src/stm32f4xx_hal_spi.c ****     /* Call transmit-receive function to send Dummy data on Tx line and generate clock on CLK line 
 961:Drivers/STM32F4xx_HAL_Driver/Src/stm32f4xx_hal_spi.c ****     return HAL_SPI_TransmitReceive(hspi, pData, pData, Size, Timeout);
 962:Drivers/STM32F4xx_HAL_Driver/Src/stm32f4xx_hal_spi.c ****   }
 963:Drivers/STM32F4xx_HAL_Driver/Src/stm32f4xx_hal_spi.c **** 
 964:Drivers/STM32F4xx_HAL_Driver/Src/stm32f4xx_hal_spi.c ****   /* Init tickstart for timeout management*/
 965:Drivers/STM32F4xx_HAL_Driver/Src/stm32f4xx_hal_spi.c ****   tickstart = HAL_GetTick();
 966:Drivers/STM32F4xx_HAL_Driver/Src/stm32f4xx_hal_spi.c **** 
 967:Drivers/STM32F4xx_HAL_Driver/Src/stm32f4xx_hal_spi.c ****   /* Process Locked */
 968:Drivers/STM32F4xx_HAL_Driver/Src/stm32f4xx_hal_spi.c ****   __HAL_LOCK(hspi);
 969:Drivers/STM32F4xx_HAL_Driver/Src/stm32f4xx_hal_spi.c **** 
 970:Drivers/STM32F4xx_HAL_Driver/Src/stm32f4xx_hal_spi.c ****   /* Set the transaction information */
 971:Drivers/STM32F4xx_HAL_Driver/Src/stm32f4xx_hal_spi.c ****   hspi->State       = HAL_SPI_STATE_BUSY_RX;
 972:Drivers/STM32F4xx_HAL_Driver/Src/stm32f4xx_hal_spi.c ****   hspi->ErrorCode   = HAL_SPI_ERROR_NONE;
 973:Drivers/STM32F4xx_HAL_Driver/Src/stm32f4xx_hal_spi.c ****   hspi->pRxBuffPtr  = (uint8_t *)pData;
 974:Drivers/STM32F4xx_HAL_Driver/Src/stm32f4xx_hal_spi.c ****   hspi->RxXferSize  = Size;
 975:Drivers/STM32F4xx_HAL_Driver/Src/stm32f4xx_hal_spi.c ****   hspi->RxXferCount = Size;
 976:Drivers/STM32F4xx_HAL_Driver/Src/stm32f4xx_hal_spi.c **** 
 977:Drivers/STM32F4xx_HAL_Driver/Src/stm32f4xx_hal_spi.c ****   /*Init field not used in handle to zero */
 978:Drivers/STM32F4xx_HAL_Driver/Src/stm32f4xx_hal_spi.c ****   hspi->pTxBuffPtr  = (uint8_t *)NULL;
 979:Drivers/STM32F4xx_HAL_Driver/Src/stm32f4xx_hal_spi.c ****   hspi->TxXferSize  = 0U;
 980:Drivers/STM32F4xx_HAL_Driver/Src/stm32f4xx_hal_spi.c ****   hspi->TxXferCount = 0U;
 981:Drivers/STM32F4xx_HAL_Driver/Src/stm32f4xx_hal_spi.c ****   hspi->RxISR       = NULL;
 982:Drivers/STM32F4xx_HAL_Driver/Src/stm32f4xx_hal_spi.c ****   hspi->TxISR       = NULL;
 983:Drivers/STM32F4xx_HAL_Driver/Src/stm32f4xx_hal_spi.c **** 
 984:Drivers/STM32F4xx_HAL_Driver/Src/stm32f4xx_hal_spi.c **** #if (USE_SPI_CRC != 0U)
 985:Drivers/STM32F4xx_HAL_Driver/Src/stm32f4xx_hal_spi.c ****   /* Reset CRC Calculation */
 986:Drivers/STM32F4xx_HAL_Driver/Src/stm32f4xx_hal_spi.c ****   if (hspi->Init.CRCCalculation == SPI_CRCCALCULATION_ENABLE)
 987:Drivers/STM32F4xx_HAL_Driver/Src/stm32f4xx_hal_spi.c ****   {
 988:Drivers/STM32F4xx_HAL_Driver/Src/stm32f4xx_hal_spi.c ****     SPI_RESET_CRC(hspi);
 989:Drivers/STM32F4xx_HAL_Driver/Src/stm32f4xx_hal_spi.c ****     /* this is done to handle the CRCNEXT before the latest data */
 990:Drivers/STM32F4xx_HAL_Driver/Src/stm32f4xx_hal_spi.c ****     hspi->RxXferCount--;
 991:Drivers/STM32F4xx_HAL_Driver/Src/stm32f4xx_hal_spi.c ****   }
 992:Drivers/STM32F4xx_HAL_Driver/Src/stm32f4xx_hal_spi.c **** #endif /* USE_SPI_CRC */
 993:Drivers/STM32F4xx_HAL_Driver/Src/stm32f4xx_hal_spi.c **** 
 994:Drivers/STM32F4xx_HAL_Driver/Src/stm32f4xx_hal_spi.c ****   /* Configure communication direction: 1Line */
 995:Drivers/STM32F4xx_HAL_Driver/Src/stm32f4xx_hal_spi.c ****   if (hspi->Init.Direction == SPI_DIRECTION_1LINE)
 996:Drivers/STM32F4xx_HAL_Driver/Src/stm32f4xx_hal_spi.c ****   {
 997:Drivers/STM32F4xx_HAL_Driver/Src/stm32f4xx_hal_spi.c ****     /* Disable SPI Peripheral before set 1Line direction (BIDIOE bit) */
 998:Drivers/STM32F4xx_HAL_Driver/Src/stm32f4xx_hal_spi.c ****     __HAL_SPI_DISABLE(hspi);
 999:Drivers/STM32F4xx_HAL_Driver/Src/stm32f4xx_hal_spi.c ****     SPI_1LINE_RX(hspi);
ARM GAS  /tmp/cci2ucsl.s 			page 19


1000:Drivers/STM32F4xx_HAL_Driver/Src/stm32f4xx_hal_spi.c ****   }
1001:Drivers/STM32F4xx_HAL_Driver/Src/stm32f4xx_hal_spi.c **** 
1002:Drivers/STM32F4xx_HAL_Driver/Src/stm32f4xx_hal_spi.c ****   /* Check if the SPI is already enabled */
1003:Drivers/STM32F4xx_HAL_Driver/Src/stm32f4xx_hal_spi.c ****   if ((hspi->Instance->CR1 & SPI_CR1_SPE) != SPI_CR1_SPE)
1004:Drivers/STM32F4xx_HAL_Driver/Src/stm32f4xx_hal_spi.c ****   {
1005:Drivers/STM32F4xx_HAL_Driver/Src/stm32f4xx_hal_spi.c ****     /* Enable SPI peripheral */
1006:Drivers/STM32F4xx_HAL_Driver/Src/stm32f4xx_hal_spi.c ****     __HAL_SPI_ENABLE(hspi);
1007:Drivers/STM32F4xx_HAL_Driver/Src/stm32f4xx_hal_spi.c ****   }
1008:Drivers/STM32F4xx_HAL_Driver/Src/stm32f4xx_hal_spi.c **** 
1009:Drivers/STM32F4xx_HAL_Driver/Src/stm32f4xx_hal_spi.c ****   /* Receive data in 8 Bit mode */
1010:Drivers/STM32F4xx_HAL_Driver/Src/stm32f4xx_hal_spi.c ****   if (hspi->Init.DataSize == SPI_DATASIZE_8BIT)
1011:Drivers/STM32F4xx_HAL_Driver/Src/stm32f4xx_hal_spi.c ****   {
1012:Drivers/STM32F4xx_HAL_Driver/Src/stm32f4xx_hal_spi.c ****     /* Transfer loop */
1013:Drivers/STM32F4xx_HAL_Driver/Src/stm32f4xx_hal_spi.c ****     while (hspi->RxXferCount > 0U)
1014:Drivers/STM32F4xx_HAL_Driver/Src/stm32f4xx_hal_spi.c ****     {
1015:Drivers/STM32F4xx_HAL_Driver/Src/stm32f4xx_hal_spi.c ****       /* Check the RXNE flag */
1016:Drivers/STM32F4xx_HAL_Driver/Src/stm32f4xx_hal_spi.c ****       if (__HAL_SPI_GET_FLAG(hspi, SPI_FLAG_RXNE))
1017:Drivers/STM32F4xx_HAL_Driver/Src/stm32f4xx_hal_spi.c ****       {
1018:Drivers/STM32F4xx_HAL_Driver/Src/stm32f4xx_hal_spi.c ****         /* read the received data */
1019:Drivers/STM32F4xx_HAL_Driver/Src/stm32f4xx_hal_spi.c ****         (* (uint8_t *)hspi->pRxBuffPtr) = *(__IO uint8_t *)&hspi->Instance->DR;
1020:Drivers/STM32F4xx_HAL_Driver/Src/stm32f4xx_hal_spi.c ****         hspi->pRxBuffPtr += sizeof(uint8_t);
1021:Drivers/STM32F4xx_HAL_Driver/Src/stm32f4xx_hal_spi.c ****         hspi->RxXferCount--;
1022:Drivers/STM32F4xx_HAL_Driver/Src/stm32f4xx_hal_spi.c ****       }
1023:Drivers/STM32F4xx_HAL_Driver/Src/stm32f4xx_hal_spi.c ****       else
1024:Drivers/STM32F4xx_HAL_Driver/Src/stm32f4xx_hal_spi.c ****       {
1025:Drivers/STM32F4xx_HAL_Driver/Src/stm32f4xx_hal_spi.c ****         /* Timeout management */
1026:Drivers/STM32F4xx_HAL_Driver/Src/stm32f4xx_hal_spi.c ****         if ((((HAL_GetTick() - tickstart) >=  Timeout) && (Timeout != HAL_MAX_DELAY)) || (Timeout =
1027:Drivers/STM32F4xx_HAL_Driver/Src/stm32f4xx_hal_spi.c ****         {
1028:Drivers/STM32F4xx_HAL_Driver/Src/stm32f4xx_hal_spi.c ****           hspi->State = HAL_SPI_STATE_READY;
1029:Drivers/STM32F4xx_HAL_Driver/Src/stm32f4xx_hal_spi.c ****           __HAL_UNLOCK(hspi);
1030:Drivers/STM32F4xx_HAL_Driver/Src/stm32f4xx_hal_spi.c ****           return HAL_TIMEOUT;
1031:Drivers/STM32F4xx_HAL_Driver/Src/stm32f4xx_hal_spi.c ****         }
1032:Drivers/STM32F4xx_HAL_Driver/Src/stm32f4xx_hal_spi.c ****       }
1033:Drivers/STM32F4xx_HAL_Driver/Src/stm32f4xx_hal_spi.c ****     }
1034:Drivers/STM32F4xx_HAL_Driver/Src/stm32f4xx_hal_spi.c ****   }
1035:Drivers/STM32F4xx_HAL_Driver/Src/stm32f4xx_hal_spi.c ****   else
1036:Drivers/STM32F4xx_HAL_Driver/Src/stm32f4xx_hal_spi.c ****   {
1037:Drivers/STM32F4xx_HAL_Driver/Src/stm32f4xx_hal_spi.c ****     /* Transfer loop */
1038:Drivers/STM32F4xx_HAL_Driver/Src/stm32f4xx_hal_spi.c ****     while (hspi->RxXferCount > 0U)
1039:Drivers/STM32F4xx_HAL_Driver/Src/stm32f4xx_hal_spi.c ****     {
1040:Drivers/STM32F4xx_HAL_Driver/Src/stm32f4xx_hal_spi.c ****       /* Check the RXNE flag */
1041:Drivers/STM32F4xx_HAL_Driver/Src/stm32f4xx_hal_spi.c ****       if (__HAL_SPI_GET_FLAG(hspi, SPI_FLAG_RXNE))
1042:Drivers/STM32F4xx_HAL_Driver/Src/stm32f4xx_hal_spi.c ****       {
1043:Drivers/STM32F4xx_HAL_Driver/Src/stm32f4xx_hal_spi.c ****         *((uint16_t *)hspi->pRxBuffPtr) = (uint16_t)hspi->Instance->DR;
1044:Drivers/STM32F4xx_HAL_Driver/Src/stm32f4xx_hal_spi.c ****         hspi->pRxBuffPtr += sizeof(uint16_t);
1045:Drivers/STM32F4xx_HAL_Driver/Src/stm32f4xx_hal_spi.c ****         hspi->RxXferCount--;
1046:Drivers/STM32F4xx_HAL_Driver/Src/stm32f4xx_hal_spi.c ****       }
1047:Drivers/STM32F4xx_HAL_Driver/Src/stm32f4xx_hal_spi.c ****       else
1048:Drivers/STM32F4xx_HAL_Driver/Src/stm32f4xx_hal_spi.c ****       {
1049:Drivers/STM32F4xx_HAL_Driver/Src/stm32f4xx_hal_spi.c ****         /* Timeout management */
1050:Drivers/STM32F4xx_HAL_Driver/Src/stm32f4xx_hal_spi.c ****         if ((((HAL_GetTick() - tickstart) >=  Timeout) && (Timeout != HAL_MAX_DELAY)) || (Timeout =
1051:Drivers/STM32F4xx_HAL_Driver/Src/stm32f4xx_hal_spi.c ****         {
1052:Drivers/STM32F4xx_HAL_Driver/Src/stm32f4xx_hal_spi.c ****           hspi->State = HAL_SPI_STATE_READY;
1053:Drivers/STM32F4xx_HAL_Driver/Src/stm32f4xx_hal_spi.c ****           __HAL_UNLOCK(hspi);
1054:Drivers/STM32F4xx_HAL_Driver/Src/stm32f4xx_hal_spi.c ****           return HAL_TIMEOUT;
1055:Drivers/STM32F4xx_HAL_Driver/Src/stm32f4xx_hal_spi.c ****         }
1056:Drivers/STM32F4xx_HAL_Driver/Src/stm32f4xx_hal_spi.c ****       }
ARM GAS  /tmp/cci2ucsl.s 			page 20


1057:Drivers/STM32F4xx_HAL_Driver/Src/stm32f4xx_hal_spi.c ****     }
1058:Drivers/STM32F4xx_HAL_Driver/Src/stm32f4xx_hal_spi.c ****   }
1059:Drivers/STM32F4xx_HAL_Driver/Src/stm32f4xx_hal_spi.c **** 
1060:Drivers/STM32F4xx_HAL_Driver/Src/stm32f4xx_hal_spi.c **** #if (USE_SPI_CRC != 0U)
1061:Drivers/STM32F4xx_HAL_Driver/Src/stm32f4xx_hal_spi.c ****   /* Handle the CRC Transmission */
1062:Drivers/STM32F4xx_HAL_Driver/Src/stm32f4xx_hal_spi.c ****   if (hspi->Init.CRCCalculation == SPI_CRCCALCULATION_ENABLE)
1063:Drivers/STM32F4xx_HAL_Driver/Src/stm32f4xx_hal_spi.c ****   {
1064:Drivers/STM32F4xx_HAL_Driver/Src/stm32f4xx_hal_spi.c ****     /* freeze the CRC before the latest data */
1065:Drivers/STM32F4xx_HAL_Driver/Src/stm32f4xx_hal_spi.c ****     SET_BIT(hspi->Instance->CR1, SPI_CR1_CRCNEXT);
1066:Drivers/STM32F4xx_HAL_Driver/Src/stm32f4xx_hal_spi.c **** 
1067:Drivers/STM32F4xx_HAL_Driver/Src/stm32f4xx_hal_spi.c ****     /* Read the latest data */
1068:Drivers/STM32F4xx_HAL_Driver/Src/stm32f4xx_hal_spi.c ****     if (SPI_WaitFlagStateUntilTimeout(hspi, SPI_FLAG_RXNE, SET, Timeout, tickstart) != HAL_OK)
1069:Drivers/STM32F4xx_HAL_Driver/Src/stm32f4xx_hal_spi.c ****     {
1070:Drivers/STM32F4xx_HAL_Driver/Src/stm32f4xx_hal_spi.c ****       /* the latest data has not been received */
1071:Drivers/STM32F4xx_HAL_Driver/Src/stm32f4xx_hal_spi.c ****       __HAL_UNLOCK(hspi);
1072:Drivers/STM32F4xx_HAL_Driver/Src/stm32f4xx_hal_spi.c ****       return HAL_TIMEOUT;
1073:Drivers/STM32F4xx_HAL_Driver/Src/stm32f4xx_hal_spi.c ****     }
1074:Drivers/STM32F4xx_HAL_Driver/Src/stm32f4xx_hal_spi.c **** 
1075:Drivers/STM32F4xx_HAL_Driver/Src/stm32f4xx_hal_spi.c ****     /* Receive last data in 16 Bit mode */
1076:Drivers/STM32F4xx_HAL_Driver/Src/stm32f4xx_hal_spi.c ****     if (hspi->Init.DataSize == SPI_DATASIZE_16BIT)
1077:Drivers/STM32F4xx_HAL_Driver/Src/stm32f4xx_hal_spi.c ****     {
1078:Drivers/STM32F4xx_HAL_Driver/Src/stm32f4xx_hal_spi.c ****       *((uint16_t *)hspi->pRxBuffPtr) = (uint16_t)hspi->Instance->DR;
1079:Drivers/STM32F4xx_HAL_Driver/Src/stm32f4xx_hal_spi.c ****     }
1080:Drivers/STM32F4xx_HAL_Driver/Src/stm32f4xx_hal_spi.c ****     /* Receive last data in 8 Bit mode */
1081:Drivers/STM32F4xx_HAL_Driver/Src/stm32f4xx_hal_spi.c ****     else
1082:Drivers/STM32F4xx_HAL_Driver/Src/stm32f4xx_hal_spi.c ****     {
1083:Drivers/STM32F4xx_HAL_Driver/Src/stm32f4xx_hal_spi.c ****       (*(uint8_t *)hspi->pRxBuffPtr) = *(__IO uint8_t *)&hspi->Instance->DR;
1084:Drivers/STM32F4xx_HAL_Driver/Src/stm32f4xx_hal_spi.c ****     }
1085:Drivers/STM32F4xx_HAL_Driver/Src/stm32f4xx_hal_spi.c **** 
1086:Drivers/STM32F4xx_HAL_Driver/Src/stm32f4xx_hal_spi.c ****     /* Wait the CRC data */
1087:Drivers/STM32F4xx_HAL_Driver/Src/stm32f4xx_hal_spi.c ****     if (SPI_WaitFlagStateUntilTimeout(hspi, SPI_FLAG_RXNE, SET, Timeout, tickstart) != HAL_OK)
1088:Drivers/STM32F4xx_HAL_Driver/Src/stm32f4xx_hal_spi.c ****     {
1089:Drivers/STM32F4xx_HAL_Driver/Src/stm32f4xx_hal_spi.c ****       SET_BIT(hspi->ErrorCode, HAL_SPI_ERROR_CRC);
1090:Drivers/STM32F4xx_HAL_Driver/Src/stm32f4xx_hal_spi.c ****       hspi->State = HAL_SPI_STATE_READY;
1091:Drivers/STM32F4xx_HAL_Driver/Src/stm32f4xx_hal_spi.c ****       __HAL_UNLOCK(hspi);
1092:Drivers/STM32F4xx_HAL_Driver/Src/stm32f4xx_hal_spi.c ****       return HAL_TIMEOUT;
1093:Drivers/STM32F4xx_HAL_Driver/Src/stm32f4xx_hal_spi.c ****     }
1094:Drivers/STM32F4xx_HAL_Driver/Src/stm32f4xx_hal_spi.c **** 
1095:Drivers/STM32F4xx_HAL_Driver/Src/stm32f4xx_hal_spi.c ****     /* Read CRC to Flush DR and RXNE flag */
1096:Drivers/STM32F4xx_HAL_Driver/Src/stm32f4xx_hal_spi.c ****     tmpreg = READ_REG(hspi->Instance->DR);
1097:Drivers/STM32F4xx_HAL_Driver/Src/stm32f4xx_hal_spi.c ****     /* To avoid GCC warning */
1098:Drivers/STM32F4xx_HAL_Driver/Src/stm32f4xx_hal_spi.c ****     UNUSED(tmpreg);
1099:Drivers/STM32F4xx_HAL_Driver/Src/stm32f4xx_hal_spi.c ****   }
1100:Drivers/STM32F4xx_HAL_Driver/Src/stm32f4xx_hal_spi.c **** #endif /* USE_SPI_CRC */
1101:Drivers/STM32F4xx_HAL_Driver/Src/stm32f4xx_hal_spi.c **** 
1102:Drivers/STM32F4xx_HAL_Driver/Src/stm32f4xx_hal_spi.c ****   /* Check the end of the transaction */
1103:Drivers/STM32F4xx_HAL_Driver/Src/stm32f4xx_hal_spi.c ****   if (SPI_EndRxTransaction(hspi, Timeout, tickstart) != HAL_OK)
1104:Drivers/STM32F4xx_HAL_Driver/Src/stm32f4xx_hal_spi.c ****   {
1105:Drivers/STM32F4xx_HAL_Driver/Src/stm32f4xx_hal_spi.c ****     hspi->ErrorCode = HAL_SPI_ERROR_FLAG;
1106:Drivers/STM32F4xx_HAL_Driver/Src/stm32f4xx_hal_spi.c ****   }
1107:Drivers/STM32F4xx_HAL_Driver/Src/stm32f4xx_hal_spi.c **** 
1108:Drivers/STM32F4xx_HAL_Driver/Src/stm32f4xx_hal_spi.c **** #if (USE_SPI_CRC != 0U)
1109:Drivers/STM32F4xx_HAL_Driver/Src/stm32f4xx_hal_spi.c ****   /* Check if CRC error occurred */
1110:Drivers/STM32F4xx_HAL_Driver/Src/stm32f4xx_hal_spi.c ****   if (__HAL_SPI_GET_FLAG(hspi, SPI_FLAG_CRCERR))
1111:Drivers/STM32F4xx_HAL_Driver/Src/stm32f4xx_hal_spi.c ****   {
1112:Drivers/STM32F4xx_HAL_Driver/Src/stm32f4xx_hal_spi.c ****     SET_BIT(hspi->ErrorCode, HAL_SPI_ERROR_CRC);
1113:Drivers/STM32F4xx_HAL_Driver/Src/stm32f4xx_hal_spi.c ****     __HAL_SPI_CLEAR_CRCERRFLAG(hspi);
ARM GAS  /tmp/cci2ucsl.s 			page 21


1114:Drivers/STM32F4xx_HAL_Driver/Src/stm32f4xx_hal_spi.c ****   }
1115:Drivers/STM32F4xx_HAL_Driver/Src/stm32f4xx_hal_spi.c **** #endif /* USE_SPI_CRC */
1116:Drivers/STM32F4xx_HAL_Driver/Src/stm32f4xx_hal_spi.c **** 
1117:Drivers/STM32F4xx_HAL_Driver/Src/stm32f4xx_hal_spi.c ****   hspi->State = HAL_SPI_STATE_READY;
1118:Drivers/STM32F4xx_HAL_Driver/Src/stm32f4xx_hal_spi.c ****   /* Unlock the process */
1119:Drivers/STM32F4xx_HAL_Driver/Src/stm32f4xx_hal_spi.c ****   __HAL_UNLOCK(hspi);
1120:Drivers/STM32F4xx_HAL_Driver/Src/stm32f4xx_hal_spi.c ****   if (hspi->ErrorCode != HAL_SPI_ERROR_NONE)
1121:Drivers/STM32F4xx_HAL_Driver/Src/stm32f4xx_hal_spi.c ****   {
1122:Drivers/STM32F4xx_HAL_Driver/Src/stm32f4xx_hal_spi.c ****     return HAL_ERROR;
1123:Drivers/STM32F4xx_HAL_Driver/Src/stm32f4xx_hal_spi.c ****   }
1124:Drivers/STM32F4xx_HAL_Driver/Src/stm32f4xx_hal_spi.c ****   else
1125:Drivers/STM32F4xx_HAL_Driver/Src/stm32f4xx_hal_spi.c ****   {
1126:Drivers/STM32F4xx_HAL_Driver/Src/stm32f4xx_hal_spi.c ****     return HAL_OK;
1127:Drivers/STM32F4xx_HAL_Driver/Src/stm32f4xx_hal_spi.c ****   }
1128:Drivers/STM32F4xx_HAL_Driver/Src/stm32f4xx_hal_spi.c **** }
1129:Drivers/STM32F4xx_HAL_Driver/Src/stm32f4xx_hal_spi.c **** 
1130:Drivers/STM32F4xx_HAL_Driver/Src/stm32f4xx_hal_spi.c **** /**
1131:Drivers/STM32F4xx_HAL_Driver/Src/stm32f4xx_hal_spi.c ****   * @brief  Transmit and Receive an amount of data in blocking mode.
1132:Drivers/STM32F4xx_HAL_Driver/Src/stm32f4xx_hal_spi.c ****   * @param  hspi pointer to a SPI_HandleTypeDef structure that contains
1133:Drivers/STM32F4xx_HAL_Driver/Src/stm32f4xx_hal_spi.c ****   *               the configuration information for SPI module.
1134:Drivers/STM32F4xx_HAL_Driver/Src/stm32f4xx_hal_spi.c ****   * @param  pTxData pointer to transmission data buffer (u8 or u16 data elements)
1135:Drivers/STM32F4xx_HAL_Driver/Src/stm32f4xx_hal_spi.c ****   * @param  pRxData pointer to reception data buffer (u8 or u16 data elements)
1136:Drivers/STM32F4xx_HAL_Driver/Src/stm32f4xx_hal_spi.c ****   * @param  Size amount of data elements (u8 or u16) to be sent and received
1137:Drivers/STM32F4xx_HAL_Driver/Src/stm32f4xx_hal_spi.c ****   * @param  Timeout Timeout duration in ms
1138:Drivers/STM32F4xx_HAL_Driver/Src/stm32f4xx_hal_spi.c ****   * @retval HAL status
1139:Drivers/STM32F4xx_HAL_Driver/Src/stm32f4xx_hal_spi.c ****   */
1140:Drivers/STM32F4xx_HAL_Driver/Src/stm32f4xx_hal_spi.c **** HAL_StatusTypeDef HAL_SPI_TransmitReceive(SPI_HandleTypeDef *hspi, const uint8_t *pTxData, uint8_t 
1141:Drivers/STM32F4xx_HAL_Driver/Src/stm32f4xx_hal_spi.c ****                                           uint16_t Size, uint32_t Timeout)
1142:Drivers/STM32F4xx_HAL_Driver/Src/stm32f4xx_hal_spi.c **** {
1143:Drivers/STM32F4xx_HAL_Driver/Src/stm32f4xx_hal_spi.c ****   uint16_t             initial_TxXferCount;
1144:Drivers/STM32F4xx_HAL_Driver/Src/stm32f4xx_hal_spi.c ****   uint32_t             tmp_mode;
1145:Drivers/STM32F4xx_HAL_Driver/Src/stm32f4xx_hal_spi.c ****   HAL_SPI_StateTypeDef tmp_state;
1146:Drivers/STM32F4xx_HAL_Driver/Src/stm32f4xx_hal_spi.c ****   uint32_t             tickstart;
1147:Drivers/STM32F4xx_HAL_Driver/Src/stm32f4xx_hal_spi.c **** #if (USE_SPI_CRC != 0U)
1148:Drivers/STM32F4xx_HAL_Driver/Src/stm32f4xx_hal_spi.c ****   __IO uint32_t tmpreg = 0U;
1149:Drivers/STM32F4xx_HAL_Driver/Src/stm32f4xx_hal_spi.c **** #endif /* USE_SPI_CRC */
1150:Drivers/STM32F4xx_HAL_Driver/Src/stm32f4xx_hal_spi.c **** 
1151:Drivers/STM32F4xx_HAL_Driver/Src/stm32f4xx_hal_spi.c ****   /* Variable used to alternate Rx and Tx during transfer */
1152:Drivers/STM32F4xx_HAL_Driver/Src/stm32f4xx_hal_spi.c ****   uint32_t             txallowed = 1U;
1153:Drivers/STM32F4xx_HAL_Driver/Src/stm32f4xx_hal_spi.c **** 
1154:Drivers/STM32F4xx_HAL_Driver/Src/stm32f4xx_hal_spi.c ****   /* Check Direction parameter */
1155:Drivers/STM32F4xx_HAL_Driver/Src/stm32f4xx_hal_spi.c ****   assert_param(IS_SPI_DIRECTION_2LINES(hspi->Init.Direction));
1156:Drivers/STM32F4xx_HAL_Driver/Src/stm32f4xx_hal_spi.c **** 
1157:Drivers/STM32F4xx_HAL_Driver/Src/stm32f4xx_hal_spi.c ****   /* Init tickstart for timeout management*/
1158:Drivers/STM32F4xx_HAL_Driver/Src/stm32f4xx_hal_spi.c ****   tickstart = HAL_GetTick();
1159:Drivers/STM32F4xx_HAL_Driver/Src/stm32f4xx_hal_spi.c **** 
1160:Drivers/STM32F4xx_HAL_Driver/Src/stm32f4xx_hal_spi.c ****   /* Init temporary variables */
1161:Drivers/STM32F4xx_HAL_Driver/Src/stm32f4xx_hal_spi.c ****   tmp_state           = hspi->State;
1162:Drivers/STM32F4xx_HAL_Driver/Src/stm32f4xx_hal_spi.c ****   tmp_mode            = hspi->Init.Mode;
1163:Drivers/STM32F4xx_HAL_Driver/Src/stm32f4xx_hal_spi.c ****   initial_TxXferCount = Size;
1164:Drivers/STM32F4xx_HAL_Driver/Src/stm32f4xx_hal_spi.c **** 
1165:Drivers/STM32F4xx_HAL_Driver/Src/stm32f4xx_hal_spi.c ****   if (!((tmp_state == HAL_SPI_STATE_READY) || \
1166:Drivers/STM32F4xx_HAL_Driver/Src/stm32f4xx_hal_spi.c ****         ((tmp_mode == SPI_MODE_MASTER) && (hspi->Init.Direction == SPI_DIRECTION_2LINES) &&
1167:Drivers/STM32F4xx_HAL_Driver/Src/stm32f4xx_hal_spi.c ****          (tmp_state == HAL_SPI_STATE_BUSY_RX))))
1168:Drivers/STM32F4xx_HAL_Driver/Src/stm32f4xx_hal_spi.c ****   {
1169:Drivers/STM32F4xx_HAL_Driver/Src/stm32f4xx_hal_spi.c ****     return HAL_BUSY;
1170:Drivers/STM32F4xx_HAL_Driver/Src/stm32f4xx_hal_spi.c ****   }
ARM GAS  /tmp/cci2ucsl.s 			page 22


1171:Drivers/STM32F4xx_HAL_Driver/Src/stm32f4xx_hal_spi.c **** 
1172:Drivers/STM32F4xx_HAL_Driver/Src/stm32f4xx_hal_spi.c ****   if ((pTxData == NULL) || (pRxData == NULL) || (Size == 0U))
1173:Drivers/STM32F4xx_HAL_Driver/Src/stm32f4xx_hal_spi.c ****   {
1174:Drivers/STM32F4xx_HAL_Driver/Src/stm32f4xx_hal_spi.c ****     return HAL_ERROR;
1175:Drivers/STM32F4xx_HAL_Driver/Src/stm32f4xx_hal_spi.c ****   }
1176:Drivers/STM32F4xx_HAL_Driver/Src/stm32f4xx_hal_spi.c **** 
1177:Drivers/STM32F4xx_HAL_Driver/Src/stm32f4xx_hal_spi.c ****   /* Process Locked */
1178:Drivers/STM32F4xx_HAL_Driver/Src/stm32f4xx_hal_spi.c ****   __HAL_LOCK(hspi);
1179:Drivers/STM32F4xx_HAL_Driver/Src/stm32f4xx_hal_spi.c **** 
1180:Drivers/STM32F4xx_HAL_Driver/Src/stm32f4xx_hal_spi.c ****   /* Don't overwrite in case of HAL_SPI_STATE_BUSY_RX */
1181:Drivers/STM32F4xx_HAL_Driver/Src/stm32f4xx_hal_spi.c ****   if (hspi->State != HAL_SPI_STATE_BUSY_RX)
1182:Drivers/STM32F4xx_HAL_Driver/Src/stm32f4xx_hal_spi.c ****   {
1183:Drivers/STM32F4xx_HAL_Driver/Src/stm32f4xx_hal_spi.c ****     hspi->State = HAL_SPI_STATE_BUSY_TX_RX;
1184:Drivers/STM32F4xx_HAL_Driver/Src/stm32f4xx_hal_spi.c ****   }
1185:Drivers/STM32F4xx_HAL_Driver/Src/stm32f4xx_hal_spi.c **** 
1186:Drivers/STM32F4xx_HAL_Driver/Src/stm32f4xx_hal_spi.c ****   /* Set the transaction information */
1187:Drivers/STM32F4xx_HAL_Driver/Src/stm32f4xx_hal_spi.c ****   hspi->ErrorCode   = HAL_SPI_ERROR_NONE;
1188:Drivers/STM32F4xx_HAL_Driver/Src/stm32f4xx_hal_spi.c ****   hspi->pRxBuffPtr  = (uint8_t *)pRxData;
1189:Drivers/STM32F4xx_HAL_Driver/Src/stm32f4xx_hal_spi.c ****   hspi->RxXferCount = Size;
1190:Drivers/STM32F4xx_HAL_Driver/Src/stm32f4xx_hal_spi.c ****   hspi->RxXferSize  = Size;
1191:Drivers/STM32F4xx_HAL_Driver/Src/stm32f4xx_hal_spi.c ****   hspi->pTxBuffPtr  = (const uint8_t *)pTxData;
1192:Drivers/STM32F4xx_HAL_Driver/Src/stm32f4xx_hal_spi.c ****   hspi->TxXferCount = Size;
1193:Drivers/STM32F4xx_HAL_Driver/Src/stm32f4xx_hal_spi.c ****   hspi->TxXferSize  = Size;
1194:Drivers/STM32F4xx_HAL_Driver/Src/stm32f4xx_hal_spi.c **** 
1195:Drivers/STM32F4xx_HAL_Driver/Src/stm32f4xx_hal_spi.c ****   /*Init field not used in handle to zero */
1196:Drivers/STM32F4xx_HAL_Driver/Src/stm32f4xx_hal_spi.c ****   hspi->RxISR       = NULL;
1197:Drivers/STM32F4xx_HAL_Driver/Src/stm32f4xx_hal_spi.c ****   hspi->TxISR       = NULL;
1198:Drivers/STM32F4xx_HAL_Driver/Src/stm32f4xx_hal_spi.c **** 
1199:Drivers/STM32F4xx_HAL_Driver/Src/stm32f4xx_hal_spi.c **** #if (USE_SPI_CRC != 0U)
1200:Drivers/STM32F4xx_HAL_Driver/Src/stm32f4xx_hal_spi.c ****   /* Reset CRC Calculation */
1201:Drivers/STM32F4xx_HAL_Driver/Src/stm32f4xx_hal_spi.c ****   if (hspi->Init.CRCCalculation == SPI_CRCCALCULATION_ENABLE)
1202:Drivers/STM32F4xx_HAL_Driver/Src/stm32f4xx_hal_spi.c ****   {
1203:Drivers/STM32F4xx_HAL_Driver/Src/stm32f4xx_hal_spi.c ****     SPI_RESET_CRC(hspi);
1204:Drivers/STM32F4xx_HAL_Driver/Src/stm32f4xx_hal_spi.c ****   }
1205:Drivers/STM32F4xx_HAL_Driver/Src/stm32f4xx_hal_spi.c **** #endif /* USE_SPI_CRC */
1206:Drivers/STM32F4xx_HAL_Driver/Src/stm32f4xx_hal_spi.c **** 
1207:Drivers/STM32F4xx_HAL_Driver/Src/stm32f4xx_hal_spi.c ****   /* Check if the SPI is already enabled */
1208:Drivers/STM32F4xx_HAL_Driver/Src/stm32f4xx_hal_spi.c ****   if ((hspi->Instance->CR1 & SPI_CR1_SPE) != SPI_CR1_SPE)
1209:Drivers/STM32F4xx_HAL_Driver/Src/stm32f4xx_hal_spi.c ****   {
1210:Drivers/STM32F4xx_HAL_Driver/Src/stm32f4xx_hal_spi.c ****     /* Enable SPI peripheral */
1211:Drivers/STM32F4xx_HAL_Driver/Src/stm32f4xx_hal_spi.c ****     __HAL_SPI_ENABLE(hspi);
1212:Drivers/STM32F4xx_HAL_Driver/Src/stm32f4xx_hal_spi.c ****   }
1213:Drivers/STM32F4xx_HAL_Driver/Src/stm32f4xx_hal_spi.c **** 
1214:Drivers/STM32F4xx_HAL_Driver/Src/stm32f4xx_hal_spi.c ****   /* Transmit and Receive data in 16 Bit mode */
1215:Drivers/STM32F4xx_HAL_Driver/Src/stm32f4xx_hal_spi.c ****   if (hspi->Init.DataSize == SPI_DATASIZE_16BIT)
1216:Drivers/STM32F4xx_HAL_Driver/Src/stm32f4xx_hal_spi.c ****   {
1217:Drivers/STM32F4xx_HAL_Driver/Src/stm32f4xx_hal_spi.c ****     if ((hspi->Init.Mode == SPI_MODE_SLAVE) || (initial_TxXferCount == 0x01U))
1218:Drivers/STM32F4xx_HAL_Driver/Src/stm32f4xx_hal_spi.c ****     {
1219:Drivers/STM32F4xx_HAL_Driver/Src/stm32f4xx_hal_spi.c ****       hspi->Instance->DR = *((const uint16_t *)hspi->pTxBuffPtr);
1220:Drivers/STM32F4xx_HAL_Driver/Src/stm32f4xx_hal_spi.c ****       hspi->pTxBuffPtr += sizeof(uint16_t);
1221:Drivers/STM32F4xx_HAL_Driver/Src/stm32f4xx_hal_spi.c ****       hspi->TxXferCount--;
1222:Drivers/STM32F4xx_HAL_Driver/Src/stm32f4xx_hal_spi.c **** 
1223:Drivers/STM32F4xx_HAL_Driver/Src/stm32f4xx_hal_spi.c **** #if (USE_SPI_CRC != 0U)
1224:Drivers/STM32F4xx_HAL_Driver/Src/stm32f4xx_hal_spi.c ****       /* Enable CRC Transmission */
1225:Drivers/STM32F4xx_HAL_Driver/Src/stm32f4xx_hal_spi.c ****       if ((hspi->TxXferCount == 0U) && (hspi->Init.CRCCalculation == SPI_CRCCALCULATION_ENABLE))
1226:Drivers/STM32F4xx_HAL_Driver/Src/stm32f4xx_hal_spi.c ****       {
1227:Drivers/STM32F4xx_HAL_Driver/Src/stm32f4xx_hal_spi.c ****         SET_BIT(hspi->Instance->CR1, SPI_CR1_CRCNEXT);
ARM GAS  /tmp/cci2ucsl.s 			page 23


1228:Drivers/STM32F4xx_HAL_Driver/Src/stm32f4xx_hal_spi.c ****       }
1229:Drivers/STM32F4xx_HAL_Driver/Src/stm32f4xx_hal_spi.c **** #endif /* USE_SPI_CRC */
1230:Drivers/STM32F4xx_HAL_Driver/Src/stm32f4xx_hal_spi.c **** 
1231:Drivers/STM32F4xx_HAL_Driver/Src/stm32f4xx_hal_spi.c ****     }
1232:Drivers/STM32F4xx_HAL_Driver/Src/stm32f4xx_hal_spi.c ****     while ((hspi->TxXferCount > 0U) || (hspi->RxXferCount > 0U))
1233:Drivers/STM32F4xx_HAL_Driver/Src/stm32f4xx_hal_spi.c ****     {
1234:Drivers/STM32F4xx_HAL_Driver/Src/stm32f4xx_hal_spi.c ****       /* Check TXE flag */
1235:Drivers/STM32F4xx_HAL_Driver/Src/stm32f4xx_hal_spi.c ****       if ((__HAL_SPI_GET_FLAG(hspi, SPI_FLAG_TXE)) && (hspi->TxXferCount > 0U) && (txallowed == 1U)
1236:Drivers/STM32F4xx_HAL_Driver/Src/stm32f4xx_hal_spi.c ****       {
1237:Drivers/STM32F4xx_HAL_Driver/Src/stm32f4xx_hal_spi.c ****         hspi->Instance->DR = *((const uint16_t *)hspi->pTxBuffPtr);
1238:Drivers/STM32F4xx_HAL_Driver/Src/stm32f4xx_hal_spi.c ****         hspi->pTxBuffPtr += sizeof(uint16_t);
1239:Drivers/STM32F4xx_HAL_Driver/Src/stm32f4xx_hal_spi.c ****         hspi->TxXferCount--;
1240:Drivers/STM32F4xx_HAL_Driver/Src/stm32f4xx_hal_spi.c ****         /* Next Data is a reception (Rx). Tx not allowed */
1241:Drivers/STM32F4xx_HAL_Driver/Src/stm32f4xx_hal_spi.c ****         txallowed = 0U;
1242:Drivers/STM32F4xx_HAL_Driver/Src/stm32f4xx_hal_spi.c **** 
1243:Drivers/STM32F4xx_HAL_Driver/Src/stm32f4xx_hal_spi.c **** #if (USE_SPI_CRC != 0U)
1244:Drivers/STM32F4xx_HAL_Driver/Src/stm32f4xx_hal_spi.c ****         /* Enable CRC Transmission */
1245:Drivers/STM32F4xx_HAL_Driver/Src/stm32f4xx_hal_spi.c ****         if ((hspi->TxXferCount == 0U) && (hspi->Init.CRCCalculation == SPI_CRCCALCULATION_ENABLE))
1246:Drivers/STM32F4xx_HAL_Driver/Src/stm32f4xx_hal_spi.c ****         {
1247:Drivers/STM32F4xx_HAL_Driver/Src/stm32f4xx_hal_spi.c ****           SET_BIT(hspi->Instance->CR1, SPI_CR1_CRCNEXT);
1248:Drivers/STM32F4xx_HAL_Driver/Src/stm32f4xx_hal_spi.c ****         }
1249:Drivers/STM32F4xx_HAL_Driver/Src/stm32f4xx_hal_spi.c **** #endif /* USE_SPI_CRC */
1250:Drivers/STM32F4xx_HAL_Driver/Src/stm32f4xx_hal_spi.c ****       }
1251:Drivers/STM32F4xx_HAL_Driver/Src/stm32f4xx_hal_spi.c **** 
1252:Drivers/STM32F4xx_HAL_Driver/Src/stm32f4xx_hal_spi.c ****       /* Check RXNE flag */
1253:Drivers/STM32F4xx_HAL_Driver/Src/stm32f4xx_hal_spi.c ****       if ((__HAL_SPI_GET_FLAG(hspi, SPI_FLAG_RXNE)) && (hspi->RxXferCount > 0U))
1254:Drivers/STM32F4xx_HAL_Driver/Src/stm32f4xx_hal_spi.c ****       {
1255:Drivers/STM32F4xx_HAL_Driver/Src/stm32f4xx_hal_spi.c ****         *((uint16_t *)hspi->pRxBuffPtr) = (uint16_t)hspi->Instance->DR;
1256:Drivers/STM32F4xx_HAL_Driver/Src/stm32f4xx_hal_spi.c ****         hspi->pRxBuffPtr += sizeof(uint16_t);
1257:Drivers/STM32F4xx_HAL_Driver/Src/stm32f4xx_hal_spi.c ****         hspi->RxXferCount--;
1258:Drivers/STM32F4xx_HAL_Driver/Src/stm32f4xx_hal_spi.c ****         /* Next Data is a Transmission (Tx). Tx is allowed */
1259:Drivers/STM32F4xx_HAL_Driver/Src/stm32f4xx_hal_spi.c ****         txallowed = 1U;
1260:Drivers/STM32F4xx_HAL_Driver/Src/stm32f4xx_hal_spi.c ****       }
1261:Drivers/STM32F4xx_HAL_Driver/Src/stm32f4xx_hal_spi.c ****       if (((HAL_GetTick() - tickstart) >=  Timeout) && (Timeout != HAL_MAX_DELAY))
1262:Drivers/STM32F4xx_HAL_Driver/Src/stm32f4xx_hal_spi.c ****       {
1263:Drivers/STM32F4xx_HAL_Driver/Src/stm32f4xx_hal_spi.c ****         hspi->State = HAL_SPI_STATE_READY;
1264:Drivers/STM32F4xx_HAL_Driver/Src/stm32f4xx_hal_spi.c ****         __HAL_UNLOCK(hspi);
1265:Drivers/STM32F4xx_HAL_Driver/Src/stm32f4xx_hal_spi.c ****         return HAL_TIMEOUT;
1266:Drivers/STM32F4xx_HAL_Driver/Src/stm32f4xx_hal_spi.c ****       }
1267:Drivers/STM32F4xx_HAL_Driver/Src/stm32f4xx_hal_spi.c ****     }
1268:Drivers/STM32F4xx_HAL_Driver/Src/stm32f4xx_hal_spi.c ****   }
1269:Drivers/STM32F4xx_HAL_Driver/Src/stm32f4xx_hal_spi.c ****   /* Transmit and Receive data in 8 Bit mode */
1270:Drivers/STM32F4xx_HAL_Driver/Src/stm32f4xx_hal_spi.c ****   else
1271:Drivers/STM32F4xx_HAL_Driver/Src/stm32f4xx_hal_spi.c ****   {
1272:Drivers/STM32F4xx_HAL_Driver/Src/stm32f4xx_hal_spi.c ****     if ((hspi->Init.Mode == SPI_MODE_SLAVE) || (initial_TxXferCount == 0x01U))
1273:Drivers/STM32F4xx_HAL_Driver/Src/stm32f4xx_hal_spi.c ****     {
1274:Drivers/STM32F4xx_HAL_Driver/Src/stm32f4xx_hal_spi.c ****       *((__IO uint8_t *)&hspi->Instance->DR) = *((const uint8_t *)hspi->pTxBuffPtr);
1275:Drivers/STM32F4xx_HAL_Driver/Src/stm32f4xx_hal_spi.c ****       hspi->pTxBuffPtr += sizeof(uint8_t);
1276:Drivers/STM32F4xx_HAL_Driver/Src/stm32f4xx_hal_spi.c ****       hspi->TxXferCount--;
1277:Drivers/STM32F4xx_HAL_Driver/Src/stm32f4xx_hal_spi.c **** 
1278:Drivers/STM32F4xx_HAL_Driver/Src/stm32f4xx_hal_spi.c **** #if (USE_SPI_CRC != 0U)
1279:Drivers/STM32F4xx_HAL_Driver/Src/stm32f4xx_hal_spi.c ****       /* Enable CRC Transmission */
1280:Drivers/STM32F4xx_HAL_Driver/Src/stm32f4xx_hal_spi.c ****       if ((hspi->TxXferCount == 0U) && (hspi->Init.CRCCalculation == SPI_CRCCALCULATION_ENABLE))
1281:Drivers/STM32F4xx_HAL_Driver/Src/stm32f4xx_hal_spi.c ****       {
1282:Drivers/STM32F4xx_HAL_Driver/Src/stm32f4xx_hal_spi.c ****         SET_BIT(hspi->Instance->CR1, SPI_CR1_CRCNEXT);
1283:Drivers/STM32F4xx_HAL_Driver/Src/stm32f4xx_hal_spi.c ****       }
1284:Drivers/STM32F4xx_HAL_Driver/Src/stm32f4xx_hal_spi.c **** #endif /* USE_SPI_CRC */
ARM GAS  /tmp/cci2ucsl.s 			page 24


1285:Drivers/STM32F4xx_HAL_Driver/Src/stm32f4xx_hal_spi.c ****     }
1286:Drivers/STM32F4xx_HAL_Driver/Src/stm32f4xx_hal_spi.c ****     while ((hspi->TxXferCount > 0U) || (hspi->RxXferCount > 0U))
1287:Drivers/STM32F4xx_HAL_Driver/Src/stm32f4xx_hal_spi.c ****     {
1288:Drivers/STM32F4xx_HAL_Driver/Src/stm32f4xx_hal_spi.c ****       /* Check TXE flag */
1289:Drivers/STM32F4xx_HAL_Driver/Src/stm32f4xx_hal_spi.c ****       if ((__HAL_SPI_GET_FLAG(hspi, SPI_FLAG_TXE)) && (hspi->TxXferCount > 0U) && (txallowed == 1U)
1290:Drivers/STM32F4xx_HAL_Driver/Src/stm32f4xx_hal_spi.c ****       {
1291:Drivers/STM32F4xx_HAL_Driver/Src/stm32f4xx_hal_spi.c ****         *(__IO uint8_t *)&hspi->Instance->DR = *((const uint8_t *)hspi->pTxBuffPtr);
1292:Drivers/STM32F4xx_HAL_Driver/Src/stm32f4xx_hal_spi.c ****         hspi->pTxBuffPtr++;
1293:Drivers/STM32F4xx_HAL_Driver/Src/stm32f4xx_hal_spi.c ****         hspi->TxXferCount--;
1294:Drivers/STM32F4xx_HAL_Driver/Src/stm32f4xx_hal_spi.c ****         /* Next Data is a reception (Rx). Tx not allowed */
1295:Drivers/STM32F4xx_HAL_Driver/Src/stm32f4xx_hal_spi.c ****         txallowed = 0U;
1296:Drivers/STM32F4xx_HAL_Driver/Src/stm32f4xx_hal_spi.c **** 
1297:Drivers/STM32F4xx_HAL_Driver/Src/stm32f4xx_hal_spi.c **** #if (USE_SPI_CRC != 0U)
1298:Drivers/STM32F4xx_HAL_Driver/Src/stm32f4xx_hal_spi.c ****         /* Enable CRC Transmission */
1299:Drivers/STM32F4xx_HAL_Driver/Src/stm32f4xx_hal_spi.c ****         if ((hspi->TxXferCount == 0U) && (hspi->Init.CRCCalculation == SPI_CRCCALCULATION_ENABLE))
1300:Drivers/STM32F4xx_HAL_Driver/Src/stm32f4xx_hal_spi.c ****         {
1301:Drivers/STM32F4xx_HAL_Driver/Src/stm32f4xx_hal_spi.c ****           SET_BIT(hspi->Instance->CR1, SPI_CR1_CRCNEXT);
1302:Drivers/STM32F4xx_HAL_Driver/Src/stm32f4xx_hal_spi.c ****         }
1303:Drivers/STM32F4xx_HAL_Driver/Src/stm32f4xx_hal_spi.c **** #endif /* USE_SPI_CRC */
1304:Drivers/STM32F4xx_HAL_Driver/Src/stm32f4xx_hal_spi.c ****       }
1305:Drivers/STM32F4xx_HAL_Driver/Src/stm32f4xx_hal_spi.c **** 
1306:Drivers/STM32F4xx_HAL_Driver/Src/stm32f4xx_hal_spi.c ****       /* Wait until RXNE flag is reset */
1307:Drivers/STM32F4xx_HAL_Driver/Src/stm32f4xx_hal_spi.c ****       if ((__HAL_SPI_GET_FLAG(hspi, SPI_FLAG_RXNE)) && (hspi->RxXferCount > 0U))
1308:Drivers/STM32F4xx_HAL_Driver/Src/stm32f4xx_hal_spi.c ****       {
1309:Drivers/STM32F4xx_HAL_Driver/Src/stm32f4xx_hal_spi.c ****         (*(uint8_t *)hspi->pRxBuffPtr) = hspi->Instance->DR;
1310:Drivers/STM32F4xx_HAL_Driver/Src/stm32f4xx_hal_spi.c ****         hspi->pRxBuffPtr++;
1311:Drivers/STM32F4xx_HAL_Driver/Src/stm32f4xx_hal_spi.c ****         hspi->RxXferCount--;
1312:Drivers/STM32F4xx_HAL_Driver/Src/stm32f4xx_hal_spi.c ****         /* Next Data is a Transmission (Tx). Tx is allowed */
1313:Drivers/STM32F4xx_HAL_Driver/Src/stm32f4xx_hal_spi.c ****         txallowed = 1U;
1314:Drivers/STM32F4xx_HAL_Driver/Src/stm32f4xx_hal_spi.c ****       }
1315:Drivers/STM32F4xx_HAL_Driver/Src/stm32f4xx_hal_spi.c ****       if ((((HAL_GetTick() - tickstart) >=  Timeout) && ((Timeout != HAL_MAX_DELAY))) || (Timeout =
1316:Drivers/STM32F4xx_HAL_Driver/Src/stm32f4xx_hal_spi.c ****       {
1317:Drivers/STM32F4xx_HAL_Driver/Src/stm32f4xx_hal_spi.c ****         hspi->State = HAL_SPI_STATE_READY;
1318:Drivers/STM32F4xx_HAL_Driver/Src/stm32f4xx_hal_spi.c ****         __HAL_UNLOCK(hspi);
1319:Drivers/STM32F4xx_HAL_Driver/Src/stm32f4xx_hal_spi.c ****         return HAL_TIMEOUT;
1320:Drivers/STM32F4xx_HAL_Driver/Src/stm32f4xx_hal_spi.c ****       }
1321:Drivers/STM32F4xx_HAL_Driver/Src/stm32f4xx_hal_spi.c ****     }
1322:Drivers/STM32F4xx_HAL_Driver/Src/stm32f4xx_hal_spi.c ****   }
1323:Drivers/STM32F4xx_HAL_Driver/Src/stm32f4xx_hal_spi.c **** 
1324:Drivers/STM32F4xx_HAL_Driver/Src/stm32f4xx_hal_spi.c **** #if (USE_SPI_CRC != 0U)
1325:Drivers/STM32F4xx_HAL_Driver/Src/stm32f4xx_hal_spi.c ****   /* Read CRC from DR to close CRC calculation process */
1326:Drivers/STM32F4xx_HAL_Driver/Src/stm32f4xx_hal_spi.c ****   if (hspi->Init.CRCCalculation == SPI_CRCCALCULATION_ENABLE)
1327:Drivers/STM32F4xx_HAL_Driver/Src/stm32f4xx_hal_spi.c ****   {
1328:Drivers/STM32F4xx_HAL_Driver/Src/stm32f4xx_hal_spi.c ****     /* Wait until TXE flag */
1329:Drivers/STM32F4xx_HAL_Driver/Src/stm32f4xx_hal_spi.c ****     if (SPI_WaitFlagStateUntilTimeout(hspi, SPI_FLAG_RXNE, SET, Timeout, tickstart) != HAL_OK)
1330:Drivers/STM32F4xx_HAL_Driver/Src/stm32f4xx_hal_spi.c ****     {
1331:Drivers/STM32F4xx_HAL_Driver/Src/stm32f4xx_hal_spi.c ****       /* Error on the CRC reception */
1332:Drivers/STM32F4xx_HAL_Driver/Src/stm32f4xx_hal_spi.c ****       SET_BIT(hspi->ErrorCode, HAL_SPI_ERROR_CRC);
1333:Drivers/STM32F4xx_HAL_Driver/Src/stm32f4xx_hal_spi.c ****       hspi->State = HAL_SPI_STATE_READY;
1334:Drivers/STM32F4xx_HAL_Driver/Src/stm32f4xx_hal_spi.c ****       __HAL_UNLOCK(hspi);
1335:Drivers/STM32F4xx_HAL_Driver/Src/stm32f4xx_hal_spi.c ****       return HAL_TIMEOUT;
1336:Drivers/STM32F4xx_HAL_Driver/Src/stm32f4xx_hal_spi.c ****     }
1337:Drivers/STM32F4xx_HAL_Driver/Src/stm32f4xx_hal_spi.c ****     /* Read CRC */
1338:Drivers/STM32F4xx_HAL_Driver/Src/stm32f4xx_hal_spi.c ****     tmpreg = READ_REG(hspi->Instance->DR);
1339:Drivers/STM32F4xx_HAL_Driver/Src/stm32f4xx_hal_spi.c ****     /* To avoid GCC warning */
1340:Drivers/STM32F4xx_HAL_Driver/Src/stm32f4xx_hal_spi.c ****     UNUSED(tmpreg);
1341:Drivers/STM32F4xx_HAL_Driver/Src/stm32f4xx_hal_spi.c ****   }
ARM GAS  /tmp/cci2ucsl.s 			page 25


1342:Drivers/STM32F4xx_HAL_Driver/Src/stm32f4xx_hal_spi.c **** 
1343:Drivers/STM32F4xx_HAL_Driver/Src/stm32f4xx_hal_spi.c ****   /* Check if CRC error occurred */
1344:Drivers/STM32F4xx_HAL_Driver/Src/stm32f4xx_hal_spi.c ****   if (__HAL_SPI_GET_FLAG(hspi, SPI_FLAG_CRCERR))
1345:Drivers/STM32F4xx_HAL_Driver/Src/stm32f4xx_hal_spi.c ****   {
1346:Drivers/STM32F4xx_HAL_Driver/Src/stm32f4xx_hal_spi.c ****     SET_BIT(hspi->ErrorCode, HAL_SPI_ERROR_CRC);
1347:Drivers/STM32F4xx_HAL_Driver/Src/stm32f4xx_hal_spi.c ****     /* Clear CRC Flag */
1348:Drivers/STM32F4xx_HAL_Driver/Src/stm32f4xx_hal_spi.c ****     __HAL_SPI_CLEAR_CRCERRFLAG(hspi);
1349:Drivers/STM32F4xx_HAL_Driver/Src/stm32f4xx_hal_spi.c ****     __HAL_UNLOCK(hspi);
1350:Drivers/STM32F4xx_HAL_Driver/Src/stm32f4xx_hal_spi.c ****     return HAL_ERROR;
1351:Drivers/STM32F4xx_HAL_Driver/Src/stm32f4xx_hal_spi.c ****   }
1352:Drivers/STM32F4xx_HAL_Driver/Src/stm32f4xx_hal_spi.c **** #endif /* USE_SPI_CRC */
1353:Drivers/STM32F4xx_HAL_Driver/Src/stm32f4xx_hal_spi.c **** 
1354:Drivers/STM32F4xx_HAL_Driver/Src/stm32f4xx_hal_spi.c ****   /* Check the end of the transaction */
1355:Drivers/STM32F4xx_HAL_Driver/Src/stm32f4xx_hal_spi.c ****   if (SPI_EndRxTxTransaction(hspi, Timeout, tickstart) != HAL_OK)
1356:Drivers/STM32F4xx_HAL_Driver/Src/stm32f4xx_hal_spi.c ****   {
1357:Drivers/STM32F4xx_HAL_Driver/Src/stm32f4xx_hal_spi.c ****     hspi->ErrorCode = HAL_SPI_ERROR_FLAG;
1358:Drivers/STM32F4xx_HAL_Driver/Src/stm32f4xx_hal_spi.c ****     __HAL_UNLOCK(hspi);
1359:Drivers/STM32F4xx_HAL_Driver/Src/stm32f4xx_hal_spi.c ****     return HAL_ERROR;
1360:Drivers/STM32F4xx_HAL_Driver/Src/stm32f4xx_hal_spi.c ****   }
1361:Drivers/STM32F4xx_HAL_Driver/Src/stm32f4xx_hal_spi.c **** 
1362:Drivers/STM32F4xx_HAL_Driver/Src/stm32f4xx_hal_spi.c ****   /* Clear overrun flag in 2 Lines communication mode because received is not read */
1363:Drivers/STM32F4xx_HAL_Driver/Src/stm32f4xx_hal_spi.c ****   if (hspi->Init.Direction == SPI_DIRECTION_2LINES)
1364:Drivers/STM32F4xx_HAL_Driver/Src/stm32f4xx_hal_spi.c ****   {
1365:Drivers/STM32F4xx_HAL_Driver/Src/stm32f4xx_hal_spi.c ****     __HAL_SPI_CLEAR_OVRFLAG(hspi);
1366:Drivers/STM32F4xx_HAL_Driver/Src/stm32f4xx_hal_spi.c ****   }
1367:Drivers/STM32F4xx_HAL_Driver/Src/stm32f4xx_hal_spi.c **** 
1368:Drivers/STM32F4xx_HAL_Driver/Src/stm32f4xx_hal_spi.c **** 
1369:Drivers/STM32F4xx_HAL_Driver/Src/stm32f4xx_hal_spi.c ****   hspi->State = HAL_SPI_STATE_READY;
1370:Drivers/STM32F4xx_HAL_Driver/Src/stm32f4xx_hal_spi.c ****   /* Unlock the process */
1371:Drivers/STM32F4xx_HAL_Driver/Src/stm32f4xx_hal_spi.c ****   __HAL_UNLOCK(hspi);
1372:Drivers/STM32F4xx_HAL_Driver/Src/stm32f4xx_hal_spi.c **** 
1373:Drivers/STM32F4xx_HAL_Driver/Src/stm32f4xx_hal_spi.c ****   if (hspi->ErrorCode != HAL_SPI_ERROR_NONE)
1374:Drivers/STM32F4xx_HAL_Driver/Src/stm32f4xx_hal_spi.c ****   {
1375:Drivers/STM32F4xx_HAL_Driver/Src/stm32f4xx_hal_spi.c ****     return HAL_ERROR;
1376:Drivers/STM32F4xx_HAL_Driver/Src/stm32f4xx_hal_spi.c ****   }
1377:Drivers/STM32F4xx_HAL_Driver/Src/stm32f4xx_hal_spi.c ****   else
1378:Drivers/STM32F4xx_HAL_Driver/Src/stm32f4xx_hal_spi.c ****   {
1379:Drivers/STM32F4xx_HAL_Driver/Src/stm32f4xx_hal_spi.c ****     return HAL_OK;
1380:Drivers/STM32F4xx_HAL_Driver/Src/stm32f4xx_hal_spi.c ****   }
1381:Drivers/STM32F4xx_HAL_Driver/Src/stm32f4xx_hal_spi.c **** }
1382:Drivers/STM32F4xx_HAL_Driver/Src/stm32f4xx_hal_spi.c **** 
1383:Drivers/STM32F4xx_HAL_Driver/Src/stm32f4xx_hal_spi.c **** /**
1384:Drivers/STM32F4xx_HAL_Driver/Src/stm32f4xx_hal_spi.c ****   * @brief  Transmit an amount of data in non-blocking mode with Interrupt.
1385:Drivers/STM32F4xx_HAL_Driver/Src/stm32f4xx_hal_spi.c ****   * @param  hspi pointer to a SPI_HandleTypeDef structure that contains
1386:Drivers/STM32F4xx_HAL_Driver/Src/stm32f4xx_hal_spi.c ****   *               the configuration information for SPI module.
1387:Drivers/STM32F4xx_HAL_Driver/Src/stm32f4xx_hal_spi.c ****   * @param  pData pointer to data buffer (u8 or u16 data elements)
1388:Drivers/STM32F4xx_HAL_Driver/Src/stm32f4xx_hal_spi.c ****   * @param  Size amount of data elements (u8 or u16) to be sent
1389:Drivers/STM32F4xx_HAL_Driver/Src/stm32f4xx_hal_spi.c ****   * @retval HAL status
1390:Drivers/STM32F4xx_HAL_Driver/Src/stm32f4xx_hal_spi.c ****   */
1391:Drivers/STM32F4xx_HAL_Driver/Src/stm32f4xx_hal_spi.c **** HAL_StatusTypeDef HAL_SPI_Transmit_IT(SPI_HandleTypeDef *hspi, const uint8_t *pData, uint16_t Size)
1392:Drivers/STM32F4xx_HAL_Driver/Src/stm32f4xx_hal_spi.c **** {
1393:Drivers/STM32F4xx_HAL_Driver/Src/stm32f4xx_hal_spi.c **** 
1394:Drivers/STM32F4xx_HAL_Driver/Src/stm32f4xx_hal_spi.c ****   /* Check Direction parameter */
1395:Drivers/STM32F4xx_HAL_Driver/Src/stm32f4xx_hal_spi.c ****   assert_param(IS_SPI_DIRECTION_2LINES_OR_1LINE(hspi->Init.Direction));
1396:Drivers/STM32F4xx_HAL_Driver/Src/stm32f4xx_hal_spi.c **** 
1397:Drivers/STM32F4xx_HAL_Driver/Src/stm32f4xx_hal_spi.c **** 
1398:Drivers/STM32F4xx_HAL_Driver/Src/stm32f4xx_hal_spi.c ****   if ((pData == NULL) || (Size == 0U))
ARM GAS  /tmp/cci2ucsl.s 			page 26


1399:Drivers/STM32F4xx_HAL_Driver/Src/stm32f4xx_hal_spi.c ****   {
1400:Drivers/STM32F4xx_HAL_Driver/Src/stm32f4xx_hal_spi.c ****     return HAL_ERROR;
1401:Drivers/STM32F4xx_HAL_Driver/Src/stm32f4xx_hal_spi.c ****   }
1402:Drivers/STM32F4xx_HAL_Driver/Src/stm32f4xx_hal_spi.c **** 
1403:Drivers/STM32F4xx_HAL_Driver/Src/stm32f4xx_hal_spi.c ****   if (hspi->State != HAL_SPI_STATE_READY)
1404:Drivers/STM32F4xx_HAL_Driver/Src/stm32f4xx_hal_spi.c ****   {
1405:Drivers/STM32F4xx_HAL_Driver/Src/stm32f4xx_hal_spi.c ****     return HAL_BUSY;
1406:Drivers/STM32F4xx_HAL_Driver/Src/stm32f4xx_hal_spi.c ****   }
1407:Drivers/STM32F4xx_HAL_Driver/Src/stm32f4xx_hal_spi.c **** 
1408:Drivers/STM32F4xx_HAL_Driver/Src/stm32f4xx_hal_spi.c ****   /* Process Locked */
1409:Drivers/STM32F4xx_HAL_Driver/Src/stm32f4xx_hal_spi.c ****   __HAL_LOCK(hspi);
1410:Drivers/STM32F4xx_HAL_Driver/Src/stm32f4xx_hal_spi.c **** 
1411:Drivers/STM32F4xx_HAL_Driver/Src/stm32f4xx_hal_spi.c ****   /* Set the transaction information */
1412:Drivers/STM32F4xx_HAL_Driver/Src/stm32f4xx_hal_spi.c ****   hspi->State       = HAL_SPI_STATE_BUSY_TX;
1413:Drivers/STM32F4xx_HAL_Driver/Src/stm32f4xx_hal_spi.c ****   hspi->ErrorCode   = HAL_SPI_ERROR_NONE;
1414:Drivers/STM32F4xx_HAL_Driver/Src/stm32f4xx_hal_spi.c ****   hspi->pTxBuffPtr  = (const uint8_t *)pData;
1415:Drivers/STM32F4xx_HAL_Driver/Src/stm32f4xx_hal_spi.c ****   hspi->TxXferSize  = Size;
1416:Drivers/STM32F4xx_HAL_Driver/Src/stm32f4xx_hal_spi.c ****   hspi->TxXferCount = Size;
1417:Drivers/STM32F4xx_HAL_Driver/Src/stm32f4xx_hal_spi.c **** 
1418:Drivers/STM32F4xx_HAL_Driver/Src/stm32f4xx_hal_spi.c ****   /* Init field not used in handle to zero */
1419:Drivers/STM32F4xx_HAL_Driver/Src/stm32f4xx_hal_spi.c ****   hspi->pRxBuffPtr  = (uint8_t *)NULL;
1420:Drivers/STM32F4xx_HAL_Driver/Src/stm32f4xx_hal_spi.c ****   hspi->RxXferSize  = 0U;
1421:Drivers/STM32F4xx_HAL_Driver/Src/stm32f4xx_hal_spi.c ****   hspi->RxXferCount = 0U;
1422:Drivers/STM32F4xx_HAL_Driver/Src/stm32f4xx_hal_spi.c ****   hspi->RxISR       = NULL;
1423:Drivers/STM32F4xx_HAL_Driver/Src/stm32f4xx_hal_spi.c **** 
1424:Drivers/STM32F4xx_HAL_Driver/Src/stm32f4xx_hal_spi.c ****   /* Set the function for IT treatment */
1425:Drivers/STM32F4xx_HAL_Driver/Src/stm32f4xx_hal_spi.c ****   if (hspi->Init.DataSize > SPI_DATASIZE_8BIT)
1426:Drivers/STM32F4xx_HAL_Driver/Src/stm32f4xx_hal_spi.c ****   {
1427:Drivers/STM32F4xx_HAL_Driver/Src/stm32f4xx_hal_spi.c ****     hspi->TxISR = SPI_TxISR_16BIT;
1428:Drivers/STM32F4xx_HAL_Driver/Src/stm32f4xx_hal_spi.c ****   }
1429:Drivers/STM32F4xx_HAL_Driver/Src/stm32f4xx_hal_spi.c ****   else
1430:Drivers/STM32F4xx_HAL_Driver/Src/stm32f4xx_hal_spi.c ****   {
1431:Drivers/STM32F4xx_HAL_Driver/Src/stm32f4xx_hal_spi.c ****     hspi->TxISR = SPI_TxISR_8BIT;
1432:Drivers/STM32F4xx_HAL_Driver/Src/stm32f4xx_hal_spi.c ****   }
1433:Drivers/STM32F4xx_HAL_Driver/Src/stm32f4xx_hal_spi.c **** 
1434:Drivers/STM32F4xx_HAL_Driver/Src/stm32f4xx_hal_spi.c ****   /* Configure communication direction : 1Line */
1435:Drivers/STM32F4xx_HAL_Driver/Src/stm32f4xx_hal_spi.c ****   if (hspi->Init.Direction == SPI_DIRECTION_1LINE)
1436:Drivers/STM32F4xx_HAL_Driver/Src/stm32f4xx_hal_spi.c ****   {
1437:Drivers/STM32F4xx_HAL_Driver/Src/stm32f4xx_hal_spi.c ****     /* Disable SPI Peripheral before set 1Line direction (BIDIOE bit) */
1438:Drivers/STM32F4xx_HAL_Driver/Src/stm32f4xx_hal_spi.c ****     __HAL_SPI_DISABLE(hspi);
1439:Drivers/STM32F4xx_HAL_Driver/Src/stm32f4xx_hal_spi.c ****     SPI_1LINE_TX(hspi);
1440:Drivers/STM32F4xx_HAL_Driver/Src/stm32f4xx_hal_spi.c ****   }
1441:Drivers/STM32F4xx_HAL_Driver/Src/stm32f4xx_hal_spi.c **** 
1442:Drivers/STM32F4xx_HAL_Driver/Src/stm32f4xx_hal_spi.c **** #if (USE_SPI_CRC != 0U)
1443:Drivers/STM32F4xx_HAL_Driver/Src/stm32f4xx_hal_spi.c ****   /* Reset CRC Calculation */
1444:Drivers/STM32F4xx_HAL_Driver/Src/stm32f4xx_hal_spi.c ****   if (hspi->Init.CRCCalculation == SPI_CRCCALCULATION_ENABLE)
1445:Drivers/STM32F4xx_HAL_Driver/Src/stm32f4xx_hal_spi.c ****   {
1446:Drivers/STM32F4xx_HAL_Driver/Src/stm32f4xx_hal_spi.c ****     SPI_RESET_CRC(hspi);
1447:Drivers/STM32F4xx_HAL_Driver/Src/stm32f4xx_hal_spi.c ****   }
1448:Drivers/STM32F4xx_HAL_Driver/Src/stm32f4xx_hal_spi.c **** #endif /* USE_SPI_CRC */
1449:Drivers/STM32F4xx_HAL_Driver/Src/stm32f4xx_hal_spi.c **** 
1450:Drivers/STM32F4xx_HAL_Driver/Src/stm32f4xx_hal_spi.c ****   /* Check if the SPI is already enabled */
1451:Drivers/STM32F4xx_HAL_Driver/Src/stm32f4xx_hal_spi.c ****   if ((hspi->Instance->CR1 & SPI_CR1_SPE) != SPI_CR1_SPE)
1452:Drivers/STM32F4xx_HAL_Driver/Src/stm32f4xx_hal_spi.c ****   {
1453:Drivers/STM32F4xx_HAL_Driver/Src/stm32f4xx_hal_spi.c ****     /* Enable SPI peripheral */
1454:Drivers/STM32F4xx_HAL_Driver/Src/stm32f4xx_hal_spi.c ****     __HAL_SPI_ENABLE(hspi);
1455:Drivers/STM32F4xx_HAL_Driver/Src/stm32f4xx_hal_spi.c ****   }
ARM GAS  /tmp/cci2ucsl.s 			page 27


1456:Drivers/STM32F4xx_HAL_Driver/Src/stm32f4xx_hal_spi.c **** 
1457:Drivers/STM32F4xx_HAL_Driver/Src/stm32f4xx_hal_spi.c ****   /* Process Unlocked */
1458:Drivers/STM32F4xx_HAL_Driver/Src/stm32f4xx_hal_spi.c ****   __HAL_UNLOCK(hspi);
1459:Drivers/STM32F4xx_HAL_Driver/Src/stm32f4xx_hal_spi.c ****   /* Enable TXE and ERR interrupt */
1460:Drivers/STM32F4xx_HAL_Driver/Src/stm32f4xx_hal_spi.c ****   __HAL_SPI_ENABLE_IT(hspi, (SPI_IT_TXE | SPI_IT_ERR));
1461:Drivers/STM32F4xx_HAL_Driver/Src/stm32f4xx_hal_spi.c **** 
1462:Drivers/STM32F4xx_HAL_Driver/Src/stm32f4xx_hal_spi.c ****   return HAL_OK;
1463:Drivers/STM32F4xx_HAL_Driver/Src/stm32f4xx_hal_spi.c **** }
1464:Drivers/STM32F4xx_HAL_Driver/Src/stm32f4xx_hal_spi.c **** 
1465:Drivers/STM32F4xx_HAL_Driver/Src/stm32f4xx_hal_spi.c **** /**
1466:Drivers/STM32F4xx_HAL_Driver/Src/stm32f4xx_hal_spi.c ****   * @brief  Receive an amount of data in non-blocking mode with Interrupt.
1467:Drivers/STM32F4xx_HAL_Driver/Src/stm32f4xx_hal_spi.c ****   * @param  hspi pointer to a SPI_HandleTypeDef structure that contains
1468:Drivers/STM32F4xx_HAL_Driver/Src/stm32f4xx_hal_spi.c ****   *               the configuration information for SPI module.
1469:Drivers/STM32F4xx_HAL_Driver/Src/stm32f4xx_hal_spi.c ****   * @param  pData pointer to data buffer (u8 or u16 data elements)
1470:Drivers/STM32F4xx_HAL_Driver/Src/stm32f4xx_hal_spi.c ****   * @param  Size amount of data elements (u8 or u16) to be received
1471:Drivers/STM32F4xx_HAL_Driver/Src/stm32f4xx_hal_spi.c ****   * @retval HAL status
1472:Drivers/STM32F4xx_HAL_Driver/Src/stm32f4xx_hal_spi.c ****   */
1473:Drivers/STM32F4xx_HAL_Driver/Src/stm32f4xx_hal_spi.c **** HAL_StatusTypeDef HAL_SPI_Receive_IT(SPI_HandleTypeDef *hspi, uint8_t *pData, uint16_t Size)
1474:Drivers/STM32F4xx_HAL_Driver/Src/stm32f4xx_hal_spi.c **** {
1475:Drivers/STM32F4xx_HAL_Driver/Src/stm32f4xx_hal_spi.c **** 
1476:Drivers/STM32F4xx_HAL_Driver/Src/stm32f4xx_hal_spi.c ****   if (hspi->State != HAL_SPI_STATE_READY)
1477:Drivers/STM32F4xx_HAL_Driver/Src/stm32f4xx_hal_spi.c ****   {
1478:Drivers/STM32F4xx_HAL_Driver/Src/stm32f4xx_hal_spi.c ****     return HAL_BUSY;
1479:Drivers/STM32F4xx_HAL_Driver/Src/stm32f4xx_hal_spi.c ****   }
1480:Drivers/STM32F4xx_HAL_Driver/Src/stm32f4xx_hal_spi.c **** 
1481:Drivers/STM32F4xx_HAL_Driver/Src/stm32f4xx_hal_spi.c ****   if ((pData == NULL) || (Size == 0U))
1482:Drivers/STM32F4xx_HAL_Driver/Src/stm32f4xx_hal_spi.c ****   {
1483:Drivers/STM32F4xx_HAL_Driver/Src/stm32f4xx_hal_spi.c ****     return HAL_ERROR;
1484:Drivers/STM32F4xx_HAL_Driver/Src/stm32f4xx_hal_spi.c ****   }
1485:Drivers/STM32F4xx_HAL_Driver/Src/stm32f4xx_hal_spi.c **** 
1486:Drivers/STM32F4xx_HAL_Driver/Src/stm32f4xx_hal_spi.c ****   if ((hspi->Init.Direction == SPI_DIRECTION_2LINES) && (hspi->Init.Mode == SPI_MODE_MASTER))
1487:Drivers/STM32F4xx_HAL_Driver/Src/stm32f4xx_hal_spi.c ****   {
1488:Drivers/STM32F4xx_HAL_Driver/Src/stm32f4xx_hal_spi.c ****     hspi->State = HAL_SPI_STATE_BUSY_RX;
1489:Drivers/STM32F4xx_HAL_Driver/Src/stm32f4xx_hal_spi.c ****     /* Call transmit-receive function to send Dummy data on Tx line and generate clock on CLK line 
1490:Drivers/STM32F4xx_HAL_Driver/Src/stm32f4xx_hal_spi.c ****     return HAL_SPI_TransmitReceive_IT(hspi, pData, pData, Size);
1491:Drivers/STM32F4xx_HAL_Driver/Src/stm32f4xx_hal_spi.c ****   }
1492:Drivers/STM32F4xx_HAL_Driver/Src/stm32f4xx_hal_spi.c **** 
1493:Drivers/STM32F4xx_HAL_Driver/Src/stm32f4xx_hal_spi.c **** 
1494:Drivers/STM32F4xx_HAL_Driver/Src/stm32f4xx_hal_spi.c ****   /* Process Locked */
1495:Drivers/STM32F4xx_HAL_Driver/Src/stm32f4xx_hal_spi.c ****   __HAL_LOCK(hspi);
1496:Drivers/STM32F4xx_HAL_Driver/Src/stm32f4xx_hal_spi.c **** 
1497:Drivers/STM32F4xx_HAL_Driver/Src/stm32f4xx_hal_spi.c ****   /* Set the transaction information */
1498:Drivers/STM32F4xx_HAL_Driver/Src/stm32f4xx_hal_spi.c ****   hspi->State       = HAL_SPI_STATE_BUSY_RX;
1499:Drivers/STM32F4xx_HAL_Driver/Src/stm32f4xx_hal_spi.c ****   hspi->ErrorCode   = HAL_SPI_ERROR_NONE;
1500:Drivers/STM32F4xx_HAL_Driver/Src/stm32f4xx_hal_spi.c ****   hspi->pRxBuffPtr  = (uint8_t *)pData;
1501:Drivers/STM32F4xx_HAL_Driver/Src/stm32f4xx_hal_spi.c ****   hspi->RxXferSize  = Size;
1502:Drivers/STM32F4xx_HAL_Driver/Src/stm32f4xx_hal_spi.c ****   hspi->RxXferCount = Size;
1503:Drivers/STM32F4xx_HAL_Driver/Src/stm32f4xx_hal_spi.c **** 
1504:Drivers/STM32F4xx_HAL_Driver/Src/stm32f4xx_hal_spi.c ****   /* Init field not used in handle to zero */
1505:Drivers/STM32F4xx_HAL_Driver/Src/stm32f4xx_hal_spi.c ****   hspi->pTxBuffPtr  = (uint8_t *)NULL;
1506:Drivers/STM32F4xx_HAL_Driver/Src/stm32f4xx_hal_spi.c ****   hspi->TxXferSize  = 0U;
1507:Drivers/STM32F4xx_HAL_Driver/Src/stm32f4xx_hal_spi.c ****   hspi->TxXferCount = 0U;
1508:Drivers/STM32F4xx_HAL_Driver/Src/stm32f4xx_hal_spi.c ****   hspi->TxISR       = NULL;
1509:Drivers/STM32F4xx_HAL_Driver/Src/stm32f4xx_hal_spi.c **** 
1510:Drivers/STM32F4xx_HAL_Driver/Src/stm32f4xx_hal_spi.c ****   /* Set the function for IT treatment */
1511:Drivers/STM32F4xx_HAL_Driver/Src/stm32f4xx_hal_spi.c ****   if (hspi->Init.DataSize > SPI_DATASIZE_8BIT)
1512:Drivers/STM32F4xx_HAL_Driver/Src/stm32f4xx_hal_spi.c ****   {
ARM GAS  /tmp/cci2ucsl.s 			page 28


1513:Drivers/STM32F4xx_HAL_Driver/Src/stm32f4xx_hal_spi.c ****     hspi->RxISR = SPI_RxISR_16BIT;
1514:Drivers/STM32F4xx_HAL_Driver/Src/stm32f4xx_hal_spi.c ****   }
1515:Drivers/STM32F4xx_HAL_Driver/Src/stm32f4xx_hal_spi.c ****   else
1516:Drivers/STM32F4xx_HAL_Driver/Src/stm32f4xx_hal_spi.c ****   {
1517:Drivers/STM32F4xx_HAL_Driver/Src/stm32f4xx_hal_spi.c ****     hspi->RxISR = SPI_RxISR_8BIT;
1518:Drivers/STM32F4xx_HAL_Driver/Src/stm32f4xx_hal_spi.c ****   }
1519:Drivers/STM32F4xx_HAL_Driver/Src/stm32f4xx_hal_spi.c **** 
1520:Drivers/STM32F4xx_HAL_Driver/Src/stm32f4xx_hal_spi.c ****   /* Configure communication direction : 1Line */
1521:Drivers/STM32F4xx_HAL_Driver/Src/stm32f4xx_hal_spi.c ****   if (hspi->Init.Direction == SPI_DIRECTION_1LINE)
1522:Drivers/STM32F4xx_HAL_Driver/Src/stm32f4xx_hal_spi.c ****   {
1523:Drivers/STM32F4xx_HAL_Driver/Src/stm32f4xx_hal_spi.c ****     /* Disable SPI Peripheral before set 1Line direction (BIDIOE bit) */
1524:Drivers/STM32F4xx_HAL_Driver/Src/stm32f4xx_hal_spi.c ****     __HAL_SPI_DISABLE(hspi);
1525:Drivers/STM32F4xx_HAL_Driver/Src/stm32f4xx_hal_spi.c ****     SPI_1LINE_RX(hspi);
1526:Drivers/STM32F4xx_HAL_Driver/Src/stm32f4xx_hal_spi.c ****   }
1527:Drivers/STM32F4xx_HAL_Driver/Src/stm32f4xx_hal_spi.c **** 
1528:Drivers/STM32F4xx_HAL_Driver/Src/stm32f4xx_hal_spi.c **** #if (USE_SPI_CRC != 0U)
1529:Drivers/STM32F4xx_HAL_Driver/Src/stm32f4xx_hal_spi.c ****   /* Reset CRC Calculation */
1530:Drivers/STM32F4xx_HAL_Driver/Src/stm32f4xx_hal_spi.c ****   if (hspi->Init.CRCCalculation == SPI_CRCCALCULATION_ENABLE)
1531:Drivers/STM32F4xx_HAL_Driver/Src/stm32f4xx_hal_spi.c ****   {
1532:Drivers/STM32F4xx_HAL_Driver/Src/stm32f4xx_hal_spi.c ****     SPI_RESET_CRC(hspi);
1533:Drivers/STM32F4xx_HAL_Driver/Src/stm32f4xx_hal_spi.c ****   }
1534:Drivers/STM32F4xx_HAL_Driver/Src/stm32f4xx_hal_spi.c **** #endif /* USE_SPI_CRC */
1535:Drivers/STM32F4xx_HAL_Driver/Src/stm32f4xx_hal_spi.c **** 
1536:Drivers/STM32F4xx_HAL_Driver/Src/stm32f4xx_hal_spi.c ****   /* Note : The SPI must be enabled after unlocking current process
1537:Drivers/STM32F4xx_HAL_Driver/Src/stm32f4xx_hal_spi.c ****             to avoid the risk of SPI interrupt handle execution before current
1538:Drivers/STM32F4xx_HAL_Driver/Src/stm32f4xx_hal_spi.c ****             process unlock */
1539:Drivers/STM32F4xx_HAL_Driver/Src/stm32f4xx_hal_spi.c **** 
1540:Drivers/STM32F4xx_HAL_Driver/Src/stm32f4xx_hal_spi.c ****   /* Check if the SPI is already enabled */
1541:Drivers/STM32F4xx_HAL_Driver/Src/stm32f4xx_hal_spi.c ****   if ((hspi->Instance->CR1 & SPI_CR1_SPE) != SPI_CR1_SPE)
1542:Drivers/STM32F4xx_HAL_Driver/Src/stm32f4xx_hal_spi.c ****   {
1543:Drivers/STM32F4xx_HAL_Driver/Src/stm32f4xx_hal_spi.c ****     /* Enable SPI peripheral */
1544:Drivers/STM32F4xx_HAL_Driver/Src/stm32f4xx_hal_spi.c ****     __HAL_SPI_ENABLE(hspi);
1545:Drivers/STM32F4xx_HAL_Driver/Src/stm32f4xx_hal_spi.c ****   }
1546:Drivers/STM32F4xx_HAL_Driver/Src/stm32f4xx_hal_spi.c **** 
1547:Drivers/STM32F4xx_HAL_Driver/Src/stm32f4xx_hal_spi.c ****   /* Process Unlocked */
1548:Drivers/STM32F4xx_HAL_Driver/Src/stm32f4xx_hal_spi.c ****   __HAL_UNLOCK(hspi);
1549:Drivers/STM32F4xx_HAL_Driver/Src/stm32f4xx_hal_spi.c ****   /* Enable RXNE and ERR interrupt */
1550:Drivers/STM32F4xx_HAL_Driver/Src/stm32f4xx_hal_spi.c ****   __HAL_SPI_ENABLE_IT(hspi, (SPI_IT_RXNE | SPI_IT_ERR));
1551:Drivers/STM32F4xx_HAL_Driver/Src/stm32f4xx_hal_spi.c **** 
1552:Drivers/STM32F4xx_HAL_Driver/Src/stm32f4xx_hal_spi.c ****   return HAL_OK;
1553:Drivers/STM32F4xx_HAL_Driver/Src/stm32f4xx_hal_spi.c **** }
1554:Drivers/STM32F4xx_HAL_Driver/Src/stm32f4xx_hal_spi.c **** 
1555:Drivers/STM32F4xx_HAL_Driver/Src/stm32f4xx_hal_spi.c **** /**
1556:Drivers/STM32F4xx_HAL_Driver/Src/stm32f4xx_hal_spi.c ****   * @brief  Transmit and Receive an amount of data in non-blocking mode with Interrupt.
1557:Drivers/STM32F4xx_HAL_Driver/Src/stm32f4xx_hal_spi.c ****   * @param  hspi pointer to a SPI_HandleTypeDef structure that contains
1558:Drivers/STM32F4xx_HAL_Driver/Src/stm32f4xx_hal_spi.c ****   *               the configuration information for SPI module.
1559:Drivers/STM32F4xx_HAL_Driver/Src/stm32f4xx_hal_spi.c ****   * @param  pTxData pointer to transmission data buffer (u8 or u16 data elements)
1560:Drivers/STM32F4xx_HAL_Driver/Src/stm32f4xx_hal_spi.c ****   * @param  pRxData pointer to reception data buffer (u8 or u16 data elements)
1561:Drivers/STM32F4xx_HAL_Driver/Src/stm32f4xx_hal_spi.c ****   * @param  Size amount of data elements (u8 or u16) to be sent and received
1562:Drivers/STM32F4xx_HAL_Driver/Src/stm32f4xx_hal_spi.c ****   * @retval HAL status
1563:Drivers/STM32F4xx_HAL_Driver/Src/stm32f4xx_hal_spi.c ****   */
1564:Drivers/STM32F4xx_HAL_Driver/Src/stm32f4xx_hal_spi.c **** HAL_StatusTypeDef HAL_SPI_TransmitReceive_IT(SPI_HandleTypeDef *hspi, const uint8_t *pTxData, uint8
1565:Drivers/STM32F4xx_HAL_Driver/Src/stm32f4xx_hal_spi.c ****                                              uint16_t Size)
1566:Drivers/STM32F4xx_HAL_Driver/Src/stm32f4xx_hal_spi.c **** {
1567:Drivers/STM32F4xx_HAL_Driver/Src/stm32f4xx_hal_spi.c ****   uint32_t             tmp_mode;
1568:Drivers/STM32F4xx_HAL_Driver/Src/stm32f4xx_hal_spi.c ****   HAL_SPI_StateTypeDef tmp_state;
1569:Drivers/STM32F4xx_HAL_Driver/Src/stm32f4xx_hal_spi.c **** 
ARM GAS  /tmp/cci2ucsl.s 			page 29


1570:Drivers/STM32F4xx_HAL_Driver/Src/stm32f4xx_hal_spi.c ****   /* Check Direction parameter */
1571:Drivers/STM32F4xx_HAL_Driver/Src/stm32f4xx_hal_spi.c ****   assert_param(IS_SPI_DIRECTION_2LINES(hspi->Init.Direction));
1572:Drivers/STM32F4xx_HAL_Driver/Src/stm32f4xx_hal_spi.c **** 
1573:Drivers/STM32F4xx_HAL_Driver/Src/stm32f4xx_hal_spi.c ****   /* Init temporary variables */
1574:Drivers/STM32F4xx_HAL_Driver/Src/stm32f4xx_hal_spi.c ****   tmp_state           = hspi->State;
1575:Drivers/STM32F4xx_HAL_Driver/Src/stm32f4xx_hal_spi.c ****   tmp_mode            = hspi->Init.Mode;
1576:Drivers/STM32F4xx_HAL_Driver/Src/stm32f4xx_hal_spi.c **** 
1577:Drivers/STM32F4xx_HAL_Driver/Src/stm32f4xx_hal_spi.c ****   if (!((tmp_state == HAL_SPI_STATE_READY) || \
1578:Drivers/STM32F4xx_HAL_Driver/Src/stm32f4xx_hal_spi.c ****         ((tmp_mode == SPI_MODE_MASTER) && (hspi->Init.Direction == SPI_DIRECTION_2LINES) &&
1579:Drivers/STM32F4xx_HAL_Driver/Src/stm32f4xx_hal_spi.c ****          (tmp_state == HAL_SPI_STATE_BUSY_RX))))
1580:Drivers/STM32F4xx_HAL_Driver/Src/stm32f4xx_hal_spi.c ****   {
1581:Drivers/STM32F4xx_HAL_Driver/Src/stm32f4xx_hal_spi.c ****     return HAL_BUSY;
1582:Drivers/STM32F4xx_HAL_Driver/Src/stm32f4xx_hal_spi.c ****   }
1583:Drivers/STM32F4xx_HAL_Driver/Src/stm32f4xx_hal_spi.c **** 
1584:Drivers/STM32F4xx_HAL_Driver/Src/stm32f4xx_hal_spi.c ****   if ((pTxData == NULL) || (pRxData == NULL) || (Size == 0U))
1585:Drivers/STM32F4xx_HAL_Driver/Src/stm32f4xx_hal_spi.c ****   {
1586:Drivers/STM32F4xx_HAL_Driver/Src/stm32f4xx_hal_spi.c ****     return HAL_ERROR;
1587:Drivers/STM32F4xx_HAL_Driver/Src/stm32f4xx_hal_spi.c ****   }
1588:Drivers/STM32F4xx_HAL_Driver/Src/stm32f4xx_hal_spi.c **** 
1589:Drivers/STM32F4xx_HAL_Driver/Src/stm32f4xx_hal_spi.c ****   /* Process locked */
1590:Drivers/STM32F4xx_HAL_Driver/Src/stm32f4xx_hal_spi.c ****   __HAL_LOCK(hspi);
1591:Drivers/STM32F4xx_HAL_Driver/Src/stm32f4xx_hal_spi.c **** 
1592:Drivers/STM32F4xx_HAL_Driver/Src/stm32f4xx_hal_spi.c ****   /* Don't overwrite in case of HAL_SPI_STATE_BUSY_RX */
1593:Drivers/STM32F4xx_HAL_Driver/Src/stm32f4xx_hal_spi.c ****   if (hspi->State != HAL_SPI_STATE_BUSY_RX)
1594:Drivers/STM32F4xx_HAL_Driver/Src/stm32f4xx_hal_spi.c ****   {
1595:Drivers/STM32F4xx_HAL_Driver/Src/stm32f4xx_hal_spi.c ****     hspi->State = HAL_SPI_STATE_BUSY_TX_RX;
1596:Drivers/STM32F4xx_HAL_Driver/Src/stm32f4xx_hal_spi.c ****   }
1597:Drivers/STM32F4xx_HAL_Driver/Src/stm32f4xx_hal_spi.c **** 
1598:Drivers/STM32F4xx_HAL_Driver/Src/stm32f4xx_hal_spi.c ****   /* Set the transaction information */
1599:Drivers/STM32F4xx_HAL_Driver/Src/stm32f4xx_hal_spi.c ****   hspi->ErrorCode   = HAL_SPI_ERROR_NONE;
1600:Drivers/STM32F4xx_HAL_Driver/Src/stm32f4xx_hal_spi.c ****   hspi->pTxBuffPtr  = (const uint8_t *)pTxData;
1601:Drivers/STM32F4xx_HAL_Driver/Src/stm32f4xx_hal_spi.c ****   hspi->TxXferSize  = Size;
1602:Drivers/STM32F4xx_HAL_Driver/Src/stm32f4xx_hal_spi.c ****   hspi->TxXferCount = Size;
1603:Drivers/STM32F4xx_HAL_Driver/Src/stm32f4xx_hal_spi.c ****   hspi->pRxBuffPtr  = (uint8_t *)pRxData;
1604:Drivers/STM32F4xx_HAL_Driver/Src/stm32f4xx_hal_spi.c ****   hspi->RxXferSize  = Size;
1605:Drivers/STM32F4xx_HAL_Driver/Src/stm32f4xx_hal_spi.c ****   hspi->RxXferCount = Size;
1606:Drivers/STM32F4xx_HAL_Driver/Src/stm32f4xx_hal_spi.c **** 
1607:Drivers/STM32F4xx_HAL_Driver/Src/stm32f4xx_hal_spi.c ****   /* Set the function for IT treatment */
1608:Drivers/STM32F4xx_HAL_Driver/Src/stm32f4xx_hal_spi.c ****   if (hspi->Init.DataSize > SPI_DATASIZE_8BIT)
1609:Drivers/STM32F4xx_HAL_Driver/Src/stm32f4xx_hal_spi.c ****   {
1610:Drivers/STM32F4xx_HAL_Driver/Src/stm32f4xx_hal_spi.c ****     hspi->RxISR     = SPI_2linesRxISR_16BIT;
1611:Drivers/STM32F4xx_HAL_Driver/Src/stm32f4xx_hal_spi.c ****     hspi->TxISR     = SPI_2linesTxISR_16BIT;
1612:Drivers/STM32F4xx_HAL_Driver/Src/stm32f4xx_hal_spi.c ****   }
1613:Drivers/STM32F4xx_HAL_Driver/Src/stm32f4xx_hal_spi.c ****   else
1614:Drivers/STM32F4xx_HAL_Driver/Src/stm32f4xx_hal_spi.c ****   {
1615:Drivers/STM32F4xx_HAL_Driver/Src/stm32f4xx_hal_spi.c ****     hspi->RxISR     = SPI_2linesRxISR_8BIT;
1616:Drivers/STM32F4xx_HAL_Driver/Src/stm32f4xx_hal_spi.c ****     hspi->TxISR     = SPI_2linesTxISR_8BIT;
1617:Drivers/STM32F4xx_HAL_Driver/Src/stm32f4xx_hal_spi.c ****   }
1618:Drivers/STM32F4xx_HAL_Driver/Src/stm32f4xx_hal_spi.c **** 
1619:Drivers/STM32F4xx_HAL_Driver/Src/stm32f4xx_hal_spi.c **** #if (USE_SPI_CRC != 0U)
1620:Drivers/STM32F4xx_HAL_Driver/Src/stm32f4xx_hal_spi.c ****   /* Reset CRC Calculation */
1621:Drivers/STM32F4xx_HAL_Driver/Src/stm32f4xx_hal_spi.c ****   if (hspi->Init.CRCCalculation == SPI_CRCCALCULATION_ENABLE)
1622:Drivers/STM32F4xx_HAL_Driver/Src/stm32f4xx_hal_spi.c ****   {
1623:Drivers/STM32F4xx_HAL_Driver/Src/stm32f4xx_hal_spi.c ****     SPI_RESET_CRC(hspi);
1624:Drivers/STM32F4xx_HAL_Driver/Src/stm32f4xx_hal_spi.c ****   }
1625:Drivers/STM32F4xx_HAL_Driver/Src/stm32f4xx_hal_spi.c **** #endif /* USE_SPI_CRC */
1626:Drivers/STM32F4xx_HAL_Driver/Src/stm32f4xx_hal_spi.c **** 
ARM GAS  /tmp/cci2ucsl.s 			page 30


1627:Drivers/STM32F4xx_HAL_Driver/Src/stm32f4xx_hal_spi.c **** 
1628:Drivers/STM32F4xx_HAL_Driver/Src/stm32f4xx_hal_spi.c ****   /* Check if the SPI is already enabled */
1629:Drivers/STM32F4xx_HAL_Driver/Src/stm32f4xx_hal_spi.c ****   if ((hspi->Instance->CR1 & SPI_CR1_SPE) != SPI_CR1_SPE)
1630:Drivers/STM32F4xx_HAL_Driver/Src/stm32f4xx_hal_spi.c ****   {
1631:Drivers/STM32F4xx_HAL_Driver/Src/stm32f4xx_hal_spi.c ****     /* Enable SPI peripheral */
1632:Drivers/STM32F4xx_HAL_Driver/Src/stm32f4xx_hal_spi.c ****     __HAL_SPI_ENABLE(hspi);
1633:Drivers/STM32F4xx_HAL_Driver/Src/stm32f4xx_hal_spi.c ****   }
1634:Drivers/STM32F4xx_HAL_Driver/Src/stm32f4xx_hal_spi.c **** 
1635:Drivers/STM32F4xx_HAL_Driver/Src/stm32f4xx_hal_spi.c ****   /* Process Unlocked */
1636:Drivers/STM32F4xx_HAL_Driver/Src/stm32f4xx_hal_spi.c ****   __HAL_UNLOCK(hspi);
1637:Drivers/STM32F4xx_HAL_Driver/Src/stm32f4xx_hal_spi.c ****   /* Enable TXE, RXNE and ERR interrupt */
1638:Drivers/STM32F4xx_HAL_Driver/Src/stm32f4xx_hal_spi.c ****   __HAL_SPI_ENABLE_IT(hspi, (SPI_IT_TXE | SPI_IT_RXNE | SPI_IT_ERR));
1639:Drivers/STM32F4xx_HAL_Driver/Src/stm32f4xx_hal_spi.c **** 
1640:Drivers/STM32F4xx_HAL_Driver/Src/stm32f4xx_hal_spi.c ****   return HAL_OK;
1641:Drivers/STM32F4xx_HAL_Driver/Src/stm32f4xx_hal_spi.c **** }
1642:Drivers/STM32F4xx_HAL_Driver/Src/stm32f4xx_hal_spi.c **** 
1643:Drivers/STM32F4xx_HAL_Driver/Src/stm32f4xx_hal_spi.c **** /**
1644:Drivers/STM32F4xx_HAL_Driver/Src/stm32f4xx_hal_spi.c ****   * @brief  Transmit an amount of data in non-blocking mode with DMA.
1645:Drivers/STM32F4xx_HAL_Driver/Src/stm32f4xx_hal_spi.c ****   * @param  hspi pointer to a SPI_HandleTypeDef structure that contains
1646:Drivers/STM32F4xx_HAL_Driver/Src/stm32f4xx_hal_spi.c ****   *               the configuration information for SPI module.
1647:Drivers/STM32F4xx_HAL_Driver/Src/stm32f4xx_hal_spi.c ****   * @param  pData pointer to data buffer  (u8 or u16 data elements)
1648:Drivers/STM32F4xx_HAL_Driver/Src/stm32f4xx_hal_spi.c ****   * @param  Size amount of data elements (u8 or u16) to be sent
1649:Drivers/STM32F4xx_HAL_Driver/Src/stm32f4xx_hal_spi.c ****   * @retval HAL status
1650:Drivers/STM32F4xx_HAL_Driver/Src/stm32f4xx_hal_spi.c ****   */
1651:Drivers/STM32F4xx_HAL_Driver/Src/stm32f4xx_hal_spi.c **** HAL_StatusTypeDef HAL_SPI_Transmit_DMA(SPI_HandleTypeDef *hspi, const uint8_t *pData, uint16_t Size
1652:Drivers/STM32F4xx_HAL_Driver/Src/stm32f4xx_hal_spi.c **** {
1653:Drivers/STM32F4xx_HAL_Driver/Src/stm32f4xx_hal_spi.c **** 
1654:Drivers/STM32F4xx_HAL_Driver/Src/stm32f4xx_hal_spi.c ****   /* Check tx dma handle */
1655:Drivers/STM32F4xx_HAL_Driver/Src/stm32f4xx_hal_spi.c ****   assert_param(IS_SPI_DMA_HANDLE(hspi->hdmatx));
1656:Drivers/STM32F4xx_HAL_Driver/Src/stm32f4xx_hal_spi.c **** 
1657:Drivers/STM32F4xx_HAL_Driver/Src/stm32f4xx_hal_spi.c ****   /* Check Direction parameter */
1658:Drivers/STM32F4xx_HAL_Driver/Src/stm32f4xx_hal_spi.c ****   assert_param(IS_SPI_DIRECTION_2LINES_OR_1LINE(hspi->Init.Direction));
1659:Drivers/STM32F4xx_HAL_Driver/Src/stm32f4xx_hal_spi.c **** 
1660:Drivers/STM32F4xx_HAL_Driver/Src/stm32f4xx_hal_spi.c ****   if (hspi->State != HAL_SPI_STATE_READY)
1661:Drivers/STM32F4xx_HAL_Driver/Src/stm32f4xx_hal_spi.c ****   {
1662:Drivers/STM32F4xx_HAL_Driver/Src/stm32f4xx_hal_spi.c ****     return HAL_BUSY;
1663:Drivers/STM32F4xx_HAL_Driver/Src/stm32f4xx_hal_spi.c ****   }
1664:Drivers/STM32F4xx_HAL_Driver/Src/stm32f4xx_hal_spi.c **** 
1665:Drivers/STM32F4xx_HAL_Driver/Src/stm32f4xx_hal_spi.c ****   if ((pData == NULL) || (Size == 0U))
1666:Drivers/STM32F4xx_HAL_Driver/Src/stm32f4xx_hal_spi.c ****   {
1667:Drivers/STM32F4xx_HAL_Driver/Src/stm32f4xx_hal_spi.c ****     return HAL_ERROR;
1668:Drivers/STM32F4xx_HAL_Driver/Src/stm32f4xx_hal_spi.c ****   }
1669:Drivers/STM32F4xx_HAL_Driver/Src/stm32f4xx_hal_spi.c **** 
1670:Drivers/STM32F4xx_HAL_Driver/Src/stm32f4xx_hal_spi.c ****   /* Process Locked */
1671:Drivers/STM32F4xx_HAL_Driver/Src/stm32f4xx_hal_spi.c ****   __HAL_LOCK(hspi);
1672:Drivers/STM32F4xx_HAL_Driver/Src/stm32f4xx_hal_spi.c **** 
1673:Drivers/STM32F4xx_HAL_Driver/Src/stm32f4xx_hal_spi.c ****   /* Set the transaction information */
1674:Drivers/STM32F4xx_HAL_Driver/Src/stm32f4xx_hal_spi.c ****   hspi->State       = HAL_SPI_STATE_BUSY_TX;
1675:Drivers/STM32F4xx_HAL_Driver/Src/stm32f4xx_hal_spi.c ****   hspi->ErrorCode   = HAL_SPI_ERROR_NONE;
1676:Drivers/STM32F4xx_HAL_Driver/Src/stm32f4xx_hal_spi.c ****   hspi->pTxBuffPtr  = (const uint8_t *)pData;
1677:Drivers/STM32F4xx_HAL_Driver/Src/stm32f4xx_hal_spi.c ****   hspi->TxXferSize  = Size;
1678:Drivers/STM32F4xx_HAL_Driver/Src/stm32f4xx_hal_spi.c ****   hspi->TxXferCount = Size;
1679:Drivers/STM32F4xx_HAL_Driver/Src/stm32f4xx_hal_spi.c **** 
1680:Drivers/STM32F4xx_HAL_Driver/Src/stm32f4xx_hal_spi.c ****   /* Init field not used in handle to zero */
1681:Drivers/STM32F4xx_HAL_Driver/Src/stm32f4xx_hal_spi.c ****   hspi->pRxBuffPtr  = (uint8_t *)NULL;
1682:Drivers/STM32F4xx_HAL_Driver/Src/stm32f4xx_hal_spi.c ****   hspi->TxISR       = NULL;
1683:Drivers/STM32F4xx_HAL_Driver/Src/stm32f4xx_hal_spi.c ****   hspi->RxISR       = NULL;
ARM GAS  /tmp/cci2ucsl.s 			page 31


1684:Drivers/STM32F4xx_HAL_Driver/Src/stm32f4xx_hal_spi.c ****   hspi->RxXferSize  = 0U;
1685:Drivers/STM32F4xx_HAL_Driver/Src/stm32f4xx_hal_spi.c ****   hspi->RxXferCount = 0U;
1686:Drivers/STM32F4xx_HAL_Driver/Src/stm32f4xx_hal_spi.c **** 
1687:Drivers/STM32F4xx_HAL_Driver/Src/stm32f4xx_hal_spi.c ****   /* Configure communication direction : 1Line */
1688:Drivers/STM32F4xx_HAL_Driver/Src/stm32f4xx_hal_spi.c ****   if (hspi->Init.Direction == SPI_DIRECTION_1LINE)
1689:Drivers/STM32F4xx_HAL_Driver/Src/stm32f4xx_hal_spi.c ****   {
1690:Drivers/STM32F4xx_HAL_Driver/Src/stm32f4xx_hal_spi.c ****     /* Disable SPI Peripheral before set 1Line direction (BIDIOE bit) */
1691:Drivers/STM32F4xx_HAL_Driver/Src/stm32f4xx_hal_spi.c ****     __HAL_SPI_DISABLE(hspi);
1692:Drivers/STM32F4xx_HAL_Driver/Src/stm32f4xx_hal_spi.c ****     SPI_1LINE_TX(hspi);
1693:Drivers/STM32F4xx_HAL_Driver/Src/stm32f4xx_hal_spi.c ****   }
1694:Drivers/STM32F4xx_HAL_Driver/Src/stm32f4xx_hal_spi.c **** 
1695:Drivers/STM32F4xx_HAL_Driver/Src/stm32f4xx_hal_spi.c **** #if (USE_SPI_CRC != 0U)
1696:Drivers/STM32F4xx_HAL_Driver/Src/stm32f4xx_hal_spi.c ****   /* Reset CRC Calculation */
1697:Drivers/STM32F4xx_HAL_Driver/Src/stm32f4xx_hal_spi.c ****   if (hspi->Init.CRCCalculation == SPI_CRCCALCULATION_ENABLE)
1698:Drivers/STM32F4xx_HAL_Driver/Src/stm32f4xx_hal_spi.c ****   {
1699:Drivers/STM32F4xx_HAL_Driver/Src/stm32f4xx_hal_spi.c ****     SPI_RESET_CRC(hspi);
1700:Drivers/STM32F4xx_HAL_Driver/Src/stm32f4xx_hal_spi.c ****   }
1701:Drivers/STM32F4xx_HAL_Driver/Src/stm32f4xx_hal_spi.c **** #endif /* USE_SPI_CRC */
1702:Drivers/STM32F4xx_HAL_Driver/Src/stm32f4xx_hal_spi.c **** 
1703:Drivers/STM32F4xx_HAL_Driver/Src/stm32f4xx_hal_spi.c ****   /* Set the SPI TxDMA Half transfer complete callback */
1704:Drivers/STM32F4xx_HAL_Driver/Src/stm32f4xx_hal_spi.c ****   hspi->hdmatx->XferHalfCpltCallback = SPI_DMAHalfTransmitCplt;
1705:Drivers/STM32F4xx_HAL_Driver/Src/stm32f4xx_hal_spi.c **** 
1706:Drivers/STM32F4xx_HAL_Driver/Src/stm32f4xx_hal_spi.c ****   /* Set the SPI TxDMA transfer complete callback */
1707:Drivers/STM32F4xx_HAL_Driver/Src/stm32f4xx_hal_spi.c ****   hspi->hdmatx->XferCpltCallback = SPI_DMATransmitCplt;
1708:Drivers/STM32F4xx_HAL_Driver/Src/stm32f4xx_hal_spi.c **** 
1709:Drivers/STM32F4xx_HAL_Driver/Src/stm32f4xx_hal_spi.c ****   /* Set the DMA error callback */
1710:Drivers/STM32F4xx_HAL_Driver/Src/stm32f4xx_hal_spi.c ****   hspi->hdmatx->XferErrorCallback = SPI_DMAError;
1711:Drivers/STM32F4xx_HAL_Driver/Src/stm32f4xx_hal_spi.c **** 
1712:Drivers/STM32F4xx_HAL_Driver/Src/stm32f4xx_hal_spi.c ****   /* Set the DMA AbortCpltCallback */
1713:Drivers/STM32F4xx_HAL_Driver/Src/stm32f4xx_hal_spi.c ****   hspi->hdmatx->XferAbortCallback = NULL;
1714:Drivers/STM32F4xx_HAL_Driver/Src/stm32f4xx_hal_spi.c **** 
1715:Drivers/STM32F4xx_HAL_Driver/Src/stm32f4xx_hal_spi.c ****   /* Enable the Tx DMA Stream/Channel */
1716:Drivers/STM32F4xx_HAL_Driver/Src/stm32f4xx_hal_spi.c ****   if (HAL_OK != HAL_DMA_Start_IT(hspi->hdmatx, (uint32_t)hspi->pTxBuffPtr, (uint32_t)&hspi->Instanc
1717:Drivers/STM32F4xx_HAL_Driver/Src/stm32f4xx_hal_spi.c ****                                  hspi->TxXferCount))
1718:Drivers/STM32F4xx_HAL_Driver/Src/stm32f4xx_hal_spi.c ****   {
1719:Drivers/STM32F4xx_HAL_Driver/Src/stm32f4xx_hal_spi.c ****     /* Update SPI error code */
1720:Drivers/STM32F4xx_HAL_Driver/Src/stm32f4xx_hal_spi.c ****     SET_BIT(hspi->ErrorCode, HAL_SPI_ERROR_DMA);
1721:Drivers/STM32F4xx_HAL_Driver/Src/stm32f4xx_hal_spi.c ****     /* Process Unlocked */
1722:Drivers/STM32F4xx_HAL_Driver/Src/stm32f4xx_hal_spi.c ****     __HAL_UNLOCK(hspi);
1723:Drivers/STM32F4xx_HAL_Driver/Src/stm32f4xx_hal_spi.c ****     return HAL_ERROR;
1724:Drivers/STM32F4xx_HAL_Driver/Src/stm32f4xx_hal_spi.c ****   }
1725:Drivers/STM32F4xx_HAL_Driver/Src/stm32f4xx_hal_spi.c **** 
1726:Drivers/STM32F4xx_HAL_Driver/Src/stm32f4xx_hal_spi.c ****   /* Check if the SPI is already enabled */
1727:Drivers/STM32F4xx_HAL_Driver/Src/stm32f4xx_hal_spi.c ****   if ((hspi->Instance->CR1 & SPI_CR1_SPE) != SPI_CR1_SPE)
1728:Drivers/STM32F4xx_HAL_Driver/Src/stm32f4xx_hal_spi.c ****   {
1729:Drivers/STM32F4xx_HAL_Driver/Src/stm32f4xx_hal_spi.c ****     /* Enable SPI peripheral */
1730:Drivers/STM32F4xx_HAL_Driver/Src/stm32f4xx_hal_spi.c ****     __HAL_SPI_ENABLE(hspi);
1731:Drivers/STM32F4xx_HAL_Driver/Src/stm32f4xx_hal_spi.c ****   }
1732:Drivers/STM32F4xx_HAL_Driver/Src/stm32f4xx_hal_spi.c **** 
1733:Drivers/STM32F4xx_HAL_Driver/Src/stm32f4xx_hal_spi.c ****   /* Process Unlocked */
1734:Drivers/STM32F4xx_HAL_Driver/Src/stm32f4xx_hal_spi.c ****   __HAL_UNLOCK(hspi);
1735:Drivers/STM32F4xx_HAL_Driver/Src/stm32f4xx_hal_spi.c **** 
1736:Drivers/STM32F4xx_HAL_Driver/Src/stm32f4xx_hal_spi.c ****   /* Enable the SPI Error Interrupt Bit */
1737:Drivers/STM32F4xx_HAL_Driver/Src/stm32f4xx_hal_spi.c ****   __HAL_SPI_ENABLE_IT(hspi, (SPI_IT_ERR));
1738:Drivers/STM32F4xx_HAL_Driver/Src/stm32f4xx_hal_spi.c **** 
1739:Drivers/STM32F4xx_HAL_Driver/Src/stm32f4xx_hal_spi.c ****   /* Enable Tx DMA Request */
1740:Drivers/STM32F4xx_HAL_Driver/Src/stm32f4xx_hal_spi.c ****   SET_BIT(hspi->Instance->CR2, SPI_CR2_TXDMAEN);
ARM GAS  /tmp/cci2ucsl.s 			page 32


1741:Drivers/STM32F4xx_HAL_Driver/Src/stm32f4xx_hal_spi.c **** 
1742:Drivers/STM32F4xx_HAL_Driver/Src/stm32f4xx_hal_spi.c ****   return HAL_OK;
1743:Drivers/STM32F4xx_HAL_Driver/Src/stm32f4xx_hal_spi.c **** }
1744:Drivers/STM32F4xx_HAL_Driver/Src/stm32f4xx_hal_spi.c **** 
1745:Drivers/STM32F4xx_HAL_Driver/Src/stm32f4xx_hal_spi.c **** /**
1746:Drivers/STM32F4xx_HAL_Driver/Src/stm32f4xx_hal_spi.c ****   * @brief  Receive an amount of data in non-blocking mode with DMA.
1747:Drivers/STM32F4xx_HAL_Driver/Src/stm32f4xx_hal_spi.c ****   * @note   In case of MASTER mode and SPI_DIRECTION_2LINES direction, hdmatx shall be defined.
1748:Drivers/STM32F4xx_HAL_Driver/Src/stm32f4xx_hal_spi.c ****   * @param  hspi pointer to a SPI_HandleTypeDef structure that contains
1749:Drivers/STM32F4xx_HAL_Driver/Src/stm32f4xx_hal_spi.c ****   *               the configuration information for SPI module.
1750:Drivers/STM32F4xx_HAL_Driver/Src/stm32f4xx_hal_spi.c ****   * @param  pData pointer to data buffer (u8 or u16 data elements)
1751:Drivers/STM32F4xx_HAL_Driver/Src/stm32f4xx_hal_spi.c ****   * @note   When the CRC feature is enabled the pData Length must be Size + 1.
1752:Drivers/STM32F4xx_HAL_Driver/Src/stm32f4xx_hal_spi.c ****   * @param  Size amount of data elements (u8 or u16) to be received
1753:Drivers/STM32F4xx_HAL_Driver/Src/stm32f4xx_hal_spi.c ****   * @retval HAL status
1754:Drivers/STM32F4xx_HAL_Driver/Src/stm32f4xx_hal_spi.c ****   */
1755:Drivers/STM32F4xx_HAL_Driver/Src/stm32f4xx_hal_spi.c **** HAL_StatusTypeDef HAL_SPI_Receive_DMA(SPI_HandleTypeDef *hspi, uint8_t *pData, uint16_t Size)
1756:Drivers/STM32F4xx_HAL_Driver/Src/stm32f4xx_hal_spi.c **** {
1757:Drivers/STM32F4xx_HAL_Driver/Src/stm32f4xx_hal_spi.c ****   /* Check rx dma handle */
1758:Drivers/STM32F4xx_HAL_Driver/Src/stm32f4xx_hal_spi.c ****   assert_param(IS_SPI_DMA_HANDLE(hspi->hdmarx));
1759:Drivers/STM32F4xx_HAL_Driver/Src/stm32f4xx_hal_spi.c **** 
1760:Drivers/STM32F4xx_HAL_Driver/Src/stm32f4xx_hal_spi.c ****   if (hspi->State != HAL_SPI_STATE_READY)
1761:Drivers/STM32F4xx_HAL_Driver/Src/stm32f4xx_hal_spi.c ****   {
1762:Drivers/STM32F4xx_HAL_Driver/Src/stm32f4xx_hal_spi.c ****     return HAL_BUSY;
1763:Drivers/STM32F4xx_HAL_Driver/Src/stm32f4xx_hal_spi.c ****   }
1764:Drivers/STM32F4xx_HAL_Driver/Src/stm32f4xx_hal_spi.c **** 
1765:Drivers/STM32F4xx_HAL_Driver/Src/stm32f4xx_hal_spi.c ****   if ((pData == NULL) || (Size == 0U))
1766:Drivers/STM32F4xx_HAL_Driver/Src/stm32f4xx_hal_spi.c ****   {
1767:Drivers/STM32F4xx_HAL_Driver/Src/stm32f4xx_hal_spi.c ****     return HAL_ERROR;
1768:Drivers/STM32F4xx_HAL_Driver/Src/stm32f4xx_hal_spi.c ****   }
1769:Drivers/STM32F4xx_HAL_Driver/Src/stm32f4xx_hal_spi.c **** 
1770:Drivers/STM32F4xx_HAL_Driver/Src/stm32f4xx_hal_spi.c ****   if ((hspi->Init.Direction == SPI_DIRECTION_2LINES) && (hspi->Init.Mode == SPI_MODE_MASTER))
1771:Drivers/STM32F4xx_HAL_Driver/Src/stm32f4xx_hal_spi.c ****   {
1772:Drivers/STM32F4xx_HAL_Driver/Src/stm32f4xx_hal_spi.c ****     hspi->State = HAL_SPI_STATE_BUSY_RX;
1773:Drivers/STM32F4xx_HAL_Driver/Src/stm32f4xx_hal_spi.c **** 
1774:Drivers/STM32F4xx_HAL_Driver/Src/stm32f4xx_hal_spi.c ****     /* Check tx dma handle */
1775:Drivers/STM32F4xx_HAL_Driver/Src/stm32f4xx_hal_spi.c ****     assert_param(IS_SPI_DMA_HANDLE(hspi->hdmatx));
1776:Drivers/STM32F4xx_HAL_Driver/Src/stm32f4xx_hal_spi.c **** 
1777:Drivers/STM32F4xx_HAL_Driver/Src/stm32f4xx_hal_spi.c ****     /* Call transmit-receive function to send Dummy data on Tx line and generate clock on CLK line 
1778:Drivers/STM32F4xx_HAL_Driver/Src/stm32f4xx_hal_spi.c ****     return HAL_SPI_TransmitReceive_DMA(hspi, pData, pData, Size);
1779:Drivers/STM32F4xx_HAL_Driver/Src/stm32f4xx_hal_spi.c ****   }
1780:Drivers/STM32F4xx_HAL_Driver/Src/stm32f4xx_hal_spi.c **** 
1781:Drivers/STM32F4xx_HAL_Driver/Src/stm32f4xx_hal_spi.c ****   /* Process Locked */
1782:Drivers/STM32F4xx_HAL_Driver/Src/stm32f4xx_hal_spi.c ****   __HAL_LOCK(hspi);
1783:Drivers/STM32F4xx_HAL_Driver/Src/stm32f4xx_hal_spi.c **** 
1784:Drivers/STM32F4xx_HAL_Driver/Src/stm32f4xx_hal_spi.c ****   /* Set the transaction information */
1785:Drivers/STM32F4xx_HAL_Driver/Src/stm32f4xx_hal_spi.c ****   hspi->State       = HAL_SPI_STATE_BUSY_RX;
1786:Drivers/STM32F4xx_HAL_Driver/Src/stm32f4xx_hal_spi.c ****   hspi->ErrorCode   = HAL_SPI_ERROR_NONE;
1787:Drivers/STM32F4xx_HAL_Driver/Src/stm32f4xx_hal_spi.c ****   hspi->pRxBuffPtr  = (uint8_t *)pData;
1788:Drivers/STM32F4xx_HAL_Driver/Src/stm32f4xx_hal_spi.c ****   hspi->RxXferSize  = Size;
1789:Drivers/STM32F4xx_HAL_Driver/Src/stm32f4xx_hal_spi.c ****   hspi->RxXferCount = Size;
1790:Drivers/STM32F4xx_HAL_Driver/Src/stm32f4xx_hal_spi.c **** 
1791:Drivers/STM32F4xx_HAL_Driver/Src/stm32f4xx_hal_spi.c ****   /*Init field not used in handle to zero */
1792:Drivers/STM32F4xx_HAL_Driver/Src/stm32f4xx_hal_spi.c ****   hspi->RxISR       = NULL;
1793:Drivers/STM32F4xx_HAL_Driver/Src/stm32f4xx_hal_spi.c ****   hspi->TxISR       = NULL;
1794:Drivers/STM32F4xx_HAL_Driver/Src/stm32f4xx_hal_spi.c ****   hspi->TxXferSize  = 0U;
1795:Drivers/STM32F4xx_HAL_Driver/Src/stm32f4xx_hal_spi.c ****   hspi->TxXferCount = 0U;
1796:Drivers/STM32F4xx_HAL_Driver/Src/stm32f4xx_hal_spi.c **** 
1797:Drivers/STM32F4xx_HAL_Driver/Src/stm32f4xx_hal_spi.c ****   /* Configure communication direction : 1Line */
ARM GAS  /tmp/cci2ucsl.s 			page 33


1798:Drivers/STM32F4xx_HAL_Driver/Src/stm32f4xx_hal_spi.c ****   if (hspi->Init.Direction == SPI_DIRECTION_1LINE)
1799:Drivers/STM32F4xx_HAL_Driver/Src/stm32f4xx_hal_spi.c ****   {
1800:Drivers/STM32F4xx_HAL_Driver/Src/stm32f4xx_hal_spi.c ****     /* Disable SPI Peripheral before set 1Line direction (BIDIOE bit) */
1801:Drivers/STM32F4xx_HAL_Driver/Src/stm32f4xx_hal_spi.c ****     __HAL_SPI_DISABLE(hspi);
1802:Drivers/STM32F4xx_HAL_Driver/Src/stm32f4xx_hal_spi.c ****     SPI_1LINE_RX(hspi);
1803:Drivers/STM32F4xx_HAL_Driver/Src/stm32f4xx_hal_spi.c ****   }
1804:Drivers/STM32F4xx_HAL_Driver/Src/stm32f4xx_hal_spi.c **** 
1805:Drivers/STM32F4xx_HAL_Driver/Src/stm32f4xx_hal_spi.c **** #if (USE_SPI_CRC != 0U)
1806:Drivers/STM32F4xx_HAL_Driver/Src/stm32f4xx_hal_spi.c ****   /* Reset CRC Calculation */
1807:Drivers/STM32F4xx_HAL_Driver/Src/stm32f4xx_hal_spi.c ****   if (hspi->Init.CRCCalculation == SPI_CRCCALCULATION_ENABLE)
1808:Drivers/STM32F4xx_HAL_Driver/Src/stm32f4xx_hal_spi.c ****   {
1809:Drivers/STM32F4xx_HAL_Driver/Src/stm32f4xx_hal_spi.c ****     SPI_RESET_CRC(hspi);
1810:Drivers/STM32F4xx_HAL_Driver/Src/stm32f4xx_hal_spi.c ****   }
1811:Drivers/STM32F4xx_HAL_Driver/Src/stm32f4xx_hal_spi.c **** #endif /* USE_SPI_CRC */
1812:Drivers/STM32F4xx_HAL_Driver/Src/stm32f4xx_hal_spi.c **** 
1813:Drivers/STM32F4xx_HAL_Driver/Src/stm32f4xx_hal_spi.c ****   /* Set the SPI RxDMA Half transfer complete callback */
1814:Drivers/STM32F4xx_HAL_Driver/Src/stm32f4xx_hal_spi.c ****   hspi->hdmarx->XferHalfCpltCallback = SPI_DMAHalfReceiveCplt;
1815:Drivers/STM32F4xx_HAL_Driver/Src/stm32f4xx_hal_spi.c **** 
1816:Drivers/STM32F4xx_HAL_Driver/Src/stm32f4xx_hal_spi.c ****   /* Set the SPI Rx DMA transfer complete callback */
1817:Drivers/STM32F4xx_HAL_Driver/Src/stm32f4xx_hal_spi.c ****   hspi->hdmarx->XferCpltCallback = SPI_DMAReceiveCplt;
1818:Drivers/STM32F4xx_HAL_Driver/Src/stm32f4xx_hal_spi.c **** 
1819:Drivers/STM32F4xx_HAL_Driver/Src/stm32f4xx_hal_spi.c ****   /* Set the DMA error callback */
1820:Drivers/STM32F4xx_HAL_Driver/Src/stm32f4xx_hal_spi.c ****   hspi->hdmarx->XferErrorCallback = SPI_DMAError;
1821:Drivers/STM32F4xx_HAL_Driver/Src/stm32f4xx_hal_spi.c **** 
1822:Drivers/STM32F4xx_HAL_Driver/Src/stm32f4xx_hal_spi.c ****   /* Set the DMA AbortCpltCallback */
1823:Drivers/STM32F4xx_HAL_Driver/Src/stm32f4xx_hal_spi.c ****   hspi->hdmarx->XferAbortCallback = NULL;
1824:Drivers/STM32F4xx_HAL_Driver/Src/stm32f4xx_hal_spi.c **** 
1825:Drivers/STM32F4xx_HAL_Driver/Src/stm32f4xx_hal_spi.c ****   /* Enable the Rx DMA Stream/Channel  */
1826:Drivers/STM32F4xx_HAL_Driver/Src/stm32f4xx_hal_spi.c ****   if (HAL_OK != HAL_DMA_Start_IT(hspi->hdmarx, (uint32_t)&hspi->Instance->DR, (uint32_t)hspi->pRxBu
1827:Drivers/STM32F4xx_HAL_Driver/Src/stm32f4xx_hal_spi.c ****                                  hspi->RxXferCount))
1828:Drivers/STM32F4xx_HAL_Driver/Src/stm32f4xx_hal_spi.c ****   {
1829:Drivers/STM32F4xx_HAL_Driver/Src/stm32f4xx_hal_spi.c ****     /* Update SPI error code */
1830:Drivers/STM32F4xx_HAL_Driver/Src/stm32f4xx_hal_spi.c ****     SET_BIT(hspi->ErrorCode, HAL_SPI_ERROR_DMA);
1831:Drivers/STM32F4xx_HAL_Driver/Src/stm32f4xx_hal_spi.c ****     /* Process Unlocked */
1832:Drivers/STM32F4xx_HAL_Driver/Src/stm32f4xx_hal_spi.c ****     __HAL_UNLOCK(hspi);
1833:Drivers/STM32F4xx_HAL_Driver/Src/stm32f4xx_hal_spi.c ****     return HAL_ERROR;
1834:Drivers/STM32F4xx_HAL_Driver/Src/stm32f4xx_hal_spi.c ****   }
1835:Drivers/STM32F4xx_HAL_Driver/Src/stm32f4xx_hal_spi.c **** 
1836:Drivers/STM32F4xx_HAL_Driver/Src/stm32f4xx_hal_spi.c ****   /* Check if the SPI is already enabled */
1837:Drivers/STM32F4xx_HAL_Driver/Src/stm32f4xx_hal_spi.c ****   if ((hspi->Instance->CR1 & SPI_CR1_SPE) != SPI_CR1_SPE)
1838:Drivers/STM32F4xx_HAL_Driver/Src/stm32f4xx_hal_spi.c ****   {
1839:Drivers/STM32F4xx_HAL_Driver/Src/stm32f4xx_hal_spi.c ****     /* Enable SPI peripheral */
1840:Drivers/STM32F4xx_HAL_Driver/Src/stm32f4xx_hal_spi.c ****     __HAL_SPI_ENABLE(hspi);
1841:Drivers/STM32F4xx_HAL_Driver/Src/stm32f4xx_hal_spi.c ****   }
1842:Drivers/STM32F4xx_HAL_Driver/Src/stm32f4xx_hal_spi.c **** 
1843:Drivers/STM32F4xx_HAL_Driver/Src/stm32f4xx_hal_spi.c ****   /* Process Unlocked */
1844:Drivers/STM32F4xx_HAL_Driver/Src/stm32f4xx_hal_spi.c ****   __HAL_UNLOCK(hspi);
1845:Drivers/STM32F4xx_HAL_Driver/Src/stm32f4xx_hal_spi.c **** 
1846:Drivers/STM32F4xx_HAL_Driver/Src/stm32f4xx_hal_spi.c ****   /* Enable the SPI Error Interrupt Bit */
1847:Drivers/STM32F4xx_HAL_Driver/Src/stm32f4xx_hal_spi.c ****   __HAL_SPI_ENABLE_IT(hspi, (SPI_IT_ERR));
1848:Drivers/STM32F4xx_HAL_Driver/Src/stm32f4xx_hal_spi.c **** 
1849:Drivers/STM32F4xx_HAL_Driver/Src/stm32f4xx_hal_spi.c ****   /* Enable Rx DMA Request */
1850:Drivers/STM32F4xx_HAL_Driver/Src/stm32f4xx_hal_spi.c ****   SET_BIT(hspi->Instance->CR2, SPI_CR2_RXDMAEN);
1851:Drivers/STM32F4xx_HAL_Driver/Src/stm32f4xx_hal_spi.c **** 
1852:Drivers/STM32F4xx_HAL_Driver/Src/stm32f4xx_hal_spi.c ****   return HAL_OK;
1853:Drivers/STM32F4xx_HAL_Driver/Src/stm32f4xx_hal_spi.c **** }
1854:Drivers/STM32F4xx_HAL_Driver/Src/stm32f4xx_hal_spi.c **** 
ARM GAS  /tmp/cci2ucsl.s 			page 34


1855:Drivers/STM32F4xx_HAL_Driver/Src/stm32f4xx_hal_spi.c **** /**
1856:Drivers/STM32F4xx_HAL_Driver/Src/stm32f4xx_hal_spi.c ****   * @brief  Transmit and Receive an amount of data in non-blocking mode with DMA.
1857:Drivers/STM32F4xx_HAL_Driver/Src/stm32f4xx_hal_spi.c ****   * @param  hspi pointer to a SPI_HandleTypeDef structure that contains
1858:Drivers/STM32F4xx_HAL_Driver/Src/stm32f4xx_hal_spi.c ****   *               the configuration information for SPI module.
1859:Drivers/STM32F4xx_HAL_Driver/Src/stm32f4xx_hal_spi.c ****   * @param  pTxData pointer to transmission data buffer (u8 or u16 data elements)
1860:Drivers/STM32F4xx_HAL_Driver/Src/stm32f4xx_hal_spi.c ****   * @param  pRxData pointer to reception data buffer (u8 or u16 data elements)
1861:Drivers/STM32F4xx_HAL_Driver/Src/stm32f4xx_hal_spi.c ****   * @note   When the CRC feature is enabled the pRxData Length must be Size + 1
1862:Drivers/STM32F4xx_HAL_Driver/Src/stm32f4xx_hal_spi.c ****   * @param  Size amount of data elements (u8 or u16) to be sent and received
1863:Drivers/STM32F4xx_HAL_Driver/Src/stm32f4xx_hal_spi.c ****   * @retval HAL status
1864:Drivers/STM32F4xx_HAL_Driver/Src/stm32f4xx_hal_spi.c ****   */
1865:Drivers/STM32F4xx_HAL_Driver/Src/stm32f4xx_hal_spi.c **** HAL_StatusTypeDef HAL_SPI_TransmitReceive_DMA(SPI_HandleTypeDef *hspi, const uint8_t *pTxData, uint
1866:Drivers/STM32F4xx_HAL_Driver/Src/stm32f4xx_hal_spi.c ****                                               uint16_t Size)
1867:Drivers/STM32F4xx_HAL_Driver/Src/stm32f4xx_hal_spi.c **** {
1868:Drivers/STM32F4xx_HAL_Driver/Src/stm32f4xx_hal_spi.c ****   uint32_t             tmp_mode;
1869:Drivers/STM32F4xx_HAL_Driver/Src/stm32f4xx_hal_spi.c ****   HAL_SPI_StateTypeDef tmp_state;
1870:Drivers/STM32F4xx_HAL_Driver/Src/stm32f4xx_hal_spi.c **** 
1871:Drivers/STM32F4xx_HAL_Driver/Src/stm32f4xx_hal_spi.c ****   /* Check rx & tx dma handles */
1872:Drivers/STM32F4xx_HAL_Driver/Src/stm32f4xx_hal_spi.c ****   assert_param(IS_SPI_DMA_HANDLE(hspi->hdmarx));
1873:Drivers/STM32F4xx_HAL_Driver/Src/stm32f4xx_hal_spi.c ****   assert_param(IS_SPI_DMA_HANDLE(hspi->hdmatx));
1874:Drivers/STM32F4xx_HAL_Driver/Src/stm32f4xx_hal_spi.c **** 
1875:Drivers/STM32F4xx_HAL_Driver/Src/stm32f4xx_hal_spi.c ****   /* Check Direction parameter */
1876:Drivers/STM32F4xx_HAL_Driver/Src/stm32f4xx_hal_spi.c ****   assert_param(IS_SPI_DIRECTION_2LINES(hspi->Init.Direction));
1877:Drivers/STM32F4xx_HAL_Driver/Src/stm32f4xx_hal_spi.c **** 
1878:Drivers/STM32F4xx_HAL_Driver/Src/stm32f4xx_hal_spi.c ****   /* Init temporary variables */
1879:Drivers/STM32F4xx_HAL_Driver/Src/stm32f4xx_hal_spi.c ****   tmp_state           = hspi->State;
1880:Drivers/STM32F4xx_HAL_Driver/Src/stm32f4xx_hal_spi.c ****   tmp_mode            = hspi->Init.Mode;
1881:Drivers/STM32F4xx_HAL_Driver/Src/stm32f4xx_hal_spi.c **** 
1882:Drivers/STM32F4xx_HAL_Driver/Src/stm32f4xx_hal_spi.c ****   if (!((tmp_state == HAL_SPI_STATE_READY) ||
1883:Drivers/STM32F4xx_HAL_Driver/Src/stm32f4xx_hal_spi.c ****         ((tmp_mode == SPI_MODE_MASTER) && (hspi->Init.Direction == SPI_DIRECTION_2LINES) &&
1884:Drivers/STM32F4xx_HAL_Driver/Src/stm32f4xx_hal_spi.c ****          (tmp_state == HAL_SPI_STATE_BUSY_RX))))
1885:Drivers/STM32F4xx_HAL_Driver/Src/stm32f4xx_hal_spi.c ****   {
1886:Drivers/STM32F4xx_HAL_Driver/Src/stm32f4xx_hal_spi.c ****     return HAL_BUSY;
1887:Drivers/STM32F4xx_HAL_Driver/Src/stm32f4xx_hal_spi.c ****   }
1888:Drivers/STM32F4xx_HAL_Driver/Src/stm32f4xx_hal_spi.c **** 
1889:Drivers/STM32F4xx_HAL_Driver/Src/stm32f4xx_hal_spi.c ****   if ((pTxData == NULL) || (pRxData == NULL) || (Size == 0U))
1890:Drivers/STM32F4xx_HAL_Driver/Src/stm32f4xx_hal_spi.c ****   {
1891:Drivers/STM32F4xx_HAL_Driver/Src/stm32f4xx_hal_spi.c ****     return HAL_ERROR;
1892:Drivers/STM32F4xx_HAL_Driver/Src/stm32f4xx_hal_spi.c ****   }
1893:Drivers/STM32F4xx_HAL_Driver/Src/stm32f4xx_hal_spi.c **** 
1894:Drivers/STM32F4xx_HAL_Driver/Src/stm32f4xx_hal_spi.c ****   /* Process locked */
1895:Drivers/STM32F4xx_HAL_Driver/Src/stm32f4xx_hal_spi.c ****   __HAL_LOCK(hspi);
1896:Drivers/STM32F4xx_HAL_Driver/Src/stm32f4xx_hal_spi.c **** 
1897:Drivers/STM32F4xx_HAL_Driver/Src/stm32f4xx_hal_spi.c ****   /* Don't overwrite in case of HAL_SPI_STATE_BUSY_RX */
1898:Drivers/STM32F4xx_HAL_Driver/Src/stm32f4xx_hal_spi.c ****   if (hspi->State != HAL_SPI_STATE_BUSY_RX)
1899:Drivers/STM32F4xx_HAL_Driver/Src/stm32f4xx_hal_spi.c ****   {
1900:Drivers/STM32F4xx_HAL_Driver/Src/stm32f4xx_hal_spi.c ****     hspi->State = HAL_SPI_STATE_BUSY_TX_RX;
1901:Drivers/STM32F4xx_HAL_Driver/Src/stm32f4xx_hal_spi.c ****   }
1902:Drivers/STM32F4xx_HAL_Driver/Src/stm32f4xx_hal_spi.c **** 
1903:Drivers/STM32F4xx_HAL_Driver/Src/stm32f4xx_hal_spi.c ****   /* Set the transaction information */
1904:Drivers/STM32F4xx_HAL_Driver/Src/stm32f4xx_hal_spi.c ****   hspi->ErrorCode   = HAL_SPI_ERROR_NONE;
1905:Drivers/STM32F4xx_HAL_Driver/Src/stm32f4xx_hal_spi.c ****   hspi->pTxBuffPtr  = (const uint8_t *)pTxData;
1906:Drivers/STM32F4xx_HAL_Driver/Src/stm32f4xx_hal_spi.c ****   hspi->TxXferSize  = Size;
1907:Drivers/STM32F4xx_HAL_Driver/Src/stm32f4xx_hal_spi.c ****   hspi->TxXferCount = Size;
1908:Drivers/STM32F4xx_HAL_Driver/Src/stm32f4xx_hal_spi.c ****   hspi->pRxBuffPtr  = (uint8_t *)pRxData;
1909:Drivers/STM32F4xx_HAL_Driver/Src/stm32f4xx_hal_spi.c ****   hspi->RxXferSize  = Size;
1910:Drivers/STM32F4xx_HAL_Driver/Src/stm32f4xx_hal_spi.c ****   hspi->RxXferCount = Size;
1911:Drivers/STM32F4xx_HAL_Driver/Src/stm32f4xx_hal_spi.c **** 
ARM GAS  /tmp/cci2ucsl.s 			page 35


1912:Drivers/STM32F4xx_HAL_Driver/Src/stm32f4xx_hal_spi.c ****   /* Init field not used in handle to zero */
1913:Drivers/STM32F4xx_HAL_Driver/Src/stm32f4xx_hal_spi.c ****   hspi->RxISR       = NULL;
1914:Drivers/STM32F4xx_HAL_Driver/Src/stm32f4xx_hal_spi.c ****   hspi->TxISR       = NULL;
1915:Drivers/STM32F4xx_HAL_Driver/Src/stm32f4xx_hal_spi.c **** 
1916:Drivers/STM32F4xx_HAL_Driver/Src/stm32f4xx_hal_spi.c **** #if (USE_SPI_CRC != 0U)
1917:Drivers/STM32F4xx_HAL_Driver/Src/stm32f4xx_hal_spi.c ****   /* Reset CRC Calculation */
1918:Drivers/STM32F4xx_HAL_Driver/Src/stm32f4xx_hal_spi.c ****   if (hspi->Init.CRCCalculation == SPI_CRCCALCULATION_ENABLE)
1919:Drivers/STM32F4xx_HAL_Driver/Src/stm32f4xx_hal_spi.c ****   {
1920:Drivers/STM32F4xx_HAL_Driver/Src/stm32f4xx_hal_spi.c ****     SPI_RESET_CRC(hspi);
1921:Drivers/STM32F4xx_HAL_Driver/Src/stm32f4xx_hal_spi.c ****   }
1922:Drivers/STM32F4xx_HAL_Driver/Src/stm32f4xx_hal_spi.c **** #endif /* USE_SPI_CRC */
1923:Drivers/STM32F4xx_HAL_Driver/Src/stm32f4xx_hal_spi.c **** 
1924:Drivers/STM32F4xx_HAL_Driver/Src/stm32f4xx_hal_spi.c ****   /* Check if we are in Rx only or in Rx/Tx Mode and configure the DMA transfer complete callback *
1925:Drivers/STM32F4xx_HAL_Driver/Src/stm32f4xx_hal_spi.c ****   if (hspi->State == HAL_SPI_STATE_BUSY_RX)
1926:Drivers/STM32F4xx_HAL_Driver/Src/stm32f4xx_hal_spi.c ****   {
1927:Drivers/STM32F4xx_HAL_Driver/Src/stm32f4xx_hal_spi.c ****     /* Set the SPI Rx DMA Half transfer complete callback */
1928:Drivers/STM32F4xx_HAL_Driver/Src/stm32f4xx_hal_spi.c ****     hspi->hdmarx->XferHalfCpltCallback = SPI_DMAHalfReceiveCplt;
1929:Drivers/STM32F4xx_HAL_Driver/Src/stm32f4xx_hal_spi.c ****     hspi->hdmarx->XferCpltCallback     = SPI_DMAReceiveCplt;
1930:Drivers/STM32F4xx_HAL_Driver/Src/stm32f4xx_hal_spi.c ****   }
1931:Drivers/STM32F4xx_HAL_Driver/Src/stm32f4xx_hal_spi.c ****   else
1932:Drivers/STM32F4xx_HAL_Driver/Src/stm32f4xx_hal_spi.c ****   {
1933:Drivers/STM32F4xx_HAL_Driver/Src/stm32f4xx_hal_spi.c ****     /* Set the SPI Tx/Rx DMA Half transfer complete callback */
1934:Drivers/STM32F4xx_HAL_Driver/Src/stm32f4xx_hal_spi.c ****     hspi->hdmarx->XferHalfCpltCallback = SPI_DMAHalfTransmitReceiveCplt;
1935:Drivers/STM32F4xx_HAL_Driver/Src/stm32f4xx_hal_spi.c ****     hspi->hdmarx->XferCpltCallback     = SPI_DMATransmitReceiveCplt;
1936:Drivers/STM32F4xx_HAL_Driver/Src/stm32f4xx_hal_spi.c ****   }
1937:Drivers/STM32F4xx_HAL_Driver/Src/stm32f4xx_hal_spi.c **** 
1938:Drivers/STM32F4xx_HAL_Driver/Src/stm32f4xx_hal_spi.c ****   /* Set the DMA error callback */
1939:Drivers/STM32F4xx_HAL_Driver/Src/stm32f4xx_hal_spi.c ****   hspi->hdmarx->XferErrorCallback = SPI_DMAError;
1940:Drivers/STM32F4xx_HAL_Driver/Src/stm32f4xx_hal_spi.c **** 
1941:Drivers/STM32F4xx_HAL_Driver/Src/stm32f4xx_hal_spi.c ****   /* Set the DMA AbortCpltCallback */
1942:Drivers/STM32F4xx_HAL_Driver/Src/stm32f4xx_hal_spi.c ****   hspi->hdmarx->XferAbortCallback = NULL;
1943:Drivers/STM32F4xx_HAL_Driver/Src/stm32f4xx_hal_spi.c **** 
1944:Drivers/STM32F4xx_HAL_Driver/Src/stm32f4xx_hal_spi.c ****   /* Enable the Rx DMA Stream/Channel  */
1945:Drivers/STM32F4xx_HAL_Driver/Src/stm32f4xx_hal_spi.c ****   if (HAL_OK != HAL_DMA_Start_IT(hspi->hdmarx, (uint32_t)&hspi->Instance->DR, (uint32_t)hspi->pRxBu
1946:Drivers/STM32F4xx_HAL_Driver/Src/stm32f4xx_hal_spi.c ****                                  hspi->RxXferCount))
1947:Drivers/STM32F4xx_HAL_Driver/Src/stm32f4xx_hal_spi.c ****   {
1948:Drivers/STM32F4xx_HAL_Driver/Src/stm32f4xx_hal_spi.c ****     /* Update SPI error code */
1949:Drivers/STM32F4xx_HAL_Driver/Src/stm32f4xx_hal_spi.c ****     SET_BIT(hspi->ErrorCode, HAL_SPI_ERROR_DMA);
1950:Drivers/STM32F4xx_HAL_Driver/Src/stm32f4xx_hal_spi.c ****     /* Process Unlocked */
1951:Drivers/STM32F4xx_HAL_Driver/Src/stm32f4xx_hal_spi.c ****     __HAL_UNLOCK(hspi);
1952:Drivers/STM32F4xx_HAL_Driver/Src/stm32f4xx_hal_spi.c ****     return HAL_ERROR;
1953:Drivers/STM32F4xx_HAL_Driver/Src/stm32f4xx_hal_spi.c ****   }
1954:Drivers/STM32F4xx_HAL_Driver/Src/stm32f4xx_hal_spi.c **** 
1955:Drivers/STM32F4xx_HAL_Driver/Src/stm32f4xx_hal_spi.c ****   /* Enable Rx DMA Request */
1956:Drivers/STM32F4xx_HAL_Driver/Src/stm32f4xx_hal_spi.c ****   SET_BIT(hspi->Instance->CR2, SPI_CR2_RXDMAEN);
1957:Drivers/STM32F4xx_HAL_Driver/Src/stm32f4xx_hal_spi.c **** 
1958:Drivers/STM32F4xx_HAL_Driver/Src/stm32f4xx_hal_spi.c ****   /* Set the SPI Tx DMA transfer complete callback as NULL because the communication closing
1959:Drivers/STM32F4xx_HAL_Driver/Src/stm32f4xx_hal_spi.c ****   is performed in DMA reception complete callback  */
1960:Drivers/STM32F4xx_HAL_Driver/Src/stm32f4xx_hal_spi.c ****   hspi->hdmatx->XferHalfCpltCallback = NULL;
1961:Drivers/STM32F4xx_HAL_Driver/Src/stm32f4xx_hal_spi.c ****   hspi->hdmatx->XferCpltCallback     = NULL;
1962:Drivers/STM32F4xx_HAL_Driver/Src/stm32f4xx_hal_spi.c ****   hspi->hdmatx->XferErrorCallback    = NULL;
1963:Drivers/STM32F4xx_HAL_Driver/Src/stm32f4xx_hal_spi.c ****   hspi->hdmatx->XferAbortCallback    = NULL;
1964:Drivers/STM32F4xx_HAL_Driver/Src/stm32f4xx_hal_spi.c **** 
1965:Drivers/STM32F4xx_HAL_Driver/Src/stm32f4xx_hal_spi.c ****   /* Enable the Tx DMA Stream/Channel  */
1966:Drivers/STM32F4xx_HAL_Driver/Src/stm32f4xx_hal_spi.c ****   if (HAL_OK != HAL_DMA_Start_IT(hspi->hdmatx, (uint32_t)hspi->pTxBuffPtr, (uint32_t)&hspi->Instanc
1967:Drivers/STM32F4xx_HAL_Driver/Src/stm32f4xx_hal_spi.c ****                                  hspi->TxXferCount))
1968:Drivers/STM32F4xx_HAL_Driver/Src/stm32f4xx_hal_spi.c ****   {
ARM GAS  /tmp/cci2ucsl.s 			page 36


1969:Drivers/STM32F4xx_HAL_Driver/Src/stm32f4xx_hal_spi.c ****     /* Update SPI error code */
1970:Drivers/STM32F4xx_HAL_Driver/Src/stm32f4xx_hal_spi.c ****     SET_BIT(hspi->ErrorCode, HAL_SPI_ERROR_DMA);
1971:Drivers/STM32F4xx_HAL_Driver/Src/stm32f4xx_hal_spi.c ****     /* Process Unlocked */
1972:Drivers/STM32F4xx_HAL_Driver/Src/stm32f4xx_hal_spi.c ****     __HAL_UNLOCK(hspi);
1973:Drivers/STM32F4xx_HAL_Driver/Src/stm32f4xx_hal_spi.c ****     return HAL_ERROR;
1974:Drivers/STM32F4xx_HAL_Driver/Src/stm32f4xx_hal_spi.c ****   }
1975:Drivers/STM32F4xx_HAL_Driver/Src/stm32f4xx_hal_spi.c **** 
1976:Drivers/STM32F4xx_HAL_Driver/Src/stm32f4xx_hal_spi.c ****   /* Check if the SPI is already enabled */
1977:Drivers/STM32F4xx_HAL_Driver/Src/stm32f4xx_hal_spi.c ****   if ((hspi->Instance->CR1 & SPI_CR1_SPE) != SPI_CR1_SPE)
1978:Drivers/STM32F4xx_HAL_Driver/Src/stm32f4xx_hal_spi.c ****   {
1979:Drivers/STM32F4xx_HAL_Driver/Src/stm32f4xx_hal_spi.c ****     /* Enable SPI peripheral */
1980:Drivers/STM32F4xx_HAL_Driver/Src/stm32f4xx_hal_spi.c ****     __HAL_SPI_ENABLE(hspi);
1981:Drivers/STM32F4xx_HAL_Driver/Src/stm32f4xx_hal_spi.c ****   }
1982:Drivers/STM32F4xx_HAL_Driver/Src/stm32f4xx_hal_spi.c **** 
1983:Drivers/STM32F4xx_HAL_Driver/Src/stm32f4xx_hal_spi.c ****   /* Process Unlocked */
1984:Drivers/STM32F4xx_HAL_Driver/Src/stm32f4xx_hal_spi.c ****   __HAL_UNLOCK(hspi);
1985:Drivers/STM32F4xx_HAL_Driver/Src/stm32f4xx_hal_spi.c **** 
1986:Drivers/STM32F4xx_HAL_Driver/Src/stm32f4xx_hal_spi.c ****   /* Enable the SPI Error Interrupt Bit */
1987:Drivers/STM32F4xx_HAL_Driver/Src/stm32f4xx_hal_spi.c ****   __HAL_SPI_ENABLE_IT(hspi, (SPI_IT_ERR));
1988:Drivers/STM32F4xx_HAL_Driver/Src/stm32f4xx_hal_spi.c **** 
1989:Drivers/STM32F4xx_HAL_Driver/Src/stm32f4xx_hal_spi.c ****   /* Enable Tx DMA Request */
1990:Drivers/STM32F4xx_HAL_Driver/Src/stm32f4xx_hal_spi.c ****   SET_BIT(hspi->Instance->CR2, SPI_CR2_TXDMAEN);
1991:Drivers/STM32F4xx_HAL_Driver/Src/stm32f4xx_hal_spi.c **** 
1992:Drivers/STM32F4xx_HAL_Driver/Src/stm32f4xx_hal_spi.c ****   return HAL_OK;
1993:Drivers/STM32F4xx_HAL_Driver/Src/stm32f4xx_hal_spi.c **** }
1994:Drivers/STM32F4xx_HAL_Driver/Src/stm32f4xx_hal_spi.c **** 
1995:Drivers/STM32F4xx_HAL_Driver/Src/stm32f4xx_hal_spi.c **** /**
1996:Drivers/STM32F4xx_HAL_Driver/Src/stm32f4xx_hal_spi.c ****   * @brief  Abort ongoing transfer (blocking mode).
1997:Drivers/STM32F4xx_HAL_Driver/Src/stm32f4xx_hal_spi.c ****   * @param  hspi SPI handle.
1998:Drivers/STM32F4xx_HAL_Driver/Src/stm32f4xx_hal_spi.c ****   * @note   This procedure could be used for aborting any ongoing transfer (Tx and Rx),
1999:Drivers/STM32F4xx_HAL_Driver/Src/stm32f4xx_hal_spi.c ****   *         started in Interrupt or DMA mode.
2000:Drivers/STM32F4xx_HAL_Driver/Src/stm32f4xx_hal_spi.c ****   *         This procedure performs following operations :
2001:Drivers/STM32F4xx_HAL_Driver/Src/stm32f4xx_hal_spi.c ****   *           - Disable SPI Interrupts (depending of transfer direction)
2002:Drivers/STM32F4xx_HAL_Driver/Src/stm32f4xx_hal_spi.c ****   *           - Disable the DMA transfer in the peripheral register (if enabled)
2003:Drivers/STM32F4xx_HAL_Driver/Src/stm32f4xx_hal_spi.c ****   *           - Abort DMA transfer by calling HAL_DMA_Abort (in case of transfer in DMA mode)
2004:Drivers/STM32F4xx_HAL_Driver/Src/stm32f4xx_hal_spi.c ****   *           - Set handle State to READY
2005:Drivers/STM32F4xx_HAL_Driver/Src/stm32f4xx_hal_spi.c ****   * @note   This procedure is executed in blocking mode : when exiting function, Abort is considere
2006:Drivers/STM32F4xx_HAL_Driver/Src/stm32f4xx_hal_spi.c ****   * @retval HAL status
2007:Drivers/STM32F4xx_HAL_Driver/Src/stm32f4xx_hal_spi.c ****   */
2008:Drivers/STM32F4xx_HAL_Driver/Src/stm32f4xx_hal_spi.c **** HAL_StatusTypeDef HAL_SPI_Abort(SPI_HandleTypeDef *hspi)
2009:Drivers/STM32F4xx_HAL_Driver/Src/stm32f4xx_hal_spi.c **** {
2010:Drivers/STM32F4xx_HAL_Driver/Src/stm32f4xx_hal_spi.c ****   HAL_StatusTypeDef errorcode;
2011:Drivers/STM32F4xx_HAL_Driver/Src/stm32f4xx_hal_spi.c ****   __IO uint32_t count;
2012:Drivers/STM32F4xx_HAL_Driver/Src/stm32f4xx_hal_spi.c ****   __IO uint32_t resetcount;
2013:Drivers/STM32F4xx_HAL_Driver/Src/stm32f4xx_hal_spi.c **** 
2014:Drivers/STM32F4xx_HAL_Driver/Src/stm32f4xx_hal_spi.c ****   /* Initialized local variable  */
2015:Drivers/STM32F4xx_HAL_Driver/Src/stm32f4xx_hal_spi.c ****   errorcode = HAL_OK;
2016:Drivers/STM32F4xx_HAL_Driver/Src/stm32f4xx_hal_spi.c ****   resetcount = SPI_DEFAULT_TIMEOUT * (SystemCoreClock / 24U / 1000U);
2017:Drivers/STM32F4xx_HAL_Driver/Src/stm32f4xx_hal_spi.c ****   count = resetcount;
2018:Drivers/STM32F4xx_HAL_Driver/Src/stm32f4xx_hal_spi.c **** 
2019:Drivers/STM32F4xx_HAL_Driver/Src/stm32f4xx_hal_spi.c ****   /* Clear ERRIE interrupt to avoid error interrupts generation during Abort procedure */
2020:Drivers/STM32F4xx_HAL_Driver/Src/stm32f4xx_hal_spi.c ****   CLEAR_BIT(hspi->Instance->CR2, SPI_CR2_ERRIE);
2021:Drivers/STM32F4xx_HAL_Driver/Src/stm32f4xx_hal_spi.c **** 
2022:Drivers/STM32F4xx_HAL_Driver/Src/stm32f4xx_hal_spi.c ****   /* Disable TXEIE, RXNEIE and ERRIE(mode fault event, overrun error, TI frame error) interrupts */
2023:Drivers/STM32F4xx_HAL_Driver/Src/stm32f4xx_hal_spi.c ****   if (HAL_IS_BIT_SET(hspi->Instance->CR2, SPI_CR2_TXEIE))
2024:Drivers/STM32F4xx_HAL_Driver/Src/stm32f4xx_hal_spi.c ****   {
2025:Drivers/STM32F4xx_HAL_Driver/Src/stm32f4xx_hal_spi.c ****     hspi->TxISR = SPI_AbortTx_ISR;
ARM GAS  /tmp/cci2ucsl.s 			page 37


2026:Drivers/STM32F4xx_HAL_Driver/Src/stm32f4xx_hal_spi.c ****     /* Wait HAL_SPI_STATE_ABORT state */
2027:Drivers/STM32F4xx_HAL_Driver/Src/stm32f4xx_hal_spi.c ****     do
2028:Drivers/STM32F4xx_HAL_Driver/Src/stm32f4xx_hal_spi.c ****     {
2029:Drivers/STM32F4xx_HAL_Driver/Src/stm32f4xx_hal_spi.c ****       if (count == 0U)
2030:Drivers/STM32F4xx_HAL_Driver/Src/stm32f4xx_hal_spi.c ****       {
2031:Drivers/STM32F4xx_HAL_Driver/Src/stm32f4xx_hal_spi.c ****         SET_BIT(hspi->ErrorCode, HAL_SPI_ERROR_ABORT);
2032:Drivers/STM32F4xx_HAL_Driver/Src/stm32f4xx_hal_spi.c ****         break;
2033:Drivers/STM32F4xx_HAL_Driver/Src/stm32f4xx_hal_spi.c ****       }
2034:Drivers/STM32F4xx_HAL_Driver/Src/stm32f4xx_hal_spi.c ****       count--;
2035:Drivers/STM32F4xx_HAL_Driver/Src/stm32f4xx_hal_spi.c ****     } while (hspi->State != HAL_SPI_STATE_ABORT);
2036:Drivers/STM32F4xx_HAL_Driver/Src/stm32f4xx_hal_spi.c ****     /* Reset Timeout Counter */
2037:Drivers/STM32F4xx_HAL_Driver/Src/stm32f4xx_hal_spi.c ****     count = resetcount;
2038:Drivers/STM32F4xx_HAL_Driver/Src/stm32f4xx_hal_spi.c ****   }
2039:Drivers/STM32F4xx_HAL_Driver/Src/stm32f4xx_hal_spi.c **** 
2040:Drivers/STM32F4xx_HAL_Driver/Src/stm32f4xx_hal_spi.c ****   if (HAL_IS_BIT_SET(hspi->Instance->CR2, SPI_CR2_RXNEIE))
2041:Drivers/STM32F4xx_HAL_Driver/Src/stm32f4xx_hal_spi.c ****   {
2042:Drivers/STM32F4xx_HAL_Driver/Src/stm32f4xx_hal_spi.c ****     hspi->RxISR = SPI_AbortRx_ISR;
2043:Drivers/STM32F4xx_HAL_Driver/Src/stm32f4xx_hal_spi.c ****     /* Wait HAL_SPI_STATE_ABORT state */
2044:Drivers/STM32F4xx_HAL_Driver/Src/stm32f4xx_hal_spi.c ****     do
2045:Drivers/STM32F4xx_HAL_Driver/Src/stm32f4xx_hal_spi.c ****     {
2046:Drivers/STM32F4xx_HAL_Driver/Src/stm32f4xx_hal_spi.c ****       if (count == 0U)
2047:Drivers/STM32F4xx_HAL_Driver/Src/stm32f4xx_hal_spi.c ****       {
2048:Drivers/STM32F4xx_HAL_Driver/Src/stm32f4xx_hal_spi.c ****         SET_BIT(hspi->ErrorCode, HAL_SPI_ERROR_ABORT);
2049:Drivers/STM32F4xx_HAL_Driver/Src/stm32f4xx_hal_spi.c ****         break;
2050:Drivers/STM32F4xx_HAL_Driver/Src/stm32f4xx_hal_spi.c ****       }
2051:Drivers/STM32F4xx_HAL_Driver/Src/stm32f4xx_hal_spi.c ****       count--;
2052:Drivers/STM32F4xx_HAL_Driver/Src/stm32f4xx_hal_spi.c ****     } while (hspi->State != HAL_SPI_STATE_ABORT);
2053:Drivers/STM32F4xx_HAL_Driver/Src/stm32f4xx_hal_spi.c ****     /* Reset Timeout Counter */
2054:Drivers/STM32F4xx_HAL_Driver/Src/stm32f4xx_hal_spi.c ****     count = resetcount;
2055:Drivers/STM32F4xx_HAL_Driver/Src/stm32f4xx_hal_spi.c ****   }
2056:Drivers/STM32F4xx_HAL_Driver/Src/stm32f4xx_hal_spi.c **** 
2057:Drivers/STM32F4xx_HAL_Driver/Src/stm32f4xx_hal_spi.c ****   /* Disable the SPI DMA Tx request if enabled */
2058:Drivers/STM32F4xx_HAL_Driver/Src/stm32f4xx_hal_spi.c ****   if (HAL_IS_BIT_SET(hspi->Instance->CR2, SPI_CR2_TXDMAEN))
2059:Drivers/STM32F4xx_HAL_Driver/Src/stm32f4xx_hal_spi.c ****   {
2060:Drivers/STM32F4xx_HAL_Driver/Src/stm32f4xx_hal_spi.c ****     /* Abort the SPI DMA Tx Stream/Channel : use blocking DMA Abort API (no callback) */
2061:Drivers/STM32F4xx_HAL_Driver/Src/stm32f4xx_hal_spi.c ****     if (hspi->hdmatx != NULL)
2062:Drivers/STM32F4xx_HAL_Driver/Src/stm32f4xx_hal_spi.c ****     {
2063:Drivers/STM32F4xx_HAL_Driver/Src/stm32f4xx_hal_spi.c ****       /* Set the SPI DMA Abort callback :
2064:Drivers/STM32F4xx_HAL_Driver/Src/stm32f4xx_hal_spi.c ****       will lead to call HAL_SPI_AbortCpltCallback() at end of DMA abort procedure */
2065:Drivers/STM32F4xx_HAL_Driver/Src/stm32f4xx_hal_spi.c ****       hspi->hdmatx->XferAbortCallback = NULL;
2066:Drivers/STM32F4xx_HAL_Driver/Src/stm32f4xx_hal_spi.c **** 
2067:Drivers/STM32F4xx_HAL_Driver/Src/stm32f4xx_hal_spi.c ****       /* Abort DMA Tx Handle linked to SPI Peripheral */
2068:Drivers/STM32F4xx_HAL_Driver/Src/stm32f4xx_hal_spi.c ****       if (HAL_DMA_Abort(hspi->hdmatx) != HAL_OK)
2069:Drivers/STM32F4xx_HAL_Driver/Src/stm32f4xx_hal_spi.c ****       {
2070:Drivers/STM32F4xx_HAL_Driver/Src/stm32f4xx_hal_spi.c ****         hspi->ErrorCode = HAL_SPI_ERROR_ABORT;
2071:Drivers/STM32F4xx_HAL_Driver/Src/stm32f4xx_hal_spi.c ****       }
2072:Drivers/STM32F4xx_HAL_Driver/Src/stm32f4xx_hal_spi.c **** 
2073:Drivers/STM32F4xx_HAL_Driver/Src/stm32f4xx_hal_spi.c ****       /* Disable Tx DMA Request */
2074:Drivers/STM32F4xx_HAL_Driver/Src/stm32f4xx_hal_spi.c ****       CLEAR_BIT(hspi->Instance->CR2, (SPI_CR2_TXDMAEN));
2075:Drivers/STM32F4xx_HAL_Driver/Src/stm32f4xx_hal_spi.c **** 
2076:Drivers/STM32F4xx_HAL_Driver/Src/stm32f4xx_hal_spi.c ****       /* Wait until TXE flag is set */
2077:Drivers/STM32F4xx_HAL_Driver/Src/stm32f4xx_hal_spi.c ****       do
2078:Drivers/STM32F4xx_HAL_Driver/Src/stm32f4xx_hal_spi.c ****       {
2079:Drivers/STM32F4xx_HAL_Driver/Src/stm32f4xx_hal_spi.c ****         if (count == 0U)
2080:Drivers/STM32F4xx_HAL_Driver/Src/stm32f4xx_hal_spi.c ****         {
2081:Drivers/STM32F4xx_HAL_Driver/Src/stm32f4xx_hal_spi.c ****           SET_BIT(hspi->ErrorCode, HAL_SPI_ERROR_ABORT);
2082:Drivers/STM32F4xx_HAL_Driver/Src/stm32f4xx_hal_spi.c ****           break;
ARM GAS  /tmp/cci2ucsl.s 			page 38


2083:Drivers/STM32F4xx_HAL_Driver/Src/stm32f4xx_hal_spi.c ****         }
2084:Drivers/STM32F4xx_HAL_Driver/Src/stm32f4xx_hal_spi.c ****         count--;
2085:Drivers/STM32F4xx_HAL_Driver/Src/stm32f4xx_hal_spi.c ****       } while ((hspi->Instance->SR & SPI_FLAG_TXE) == RESET);
2086:Drivers/STM32F4xx_HAL_Driver/Src/stm32f4xx_hal_spi.c ****     }
2087:Drivers/STM32F4xx_HAL_Driver/Src/stm32f4xx_hal_spi.c ****   }
2088:Drivers/STM32F4xx_HAL_Driver/Src/stm32f4xx_hal_spi.c **** 
2089:Drivers/STM32F4xx_HAL_Driver/Src/stm32f4xx_hal_spi.c ****   /* Disable the SPI DMA Rx request if enabled */
2090:Drivers/STM32F4xx_HAL_Driver/Src/stm32f4xx_hal_spi.c ****   if (HAL_IS_BIT_SET(hspi->Instance->CR2, SPI_CR2_RXDMAEN))
2091:Drivers/STM32F4xx_HAL_Driver/Src/stm32f4xx_hal_spi.c ****   {
2092:Drivers/STM32F4xx_HAL_Driver/Src/stm32f4xx_hal_spi.c ****     /* Abort the SPI DMA Rx Stream/Channel : use blocking DMA Abort API (no callback) */
2093:Drivers/STM32F4xx_HAL_Driver/Src/stm32f4xx_hal_spi.c ****     if (hspi->hdmarx != NULL)
2094:Drivers/STM32F4xx_HAL_Driver/Src/stm32f4xx_hal_spi.c ****     {
2095:Drivers/STM32F4xx_HAL_Driver/Src/stm32f4xx_hal_spi.c ****       /* Set the SPI DMA Abort callback :
2096:Drivers/STM32F4xx_HAL_Driver/Src/stm32f4xx_hal_spi.c ****       will lead to call HAL_SPI_AbortCpltCallback() at end of DMA abort procedure */
2097:Drivers/STM32F4xx_HAL_Driver/Src/stm32f4xx_hal_spi.c ****       hspi->hdmarx->XferAbortCallback = NULL;
2098:Drivers/STM32F4xx_HAL_Driver/Src/stm32f4xx_hal_spi.c **** 
2099:Drivers/STM32F4xx_HAL_Driver/Src/stm32f4xx_hal_spi.c ****       /* Abort DMA Rx Handle linked to SPI Peripheral */
2100:Drivers/STM32F4xx_HAL_Driver/Src/stm32f4xx_hal_spi.c ****       if (HAL_DMA_Abort(hspi->hdmarx) != HAL_OK)
2101:Drivers/STM32F4xx_HAL_Driver/Src/stm32f4xx_hal_spi.c ****       {
2102:Drivers/STM32F4xx_HAL_Driver/Src/stm32f4xx_hal_spi.c ****         hspi->ErrorCode = HAL_SPI_ERROR_ABORT;
2103:Drivers/STM32F4xx_HAL_Driver/Src/stm32f4xx_hal_spi.c ****       }
2104:Drivers/STM32F4xx_HAL_Driver/Src/stm32f4xx_hal_spi.c **** 
2105:Drivers/STM32F4xx_HAL_Driver/Src/stm32f4xx_hal_spi.c ****       /* Disable peripheral */
2106:Drivers/STM32F4xx_HAL_Driver/Src/stm32f4xx_hal_spi.c ****       __HAL_SPI_DISABLE(hspi);
2107:Drivers/STM32F4xx_HAL_Driver/Src/stm32f4xx_hal_spi.c **** 
2108:Drivers/STM32F4xx_HAL_Driver/Src/stm32f4xx_hal_spi.c ****       /* Disable Rx DMA Request */
2109:Drivers/STM32F4xx_HAL_Driver/Src/stm32f4xx_hal_spi.c ****       CLEAR_BIT(hspi->Instance->CR2, (SPI_CR2_RXDMAEN));
2110:Drivers/STM32F4xx_HAL_Driver/Src/stm32f4xx_hal_spi.c ****     }
2111:Drivers/STM32F4xx_HAL_Driver/Src/stm32f4xx_hal_spi.c ****   }
2112:Drivers/STM32F4xx_HAL_Driver/Src/stm32f4xx_hal_spi.c ****   /* Reset Tx and Rx transfer counters */
2113:Drivers/STM32F4xx_HAL_Driver/Src/stm32f4xx_hal_spi.c ****   hspi->RxXferCount = 0U;
2114:Drivers/STM32F4xx_HAL_Driver/Src/stm32f4xx_hal_spi.c ****   hspi->TxXferCount = 0U;
2115:Drivers/STM32F4xx_HAL_Driver/Src/stm32f4xx_hal_spi.c **** 
2116:Drivers/STM32F4xx_HAL_Driver/Src/stm32f4xx_hal_spi.c ****   /* Check error during Abort procedure */
2117:Drivers/STM32F4xx_HAL_Driver/Src/stm32f4xx_hal_spi.c ****   if (hspi->ErrorCode == HAL_SPI_ERROR_ABORT)
2118:Drivers/STM32F4xx_HAL_Driver/Src/stm32f4xx_hal_spi.c ****   {
2119:Drivers/STM32F4xx_HAL_Driver/Src/stm32f4xx_hal_spi.c ****     /* return HAL_Error in case of error during Abort procedure */
2120:Drivers/STM32F4xx_HAL_Driver/Src/stm32f4xx_hal_spi.c ****     errorcode = HAL_ERROR;
2121:Drivers/STM32F4xx_HAL_Driver/Src/stm32f4xx_hal_spi.c ****   }
2122:Drivers/STM32F4xx_HAL_Driver/Src/stm32f4xx_hal_spi.c ****   else
2123:Drivers/STM32F4xx_HAL_Driver/Src/stm32f4xx_hal_spi.c ****   {
2124:Drivers/STM32F4xx_HAL_Driver/Src/stm32f4xx_hal_spi.c ****     /* Reset errorCode */
2125:Drivers/STM32F4xx_HAL_Driver/Src/stm32f4xx_hal_spi.c ****     hspi->ErrorCode = HAL_SPI_ERROR_NONE;
2126:Drivers/STM32F4xx_HAL_Driver/Src/stm32f4xx_hal_spi.c ****   }
2127:Drivers/STM32F4xx_HAL_Driver/Src/stm32f4xx_hal_spi.c **** 
2128:Drivers/STM32F4xx_HAL_Driver/Src/stm32f4xx_hal_spi.c ****   /* Clear the Error flags in the SR register */
2129:Drivers/STM32F4xx_HAL_Driver/Src/stm32f4xx_hal_spi.c ****   __HAL_SPI_CLEAR_OVRFLAG(hspi);
2130:Drivers/STM32F4xx_HAL_Driver/Src/stm32f4xx_hal_spi.c ****   __HAL_SPI_CLEAR_FREFLAG(hspi);
2131:Drivers/STM32F4xx_HAL_Driver/Src/stm32f4xx_hal_spi.c **** 
2132:Drivers/STM32F4xx_HAL_Driver/Src/stm32f4xx_hal_spi.c ****   /* Restore hspi->state to ready */
2133:Drivers/STM32F4xx_HAL_Driver/Src/stm32f4xx_hal_spi.c ****   hspi->State = HAL_SPI_STATE_READY;
2134:Drivers/STM32F4xx_HAL_Driver/Src/stm32f4xx_hal_spi.c **** 
2135:Drivers/STM32F4xx_HAL_Driver/Src/stm32f4xx_hal_spi.c ****   return errorcode;
2136:Drivers/STM32F4xx_HAL_Driver/Src/stm32f4xx_hal_spi.c **** }
2137:Drivers/STM32F4xx_HAL_Driver/Src/stm32f4xx_hal_spi.c **** 
2138:Drivers/STM32F4xx_HAL_Driver/Src/stm32f4xx_hal_spi.c **** /**
2139:Drivers/STM32F4xx_HAL_Driver/Src/stm32f4xx_hal_spi.c ****   * @brief  Abort ongoing transfer (Interrupt mode).
ARM GAS  /tmp/cci2ucsl.s 			page 39


2140:Drivers/STM32F4xx_HAL_Driver/Src/stm32f4xx_hal_spi.c ****   * @param  hspi SPI handle.
2141:Drivers/STM32F4xx_HAL_Driver/Src/stm32f4xx_hal_spi.c ****   * @note   This procedure could be used for aborting any ongoing transfer (Tx and Rx),
2142:Drivers/STM32F4xx_HAL_Driver/Src/stm32f4xx_hal_spi.c ****   *         started in Interrupt or DMA mode.
2143:Drivers/STM32F4xx_HAL_Driver/Src/stm32f4xx_hal_spi.c ****   *         This procedure performs following operations :
2144:Drivers/STM32F4xx_HAL_Driver/Src/stm32f4xx_hal_spi.c ****   *           - Disable SPI Interrupts (depending of transfer direction)
2145:Drivers/STM32F4xx_HAL_Driver/Src/stm32f4xx_hal_spi.c ****   *           - Disable the DMA transfer in the peripheral register (if enabled)
2146:Drivers/STM32F4xx_HAL_Driver/Src/stm32f4xx_hal_spi.c ****   *           - Abort DMA transfer by calling HAL_DMA_Abort_IT (in case of transfer in DMA mode)
2147:Drivers/STM32F4xx_HAL_Driver/Src/stm32f4xx_hal_spi.c ****   *           - Set handle State to READY
2148:Drivers/STM32F4xx_HAL_Driver/Src/stm32f4xx_hal_spi.c ****   *           - At abort completion, call user abort complete callback
2149:Drivers/STM32F4xx_HAL_Driver/Src/stm32f4xx_hal_spi.c ****   * @note   This procedure is executed in Interrupt mode, meaning that abort procedure could be
2150:Drivers/STM32F4xx_HAL_Driver/Src/stm32f4xx_hal_spi.c ****   *         considered as completed only when user abort complete callback is executed (not when ex
2151:Drivers/STM32F4xx_HAL_Driver/Src/stm32f4xx_hal_spi.c ****   * @retval HAL status
2152:Drivers/STM32F4xx_HAL_Driver/Src/stm32f4xx_hal_spi.c ****   */
2153:Drivers/STM32F4xx_HAL_Driver/Src/stm32f4xx_hal_spi.c **** HAL_StatusTypeDef HAL_SPI_Abort_IT(SPI_HandleTypeDef *hspi)
2154:Drivers/STM32F4xx_HAL_Driver/Src/stm32f4xx_hal_spi.c **** {
2155:Drivers/STM32F4xx_HAL_Driver/Src/stm32f4xx_hal_spi.c ****   HAL_StatusTypeDef errorcode;
2156:Drivers/STM32F4xx_HAL_Driver/Src/stm32f4xx_hal_spi.c ****   uint32_t abortcplt ;
2157:Drivers/STM32F4xx_HAL_Driver/Src/stm32f4xx_hal_spi.c ****   __IO uint32_t count;
2158:Drivers/STM32F4xx_HAL_Driver/Src/stm32f4xx_hal_spi.c ****   __IO uint32_t resetcount;
2159:Drivers/STM32F4xx_HAL_Driver/Src/stm32f4xx_hal_spi.c **** 
2160:Drivers/STM32F4xx_HAL_Driver/Src/stm32f4xx_hal_spi.c ****   /* Initialized local variable  */
2161:Drivers/STM32F4xx_HAL_Driver/Src/stm32f4xx_hal_spi.c ****   errorcode = HAL_OK;
2162:Drivers/STM32F4xx_HAL_Driver/Src/stm32f4xx_hal_spi.c ****   abortcplt = 1U;
2163:Drivers/STM32F4xx_HAL_Driver/Src/stm32f4xx_hal_spi.c ****   resetcount = SPI_DEFAULT_TIMEOUT * (SystemCoreClock / 24U / 1000U);
2164:Drivers/STM32F4xx_HAL_Driver/Src/stm32f4xx_hal_spi.c ****   count = resetcount;
2165:Drivers/STM32F4xx_HAL_Driver/Src/stm32f4xx_hal_spi.c **** 
2166:Drivers/STM32F4xx_HAL_Driver/Src/stm32f4xx_hal_spi.c ****   /* Clear ERRIE interrupt to avoid error interrupts generation during Abort procedure */
2167:Drivers/STM32F4xx_HAL_Driver/Src/stm32f4xx_hal_spi.c ****   CLEAR_BIT(hspi->Instance->CR2, SPI_CR2_ERRIE);
2168:Drivers/STM32F4xx_HAL_Driver/Src/stm32f4xx_hal_spi.c **** 
2169:Drivers/STM32F4xx_HAL_Driver/Src/stm32f4xx_hal_spi.c ****   /* Change Rx and Tx Irq Handler to Disable TXEIE, RXNEIE and ERRIE interrupts */
2170:Drivers/STM32F4xx_HAL_Driver/Src/stm32f4xx_hal_spi.c ****   if (HAL_IS_BIT_SET(hspi->Instance->CR2, SPI_CR2_TXEIE))
2171:Drivers/STM32F4xx_HAL_Driver/Src/stm32f4xx_hal_spi.c ****   {
2172:Drivers/STM32F4xx_HAL_Driver/Src/stm32f4xx_hal_spi.c ****     hspi->TxISR = SPI_AbortTx_ISR;
2173:Drivers/STM32F4xx_HAL_Driver/Src/stm32f4xx_hal_spi.c ****     /* Wait HAL_SPI_STATE_ABORT state */
2174:Drivers/STM32F4xx_HAL_Driver/Src/stm32f4xx_hal_spi.c ****     do
2175:Drivers/STM32F4xx_HAL_Driver/Src/stm32f4xx_hal_spi.c ****     {
2176:Drivers/STM32F4xx_HAL_Driver/Src/stm32f4xx_hal_spi.c ****       if (count == 0U)
2177:Drivers/STM32F4xx_HAL_Driver/Src/stm32f4xx_hal_spi.c ****       {
2178:Drivers/STM32F4xx_HAL_Driver/Src/stm32f4xx_hal_spi.c ****         SET_BIT(hspi->ErrorCode, HAL_SPI_ERROR_ABORT);
2179:Drivers/STM32F4xx_HAL_Driver/Src/stm32f4xx_hal_spi.c ****         break;
2180:Drivers/STM32F4xx_HAL_Driver/Src/stm32f4xx_hal_spi.c ****       }
2181:Drivers/STM32F4xx_HAL_Driver/Src/stm32f4xx_hal_spi.c ****       count--;
2182:Drivers/STM32F4xx_HAL_Driver/Src/stm32f4xx_hal_spi.c ****     } while (hspi->State != HAL_SPI_STATE_ABORT);
2183:Drivers/STM32F4xx_HAL_Driver/Src/stm32f4xx_hal_spi.c ****     /* Reset Timeout Counter */
2184:Drivers/STM32F4xx_HAL_Driver/Src/stm32f4xx_hal_spi.c ****     count = resetcount;
2185:Drivers/STM32F4xx_HAL_Driver/Src/stm32f4xx_hal_spi.c ****   }
2186:Drivers/STM32F4xx_HAL_Driver/Src/stm32f4xx_hal_spi.c **** 
2187:Drivers/STM32F4xx_HAL_Driver/Src/stm32f4xx_hal_spi.c ****   if (HAL_IS_BIT_SET(hspi->Instance->CR2, SPI_CR2_RXNEIE))
2188:Drivers/STM32F4xx_HAL_Driver/Src/stm32f4xx_hal_spi.c ****   {
2189:Drivers/STM32F4xx_HAL_Driver/Src/stm32f4xx_hal_spi.c ****     hspi->RxISR = SPI_AbortRx_ISR;
2190:Drivers/STM32F4xx_HAL_Driver/Src/stm32f4xx_hal_spi.c ****     /* Wait HAL_SPI_STATE_ABORT state */
2191:Drivers/STM32F4xx_HAL_Driver/Src/stm32f4xx_hal_spi.c ****     do
2192:Drivers/STM32F4xx_HAL_Driver/Src/stm32f4xx_hal_spi.c ****     {
2193:Drivers/STM32F4xx_HAL_Driver/Src/stm32f4xx_hal_spi.c ****       if (count == 0U)
2194:Drivers/STM32F4xx_HAL_Driver/Src/stm32f4xx_hal_spi.c ****       {
2195:Drivers/STM32F4xx_HAL_Driver/Src/stm32f4xx_hal_spi.c ****         SET_BIT(hspi->ErrorCode, HAL_SPI_ERROR_ABORT);
2196:Drivers/STM32F4xx_HAL_Driver/Src/stm32f4xx_hal_spi.c ****         break;
ARM GAS  /tmp/cci2ucsl.s 			page 40


2197:Drivers/STM32F4xx_HAL_Driver/Src/stm32f4xx_hal_spi.c ****       }
2198:Drivers/STM32F4xx_HAL_Driver/Src/stm32f4xx_hal_spi.c ****       count--;
2199:Drivers/STM32F4xx_HAL_Driver/Src/stm32f4xx_hal_spi.c ****     } while (hspi->State != HAL_SPI_STATE_ABORT);
2200:Drivers/STM32F4xx_HAL_Driver/Src/stm32f4xx_hal_spi.c ****     /* Reset Timeout Counter */
2201:Drivers/STM32F4xx_HAL_Driver/Src/stm32f4xx_hal_spi.c ****     count = resetcount;
2202:Drivers/STM32F4xx_HAL_Driver/Src/stm32f4xx_hal_spi.c ****   }
2203:Drivers/STM32F4xx_HAL_Driver/Src/stm32f4xx_hal_spi.c **** 
2204:Drivers/STM32F4xx_HAL_Driver/Src/stm32f4xx_hal_spi.c ****   /* If DMA Tx and/or DMA Rx Handles are associated to SPI Handle, DMA Abort complete callbacks sho
2205:Drivers/STM32F4xx_HAL_Driver/Src/stm32f4xx_hal_spi.c ****      before any call to DMA Abort functions */
2206:Drivers/STM32F4xx_HAL_Driver/Src/stm32f4xx_hal_spi.c ****   /* DMA Tx Handle is valid */
2207:Drivers/STM32F4xx_HAL_Driver/Src/stm32f4xx_hal_spi.c ****   if (hspi->hdmatx != NULL)
2208:Drivers/STM32F4xx_HAL_Driver/Src/stm32f4xx_hal_spi.c ****   {
2209:Drivers/STM32F4xx_HAL_Driver/Src/stm32f4xx_hal_spi.c ****     /* Set DMA Abort Complete callback if UART DMA Tx request if enabled.
2210:Drivers/STM32F4xx_HAL_Driver/Src/stm32f4xx_hal_spi.c ****        Otherwise, set it to NULL */
2211:Drivers/STM32F4xx_HAL_Driver/Src/stm32f4xx_hal_spi.c ****     if (HAL_IS_BIT_SET(hspi->Instance->CR2, SPI_CR2_TXDMAEN))
2212:Drivers/STM32F4xx_HAL_Driver/Src/stm32f4xx_hal_spi.c ****     {
2213:Drivers/STM32F4xx_HAL_Driver/Src/stm32f4xx_hal_spi.c ****       hspi->hdmatx->XferAbortCallback = SPI_DMATxAbortCallback;
2214:Drivers/STM32F4xx_HAL_Driver/Src/stm32f4xx_hal_spi.c ****     }
2215:Drivers/STM32F4xx_HAL_Driver/Src/stm32f4xx_hal_spi.c ****     else
2216:Drivers/STM32F4xx_HAL_Driver/Src/stm32f4xx_hal_spi.c ****     {
2217:Drivers/STM32F4xx_HAL_Driver/Src/stm32f4xx_hal_spi.c ****       hspi->hdmatx->XferAbortCallback = NULL;
2218:Drivers/STM32F4xx_HAL_Driver/Src/stm32f4xx_hal_spi.c ****     }
2219:Drivers/STM32F4xx_HAL_Driver/Src/stm32f4xx_hal_spi.c ****   }
2220:Drivers/STM32F4xx_HAL_Driver/Src/stm32f4xx_hal_spi.c ****   /* DMA Rx Handle is valid */
2221:Drivers/STM32F4xx_HAL_Driver/Src/stm32f4xx_hal_spi.c ****   if (hspi->hdmarx != NULL)
2222:Drivers/STM32F4xx_HAL_Driver/Src/stm32f4xx_hal_spi.c ****   {
2223:Drivers/STM32F4xx_HAL_Driver/Src/stm32f4xx_hal_spi.c ****     /* Set DMA Abort Complete callback if UART DMA Rx request if enabled.
2224:Drivers/STM32F4xx_HAL_Driver/Src/stm32f4xx_hal_spi.c ****        Otherwise, set it to NULL */
2225:Drivers/STM32F4xx_HAL_Driver/Src/stm32f4xx_hal_spi.c ****     if (HAL_IS_BIT_SET(hspi->Instance->CR2, SPI_CR2_RXDMAEN))
2226:Drivers/STM32F4xx_HAL_Driver/Src/stm32f4xx_hal_spi.c ****     {
2227:Drivers/STM32F4xx_HAL_Driver/Src/stm32f4xx_hal_spi.c ****       hspi->hdmarx->XferAbortCallback = SPI_DMARxAbortCallback;
2228:Drivers/STM32F4xx_HAL_Driver/Src/stm32f4xx_hal_spi.c ****     }
2229:Drivers/STM32F4xx_HAL_Driver/Src/stm32f4xx_hal_spi.c ****     else
2230:Drivers/STM32F4xx_HAL_Driver/Src/stm32f4xx_hal_spi.c ****     {
2231:Drivers/STM32F4xx_HAL_Driver/Src/stm32f4xx_hal_spi.c ****       hspi->hdmarx->XferAbortCallback = NULL;
2232:Drivers/STM32F4xx_HAL_Driver/Src/stm32f4xx_hal_spi.c ****     }
2233:Drivers/STM32F4xx_HAL_Driver/Src/stm32f4xx_hal_spi.c ****   }
2234:Drivers/STM32F4xx_HAL_Driver/Src/stm32f4xx_hal_spi.c **** 
2235:Drivers/STM32F4xx_HAL_Driver/Src/stm32f4xx_hal_spi.c ****   /* Disable the SPI DMA Tx request if enabled */
2236:Drivers/STM32F4xx_HAL_Driver/Src/stm32f4xx_hal_spi.c ****   if (HAL_IS_BIT_SET(hspi->Instance->CR2, SPI_CR2_TXDMAEN))
2237:Drivers/STM32F4xx_HAL_Driver/Src/stm32f4xx_hal_spi.c ****   {
2238:Drivers/STM32F4xx_HAL_Driver/Src/stm32f4xx_hal_spi.c ****     /* Abort the SPI DMA Tx Stream/Channel */
2239:Drivers/STM32F4xx_HAL_Driver/Src/stm32f4xx_hal_spi.c ****     if (hspi->hdmatx != NULL)
2240:Drivers/STM32F4xx_HAL_Driver/Src/stm32f4xx_hal_spi.c ****     {
2241:Drivers/STM32F4xx_HAL_Driver/Src/stm32f4xx_hal_spi.c ****       /* Abort DMA Tx Handle linked to SPI Peripheral */
2242:Drivers/STM32F4xx_HAL_Driver/Src/stm32f4xx_hal_spi.c ****       if (HAL_DMA_Abort_IT(hspi->hdmatx) != HAL_OK)
2243:Drivers/STM32F4xx_HAL_Driver/Src/stm32f4xx_hal_spi.c ****       {
2244:Drivers/STM32F4xx_HAL_Driver/Src/stm32f4xx_hal_spi.c ****         hspi->hdmatx->XferAbortCallback = NULL;
2245:Drivers/STM32F4xx_HAL_Driver/Src/stm32f4xx_hal_spi.c ****         hspi->ErrorCode = HAL_SPI_ERROR_ABORT;
2246:Drivers/STM32F4xx_HAL_Driver/Src/stm32f4xx_hal_spi.c ****       }
2247:Drivers/STM32F4xx_HAL_Driver/Src/stm32f4xx_hal_spi.c ****       else
2248:Drivers/STM32F4xx_HAL_Driver/Src/stm32f4xx_hal_spi.c ****       {
2249:Drivers/STM32F4xx_HAL_Driver/Src/stm32f4xx_hal_spi.c ****         abortcplt = 0U;
2250:Drivers/STM32F4xx_HAL_Driver/Src/stm32f4xx_hal_spi.c ****       }
2251:Drivers/STM32F4xx_HAL_Driver/Src/stm32f4xx_hal_spi.c ****     }
2252:Drivers/STM32F4xx_HAL_Driver/Src/stm32f4xx_hal_spi.c ****   }
2253:Drivers/STM32F4xx_HAL_Driver/Src/stm32f4xx_hal_spi.c ****   /* Disable the SPI DMA Rx request if enabled */
ARM GAS  /tmp/cci2ucsl.s 			page 41


2254:Drivers/STM32F4xx_HAL_Driver/Src/stm32f4xx_hal_spi.c ****   if (HAL_IS_BIT_SET(hspi->Instance->CR2, SPI_CR2_RXDMAEN))
2255:Drivers/STM32F4xx_HAL_Driver/Src/stm32f4xx_hal_spi.c ****   {
2256:Drivers/STM32F4xx_HAL_Driver/Src/stm32f4xx_hal_spi.c ****     /* Abort the SPI DMA Rx Stream/Channel */
2257:Drivers/STM32F4xx_HAL_Driver/Src/stm32f4xx_hal_spi.c ****     if (hspi->hdmarx != NULL)
2258:Drivers/STM32F4xx_HAL_Driver/Src/stm32f4xx_hal_spi.c ****     {
2259:Drivers/STM32F4xx_HAL_Driver/Src/stm32f4xx_hal_spi.c ****       /* Abort DMA Rx Handle linked to SPI Peripheral */
2260:Drivers/STM32F4xx_HAL_Driver/Src/stm32f4xx_hal_spi.c ****       if (HAL_DMA_Abort_IT(hspi->hdmarx) !=  HAL_OK)
2261:Drivers/STM32F4xx_HAL_Driver/Src/stm32f4xx_hal_spi.c ****       {
2262:Drivers/STM32F4xx_HAL_Driver/Src/stm32f4xx_hal_spi.c ****         hspi->hdmarx->XferAbortCallback = NULL;
2263:Drivers/STM32F4xx_HAL_Driver/Src/stm32f4xx_hal_spi.c ****         hspi->ErrorCode = HAL_SPI_ERROR_ABORT;
2264:Drivers/STM32F4xx_HAL_Driver/Src/stm32f4xx_hal_spi.c ****       }
2265:Drivers/STM32F4xx_HAL_Driver/Src/stm32f4xx_hal_spi.c ****       else
2266:Drivers/STM32F4xx_HAL_Driver/Src/stm32f4xx_hal_spi.c ****       {
2267:Drivers/STM32F4xx_HAL_Driver/Src/stm32f4xx_hal_spi.c ****         abortcplt = 0U;
2268:Drivers/STM32F4xx_HAL_Driver/Src/stm32f4xx_hal_spi.c ****       }
2269:Drivers/STM32F4xx_HAL_Driver/Src/stm32f4xx_hal_spi.c ****     }
2270:Drivers/STM32F4xx_HAL_Driver/Src/stm32f4xx_hal_spi.c ****   }
2271:Drivers/STM32F4xx_HAL_Driver/Src/stm32f4xx_hal_spi.c **** 
2272:Drivers/STM32F4xx_HAL_Driver/Src/stm32f4xx_hal_spi.c ****   if (abortcplt == 1U)
2273:Drivers/STM32F4xx_HAL_Driver/Src/stm32f4xx_hal_spi.c ****   {
2274:Drivers/STM32F4xx_HAL_Driver/Src/stm32f4xx_hal_spi.c ****     /* Reset Tx and Rx transfer counters */
2275:Drivers/STM32F4xx_HAL_Driver/Src/stm32f4xx_hal_spi.c ****     hspi->RxXferCount = 0U;
2276:Drivers/STM32F4xx_HAL_Driver/Src/stm32f4xx_hal_spi.c ****     hspi->TxXferCount = 0U;
2277:Drivers/STM32F4xx_HAL_Driver/Src/stm32f4xx_hal_spi.c **** 
2278:Drivers/STM32F4xx_HAL_Driver/Src/stm32f4xx_hal_spi.c ****     /* Check error during Abort procedure */
2279:Drivers/STM32F4xx_HAL_Driver/Src/stm32f4xx_hal_spi.c ****     if (hspi->ErrorCode == HAL_SPI_ERROR_ABORT)
2280:Drivers/STM32F4xx_HAL_Driver/Src/stm32f4xx_hal_spi.c ****     {
2281:Drivers/STM32F4xx_HAL_Driver/Src/stm32f4xx_hal_spi.c ****       /* return HAL_Error in case of error during Abort procedure */
2282:Drivers/STM32F4xx_HAL_Driver/Src/stm32f4xx_hal_spi.c ****       errorcode = HAL_ERROR;
2283:Drivers/STM32F4xx_HAL_Driver/Src/stm32f4xx_hal_spi.c ****     }
2284:Drivers/STM32F4xx_HAL_Driver/Src/stm32f4xx_hal_spi.c ****     else
2285:Drivers/STM32F4xx_HAL_Driver/Src/stm32f4xx_hal_spi.c ****     {
2286:Drivers/STM32F4xx_HAL_Driver/Src/stm32f4xx_hal_spi.c ****       /* Reset errorCode */
2287:Drivers/STM32F4xx_HAL_Driver/Src/stm32f4xx_hal_spi.c ****       hspi->ErrorCode = HAL_SPI_ERROR_NONE;
2288:Drivers/STM32F4xx_HAL_Driver/Src/stm32f4xx_hal_spi.c ****     }
2289:Drivers/STM32F4xx_HAL_Driver/Src/stm32f4xx_hal_spi.c **** 
2290:Drivers/STM32F4xx_HAL_Driver/Src/stm32f4xx_hal_spi.c ****     /* Clear the Error flags in the SR register */
2291:Drivers/STM32F4xx_HAL_Driver/Src/stm32f4xx_hal_spi.c ****     __HAL_SPI_CLEAR_OVRFLAG(hspi);
2292:Drivers/STM32F4xx_HAL_Driver/Src/stm32f4xx_hal_spi.c ****     __HAL_SPI_CLEAR_FREFLAG(hspi);
2293:Drivers/STM32F4xx_HAL_Driver/Src/stm32f4xx_hal_spi.c **** 
2294:Drivers/STM32F4xx_HAL_Driver/Src/stm32f4xx_hal_spi.c ****     /* Restore hspi->State to Ready */
2295:Drivers/STM32F4xx_HAL_Driver/Src/stm32f4xx_hal_spi.c ****     hspi->State = HAL_SPI_STATE_READY;
2296:Drivers/STM32F4xx_HAL_Driver/Src/stm32f4xx_hal_spi.c **** 
2297:Drivers/STM32F4xx_HAL_Driver/Src/stm32f4xx_hal_spi.c ****     /* As no DMA to be aborted, call directly user Abort complete callback */
2298:Drivers/STM32F4xx_HAL_Driver/Src/stm32f4xx_hal_spi.c **** #if (USE_HAL_SPI_REGISTER_CALLBACKS == 1U)
2299:Drivers/STM32F4xx_HAL_Driver/Src/stm32f4xx_hal_spi.c ****     hspi->AbortCpltCallback(hspi);
2300:Drivers/STM32F4xx_HAL_Driver/Src/stm32f4xx_hal_spi.c **** #else
2301:Drivers/STM32F4xx_HAL_Driver/Src/stm32f4xx_hal_spi.c ****     HAL_SPI_AbortCpltCallback(hspi);
2302:Drivers/STM32F4xx_HAL_Driver/Src/stm32f4xx_hal_spi.c **** #endif /* USE_HAL_SPI_REGISTER_CALLBACKS */
2303:Drivers/STM32F4xx_HAL_Driver/Src/stm32f4xx_hal_spi.c ****   }
2304:Drivers/STM32F4xx_HAL_Driver/Src/stm32f4xx_hal_spi.c **** 
2305:Drivers/STM32F4xx_HAL_Driver/Src/stm32f4xx_hal_spi.c ****   return errorcode;
2306:Drivers/STM32F4xx_HAL_Driver/Src/stm32f4xx_hal_spi.c **** }
2307:Drivers/STM32F4xx_HAL_Driver/Src/stm32f4xx_hal_spi.c **** 
2308:Drivers/STM32F4xx_HAL_Driver/Src/stm32f4xx_hal_spi.c **** /**
2309:Drivers/STM32F4xx_HAL_Driver/Src/stm32f4xx_hal_spi.c ****   * @brief  Pause the DMA Transfer.
2310:Drivers/STM32F4xx_HAL_Driver/Src/stm32f4xx_hal_spi.c ****   * @param  hspi pointer to a SPI_HandleTypeDef structure that contains
ARM GAS  /tmp/cci2ucsl.s 			page 42


2311:Drivers/STM32F4xx_HAL_Driver/Src/stm32f4xx_hal_spi.c ****   *               the configuration information for the specified SPI module.
2312:Drivers/STM32F4xx_HAL_Driver/Src/stm32f4xx_hal_spi.c ****   * @retval HAL status
2313:Drivers/STM32F4xx_HAL_Driver/Src/stm32f4xx_hal_spi.c ****   */
2314:Drivers/STM32F4xx_HAL_Driver/Src/stm32f4xx_hal_spi.c **** HAL_StatusTypeDef HAL_SPI_DMAPause(SPI_HandleTypeDef *hspi)
2315:Drivers/STM32F4xx_HAL_Driver/Src/stm32f4xx_hal_spi.c **** {
2316:Drivers/STM32F4xx_HAL_Driver/Src/stm32f4xx_hal_spi.c ****   /* Process Locked */
2317:Drivers/STM32F4xx_HAL_Driver/Src/stm32f4xx_hal_spi.c ****   __HAL_LOCK(hspi);
2318:Drivers/STM32F4xx_HAL_Driver/Src/stm32f4xx_hal_spi.c **** 
2319:Drivers/STM32F4xx_HAL_Driver/Src/stm32f4xx_hal_spi.c ****   /* Disable the SPI DMA Tx & Rx requests */
2320:Drivers/STM32F4xx_HAL_Driver/Src/stm32f4xx_hal_spi.c ****   CLEAR_BIT(hspi->Instance->CR2, SPI_CR2_TXDMAEN | SPI_CR2_RXDMAEN);
2321:Drivers/STM32F4xx_HAL_Driver/Src/stm32f4xx_hal_spi.c **** 
2322:Drivers/STM32F4xx_HAL_Driver/Src/stm32f4xx_hal_spi.c ****   /* Process Unlocked */
2323:Drivers/STM32F4xx_HAL_Driver/Src/stm32f4xx_hal_spi.c ****   __HAL_UNLOCK(hspi);
2324:Drivers/STM32F4xx_HAL_Driver/Src/stm32f4xx_hal_spi.c **** 
2325:Drivers/STM32F4xx_HAL_Driver/Src/stm32f4xx_hal_spi.c ****   return HAL_OK;
2326:Drivers/STM32F4xx_HAL_Driver/Src/stm32f4xx_hal_spi.c **** }
2327:Drivers/STM32F4xx_HAL_Driver/Src/stm32f4xx_hal_spi.c **** 
2328:Drivers/STM32F4xx_HAL_Driver/Src/stm32f4xx_hal_spi.c **** /**
2329:Drivers/STM32F4xx_HAL_Driver/Src/stm32f4xx_hal_spi.c ****   * @brief  Resume the DMA Transfer.
2330:Drivers/STM32F4xx_HAL_Driver/Src/stm32f4xx_hal_spi.c ****   * @param  hspi pointer to a SPI_HandleTypeDef structure that contains
2331:Drivers/STM32F4xx_HAL_Driver/Src/stm32f4xx_hal_spi.c ****   *               the configuration information for the specified SPI module.
2332:Drivers/STM32F4xx_HAL_Driver/Src/stm32f4xx_hal_spi.c ****   * @retval HAL status
2333:Drivers/STM32F4xx_HAL_Driver/Src/stm32f4xx_hal_spi.c ****   */
2334:Drivers/STM32F4xx_HAL_Driver/Src/stm32f4xx_hal_spi.c **** HAL_StatusTypeDef HAL_SPI_DMAResume(SPI_HandleTypeDef *hspi)
2335:Drivers/STM32F4xx_HAL_Driver/Src/stm32f4xx_hal_spi.c **** {
2336:Drivers/STM32F4xx_HAL_Driver/Src/stm32f4xx_hal_spi.c ****   /* Process Locked */
2337:Drivers/STM32F4xx_HAL_Driver/Src/stm32f4xx_hal_spi.c ****   __HAL_LOCK(hspi);
2338:Drivers/STM32F4xx_HAL_Driver/Src/stm32f4xx_hal_spi.c **** 
2339:Drivers/STM32F4xx_HAL_Driver/Src/stm32f4xx_hal_spi.c ****   /* Enable the SPI DMA Tx & Rx requests */
2340:Drivers/STM32F4xx_HAL_Driver/Src/stm32f4xx_hal_spi.c ****   SET_BIT(hspi->Instance->CR2, SPI_CR2_TXDMAEN | SPI_CR2_RXDMAEN);
2341:Drivers/STM32F4xx_HAL_Driver/Src/stm32f4xx_hal_spi.c **** 
2342:Drivers/STM32F4xx_HAL_Driver/Src/stm32f4xx_hal_spi.c ****   /* Process Unlocked */
2343:Drivers/STM32F4xx_HAL_Driver/Src/stm32f4xx_hal_spi.c ****   __HAL_UNLOCK(hspi);
2344:Drivers/STM32F4xx_HAL_Driver/Src/stm32f4xx_hal_spi.c **** 
2345:Drivers/STM32F4xx_HAL_Driver/Src/stm32f4xx_hal_spi.c ****   return HAL_OK;
2346:Drivers/STM32F4xx_HAL_Driver/Src/stm32f4xx_hal_spi.c **** }
2347:Drivers/STM32F4xx_HAL_Driver/Src/stm32f4xx_hal_spi.c **** 
2348:Drivers/STM32F4xx_HAL_Driver/Src/stm32f4xx_hal_spi.c **** /**
2349:Drivers/STM32F4xx_HAL_Driver/Src/stm32f4xx_hal_spi.c ****   * @brief  Stop the DMA Transfer.
2350:Drivers/STM32F4xx_HAL_Driver/Src/stm32f4xx_hal_spi.c ****   * @param  hspi pointer to a SPI_HandleTypeDef structure that contains
2351:Drivers/STM32F4xx_HAL_Driver/Src/stm32f4xx_hal_spi.c ****   *               the configuration information for the specified SPI module.
2352:Drivers/STM32F4xx_HAL_Driver/Src/stm32f4xx_hal_spi.c ****   * @retval HAL status
2353:Drivers/STM32F4xx_HAL_Driver/Src/stm32f4xx_hal_spi.c ****   */
2354:Drivers/STM32F4xx_HAL_Driver/Src/stm32f4xx_hal_spi.c **** HAL_StatusTypeDef HAL_SPI_DMAStop(SPI_HandleTypeDef *hspi)
2355:Drivers/STM32F4xx_HAL_Driver/Src/stm32f4xx_hal_spi.c **** {
2356:Drivers/STM32F4xx_HAL_Driver/Src/stm32f4xx_hal_spi.c ****   HAL_StatusTypeDef errorcode = HAL_OK;
2357:Drivers/STM32F4xx_HAL_Driver/Src/stm32f4xx_hal_spi.c ****   /* The Lock is not implemented on this API to allow the user application
2358:Drivers/STM32F4xx_HAL_Driver/Src/stm32f4xx_hal_spi.c ****      to call the HAL SPI API under callbacks HAL_SPI_TxCpltCallback() or HAL_SPI_RxCpltCallback() o
2359:Drivers/STM32F4xx_HAL_Driver/Src/stm32f4xx_hal_spi.c ****      HAL_SPI_TxRxCpltCallback():
2360:Drivers/STM32F4xx_HAL_Driver/Src/stm32f4xx_hal_spi.c ****      when calling HAL_DMA_Abort() API the DMA TX/RX Transfer complete interrupt is generated
2361:Drivers/STM32F4xx_HAL_Driver/Src/stm32f4xx_hal_spi.c ****      and the correspond call back is executed HAL_SPI_TxCpltCallback() or HAL_SPI_RxCpltCallback() 
2362:Drivers/STM32F4xx_HAL_Driver/Src/stm32f4xx_hal_spi.c ****      HAL_SPI_TxRxCpltCallback()
2363:Drivers/STM32F4xx_HAL_Driver/Src/stm32f4xx_hal_spi.c ****      */
2364:Drivers/STM32F4xx_HAL_Driver/Src/stm32f4xx_hal_spi.c **** 
2365:Drivers/STM32F4xx_HAL_Driver/Src/stm32f4xx_hal_spi.c ****   /* Abort the SPI DMA tx Stream/Channel  */
2366:Drivers/STM32F4xx_HAL_Driver/Src/stm32f4xx_hal_spi.c ****   if (hspi->hdmatx != NULL)
2367:Drivers/STM32F4xx_HAL_Driver/Src/stm32f4xx_hal_spi.c ****   {
ARM GAS  /tmp/cci2ucsl.s 			page 43


2368:Drivers/STM32F4xx_HAL_Driver/Src/stm32f4xx_hal_spi.c ****     if (HAL_OK != HAL_DMA_Abort(hspi->hdmatx))
2369:Drivers/STM32F4xx_HAL_Driver/Src/stm32f4xx_hal_spi.c ****     {
2370:Drivers/STM32F4xx_HAL_Driver/Src/stm32f4xx_hal_spi.c ****       SET_BIT(hspi->ErrorCode, HAL_SPI_ERROR_DMA);
2371:Drivers/STM32F4xx_HAL_Driver/Src/stm32f4xx_hal_spi.c ****       errorcode = HAL_ERROR;
2372:Drivers/STM32F4xx_HAL_Driver/Src/stm32f4xx_hal_spi.c ****     }
2373:Drivers/STM32F4xx_HAL_Driver/Src/stm32f4xx_hal_spi.c ****   }
2374:Drivers/STM32F4xx_HAL_Driver/Src/stm32f4xx_hal_spi.c ****   /* Abort the SPI DMA rx Stream/Channel  */
2375:Drivers/STM32F4xx_HAL_Driver/Src/stm32f4xx_hal_spi.c ****   if (hspi->hdmarx != NULL)
2376:Drivers/STM32F4xx_HAL_Driver/Src/stm32f4xx_hal_spi.c ****   {
2377:Drivers/STM32F4xx_HAL_Driver/Src/stm32f4xx_hal_spi.c ****     if (HAL_OK != HAL_DMA_Abort(hspi->hdmarx))
2378:Drivers/STM32F4xx_HAL_Driver/Src/stm32f4xx_hal_spi.c ****     {
2379:Drivers/STM32F4xx_HAL_Driver/Src/stm32f4xx_hal_spi.c ****       SET_BIT(hspi->ErrorCode, HAL_SPI_ERROR_DMA);
2380:Drivers/STM32F4xx_HAL_Driver/Src/stm32f4xx_hal_spi.c ****       errorcode = HAL_ERROR;
2381:Drivers/STM32F4xx_HAL_Driver/Src/stm32f4xx_hal_spi.c ****     }
2382:Drivers/STM32F4xx_HAL_Driver/Src/stm32f4xx_hal_spi.c ****   }
2383:Drivers/STM32F4xx_HAL_Driver/Src/stm32f4xx_hal_spi.c **** 
2384:Drivers/STM32F4xx_HAL_Driver/Src/stm32f4xx_hal_spi.c ****   /* Disable the SPI DMA Tx & Rx requests */
2385:Drivers/STM32F4xx_HAL_Driver/Src/stm32f4xx_hal_spi.c ****   CLEAR_BIT(hspi->Instance->CR2, SPI_CR2_TXDMAEN | SPI_CR2_RXDMAEN);
2386:Drivers/STM32F4xx_HAL_Driver/Src/stm32f4xx_hal_spi.c ****   hspi->State = HAL_SPI_STATE_READY;
2387:Drivers/STM32F4xx_HAL_Driver/Src/stm32f4xx_hal_spi.c ****   return errorcode;
2388:Drivers/STM32F4xx_HAL_Driver/Src/stm32f4xx_hal_spi.c **** }
2389:Drivers/STM32F4xx_HAL_Driver/Src/stm32f4xx_hal_spi.c **** 
2390:Drivers/STM32F4xx_HAL_Driver/Src/stm32f4xx_hal_spi.c **** /**
2391:Drivers/STM32F4xx_HAL_Driver/Src/stm32f4xx_hal_spi.c ****   * @brief  Handle SPI interrupt request.
2392:Drivers/STM32F4xx_HAL_Driver/Src/stm32f4xx_hal_spi.c ****   * @param  hspi pointer to a SPI_HandleTypeDef structure that contains
2393:Drivers/STM32F4xx_HAL_Driver/Src/stm32f4xx_hal_spi.c ****   *               the configuration information for the specified SPI module.
2394:Drivers/STM32F4xx_HAL_Driver/Src/stm32f4xx_hal_spi.c ****   * @retval None
2395:Drivers/STM32F4xx_HAL_Driver/Src/stm32f4xx_hal_spi.c ****   */
2396:Drivers/STM32F4xx_HAL_Driver/Src/stm32f4xx_hal_spi.c **** void HAL_SPI_IRQHandler(SPI_HandleTypeDef *hspi)
2397:Drivers/STM32F4xx_HAL_Driver/Src/stm32f4xx_hal_spi.c **** {
2398:Drivers/STM32F4xx_HAL_Driver/Src/stm32f4xx_hal_spi.c ****   uint32_t itsource = hspi->Instance->CR2;
2399:Drivers/STM32F4xx_HAL_Driver/Src/stm32f4xx_hal_spi.c ****   uint32_t itflag   = hspi->Instance->SR;
2400:Drivers/STM32F4xx_HAL_Driver/Src/stm32f4xx_hal_spi.c **** 
2401:Drivers/STM32F4xx_HAL_Driver/Src/stm32f4xx_hal_spi.c ****   /* SPI in mode Receiver ----------------------------------------------------*/
2402:Drivers/STM32F4xx_HAL_Driver/Src/stm32f4xx_hal_spi.c ****   if ((SPI_CHECK_FLAG(itflag, SPI_FLAG_OVR) == RESET) &&
2403:Drivers/STM32F4xx_HAL_Driver/Src/stm32f4xx_hal_spi.c ****       (SPI_CHECK_FLAG(itflag, SPI_FLAG_RXNE) != RESET) && (SPI_CHECK_IT_SOURCE(itsource, SPI_IT_RXN
2404:Drivers/STM32F4xx_HAL_Driver/Src/stm32f4xx_hal_spi.c ****   {
2405:Drivers/STM32F4xx_HAL_Driver/Src/stm32f4xx_hal_spi.c ****     hspi->RxISR(hspi);
2406:Drivers/STM32F4xx_HAL_Driver/Src/stm32f4xx_hal_spi.c ****     return;
2407:Drivers/STM32F4xx_HAL_Driver/Src/stm32f4xx_hal_spi.c ****   }
2408:Drivers/STM32F4xx_HAL_Driver/Src/stm32f4xx_hal_spi.c **** 
2409:Drivers/STM32F4xx_HAL_Driver/Src/stm32f4xx_hal_spi.c ****   /* SPI in mode Transmitter -------------------------------------------------*/
2410:Drivers/STM32F4xx_HAL_Driver/Src/stm32f4xx_hal_spi.c ****   if ((SPI_CHECK_FLAG(itflag, SPI_FLAG_TXE) != RESET) && (SPI_CHECK_IT_SOURCE(itsource, SPI_IT_TXE)
2411:Drivers/STM32F4xx_HAL_Driver/Src/stm32f4xx_hal_spi.c ****   {
2412:Drivers/STM32F4xx_HAL_Driver/Src/stm32f4xx_hal_spi.c ****     hspi->TxISR(hspi);
2413:Drivers/STM32F4xx_HAL_Driver/Src/stm32f4xx_hal_spi.c ****     return;
2414:Drivers/STM32F4xx_HAL_Driver/Src/stm32f4xx_hal_spi.c ****   }
2415:Drivers/STM32F4xx_HAL_Driver/Src/stm32f4xx_hal_spi.c **** 
2416:Drivers/STM32F4xx_HAL_Driver/Src/stm32f4xx_hal_spi.c ****   /* SPI in Error Treatment --------------------------------------------------*/
2417:Drivers/STM32F4xx_HAL_Driver/Src/stm32f4xx_hal_spi.c ****   if (((SPI_CHECK_FLAG(itflag, SPI_FLAG_MODF) != RESET) || (SPI_CHECK_FLAG(itflag, SPI_FLAG_OVR) !=
2418:Drivers/STM32F4xx_HAL_Driver/Src/stm32f4xx_hal_spi.c ****        || (SPI_CHECK_FLAG(itflag, SPI_FLAG_FRE) != RESET)) && (SPI_CHECK_IT_SOURCE(itsource, SPI_IT
2419:Drivers/STM32F4xx_HAL_Driver/Src/stm32f4xx_hal_spi.c ****   {
2420:Drivers/STM32F4xx_HAL_Driver/Src/stm32f4xx_hal_spi.c ****     /* SPI Overrun error interrupt occurred ----------------------------------*/
2421:Drivers/STM32F4xx_HAL_Driver/Src/stm32f4xx_hal_spi.c ****     if (SPI_CHECK_FLAG(itflag, SPI_FLAG_OVR) != RESET)
2422:Drivers/STM32F4xx_HAL_Driver/Src/stm32f4xx_hal_spi.c ****     {
2423:Drivers/STM32F4xx_HAL_Driver/Src/stm32f4xx_hal_spi.c ****       if (hspi->State != HAL_SPI_STATE_BUSY_TX)
2424:Drivers/STM32F4xx_HAL_Driver/Src/stm32f4xx_hal_spi.c ****       {
ARM GAS  /tmp/cci2ucsl.s 			page 44


2425:Drivers/STM32F4xx_HAL_Driver/Src/stm32f4xx_hal_spi.c ****         SET_BIT(hspi->ErrorCode, HAL_SPI_ERROR_OVR);
2426:Drivers/STM32F4xx_HAL_Driver/Src/stm32f4xx_hal_spi.c ****         __HAL_SPI_CLEAR_OVRFLAG(hspi);
2427:Drivers/STM32F4xx_HAL_Driver/Src/stm32f4xx_hal_spi.c ****       }
2428:Drivers/STM32F4xx_HAL_Driver/Src/stm32f4xx_hal_spi.c ****       else
2429:Drivers/STM32F4xx_HAL_Driver/Src/stm32f4xx_hal_spi.c ****       {
2430:Drivers/STM32F4xx_HAL_Driver/Src/stm32f4xx_hal_spi.c ****         __HAL_SPI_CLEAR_OVRFLAG(hspi);
2431:Drivers/STM32F4xx_HAL_Driver/Src/stm32f4xx_hal_spi.c ****         return;
2432:Drivers/STM32F4xx_HAL_Driver/Src/stm32f4xx_hal_spi.c ****       }
2433:Drivers/STM32F4xx_HAL_Driver/Src/stm32f4xx_hal_spi.c ****     }
2434:Drivers/STM32F4xx_HAL_Driver/Src/stm32f4xx_hal_spi.c **** 
2435:Drivers/STM32F4xx_HAL_Driver/Src/stm32f4xx_hal_spi.c ****     /* SPI Mode Fault error interrupt occurred -------------------------------*/
2436:Drivers/STM32F4xx_HAL_Driver/Src/stm32f4xx_hal_spi.c ****     if (SPI_CHECK_FLAG(itflag, SPI_FLAG_MODF) != RESET)
2437:Drivers/STM32F4xx_HAL_Driver/Src/stm32f4xx_hal_spi.c ****     {
2438:Drivers/STM32F4xx_HAL_Driver/Src/stm32f4xx_hal_spi.c ****       SET_BIT(hspi->ErrorCode, HAL_SPI_ERROR_MODF);
2439:Drivers/STM32F4xx_HAL_Driver/Src/stm32f4xx_hal_spi.c ****       __HAL_SPI_CLEAR_MODFFLAG(hspi);
2440:Drivers/STM32F4xx_HAL_Driver/Src/stm32f4xx_hal_spi.c ****     }
2441:Drivers/STM32F4xx_HAL_Driver/Src/stm32f4xx_hal_spi.c **** 
2442:Drivers/STM32F4xx_HAL_Driver/Src/stm32f4xx_hal_spi.c ****     /* SPI Frame error interrupt occurred ------------------------------------*/
2443:Drivers/STM32F4xx_HAL_Driver/Src/stm32f4xx_hal_spi.c ****     if (SPI_CHECK_FLAG(itflag, SPI_FLAG_FRE) != RESET)
2444:Drivers/STM32F4xx_HAL_Driver/Src/stm32f4xx_hal_spi.c ****     {
2445:Drivers/STM32F4xx_HAL_Driver/Src/stm32f4xx_hal_spi.c ****       SET_BIT(hspi->ErrorCode, HAL_SPI_ERROR_FRE);
2446:Drivers/STM32F4xx_HAL_Driver/Src/stm32f4xx_hal_spi.c ****       __HAL_SPI_CLEAR_FREFLAG(hspi);
2447:Drivers/STM32F4xx_HAL_Driver/Src/stm32f4xx_hal_spi.c ****     }
2448:Drivers/STM32F4xx_HAL_Driver/Src/stm32f4xx_hal_spi.c **** 
2449:Drivers/STM32F4xx_HAL_Driver/Src/stm32f4xx_hal_spi.c ****     if (hspi->ErrorCode != HAL_SPI_ERROR_NONE)
2450:Drivers/STM32F4xx_HAL_Driver/Src/stm32f4xx_hal_spi.c ****     {
2451:Drivers/STM32F4xx_HAL_Driver/Src/stm32f4xx_hal_spi.c ****       /* Disable all interrupts */
2452:Drivers/STM32F4xx_HAL_Driver/Src/stm32f4xx_hal_spi.c ****       __HAL_SPI_DISABLE_IT(hspi, SPI_IT_RXNE | SPI_IT_TXE | SPI_IT_ERR);
2453:Drivers/STM32F4xx_HAL_Driver/Src/stm32f4xx_hal_spi.c **** 
2454:Drivers/STM32F4xx_HAL_Driver/Src/stm32f4xx_hal_spi.c ****       hspi->State = HAL_SPI_STATE_READY;
2455:Drivers/STM32F4xx_HAL_Driver/Src/stm32f4xx_hal_spi.c ****       /* Disable the SPI DMA requests if enabled */
2456:Drivers/STM32F4xx_HAL_Driver/Src/stm32f4xx_hal_spi.c ****       if ((HAL_IS_BIT_SET(itsource, SPI_CR2_TXDMAEN)) || (HAL_IS_BIT_SET(itsource, SPI_CR2_RXDMAEN)
2457:Drivers/STM32F4xx_HAL_Driver/Src/stm32f4xx_hal_spi.c ****       {
2458:Drivers/STM32F4xx_HAL_Driver/Src/stm32f4xx_hal_spi.c ****         CLEAR_BIT(hspi->Instance->CR2, (SPI_CR2_TXDMAEN | SPI_CR2_RXDMAEN));
2459:Drivers/STM32F4xx_HAL_Driver/Src/stm32f4xx_hal_spi.c **** 
2460:Drivers/STM32F4xx_HAL_Driver/Src/stm32f4xx_hal_spi.c ****         /* Abort the SPI DMA Rx channel */
2461:Drivers/STM32F4xx_HAL_Driver/Src/stm32f4xx_hal_spi.c ****         if (hspi->hdmarx != NULL)
2462:Drivers/STM32F4xx_HAL_Driver/Src/stm32f4xx_hal_spi.c ****         {
2463:Drivers/STM32F4xx_HAL_Driver/Src/stm32f4xx_hal_spi.c ****           /* Set the SPI DMA Abort callback :
2464:Drivers/STM32F4xx_HAL_Driver/Src/stm32f4xx_hal_spi.c ****           will lead to call HAL_SPI_ErrorCallback() at end of DMA abort procedure */
2465:Drivers/STM32F4xx_HAL_Driver/Src/stm32f4xx_hal_spi.c ****           hspi->hdmarx->XferAbortCallback = SPI_DMAAbortOnError;
2466:Drivers/STM32F4xx_HAL_Driver/Src/stm32f4xx_hal_spi.c ****           if (HAL_OK != HAL_DMA_Abort_IT(hspi->hdmarx))
2467:Drivers/STM32F4xx_HAL_Driver/Src/stm32f4xx_hal_spi.c ****           {
2468:Drivers/STM32F4xx_HAL_Driver/Src/stm32f4xx_hal_spi.c ****             SET_BIT(hspi->ErrorCode, HAL_SPI_ERROR_ABORT);
2469:Drivers/STM32F4xx_HAL_Driver/Src/stm32f4xx_hal_spi.c ****           }
2470:Drivers/STM32F4xx_HAL_Driver/Src/stm32f4xx_hal_spi.c ****         }
2471:Drivers/STM32F4xx_HAL_Driver/Src/stm32f4xx_hal_spi.c ****         /* Abort the SPI DMA Tx channel */
2472:Drivers/STM32F4xx_HAL_Driver/Src/stm32f4xx_hal_spi.c ****         if (hspi->hdmatx != NULL)
2473:Drivers/STM32F4xx_HAL_Driver/Src/stm32f4xx_hal_spi.c ****         {
2474:Drivers/STM32F4xx_HAL_Driver/Src/stm32f4xx_hal_spi.c ****           /* Set the SPI DMA Abort callback :
2475:Drivers/STM32F4xx_HAL_Driver/Src/stm32f4xx_hal_spi.c ****           will lead to call HAL_SPI_ErrorCallback() at end of DMA abort procedure */
2476:Drivers/STM32F4xx_HAL_Driver/Src/stm32f4xx_hal_spi.c ****           hspi->hdmatx->XferAbortCallback = SPI_DMAAbortOnError;
2477:Drivers/STM32F4xx_HAL_Driver/Src/stm32f4xx_hal_spi.c ****           if (HAL_OK != HAL_DMA_Abort_IT(hspi->hdmatx))
2478:Drivers/STM32F4xx_HAL_Driver/Src/stm32f4xx_hal_spi.c ****           {
2479:Drivers/STM32F4xx_HAL_Driver/Src/stm32f4xx_hal_spi.c ****             SET_BIT(hspi->ErrorCode, HAL_SPI_ERROR_ABORT);
2480:Drivers/STM32F4xx_HAL_Driver/Src/stm32f4xx_hal_spi.c ****           }
2481:Drivers/STM32F4xx_HAL_Driver/Src/stm32f4xx_hal_spi.c ****         }
ARM GAS  /tmp/cci2ucsl.s 			page 45


2482:Drivers/STM32F4xx_HAL_Driver/Src/stm32f4xx_hal_spi.c ****       }
2483:Drivers/STM32F4xx_HAL_Driver/Src/stm32f4xx_hal_spi.c ****       else
2484:Drivers/STM32F4xx_HAL_Driver/Src/stm32f4xx_hal_spi.c ****       {
2485:Drivers/STM32F4xx_HAL_Driver/Src/stm32f4xx_hal_spi.c ****         /* Call user error callback */
2486:Drivers/STM32F4xx_HAL_Driver/Src/stm32f4xx_hal_spi.c **** #if (USE_HAL_SPI_REGISTER_CALLBACKS == 1U)
2487:Drivers/STM32F4xx_HAL_Driver/Src/stm32f4xx_hal_spi.c ****         hspi->ErrorCallback(hspi);
2488:Drivers/STM32F4xx_HAL_Driver/Src/stm32f4xx_hal_spi.c **** #else
2489:Drivers/STM32F4xx_HAL_Driver/Src/stm32f4xx_hal_spi.c ****         HAL_SPI_ErrorCallback(hspi);
2490:Drivers/STM32F4xx_HAL_Driver/Src/stm32f4xx_hal_spi.c **** #endif /* USE_HAL_SPI_REGISTER_CALLBACKS */
2491:Drivers/STM32F4xx_HAL_Driver/Src/stm32f4xx_hal_spi.c ****       }
2492:Drivers/STM32F4xx_HAL_Driver/Src/stm32f4xx_hal_spi.c ****     }
2493:Drivers/STM32F4xx_HAL_Driver/Src/stm32f4xx_hal_spi.c ****     return;
2494:Drivers/STM32F4xx_HAL_Driver/Src/stm32f4xx_hal_spi.c ****   }
2495:Drivers/STM32F4xx_HAL_Driver/Src/stm32f4xx_hal_spi.c **** }
2496:Drivers/STM32F4xx_HAL_Driver/Src/stm32f4xx_hal_spi.c **** 
2497:Drivers/STM32F4xx_HAL_Driver/Src/stm32f4xx_hal_spi.c **** /**
2498:Drivers/STM32F4xx_HAL_Driver/Src/stm32f4xx_hal_spi.c ****   * @brief  Tx Transfer completed callback.
2499:Drivers/STM32F4xx_HAL_Driver/Src/stm32f4xx_hal_spi.c ****   * @param  hspi pointer to a SPI_HandleTypeDef structure that contains
2500:Drivers/STM32F4xx_HAL_Driver/Src/stm32f4xx_hal_spi.c ****   *               the configuration information for SPI module.
2501:Drivers/STM32F4xx_HAL_Driver/Src/stm32f4xx_hal_spi.c ****   * @retval None
2502:Drivers/STM32F4xx_HAL_Driver/Src/stm32f4xx_hal_spi.c ****   */
2503:Drivers/STM32F4xx_HAL_Driver/Src/stm32f4xx_hal_spi.c **** __weak void HAL_SPI_TxCpltCallback(SPI_HandleTypeDef *hspi)
2504:Drivers/STM32F4xx_HAL_Driver/Src/stm32f4xx_hal_spi.c **** {
2505:Drivers/STM32F4xx_HAL_Driver/Src/stm32f4xx_hal_spi.c ****   /* Prevent unused argument(s) compilation warning */
2506:Drivers/STM32F4xx_HAL_Driver/Src/stm32f4xx_hal_spi.c ****   UNUSED(hspi);
2507:Drivers/STM32F4xx_HAL_Driver/Src/stm32f4xx_hal_spi.c **** 
2508:Drivers/STM32F4xx_HAL_Driver/Src/stm32f4xx_hal_spi.c ****   /* NOTE : This function should not be modified, when the callback is needed,
2509:Drivers/STM32F4xx_HAL_Driver/Src/stm32f4xx_hal_spi.c ****             the HAL_SPI_TxCpltCallback should be implemented in the user file
2510:Drivers/STM32F4xx_HAL_Driver/Src/stm32f4xx_hal_spi.c ****    */
2511:Drivers/STM32F4xx_HAL_Driver/Src/stm32f4xx_hal_spi.c **** }
2512:Drivers/STM32F4xx_HAL_Driver/Src/stm32f4xx_hal_spi.c **** 
2513:Drivers/STM32F4xx_HAL_Driver/Src/stm32f4xx_hal_spi.c **** /**
2514:Drivers/STM32F4xx_HAL_Driver/Src/stm32f4xx_hal_spi.c ****   * @brief  Rx Transfer completed callback.
2515:Drivers/STM32F4xx_HAL_Driver/Src/stm32f4xx_hal_spi.c ****   * @param  hspi pointer to a SPI_HandleTypeDef structure that contains
2516:Drivers/STM32F4xx_HAL_Driver/Src/stm32f4xx_hal_spi.c ****   *               the configuration information for SPI module.
2517:Drivers/STM32F4xx_HAL_Driver/Src/stm32f4xx_hal_spi.c ****   * @retval None
2518:Drivers/STM32F4xx_HAL_Driver/Src/stm32f4xx_hal_spi.c ****   */
2519:Drivers/STM32F4xx_HAL_Driver/Src/stm32f4xx_hal_spi.c **** __weak void HAL_SPI_RxCpltCallback(SPI_HandleTypeDef *hspi)
2520:Drivers/STM32F4xx_HAL_Driver/Src/stm32f4xx_hal_spi.c **** {
2521:Drivers/STM32F4xx_HAL_Driver/Src/stm32f4xx_hal_spi.c ****   /* Prevent unused argument(s) compilation warning */
2522:Drivers/STM32F4xx_HAL_Driver/Src/stm32f4xx_hal_spi.c ****   UNUSED(hspi);
2523:Drivers/STM32F4xx_HAL_Driver/Src/stm32f4xx_hal_spi.c **** 
2524:Drivers/STM32F4xx_HAL_Driver/Src/stm32f4xx_hal_spi.c ****   /* NOTE : This function should not be modified, when the callback is needed,
2525:Drivers/STM32F4xx_HAL_Driver/Src/stm32f4xx_hal_spi.c ****             the HAL_SPI_RxCpltCallback should be implemented in the user file
2526:Drivers/STM32F4xx_HAL_Driver/Src/stm32f4xx_hal_spi.c ****    */
2527:Drivers/STM32F4xx_HAL_Driver/Src/stm32f4xx_hal_spi.c **** }
2528:Drivers/STM32F4xx_HAL_Driver/Src/stm32f4xx_hal_spi.c **** 
2529:Drivers/STM32F4xx_HAL_Driver/Src/stm32f4xx_hal_spi.c **** /**
2530:Drivers/STM32F4xx_HAL_Driver/Src/stm32f4xx_hal_spi.c ****   * @brief  Tx and Rx Transfer completed callback.
2531:Drivers/STM32F4xx_HAL_Driver/Src/stm32f4xx_hal_spi.c ****   * @param  hspi pointer to a SPI_HandleTypeDef structure that contains
2532:Drivers/STM32F4xx_HAL_Driver/Src/stm32f4xx_hal_spi.c ****   *               the configuration information for SPI module.
2533:Drivers/STM32F4xx_HAL_Driver/Src/stm32f4xx_hal_spi.c ****   * @retval None
2534:Drivers/STM32F4xx_HAL_Driver/Src/stm32f4xx_hal_spi.c ****   */
2535:Drivers/STM32F4xx_HAL_Driver/Src/stm32f4xx_hal_spi.c **** __weak void HAL_SPI_TxRxCpltCallback(SPI_HandleTypeDef *hspi)
2536:Drivers/STM32F4xx_HAL_Driver/Src/stm32f4xx_hal_spi.c **** {
2537:Drivers/STM32F4xx_HAL_Driver/Src/stm32f4xx_hal_spi.c ****   /* Prevent unused argument(s) compilation warning */
2538:Drivers/STM32F4xx_HAL_Driver/Src/stm32f4xx_hal_spi.c ****   UNUSED(hspi);
ARM GAS  /tmp/cci2ucsl.s 			page 46


2539:Drivers/STM32F4xx_HAL_Driver/Src/stm32f4xx_hal_spi.c **** 
2540:Drivers/STM32F4xx_HAL_Driver/Src/stm32f4xx_hal_spi.c ****   /* NOTE : This function should not be modified, when the callback is needed,
2541:Drivers/STM32F4xx_HAL_Driver/Src/stm32f4xx_hal_spi.c ****             the HAL_SPI_TxRxCpltCallback should be implemented in the user file
2542:Drivers/STM32F4xx_HAL_Driver/Src/stm32f4xx_hal_spi.c ****    */
2543:Drivers/STM32F4xx_HAL_Driver/Src/stm32f4xx_hal_spi.c **** }
2544:Drivers/STM32F4xx_HAL_Driver/Src/stm32f4xx_hal_spi.c **** 
2545:Drivers/STM32F4xx_HAL_Driver/Src/stm32f4xx_hal_spi.c **** /**
2546:Drivers/STM32F4xx_HAL_Driver/Src/stm32f4xx_hal_spi.c ****   * @brief  Tx Half Transfer completed callback.
2547:Drivers/STM32F4xx_HAL_Driver/Src/stm32f4xx_hal_spi.c ****   * @param  hspi pointer to a SPI_HandleTypeDef structure that contains
2548:Drivers/STM32F4xx_HAL_Driver/Src/stm32f4xx_hal_spi.c ****   *               the configuration information for SPI module.
2549:Drivers/STM32F4xx_HAL_Driver/Src/stm32f4xx_hal_spi.c ****   * @retval None
2550:Drivers/STM32F4xx_HAL_Driver/Src/stm32f4xx_hal_spi.c ****   */
2551:Drivers/STM32F4xx_HAL_Driver/Src/stm32f4xx_hal_spi.c **** __weak void HAL_SPI_TxHalfCpltCallback(SPI_HandleTypeDef *hspi)
2552:Drivers/STM32F4xx_HAL_Driver/Src/stm32f4xx_hal_spi.c **** {
2553:Drivers/STM32F4xx_HAL_Driver/Src/stm32f4xx_hal_spi.c ****   /* Prevent unused argument(s) compilation warning */
2554:Drivers/STM32F4xx_HAL_Driver/Src/stm32f4xx_hal_spi.c ****   UNUSED(hspi);
2555:Drivers/STM32F4xx_HAL_Driver/Src/stm32f4xx_hal_spi.c **** 
2556:Drivers/STM32F4xx_HAL_Driver/Src/stm32f4xx_hal_spi.c ****   /* NOTE : This function should not be modified, when the callback is needed,
2557:Drivers/STM32F4xx_HAL_Driver/Src/stm32f4xx_hal_spi.c ****             the HAL_SPI_TxHalfCpltCallback should be implemented in the user file
2558:Drivers/STM32F4xx_HAL_Driver/Src/stm32f4xx_hal_spi.c ****    */
2559:Drivers/STM32F4xx_HAL_Driver/Src/stm32f4xx_hal_spi.c **** }
2560:Drivers/STM32F4xx_HAL_Driver/Src/stm32f4xx_hal_spi.c **** 
2561:Drivers/STM32F4xx_HAL_Driver/Src/stm32f4xx_hal_spi.c **** /**
2562:Drivers/STM32F4xx_HAL_Driver/Src/stm32f4xx_hal_spi.c ****   * @brief  Rx Half Transfer completed callback.
2563:Drivers/STM32F4xx_HAL_Driver/Src/stm32f4xx_hal_spi.c ****   * @param  hspi pointer to a SPI_HandleTypeDef structure that contains
2564:Drivers/STM32F4xx_HAL_Driver/Src/stm32f4xx_hal_spi.c ****   *               the configuration information for SPI module.
2565:Drivers/STM32F4xx_HAL_Driver/Src/stm32f4xx_hal_spi.c ****   * @retval None
2566:Drivers/STM32F4xx_HAL_Driver/Src/stm32f4xx_hal_spi.c ****   */
2567:Drivers/STM32F4xx_HAL_Driver/Src/stm32f4xx_hal_spi.c **** __weak void HAL_SPI_RxHalfCpltCallback(SPI_HandleTypeDef *hspi)
2568:Drivers/STM32F4xx_HAL_Driver/Src/stm32f4xx_hal_spi.c **** {
2569:Drivers/STM32F4xx_HAL_Driver/Src/stm32f4xx_hal_spi.c ****   /* Prevent unused argument(s) compilation warning */
2570:Drivers/STM32F4xx_HAL_Driver/Src/stm32f4xx_hal_spi.c ****   UNUSED(hspi);
2571:Drivers/STM32F4xx_HAL_Driver/Src/stm32f4xx_hal_spi.c **** 
2572:Drivers/STM32F4xx_HAL_Driver/Src/stm32f4xx_hal_spi.c ****   /* NOTE : This function should not be modified, when the callback is needed,
2573:Drivers/STM32F4xx_HAL_Driver/Src/stm32f4xx_hal_spi.c ****             the HAL_SPI_RxHalfCpltCallback() should be implemented in the user file
2574:Drivers/STM32F4xx_HAL_Driver/Src/stm32f4xx_hal_spi.c ****    */
2575:Drivers/STM32F4xx_HAL_Driver/Src/stm32f4xx_hal_spi.c **** }
2576:Drivers/STM32F4xx_HAL_Driver/Src/stm32f4xx_hal_spi.c **** 
2577:Drivers/STM32F4xx_HAL_Driver/Src/stm32f4xx_hal_spi.c **** /**
2578:Drivers/STM32F4xx_HAL_Driver/Src/stm32f4xx_hal_spi.c ****   * @brief  Tx and Rx Half Transfer callback.
2579:Drivers/STM32F4xx_HAL_Driver/Src/stm32f4xx_hal_spi.c ****   * @param  hspi pointer to a SPI_HandleTypeDef structure that contains
2580:Drivers/STM32F4xx_HAL_Driver/Src/stm32f4xx_hal_spi.c ****   *               the configuration information for SPI module.
2581:Drivers/STM32F4xx_HAL_Driver/Src/stm32f4xx_hal_spi.c ****   * @retval None
2582:Drivers/STM32F4xx_HAL_Driver/Src/stm32f4xx_hal_spi.c ****   */
2583:Drivers/STM32F4xx_HAL_Driver/Src/stm32f4xx_hal_spi.c **** __weak void HAL_SPI_TxRxHalfCpltCallback(SPI_HandleTypeDef *hspi)
2584:Drivers/STM32F4xx_HAL_Driver/Src/stm32f4xx_hal_spi.c **** {
2585:Drivers/STM32F4xx_HAL_Driver/Src/stm32f4xx_hal_spi.c ****   /* Prevent unused argument(s) compilation warning */
2586:Drivers/STM32F4xx_HAL_Driver/Src/stm32f4xx_hal_spi.c ****   UNUSED(hspi);
2587:Drivers/STM32F4xx_HAL_Driver/Src/stm32f4xx_hal_spi.c **** 
2588:Drivers/STM32F4xx_HAL_Driver/Src/stm32f4xx_hal_spi.c ****   /* NOTE : This function should not be modified, when the callback is needed,
2589:Drivers/STM32F4xx_HAL_Driver/Src/stm32f4xx_hal_spi.c ****             the HAL_SPI_TxRxHalfCpltCallback() should be implemented in the user file
2590:Drivers/STM32F4xx_HAL_Driver/Src/stm32f4xx_hal_spi.c ****    */
2591:Drivers/STM32F4xx_HAL_Driver/Src/stm32f4xx_hal_spi.c **** }
2592:Drivers/STM32F4xx_HAL_Driver/Src/stm32f4xx_hal_spi.c **** 
2593:Drivers/STM32F4xx_HAL_Driver/Src/stm32f4xx_hal_spi.c **** /**
2594:Drivers/STM32F4xx_HAL_Driver/Src/stm32f4xx_hal_spi.c ****   * @brief  SPI error callback.
2595:Drivers/STM32F4xx_HAL_Driver/Src/stm32f4xx_hal_spi.c ****   * @param  hspi pointer to a SPI_HandleTypeDef structure that contains
ARM GAS  /tmp/cci2ucsl.s 			page 47


2596:Drivers/STM32F4xx_HAL_Driver/Src/stm32f4xx_hal_spi.c ****   *               the configuration information for SPI module.
2597:Drivers/STM32F4xx_HAL_Driver/Src/stm32f4xx_hal_spi.c ****   * @retval None
2598:Drivers/STM32F4xx_HAL_Driver/Src/stm32f4xx_hal_spi.c ****   */
2599:Drivers/STM32F4xx_HAL_Driver/Src/stm32f4xx_hal_spi.c **** __weak void HAL_SPI_ErrorCallback(SPI_HandleTypeDef *hspi)
2600:Drivers/STM32F4xx_HAL_Driver/Src/stm32f4xx_hal_spi.c **** {
2601:Drivers/STM32F4xx_HAL_Driver/Src/stm32f4xx_hal_spi.c ****   /* Prevent unused argument(s) compilation warning */
2602:Drivers/STM32F4xx_HAL_Driver/Src/stm32f4xx_hal_spi.c ****   UNUSED(hspi);
2603:Drivers/STM32F4xx_HAL_Driver/Src/stm32f4xx_hal_spi.c **** 
2604:Drivers/STM32F4xx_HAL_Driver/Src/stm32f4xx_hal_spi.c ****   /* NOTE : This function should not be modified, when the callback is needed,
2605:Drivers/STM32F4xx_HAL_Driver/Src/stm32f4xx_hal_spi.c ****             the HAL_SPI_ErrorCallback should be implemented in the user file
2606:Drivers/STM32F4xx_HAL_Driver/Src/stm32f4xx_hal_spi.c ****    */
2607:Drivers/STM32F4xx_HAL_Driver/Src/stm32f4xx_hal_spi.c ****   /* NOTE : The ErrorCode parameter in the hspi handle is updated by the SPI processes
2608:Drivers/STM32F4xx_HAL_Driver/Src/stm32f4xx_hal_spi.c ****             and user can use HAL_SPI_GetError() API to check the latest error occurred
2609:Drivers/STM32F4xx_HAL_Driver/Src/stm32f4xx_hal_spi.c ****    */
2610:Drivers/STM32F4xx_HAL_Driver/Src/stm32f4xx_hal_spi.c **** }
2611:Drivers/STM32F4xx_HAL_Driver/Src/stm32f4xx_hal_spi.c **** 
2612:Drivers/STM32F4xx_HAL_Driver/Src/stm32f4xx_hal_spi.c **** /**
2613:Drivers/STM32F4xx_HAL_Driver/Src/stm32f4xx_hal_spi.c ****   * @brief  SPI Abort Complete callback.
2614:Drivers/STM32F4xx_HAL_Driver/Src/stm32f4xx_hal_spi.c ****   * @param  hspi SPI handle.
2615:Drivers/STM32F4xx_HAL_Driver/Src/stm32f4xx_hal_spi.c ****   * @retval None
2616:Drivers/STM32F4xx_HAL_Driver/Src/stm32f4xx_hal_spi.c ****   */
2617:Drivers/STM32F4xx_HAL_Driver/Src/stm32f4xx_hal_spi.c **** __weak void HAL_SPI_AbortCpltCallback(SPI_HandleTypeDef *hspi)
2618:Drivers/STM32F4xx_HAL_Driver/Src/stm32f4xx_hal_spi.c **** {
2619:Drivers/STM32F4xx_HAL_Driver/Src/stm32f4xx_hal_spi.c ****   /* Prevent unused argument(s) compilation warning */
2620:Drivers/STM32F4xx_HAL_Driver/Src/stm32f4xx_hal_spi.c ****   UNUSED(hspi);
2621:Drivers/STM32F4xx_HAL_Driver/Src/stm32f4xx_hal_spi.c **** 
2622:Drivers/STM32F4xx_HAL_Driver/Src/stm32f4xx_hal_spi.c ****   /* NOTE : This function should not be modified, when the callback is needed,
2623:Drivers/STM32F4xx_HAL_Driver/Src/stm32f4xx_hal_spi.c ****             the HAL_SPI_AbortCpltCallback can be implemented in the user file.
2624:Drivers/STM32F4xx_HAL_Driver/Src/stm32f4xx_hal_spi.c ****    */
2625:Drivers/STM32F4xx_HAL_Driver/Src/stm32f4xx_hal_spi.c **** }
2626:Drivers/STM32F4xx_HAL_Driver/Src/stm32f4xx_hal_spi.c **** 
2627:Drivers/STM32F4xx_HAL_Driver/Src/stm32f4xx_hal_spi.c **** /**
2628:Drivers/STM32F4xx_HAL_Driver/Src/stm32f4xx_hal_spi.c ****   * @}
2629:Drivers/STM32F4xx_HAL_Driver/Src/stm32f4xx_hal_spi.c ****   */
2630:Drivers/STM32F4xx_HAL_Driver/Src/stm32f4xx_hal_spi.c **** 
2631:Drivers/STM32F4xx_HAL_Driver/Src/stm32f4xx_hal_spi.c **** /** @defgroup SPI_Exported_Functions_Group3 Peripheral State and Errors functions
2632:Drivers/STM32F4xx_HAL_Driver/Src/stm32f4xx_hal_spi.c ****   * @brief   SPI control functions
2633:Drivers/STM32F4xx_HAL_Driver/Src/stm32f4xx_hal_spi.c ****   *
2634:Drivers/STM32F4xx_HAL_Driver/Src/stm32f4xx_hal_spi.c **** @verbatim
2635:Drivers/STM32F4xx_HAL_Driver/Src/stm32f4xx_hal_spi.c ****  ===============================================================================
2636:Drivers/STM32F4xx_HAL_Driver/Src/stm32f4xx_hal_spi.c ****                       ##### Peripheral State and Errors functions #####
2637:Drivers/STM32F4xx_HAL_Driver/Src/stm32f4xx_hal_spi.c ****  ===============================================================================
2638:Drivers/STM32F4xx_HAL_Driver/Src/stm32f4xx_hal_spi.c ****     [..]
2639:Drivers/STM32F4xx_HAL_Driver/Src/stm32f4xx_hal_spi.c ****     This subsection provides a set of functions allowing to control the SPI.
2640:Drivers/STM32F4xx_HAL_Driver/Src/stm32f4xx_hal_spi.c ****      (+) HAL_SPI_GetState() API can be helpful to check in run-time the state of the SPI peripheral
2641:Drivers/STM32F4xx_HAL_Driver/Src/stm32f4xx_hal_spi.c ****      (+) HAL_SPI_GetError() check in run-time Errors occurring during communication
2642:Drivers/STM32F4xx_HAL_Driver/Src/stm32f4xx_hal_spi.c **** @endverbatim
2643:Drivers/STM32F4xx_HAL_Driver/Src/stm32f4xx_hal_spi.c ****   * @{
2644:Drivers/STM32F4xx_HAL_Driver/Src/stm32f4xx_hal_spi.c ****   */
2645:Drivers/STM32F4xx_HAL_Driver/Src/stm32f4xx_hal_spi.c **** 
2646:Drivers/STM32F4xx_HAL_Driver/Src/stm32f4xx_hal_spi.c **** /**
2647:Drivers/STM32F4xx_HAL_Driver/Src/stm32f4xx_hal_spi.c ****   * @brief  Return the SPI handle state.
2648:Drivers/STM32F4xx_HAL_Driver/Src/stm32f4xx_hal_spi.c ****   * @param  hspi pointer to a SPI_HandleTypeDef structure that contains
2649:Drivers/STM32F4xx_HAL_Driver/Src/stm32f4xx_hal_spi.c ****   *               the configuration information for SPI module.
2650:Drivers/STM32F4xx_HAL_Driver/Src/stm32f4xx_hal_spi.c ****   * @retval SPI state
2651:Drivers/STM32F4xx_HAL_Driver/Src/stm32f4xx_hal_spi.c ****   */
2652:Drivers/STM32F4xx_HAL_Driver/Src/stm32f4xx_hal_spi.c **** HAL_SPI_StateTypeDef HAL_SPI_GetState(const SPI_HandleTypeDef *hspi)
ARM GAS  /tmp/cci2ucsl.s 			page 48


2653:Drivers/STM32F4xx_HAL_Driver/Src/stm32f4xx_hal_spi.c **** {
2654:Drivers/STM32F4xx_HAL_Driver/Src/stm32f4xx_hal_spi.c ****   /* Return SPI handle state */
2655:Drivers/STM32F4xx_HAL_Driver/Src/stm32f4xx_hal_spi.c ****   return hspi->State;
2656:Drivers/STM32F4xx_HAL_Driver/Src/stm32f4xx_hal_spi.c **** }
2657:Drivers/STM32F4xx_HAL_Driver/Src/stm32f4xx_hal_spi.c **** 
2658:Drivers/STM32F4xx_HAL_Driver/Src/stm32f4xx_hal_spi.c **** /**
2659:Drivers/STM32F4xx_HAL_Driver/Src/stm32f4xx_hal_spi.c ****   * @brief  Return the SPI error code.
2660:Drivers/STM32F4xx_HAL_Driver/Src/stm32f4xx_hal_spi.c ****   * @param  hspi pointer to a SPI_HandleTypeDef structure that contains
2661:Drivers/STM32F4xx_HAL_Driver/Src/stm32f4xx_hal_spi.c ****   *               the configuration information for SPI module.
2662:Drivers/STM32F4xx_HAL_Driver/Src/stm32f4xx_hal_spi.c ****   * @retval SPI error code in bitmap format
2663:Drivers/STM32F4xx_HAL_Driver/Src/stm32f4xx_hal_spi.c ****   */
2664:Drivers/STM32F4xx_HAL_Driver/Src/stm32f4xx_hal_spi.c **** uint32_t HAL_SPI_GetError(const SPI_HandleTypeDef *hspi)
2665:Drivers/STM32F4xx_HAL_Driver/Src/stm32f4xx_hal_spi.c **** {
2666:Drivers/STM32F4xx_HAL_Driver/Src/stm32f4xx_hal_spi.c ****   /* Return SPI ErrorCode */
2667:Drivers/STM32F4xx_HAL_Driver/Src/stm32f4xx_hal_spi.c ****   return hspi->ErrorCode;
2668:Drivers/STM32F4xx_HAL_Driver/Src/stm32f4xx_hal_spi.c **** }
2669:Drivers/STM32F4xx_HAL_Driver/Src/stm32f4xx_hal_spi.c **** 
2670:Drivers/STM32F4xx_HAL_Driver/Src/stm32f4xx_hal_spi.c **** /**
2671:Drivers/STM32F4xx_HAL_Driver/Src/stm32f4xx_hal_spi.c ****   * @}
2672:Drivers/STM32F4xx_HAL_Driver/Src/stm32f4xx_hal_spi.c ****   */
2673:Drivers/STM32F4xx_HAL_Driver/Src/stm32f4xx_hal_spi.c **** 
2674:Drivers/STM32F4xx_HAL_Driver/Src/stm32f4xx_hal_spi.c **** /**
2675:Drivers/STM32F4xx_HAL_Driver/Src/stm32f4xx_hal_spi.c ****   * @}
2676:Drivers/STM32F4xx_HAL_Driver/Src/stm32f4xx_hal_spi.c ****   */
2677:Drivers/STM32F4xx_HAL_Driver/Src/stm32f4xx_hal_spi.c **** 
2678:Drivers/STM32F4xx_HAL_Driver/Src/stm32f4xx_hal_spi.c **** /** @addtogroup SPI_Private_Functions
2679:Drivers/STM32F4xx_HAL_Driver/Src/stm32f4xx_hal_spi.c ****   * @brief   Private functions
2680:Drivers/STM32F4xx_HAL_Driver/Src/stm32f4xx_hal_spi.c ****   * @{
2681:Drivers/STM32F4xx_HAL_Driver/Src/stm32f4xx_hal_spi.c ****   */
2682:Drivers/STM32F4xx_HAL_Driver/Src/stm32f4xx_hal_spi.c **** 
2683:Drivers/STM32F4xx_HAL_Driver/Src/stm32f4xx_hal_spi.c **** /**
2684:Drivers/STM32F4xx_HAL_Driver/Src/stm32f4xx_hal_spi.c ****   * @brief  DMA SPI transmit process complete callback.
2685:Drivers/STM32F4xx_HAL_Driver/Src/stm32f4xx_hal_spi.c ****   * @param  hdma pointer to a DMA_HandleTypeDef structure that contains
2686:Drivers/STM32F4xx_HAL_Driver/Src/stm32f4xx_hal_spi.c ****   *               the configuration information for the specified DMA module.
2687:Drivers/STM32F4xx_HAL_Driver/Src/stm32f4xx_hal_spi.c ****   * @retval None
2688:Drivers/STM32F4xx_HAL_Driver/Src/stm32f4xx_hal_spi.c ****   */
2689:Drivers/STM32F4xx_HAL_Driver/Src/stm32f4xx_hal_spi.c **** static void SPI_DMATransmitCplt(DMA_HandleTypeDef *hdma)
2690:Drivers/STM32F4xx_HAL_Driver/Src/stm32f4xx_hal_spi.c **** {
2691:Drivers/STM32F4xx_HAL_Driver/Src/stm32f4xx_hal_spi.c ****   SPI_HandleTypeDef *hspi = (SPI_HandleTypeDef *)(((DMA_HandleTypeDef *)hdma)->Parent);
2692:Drivers/STM32F4xx_HAL_Driver/Src/stm32f4xx_hal_spi.c ****   uint32_t tickstart;
2693:Drivers/STM32F4xx_HAL_Driver/Src/stm32f4xx_hal_spi.c **** 
2694:Drivers/STM32F4xx_HAL_Driver/Src/stm32f4xx_hal_spi.c ****   /* Init tickstart for timeout management*/
2695:Drivers/STM32F4xx_HAL_Driver/Src/stm32f4xx_hal_spi.c ****   tickstart = HAL_GetTick();
2696:Drivers/STM32F4xx_HAL_Driver/Src/stm32f4xx_hal_spi.c **** 
2697:Drivers/STM32F4xx_HAL_Driver/Src/stm32f4xx_hal_spi.c ****   /* DMA Normal Mode */
2698:Drivers/STM32F4xx_HAL_Driver/Src/stm32f4xx_hal_spi.c ****   if ((hdma->Instance->CR & DMA_SxCR_CIRC) != DMA_SxCR_CIRC)
2699:Drivers/STM32F4xx_HAL_Driver/Src/stm32f4xx_hal_spi.c ****   {
2700:Drivers/STM32F4xx_HAL_Driver/Src/stm32f4xx_hal_spi.c ****     /* Disable ERR interrupt */
2701:Drivers/STM32F4xx_HAL_Driver/Src/stm32f4xx_hal_spi.c ****     __HAL_SPI_DISABLE_IT(hspi, SPI_IT_ERR);
2702:Drivers/STM32F4xx_HAL_Driver/Src/stm32f4xx_hal_spi.c **** 
2703:Drivers/STM32F4xx_HAL_Driver/Src/stm32f4xx_hal_spi.c ****     /* Disable Tx DMA Request */
2704:Drivers/STM32F4xx_HAL_Driver/Src/stm32f4xx_hal_spi.c ****     CLEAR_BIT(hspi->Instance->CR2, SPI_CR2_TXDMAEN);
2705:Drivers/STM32F4xx_HAL_Driver/Src/stm32f4xx_hal_spi.c **** 
2706:Drivers/STM32F4xx_HAL_Driver/Src/stm32f4xx_hal_spi.c ****     /* Check the end of the transaction */
2707:Drivers/STM32F4xx_HAL_Driver/Src/stm32f4xx_hal_spi.c ****     if (SPI_EndRxTxTransaction(hspi, SPI_DEFAULT_TIMEOUT, tickstart) != HAL_OK)
2708:Drivers/STM32F4xx_HAL_Driver/Src/stm32f4xx_hal_spi.c ****     {
2709:Drivers/STM32F4xx_HAL_Driver/Src/stm32f4xx_hal_spi.c ****       SET_BIT(hspi->ErrorCode, HAL_SPI_ERROR_FLAG);
ARM GAS  /tmp/cci2ucsl.s 			page 49


2710:Drivers/STM32F4xx_HAL_Driver/Src/stm32f4xx_hal_spi.c ****     }
2711:Drivers/STM32F4xx_HAL_Driver/Src/stm32f4xx_hal_spi.c **** 
2712:Drivers/STM32F4xx_HAL_Driver/Src/stm32f4xx_hal_spi.c ****     /* Clear overrun flag in 2 Lines communication mode because received data is not read */
2713:Drivers/STM32F4xx_HAL_Driver/Src/stm32f4xx_hal_spi.c ****     if (hspi->Init.Direction == SPI_DIRECTION_2LINES)
2714:Drivers/STM32F4xx_HAL_Driver/Src/stm32f4xx_hal_spi.c ****     {
2715:Drivers/STM32F4xx_HAL_Driver/Src/stm32f4xx_hal_spi.c ****       __HAL_SPI_CLEAR_OVRFLAG(hspi);
2716:Drivers/STM32F4xx_HAL_Driver/Src/stm32f4xx_hal_spi.c ****     }
2717:Drivers/STM32F4xx_HAL_Driver/Src/stm32f4xx_hal_spi.c **** 
2718:Drivers/STM32F4xx_HAL_Driver/Src/stm32f4xx_hal_spi.c ****     hspi->TxXferCount = 0U;
2719:Drivers/STM32F4xx_HAL_Driver/Src/stm32f4xx_hal_spi.c ****     hspi->State = HAL_SPI_STATE_READY;
2720:Drivers/STM32F4xx_HAL_Driver/Src/stm32f4xx_hal_spi.c **** 
2721:Drivers/STM32F4xx_HAL_Driver/Src/stm32f4xx_hal_spi.c ****     if (hspi->ErrorCode != HAL_SPI_ERROR_NONE)
2722:Drivers/STM32F4xx_HAL_Driver/Src/stm32f4xx_hal_spi.c ****     {
2723:Drivers/STM32F4xx_HAL_Driver/Src/stm32f4xx_hal_spi.c ****       /* Call user error callback */
2724:Drivers/STM32F4xx_HAL_Driver/Src/stm32f4xx_hal_spi.c **** #if (USE_HAL_SPI_REGISTER_CALLBACKS == 1U)
2725:Drivers/STM32F4xx_HAL_Driver/Src/stm32f4xx_hal_spi.c ****       hspi->ErrorCallback(hspi);
2726:Drivers/STM32F4xx_HAL_Driver/Src/stm32f4xx_hal_spi.c **** #else
2727:Drivers/STM32F4xx_HAL_Driver/Src/stm32f4xx_hal_spi.c ****       HAL_SPI_ErrorCallback(hspi);
2728:Drivers/STM32F4xx_HAL_Driver/Src/stm32f4xx_hal_spi.c **** #endif /* USE_HAL_SPI_REGISTER_CALLBACKS */
2729:Drivers/STM32F4xx_HAL_Driver/Src/stm32f4xx_hal_spi.c ****       return;
2730:Drivers/STM32F4xx_HAL_Driver/Src/stm32f4xx_hal_spi.c ****     }
2731:Drivers/STM32F4xx_HAL_Driver/Src/stm32f4xx_hal_spi.c ****   }
2732:Drivers/STM32F4xx_HAL_Driver/Src/stm32f4xx_hal_spi.c ****   /* Call user Tx complete callback */
2733:Drivers/STM32F4xx_HAL_Driver/Src/stm32f4xx_hal_spi.c **** #if (USE_HAL_SPI_REGISTER_CALLBACKS == 1U)
2734:Drivers/STM32F4xx_HAL_Driver/Src/stm32f4xx_hal_spi.c ****   hspi->TxCpltCallback(hspi);
2735:Drivers/STM32F4xx_HAL_Driver/Src/stm32f4xx_hal_spi.c **** #else
2736:Drivers/STM32F4xx_HAL_Driver/Src/stm32f4xx_hal_spi.c ****   HAL_SPI_TxCpltCallback(hspi);
2737:Drivers/STM32F4xx_HAL_Driver/Src/stm32f4xx_hal_spi.c **** #endif /* USE_HAL_SPI_REGISTER_CALLBACKS */
2738:Drivers/STM32F4xx_HAL_Driver/Src/stm32f4xx_hal_spi.c **** }
2739:Drivers/STM32F4xx_HAL_Driver/Src/stm32f4xx_hal_spi.c **** 
2740:Drivers/STM32F4xx_HAL_Driver/Src/stm32f4xx_hal_spi.c **** /**
2741:Drivers/STM32F4xx_HAL_Driver/Src/stm32f4xx_hal_spi.c ****   * @brief  DMA SPI receive process complete callback.
2742:Drivers/STM32F4xx_HAL_Driver/Src/stm32f4xx_hal_spi.c ****   * @param  hdma pointer to a DMA_HandleTypeDef structure that contains
2743:Drivers/STM32F4xx_HAL_Driver/Src/stm32f4xx_hal_spi.c ****   *               the configuration information for the specified DMA module.
2744:Drivers/STM32F4xx_HAL_Driver/Src/stm32f4xx_hal_spi.c ****   * @retval None
2745:Drivers/STM32F4xx_HAL_Driver/Src/stm32f4xx_hal_spi.c ****   */
2746:Drivers/STM32F4xx_HAL_Driver/Src/stm32f4xx_hal_spi.c **** static void SPI_DMAReceiveCplt(DMA_HandleTypeDef *hdma)
2747:Drivers/STM32F4xx_HAL_Driver/Src/stm32f4xx_hal_spi.c **** {
2748:Drivers/STM32F4xx_HAL_Driver/Src/stm32f4xx_hal_spi.c ****   SPI_HandleTypeDef *hspi = (SPI_HandleTypeDef *)(((DMA_HandleTypeDef *)hdma)->Parent);
2749:Drivers/STM32F4xx_HAL_Driver/Src/stm32f4xx_hal_spi.c ****   uint32_t tickstart;
2750:Drivers/STM32F4xx_HAL_Driver/Src/stm32f4xx_hal_spi.c **** #if (USE_SPI_CRC != 0U)
2751:Drivers/STM32F4xx_HAL_Driver/Src/stm32f4xx_hal_spi.c ****   __IO uint32_t tmpreg = 0U;
2752:Drivers/STM32F4xx_HAL_Driver/Src/stm32f4xx_hal_spi.c **** #endif /* USE_SPI_CRC */
2753:Drivers/STM32F4xx_HAL_Driver/Src/stm32f4xx_hal_spi.c **** 
2754:Drivers/STM32F4xx_HAL_Driver/Src/stm32f4xx_hal_spi.c ****   /* Init tickstart for timeout management*/
2755:Drivers/STM32F4xx_HAL_Driver/Src/stm32f4xx_hal_spi.c ****   tickstart = HAL_GetTick();
2756:Drivers/STM32F4xx_HAL_Driver/Src/stm32f4xx_hal_spi.c **** 
2757:Drivers/STM32F4xx_HAL_Driver/Src/stm32f4xx_hal_spi.c ****   /* DMA Normal Mode */
2758:Drivers/STM32F4xx_HAL_Driver/Src/stm32f4xx_hal_spi.c ****   if ((hdma->Instance->CR & DMA_SxCR_CIRC) != DMA_SxCR_CIRC)
2759:Drivers/STM32F4xx_HAL_Driver/Src/stm32f4xx_hal_spi.c ****   {
2760:Drivers/STM32F4xx_HAL_Driver/Src/stm32f4xx_hal_spi.c ****     /* Disable ERR interrupt */
2761:Drivers/STM32F4xx_HAL_Driver/Src/stm32f4xx_hal_spi.c ****     __HAL_SPI_DISABLE_IT(hspi, SPI_IT_ERR);
2762:Drivers/STM32F4xx_HAL_Driver/Src/stm32f4xx_hal_spi.c **** 
2763:Drivers/STM32F4xx_HAL_Driver/Src/stm32f4xx_hal_spi.c **** #if (USE_SPI_CRC != 0U)
2764:Drivers/STM32F4xx_HAL_Driver/Src/stm32f4xx_hal_spi.c ****     /* CRC handling */
2765:Drivers/STM32F4xx_HAL_Driver/Src/stm32f4xx_hal_spi.c ****     if (hspi->Init.CRCCalculation == SPI_CRCCALCULATION_ENABLE)
2766:Drivers/STM32F4xx_HAL_Driver/Src/stm32f4xx_hal_spi.c ****     {
ARM GAS  /tmp/cci2ucsl.s 			page 50


2767:Drivers/STM32F4xx_HAL_Driver/Src/stm32f4xx_hal_spi.c ****       /* Wait until RXNE flag */
2768:Drivers/STM32F4xx_HAL_Driver/Src/stm32f4xx_hal_spi.c ****       if (SPI_WaitFlagStateUntilTimeout(hspi, SPI_FLAG_RXNE, SET, SPI_DEFAULT_TIMEOUT, tickstart) !
2769:Drivers/STM32F4xx_HAL_Driver/Src/stm32f4xx_hal_spi.c ****       {
2770:Drivers/STM32F4xx_HAL_Driver/Src/stm32f4xx_hal_spi.c ****         /* Error on the CRC reception */
2771:Drivers/STM32F4xx_HAL_Driver/Src/stm32f4xx_hal_spi.c ****         SET_BIT(hspi->ErrorCode, HAL_SPI_ERROR_CRC);
2772:Drivers/STM32F4xx_HAL_Driver/Src/stm32f4xx_hal_spi.c ****       }
2773:Drivers/STM32F4xx_HAL_Driver/Src/stm32f4xx_hal_spi.c ****       /* Read CRC */
2774:Drivers/STM32F4xx_HAL_Driver/Src/stm32f4xx_hal_spi.c ****       tmpreg = READ_REG(hspi->Instance->DR);
2775:Drivers/STM32F4xx_HAL_Driver/Src/stm32f4xx_hal_spi.c ****       /* To avoid GCC warning */
2776:Drivers/STM32F4xx_HAL_Driver/Src/stm32f4xx_hal_spi.c ****       UNUSED(tmpreg);
2777:Drivers/STM32F4xx_HAL_Driver/Src/stm32f4xx_hal_spi.c ****     }
2778:Drivers/STM32F4xx_HAL_Driver/Src/stm32f4xx_hal_spi.c **** #endif /* USE_SPI_CRC */
2779:Drivers/STM32F4xx_HAL_Driver/Src/stm32f4xx_hal_spi.c **** 
2780:Drivers/STM32F4xx_HAL_Driver/Src/stm32f4xx_hal_spi.c ****     /* Check if we are in Master RX 2 line mode */
2781:Drivers/STM32F4xx_HAL_Driver/Src/stm32f4xx_hal_spi.c ****     if ((hspi->Init.Direction == SPI_DIRECTION_2LINES) && (hspi->Init.Mode == SPI_MODE_MASTER))
2782:Drivers/STM32F4xx_HAL_Driver/Src/stm32f4xx_hal_spi.c ****     {
2783:Drivers/STM32F4xx_HAL_Driver/Src/stm32f4xx_hal_spi.c ****       /* Disable Rx/Tx DMA Request (done by default to handle the case master rx direction 2 lines)
2784:Drivers/STM32F4xx_HAL_Driver/Src/stm32f4xx_hal_spi.c ****       CLEAR_BIT(hspi->Instance->CR2, SPI_CR2_TXDMAEN | SPI_CR2_RXDMAEN);
2785:Drivers/STM32F4xx_HAL_Driver/Src/stm32f4xx_hal_spi.c ****     }
2786:Drivers/STM32F4xx_HAL_Driver/Src/stm32f4xx_hal_spi.c ****     else
2787:Drivers/STM32F4xx_HAL_Driver/Src/stm32f4xx_hal_spi.c ****     {
2788:Drivers/STM32F4xx_HAL_Driver/Src/stm32f4xx_hal_spi.c ****       /* Normal case */
2789:Drivers/STM32F4xx_HAL_Driver/Src/stm32f4xx_hal_spi.c ****       CLEAR_BIT(hspi->Instance->CR2, SPI_CR2_RXDMAEN);
2790:Drivers/STM32F4xx_HAL_Driver/Src/stm32f4xx_hal_spi.c ****     }
2791:Drivers/STM32F4xx_HAL_Driver/Src/stm32f4xx_hal_spi.c **** 
2792:Drivers/STM32F4xx_HAL_Driver/Src/stm32f4xx_hal_spi.c ****     /* Check the end of the transaction */
2793:Drivers/STM32F4xx_HAL_Driver/Src/stm32f4xx_hal_spi.c ****     if (SPI_EndRxTransaction(hspi, SPI_DEFAULT_TIMEOUT, tickstart) != HAL_OK)
2794:Drivers/STM32F4xx_HAL_Driver/Src/stm32f4xx_hal_spi.c ****     {
2795:Drivers/STM32F4xx_HAL_Driver/Src/stm32f4xx_hal_spi.c ****       hspi->ErrorCode = HAL_SPI_ERROR_FLAG;
2796:Drivers/STM32F4xx_HAL_Driver/Src/stm32f4xx_hal_spi.c ****     }
2797:Drivers/STM32F4xx_HAL_Driver/Src/stm32f4xx_hal_spi.c **** 
2798:Drivers/STM32F4xx_HAL_Driver/Src/stm32f4xx_hal_spi.c ****     hspi->RxXferCount = 0U;
2799:Drivers/STM32F4xx_HAL_Driver/Src/stm32f4xx_hal_spi.c ****     hspi->State = HAL_SPI_STATE_READY;
2800:Drivers/STM32F4xx_HAL_Driver/Src/stm32f4xx_hal_spi.c **** 
2801:Drivers/STM32F4xx_HAL_Driver/Src/stm32f4xx_hal_spi.c **** #if (USE_SPI_CRC != 0U)
2802:Drivers/STM32F4xx_HAL_Driver/Src/stm32f4xx_hal_spi.c ****     /* Check if CRC error occurred */
2803:Drivers/STM32F4xx_HAL_Driver/Src/stm32f4xx_hal_spi.c ****     if (__HAL_SPI_GET_FLAG(hspi, SPI_FLAG_CRCERR))
2804:Drivers/STM32F4xx_HAL_Driver/Src/stm32f4xx_hal_spi.c ****     {
2805:Drivers/STM32F4xx_HAL_Driver/Src/stm32f4xx_hal_spi.c ****       SET_BIT(hspi->ErrorCode, HAL_SPI_ERROR_CRC);
2806:Drivers/STM32F4xx_HAL_Driver/Src/stm32f4xx_hal_spi.c ****       __HAL_SPI_CLEAR_CRCERRFLAG(hspi);
2807:Drivers/STM32F4xx_HAL_Driver/Src/stm32f4xx_hal_spi.c ****     }
2808:Drivers/STM32F4xx_HAL_Driver/Src/stm32f4xx_hal_spi.c **** #endif /* USE_SPI_CRC */
2809:Drivers/STM32F4xx_HAL_Driver/Src/stm32f4xx_hal_spi.c **** 
2810:Drivers/STM32F4xx_HAL_Driver/Src/stm32f4xx_hal_spi.c ****     if (hspi->ErrorCode != HAL_SPI_ERROR_NONE)
2811:Drivers/STM32F4xx_HAL_Driver/Src/stm32f4xx_hal_spi.c ****     {
2812:Drivers/STM32F4xx_HAL_Driver/Src/stm32f4xx_hal_spi.c ****       /* Call user error callback */
2813:Drivers/STM32F4xx_HAL_Driver/Src/stm32f4xx_hal_spi.c **** #if (USE_HAL_SPI_REGISTER_CALLBACKS == 1U)
2814:Drivers/STM32F4xx_HAL_Driver/Src/stm32f4xx_hal_spi.c ****       hspi->ErrorCallback(hspi);
2815:Drivers/STM32F4xx_HAL_Driver/Src/stm32f4xx_hal_spi.c **** #else
2816:Drivers/STM32F4xx_HAL_Driver/Src/stm32f4xx_hal_spi.c ****       HAL_SPI_ErrorCallback(hspi);
2817:Drivers/STM32F4xx_HAL_Driver/Src/stm32f4xx_hal_spi.c **** #endif /* USE_HAL_SPI_REGISTER_CALLBACKS */
2818:Drivers/STM32F4xx_HAL_Driver/Src/stm32f4xx_hal_spi.c ****       return;
2819:Drivers/STM32F4xx_HAL_Driver/Src/stm32f4xx_hal_spi.c ****     }
2820:Drivers/STM32F4xx_HAL_Driver/Src/stm32f4xx_hal_spi.c ****   }
2821:Drivers/STM32F4xx_HAL_Driver/Src/stm32f4xx_hal_spi.c ****   /* Call user Rx complete callback */
2822:Drivers/STM32F4xx_HAL_Driver/Src/stm32f4xx_hal_spi.c **** #if (USE_HAL_SPI_REGISTER_CALLBACKS == 1U)
2823:Drivers/STM32F4xx_HAL_Driver/Src/stm32f4xx_hal_spi.c ****   hspi->RxCpltCallback(hspi);
ARM GAS  /tmp/cci2ucsl.s 			page 51


2824:Drivers/STM32F4xx_HAL_Driver/Src/stm32f4xx_hal_spi.c **** #else
2825:Drivers/STM32F4xx_HAL_Driver/Src/stm32f4xx_hal_spi.c ****   HAL_SPI_RxCpltCallback(hspi);
2826:Drivers/STM32F4xx_HAL_Driver/Src/stm32f4xx_hal_spi.c **** #endif /* USE_HAL_SPI_REGISTER_CALLBACKS */
2827:Drivers/STM32F4xx_HAL_Driver/Src/stm32f4xx_hal_spi.c **** }
2828:Drivers/STM32F4xx_HAL_Driver/Src/stm32f4xx_hal_spi.c **** 
2829:Drivers/STM32F4xx_HAL_Driver/Src/stm32f4xx_hal_spi.c **** /**
2830:Drivers/STM32F4xx_HAL_Driver/Src/stm32f4xx_hal_spi.c ****   * @brief  DMA SPI transmit receive process complete callback.
2831:Drivers/STM32F4xx_HAL_Driver/Src/stm32f4xx_hal_spi.c ****   * @param  hdma pointer to a DMA_HandleTypeDef structure that contains
2832:Drivers/STM32F4xx_HAL_Driver/Src/stm32f4xx_hal_spi.c ****   *               the configuration information for the specified DMA module.
2833:Drivers/STM32F4xx_HAL_Driver/Src/stm32f4xx_hal_spi.c ****   * @retval None
2834:Drivers/STM32F4xx_HAL_Driver/Src/stm32f4xx_hal_spi.c ****   */
2835:Drivers/STM32F4xx_HAL_Driver/Src/stm32f4xx_hal_spi.c **** static void SPI_DMATransmitReceiveCplt(DMA_HandleTypeDef *hdma)
2836:Drivers/STM32F4xx_HAL_Driver/Src/stm32f4xx_hal_spi.c **** {
2837:Drivers/STM32F4xx_HAL_Driver/Src/stm32f4xx_hal_spi.c ****   SPI_HandleTypeDef *hspi = (SPI_HandleTypeDef *)(((DMA_HandleTypeDef *)hdma)->Parent);
2838:Drivers/STM32F4xx_HAL_Driver/Src/stm32f4xx_hal_spi.c ****   uint32_t tickstart;
2839:Drivers/STM32F4xx_HAL_Driver/Src/stm32f4xx_hal_spi.c **** #if (USE_SPI_CRC != 0U)
2840:Drivers/STM32F4xx_HAL_Driver/Src/stm32f4xx_hal_spi.c ****   __IO uint32_t tmpreg = 0U;
2841:Drivers/STM32F4xx_HAL_Driver/Src/stm32f4xx_hal_spi.c **** #endif /* USE_SPI_CRC */
2842:Drivers/STM32F4xx_HAL_Driver/Src/stm32f4xx_hal_spi.c **** 
2843:Drivers/STM32F4xx_HAL_Driver/Src/stm32f4xx_hal_spi.c ****   /* Init tickstart for timeout management*/
2844:Drivers/STM32F4xx_HAL_Driver/Src/stm32f4xx_hal_spi.c ****   tickstart = HAL_GetTick();
2845:Drivers/STM32F4xx_HAL_Driver/Src/stm32f4xx_hal_spi.c **** 
2846:Drivers/STM32F4xx_HAL_Driver/Src/stm32f4xx_hal_spi.c ****   /* DMA Normal Mode */
2847:Drivers/STM32F4xx_HAL_Driver/Src/stm32f4xx_hal_spi.c ****   if ((hdma->Instance->CR & DMA_SxCR_CIRC) != DMA_SxCR_CIRC)
2848:Drivers/STM32F4xx_HAL_Driver/Src/stm32f4xx_hal_spi.c ****   {
2849:Drivers/STM32F4xx_HAL_Driver/Src/stm32f4xx_hal_spi.c ****     /* Disable ERR interrupt */
2850:Drivers/STM32F4xx_HAL_Driver/Src/stm32f4xx_hal_spi.c ****     __HAL_SPI_DISABLE_IT(hspi, SPI_IT_ERR);
2851:Drivers/STM32F4xx_HAL_Driver/Src/stm32f4xx_hal_spi.c **** 
2852:Drivers/STM32F4xx_HAL_Driver/Src/stm32f4xx_hal_spi.c **** #if (USE_SPI_CRC != 0U)
2853:Drivers/STM32F4xx_HAL_Driver/Src/stm32f4xx_hal_spi.c ****     /* CRC handling */
2854:Drivers/STM32F4xx_HAL_Driver/Src/stm32f4xx_hal_spi.c ****     if (hspi->Init.CRCCalculation == SPI_CRCCALCULATION_ENABLE)
2855:Drivers/STM32F4xx_HAL_Driver/Src/stm32f4xx_hal_spi.c ****     {
2856:Drivers/STM32F4xx_HAL_Driver/Src/stm32f4xx_hal_spi.c ****       /* Wait the CRC data */
2857:Drivers/STM32F4xx_HAL_Driver/Src/stm32f4xx_hal_spi.c ****       if (SPI_WaitFlagStateUntilTimeout(hspi, SPI_FLAG_RXNE, SET, SPI_DEFAULT_TIMEOUT, tickstart) !
2858:Drivers/STM32F4xx_HAL_Driver/Src/stm32f4xx_hal_spi.c ****       {
2859:Drivers/STM32F4xx_HAL_Driver/Src/stm32f4xx_hal_spi.c ****         SET_BIT(hspi->ErrorCode, HAL_SPI_ERROR_CRC);
2860:Drivers/STM32F4xx_HAL_Driver/Src/stm32f4xx_hal_spi.c ****       }
2861:Drivers/STM32F4xx_HAL_Driver/Src/stm32f4xx_hal_spi.c ****       /* Read CRC to Flush DR and RXNE flag */
2862:Drivers/STM32F4xx_HAL_Driver/Src/stm32f4xx_hal_spi.c ****       tmpreg = READ_REG(hspi->Instance->DR);
2863:Drivers/STM32F4xx_HAL_Driver/Src/stm32f4xx_hal_spi.c ****       /* To avoid GCC warning */
2864:Drivers/STM32F4xx_HAL_Driver/Src/stm32f4xx_hal_spi.c ****       UNUSED(tmpreg);
2865:Drivers/STM32F4xx_HAL_Driver/Src/stm32f4xx_hal_spi.c ****     }
2866:Drivers/STM32F4xx_HAL_Driver/Src/stm32f4xx_hal_spi.c **** #endif /* USE_SPI_CRC */
2867:Drivers/STM32F4xx_HAL_Driver/Src/stm32f4xx_hal_spi.c **** 
2868:Drivers/STM32F4xx_HAL_Driver/Src/stm32f4xx_hal_spi.c ****     /* Check the end of the transaction */
2869:Drivers/STM32F4xx_HAL_Driver/Src/stm32f4xx_hal_spi.c ****     if (SPI_EndRxTxTransaction(hspi, SPI_DEFAULT_TIMEOUT, tickstart) != HAL_OK)
2870:Drivers/STM32F4xx_HAL_Driver/Src/stm32f4xx_hal_spi.c ****     {
2871:Drivers/STM32F4xx_HAL_Driver/Src/stm32f4xx_hal_spi.c ****       SET_BIT(hspi->ErrorCode, HAL_SPI_ERROR_FLAG);
2872:Drivers/STM32F4xx_HAL_Driver/Src/stm32f4xx_hal_spi.c ****     }
2873:Drivers/STM32F4xx_HAL_Driver/Src/stm32f4xx_hal_spi.c **** 
2874:Drivers/STM32F4xx_HAL_Driver/Src/stm32f4xx_hal_spi.c ****     /* Disable Rx/Tx DMA Request */
2875:Drivers/STM32F4xx_HAL_Driver/Src/stm32f4xx_hal_spi.c ****     CLEAR_BIT(hspi->Instance->CR2, SPI_CR2_TXDMAEN | SPI_CR2_RXDMAEN);
2876:Drivers/STM32F4xx_HAL_Driver/Src/stm32f4xx_hal_spi.c **** 
2877:Drivers/STM32F4xx_HAL_Driver/Src/stm32f4xx_hal_spi.c ****     hspi->TxXferCount = 0U;
2878:Drivers/STM32F4xx_HAL_Driver/Src/stm32f4xx_hal_spi.c ****     hspi->RxXferCount = 0U;
2879:Drivers/STM32F4xx_HAL_Driver/Src/stm32f4xx_hal_spi.c ****     hspi->State = HAL_SPI_STATE_READY;
2880:Drivers/STM32F4xx_HAL_Driver/Src/stm32f4xx_hal_spi.c **** 
ARM GAS  /tmp/cci2ucsl.s 			page 52


2881:Drivers/STM32F4xx_HAL_Driver/Src/stm32f4xx_hal_spi.c **** #if (USE_SPI_CRC != 0U)
2882:Drivers/STM32F4xx_HAL_Driver/Src/stm32f4xx_hal_spi.c ****     /* Check if CRC error occurred */
2883:Drivers/STM32F4xx_HAL_Driver/Src/stm32f4xx_hal_spi.c ****     if (__HAL_SPI_GET_FLAG(hspi, SPI_FLAG_CRCERR))
2884:Drivers/STM32F4xx_HAL_Driver/Src/stm32f4xx_hal_spi.c ****     {
2885:Drivers/STM32F4xx_HAL_Driver/Src/stm32f4xx_hal_spi.c ****       SET_BIT(hspi->ErrorCode, HAL_SPI_ERROR_CRC);
2886:Drivers/STM32F4xx_HAL_Driver/Src/stm32f4xx_hal_spi.c ****       __HAL_SPI_CLEAR_CRCERRFLAG(hspi);
2887:Drivers/STM32F4xx_HAL_Driver/Src/stm32f4xx_hal_spi.c ****     }
2888:Drivers/STM32F4xx_HAL_Driver/Src/stm32f4xx_hal_spi.c **** #endif /* USE_SPI_CRC */
2889:Drivers/STM32F4xx_HAL_Driver/Src/stm32f4xx_hal_spi.c **** 
2890:Drivers/STM32F4xx_HAL_Driver/Src/stm32f4xx_hal_spi.c ****     if (hspi->ErrorCode != HAL_SPI_ERROR_NONE)
2891:Drivers/STM32F4xx_HAL_Driver/Src/stm32f4xx_hal_spi.c ****     {
2892:Drivers/STM32F4xx_HAL_Driver/Src/stm32f4xx_hal_spi.c ****       /* Call user error callback */
2893:Drivers/STM32F4xx_HAL_Driver/Src/stm32f4xx_hal_spi.c **** #if (USE_HAL_SPI_REGISTER_CALLBACKS == 1U)
2894:Drivers/STM32F4xx_HAL_Driver/Src/stm32f4xx_hal_spi.c ****       hspi->ErrorCallback(hspi);
2895:Drivers/STM32F4xx_HAL_Driver/Src/stm32f4xx_hal_spi.c **** #else
2896:Drivers/STM32F4xx_HAL_Driver/Src/stm32f4xx_hal_spi.c ****       HAL_SPI_ErrorCallback(hspi);
2897:Drivers/STM32F4xx_HAL_Driver/Src/stm32f4xx_hal_spi.c **** #endif /* USE_HAL_SPI_REGISTER_CALLBACKS */
2898:Drivers/STM32F4xx_HAL_Driver/Src/stm32f4xx_hal_spi.c ****       return;
2899:Drivers/STM32F4xx_HAL_Driver/Src/stm32f4xx_hal_spi.c ****     }
2900:Drivers/STM32F4xx_HAL_Driver/Src/stm32f4xx_hal_spi.c ****   }
2901:Drivers/STM32F4xx_HAL_Driver/Src/stm32f4xx_hal_spi.c ****   /* Call user TxRx complete callback */
2902:Drivers/STM32F4xx_HAL_Driver/Src/stm32f4xx_hal_spi.c **** #if (USE_HAL_SPI_REGISTER_CALLBACKS == 1U)
2903:Drivers/STM32F4xx_HAL_Driver/Src/stm32f4xx_hal_spi.c ****   hspi->TxRxCpltCallback(hspi);
2904:Drivers/STM32F4xx_HAL_Driver/Src/stm32f4xx_hal_spi.c **** #else
2905:Drivers/STM32F4xx_HAL_Driver/Src/stm32f4xx_hal_spi.c ****   HAL_SPI_TxRxCpltCallback(hspi);
2906:Drivers/STM32F4xx_HAL_Driver/Src/stm32f4xx_hal_spi.c **** #endif /* USE_HAL_SPI_REGISTER_CALLBACKS */
2907:Drivers/STM32F4xx_HAL_Driver/Src/stm32f4xx_hal_spi.c **** }
2908:Drivers/STM32F4xx_HAL_Driver/Src/stm32f4xx_hal_spi.c **** 
2909:Drivers/STM32F4xx_HAL_Driver/Src/stm32f4xx_hal_spi.c **** /**
2910:Drivers/STM32F4xx_HAL_Driver/Src/stm32f4xx_hal_spi.c ****   * @brief  DMA SPI half transmit process complete callback.
2911:Drivers/STM32F4xx_HAL_Driver/Src/stm32f4xx_hal_spi.c ****   * @param  hdma pointer to a DMA_HandleTypeDef structure that contains
2912:Drivers/STM32F4xx_HAL_Driver/Src/stm32f4xx_hal_spi.c ****   *               the configuration information for the specified DMA module.
2913:Drivers/STM32F4xx_HAL_Driver/Src/stm32f4xx_hal_spi.c ****   * @retval None
2914:Drivers/STM32F4xx_HAL_Driver/Src/stm32f4xx_hal_spi.c ****   */
2915:Drivers/STM32F4xx_HAL_Driver/Src/stm32f4xx_hal_spi.c **** static void SPI_DMAHalfTransmitCplt(DMA_HandleTypeDef *hdma)
2916:Drivers/STM32F4xx_HAL_Driver/Src/stm32f4xx_hal_spi.c **** {
2917:Drivers/STM32F4xx_HAL_Driver/Src/stm32f4xx_hal_spi.c ****   SPI_HandleTypeDef *hspi = (SPI_HandleTypeDef *)(((DMA_HandleTypeDef *)hdma)->Parent);
2918:Drivers/STM32F4xx_HAL_Driver/Src/stm32f4xx_hal_spi.c **** 
2919:Drivers/STM32F4xx_HAL_Driver/Src/stm32f4xx_hal_spi.c ****   /* Call user Tx half complete callback */
2920:Drivers/STM32F4xx_HAL_Driver/Src/stm32f4xx_hal_spi.c **** #if (USE_HAL_SPI_REGISTER_CALLBACKS == 1U)
2921:Drivers/STM32F4xx_HAL_Driver/Src/stm32f4xx_hal_spi.c ****   hspi->TxHalfCpltCallback(hspi);
2922:Drivers/STM32F4xx_HAL_Driver/Src/stm32f4xx_hal_spi.c **** #else
2923:Drivers/STM32F4xx_HAL_Driver/Src/stm32f4xx_hal_spi.c ****   HAL_SPI_TxHalfCpltCallback(hspi);
2924:Drivers/STM32F4xx_HAL_Driver/Src/stm32f4xx_hal_spi.c **** #endif /* USE_HAL_SPI_REGISTER_CALLBACKS */
2925:Drivers/STM32F4xx_HAL_Driver/Src/stm32f4xx_hal_spi.c **** }
2926:Drivers/STM32F4xx_HAL_Driver/Src/stm32f4xx_hal_spi.c **** 
2927:Drivers/STM32F4xx_HAL_Driver/Src/stm32f4xx_hal_spi.c **** /**
2928:Drivers/STM32F4xx_HAL_Driver/Src/stm32f4xx_hal_spi.c ****   * @brief  DMA SPI half receive process complete callback
2929:Drivers/STM32F4xx_HAL_Driver/Src/stm32f4xx_hal_spi.c ****   * @param  hdma pointer to a DMA_HandleTypeDef structure that contains
2930:Drivers/STM32F4xx_HAL_Driver/Src/stm32f4xx_hal_spi.c ****   *               the configuration information for the specified DMA module.
2931:Drivers/STM32F4xx_HAL_Driver/Src/stm32f4xx_hal_spi.c ****   * @retval None
2932:Drivers/STM32F4xx_HAL_Driver/Src/stm32f4xx_hal_spi.c ****   */
2933:Drivers/STM32F4xx_HAL_Driver/Src/stm32f4xx_hal_spi.c **** static void SPI_DMAHalfReceiveCplt(DMA_HandleTypeDef *hdma)
2934:Drivers/STM32F4xx_HAL_Driver/Src/stm32f4xx_hal_spi.c **** {
2935:Drivers/STM32F4xx_HAL_Driver/Src/stm32f4xx_hal_spi.c ****   SPI_HandleTypeDef *hspi = (SPI_HandleTypeDef *)(((DMA_HandleTypeDef *)hdma)->Parent);
2936:Drivers/STM32F4xx_HAL_Driver/Src/stm32f4xx_hal_spi.c **** 
2937:Drivers/STM32F4xx_HAL_Driver/Src/stm32f4xx_hal_spi.c ****   /* Call user Rx half complete callback */
ARM GAS  /tmp/cci2ucsl.s 			page 53


2938:Drivers/STM32F4xx_HAL_Driver/Src/stm32f4xx_hal_spi.c **** #if (USE_HAL_SPI_REGISTER_CALLBACKS == 1U)
2939:Drivers/STM32F4xx_HAL_Driver/Src/stm32f4xx_hal_spi.c ****   hspi->RxHalfCpltCallback(hspi);
2940:Drivers/STM32F4xx_HAL_Driver/Src/stm32f4xx_hal_spi.c **** #else
2941:Drivers/STM32F4xx_HAL_Driver/Src/stm32f4xx_hal_spi.c ****   HAL_SPI_RxHalfCpltCallback(hspi);
2942:Drivers/STM32F4xx_HAL_Driver/Src/stm32f4xx_hal_spi.c **** #endif /* USE_HAL_SPI_REGISTER_CALLBACKS */
2943:Drivers/STM32F4xx_HAL_Driver/Src/stm32f4xx_hal_spi.c **** }
2944:Drivers/STM32F4xx_HAL_Driver/Src/stm32f4xx_hal_spi.c **** 
2945:Drivers/STM32F4xx_HAL_Driver/Src/stm32f4xx_hal_spi.c **** /**
2946:Drivers/STM32F4xx_HAL_Driver/Src/stm32f4xx_hal_spi.c ****   * @brief  DMA SPI half transmit receive process complete callback.
2947:Drivers/STM32F4xx_HAL_Driver/Src/stm32f4xx_hal_spi.c ****   * @param  hdma pointer to a DMA_HandleTypeDef structure that contains
2948:Drivers/STM32F4xx_HAL_Driver/Src/stm32f4xx_hal_spi.c ****   *               the configuration information for the specified DMA module.
2949:Drivers/STM32F4xx_HAL_Driver/Src/stm32f4xx_hal_spi.c ****   * @retval None
2950:Drivers/STM32F4xx_HAL_Driver/Src/stm32f4xx_hal_spi.c ****   */
2951:Drivers/STM32F4xx_HAL_Driver/Src/stm32f4xx_hal_spi.c **** static void SPI_DMAHalfTransmitReceiveCplt(DMA_HandleTypeDef *hdma)
2952:Drivers/STM32F4xx_HAL_Driver/Src/stm32f4xx_hal_spi.c **** {
2953:Drivers/STM32F4xx_HAL_Driver/Src/stm32f4xx_hal_spi.c ****   SPI_HandleTypeDef *hspi = (SPI_HandleTypeDef *)(((DMA_HandleTypeDef *)hdma)->Parent);
2954:Drivers/STM32F4xx_HAL_Driver/Src/stm32f4xx_hal_spi.c **** 
2955:Drivers/STM32F4xx_HAL_Driver/Src/stm32f4xx_hal_spi.c ****   /* Call user TxRx half complete callback */
2956:Drivers/STM32F4xx_HAL_Driver/Src/stm32f4xx_hal_spi.c **** #if (USE_HAL_SPI_REGISTER_CALLBACKS == 1U)
2957:Drivers/STM32F4xx_HAL_Driver/Src/stm32f4xx_hal_spi.c ****   hspi->TxRxHalfCpltCallback(hspi);
2958:Drivers/STM32F4xx_HAL_Driver/Src/stm32f4xx_hal_spi.c **** #else
2959:Drivers/STM32F4xx_HAL_Driver/Src/stm32f4xx_hal_spi.c ****   HAL_SPI_TxRxHalfCpltCallback(hspi);
2960:Drivers/STM32F4xx_HAL_Driver/Src/stm32f4xx_hal_spi.c **** #endif /* USE_HAL_SPI_REGISTER_CALLBACKS */
2961:Drivers/STM32F4xx_HAL_Driver/Src/stm32f4xx_hal_spi.c **** }
2962:Drivers/STM32F4xx_HAL_Driver/Src/stm32f4xx_hal_spi.c **** 
2963:Drivers/STM32F4xx_HAL_Driver/Src/stm32f4xx_hal_spi.c **** /**
2964:Drivers/STM32F4xx_HAL_Driver/Src/stm32f4xx_hal_spi.c ****   * @brief  DMA SPI communication error callback.
2965:Drivers/STM32F4xx_HAL_Driver/Src/stm32f4xx_hal_spi.c ****   * @param  hdma pointer to a DMA_HandleTypeDef structure that contains
2966:Drivers/STM32F4xx_HAL_Driver/Src/stm32f4xx_hal_spi.c ****   *               the configuration information for the specified DMA module.
2967:Drivers/STM32F4xx_HAL_Driver/Src/stm32f4xx_hal_spi.c ****   * @retval None
2968:Drivers/STM32F4xx_HAL_Driver/Src/stm32f4xx_hal_spi.c ****   */
2969:Drivers/STM32F4xx_HAL_Driver/Src/stm32f4xx_hal_spi.c **** static void SPI_DMAError(DMA_HandleTypeDef *hdma)
2970:Drivers/STM32F4xx_HAL_Driver/Src/stm32f4xx_hal_spi.c **** {
2971:Drivers/STM32F4xx_HAL_Driver/Src/stm32f4xx_hal_spi.c ****   SPI_HandleTypeDef *hspi = (SPI_HandleTypeDef *)(((DMA_HandleTypeDef *)hdma)->Parent);
2972:Drivers/STM32F4xx_HAL_Driver/Src/stm32f4xx_hal_spi.c **** 
2973:Drivers/STM32F4xx_HAL_Driver/Src/stm32f4xx_hal_spi.c ****   /* Stop the disable DMA transfer on SPI side */
2974:Drivers/STM32F4xx_HAL_Driver/Src/stm32f4xx_hal_spi.c ****   CLEAR_BIT(hspi->Instance->CR2, SPI_CR2_TXDMAEN | SPI_CR2_RXDMAEN);
2975:Drivers/STM32F4xx_HAL_Driver/Src/stm32f4xx_hal_spi.c **** 
2976:Drivers/STM32F4xx_HAL_Driver/Src/stm32f4xx_hal_spi.c ****   SET_BIT(hspi->ErrorCode, HAL_SPI_ERROR_DMA);
2977:Drivers/STM32F4xx_HAL_Driver/Src/stm32f4xx_hal_spi.c ****   hspi->State = HAL_SPI_STATE_READY;
2978:Drivers/STM32F4xx_HAL_Driver/Src/stm32f4xx_hal_spi.c ****   /* Call user error callback */
2979:Drivers/STM32F4xx_HAL_Driver/Src/stm32f4xx_hal_spi.c **** #if (USE_HAL_SPI_REGISTER_CALLBACKS == 1U)
2980:Drivers/STM32F4xx_HAL_Driver/Src/stm32f4xx_hal_spi.c ****   hspi->ErrorCallback(hspi);
2981:Drivers/STM32F4xx_HAL_Driver/Src/stm32f4xx_hal_spi.c **** #else
2982:Drivers/STM32F4xx_HAL_Driver/Src/stm32f4xx_hal_spi.c ****   HAL_SPI_ErrorCallback(hspi);
2983:Drivers/STM32F4xx_HAL_Driver/Src/stm32f4xx_hal_spi.c **** #endif /* USE_HAL_SPI_REGISTER_CALLBACKS */
2984:Drivers/STM32F4xx_HAL_Driver/Src/stm32f4xx_hal_spi.c **** }
2985:Drivers/STM32F4xx_HAL_Driver/Src/stm32f4xx_hal_spi.c **** 
2986:Drivers/STM32F4xx_HAL_Driver/Src/stm32f4xx_hal_spi.c **** /**
2987:Drivers/STM32F4xx_HAL_Driver/Src/stm32f4xx_hal_spi.c ****   * @brief  DMA SPI communication abort callback, when initiated by HAL services on Error
2988:Drivers/STM32F4xx_HAL_Driver/Src/stm32f4xx_hal_spi.c ****   *         (To be called at end of DMA Abort procedure following error occurrence).
2989:Drivers/STM32F4xx_HAL_Driver/Src/stm32f4xx_hal_spi.c ****   * @param  hdma DMA handle.
2990:Drivers/STM32F4xx_HAL_Driver/Src/stm32f4xx_hal_spi.c ****   * @retval None
2991:Drivers/STM32F4xx_HAL_Driver/Src/stm32f4xx_hal_spi.c ****   */
2992:Drivers/STM32F4xx_HAL_Driver/Src/stm32f4xx_hal_spi.c **** static void SPI_DMAAbortOnError(DMA_HandleTypeDef *hdma)
2993:Drivers/STM32F4xx_HAL_Driver/Src/stm32f4xx_hal_spi.c **** {
2994:Drivers/STM32F4xx_HAL_Driver/Src/stm32f4xx_hal_spi.c ****   SPI_HandleTypeDef *hspi = (SPI_HandleTypeDef *)(((DMA_HandleTypeDef *)hdma)->Parent);
ARM GAS  /tmp/cci2ucsl.s 			page 54


2995:Drivers/STM32F4xx_HAL_Driver/Src/stm32f4xx_hal_spi.c ****   hspi->RxXferCount = 0U;
2996:Drivers/STM32F4xx_HAL_Driver/Src/stm32f4xx_hal_spi.c ****   hspi->TxXferCount = 0U;
2997:Drivers/STM32F4xx_HAL_Driver/Src/stm32f4xx_hal_spi.c **** 
2998:Drivers/STM32F4xx_HAL_Driver/Src/stm32f4xx_hal_spi.c ****   /* Call user error callback */
2999:Drivers/STM32F4xx_HAL_Driver/Src/stm32f4xx_hal_spi.c **** #if (USE_HAL_SPI_REGISTER_CALLBACKS == 1U)
3000:Drivers/STM32F4xx_HAL_Driver/Src/stm32f4xx_hal_spi.c ****   hspi->ErrorCallback(hspi);
3001:Drivers/STM32F4xx_HAL_Driver/Src/stm32f4xx_hal_spi.c **** #else
3002:Drivers/STM32F4xx_HAL_Driver/Src/stm32f4xx_hal_spi.c ****   HAL_SPI_ErrorCallback(hspi);
3003:Drivers/STM32F4xx_HAL_Driver/Src/stm32f4xx_hal_spi.c **** #endif /* USE_HAL_SPI_REGISTER_CALLBACKS */
3004:Drivers/STM32F4xx_HAL_Driver/Src/stm32f4xx_hal_spi.c **** }
3005:Drivers/STM32F4xx_HAL_Driver/Src/stm32f4xx_hal_spi.c **** 
3006:Drivers/STM32F4xx_HAL_Driver/Src/stm32f4xx_hal_spi.c **** /**
3007:Drivers/STM32F4xx_HAL_Driver/Src/stm32f4xx_hal_spi.c ****   * @brief  DMA SPI Tx communication abort callback, when initiated by user
3008:Drivers/STM32F4xx_HAL_Driver/Src/stm32f4xx_hal_spi.c ****   *         (To be called at end of DMA Tx Abort procedure following user abort request).
3009:Drivers/STM32F4xx_HAL_Driver/Src/stm32f4xx_hal_spi.c ****   * @note   When this callback is executed, User Abort complete call back is called only if no
3010:Drivers/STM32F4xx_HAL_Driver/Src/stm32f4xx_hal_spi.c ****   *         Abort still ongoing for Rx DMA Handle.
3011:Drivers/STM32F4xx_HAL_Driver/Src/stm32f4xx_hal_spi.c ****   * @param  hdma DMA handle.
3012:Drivers/STM32F4xx_HAL_Driver/Src/stm32f4xx_hal_spi.c ****   * @retval None
3013:Drivers/STM32F4xx_HAL_Driver/Src/stm32f4xx_hal_spi.c ****   */
3014:Drivers/STM32F4xx_HAL_Driver/Src/stm32f4xx_hal_spi.c **** static void SPI_DMATxAbortCallback(DMA_HandleTypeDef *hdma)
3015:Drivers/STM32F4xx_HAL_Driver/Src/stm32f4xx_hal_spi.c **** {
3016:Drivers/STM32F4xx_HAL_Driver/Src/stm32f4xx_hal_spi.c ****   SPI_HandleTypeDef *hspi = (SPI_HandleTypeDef *)(((DMA_HandleTypeDef *)hdma)->Parent);
3017:Drivers/STM32F4xx_HAL_Driver/Src/stm32f4xx_hal_spi.c ****   __IO uint32_t count;
3018:Drivers/STM32F4xx_HAL_Driver/Src/stm32f4xx_hal_spi.c **** 
3019:Drivers/STM32F4xx_HAL_Driver/Src/stm32f4xx_hal_spi.c ****   hspi->hdmatx->XferAbortCallback = NULL;
3020:Drivers/STM32F4xx_HAL_Driver/Src/stm32f4xx_hal_spi.c ****   count = SPI_DEFAULT_TIMEOUT * (SystemCoreClock / 24U / 1000U);
3021:Drivers/STM32F4xx_HAL_Driver/Src/stm32f4xx_hal_spi.c **** 
3022:Drivers/STM32F4xx_HAL_Driver/Src/stm32f4xx_hal_spi.c ****   /* Disable Tx DMA Request */
3023:Drivers/STM32F4xx_HAL_Driver/Src/stm32f4xx_hal_spi.c ****   CLEAR_BIT(hspi->Instance->CR2, SPI_CR2_TXDMAEN);
3024:Drivers/STM32F4xx_HAL_Driver/Src/stm32f4xx_hal_spi.c **** 
3025:Drivers/STM32F4xx_HAL_Driver/Src/stm32f4xx_hal_spi.c ****   /* Wait until TXE flag is set */
3026:Drivers/STM32F4xx_HAL_Driver/Src/stm32f4xx_hal_spi.c ****   do
3027:Drivers/STM32F4xx_HAL_Driver/Src/stm32f4xx_hal_spi.c ****   {
3028:Drivers/STM32F4xx_HAL_Driver/Src/stm32f4xx_hal_spi.c ****     if (count == 0U)
3029:Drivers/STM32F4xx_HAL_Driver/Src/stm32f4xx_hal_spi.c ****     {
3030:Drivers/STM32F4xx_HAL_Driver/Src/stm32f4xx_hal_spi.c ****       SET_BIT(hspi->ErrorCode, HAL_SPI_ERROR_ABORT);
3031:Drivers/STM32F4xx_HAL_Driver/Src/stm32f4xx_hal_spi.c ****       break;
3032:Drivers/STM32F4xx_HAL_Driver/Src/stm32f4xx_hal_spi.c ****     }
3033:Drivers/STM32F4xx_HAL_Driver/Src/stm32f4xx_hal_spi.c ****     count--;
3034:Drivers/STM32F4xx_HAL_Driver/Src/stm32f4xx_hal_spi.c ****   } while ((hspi->Instance->SR & SPI_FLAG_TXE) == RESET);
3035:Drivers/STM32F4xx_HAL_Driver/Src/stm32f4xx_hal_spi.c **** 
3036:Drivers/STM32F4xx_HAL_Driver/Src/stm32f4xx_hal_spi.c ****   /* Check if an Abort process is still ongoing */
3037:Drivers/STM32F4xx_HAL_Driver/Src/stm32f4xx_hal_spi.c ****   if (hspi->hdmarx != NULL)
3038:Drivers/STM32F4xx_HAL_Driver/Src/stm32f4xx_hal_spi.c ****   {
3039:Drivers/STM32F4xx_HAL_Driver/Src/stm32f4xx_hal_spi.c ****     if (hspi->hdmarx->XferAbortCallback != NULL)
3040:Drivers/STM32F4xx_HAL_Driver/Src/stm32f4xx_hal_spi.c ****     {
3041:Drivers/STM32F4xx_HAL_Driver/Src/stm32f4xx_hal_spi.c ****       return;
3042:Drivers/STM32F4xx_HAL_Driver/Src/stm32f4xx_hal_spi.c ****     }
3043:Drivers/STM32F4xx_HAL_Driver/Src/stm32f4xx_hal_spi.c ****   }
3044:Drivers/STM32F4xx_HAL_Driver/Src/stm32f4xx_hal_spi.c **** 
3045:Drivers/STM32F4xx_HAL_Driver/Src/stm32f4xx_hal_spi.c ****   /* No Abort process still ongoing : All DMA Stream/Channel are aborted, call user Abort Complete 
3046:Drivers/STM32F4xx_HAL_Driver/Src/stm32f4xx_hal_spi.c ****   hspi->RxXferCount = 0U;
3047:Drivers/STM32F4xx_HAL_Driver/Src/stm32f4xx_hal_spi.c ****   hspi->TxXferCount = 0U;
3048:Drivers/STM32F4xx_HAL_Driver/Src/stm32f4xx_hal_spi.c **** 
3049:Drivers/STM32F4xx_HAL_Driver/Src/stm32f4xx_hal_spi.c ****   /* Check no error during Abort procedure */
3050:Drivers/STM32F4xx_HAL_Driver/Src/stm32f4xx_hal_spi.c ****   if (hspi->ErrorCode != HAL_SPI_ERROR_ABORT)
3051:Drivers/STM32F4xx_HAL_Driver/Src/stm32f4xx_hal_spi.c ****   {
ARM GAS  /tmp/cci2ucsl.s 			page 55


3052:Drivers/STM32F4xx_HAL_Driver/Src/stm32f4xx_hal_spi.c ****     /* Reset errorCode */
3053:Drivers/STM32F4xx_HAL_Driver/Src/stm32f4xx_hal_spi.c ****     hspi->ErrorCode = HAL_SPI_ERROR_NONE;
3054:Drivers/STM32F4xx_HAL_Driver/Src/stm32f4xx_hal_spi.c ****   }
3055:Drivers/STM32F4xx_HAL_Driver/Src/stm32f4xx_hal_spi.c **** 
3056:Drivers/STM32F4xx_HAL_Driver/Src/stm32f4xx_hal_spi.c ****   /* Clear the Error flags in the SR register */
3057:Drivers/STM32F4xx_HAL_Driver/Src/stm32f4xx_hal_spi.c ****   __HAL_SPI_CLEAR_OVRFLAG(hspi);
3058:Drivers/STM32F4xx_HAL_Driver/Src/stm32f4xx_hal_spi.c ****   __HAL_SPI_CLEAR_FREFLAG(hspi);
3059:Drivers/STM32F4xx_HAL_Driver/Src/stm32f4xx_hal_spi.c **** 
3060:Drivers/STM32F4xx_HAL_Driver/Src/stm32f4xx_hal_spi.c ****   /* Restore hspi->State to Ready */
3061:Drivers/STM32F4xx_HAL_Driver/Src/stm32f4xx_hal_spi.c ****   hspi->State  = HAL_SPI_STATE_READY;
3062:Drivers/STM32F4xx_HAL_Driver/Src/stm32f4xx_hal_spi.c **** 
3063:Drivers/STM32F4xx_HAL_Driver/Src/stm32f4xx_hal_spi.c ****   /* Call user Abort complete callback */
3064:Drivers/STM32F4xx_HAL_Driver/Src/stm32f4xx_hal_spi.c **** #if (USE_HAL_SPI_REGISTER_CALLBACKS == 1U)
3065:Drivers/STM32F4xx_HAL_Driver/Src/stm32f4xx_hal_spi.c ****   hspi->AbortCpltCallback(hspi);
3066:Drivers/STM32F4xx_HAL_Driver/Src/stm32f4xx_hal_spi.c **** #else
3067:Drivers/STM32F4xx_HAL_Driver/Src/stm32f4xx_hal_spi.c ****   HAL_SPI_AbortCpltCallback(hspi);
3068:Drivers/STM32F4xx_HAL_Driver/Src/stm32f4xx_hal_spi.c **** #endif /* USE_HAL_SPI_REGISTER_CALLBACKS */
3069:Drivers/STM32F4xx_HAL_Driver/Src/stm32f4xx_hal_spi.c **** }
3070:Drivers/STM32F4xx_HAL_Driver/Src/stm32f4xx_hal_spi.c **** 
3071:Drivers/STM32F4xx_HAL_Driver/Src/stm32f4xx_hal_spi.c **** /**
3072:Drivers/STM32F4xx_HAL_Driver/Src/stm32f4xx_hal_spi.c ****   * @brief  DMA SPI Rx communication abort callback, when initiated by user
3073:Drivers/STM32F4xx_HAL_Driver/Src/stm32f4xx_hal_spi.c ****   *         (To be called at end of DMA Rx Abort procedure following user abort request).
3074:Drivers/STM32F4xx_HAL_Driver/Src/stm32f4xx_hal_spi.c ****   * @note   When this callback is executed, User Abort complete call back is called only if no
3075:Drivers/STM32F4xx_HAL_Driver/Src/stm32f4xx_hal_spi.c ****   *         Abort still ongoing for Tx DMA Handle.
3076:Drivers/STM32F4xx_HAL_Driver/Src/stm32f4xx_hal_spi.c ****   * @param  hdma DMA handle.
3077:Drivers/STM32F4xx_HAL_Driver/Src/stm32f4xx_hal_spi.c ****   * @retval None
3078:Drivers/STM32F4xx_HAL_Driver/Src/stm32f4xx_hal_spi.c ****   */
3079:Drivers/STM32F4xx_HAL_Driver/Src/stm32f4xx_hal_spi.c **** static void SPI_DMARxAbortCallback(DMA_HandleTypeDef *hdma)
3080:Drivers/STM32F4xx_HAL_Driver/Src/stm32f4xx_hal_spi.c **** {
3081:Drivers/STM32F4xx_HAL_Driver/Src/stm32f4xx_hal_spi.c ****   SPI_HandleTypeDef *hspi = (SPI_HandleTypeDef *)(((DMA_HandleTypeDef *)hdma)->Parent);
3082:Drivers/STM32F4xx_HAL_Driver/Src/stm32f4xx_hal_spi.c **** 
3083:Drivers/STM32F4xx_HAL_Driver/Src/stm32f4xx_hal_spi.c ****   /* Disable SPI Peripheral */
3084:Drivers/STM32F4xx_HAL_Driver/Src/stm32f4xx_hal_spi.c ****   __HAL_SPI_DISABLE(hspi);
3085:Drivers/STM32F4xx_HAL_Driver/Src/stm32f4xx_hal_spi.c **** 
3086:Drivers/STM32F4xx_HAL_Driver/Src/stm32f4xx_hal_spi.c ****   hspi->hdmarx->XferAbortCallback = NULL;
3087:Drivers/STM32F4xx_HAL_Driver/Src/stm32f4xx_hal_spi.c **** 
3088:Drivers/STM32F4xx_HAL_Driver/Src/stm32f4xx_hal_spi.c ****   /* Disable Rx DMA Request */
3089:Drivers/STM32F4xx_HAL_Driver/Src/stm32f4xx_hal_spi.c ****   CLEAR_BIT(hspi->Instance->CR2, SPI_CR2_RXDMAEN);
3090:Drivers/STM32F4xx_HAL_Driver/Src/stm32f4xx_hal_spi.c **** 
3091:Drivers/STM32F4xx_HAL_Driver/Src/stm32f4xx_hal_spi.c ****   /* Check Busy flag */
3092:Drivers/STM32F4xx_HAL_Driver/Src/stm32f4xx_hal_spi.c ****   if (SPI_EndRxTxTransaction(hspi, SPI_DEFAULT_TIMEOUT, HAL_GetTick()) != HAL_OK)
3093:Drivers/STM32F4xx_HAL_Driver/Src/stm32f4xx_hal_spi.c ****   {
3094:Drivers/STM32F4xx_HAL_Driver/Src/stm32f4xx_hal_spi.c ****     SET_BIT(hspi->ErrorCode, HAL_SPI_ERROR_ABORT);
3095:Drivers/STM32F4xx_HAL_Driver/Src/stm32f4xx_hal_spi.c ****   }
3096:Drivers/STM32F4xx_HAL_Driver/Src/stm32f4xx_hal_spi.c **** 
3097:Drivers/STM32F4xx_HAL_Driver/Src/stm32f4xx_hal_spi.c ****   /* Check if an Abort process is still ongoing */
3098:Drivers/STM32F4xx_HAL_Driver/Src/stm32f4xx_hal_spi.c ****   if (hspi->hdmatx != NULL)
3099:Drivers/STM32F4xx_HAL_Driver/Src/stm32f4xx_hal_spi.c ****   {
3100:Drivers/STM32F4xx_HAL_Driver/Src/stm32f4xx_hal_spi.c ****     if (hspi->hdmatx->XferAbortCallback != NULL)
3101:Drivers/STM32F4xx_HAL_Driver/Src/stm32f4xx_hal_spi.c ****     {
3102:Drivers/STM32F4xx_HAL_Driver/Src/stm32f4xx_hal_spi.c ****       return;
3103:Drivers/STM32F4xx_HAL_Driver/Src/stm32f4xx_hal_spi.c ****     }
3104:Drivers/STM32F4xx_HAL_Driver/Src/stm32f4xx_hal_spi.c ****   }
3105:Drivers/STM32F4xx_HAL_Driver/Src/stm32f4xx_hal_spi.c **** 
3106:Drivers/STM32F4xx_HAL_Driver/Src/stm32f4xx_hal_spi.c ****   /* No Abort process still ongoing : All DMA Stream/Channel are aborted, call user Abort Complete 
3107:Drivers/STM32F4xx_HAL_Driver/Src/stm32f4xx_hal_spi.c ****   hspi->RxXferCount = 0U;
3108:Drivers/STM32F4xx_HAL_Driver/Src/stm32f4xx_hal_spi.c ****   hspi->TxXferCount = 0U;
ARM GAS  /tmp/cci2ucsl.s 			page 56


3109:Drivers/STM32F4xx_HAL_Driver/Src/stm32f4xx_hal_spi.c **** 
3110:Drivers/STM32F4xx_HAL_Driver/Src/stm32f4xx_hal_spi.c ****   /* Check no error during Abort procedure */
3111:Drivers/STM32F4xx_HAL_Driver/Src/stm32f4xx_hal_spi.c ****   if (hspi->ErrorCode != HAL_SPI_ERROR_ABORT)
3112:Drivers/STM32F4xx_HAL_Driver/Src/stm32f4xx_hal_spi.c ****   {
3113:Drivers/STM32F4xx_HAL_Driver/Src/stm32f4xx_hal_spi.c ****     /* Reset errorCode */
3114:Drivers/STM32F4xx_HAL_Driver/Src/stm32f4xx_hal_spi.c ****     hspi->ErrorCode = HAL_SPI_ERROR_NONE;
3115:Drivers/STM32F4xx_HAL_Driver/Src/stm32f4xx_hal_spi.c ****   }
3116:Drivers/STM32F4xx_HAL_Driver/Src/stm32f4xx_hal_spi.c **** 
3117:Drivers/STM32F4xx_HAL_Driver/Src/stm32f4xx_hal_spi.c ****   /* Clear the Error flags in the SR register */
3118:Drivers/STM32F4xx_HAL_Driver/Src/stm32f4xx_hal_spi.c ****   __HAL_SPI_CLEAR_OVRFLAG(hspi);
3119:Drivers/STM32F4xx_HAL_Driver/Src/stm32f4xx_hal_spi.c ****   __HAL_SPI_CLEAR_FREFLAG(hspi);
3120:Drivers/STM32F4xx_HAL_Driver/Src/stm32f4xx_hal_spi.c **** 
3121:Drivers/STM32F4xx_HAL_Driver/Src/stm32f4xx_hal_spi.c ****   /* Restore hspi->State to Ready */
3122:Drivers/STM32F4xx_HAL_Driver/Src/stm32f4xx_hal_spi.c ****   hspi->State  = HAL_SPI_STATE_READY;
3123:Drivers/STM32F4xx_HAL_Driver/Src/stm32f4xx_hal_spi.c **** 
3124:Drivers/STM32F4xx_HAL_Driver/Src/stm32f4xx_hal_spi.c ****   /* Call user Abort complete callback */
3125:Drivers/STM32F4xx_HAL_Driver/Src/stm32f4xx_hal_spi.c **** #if (USE_HAL_SPI_REGISTER_CALLBACKS == 1U)
3126:Drivers/STM32F4xx_HAL_Driver/Src/stm32f4xx_hal_spi.c ****   hspi->AbortCpltCallback(hspi);
3127:Drivers/STM32F4xx_HAL_Driver/Src/stm32f4xx_hal_spi.c **** #else
3128:Drivers/STM32F4xx_HAL_Driver/Src/stm32f4xx_hal_spi.c ****   HAL_SPI_AbortCpltCallback(hspi);
3129:Drivers/STM32F4xx_HAL_Driver/Src/stm32f4xx_hal_spi.c **** #endif /* USE_HAL_SPI_REGISTER_CALLBACKS */
3130:Drivers/STM32F4xx_HAL_Driver/Src/stm32f4xx_hal_spi.c **** }
3131:Drivers/STM32F4xx_HAL_Driver/Src/stm32f4xx_hal_spi.c **** 
3132:Drivers/STM32F4xx_HAL_Driver/Src/stm32f4xx_hal_spi.c **** /**
3133:Drivers/STM32F4xx_HAL_Driver/Src/stm32f4xx_hal_spi.c ****   * @brief  Rx 8-bit handler for Transmit and Receive in Interrupt mode.
3134:Drivers/STM32F4xx_HAL_Driver/Src/stm32f4xx_hal_spi.c ****   * @param  hspi pointer to a SPI_HandleTypeDef structure that contains
3135:Drivers/STM32F4xx_HAL_Driver/Src/stm32f4xx_hal_spi.c ****   *               the configuration information for SPI module.
3136:Drivers/STM32F4xx_HAL_Driver/Src/stm32f4xx_hal_spi.c ****   * @retval None
3137:Drivers/STM32F4xx_HAL_Driver/Src/stm32f4xx_hal_spi.c ****   */
3138:Drivers/STM32F4xx_HAL_Driver/Src/stm32f4xx_hal_spi.c **** static void SPI_2linesRxISR_8BIT(struct __SPI_HandleTypeDef *hspi)
3139:Drivers/STM32F4xx_HAL_Driver/Src/stm32f4xx_hal_spi.c **** {
3140:Drivers/STM32F4xx_HAL_Driver/Src/stm32f4xx_hal_spi.c ****   /* Receive data in 8bit mode */
3141:Drivers/STM32F4xx_HAL_Driver/Src/stm32f4xx_hal_spi.c ****   *hspi->pRxBuffPtr = *((__IO uint8_t *)&hspi->Instance->DR);
3142:Drivers/STM32F4xx_HAL_Driver/Src/stm32f4xx_hal_spi.c ****   hspi->pRxBuffPtr++;
3143:Drivers/STM32F4xx_HAL_Driver/Src/stm32f4xx_hal_spi.c ****   hspi->RxXferCount--;
3144:Drivers/STM32F4xx_HAL_Driver/Src/stm32f4xx_hal_spi.c **** 
3145:Drivers/STM32F4xx_HAL_Driver/Src/stm32f4xx_hal_spi.c ****   /* Check end of the reception */
3146:Drivers/STM32F4xx_HAL_Driver/Src/stm32f4xx_hal_spi.c ****   if (hspi->RxXferCount == 0U)
3147:Drivers/STM32F4xx_HAL_Driver/Src/stm32f4xx_hal_spi.c ****   {
3148:Drivers/STM32F4xx_HAL_Driver/Src/stm32f4xx_hal_spi.c **** #if (USE_SPI_CRC != 0U)
3149:Drivers/STM32F4xx_HAL_Driver/Src/stm32f4xx_hal_spi.c ****     if (hspi->Init.CRCCalculation == SPI_CRCCALCULATION_ENABLE)
3150:Drivers/STM32F4xx_HAL_Driver/Src/stm32f4xx_hal_spi.c ****     {
3151:Drivers/STM32F4xx_HAL_Driver/Src/stm32f4xx_hal_spi.c ****       hspi->RxISR =  SPI_2linesRxISR_8BITCRC;
3152:Drivers/STM32F4xx_HAL_Driver/Src/stm32f4xx_hal_spi.c ****       return;
3153:Drivers/STM32F4xx_HAL_Driver/Src/stm32f4xx_hal_spi.c ****     }
3154:Drivers/STM32F4xx_HAL_Driver/Src/stm32f4xx_hal_spi.c **** #endif /* USE_SPI_CRC */
3155:Drivers/STM32F4xx_HAL_Driver/Src/stm32f4xx_hal_spi.c **** 
3156:Drivers/STM32F4xx_HAL_Driver/Src/stm32f4xx_hal_spi.c ****     /* Disable RXNE  and ERR interrupt */
3157:Drivers/STM32F4xx_HAL_Driver/Src/stm32f4xx_hal_spi.c ****     __HAL_SPI_DISABLE_IT(hspi, (SPI_IT_RXNE | SPI_IT_ERR));
3158:Drivers/STM32F4xx_HAL_Driver/Src/stm32f4xx_hal_spi.c **** 
3159:Drivers/STM32F4xx_HAL_Driver/Src/stm32f4xx_hal_spi.c ****     if (hspi->TxXferCount == 0U)
3160:Drivers/STM32F4xx_HAL_Driver/Src/stm32f4xx_hal_spi.c ****     {
3161:Drivers/STM32F4xx_HAL_Driver/Src/stm32f4xx_hal_spi.c ****       SPI_CloseRxTx_ISR(hspi);
3162:Drivers/STM32F4xx_HAL_Driver/Src/stm32f4xx_hal_spi.c ****     }
3163:Drivers/STM32F4xx_HAL_Driver/Src/stm32f4xx_hal_spi.c ****   }
3164:Drivers/STM32F4xx_HAL_Driver/Src/stm32f4xx_hal_spi.c **** }
3165:Drivers/STM32F4xx_HAL_Driver/Src/stm32f4xx_hal_spi.c **** 
ARM GAS  /tmp/cci2ucsl.s 			page 57


3166:Drivers/STM32F4xx_HAL_Driver/Src/stm32f4xx_hal_spi.c **** #if (USE_SPI_CRC != 0U)
3167:Drivers/STM32F4xx_HAL_Driver/Src/stm32f4xx_hal_spi.c **** /**
3168:Drivers/STM32F4xx_HAL_Driver/Src/stm32f4xx_hal_spi.c ****   * @brief  Rx 8-bit handler for Transmit and Receive in Interrupt mode.
3169:Drivers/STM32F4xx_HAL_Driver/Src/stm32f4xx_hal_spi.c ****   * @param  hspi pointer to a SPI_HandleTypeDef structure that contains
3170:Drivers/STM32F4xx_HAL_Driver/Src/stm32f4xx_hal_spi.c ****   *               the configuration information for SPI module.
3171:Drivers/STM32F4xx_HAL_Driver/Src/stm32f4xx_hal_spi.c ****   * @retval None
3172:Drivers/STM32F4xx_HAL_Driver/Src/stm32f4xx_hal_spi.c ****   */
3173:Drivers/STM32F4xx_HAL_Driver/Src/stm32f4xx_hal_spi.c **** static void SPI_2linesRxISR_8BITCRC(struct __SPI_HandleTypeDef *hspi)
3174:Drivers/STM32F4xx_HAL_Driver/Src/stm32f4xx_hal_spi.c **** {
3175:Drivers/STM32F4xx_HAL_Driver/Src/stm32f4xx_hal_spi.c ****   __IO uint8_t  *ptmpreg8;
3176:Drivers/STM32F4xx_HAL_Driver/Src/stm32f4xx_hal_spi.c ****   __IO uint8_t  tmpreg8 = 0;
3177:Drivers/STM32F4xx_HAL_Driver/Src/stm32f4xx_hal_spi.c **** 
3178:Drivers/STM32F4xx_HAL_Driver/Src/stm32f4xx_hal_spi.c ****   /* Initialize the 8bit temporary pointer */
3179:Drivers/STM32F4xx_HAL_Driver/Src/stm32f4xx_hal_spi.c ****   ptmpreg8 = (__IO uint8_t *)&hspi->Instance->DR;
3180:Drivers/STM32F4xx_HAL_Driver/Src/stm32f4xx_hal_spi.c ****   /* Read 8bit CRC to flush Data Register */
3181:Drivers/STM32F4xx_HAL_Driver/Src/stm32f4xx_hal_spi.c ****   tmpreg8 = *ptmpreg8;
3182:Drivers/STM32F4xx_HAL_Driver/Src/stm32f4xx_hal_spi.c ****   /* To avoid GCC warning */
3183:Drivers/STM32F4xx_HAL_Driver/Src/stm32f4xx_hal_spi.c ****   UNUSED(tmpreg8);
3184:Drivers/STM32F4xx_HAL_Driver/Src/stm32f4xx_hal_spi.c **** 
3185:Drivers/STM32F4xx_HAL_Driver/Src/stm32f4xx_hal_spi.c ****   /* Disable RXNE and ERR interrupt */
3186:Drivers/STM32F4xx_HAL_Driver/Src/stm32f4xx_hal_spi.c ****   __HAL_SPI_DISABLE_IT(hspi, (SPI_IT_RXNE | SPI_IT_ERR));
3187:Drivers/STM32F4xx_HAL_Driver/Src/stm32f4xx_hal_spi.c **** 
3188:Drivers/STM32F4xx_HAL_Driver/Src/stm32f4xx_hal_spi.c ****   if (hspi->TxXferCount == 0U)
3189:Drivers/STM32F4xx_HAL_Driver/Src/stm32f4xx_hal_spi.c ****   {
3190:Drivers/STM32F4xx_HAL_Driver/Src/stm32f4xx_hal_spi.c ****     SPI_CloseRxTx_ISR(hspi);
3191:Drivers/STM32F4xx_HAL_Driver/Src/stm32f4xx_hal_spi.c ****   }
3192:Drivers/STM32F4xx_HAL_Driver/Src/stm32f4xx_hal_spi.c **** }
3193:Drivers/STM32F4xx_HAL_Driver/Src/stm32f4xx_hal_spi.c **** #endif /* USE_SPI_CRC */
3194:Drivers/STM32F4xx_HAL_Driver/Src/stm32f4xx_hal_spi.c **** 
3195:Drivers/STM32F4xx_HAL_Driver/Src/stm32f4xx_hal_spi.c **** /**
3196:Drivers/STM32F4xx_HAL_Driver/Src/stm32f4xx_hal_spi.c ****   * @brief  Tx 8-bit handler for Transmit and Receive in Interrupt mode.
3197:Drivers/STM32F4xx_HAL_Driver/Src/stm32f4xx_hal_spi.c ****   * @param  hspi pointer to a SPI_HandleTypeDef structure that contains
3198:Drivers/STM32F4xx_HAL_Driver/Src/stm32f4xx_hal_spi.c ****   *               the configuration information for SPI module.
3199:Drivers/STM32F4xx_HAL_Driver/Src/stm32f4xx_hal_spi.c ****   * @retval None
3200:Drivers/STM32F4xx_HAL_Driver/Src/stm32f4xx_hal_spi.c ****   */
3201:Drivers/STM32F4xx_HAL_Driver/Src/stm32f4xx_hal_spi.c **** static void SPI_2linesTxISR_8BIT(struct __SPI_HandleTypeDef *hspi)
3202:Drivers/STM32F4xx_HAL_Driver/Src/stm32f4xx_hal_spi.c **** {
3203:Drivers/STM32F4xx_HAL_Driver/Src/stm32f4xx_hal_spi.c ****   *(__IO uint8_t *)&hspi->Instance->DR = *((const uint8_t *)hspi->pTxBuffPtr);
3204:Drivers/STM32F4xx_HAL_Driver/Src/stm32f4xx_hal_spi.c ****   hspi->pTxBuffPtr++;
3205:Drivers/STM32F4xx_HAL_Driver/Src/stm32f4xx_hal_spi.c ****   hspi->TxXferCount--;
3206:Drivers/STM32F4xx_HAL_Driver/Src/stm32f4xx_hal_spi.c **** 
3207:Drivers/STM32F4xx_HAL_Driver/Src/stm32f4xx_hal_spi.c ****   /* Check the end of the transmission */
3208:Drivers/STM32F4xx_HAL_Driver/Src/stm32f4xx_hal_spi.c ****   if (hspi->TxXferCount == 0U)
3209:Drivers/STM32F4xx_HAL_Driver/Src/stm32f4xx_hal_spi.c ****   {
3210:Drivers/STM32F4xx_HAL_Driver/Src/stm32f4xx_hal_spi.c **** #if (USE_SPI_CRC != 0U)
3211:Drivers/STM32F4xx_HAL_Driver/Src/stm32f4xx_hal_spi.c ****     if (hspi->Init.CRCCalculation == SPI_CRCCALCULATION_ENABLE)
3212:Drivers/STM32F4xx_HAL_Driver/Src/stm32f4xx_hal_spi.c ****     {
3213:Drivers/STM32F4xx_HAL_Driver/Src/stm32f4xx_hal_spi.c ****       /* Set CRC Next Bit to send CRC */
3214:Drivers/STM32F4xx_HAL_Driver/Src/stm32f4xx_hal_spi.c ****       SET_BIT(hspi->Instance->CR1, SPI_CR1_CRCNEXT);
3215:Drivers/STM32F4xx_HAL_Driver/Src/stm32f4xx_hal_spi.c ****       /* Disable TXE interrupt */
3216:Drivers/STM32F4xx_HAL_Driver/Src/stm32f4xx_hal_spi.c ****       __HAL_SPI_DISABLE_IT(hspi, SPI_IT_TXE);
3217:Drivers/STM32F4xx_HAL_Driver/Src/stm32f4xx_hal_spi.c ****       return;
3218:Drivers/STM32F4xx_HAL_Driver/Src/stm32f4xx_hal_spi.c ****     }
3219:Drivers/STM32F4xx_HAL_Driver/Src/stm32f4xx_hal_spi.c **** #endif /* USE_SPI_CRC */
3220:Drivers/STM32F4xx_HAL_Driver/Src/stm32f4xx_hal_spi.c **** 
3221:Drivers/STM32F4xx_HAL_Driver/Src/stm32f4xx_hal_spi.c ****     /* Disable TXE interrupt */
3222:Drivers/STM32F4xx_HAL_Driver/Src/stm32f4xx_hal_spi.c ****     __HAL_SPI_DISABLE_IT(hspi, SPI_IT_TXE);
ARM GAS  /tmp/cci2ucsl.s 			page 58


3223:Drivers/STM32F4xx_HAL_Driver/Src/stm32f4xx_hal_spi.c **** 
3224:Drivers/STM32F4xx_HAL_Driver/Src/stm32f4xx_hal_spi.c ****     if (hspi->RxXferCount == 0U)
3225:Drivers/STM32F4xx_HAL_Driver/Src/stm32f4xx_hal_spi.c ****     {
3226:Drivers/STM32F4xx_HAL_Driver/Src/stm32f4xx_hal_spi.c ****       SPI_CloseRxTx_ISR(hspi);
3227:Drivers/STM32F4xx_HAL_Driver/Src/stm32f4xx_hal_spi.c ****     }
3228:Drivers/STM32F4xx_HAL_Driver/Src/stm32f4xx_hal_spi.c ****   }
3229:Drivers/STM32F4xx_HAL_Driver/Src/stm32f4xx_hal_spi.c **** }
3230:Drivers/STM32F4xx_HAL_Driver/Src/stm32f4xx_hal_spi.c **** 
3231:Drivers/STM32F4xx_HAL_Driver/Src/stm32f4xx_hal_spi.c **** /**
3232:Drivers/STM32F4xx_HAL_Driver/Src/stm32f4xx_hal_spi.c ****   * @brief  Rx 16-bit handler for Transmit and Receive in Interrupt mode.
3233:Drivers/STM32F4xx_HAL_Driver/Src/stm32f4xx_hal_spi.c ****   * @param  hspi pointer to a SPI_HandleTypeDef structure that contains
3234:Drivers/STM32F4xx_HAL_Driver/Src/stm32f4xx_hal_spi.c ****   *               the configuration information for SPI module.
3235:Drivers/STM32F4xx_HAL_Driver/Src/stm32f4xx_hal_spi.c ****   * @retval None
3236:Drivers/STM32F4xx_HAL_Driver/Src/stm32f4xx_hal_spi.c ****   */
3237:Drivers/STM32F4xx_HAL_Driver/Src/stm32f4xx_hal_spi.c **** static void SPI_2linesRxISR_16BIT(struct __SPI_HandleTypeDef *hspi)
3238:Drivers/STM32F4xx_HAL_Driver/Src/stm32f4xx_hal_spi.c **** {
3239:Drivers/STM32F4xx_HAL_Driver/Src/stm32f4xx_hal_spi.c ****   /* Receive data in 16 Bit mode */
3240:Drivers/STM32F4xx_HAL_Driver/Src/stm32f4xx_hal_spi.c ****   *((uint16_t *)hspi->pRxBuffPtr) = (uint16_t)(hspi->Instance->DR);
3241:Drivers/STM32F4xx_HAL_Driver/Src/stm32f4xx_hal_spi.c ****   hspi->pRxBuffPtr += sizeof(uint16_t);
3242:Drivers/STM32F4xx_HAL_Driver/Src/stm32f4xx_hal_spi.c ****   hspi->RxXferCount--;
3243:Drivers/STM32F4xx_HAL_Driver/Src/stm32f4xx_hal_spi.c **** 
3244:Drivers/STM32F4xx_HAL_Driver/Src/stm32f4xx_hal_spi.c ****   if (hspi->RxXferCount == 0U)
3245:Drivers/STM32F4xx_HAL_Driver/Src/stm32f4xx_hal_spi.c ****   {
3246:Drivers/STM32F4xx_HAL_Driver/Src/stm32f4xx_hal_spi.c **** #if (USE_SPI_CRC != 0U)
3247:Drivers/STM32F4xx_HAL_Driver/Src/stm32f4xx_hal_spi.c ****     if (hspi->Init.CRCCalculation == SPI_CRCCALCULATION_ENABLE)
3248:Drivers/STM32F4xx_HAL_Driver/Src/stm32f4xx_hal_spi.c ****     {
3249:Drivers/STM32F4xx_HAL_Driver/Src/stm32f4xx_hal_spi.c ****       hspi->RxISR =  SPI_2linesRxISR_16BITCRC;
3250:Drivers/STM32F4xx_HAL_Driver/Src/stm32f4xx_hal_spi.c ****       return;
3251:Drivers/STM32F4xx_HAL_Driver/Src/stm32f4xx_hal_spi.c ****     }
3252:Drivers/STM32F4xx_HAL_Driver/Src/stm32f4xx_hal_spi.c **** #endif /* USE_SPI_CRC */
3253:Drivers/STM32F4xx_HAL_Driver/Src/stm32f4xx_hal_spi.c **** 
3254:Drivers/STM32F4xx_HAL_Driver/Src/stm32f4xx_hal_spi.c ****     /* Disable RXNE interrupt */
3255:Drivers/STM32F4xx_HAL_Driver/Src/stm32f4xx_hal_spi.c ****     __HAL_SPI_DISABLE_IT(hspi, SPI_IT_RXNE);
3256:Drivers/STM32F4xx_HAL_Driver/Src/stm32f4xx_hal_spi.c **** 
3257:Drivers/STM32F4xx_HAL_Driver/Src/stm32f4xx_hal_spi.c ****     if (hspi->TxXferCount == 0U)
3258:Drivers/STM32F4xx_HAL_Driver/Src/stm32f4xx_hal_spi.c ****     {
3259:Drivers/STM32F4xx_HAL_Driver/Src/stm32f4xx_hal_spi.c ****       SPI_CloseRxTx_ISR(hspi);
3260:Drivers/STM32F4xx_HAL_Driver/Src/stm32f4xx_hal_spi.c ****     }
3261:Drivers/STM32F4xx_HAL_Driver/Src/stm32f4xx_hal_spi.c ****   }
3262:Drivers/STM32F4xx_HAL_Driver/Src/stm32f4xx_hal_spi.c **** }
3263:Drivers/STM32F4xx_HAL_Driver/Src/stm32f4xx_hal_spi.c **** 
3264:Drivers/STM32F4xx_HAL_Driver/Src/stm32f4xx_hal_spi.c **** #if (USE_SPI_CRC != 0U)
3265:Drivers/STM32F4xx_HAL_Driver/Src/stm32f4xx_hal_spi.c **** /**
3266:Drivers/STM32F4xx_HAL_Driver/Src/stm32f4xx_hal_spi.c ****   * @brief  Manage the CRC 16-bit receive for Transmit and Receive in Interrupt mode.
3267:Drivers/STM32F4xx_HAL_Driver/Src/stm32f4xx_hal_spi.c ****   * @param  hspi pointer to a SPI_HandleTypeDef structure that contains
3268:Drivers/STM32F4xx_HAL_Driver/Src/stm32f4xx_hal_spi.c ****   *               the configuration information for SPI module.
3269:Drivers/STM32F4xx_HAL_Driver/Src/stm32f4xx_hal_spi.c ****   * @retval None
3270:Drivers/STM32F4xx_HAL_Driver/Src/stm32f4xx_hal_spi.c ****   */
3271:Drivers/STM32F4xx_HAL_Driver/Src/stm32f4xx_hal_spi.c **** static void SPI_2linesRxISR_16BITCRC(struct __SPI_HandleTypeDef *hspi)
3272:Drivers/STM32F4xx_HAL_Driver/Src/stm32f4xx_hal_spi.c **** {
3273:Drivers/STM32F4xx_HAL_Driver/Src/stm32f4xx_hal_spi.c ****   __IO uint32_t tmpreg = 0U;
3274:Drivers/STM32F4xx_HAL_Driver/Src/stm32f4xx_hal_spi.c **** 
3275:Drivers/STM32F4xx_HAL_Driver/Src/stm32f4xx_hal_spi.c ****   /* Read 16bit CRC to flush Data Register */
3276:Drivers/STM32F4xx_HAL_Driver/Src/stm32f4xx_hal_spi.c ****   tmpreg = READ_REG(hspi->Instance->DR);
3277:Drivers/STM32F4xx_HAL_Driver/Src/stm32f4xx_hal_spi.c ****   /* To avoid GCC warning */
3278:Drivers/STM32F4xx_HAL_Driver/Src/stm32f4xx_hal_spi.c ****   UNUSED(tmpreg);
3279:Drivers/STM32F4xx_HAL_Driver/Src/stm32f4xx_hal_spi.c **** 
ARM GAS  /tmp/cci2ucsl.s 			page 59


3280:Drivers/STM32F4xx_HAL_Driver/Src/stm32f4xx_hal_spi.c ****   /* Disable RXNE interrupt */
3281:Drivers/STM32F4xx_HAL_Driver/Src/stm32f4xx_hal_spi.c ****   __HAL_SPI_DISABLE_IT(hspi, SPI_IT_RXNE);
3282:Drivers/STM32F4xx_HAL_Driver/Src/stm32f4xx_hal_spi.c **** 
3283:Drivers/STM32F4xx_HAL_Driver/Src/stm32f4xx_hal_spi.c ****   SPI_CloseRxTx_ISR(hspi);
3284:Drivers/STM32F4xx_HAL_Driver/Src/stm32f4xx_hal_spi.c **** }
3285:Drivers/STM32F4xx_HAL_Driver/Src/stm32f4xx_hal_spi.c **** #endif /* USE_SPI_CRC */
3286:Drivers/STM32F4xx_HAL_Driver/Src/stm32f4xx_hal_spi.c **** 
3287:Drivers/STM32F4xx_HAL_Driver/Src/stm32f4xx_hal_spi.c **** /**
3288:Drivers/STM32F4xx_HAL_Driver/Src/stm32f4xx_hal_spi.c ****   * @brief  Tx 16-bit handler for Transmit and Receive in Interrupt mode.
3289:Drivers/STM32F4xx_HAL_Driver/Src/stm32f4xx_hal_spi.c ****   * @param  hspi pointer to a SPI_HandleTypeDef structure that contains
3290:Drivers/STM32F4xx_HAL_Driver/Src/stm32f4xx_hal_spi.c ****   *               the configuration information for SPI module.
3291:Drivers/STM32F4xx_HAL_Driver/Src/stm32f4xx_hal_spi.c ****   * @retval None
3292:Drivers/STM32F4xx_HAL_Driver/Src/stm32f4xx_hal_spi.c ****   */
3293:Drivers/STM32F4xx_HAL_Driver/Src/stm32f4xx_hal_spi.c **** static void SPI_2linesTxISR_16BIT(struct __SPI_HandleTypeDef *hspi)
3294:Drivers/STM32F4xx_HAL_Driver/Src/stm32f4xx_hal_spi.c **** {
3295:Drivers/STM32F4xx_HAL_Driver/Src/stm32f4xx_hal_spi.c ****   /* Transmit data in 16 Bit mode */
3296:Drivers/STM32F4xx_HAL_Driver/Src/stm32f4xx_hal_spi.c ****   hspi->Instance->DR = *((const uint16_t *)hspi->pTxBuffPtr);
3297:Drivers/STM32F4xx_HAL_Driver/Src/stm32f4xx_hal_spi.c ****   hspi->pTxBuffPtr += sizeof(uint16_t);
3298:Drivers/STM32F4xx_HAL_Driver/Src/stm32f4xx_hal_spi.c ****   hspi->TxXferCount--;
3299:Drivers/STM32F4xx_HAL_Driver/Src/stm32f4xx_hal_spi.c **** 
3300:Drivers/STM32F4xx_HAL_Driver/Src/stm32f4xx_hal_spi.c ****   /* Enable CRC Transmission */
3301:Drivers/STM32F4xx_HAL_Driver/Src/stm32f4xx_hal_spi.c ****   if (hspi->TxXferCount == 0U)
3302:Drivers/STM32F4xx_HAL_Driver/Src/stm32f4xx_hal_spi.c ****   {
3303:Drivers/STM32F4xx_HAL_Driver/Src/stm32f4xx_hal_spi.c **** #if (USE_SPI_CRC != 0U)
3304:Drivers/STM32F4xx_HAL_Driver/Src/stm32f4xx_hal_spi.c ****     if (hspi->Init.CRCCalculation == SPI_CRCCALCULATION_ENABLE)
3305:Drivers/STM32F4xx_HAL_Driver/Src/stm32f4xx_hal_spi.c ****     {
3306:Drivers/STM32F4xx_HAL_Driver/Src/stm32f4xx_hal_spi.c ****       /* Set CRC Next Bit to send CRC */
3307:Drivers/STM32F4xx_HAL_Driver/Src/stm32f4xx_hal_spi.c ****       SET_BIT(hspi->Instance->CR1, SPI_CR1_CRCNEXT);
3308:Drivers/STM32F4xx_HAL_Driver/Src/stm32f4xx_hal_spi.c ****       /* Disable TXE interrupt */
3309:Drivers/STM32F4xx_HAL_Driver/Src/stm32f4xx_hal_spi.c ****       __HAL_SPI_DISABLE_IT(hspi, SPI_IT_TXE);
3310:Drivers/STM32F4xx_HAL_Driver/Src/stm32f4xx_hal_spi.c ****       return;
3311:Drivers/STM32F4xx_HAL_Driver/Src/stm32f4xx_hal_spi.c ****     }
3312:Drivers/STM32F4xx_HAL_Driver/Src/stm32f4xx_hal_spi.c **** #endif /* USE_SPI_CRC */
3313:Drivers/STM32F4xx_HAL_Driver/Src/stm32f4xx_hal_spi.c **** 
3314:Drivers/STM32F4xx_HAL_Driver/Src/stm32f4xx_hal_spi.c ****     /* Disable TXE interrupt */
3315:Drivers/STM32F4xx_HAL_Driver/Src/stm32f4xx_hal_spi.c ****     __HAL_SPI_DISABLE_IT(hspi, SPI_IT_TXE);
3316:Drivers/STM32F4xx_HAL_Driver/Src/stm32f4xx_hal_spi.c **** 
3317:Drivers/STM32F4xx_HAL_Driver/Src/stm32f4xx_hal_spi.c ****     if (hspi->RxXferCount == 0U)
3318:Drivers/STM32F4xx_HAL_Driver/Src/stm32f4xx_hal_spi.c ****     {
3319:Drivers/STM32F4xx_HAL_Driver/Src/stm32f4xx_hal_spi.c ****       SPI_CloseRxTx_ISR(hspi);
3320:Drivers/STM32F4xx_HAL_Driver/Src/stm32f4xx_hal_spi.c ****     }
3321:Drivers/STM32F4xx_HAL_Driver/Src/stm32f4xx_hal_spi.c ****   }
3322:Drivers/STM32F4xx_HAL_Driver/Src/stm32f4xx_hal_spi.c **** }
3323:Drivers/STM32F4xx_HAL_Driver/Src/stm32f4xx_hal_spi.c **** 
3324:Drivers/STM32F4xx_HAL_Driver/Src/stm32f4xx_hal_spi.c **** #if (USE_SPI_CRC != 0U)
3325:Drivers/STM32F4xx_HAL_Driver/Src/stm32f4xx_hal_spi.c **** /**
3326:Drivers/STM32F4xx_HAL_Driver/Src/stm32f4xx_hal_spi.c ****   * @brief  Manage the CRC 8-bit receive in Interrupt context.
3327:Drivers/STM32F4xx_HAL_Driver/Src/stm32f4xx_hal_spi.c ****   * @param  hspi pointer to a SPI_HandleTypeDef structure that contains
3328:Drivers/STM32F4xx_HAL_Driver/Src/stm32f4xx_hal_spi.c ****   *               the configuration information for SPI module.
3329:Drivers/STM32F4xx_HAL_Driver/Src/stm32f4xx_hal_spi.c ****   * @retval None
3330:Drivers/STM32F4xx_HAL_Driver/Src/stm32f4xx_hal_spi.c ****   */
3331:Drivers/STM32F4xx_HAL_Driver/Src/stm32f4xx_hal_spi.c **** static void SPI_RxISR_8BITCRC(struct __SPI_HandleTypeDef *hspi)
3332:Drivers/STM32F4xx_HAL_Driver/Src/stm32f4xx_hal_spi.c **** {
3333:Drivers/STM32F4xx_HAL_Driver/Src/stm32f4xx_hal_spi.c ****   __IO uint8_t  *ptmpreg8;
3334:Drivers/STM32F4xx_HAL_Driver/Src/stm32f4xx_hal_spi.c ****   __IO uint8_t  tmpreg8 = 0;
3335:Drivers/STM32F4xx_HAL_Driver/Src/stm32f4xx_hal_spi.c **** 
3336:Drivers/STM32F4xx_HAL_Driver/Src/stm32f4xx_hal_spi.c ****   /* Initialize the 8bit temporary pointer */
ARM GAS  /tmp/cci2ucsl.s 			page 60


3337:Drivers/STM32F4xx_HAL_Driver/Src/stm32f4xx_hal_spi.c ****   ptmpreg8 = (__IO uint8_t *)&hspi->Instance->DR;
3338:Drivers/STM32F4xx_HAL_Driver/Src/stm32f4xx_hal_spi.c ****   /* Read 8bit CRC to flush Data Register */
3339:Drivers/STM32F4xx_HAL_Driver/Src/stm32f4xx_hal_spi.c ****   tmpreg8 = *ptmpreg8;
3340:Drivers/STM32F4xx_HAL_Driver/Src/stm32f4xx_hal_spi.c ****   /* To avoid GCC warning */
3341:Drivers/STM32F4xx_HAL_Driver/Src/stm32f4xx_hal_spi.c ****   UNUSED(tmpreg8);
3342:Drivers/STM32F4xx_HAL_Driver/Src/stm32f4xx_hal_spi.c **** 
3343:Drivers/STM32F4xx_HAL_Driver/Src/stm32f4xx_hal_spi.c ****   SPI_CloseRx_ISR(hspi);
3344:Drivers/STM32F4xx_HAL_Driver/Src/stm32f4xx_hal_spi.c **** }
3345:Drivers/STM32F4xx_HAL_Driver/Src/stm32f4xx_hal_spi.c **** #endif /* USE_SPI_CRC */
3346:Drivers/STM32F4xx_HAL_Driver/Src/stm32f4xx_hal_spi.c **** 
3347:Drivers/STM32F4xx_HAL_Driver/Src/stm32f4xx_hal_spi.c **** /**
3348:Drivers/STM32F4xx_HAL_Driver/Src/stm32f4xx_hal_spi.c ****   * @brief  Manage the receive 8-bit in Interrupt context.
3349:Drivers/STM32F4xx_HAL_Driver/Src/stm32f4xx_hal_spi.c ****   * @param  hspi pointer to a SPI_HandleTypeDef structure that contains
3350:Drivers/STM32F4xx_HAL_Driver/Src/stm32f4xx_hal_spi.c ****   *               the configuration information for SPI module.
3351:Drivers/STM32F4xx_HAL_Driver/Src/stm32f4xx_hal_spi.c ****   * @retval None
3352:Drivers/STM32F4xx_HAL_Driver/Src/stm32f4xx_hal_spi.c ****   */
3353:Drivers/STM32F4xx_HAL_Driver/Src/stm32f4xx_hal_spi.c **** static void SPI_RxISR_8BIT(struct __SPI_HandleTypeDef *hspi)
3354:Drivers/STM32F4xx_HAL_Driver/Src/stm32f4xx_hal_spi.c **** {
3355:Drivers/STM32F4xx_HAL_Driver/Src/stm32f4xx_hal_spi.c ****   *hspi->pRxBuffPtr = (*(__IO uint8_t *)&hspi->Instance->DR);
3356:Drivers/STM32F4xx_HAL_Driver/Src/stm32f4xx_hal_spi.c ****   hspi->pRxBuffPtr++;
3357:Drivers/STM32F4xx_HAL_Driver/Src/stm32f4xx_hal_spi.c ****   hspi->RxXferCount--;
3358:Drivers/STM32F4xx_HAL_Driver/Src/stm32f4xx_hal_spi.c **** 
3359:Drivers/STM32F4xx_HAL_Driver/Src/stm32f4xx_hal_spi.c **** #if (USE_SPI_CRC != 0U)
3360:Drivers/STM32F4xx_HAL_Driver/Src/stm32f4xx_hal_spi.c ****   /* Enable CRC Transmission */
3361:Drivers/STM32F4xx_HAL_Driver/Src/stm32f4xx_hal_spi.c ****   if ((hspi->RxXferCount == 1U) && (hspi->Init.CRCCalculation == SPI_CRCCALCULATION_ENABLE))
3362:Drivers/STM32F4xx_HAL_Driver/Src/stm32f4xx_hal_spi.c ****   {
3363:Drivers/STM32F4xx_HAL_Driver/Src/stm32f4xx_hal_spi.c ****     SET_BIT(hspi->Instance->CR1, SPI_CR1_CRCNEXT);
3364:Drivers/STM32F4xx_HAL_Driver/Src/stm32f4xx_hal_spi.c ****   }
3365:Drivers/STM32F4xx_HAL_Driver/Src/stm32f4xx_hal_spi.c **** #endif /* USE_SPI_CRC */
3366:Drivers/STM32F4xx_HAL_Driver/Src/stm32f4xx_hal_spi.c **** 
3367:Drivers/STM32F4xx_HAL_Driver/Src/stm32f4xx_hal_spi.c ****   if (hspi->RxXferCount == 0U)
3368:Drivers/STM32F4xx_HAL_Driver/Src/stm32f4xx_hal_spi.c ****   {
3369:Drivers/STM32F4xx_HAL_Driver/Src/stm32f4xx_hal_spi.c **** #if (USE_SPI_CRC != 0U)
3370:Drivers/STM32F4xx_HAL_Driver/Src/stm32f4xx_hal_spi.c ****     if (hspi->Init.CRCCalculation == SPI_CRCCALCULATION_ENABLE)
3371:Drivers/STM32F4xx_HAL_Driver/Src/stm32f4xx_hal_spi.c ****     {
3372:Drivers/STM32F4xx_HAL_Driver/Src/stm32f4xx_hal_spi.c ****       hspi->RxISR =  SPI_RxISR_8BITCRC;
3373:Drivers/STM32F4xx_HAL_Driver/Src/stm32f4xx_hal_spi.c ****       return;
3374:Drivers/STM32F4xx_HAL_Driver/Src/stm32f4xx_hal_spi.c ****     }
3375:Drivers/STM32F4xx_HAL_Driver/Src/stm32f4xx_hal_spi.c **** #endif /* USE_SPI_CRC */
3376:Drivers/STM32F4xx_HAL_Driver/Src/stm32f4xx_hal_spi.c ****     SPI_CloseRx_ISR(hspi);
3377:Drivers/STM32F4xx_HAL_Driver/Src/stm32f4xx_hal_spi.c ****   }
3378:Drivers/STM32F4xx_HAL_Driver/Src/stm32f4xx_hal_spi.c **** }
3379:Drivers/STM32F4xx_HAL_Driver/Src/stm32f4xx_hal_spi.c **** 
3380:Drivers/STM32F4xx_HAL_Driver/Src/stm32f4xx_hal_spi.c **** #if (USE_SPI_CRC != 0U)
3381:Drivers/STM32F4xx_HAL_Driver/Src/stm32f4xx_hal_spi.c **** /**
3382:Drivers/STM32F4xx_HAL_Driver/Src/stm32f4xx_hal_spi.c ****   * @brief  Manage the CRC 16-bit receive in Interrupt context.
3383:Drivers/STM32F4xx_HAL_Driver/Src/stm32f4xx_hal_spi.c ****   * @param  hspi pointer to a SPI_HandleTypeDef structure that contains
3384:Drivers/STM32F4xx_HAL_Driver/Src/stm32f4xx_hal_spi.c ****   *               the configuration information for SPI module.
3385:Drivers/STM32F4xx_HAL_Driver/Src/stm32f4xx_hal_spi.c ****   * @retval None
3386:Drivers/STM32F4xx_HAL_Driver/Src/stm32f4xx_hal_spi.c ****   */
3387:Drivers/STM32F4xx_HAL_Driver/Src/stm32f4xx_hal_spi.c **** static void SPI_RxISR_16BITCRC(struct __SPI_HandleTypeDef *hspi)
3388:Drivers/STM32F4xx_HAL_Driver/Src/stm32f4xx_hal_spi.c **** {
3389:Drivers/STM32F4xx_HAL_Driver/Src/stm32f4xx_hal_spi.c ****   __IO uint32_t tmpreg = 0U;
3390:Drivers/STM32F4xx_HAL_Driver/Src/stm32f4xx_hal_spi.c **** 
3391:Drivers/STM32F4xx_HAL_Driver/Src/stm32f4xx_hal_spi.c ****   /* Read 16bit CRC to flush Data Register */
3392:Drivers/STM32F4xx_HAL_Driver/Src/stm32f4xx_hal_spi.c ****   tmpreg = READ_REG(hspi->Instance->DR);
3393:Drivers/STM32F4xx_HAL_Driver/Src/stm32f4xx_hal_spi.c ****   /* To avoid GCC warning */
ARM GAS  /tmp/cci2ucsl.s 			page 61


3394:Drivers/STM32F4xx_HAL_Driver/Src/stm32f4xx_hal_spi.c ****   UNUSED(tmpreg);
3395:Drivers/STM32F4xx_HAL_Driver/Src/stm32f4xx_hal_spi.c **** 
3396:Drivers/STM32F4xx_HAL_Driver/Src/stm32f4xx_hal_spi.c ****   /* Disable RXNE and ERR interrupt */
3397:Drivers/STM32F4xx_HAL_Driver/Src/stm32f4xx_hal_spi.c ****   __HAL_SPI_DISABLE_IT(hspi, (SPI_IT_RXNE | SPI_IT_ERR));
3398:Drivers/STM32F4xx_HAL_Driver/Src/stm32f4xx_hal_spi.c **** 
3399:Drivers/STM32F4xx_HAL_Driver/Src/stm32f4xx_hal_spi.c ****   SPI_CloseRx_ISR(hspi);
3400:Drivers/STM32F4xx_HAL_Driver/Src/stm32f4xx_hal_spi.c **** }
3401:Drivers/STM32F4xx_HAL_Driver/Src/stm32f4xx_hal_spi.c **** #endif /* USE_SPI_CRC */
3402:Drivers/STM32F4xx_HAL_Driver/Src/stm32f4xx_hal_spi.c **** 
3403:Drivers/STM32F4xx_HAL_Driver/Src/stm32f4xx_hal_spi.c **** /**
3404:Drivers/STM32F4xx_HAL_Driver/Src/stm32f4xx_hal_spi.c ****   * @brief  Manage the 16-bit receive in Interrupt context.
3405:Drivers/STM32F4xx_HAL_Driver/Src/stm32f4xx_hal_spi.c ****   * @param  hspi pointer to a SPI_HandleTypeDef structure that contains
3406:Drivers/STM32F4xx_HAL_Driver/Src/stm32f4xx_hal_spi.c ****   *               the configuration information for SPI module.
3407:Drivers/STM32F4xx_HAL_Driver/Src/stm32f4xx_hal_spi.c ****   * @retval None
3408:Drivers/STM32F4xx_HAL_Driver/Src/stm32f4xx_hal_spi.c ****   */
3409:Drivers/STM32F4xx_HAL_Driver/Src/stm32f4xx_hal_spi.c **** static void SPI_RxISR_16BIT(struct __SPI_HandleTypeDef *hspi)
3410:Drivers/STM32F4xx_HAL_Driver/Src/stm32f4xx_hal_spi.c **** {
3411:Drivers/STM32F4xx_HAL_Driver/Src/stm32f4xx_hal_spi.c ****   *((uint16_t *)hspi->pRxBuffPtr) = (uint16_t)(hspi->Instance->DR);
3412:Drivers/STM32F4xx_HAL_Driver/Src/stm32f4xx_hal_spi.c ****   hspi->pRxBuffPtr += sizeof(uint16_t);
3413:Drivers/STM32F4xx_HAL_Driver/Src/stm32f4xx_hal_spi.c ****   hspi->RxXferCount--;
3414:Drivers/STM32F4xx_HAL_Driver/Src/stm32f4xx_hal_spi.c **** 
3415:Drivers/STM32F4xx_HAL_Driver/Src/stm32f4xx_hal_spi.c **** #if (USE_SPI_CRC != 0U)
3416:Drivers/STM32F4xx_HAL_Driver/Src/stm32f4xx_hal_spi.c ****   /* Enable CRC Transmission */
3417:Drivers/STM32F4xx_HAL_Driver/Src/stm32f4xx_hal_spi.c ****   if ((hspi->RxXferCount == 1U) && (hspi->Init.CRCCalculation == SPI_CRCCALCULATION_ENABLE))
3418:Drivers/STM32F4xx_HAL_Driver/Src/stm32f4xx_hal_spi.c ****   {
3419:Drivers/STM32F4xx_HAL_Driver/Src/stm32f4xx_hal_spi.c ****     SET_BIT(hspi->Instance->CR1, SPI_CR1_CRCNEXT);
3420:Drivers/STM32F4xx_HAL_Driver/Src/stm32f4xx_hal_spi.c ****   }
3421:Drivers/STM32F4xx_HAL_Driver/Src/stm32f4xx_hal_spi.c **** #endif /* USE_SPI_CRC */
3422:Drivers/STM32F4xx_HAL_Driver/Src/stm32f4xx_hal_spi.c **** 
3423:Drivers/STM32F4xx_HAL_Driver/Src/stm32f4xx_hal_spi.c ****   if (hspi->RxXferCount == 0U)
3424:Drivers/STM32F4xx_HAL_Driver/Src/stm32f4xx_hal_spi.c ****   {
3425:Drivers/STM32F4xx_HAL_Driver/Src/stm32f4xx_hal_spi.c **** #if (USE_SPI_CRC != 0U)
3426:Drivers/STM32F4xx_HAL_Driver/Src/stm32f4xx_hal_spi.c ****     if (hspi->Init.CRCCalculation == SPI_CRCCALCULATION_ENABLE)
3427:Drivers/STM32F4xx_HAL_Driver/Src/stm32f4xx_hal_spi.c ****     {
3428:Drivers/STM32F4xx_HAL_Driver/Src/stm32f4xx_hal_spi.c ****       hspi->RxISR = SPI_RxISR_16BITCRC;
3429:Drivers/STM32F4xx_HAL_Driver/Src/stm32f4xx_hal_spi.c ****       return;
3430:Drivers/STM32F4xx_HAL_Driver/Src/stm32f4xx_hal_spi.c ****     }
3431:Drivers/STM32F4xx_HAL_Driver/Src/stm32f4xx_hal_spi.c **** #endif /* USE_SPI_CRC */
3432:Drivers/STM32F4xx_HAL_Driver/Src/stm32f4xx_hal_spi.c ****     SPI_CloseRx_ISR(hspi);
3433:Drivers/STM32F4xx_HAL_Driver/Src/stm32f4xx_hal_spi.c ****   }
3434:Drivers/STM32F4xx_HAL_Driver/Src/stm32f4xx_hal_spi.c **** }
3435:Drivers/STM32F4xx_HAL_Driver/Src/stm32f4xx_hal_spi.c **** 
3436:Drivers/STM32F4xx_HAL_Driver/Src/stm32f4xx_hal_spi.c **** /**
3437:Drivers/STM32F4xx_HAL_Driver/Src/stm32f4xx_hal_spi.c ****   * @brief  Handle the data 8-bit transmit in Interrupt mode.
3438:Drivers/STM32F4xx_HAL_Driver/Src/stm32f4xx_hal_spi.c ****   * @param  hspi pointer to a SPI_HandleTypeDef structure that contains
3439:Drivers/STM32F4xx_HAL_Driver/Src/stm32f4xx_hal_spi.c ****   *               the configuration information for SPI module.
3440:Drivers/STM32F4xx_HAL_Driver/Src/stm32f4xx_hal_spi.c ****   * @retval None
3441:Drivers/STM32F4xx_HAL_Driver/Src/stm32f4xx_hal_spi.c ****   */
3442:Drivers/STM32F4xx_HAL_Driver/Src/stm32f4xx_hal_spi.c **** static void SPI_TxISR_8BIT(struct __SPI_HandleTypeDef *hspi)
3443:Drivers/STM32F4xx_HAL_Driver/Src/stm32f4xx_hal_spi.c **** {
3444:Drivers/STM32F4xx_HAL_Driver/Src/stm32f4xx_hal_spi.c ****   *(__IO uint8_t *)&hspi->Instance->DR = *((const uint8_t *)hspi->pTxBuffPtr);
3445:Drivers/STM32F4xx_HAL_Driver/Src/stm32f4xx_hal_spi.c ****   hspi->pTxBuffPtr++;
3446:Drivers/STM32F4xx_HAL_Driver/Src/stm32f4xx_hal_spi.c ****   hspi->TxXferCount--;
3447:Drivers/STM32F4xx_HAL_Driver/Src/stm32f4xx_hal_spi.c **** 
3448:Drivers/STM32F4xx_HAL_Driver/Src/stm32f4xx_hal_spi.c ****   if (hspi->TxXferCount == 0U)
3449:Drivers/STM32F4xx_HAL_Driver/Src/stm32f4xx_hal_spi.c ****   {
3450:Drivers/STM32F4xx_HAL_Driver/Src/stm32f4xx_hal_spi.c **** #if (USE_SPI_CRC != 0U)
ARM GAS  /tmp/cci2ucsl.s 			page 62


3451:Drivers/STM32F4xx_HAL_Driver/Src/stm32f4xx_hal_spi.c ****     if (hspi->Init.CRCCalculation == SPI_CRCCALCULATION_ENABLE)
3452:Drivers/STM32F4xx_HAL_Driver/Src/stm32f4xx_hal_spi.c ****     {
3453:Drivers/STM32F4xx_HAL_Driver/Src/stm32f4xx_hal_spi.c ****       /* Enable CRC Transmission */
3454:Drivers/STM32F4xx_HAL_Driver/Src/stm32f4xx_hal_spi.c ****       SET_BIT(hspi->Instance->CR1, SPI_CR1_CRCNEXT);
3455:Drivers/STM32F4xx_HAL_Driver/Src/stm32f4xx_hal_spi.c ****     }
3456:Drivers/STM32F4xx_HAL_Driver/Src/stm32f4xx_hal_spi.c **** #endif /* USE_SPI_CRC */
3457:Drivers/STM32F4xx_HAL_Driver/Src/stm32f4xx_hal_spi.c ****     SPI_CloseTx_ISR(hspi);
3458:Drivers/STM32F4xx_HAL_Driver/Src/stm32f4xx_hal_spi.c ****   }
3459:Drivers/STM32F4xx_HAL_Driver/Src/stm32f4xx_hal_spi.c **** }
3460:Drivers/STM32F4xx_HAL_Driver/Src/stm32f4xx_hal_spi.c **** 
3461:Drivers/STM32F4xx_HAL_Driver/Src/stm32f4xx_hal_spi.c **** /**
3462:Drivers/STM32F4xx_HAL_Driver/Src/stm32f4xx_hal_spi.c ****   * @brief  Handle the data 16-bit transmit in Interrupt mode.
3463:Drivers/STM32F4xx_HAL_Driver/Src/stm32f4xx_hal_spi.c ****   * @param  hspi pointer to a SPI_HandleTypeDef structure that contains
3464:Drivers/STM32F4xx_HAL_Driver/Src/stm32f4xx_hal_spi.c ****   *               the configuration information for SPI module.
3465:Drivers/STM32F4xx_HAL_Driver/Src/stm32f4xx_hal_spi.c ****   * @retval None
3466:Drivers/STM32F4xx_HAL_Driver/Src/stm32f4xx_hal_spi.c ****   */
3467:Drivers/STM32F4xx_HAL_Driver/Src/stm32f4xx_hal_spi.c **** static void SPI_TxISR_16BIT(struct __SPI_HandleTypeDef *hspi)
3468:Drivers/STM32F4xx_HAL_Driver/Src/stm32f4xx_hal_spi.c **** {
3469:Drivers/STM32F4xx_HAL_Driver/Src/stm32f4xx_hal_spi.c ****   /* Transmit data in 16 Bit mode */
3470:Drivers/STM32F4xx_HAL_Driver/Src/stm32f4xx_hal_spi.c ****   hspi->Instance->DR = *((const uint16_t *)hspi->pTxBuffPtr);
3471:Drivers/STM32F4xx_HAL_Driver/Src/stm32f4xx_hal_spi.c ****   hspi->pTxBuffPtr += sizeof(uint16_t);
3472:Drivers/STM32F4xx_HAL_Driver/Src/stm32f4xx_hal_spi.c ****   hspi->TxXferCount--;
3473:Drivers/STM32F4xx_HAL_Driver/Src/stm32f4xx_hal_spi.c **** 
3474:Drivers/STM32F4xx_HAL_Driver/Src/stm32f4xx_hal_spi.c ****   if (hspi->TxXferCount == 0U)
3475:Drivers/STM32F4xx_HAL_Driver/Src/stm32f4xx_hal_spi.c ****   {
3476:Drivers/STM32F4xx_HAL_Driver/Src/stm32f4xx_hal_spi.c **** #if (USE_SPI_CRC != 0U)
3477:Drivers/STM32F4xx_HAL_Driver/Src/stm32f4xx_hal_spi.c ****     if (hspi->Init.CRCCalculation == SPI_CRCCALCULATION_ENABLE)
3478:Drivers/STM32F4xx_HAL_Driver/Src/stm32f4xx_hal_spi.c ****     {
3479:Drivers/STM32F4xx_HAL_Driver/Src/stm32f4xx_hal_spi.c ****       /* Enable CRC Transmission */
3480:Drivers/STM32F4xx_HAL_Driver/Src/stm32f4xx_hal_spi.c ****       SET_BIT(hspi->Instance->CR1, SPI_CR1_CRCNEXT);
3481:Drivers/STM32F4xx_HAL_Driver/Src/stm32f4xx_hal_spi.c ****     }
3482:Drivers/STM32F4xx_HAL_Driver/Src/stm32f4xx_hal_spi.c **** #endif /* USE_SPI_CRC */
3483:Drivers/STM32F4xx_HAL_Driver/Src/stm32f4xx_hal_spi.c ****     SPI_CloseTx_ISR(hspi);
3484:Drivers/STM32F4xx_HAL_Driver/Src/stm32f4xx_hal_spi.c ****   }
3485:Drivers/STM32F4xx_HAL_Driver/Src/stm32f4xx_hal_spi.c **** }
3486:Drivers/STM32F4xx_HAL_Driver/Src/stm32f4xx_hal_spi.c **** 
3487:Drivers/STM32F4xx_HAL_Driver/Src/stm32f4xx_hal_spi.c **** /**
3488:Drivers/STM32F4xx_HAL_Driver/Src/stm32f4xx_hal_spi.c ****   * @brief  Handle SPI Communication Timeout.
3489:Drivers/STM32F4xx_HAL_Driver/Src/stm32f4xx_hal_spi.c ****   * @param  hspi pointer to a SPI_HandleTypeDef structure that contains
3490:Drivers/STM32F4xx_HAL_Driver/Src/stm32f4xx_hal_spi.c ****   *              the configuration information for SPI module.
3491:Drivers/STM32F4xx_HAL_Driver/Src/stm32f4xx_hal_spi.c ****   * @param  Flag SPI flag to check
3492:Drivers/STM32F4xx_HAL_Driver/Src/stm32f4xx_hal_spi.c ****   * @param  State flag state to check
3493:Drivers/STM32F4xx_HAL_Driver/Src/stm32f4xx_hal_spi.c ****   * @param  Timeout Timeout duration
3494:Drivers/STM32F4xx_HAL_Driver/Src/stm32f4xx_hal_spi.c ****   * @param  Tickstart tick start value
3495:Drivers/STM32F4xx_HAL_Driver/Src/stm32f4xx_hal_spi.c ****   * @retval HAL status
3496:Drivers/STM32F4xx_HAL_Driver/Src/stm32f4xx_hal_spi.c ****   */
3497:Drivers/STM32F4xx_HAL_Driver/Src/stm32f4xx_hal_spi.c **** static HAL_StatusTypeDef SPI_WaitFlagStateUntilTimeout(SPI_HandleTypeDef *hspi, uint32_t Flag, Flag
3498:Drivers/STM32F4xx_HAL_Driver/Src/stm32f4xx_hal_spi.c ****                                                        uint32_t Timeout, uint32_t Tickstart)
3499:Drivers/STM32F4xx_HAL_Driver/Src/stm32f4xx_hal_spi.c **** {
3500:Drivers/STM32F4xx_HAL_Driver/Src/stm32f4xx_hal_spi.c ****   __IO uint32_t count;
3501:Drivers/STM32F4xx_HAL_Driver/Src/stm32f4xx_hal_spi.c ****   uint32_t tmp_timeout;
3502:Drivers/STM32F4xx_HAL_Driver/Src/stm32f4xx_hal_spi.c ****   uint32_t tmp_tickstart;
3503:Drivers/STM32F4xx_HAL_Driver/Src/stm32f4xx_hal_spi.c **** 
3504:Drivers/STM32F4xx_HAL_Driver/Src/stm32f4xx_hal_spi.c ****   /* Adjust Timeout value  in case of end of transfer */
3505:Drivers/STM32F4xx_HAL_Driver/Src/stm32f4xx_hal_spi.c ****   tmp_timeout   = Timeout - (HAL_GetTick() - Tickstart);
3506:Drivers/STM32F4xx_HAL_Driver/Src/stm32f4xx_hal_spi.c ****   tmp_tickstart = HAL_GetTick();
3507:Drivers/STM32F4xx_HAL_Driver/Src/stm32f4xx_hal_spi.c **** 
ARM GAS  /tmp/cci2ucsl.s 			page 63


3508:Drivers/STM32F4xx_HAL_Driver/Src/stm32f4xx_hal_spi.c ****   /* Calculate Timeout based on a software loop to avoid blocking issue if Systick is disabled */
3509:Drivers/STM32F4xx_HAL_Driver/Src/stm32f4xx_hal_spi.c ****   count = tmp_timeout * ((SystemCoreClock * 32U) >> 20U);
3510:Drivers/STM32F4xx_HAL_Driver/Src/stm32f4xx_hal_spi.c **** 
3511:Drivers/STM32F4xx_HAL_Driver/Src/stm32f4xx_hal_spi.c ****   while ((__HAL_SPI_GET_FLAG(hspi, Flag) ? SET : RESET) != State)
3512:Drivers/STM32F4xx_HAL_Driver/Src/stm32f4xx_hal_spi.c ****   {
3513:Drivers/STM32F4xx_HAL_Driver/Src/stm32f4xx_hal_spi.c ****     if (Timeout != HAL_MAX_DELAY)
3514:Drivers/STM32F4xx_HAL_Driver/Src/stm32f4xx_hal_spi.c ****     {
3515:Drivers/STM32F4xx_HAL_Driver/Src/stm32f4xx_hal_spi.c ****       if (((HAL_GetTick() - tmp_tickstart) >= tmp_timeout) || (tmp_timeout == 0U))
3516:Drivers/STM32F4xx_HAL_Driver/Src/stm32f4xx_hal_spi.c ****       {
3517:Drivers/STM32F4xx_HAL_Driver/Src/stm32f4xx_hal_spi.c ****         /* Disable the SPI and reset the CRC: the CRC value should be cleared
3518:Drivers/STM32F4xx_HAL_Driver/Src/stm32f4xx_hal_spi.c ****            on both master and slave sides in order to resynchronize the master
3519:Drivers/STM32F4xx_HAL_Driver/Src/stm32f4xx_hal_spi.c ****            and slave for their respective CRC calculation */
3520:Drivers/STM32F4xx_HAL_Driver/Src/stm32f4xx_hal_spi.c **** 
3521:Drivers/STM32F4xx_HAL_Driver/Src/stm32f4xx_hal_spi.c ****         /* Disable TXE, RXNE and ERR interrupts for the interrupt process */
3522:Drivers/STM32F4xx_HAL_Driver/Src/stm32f4xx_hal_spi.c ****         __HAL_SPI_DISABLE_IT(hspi, (SPI_IT_TXE | SPI_IT_RXNE | SPI_IT_ERR));
3523:Drivers/STM32F4xx_HAL_Driver/Src/stm32f4xx_hal_spi.c **** 
3524:Drivers/STM32F4xx_HAL_Driver/Src/stm32f4xx_hal_spi.c ****         if ((hspi->Init.Mode == SPI_MODE_MASTER) && ((hspi->Init.Direction == SPI_DIRECTION_1LINE)
3525:Drivers/STM32F4xx_HAL_Driver/Src/stm32f4xx_hal_spi.c ****                                                      || (hspi->Init.Direction == SPI_DIRECTION_2LIN
3526:Drivers/STM32F4xx_HAL_Driver/Src/stm32f4xx_hal_spi.c ****         {
3527:Drivers/STM32F4xx_HAL_Driver/Src/stm32f4xx_hal_spi.c ****           /* Disable SPI peripheral */
3528:Drivers/STM32F4xx_HAL_Driver/Src/stm32f4xx_hal_spi.c ****           __HAL_SPI_DISABLE(hspi);
3529:Drivers/STM32F4xx_HAL_Driver/Src/stm32f4xx_hal_spi.c ****         }
3530:Drivers/STM32F4xx_HAL_Driver/Src/stm32f4xx_hal_spi.c **** 
3531:Drivers/STM32F4xx_HAL_Driver/Src/stm32f4xx_hal_spi.c ****         /* Reset CRC Calculation */
3532:Drivers/STM32F4xx_HAL_Driver/Src/stm32f4xx_hal_spi.c ****         if (hspi->Init.CRCCalculation == SPI_CRCCALCULATION_ENABLE)
3533:Drivers/STM32F4xx_HAL_Driver/Src/stm32f4xx_hal_spi.c ****         {
3534:Drivers/STM32F4xx_HAL_Driver/Src/stm32f4xx_hal_spi.c ****           SPI_RESET_CRC(hspi);
3535:Drivers/STM32F4xx_HAL_Driver/Src/stm32f4xx_hal_spi.c ****         }
3536:Drivers/STM32F4xx_HAL_Driver/Src/stm32f4xx_hal_spi.c **** 
3537:Drivers/STM32F4xx_HAL_Driver/Src/stm32f4xx_hal_spi.c ****         hspi->State = HAL_SPI_STATE_READY;
3538:Drivers/STM32F4xx_HAL_Driver/Src/stm32f4xx_hal_spi.c **** 
3539:Drivers/STM32F4xx_HAL_Driver/Src/stm32f4xx_hal_spi.c ****         /* Process Unlocked */
3540:Drivers/STM32F4xx_HAL_Driver/Src/stm32f4xx_hal_spi.c ****         __HAL_UNLOCK(hspi);
3541:Drivers/STM32F4xx_HAL_Driver/Src/stm32f4xx_hal_spi.c **** 
3542:Drivers/STM32F4xx_HAL_Driver/Src/stm32f4xx_hal_spi.c ****         return HAL_TIMEOUT;
3543:Drivers/STM32F4xx_HAL_Driver/Src/stm32f4xx_hal_spi.c ****       }
3544:Drivers/STM32F4xx_HAL_Driver/Src/stm32f4xx_hal_spi.c ****       /* If Systick is disabled or not incremented, deactivate timeout to go in disable loop proced
3545:Drivers/STM32F4xx_HAL_Driver/Src/stm32f4xx_hal_spi.c ****       if (count == 0U)
3546:Drivers/STM32F4xx_HAL_Driver/Src/stm32f4xx_hal_spi.c ****       {
3547:Drivers/STM32F4xx_HAL_Driver/Src/stm32f4xx_hal_spi.c ****         tmp_timeout = 0U;
3548:Drivers/STM32F4xx_HAL_Driver/Src/stm32f4xx_hal_spi.c ****       }
3549:Drivers/STM32F4xx_HAL_Driver/Src/stm32f4xx_hal_spi.c ****       else
3550:Drivers/STM32F4xx_HAL_Driver/Src/stm32f4xx_hal_spi.c ****       {
3551:Drivers/STM32F4xx_HAL_Driver/Src/stm32f4xx_hal_spi.c ****         count--;
3552:Drivers/STM32F4xx_HAL_Driver/Src/stm32f4xx_hal_spi.c ****       }
3553:Drivers/STM32F4xx_HAL_Driver/Src/stm32f4xx_hal_spi.c ****     }
3554:Drivers/STM32F4xx_HAL_Driver/Src/stm32f4xx_hal_spi.c ****   }
3555:Drivers/STM32F4xx_HAL_Driver/Src/stm32f4xx_hal_spi.c **** 
3556:Drivers/STM32F4xx_HAL_Driver/Src/stm32f4xx_hal_spi.c ****   return HAL_OK;
3557:Drivers/STM32F4xx_HAL_Driver/Src/stm32f4xx_hal_spi.c **** }
3558:Drivers/STM32F4xx_HAL_Driver/Src/stm32f4xx_hal_spi.c **** 
3559:Drivers/STM32F4xx_HAL_Driver/Src/stm32f4xx_hal_spi.c **** /**
3560:Drivers/STM32F4xx_HAL_Driver/Src/stm32f4xx_hal_spi.c ****   * @brief  Handle the check of the RX transaction complete.
3561:Drivers/STM32F4xx_HAL_Driver/Src/stm32f4xx_hal_spi.c ****   * @param  hspi pointer to a SPI_HandleTypeDef structure that contains
3562:Drivers/STM32F4xx_HAL_Driver/Src/stm32f4xx_hal_spi.c ****   *               the configuration information for SPI module.
3563:Drivers/STM32F4xx_HAL_Driver/Src/stm32f4xx_hal_spi.c ****   * @param  Timeout Timeout duration
3564:Drivers/STM32F4xx_HAL_Driver/Src/stm32f4xx_hal_spi.c ****   * @param  Tickstart tick start value
ARM GAS  /tmp/cci2ucsl.s 			page 64


3565:Drivers/STM32F4xx_HAL_Driver/Src/stm32f4xx_hal_spi.c ****   * @retval HAL status
3566:Drivers/STM32F4xx_HAL_Driver/Src/stm32f4xx_hal_spi.c ****   */
3567:Drivers/STM32F4xx_HAL_Driver/Src/stm32f4xx_hal_spi.c **** static HAL_StatusTypeDef SPI_EndRxTransaction(SPI_HandleTypeDef *hspi,  uint32_t Timeout, uint32_t 
3568:Drivers/STM32F4xx_HAL_Driver/Src/stm32f4xx_hal_spi.c **** {
3569:Drivers/STM32F4xx_HAL_Driver/Src/stm32f4xx_hal_spi.c ****   if ((hspi->Init.Mode == SPI_MODE_MASTER) && ((hspi->Init.Direction == SPI_DIRECTION_1LINE)
3570:Drivers/STM32F4xx_HAL_Driver/Src/stm32f4xx_hal_spi.c ****                                                || (hspi->Init.Direction == SPI_DIRECTION_2LINES_RXO
3571:Drivers/STM32F4xx_HAL_Driver/Src/stm32f4xx_hal_spi.c ****   {
3572:Drivers/STM32F4xx_HAL_Driver/Src/stm32f4xx_hal_spi.c ****     /* Disable SPI peripheral */
3573:Drivers/STM32F4xx_HAL_Driver/Src/stm32f4xx_hal_spi.c ****     __HAL_SPI_DISABLE(hspi);
3574:Drivers/STM32F4xx_HAL_Driver/Src/stm32f4xx_hal_spi.c ****   }
3575:Drivers/STM32F4xx_HAL_Driver/Src/stm32f4xx_hal_spi.c **** 
3576:Drivers/STM32F4xx_HAL_Driver/Src/stm32f4xx_hal_spi.c ****   /* Erratasheet: BSY bit may stay high at the end of a data transfer in Slave mode */
3577:Drivers/STM32F4xx_HAL_Driver/Src/stm32f4xx_hal_spi.c ****   if (hspi->Init.Mode == SPI_MODE_MASTER)
3578:Drivers/STM32F4xx_HAL_Driver/Src/stm32f4xx_hal_spi.c ****   {
3579:Drivers/STM32F4xx_HAL_Driver/Src/stm32f4xx_hal_spi.c ****     if (hspi->Init.Direction != SPI_DIRECTION_2LINES_RXONLY)
3580:Drivers/STM32F4xx_HAL_Driver/Src/stm32f4xx_hal_spi.c ****     {
3581:Drivers/STM32F4xx_HAL_Driver/Src/stm32f4xx_hal_spi.c ****       /* Control the BSY flag */
3582:Drivers/STM32F4xx_HAL_Driver/Src/stm32f4xx_hal_spi.c ****       if (SPI_WaitFlagStateUntilTimeout(hspi, SPI_FLAG_BSY, RESET, Timeout, Tickstart) != HAL_OK)
3583:Drivers/STM32F4xx_HAL_Driver/Src/stm32f4xx_hal_spi.c ****       {
3584:Drivers/STM32F4xx_HAL_Driver/Src/stm32f4xx_hal_spi.c ****         SET_BIT(hspi->ErrorCode, HAL_SPI_ERROR_FLAG);
3585:Drivers/STM32F4xx_HAL_Driver/Src/stm32f4xx_hal_spi.c ****         return HAL_TIMEOUT;
3586:Drivers/STM32F4xx_HAL_Driver/Src/stm32f4xx_hal_spi.c ****       }
3587:Drivers/STM32F4xx_HAL_Driver/Src/stm32f4xx_hal_spi.c ****     }
3588:Drivers/STM32F4xx_HAL_Driver/Src/stm32f4xx_hal_spi.c ****     else
3589:Drivers/STM32F4xx_HAL_Driver/Src/stm32f4xx_hal_spi.c ****     {
3590:Drivers/STM32F4xx_HAL_Driver/Src/stm32f4xx_hal_spi.c ****       /* Wait the RXNE reset */
3591:Drivers/STM32F4xx_HAL_Driver/Src/stm32f4xx_hal_spi.c ****       if (SPI_WaitFlagStateUntilTimeout(hspi, SPI_FLAG_RXNE, RESET, Timeout, Tickstart) != HAL_OK)
3592:Drivers/STM32F4xx_HAL_Driver/Src/stm32f4xx_hal_spi.c ****       {
3593:Drivers/STM32F4xx_HAL_Driver/Src/stm32f4xx_hal_spi.c ****         SET_BIT(hspi->ErrorCode, HAL_SPI_ERROR_FLAG);
3594:Drivers/STM32F4xx_HAL_Driver/Src/stm32f4xx_hal_spi.c ****         return HAL_TIMEOUT;
3595:Drivers/STM32F4xx_HAL_Driver/Src/stm32f4xx_hal_spi.c ****       }
3596:Drivers/STM32F4xx_HAL_Driver/Src/stm32f4xx_hal_spi.c ****     }
3597:Drivers/STM32F4xx_HAL_Driver/Src/stm32f4xx_hal_spi.c ****   }
3598:Drivers/STM32F4xx_HAL_Driver/Src/stm32f4xx_hal_spi.c ****   else
3599:Drivers/STM32F4xx_HAL_Driver/Src/stm32f4xx_hal_spi.c ****   {
3600:Drivers/STM32F4xx_HAL_Driver/Src/stm32f4xx_hal_spi.c ****     /* Wait the RXNE reset */
3601:Drivers/STM32F4xx_HAL_Driver/Src/stm32f4xx_hal_spi.c ****     if (SPI_WaitFlagStateUntilTimeout(hspi, SPI_FLAG_RXNE, RESET, Timeout, Tickstart) != HAL_OK)
3602:Drivers/STM32F4xx_HAL_Driver/Src/stm32f4xx_hal_spi.c ****     {
3603:Drivers/STM32F4xx_HAL_Driver/Src/stm32f4xx_hal_spi.c ****       SET_BIT(hspi->ErrorCode, HAL_SPI_ERROR_FLAG);
3604:Drivers/STM32F4xx_HAL_Driver/Src/stm32f4xx_hal_spi.c ****       return HAL_TIMEOUT;
3605:Drivers/STM32F4xx_HAL_Driver/Src/stm32f4xx_hal_spi.c ****     }
3606:Drivers/STM32F4xx_HAL_Driver/Src/stm32f4xx_hal_spi.c ****   }
3607:Drivers/STM32F4xx_HAL_Driver/Src/stm32f4xx_hal_spi.c ****   return HAL_OK;
3608:Drivers/STM32F4xx_HAL_Driver/Src/stm32f4xx_hal_spi.c **** }
3609:Drivers/STM32F4xx_HAL_Driver/Src/stm32f4xx_hal_spi.c **** 
3610:Drivers/STM32F4xx_HAL_Driver/Src/stm32f4xx_hal_spi.c **** /**
3611:Drivers/STM32F4xx_HAL_Driver/Src/stm32f4xx_hal_spi.c ****   * @brief  Handle the check of the RXTX or TX transaction complete.
3612:Drivers/STM32F4xx_HAL_Driver/Src/stm32f4xx_hal_spi.c ****   * @param  hspi SPI handle
3613:Drivers/STM32F4xx_HAL_Driver/Src/stm32f4xx_hal_spi.c ****   * @param  Timeout Timeout duration
3614:Drivers/STM32F4xx_HAL_Driver/Src/stm32f4xx_hal_spi.c ****   * @param  Tickstart tick start value
3615:Drivers/STM32F4xx_HAL_Driver/Src/stm32f4xx_hal_spi.c ****   * @retval HAL status
3616:Drivers/STM32F4xx_HAL_Driver/Src/stm32f4xx_hal_spi.c ****   */
3617:Drivers/STM32F4xx_HAL_Driver/Src/stm32f4xx_hal_spi.c **** static HAL_StatusTypeDef SPI_EndRxTxTransaction(SPI_HandleTypeDef *hspi, uint32_t Timeout, uint32_t
3618:Drivers/STM32F4xx_HAL_Driver/Src/stm32f4xx_hal_spi.c **** {
3619:Drivers/STM32F4xx_HAL_Driver/Src/stm32f4xx_hal_spi.c ****   __IO uint32_t count;
3620:Drivers/STM32F4xx_HAL_Driver/Src/stm32f4xx_hal_spi.c **** 
3621:Drivers/STM32F4xx_HAL_Driver/Src/stm32f4xx_hal_spi.c ****   /* Wait until TXE flag */
ARM GAS  /tmp/cci2ucsl.s 			page 65


3622:Drivers/STM32F4xx_HAL_Driver/Src/stm32f4xx_hal_spi.c ****   if (SPI_WaitFlagStateUntilTimeout(hspi, SPI_FLAG_TXE, SET, Timeout, Tickstart) != HAL_OK)
3623:Drivers/STM32F4xx_HAL_Driver/Src/stm32f4xx_hal_spi.c ****   {
3624:Drivers/STM32F4xx_HAL_Driver/Src/stm32f4xx_hal_spi.c ****     SET_BIT(hspi->ErrorCode, HAL_SPI_ERROR_FLAG);
3625:Drivers/STM32F4xx_HAL_Driver/Src/stm32f4xx_hal_spi.c ****     return HAL_TIMEOUT;
3626:Drivers/STM32F4xx_HAL_Driver/Src/stm32f4xx_hal_spi.c ****   }
3627:Drivers/STM32F4xx_HAL_Driver/Src/stm32f4xx_hal_spi.c **** 
3628:Drivers/STM32F4xx_HAL_Driver/Src/stm32f4xx_hal_spi.c ****   /* Timeout in us */
3629:Drivers/STM32F4xx_HAL_Driver/Src/stm32f4xx_hal_spi.c ****   count = SPI_BSY_FLAG_WORKAROUND_TIMEOUT * (SystemCoreClock / 24U / 1000000U);
3630:Drivers/STM32F4xx_HAL_Driver/Src/stm32f4xx_hal_spi.c ****   /* Erratasheet: BSY bit may stay high at the end of a data transfer in Slave mode */
3631:Drivers/STM32F4xx_HAL_Driver/Src/stm32f4xx_hal_spi.c ****   if (hspi->Init.Mode == SPI_MODE_MASTER)
3632:Drivers/STM32F4xx_HAL_Driver/Src/stm32f4xx_hal_spi.c ****   {
3633:Drivers/STM32F4xx_HAL_Driver/Src/stm32f4xx_hal_spi.c ****     /* Control the BSY flag */
3634:Drivers/STM32F4xx_HAL_Driver/Src/stm32f4xx_hal_spi.c ****     if (SPI_WaitFlagStateUntilTimeout(hspi, SPI_FLAG_BSY, RESET, Timeout, Tickstart) != HAL_OK)
3635:Drivers/STM32F4xx_HAL_Driver/Src/stm32f4xx_hal_spi.c ****     {
3636:Drivers/STM32F4xx_HAL_Driver/Src/stm32f4xx_hal_spi.c ****       SET_BIT(hspi->ErrorCode, HAL_SPI_ERROR_FLAG);
3637:Drivers/STM32F4xx_HAL_Driver/Src/stm32f4xx_hal_spi.c ****       return HAL_TIMEOUT;
3638:Drivers/STM32F4xx_HAL_Driver/Src/stm32f4xx_hal_spi.c ****     }
3639:Drivers/STM32F4xx_HAL_Driver/Src/stm32f4xx_hal_spi.c ****   }
3640:Drivers/STM32F4xx_HAL_Driver/Src/stm32f4xx_hal_spi.c ****   else
3641:Drivers/STM32F4xx_HAL_Driver/Src/stm32f4xx_hal_spi.c ****   {
3642:Drivers/STM32F4xx_HAL_Driver/Src/stm32f4xx_hal_spi.c ****     /* Wait BSY flag during 1 Byte time transfer in case of Full-Duplex and Tx transfer
3643:Drivers/STM32F4xx_HAL_Driver/Src/stm32f4xx_hal_spi.c ****     * If Timeout is reached, the transfer is considered as finish.
3644:Drivers/STM32F4xx_HAL_Driver/Src/stm32f4xx_hal_spi.c ****     * User have to calculate the timeout value to fit with the time of 1 byte transfer.
3645:Drivers/STM32F4xx_HAL_Driver/Src/stm32f4xx_hal_spi.c ****     * This time is directly link with the SPI clock from Master device.
3646:Drivers/STM32F4xx_HAL_Driver/Src/stm32f4xx_hal_spi.c ****     */
3647:Drivers/STM32F4xx_HAL_Driver/Src/stm32f4xx_hal_spi.c ****     do
3648:Drivers/STM32F4xx_HAL_Driver/Src/stm32f4xx_hal_spi.c ****     {
3649:Drivers/STM32F4xx_HAL_Driver/Src/stm32f4xx_hal_spi.c ****       if (count == 0U)
3650:Drivers/STM32F4xx_HAL_Driver/Src/stm32f4xx_hal_spi.c ****       {
3651:Drivers/STM32F4xx_HAL_Driver/Src/stm32f4xx_hal_spi.c ****         break;
3652:Drivers/STM32F4xx_HAL_Driver/Src/stm32f4xx_hal_spi.c ****       }
3653:Drivers/STM32F4xx_HAL_Driver/Src/stm32f4xx_hal_spi.c ****       count--;
3654:Drivers/STM32F4xx_HAL_Driver/Src/stm32f4xx_hal_spi.c ****     } while (__HAL_SPI_GET_FLAG(hspi, SPI_FLAG_BSY) != RESET);
3655:Drivers/STM32F4xx_HAL_Driver/Src/stm32f4xx_hal_spi.c ****   }
3656:Drivers/STM32F4xx_HAL_Driver/Src/stm32f4xx_hal_spi.c **** 
3657:Drivers/STM32F4xx_HAL_Driver/Src/stm32f4xx_hal_spi.c ****   return HAL_OK;
3658:Drivers/STM32F4xx_HAL_Driver/Src/stm32f4xx_hal_spi.c **** }
3659:Drivers/STM32F4xx_HAL_Driver/Src/stm32f4xx_hal_spi.c **** 
3660:Drivers/STM32F4xx_HAL_Driver/Src/stm32f4xx_hal_spi.c **** /**
3661:Drivers/STM32F4xx_HAL_Driver/Src/stm32f4xx_hal_spi.c ****   * @brief  Handle the end of the RXTX transaction.
3662:Drivers/STM32F4xx_HAL_Driver/Src/stm32f4xx_hal_spi.c ****   * @param  hspi pointer to a SPI_HandleTypeDef structure that contains
3663:Drivers/STM32F4xx_HAL_Driver/Src/stm32f4xx_hal_spi.c ****   *               the configuration information for SPI module.
3664:Drivers/STM32F4xx_HAL_Driver/Src/stm32f4xx_hal_spi.c ****   * @retval None
3665:Drivers/STM32F4xx_HAL_Driver/Src/stm32f4xx_hal_spi.c ****   */
3666:Drivers/STM32F4xx_HAL_Driver/Src/stm32f4xx_hal_spi.c **** static void SPI_CloseRxTx_ISR(SPI_HandleTypeDef *hspi)
3667:Drivers/STM32F4xx_HAL_Driver/Src/stm32f4xx_hal_spi.c **** {
3668:Drivers/STM32F4xx_HAL_Driver/Src/stm32f4xx_hal_spi.c ****   uint32_t tickstart;
3669:Drivers/STM32F4xx_HAL_Driver/Src/stm32f4xx_hal_spi.c ****   __IO uint32_t count = SPI_DEFAULT_TIMEOUT * (SystemCoreClock / 24U / 1000U);
3670:Drivers/STM32F4xx_HAL_Driver/Src/stm32f4xx_hal_spi.c **** 
3671:Drivers/STM32F4xx_HAL_Driver/Src/stm32f4xx_hal_spi.c ****   /* Init tickstart for timeout management */
3672:Drivers/STM32F4xx_HAL_Driver/Src/stm32f4xx_hal_spi.c ****   tickstart = HAL_GetTick();
3673:Drivers/STM32F4xx_HAL_Driver/Src/stm32f4xx_hal_spi.c **** 
3674:Drivers/STM32F4xx_HAL_Driver/Src/stm32f4xx_hal_spi.c ****   /* Disable ERR interrupt */
3675:Drivers/STM32F4xx_HAL_Driver/Src/stm32f4xx_hal_spi.c ****   __HAL_SPI_DISABLE_IT(hspi, SPI_IT_ERR);
3676:Drivers/STM32F4xx_HAL_Driver/Src/stm32f4xx_hal_spi.c **** 
3677:Drivers/STM32F4xx_HAL_Driver/Src/stm32f4xx_hal_spi.c ****   /* Wait until TXE flag is set */
3678:Drivers/STM32F4xx_HAL_Driver/Src/stm32f4xx_hal_spi.c ****   do
ARM GAS  /tmp/cci2ucsl.s 			page 66


3679:Drivers/STM32F4xx_HAL_Driver/Src/stm32f4xx_hal_spi.c ****   {
3680:Drivers/STM32F4xx_HAL_Driver/Src/stm32f4xx_hal_spi.c ****     if (count == 0U)
3681:Drivers/STM32F4xx_HAL_Driver/Src/stm32f4xx_hal_spi.c ****     {
3682:Drivers/STM32F4xx_HAL_Driver/Src/stm32f4xx_hal_spi.c ****       SET_BIT(hspi->ErrorCode, HAL_SPI_ERROR_FLAG);
3683:Drivers/STM32F4xx_HAL_Driver/Src/stm32f4xx_hal_spi.c ****       break;
3684:Drivers/STM32F4xx_HAL_Driver/Src/stm32f4xx_hal_spi.c ****     }
3685:Drivers/STM32F4xx_HAL_Driver/Src/stm32f4xx_hal_spi.c ****     count--;
3686:Drivers/STM32F4xx_HAL_Driver/Src/stm32f4xx_hal_spi.c ****   } while ((hspi->Instance->SR & SPI_FLAG_TXE) == RESET);
3687:Drivers/STM32F4xx_HAL_Driver/Src/stm32f4xx_hal_spi.c **** 
3688:Drivers/STM32F4xx_HAL_Driver/Src/stm32f4xx_hal_spi.c ****   /* Check the end of the transaction */
3689:Drivers/STM32F4xx_HAL_Driver/Src/stm32f4xx_hal_spi.c ****   if (SPI_EndRxTxTransaction(hspi, SPI_DEFAULT_TIMEOUT, tickstart) != HAL_OK)
3690:Drivers/STM32F4xx_HAL_Driver/Src/stm32f4xx_hal_spi.c ****   {
3691:Drivers/STM32F4xx_HAL_Driver/Src/stm32f4xx_hal_spi.c ****     SET_BIT(hspi->ErrorCode, HAL_SPI_ERROR_FLAG);
3692:Drivers/STM32F4xx_HAL_Driver/Src/stm32f4xx_hal_spi.c ****   }
3693:Drivers/STM32F4xx_HAL_Driver/Src/stm32f4xx_hal_spi.c **** 
3694:Drivers/STM32F4xx_HAL_Driver/Src/stm32f4xx_hal_spi.c ****   /* Clear overrun flag in 2 Lines communication mode because received is not read */
3695:Drivers/STM32F4xx_HAL_Driver/Src/stm32f4xx_hal_spi.c ****   if (hspi->Init.Direction == SPI_DIRECTION_2LINES)
3696:Drivers/STM32F4xx_HAL_Driver/Src/stm32f4xx_hal_spi.c ****   {
3697:Drivers/STM32F4xx_HAL_Driver/Src/stm32f4xx_hal_spi.c ****     __HAL_SPI_CLEAR_OVRFLAG(hspi);
3698:Drivers/STM32F4xx_HAL_Driver/Src/stm32f4xx_hal_spi.c ****   }
3699:Drivers/STM32F4xx_HAL_Driver/Src/stm32f4xx_hal_spi.c **** 
3700:Drivers/STM32F4xx_HAL_Driver/Src/stm32f4xx_hal_spi.c **** #if (USE_SPI_CRC != 0U)
3701:Drivers/STM32F4xx_HAL_Driver/Src/stm32f4xx_hal_spi.c ****   /* Check if CRC error occurred */
3702:Drivers/STM32F4xx_HAL_Driver/Src/stm32f4xx_hal_spi.c ****   if (__HAL_SPI_GET_FLAG(hspi, SPI_FLAG_CRCERR) != RESET)
3703:Drivers/STM32F4xx_HAL_Driver/Src/stm32f4xx_hal_spi.c ****   {
3704:Drivers/STM32F4xx_HAL_Driver/Src/stm32f4xx_hal_spi.c ****     hspi->State = HAL_SPI_STATE_READY;
3705:Drivers/STM32F4xx_HAL_Driver/Src/stm32f4xx_hal_spi.c ****     SET_BIT(hspi->ErrorCode, HAL_SPI_ERROR_CRC);
3706:Drivers/STM32F4xx_HAL_Driver/Src/stm32f4xx_hal_spi.c ****     __HAL_SPI_CLEAR_CRCERRFLAG(hspi);
3707:Drivers/STM32F4xx_HAL_Driver/Src/stm32f4xx_hal_spi.c ****     /* Call user error callback */
3708:Drivers/STM32F4xx_HAL_Driver/Src/stm32f4xx_hal_spi.c **** #if (USE_HAL_SPI_REGISTER_CALLBACKS == 1U)
3709:Drivers/STM32F4xx_HAL_Driver/Src/stm32f4xx_hal_spi.c ****     hspi->ErrorCallback(hspi);
3710:Drivers/STM32F4xx_HAL_Driver/Src/stm32f4xx_hal_spi.c **** #else
3711:Drivers/STM32F4xx_HAL_Driver/Src/stm32f4xx_hal_spi.c ****     HAL_SPI_ErrorCallback(hspi);
3712:Drivers/STM32F4xx_HAL_Driver/Src/stm32f4xx_hal_spi.c **** #endif /* USE_HAL_SPI_REGISTER_CALLBACKS */
3713:Drivers/STM32F4xx_HAL_Driver/Src/stm32f4xx_hal_spi.c ****   }
3714:Drivers/STM32F4xx_HAL_Driver/Src/stm32f4xx_hal_spi.c ****   else
3715:Drivers/STM32F4xx_HAL_Driver/Src/stm32f4xx_hal_spi.c ****   {
3716:Drivers/STM32F4xx_HAL_Driver/Src/stm32f4xx_hal_spi.c **** #endif /* USE_SPI_CRC */
3717:Drivers/STM32F4xx_HAL_Driver/Src/stm32f4xx_hal_spi.c ****     if (hspi->ErrorCode == HAL_SPI_ERROR_NONE)
3718:Drivers/STM32F4xx_HAL_Driver/Src/stm32f4xx_hal_spi.c ****     {
3719:Drivers/STM32F4xx_HAL_Driver/Src/stm32f4xx_hal_spi.c ****       if (hspi->State == HAL_SPI_STATE_BUSY_RX)
3720:Drivers/STM32F4xx_HAL_Driver/Src/stm32f4xx_hal_spi.c ****       {
3721:Drivers/STM32F4xx_HAL_Driver/Src/stm32f4xx_hal_spi.c ****         hspi->State = HAL_SPI_STATE_READY;
3722:Drivers/STM32F4xx_HAL_Driver/Src/stm32f4xx_hal_spi.c ****         /* Call user Rx complete callback */
3723:Drivers/STM32F4xx_HAL_Driver/Src/stm32f4xx_hal_spi.c **** #if (USE_HAL_SPI_REGISTER_CALLBACKS == 1U)
3724:Drivers/STM32F4xx_HAL_Driver/Src/stm32f4xx_hal_spi.c ****         hspi->RxCpltCallback(hspi);
3725:Drivers/STM32F4xx_HAL_Driver/Src/stm32f4xx_hal_spi.c **** #else
3726:Drivers/STM32F4xx_HAL_Driver/Src/stm32f4xx_hal_spi.c ****         HAL_SPI_RxCpltCallback(hspi);
3727:Drivers/STM32F4xx_HAL_Driver/Src/stm32f4xx_hal_spi.c **** #endif /* USE_HAL_SPI_REGISTER_CALLBACKS */
3728:Drivers/STM32F4xx_HAL_Driver/Src/stm32f4xx_hal_spi.c ****       }
3729:Drivers/STM32F4xx_HAL_Driver/Src/stm32f4xx_hal_spi.c ****       else
3730:Drivers/STM32F4xx_HAL_Driver/Src/stm32f4xx_hal_spi.c ****       {
3731:Drivers/STM32F4xx_HAL_Driver/Src/stm32f4xx_hal_spi.c ****         hspi->State = HAL_SPI_STATE_READY;
3732:Drivers/STM32F4xx_HAL_Driver/Src/stm32f4xx_hal_spi.c ****         /* Call user TxRx complete callback */
3733:Drivers/STM32F4xx_HAL_Driver/Src/stm32f4xx_hal_spi.c **** #if (USE_HAL_SPI_REGISTER_CALLBACKS == 1U)
3734:Drivers/STM32F4xx_HAL_Driver/Src/stm32f4xx_hal_spi.c ****         hspi->TxRxCpltCallback(hspi);
3735:Drivers/STM32F4xx_HAL_Driver/Src/stm32f4xx_hal_spi.c **** #else
ARM GAS  /tmp/cci2ucsl.s 			page 67


3736:Drivers/STM32F4xx_HAL_Driver/Src/stm32f4xx_hal_spi.c ****         HAL_SPI_TxRxCpltCallback(hspi);
3737:Drivers/STM32F4xx_HAL_Driver/Src/stm32f4xx_hal_spi.c **** #endif /* USE_HAL_SPI_REGISTER_CALLBACKS */
3738:Drivers/STM32F4xx_HAL_Driver/Src/stm32f4xx_hal_spi.c ****       }
3739:Drivers/STM32F4xx_HAL_Driver/Src/stm32f4xx_hal_spi.c ****     }
3740:Drivers/STM32F4xx_HAL_Driver/Src/stm32f4xx_hal_spi.c ****     else
3741:Drivers/STM32F4xx_HAL_Driver/Src/stm32f4xx_hal_spi.c ****     {
3742:Drivers/STM32F4xx_HAL_Driver/Src/stm32f4xx_hal_spi.c ****       hspi->State = HAL_SPI_STATE_READY;
3743:Drivers/STM32F4xx_HAL_Driver/Src/stm32f4xx_hal_spi.c ****       /* Call user error callback */
3744:Drivers/STM32F4xx_HAL_Driver/Src/stm32f4xx_hal_spi.c **** #if (USE_HAL_SPI_REGISTER_CALLBACKS == 1U)
3745:Drivers/STM32F4xx_HAL_Driver/Src/stm32f4xx_hal_spi.c ****       hspi->ErrorCallback(hspi);
3746:Drivers/STM32F4xx_HAL_Driver/Src/stm32f4xx_hal_spi.c **** #else
3747:Drivers/STM32F4xx_HAL_Driver/Src/stm32f4xx_hal_spi.c ****       HAL_SPI_ErrorCallback(hspi);
3748:Drivers/STM32F4xx_HAL_Driver/Src/stm32f4xx_hal_spi.c **** #endif /* USE_HAL_SPI_REGISTER_CALLBACKS */
3749:Drivers/STM32F4xx_HAL_Driver/Src/stm32f4xx_hal_spi.c ****     }
3750:Drivers/STM32F4xx_HAL_Driver/Src/stm32f4xx_hal_spi.c **** #if (USE_SPI_CRC != 0U)
3751:Drivers/STM32F4xx_HAL_Driver/Src/stm32f4xx_hal_spi.c ****   }
3752:Drivers/STM32F4xx_HAL_Driver/Src/stm32f4xx_hal_spi.c **** #endif /* USE_SPI_CRC */
3753:Drivers/STM32F4xx_HAL_Driver/Src/stm32f4xx_hal_spi.c **** }
3754:Drivers/STM32F4xx_HAL_Driver/Src/stm32f4xx_hal_spi.c **** 
3755:Drivers/STM32F4xx_HAL_Driver/Src/stm32f4xx_hal_spi.c **** /**
3756:Drivers/STM32F4xx_HAL_Driver/Src/stm32f4xx_hal_spi.c ****   * @brief  Handle the end of the RX transaction.
3757:Drivers/STM32F4xx_HAL_Driver/Src/stm32f4xx_hal_spi.c ****   * @param  hspi pointer to a SPI_HandleTypeDef structure that contains
3758:Drivers/STM32F4xx_HAL_Driver/Src/stm32f4xx_hal_spi.c ****   *               the configuration information for SPI module.
3759:Drivers/STM32F4xx_HAL_Driver/Src/stm32f4xx_hal_spi.c ****   * @retval None
3760:Drivers/STM32F4xx_HAL_Driver/Src/stm32f4xx_hal_spi.c ****   */
3761:Drivers/STM32F4xx_HAL_Driver/Src/stm32f4xx_hal_spi.c **** static void SPI_CloseRx_ISR(SPI_HandleTypeDef *hspi)
3762:Drivers/STM32F4xx_HAL_Driver/Src/stm32f4xx_hal_spi.c **** {
3763:Drivers/STM32F4xx_HAL_Driver/Src/stm32f4xx_hal_spi.c ****   /* Disable RXNE and ERR interrupt */
3764:Drivers/STM32F4xx_HAL_Driver/Src/stm32f4xx_hal_spi.c ****   __HAL_SPI_DISABLE_IT(hspi, (SPI_IT_RXNE | SPI_IT_ERR));
3765:Drivers/STM32F4xx_HAL_Driver/Src/stm32f4xx_hal_spi.c **** 
3766:Drivers/STM32F4xx_HAL_Driver/Src/stm32f4xx_hal_spi.c ****   /* Check the end of the transaction */
3767:Drivers/STM32F4xx_HAL_Driver/Src/stm32f4xx_hal_spi.c ****   if (SPI_EndRxTransaction(hspi, SPI_DEFAULT_TIMEOUT, HAL_GetTick()) != HAL_OK)
3768:Drivers/STM32F4xx_HAL_Driver/Src/stm32f4xx_hal_spi.c ****   {
3769:Drivers/STM32F4xx_HAL_Driver/Src/stm32f4xx_hal_spi.c ****     SET_BIT(hspi->ErrorCode, HAL_SPI_ERROR_FLAG);
3770:Drivers/STM32F4xx_HAL_Driver/Src/stm32f4xx_hal_spi.c ****   }
3771:Drivers/STM32F4xx_HAL_Driver/Src/stm32f4xx_hal_spi.c **** 
3772:Drivers/STM32F4xx_HAL_Driver/Src/stm32f4xx_hal_spi.c ****   /* Clear overrun flag in 2 Lines communication mode because received is not read */
3773:Drivers/STM32F4xx_HAL_Driver/Src/stm32f4xx_hal_spi.c ****   if (hspi->Init.Direction == SPI_DIRECTION_2LINES)
3774:Drivers/STM32F4xx_HAL_Driver/Src/stm32f4xx_hal_spi.c ****   {
3775:Drivers/STM32F4xx_HAL_Driver/Src/stm32f4xx_hal_spi.c ****     __HAL_SPI_CLEAR_OVRFLAG(hspi);
3776:Drivers/STM32F4xx_HAL_Driver/Src/stm32f4xx_hal_spi.c ****   }
3777:Drivers/STM32F4xx_HAL_Driver/Src/stm32f4xx_hal_spi.c ****   hspi->State = HAL_SPI_STATE_READY;
3778:Drivers/STM32F4xx_HAL_Driver/Src/stm32f4xx_hal_spi.c **** 
3779:Drivers/STM32F4xx_HAL_Driver/Src/stm32f4xx_hal_spi.c **** #if (USE_SPI_CRC != 0U)
3780:Drivers/STM32F4xx_HAL_Driver/Src/stm32f4xx_hal_spi.c ****   /* Check if CRC error occurred */
3781:Drivers/STM32F4xx_HAL_Driver/Src/stm32f4xx_hal_spi.c ****   if (__HAL_SPI_GET_FLAG(hspi, SPI_FLAG_CRCERR) != RESET)
3782:Drivers/STM32F4xx_HAL_Driver/Src/stm32f4xx_hal_spi.c ****   {
3783:Drivers/STM32F4xx_HAL_Driver/Src/stm32f4xx_hal_spi.c ****     SET_BIT(hspi->ErrorCode, HAL_SPI_ERROR_CRC);
3784:Drivers/STM32F4xx_HAL_Driver/Src/stm32f4xx_hal_spi.c ****     __HAL_SPI_CLEAR_CRCERRFLAG(hspi);
3785:Drivers/STM32F4xx_HAL_Driver/Src/stm32f4xx_hal_spi.c ****     /* Call user error callback */
3786:Drivers/STM32F4xx_HAL_Driver/Src/stm32f4xx_hal_spi.c **** #if (USE_HAL_SPI_REGISTER_CALLBACKS == 1U)
3787:Drivers/STM32F4xx_HAL_Driver/Src/stm32f4xx_hal_spi.c ****     hspi->ErrorCallback(hspi);
3788:Drivers/STM32F4xx_HAL_Driver/Src/stm32f4xx_hal_spi.c **** #else
3789:Drivers/STM32F4xx_HAL_Driver/Src/stm32f4xx_hal_spi.c ****     HAL_SPI_ErrorCallback(hspi);
3790:Drivers/STM32F4xx_HAL_Driver/Src/stm32f4xx_hal_spi.c **** #endif /* USE_HAL_SPI_REGISTER_CALLBACKS */
3791:Drivers/STM32F4xx_HAL_Driver/Src/stm32f4xx_hal_spi.c ****   }
3792:Drivers/STM32F4xx_HAL_Driver/Src/stm32f4xx_hal_spi.c ****   else
ARM GAS  /tmp/cci2ucsl.s 			page 68


3793:Drivers/STM32F4xx_HAL_Driver/Src/stm32f4xx_hal_spi.c ****   {
3794:Drivers/STM32F4xx_HAL_Driver/Src/stm32f4xx_hal_spi.c **** #endif /* USE_SPI_CRC */
3795:Drivers/STM32F4xx_HAL_Driver/Src/stm32f4xx_hal_spi.c ****     if (hspi->ErrorCode == HAL_SPI_ERROR_NONE)
3796:Drivers/STM32F4xx_HAL_Driver/Src/stm32f4xx_hal_spi.c ****     {
3797:Drivers/STM32F4xx_HAL_Driver/Src/stm32f4xx_hal_spi.c ****       /* Call user Rx complete callback */
3798:Drivers/STM32F4xx_HAL_Driver/Src/stm32f4xx_hal_spi.c **** #if (USE_HAL_SPI_REGISTER_CALLBACKS == 1U)
3799:Drivers/STM32F4xx_HAL_Driver/Src/stm32f4xx_hal_spi.c ****       hspi->RxCpltCallback(hspi);
3800:Drivers/STM32F4xx_HAL_Driver/Src/stm32f4xx_hal_spi.c **** #else
3801:Drivers/STM32F4xx_HAL_Driver/Src/stm32f4xx_hal_spi.c ****       HAL_SPI_RxCpltCallback(hspi);
3802:Drivers/STM32F4xx_HAL_Driver/Src/stm32f4xx_hal_spi.c **** #endif /* USE_HAL_SPI_REGISTER_CALLBACKS */
3803:Drivers/STM32F4xx_HAL_Driver/Src/stm32f4xx_hal_spi.c ****     }
3804:Drivers/STM32F4xx_HAL_Driver/Src/stm32f4xx_hal_spi.c ****     else
3805:Drivers/STM32F4xx_HAL_Driver/Src/stm32f4xx_hal_spi.c ****     {
3806:Drivers/STM32F4xx_HAL_Driver/Src/stm32f4xx_hal_spi.c ****       /* Call user error callback */
3807:Drivers/STM32F4xx_HAL_Driver/Src/stm32f4xx_hal_spi.c **** #if (USE_HAL_SPI_REGISTER_CALLBACKS == 1U)
3808:Drivers/STM32F4xx_HAL_Driver/Src/stm32f4xx_hal_spi.c ****       hspi->ErrorCallback(hspi);
3809:Drivers/STM32F4xx_HAL_Driver/Src/stm32f4xx_hal_spi.c **** #else
3810:Drivers/STM32F4xx_HAL_Driver/Src/stm32f4xx_hal_spi.c ****       HAL_SPI_ErrorCallback(hspi);
3811:Drivers/STM32F4xx_HAL_Driver/Src/stm32f4xx_hal_spi.c **** #endif /* USE_HAL_SPI_REGISTER_CALLBACKS */
3812:Drivers/STM32F4xx_HAL_Driver/Src/stm32f4xx_hal_spi.c ****     }
3813:Drivers/STM32F4xx_HAL_Driver/Src/stm32f4xx_hal_spi.c **** #if (USE_SPI_CRC != 0U)
3814:Drivers/STM32F4xx_HAL_Driver/Src/stm32f4xx_hal_spi.c ****   }
3815:Drivers/STM32F4xx_HAL_Driver/Src/stm32f4xx_hal_spi.c **** #endif /* USE_SPI_CRC */
3816:Drivers/STM32F4xx_HAL_Driver/Src/stm32f4xx_hal_spi.c **** }
3817:Drivers/STM32F4xx_HAL_Driver/Src/stm32f4xx_hal_spi.c **** 
3818:Drivers/STM32F4xx_HAL_Driver/Src/stm32f4xx_hal_spi.c **** /**
3819:Drivers/STM32F4xx_HAL_Driver/Src/stm32f4xx_hal_spi.c ****   * @brief  Handle the end of the TX transaction.
3820:Drivers/STM32F4xx_HAL_Driver/Src/stm32f4xx_hal_spi.c ****   * @param  hspi pointer to a SPI_HandleTypeDef structure that contains
3821:Drivers/STM32F4xx_HAL_Driver/Src/stm32f4xx_hal_spi.c ****   *               the configuration information for SPI module.
3822:Drivers/STM32F4xx_HAL_Driver/Src/stm32f4xx_hal_spi.c ****   * @retval None
3823:Drivers/STM32F4xx_HAL_Driver/Src/stm32f4xx_hal_spi.c ****   */
3824:Drivers/STM32F4xx_HAL_Driver/Src/stm32f4xx_hal_spi.c **** static void SPI_CloseTx_ISR(SPI_HandleTypeDef *hspi)
3825:Drivers/STM32F4xx_HAL_Driver/Src/stm32f4xx_hal_spi.c **** {
3826:Drivers/STM32F4xx_HAL_Driver/Src/stm32f4xx_hal_spi.c ****   uint32_t tickstart;
3827:Drivers/STM32F4xx_HAL_Driver/Src/stm32f4xx_hal_spi.c ****   __IO uint32_t count = SPI_DEFAULT_TIMEOUT * (SystemCoreClock / 24U / 1000U);
3828:Drivers/STM32F4xx_HAL_Driver/Src/stm32f4xx_hal_spi.c **** 
3829:Drivers/STM32F4xx_HAL_Driver/Src/stm32f4xx_hal_spi.c ****   /* Init tickstart for timeout management*/
3830:Drivers/STM32F4xx_HAL_Driver/Src/stm32f4xx_hal_spi.c ****   tickstart = HAL_GetTick();
3831:Drivers/STM32F4xx_HAL_Driver/Src/stm32f4xx_hal_spi.c **** 
3832:Drivers/STM32F4xx_HAL_Driver/Src/stm32f4xx_hal_spi.c ****   /* Wait until TXE flag is set */
3833:Drivers/STM32F4xx_HAL_Driver/Src/stm32f4xx_hal_spi.c ****   do
3834:Drivers/STM32F4xx_HAL_Driver/Src/stm32f4xx_hal_spi.c ****   {
3835:Drivers/STM32F4xx_HAL_Driver/Src/stm32f4xx_hal_spi.c ****     if (count == 0U)
3836:Drivers/STM32F4xx_HAL_Driver/Src/stm32f4xx_hal_spi.c ****     {
3837:Drivers/STM32F4xx_HAL_Driver/Src/stm32f4xx_hal_spi.c ****       SET_BIT(hspi->ErrorCode, HAL_SPI_ERROR_FLAG);
3838:Drivers/STM32F4xx_HAL_Driver/Src/stm32f4xx_hal_spi.c ****       break;
3839:Drivers/STM32F4xx_HAL_Driver/Src/stm32f4xx_hal_spi.c ****     }
3840:Drivers/STM32F4xx_HAL_Driver/Src/stm32f4xx_hal_spi.c ****     count--;
3841:Drivers/STM32F4xx_HAL_Driver/Src/stm32f4xx_hal_spi.c ****   } while ((hspi->Instance->SR & SPI_FLAG_TXE) == RESET);
3842:Drivers/STM32F4xx_HAL_Driver/Src/stm32f4xx_hal_spi.c **** 
3843:Drivers/STM32F4xx_HAL_Driver/Src/stm32f4xx_hal_spi.c ****   /* Disable TXE and ERR interrupt */
3844:Drivers/STM32F4xx_HAL_Driver/Src/stm32f4xx_hal_spi.c ****   __HAL_SPI_DISABLE_IT(hspi, (SPI_IT_TXE | SPI_IT_ERR));
3845:Drivers/STM32F4xx_HAL_Driver/Src/stm32f4xx_hal_spi.c **** 
3846:Drivers/STM32F4xx_HAL_Driver/Src/stm32f4xx_hal_spi.c ****   /* Check the end of the transaction */
3847:Drivers/STM32F4xx_HAL_Driver/Src/stm32f4xx_hal_spi.c ****   if (SPI_EndRxTxTransaction(hspi, SPI_DEFAULT_TIMEOUT, tickstart) != HAL_OK)
3848:Drivers/STM32F4xx_HAL_Driver/Src/stm32f4xx_hal_spi.c ****   {
3849:Drivers/STM32F4xx_HAL_Driver/Src/stm32f4xx_hal_spi.c ****     SET_BIT(hspi->ErrorCode, HAL_SPI_ERROR_FLAG);
ARM GAS  /tmp/cci2ucsl.s 			page 69


3850:Drivers/STM32F4xx_HAL_Driver/Src/stm32f4xx_hal_spi.c ****   }
3851:Drivers/STM32F4xx_HAL_Driver/Src/stm32f4xx_hal_spi.c **** 
3852:Drivers/STM32F4xx_HAL_Driver/Src/stm32f4xx_hal_spi.c ****   /* Clear overrun flag in 2 Lines communication mode because received is not read */
3853:Drivers/STM32F4xx_HAL_Driver/Src/stm32f4xx_hal_spi.c ****   if (hspi->Init.Direction == SPI_DIRECTION_2LINES)
3854:Drivers/STM32F4xx_HAL_Driver/Src/stm32f4xx_hal_spi.c ****   {
3855:Drivers/STM32F4xx_HAL_Driver/Src/stm32f4xx_hal_spi.c ****     __HAL_SPI_CLEAR_OVRFLAG(hspi);
3856:Drivers/STM32F4xx_HAL_Driver/Src/stm32f4xx_hal_spi.c ****   }
3857:Drivers/STM32F4xx_HAL_Driver/Src/stm32f4xx_hal_spi.c **** 
3858:Drivers/STM32F4xx_HAL_Driver/Src/stm32f4xx_hal_spi.c ****   hspi->State = HAL_SPI_STATE_READY;
3859:Drivers/STM32F4xx_HAL_Driver/Src/stm32f4xx_hal_spi.c ****   if (hspi->ErrorCode != HAL_SPI_ERROR_NONE)
3860:Drivers/STM32F4xx_HAL_Driver/Src/stm32f4xx_hal_spi.c ****   {
3861:Drivers/STM32F4xx_HAL_Driver/Src/stm32f4xx_hal_spi.c ****     /* Call user error callback */
3862:Drivers/STM32F4xx_HAL_Driver/Src/stm32f4xx_hal_spi.c **** #if (USE_HAL_SPI_REGISTER_CALLBACKS == 1U)
3863:Drivers/STM32F4xx_HAL_Driver/Src/stm32f4xx_hal_spi.c ****     hspi->ErrorCallback(hspi);
3864:Drivers/STM32F4xx_HAL_Driver/Src/stm32f4xx_hal_spi.c **** #else
3865:Drivers/STM32F4xx_HAL_Driver/Src/stm32f4xx_hal_spi.c ****     HAL_SPI_ErrorCallback(hspi);
3866:Drivers/STM32F4xx_HAL_Driver/Src/stm32f4xx_hal_spi.c **** #endif /* USE_HAL_SPI_REGISTER_CALLBACKS */
3867:Drivers/STM32F4xx_HAL_Driver/Src/stm32f4xx_hal_spi.c ****   }
3868:Drivers/STM32F4xx_HAL_Driver/Src/stm32f4xx_hal_spi.c ****   else
3869:Drivers/STM32F4xx_HAL_Driver/Src/stm32f4xx_hal_spi.c ****   {
3870:Drivers/STM32F4xx_HAL_Driver/Src/stm32f4xx_hal_spi.c ****     /* Call user Rx complete callback */
3871:Drivers/STM32F4xx_HAL_Driver/Src/stm32f4xx_hal_spi.c **** #if (USE_HAL_SPI_REGISTER_CALLBACKS == 1U)
3872:Drivers/STM32F4xx_HAL_Driver/Src/stm32f4xx_hal_spi.c ****     hspi->TxCpltCallback(hspi);
3873:Drivers/STM32F4xx_HAL_Driver/Src/stm32f4xx_hal_spi.c **** #else
3874:Drivers/STM32F4xx_HAL_Driver/Src/stm32f4xx_hal_spi.c ****     HAL_SPI_TxCpltCallback(hspi);
3875:Drivers/STM32F4xx_HAL_Driver/Src/stm32f4xx_hal_spi.c **** #endif /* USE_HAL_SPI_REGISTER_CALLBACKS */
3876:Drivers/STM32F4xx_HAL_Driver/Src/stm32f4xx_hal_spi.c ****   }
3877:Drivers/STM32F4xx_HAL_Driver/Src/stm32f4xx_hal_spi.c **** }
3878:Drivers/STM32F4xx_HAL_Driver/Src/stm32f4xx_hal_spi.c **** 
3879:Drivers/STM32F4xx_HAL_Driver/Src/stm32f4xx_hal_spi.c **** /**
3880:Drivers/STM32F4xx_HAL_Driver/Src/stm32f4xx_hal_spi.c ****   * @brief  Handle abort a Rx transaction.
3881:Drivers/STM32F4xx_HAL_Driver/Src/stm32f4xx_hal_spi.c ****   * @param  hspi pointer to a SPI_HandleTypeDef structure that contains
3882:Drivers/STM32F4xx_HAL_Driver/Src/stm32f4xx_hal_spi.c ****   *               the configuration information for SPI module.
3883:Drivers/STM32F4xx_HAL_Driver/Src/stm32f4xx_hal_spi.c ****   * @retval None
3884:Drivers/STM32F4xx_HAL_Driver/Src/stm32f4xx_hal_spi.c ****   */
3885:Drivers/STM32F4xx_HAL_Driver/Src/stm32f4xx_hal_spi.c **** static void SPI_AbortRx_ISR(SPI_HandleTypeDef *hspi)
3886:Drivers/STM32F4xx_HAL_Driver/Src/stm32f4xx_hal_spi.c **** {
  29              		.loc 1 3886 1 view -0
  30              		.cfi_startproc
  31              		@ args = 0, pretend = 0, frame = 8
  32              		@ frame_needed = 0, uses_anonymous_args = 0
  33              		@ link register save eliminated.
  34              		.loc 1 3886 1 is_stmt 0 view .LVU1
  35 0000 82B0     		sub	sp, sp, #8
  36              	.LCFI0:
  37              		.cfi_def_cfa_offset 8
3887:Drivers/STM32F4xx_HAL_Driver/Src/stm32f4xx_hal_spi.c ****   __IO uint32_t tmpreg = 0U;
  38              		.loc 1 3887 3 is_stmt 1 view .LVU2
  39              		.loc 1 3887 17 is_stmt 0 view .LVU3
  40 0002 0023     		movs	r3, #0
  41 0004 0193     		str	r3, [sp, #4]
3888:Drivers/STM32F4xx_HAL_Driver/Src/stm32f4xx_hal_spi.c ****   __IO uint32_t count = SPI_DEFAULT_TIMEOUT * (SystemCoreClock / 24U / 1000U);
  42              		.loc 1 3888 3 is_stmt 1 view .LVU4
  43              		.loc 1 3888 70 is_stmt 0 view .LVU5
  44 0006 164B     		ldr	r3, .L7
  45 0008 1B68     		ldr	r3, [r3]
  46 000a 164A     		ldr	r2, .L7+4
ARM GAS  /tmp/cci2ucsl.s 			page 70


  47 000c A2FB0323 		umull	r2, r3, r2, r3
  48 0010 5B0A     		lsrs	r3, r3, #9
  49              		.loc 1 3888 45 view .LVU6
  50 0012 6422     		movs	r2, #100
  51 0014 02FB03F3 		mul	r3, r2, r3
  52              		.loc 1 3888 17 view .LVU7
  53 0018 0093     		str	r3, [sp]
  54              	.L4:
3889:Drivers/STM32F4xx_HAL_Driver/Src/stm32f4xx_hal_spi.c **** 
3890:Drivers/STM32F4xx_HAL_Driver/Src/stm32f4xx_hal_spi.c ****   /* Wait until TXE flag is set */
3891:Drivers/STM32F4xx_HAL_Driver/Src/stm32f4xx_hal_spi.c ****   do
  55              		.loc 1 3891 3 is_stmt 1 view .LVU8
3892:Drivers/STM32F4xx_HAL_Driver/Src/stm32f4xx_hal_spi.c ****   {
3893:Drivers/STM32F4xx_HAL_Driver/Src/stm32f4xx_hal_spi.c ****     if (count == 0U)
  56              		.loc 1 3893 5 view .LVU9
  57              		.loc 1 3893 15 is_stmt 0 view .LVU10
  58 001a 009B     		ldr	r3, [sp]
  59              		.loc 1 3893 8 view .LVU11
  60 001c 43B1     		cbz	r3, .L6
3894:Drivers/STM32F4xx_HAL_Driver/Src/stm32f4xx_hal_spi.c ****     {
3895:Drivers/STM32F4xx_HAL_Driver/Src/stm32f4xx_hal_spi.c ****       SET_BIT(hspi->ErrorCode, HAL_SPI_ERROR_ABORT);
3896:Drivers/STM32F4xx_HAL_Driver/Src/stm32f4xx_hal_spi.c ****       break;
3897:Drivers/STM32F4xx_HAL_Driver/Src/stm32f4xx_hal_spi.c ****     }
3898:Drivers/STM32F4xx_HAL_Driver/Src/stm32f4xx_hal_spi.c ****     count--;
  61              		.loc 1 3898 5 is_stmt 1 view .LVU12
  62              		.loc 1 3898 10 is_stmt 0 view .LVU13
  63 001e 009B     		ldr	r3, [sp]
  64 0020 013B     		subs	r3, r3, #1
  65 0022 0093     		str	r3, [sp]
3899:Drivers/STM32F4xx_HAL_Driver/Src/stm32f4xx_hal_spi.c ****   } while ((hspi->Instance->SR & SPI_FLAG_TXE) == RESET);
  66              		.loc 1 3899 48 is_stmt 1 view .LVU14
  67              		.loc 1 3899 17 is_stmt 0 view .LVU15
  68 0024 0368     		ldr	r3, [r0]
  69              		.loc 1 3899 27 view .LVU16
  70 0026 9B68     		ldr	r3, [r3, #8]
  71              		.loc 1 3899 48 view .LVU17
  72 0028 13F0020F 		tst	r3, #2
  73 002c F5D0     		beq	.L4
  74 002e 03E0     		b	.L3
  75              	.L6:
3895:Drivers/STM32F4xx_HAL_Driver/Src/stm32f4xx_hal_spi.c ****       break;
  76              		.loc 1 3895 7 is_stmt 1 view .LVU18
  77 0030 436D     		ldr	r3, [r0, #84]
  78 0032 43F04003 		orr	r3, r3, #64
  79 0036 4365     		str	r3, [r0, #84]
3896:Drivers/STM32F4xx_HAL_Driver/Src/stm32f4xx_hal_spi.c ****     }
  80              		.loc 1 3896 7 view .LVU19
  81              	.L3:
3900:Drivers/STM32F4xx_HAL_Driver/Src/stm32f4xx_hal_spi.c **** 
3901:Drivers/STM32F4xx_HAL_Driver/Src/stm32f4xx_hal_spi.c ****   /* Disable SPI Peripheral */
3902:Drivers/STM32F4xx_HAL_Driver/Src/stm32f4xx_hal_spi.c ****   __HAL_SPI_DISABLE(hspi);
  82              		.loc 1 3902 3 view .LVU20
  83 0038 0268     		ldr	r2, [r0]
  84 003a 1368     		ldr	r3, [r2]
  85 003c 23F04003 		bic	r3, r3, #64
  86 0040 1360     		str	r3, [r2]
3903:Drivers/STM32F4xx_HAL_Driver/Src/stm32f4xx_hal_spi.c **** 
ARM GAS  /tmp/cci2ucsl.s 			page 71


3904:Drivers/STM32F4xx_HAL_Driver/Src/stm32f4xx_hal_spi.c ****   /* Disable TXEIE, RXNEIE and ERRIE(mode fault event, overrun error, TI frame error) interrupts */
3905:Drivers/STM32F4xx_HAL_Driver/Src/stm32f4xx_hal_spi.c ****   CLEAR_BIT(hspi->Instance->CR2, (SPI_CR2_TXEIE | SPI_CR2_RXNEIE | SPI_CR2_ERRIE));
  87              		.loc 1 3905 3 view .LVU21
  88 0042 0268     		ldr	r2, [r0]
  89 0044 5368     		ldr	r3, [r2, #4]
  90 0046 23F0E003 		bic	r3, r3, #224
  91 004a 5360     		str	r3, [r2, #4]
3906:Drivers/STM32F4xx_HAL_Driver/Src/stm32f4xx_hal_spi.c **** 
3907:Drivers/STM32F4xx_HAL_Driver/Src/stm32f4xx_hal_spi.c ****   /* Flush Data Register by a blank read */
3908:Drivers/STM32F4xx_HAL_Driver/Src/stm32f4xx_hal_spi.c ****   tmpreg = READ_REG(hspi->Instance->DR);
  92              		.loc 1 3908 3 view .LVU22
  93              		.loc 1 3908 12 is_stmt 0 view .LVU23
  94 004c 0368     		ldr	r3, [r0]
  95 004e DB68     		ldr	r3, [r3, #12]
  96              		.loc 1 3908 10 view .LVU24
  97 0050 0193     		str	r3, [sp, #4]
3909:Drivers/STM32F4xx_HAL_Driver/Src/stm32f4xx_hal_spi.c ****   /* To avoid GCC warning */
3910:Drivers/STM32F4xx_HAL_Driver/Src/stm32f4xx_hal_spi.c ****   UNUSED(tmpreg);
  98              		.loc 1 3910 3 is_stmt 1 view .LVU25
  99 0052 019B     		ldr	r3, [sp, #4]
3911:Drivers/STM32F4xx_HAL_Driver/Src/stm32f4xx_hal_spi.c **** 
3912:Drivers/STM32F4xx_HAL_Driver/Src/stm32f4xx_hal_spi.c ****   hspi->State = HAL_SPI_STATE_ABORT;
 100              		.loc 1 3912 3 view .LVU26
 101              		.loc 1 3912 15 is_stmt 0 view .LVU27
 102 0054 0723     		movs	r3, #7
 103 0056 80F85130 		strb	r3, [r0, #81]
3913:Drivers/STM32F4xx_HAL_Driver/Src/stm32f4xx_hal_spi.c **** }
 104              		.loc 1 3913 1 view .LVU28
 105 005a 02B0     		add	sp, sp, #8
 106              	.LCFI1:
 107              		.cfi_def_cfa_offset 0
 108              		@ sp needed
 109 005c 7047     		bx	lr
 110              	.L8:
 111 005e 00BF     		.align	2
 112              	.L7:
 113 0060 00000000 		.word	SystemCoreClock
 114 0064 F1197605 		.word	91625969
 115              		.cfi_endproc
 116              	.LFE273:
 118              		.section	.text.SPI_AbortTx_ISR,"ax",%progbits
 119              		.align	1
 120              		.syntax unified
 121              		.thumb
 122              		.thumb_func
 124              	SPI_AbortTx_ISR:
 125              	.LVL1:
 126              	.LFB274:
3914:Drivers/STM32F4xx_HAL_Driver/Src/stm32f4xx_hal_spi.c **** 
3915:Drivers/STM32F4xx_HAL_Driver/Src/stm32f4xx_hal_spi.c **** /**
3916:Drivers/STM32F4xx_HAL_Driver/Src/stm32f4xx_hal_spi.c ****   * @brief  Handle abort a Tx or Rx/Tx transaction.
3917:Drivers/STM32F4xx_HAL_Driver/Src/stm32f4xx_hal_spi.c ****   * @param  hspi pointer to a SPI_HandleTypeDef structure that contains
3918:Drivers/STM32F4xx_HAL_Driver/Src/stm32f4xx_hal_spi.c ****   *               the configuration information for SPI module.
3919:Drivers/STM32F4xx_HAL_Driver/Src/stm32f4xx_hal_spi.c ****   * @retval None
3920:Drivers/STM32F4xx_HAL_Driver/Src/stm32f4xx_hal_spi.c ****   */
3921:Drivers/STM32F4xx_HAL_Driver/Src/stm32f4xx_hal_spi.c **** static void SPI_AbortTx_ISR(SPI_HandleTypeDef *hspi)
3922:Drivers/STM32F4xx_HAL_Driver/Src/stm32f4xx_hal_spi.c **** {
ARM GAS  /tmp/cci2ucsl.s 			page 72


 127              		.loc 1 3922 1 is_stmt 1 view -0
 128              		.cfi_startproc
 129              		@ args = 0, pretend = 0, frame = 0
 130              		@ frame_needed = 0, uses_anonymous_args = 0
 131              		@ link register save eliminated.
3923:Drivers/STM32F4xx_HAL_Driver/Src/stm32f4xx_hal_spi.c ****   /* Disable TXEIE interrupt */
3924:Drivers/STM32F4xx_HAL_Driver/Src/stm32f4xx_hal_spi.c ****   CLEAR_BIT(hspi->Instance->CR2, (SPI_CR2_TXEIE));
 132              		.loc 1 3924 3 view .LVU30
 133 0000 0268     		ldr	r2, [r0]
 134 0002 5368     		ldr	r3, [r2, #4]
 135 0004 23F08003 		bic	r3, r3, #128
 136 0008 5360     		str	r3, [r2, #4]
3925:Drivers/STM32F4xx_HAL_Driver/Src/stm32f4xx_hal_spi.c **** 
3926:Drivers/STM32F4xx_HAL_Driver/Src/stm32f4xx_hal_spi.c ****   /* Disable SPI Peripheral */
3927:Drivers/STM32F4xx_HAL_Driver/Src/stm32f4xx_hal_spi.c ****   __HAL_SPI_DISABLE(hspi);
 137              		.loc 1 3927 3 view .LVU31
 138 000a 0268     		ldr	r2, [r0]
 139 000c 1368     		ldr	r3, [r2]
 140 000e 23F04003 		bic	r3, r3, #64
 141 0012 1360     		str	r3, [r2]
3928:Drivers/STM32F4xx_HAL_Driver/Src/stm32f4xx_hal_spi.c **** 
3929:Drivers/STM32F4xx_HAL_Driver/Src/stm32f4xx_hal_spi.c ****   hspi->State = HAL_SPI_STATE_ABORT;
 142              		.loc 1 3929 3 view .LVU32
 143              		.loc 1 3929 15 is_stmt 0 view .LVU33
 144 0014 0723     		movs	r3, #7
 145 0016 80F85130 		strb	r3, [r0, #81]
3930:Drivers/STM32F4xx_HAL_Driver/Src/stm32f4xx_hal_spi.c **** }
 146              		.loc 1 3930 1 view .LVU34
 147 001a 7047     		bx	lr
 148              		.cfi_endproc
 149              	.LFE274:
 151              		.section	.text.SPI_WaitFlagStateUntilTimeout,"ax",%progbits
 152              		.align	1
 153              		.syntax unified
 154              		.thumb
 155              		.thumb_func
 157              	SPI_WaitFlagStateUntilTimeout:
 158              	.LVL2:
 159              	.LFB267:
3499:Drivers/STM32F4xx_HAL_Driver/Src/stm32f4xx_hal_spi.c ****   __IO uint32_t count;
 160              		.loc 1 3499 1 is_stmt 1 view -0
 161              		.cfi_startproc
 162              		@ args = 4, pretend = 0, frame = 8
 163              		@ frame_needed = 0, uses_anonymous_args = 0
3499:Drivers/STM32F4xx_HAL_Driver/Src/stm32f4xx_hal_spi.c ****   __IO uint32_t count;
 164              		.loc 1 3499 1 is_stmt 0 view .LVU36
 165 0000 2DE9F043 		push	{r4, r5, r6, r7, r8, r9, lr}
 166              	.LCFI2:
 167              		.cfi_def_cfa_offset 28
 168              		.cfi_offset 4, -28
 169              		.cfi_offset 5, -24
 170              		.cfi_offset 6, -20
 171              		.cfi_offset 7, -16
 172              		.cfi_offset 8, -12
 173              		.cfi_offset 9, -8
 174              		.cfi_offset 14, -4
 175 0004 83B0     		sub	sp, sp, #12
ARM GAS  /tmp/cci2ucsl.s 			page 73


 176              	.LCFI3:
 177              		.cfi_def_cfa_offset 40
 178 0006 0446     		mov	r4, r0
 179 0008 0F46     		mov	r7, r1
 180 000a 1646     		mov	r6, r2
 181 000c 1D46     		mov	r5, r3
3500:Drivers/STM32F4xx_HAL_Driver/Src/stm32f4xx_hal_spi.c ****   uint32_t tmp_timeout;
 182              		.loc 1 3500 3 is_stmt 1 view .LVU37
3501:Drivers/STM32F4xx_HAL_Driver/Src/stm32f4xx_hal_spi.c ****   uint32_t tmp_tickstart;
 183              		.loc 1 3501 3 view .LVU38
3502:Drivers/STM32F4xx_HAL_Driver/Src/stm32f4xx_hal_spi.c **** 
 184              		.loc 1 3502 3 view .LVU39
3505:Drivers/STM32F4xx_HAL_Driver/Src/stm32f4xx_hal_spi.c ****   tmp_tickstart = HAL_GetTick();
 185              		.loc 1 3505 3 view .LVU40
3505:Drivers/STM32F4xx_HAL_Driver/Src/stm32f4xx_hal_spi.c ****   tmp_tickstart = HAL_GetTick();
 186              		.loc 1 3505 30 is_stmt 0 view .LVU41
 187 000e FFF7FEFF 		bl	HAL_GetTick
 188              	.LVL3:
3505:Drivers/STM32F4xx_HAL_Driver/Src/stm32f4xx_hal_spi.c ****   tmp_tickstart = HAL_GetTick();
 189              		.loc 1 3505 44 discriminator 1 view .LVU42
 190 0012 0A9B     		ldr	r3, [sp, #40]
 191 0014 1B1A     		subs	r3, r3, r0
3505:Drivers/STM32F4xx_HAL_Driver/Src/stm32f4xx_hal_spi.c ****   tmp_tickstart = HAL_GetTick();
 192              		.loc 1 3505 17 discriminator 1 view .LVU43
 193 0016 03EB0508 		add	r8, r3, r5
 194              	.LVL4:
3506:Drivers/STM32F4xx_HAL_Driver/Src/stm32f4xx_hal_spi.c **** 
 195              		.loc 1 3506 3 is_stmt 1 view .LVU44
3506:Drivers/STM32F4xx_HAL_Driver/Src/stm32f4xx_hal_spi.c **** 
 196              		.loc 1 3506 19 is_stmt 0 view .LVU45
 197 001a FFF7FEFF 		bl	HAL_GetTick
 198              	.LVL5:
 199 001e 8146     		mov	r9, r0
 200              	.LVL6:
3509:Drivers/STM32F4xx_HAL_Driver/Src/stm32f4xx_hal_spi.c **** 
 201              		.loc 1 3509 3 is_stmt 1 view .LVU46
3509:Drivers/STM32F4xx_HAL_Driver/Src/stm32f4xx_hal_spi.c **** 
 202              		.loc 1 3509 43 is_stmt 0 view .LVU47
 203 0020 284B     		ldr	r3, .L27
 204 0022 1B68     		ldr	r3, [r3]
3509:Drivers/STM32F4xx_HAL_Driver/Src/stm32f4xx_hal_spi.c **** 
 205              		.loc 1 3509 50 view .LVU48
 206 0024 C3F3CB33 		ubfx	r3, r3, #15, #12
3509:Drivers/STM32F4xx_HAL_Driver/Src/stm32f4xx_hal_spi.c **** 
 207              		.loc 1 3509 23 view .LVU49
 208 0028 08FB03F3 		mul	r3, r8, r3
3509:Drivers/STM32F4xx_HAL_Driver/Src/stm32f4xx_hal_spi.c **** 
 209              		.loc 1 3509 9 view .LVU50
 210 002c 0193     		str	r3, [sp, #4]
3511:Drivers/STM32F4xx_HAL_Driver/Src/stm32f4xx_hal_spi.c ****   {
 211              		.loc 1 3511 3 is_stmt 1 view .LVU51
 212              	.LVL7:
 213              	.L12:
3511:Drivers/STM32F4xx_HAL_Driver/Src/stm32f4xx_hal_spi.c ****   {
 214              		.loc 1 3511 57 discriminator 1 view .LVU52
3511:Drivers/STM32F4xx_HAL_Driver/Src/stm32f4xx_hal_spi.c ****   {
 215              		.loc 1 3511 11 is_stmt 0 discriminator 1 view .LVU53
ARM GAS  /tmp/cci2ucsl.s 			page 74


 216 002e 2368     		ldr	r3, [r4]
 217 0030 9B68     		ldr	r3, [r3, #8]
3511:Drivers/STM32F4xx_HAL_Driver/Src/stm32f4xx_hal_spi.c ****   {
 218              		.loc 1 3511 48 discriminator 1 view .LVU54
 219 0032 37EA0303 		bics	r3, r7, r3
 220 0036 0CBF     		ite	eq
 221 0038 0123     		moveq	r3, #1
 222 003a 0023     		movne	r3, #0
3511:Drivers/STM32F4xx_HAL_Driver/Src/stm32f4xx_hal_spi.c ****   {
 223              		.loc 1 3511 57 discriminator 1 view .LVU55
 224 003c B342     		cmp	r3, r6
 225 003e 3DD0     		beq	.L22
3513:Drivers/STM32F4xx_HAL_Driver/Src/stm32f4xx_hal_spi.c ****     {
 226              		.loc 1 3513 5 is_stmt 1 view .LVU56
3513:Drivers/STM32F4xx_HAL_Driver/Src/stm32f4xx_hal_spi.c ****     {
 227              		.loc 1 3513 8 is_stmt 0 view .LVU57
 228 0040 B5F1FF3F 		cmp	r5, #-1
 229 0044 F3D0     		beq	.L12
3515:Drivers/STM32F4xx_HAL_Driver/Src/stm32f4xx_hal_spi.c ****       {
 230              		.loc 1 3515 7 is_stmt 1 view .LVU58
3515:Drivers/STM32F4xx_HAL_Driver/Src/stm32f4xx_hal_spi.c ****       {
 231              		.loc 1 3515 13 is_stmt 0 view .LVU59
 232 0046 FFF7FEFF 		bl	HAL_GetTick
 233              	.LVL8:
3515:Drivers/STM32F4xx_HAL_Driver/Src/stm32f4xx_hal_spi.c ****       {
 234              		.loc 1 3515 27 discriminator 1 view .LVU60
 235 004a 4B46     		mov	r3, r9
 236 004c C01A     		subs	r0, r0, r3
3515:Drivers/STM32F4xx_HAL_Driver/Src/stm32f4xx_hal_spi.c ****       {
 237              		.loc 1 3515 10 discriminator 1 view .LVU61
 238 004e 4045     		cmp	r0, r8
 239 0050 03D2     		bcs	.L23
 240              	.LVL9:
3545:Drivers/STM32F4xx_HAL_Driver/Src/stm32f4xx_hal_spi.c ****       {
 241              		.loc 1 3545 7 is_stmt 1 view .LVU62
3545:Drivers/STM32F4xx_HAL_Driver/Src/stm32f4xx_hal_spi.c ****       {
 242              		.loc 1 3545 17 is_stmt 0 view .LVU63
 243 0052 019B     		ldr	r3, [sp, #4]
 244              	.LVL10:
3545:Drivers/STM32F4xx_HAL_Driver/Src/stm32f4xx_hal_spi.c ****       {
 245              		.loc 1 3545 10 view .LVU64
 246 0054 73BB     		cbnz	r3, .L24
3547:Drivers/STM32F4xx_HAL_Driver/Src/stm32f4xx_hal_spi.c ****       }
 247              		.loc 1 3547 21 view .LVU65
 248 0056 9846     		mov	r8, r3
 249              	.LVL11:
3547:Drivers/STM32F4xx_HAL_Driver/Src/stm32f4xx_hal_spi.c ****       }
 250              		.loc 1 3547 21 view .LVU66
 251 0058 E9E7     		b	.L12
 252              	.LVL12:
 253              	.L23:
3522:Drivers/STM32F4xx_HAL_Driver/Src/stm32f4xx_hal_spi.c **** 
 254              		.loc 1 3522 9 is_stmt 1 view .LVU67
 255 005a 2268     		ldr	r2, [r4]
 256 005c 5368     		ldr	r3, [r2, #4]
 257              	.LVL13:
3522:Drivers/STM32F4xx_HAL_Driver/Src/stm32f4xx_hal_spi.c **** 
ARM GAS  /tmp/cci2ucsl.s 			page 75


 258              		.loc 1 3522 9 is_stmt 0 view .LVU68
 259 005e 23F0E003 		bic	r3, r3, #224
 260 0062 5360     		str	r3, [r2, #4]
3524:Drivers/STM32F4xx_HAL_Driver/Src/stm32f4xx_hal_spi.c ****                                                      || (hspi->Init.Direction == SPI_DIRECTION_2LIN
 261              		.loc 1 3524 9 is_stmt 1 view .LVU69
3524:Drivers/STM32F4xx_HAL_Driver/Src/stm32f4xx_hal_spi.c ****                                                      || (hspi->Init.Direction == SPI_DIRECTION_2LIN
 262              		.loc 1 3524 24 is_stmt 0 view .LVU70
 263 0064 6368     		ldr	r3, [r4, #4]
3524:Drivers/STM32F4xx_HAL_Driver/Src/stm32f4xx_hal_spi.c ****                                                      || (hspi->Init.Direction == SPI_DIRECTION_2LIN
 264              		.loc 1 3524 12 view .LVU71
 265 0066 B3F5827F 		cmp	r3, #260
 266 006a 0BD0     		beq	.L25
 267              	.L14:
3532:Drivers/STM32F4xx_HAL_Driver/Src/stm32f4xx_hal_spi.c ****         {
 268              		.loc 1 3532 9 is_stmt 1 view .LVU72
3532:Drivers/STM32F4xx_HAL_Driver/Src/stm32f4xx_hal_spi.c ****         {
 269              		.loc 1 3532 23 is_stmt 0 view .LVU73
 270 006c A36A     		ldr	r3, [r4, #40]
3532:Drivers/STM32F4xx_HAL_Driver/Src/stm32f4xx_hal_spi.c ****         {
 271              		.loc 1 3532 12 view .LVU74
 272 006e B3F5005F 		cmp	r3, #8192
 273 0072 14D0     		beq	.L26
 274              	.L16:
3534:Drivers/STM32F4xx_HAL_Driver/Src/stm32f4xx_hal_spi.c ****         }
 275              		.loc 1 3534 11 is_stmt 1 discriminator 1 view .LVU75
3537:Drivers/STM32F4xx_HAL_Driver/Src/stm32f4xx_hal_spi.c **** 
 276              		.loc 1 3537 9 view .LVU76
3537:Drivers/STM32F4xx_HAL_Driver/Src/stm32f4xx_hal_spi.c **** 
 277              		.loc 1 3537 21 is_stmt 0 view .LVU77
 278 0074 0123     		movs	r3, #1
 279 0076 84F85130 		strb	r3, [r4, #81]
3540:Drivers/STM32F4xx_HAL_Driver/Src/stm32f4xx_hal_spi.c **** 
 280              		.loc 1 3540 9 is_stmt 1 view .LVU78
3540:Drivers/STM32F4xx_HAL_Driver/Src/stm32f4xx_hal_spi.c **** 
 281              		.loc 1 3540 9 view .LVU79
 282 007a 0023     		movs	r3, #0
 283 007c 84F85030 		strb	r3, [r4, #80]
3540:Drivers/STM32F4xx_HAL_Driver/Src/stm32f4xx_hal_spi.c **** 
 284              		.loc 1 3540 9 view .LVU80
3542:Drivers/STM32F4xx_HAL_Driver/Src/stm32f4xx_hal_spi.c ****       }
 285              		.loc 1 3542 9 view .LVU81
3542:Drivers/STM32F4xx_HAL_Driver/Src/stm32f4xx_hal_spi.c ****       }
 286              		.loc 1 3542 16 is_stmt 0 view .LVU82
 287 0080 0320     		movs	r0, #3
 288 0082 1CE0     		b	.L17
 289              	.L25:
3524:Drivers/STM32F4xx_HAL_Driver/Src/stm32f4xx_hal_spi.c ****                                                      || (hspi->Init.Direction == SPI_DIRECTION_2LIN
 290              		.loc 1 3524 65 discriminator 1 view .LVU83
 291 0084 A368     		ldr	r3, [r4, #8]
3524:Drivers/STM32F4xx_HAL_Driver/Src/stm32f4xx_hal_spi.c ****                                                      || (hspi->Init.Direction == SPI_DIRECTION_2LIN
 292              		.loc 1 3524 50 discriminator 1 view .LVU84
 293 0086 B3F5004F 		cmp	r3, #32768
 294 008a 02D0     		beq	.L15
3525:Drivers/STM32F4xx_HAL_Driver/Src/stm32f4xx_hal_spi.c ****         {
 295              		.loc 1 3525 54 view .LVU85
 296 008c B3F5806F 		cmp	r3, #1024
 297 0090 ECD1     		bne	.L14
ARM GAS  /tmp/cci2ucsl.s 			page 76


 298              	.L15:
3528:Drivers/STM32F4xx_HAL_Driver/Src/stm32f4xx_hal_spi.c ****         }
 299              		.loc 1 3528 11 is_stmt 1 view .LVU86
 300 0092 2268     		ldr	r2, [r4]
 301 0094 1368     		ldr	r3, [r2]
 302 0096 23F04003 		bic	r3, r3, #64
 303 009a 1360     		str	r3, [r2]
 304 009c E6E7     		b	.L14
 305              	.L26:
3534:Drivers/STM32F4xx_HAL_Driver/Src/stm32f4xx_hal_spi.c ****         }
 306              		.loc 1 3534 11 view .LVU87
3534:Drivers/STM32F4xx_HAL_Driver/Src/stm32f4xx_hal_spi.c ****         }
 307              		.loc 1 3534 11 view .LVU88
 308 009e 2268     		ldr	r2, [r4]
 309 00a0 1368     		ldr	r3, [r2]
 310 00a2 23F40053 		bic	r3, r3, #8192
 311 00a6 1360     		str	r3, [r2]
3534:Drivers/STM32F4xx_HAL_Driver/Src/stm32f4xx_hal_spi.c ****         }
 312              		.loc 1 3534 11 view .LVU89
 313 00a8 2268     		ldr	r2, [r4]
 314 00aa 1368     		ldr	r3, [r2]
 315 00ac 43F40053 		orr	r3, r3, #8192
 316 00b0 1360     		str	r3, [r2]
 317 00b2 DFE7     		b	.L16
 318              	.L24:
3551:Drivers/STM32F4xx_HAL_Driver/Src/stm32f4xx_hal_spi.c ****       }
 319              		.loc 1 3551 9 view .LVU90
3551:Drivers/STM32F4xx_HAL_Driver/Src/stm32f4xx_hal_spi.c ****       }
 320              		.loc 1 3551 14 is_stmt 0 view .LVU91
 321 00b4 019B     		ldr	r3, [sp, #4]
 322 00b6 013B     		subs	r3, r3, #1
 323 00b8 0193     		str	r3, [sp, #4]
 324 00ba B8E7     		b	.L12
 325              	.L22:
3556:Drivers/STM32F4xx_HAL_Driver/Src/stm32f4xx_hal_spi.c **** }
 326              		.loc 1 3556 10 view .LVU92
 327 00bc 0020     		movs	r0, #0
 328              	.L17:
3557:Drivers/STM32F4xx_HAL_Driver/Src/stm32f4xx_hal_spi.c **** 
 329              		.loc 1 3557 1 view .LVU93
 330 00be 03B0     		add	sp, sp, #12
 331              	.LCFI4:
 332              		.cfi_def_cfa_offset 28
 333              		@ sp needed
 334 00c0 BDE8F083 		pop	{r4, r5, r6, r7, r8, r9, pc}
 335              	.LVL14:
 336              	.L28:
3557:Drivers/STM32F4xx_HAL_Driver/Src/stm32f4xx_hal_spi.c **** 
 337              		.loc 1 3557 1 view .LVU94
 338              		.align	2
 339              	.L27:
 340 00c4 00000000 		.word	SystemCoreClock
 341              		.cfi_endproc
 342              	.LFE267:
 344              		.section	.text.SPI_EndRxTxTransaction,"ax",%progbits
 345              		.align	1
 346              		.syntax unified
ARM GAS  /tmp/cci2ucsl.s 			page 77


 347              		.thumb
 348              		.thumb_func
 350              	SPI_EndRxTxTransaction:
 351              	.LVL15:
 352              	.LFB269:
3618:Drivers/STM32F4xx_HAL_Driver/Src/stm32f4xx_hal_spi.c ****   __IO uint32_t count;
 353              		.loc 1 3618 1 is_stmt 1 view -0
 354              		.cfi_startproc
 355              		@ args = 0, pretend = 0, frame = 8
 356              		@ frame_needed = 0, uses_anonymous_args = 0
3618:Drivers/STM32F4xx_HAL_Driver/Src/stm32f4xx_hal_spi.c ****   __IO uint32_t count;
 357              		.loc 1 3618 1 is_stmt 0 view .LVU96
 358 0000 70B5     		push	{r4, r5, r6, lr}
 359              	.LCFI5:
 360              		.cfi_def_cfa_offset 16
 361              		.cfi_offset 4, -16
 362              		.cfi_offset 5, -12
 363              		.cfi_offset 6, -8
 364              		.cfi_offset 14, -4
 365 0002 84B0     		sub	sp, sp, #16
 366              	.LCFI6:
 367              		.cfi_def_cfa_offset 32
 368 0004 0446     		mov	r4, r0
 369 0006 0B46     		mov	r3, r1
 370 0008 0D46     		mov	r5, r1
 371 000a 1646     		mov	r6, r2
3619:Drivers/STM32F4xx_HAL_Driver/Src/stm32f4xx_hal_spi.c **** 
 372              		.loc 1 3619 3 is_stmt 1 view .LVU97
3622:Drivers/STM32F4xx_HAL_Driver/Src/stm32f4xx_hal_spi.c ****   {
 373              		.loc 1 3622 3 view .LVU98
3622:Drivers/STM32F4xx_HAL_Driver/Src/stm32f4xx_hal_spi.c ****   {
 374              		.loc 1 3622 7 is_stmt 0 view .LVU99
 375 000c 0092     		str	r2, [sp]
 376 000e 0122     		movs	r2, #1
 377              	.LVL16:
3622:Drivers/STM32F4xx_HAL_Driver/Src/stm32f4xx_hal_spi.c ****   {
 378              		.loc 1 3622 7 view .LVU100
 379 0010 0221     		movs	r1, #2
 380              	.LVL17:
3622:Drivers/STM32F4xx_HAL_Driver/Src/stm32f4xx_hal_spi.c ****   {
 381              		.loc 1 3622 7 view .LVU101
 382 0012 FFF7FEFF 		bl	SPI_WaitFlagStateUntilTimeout
 383              	.LVL18:
3622:Drivers/STM32F4xx_HAL_Driver/Src/stm32f4xx_hal_spi.c ****   {
 384              		.loc 1 3622 6 discriminator 1 view .LVU102
 385 0016 D0B9     		cbnz	r0, .L37
3629:Drivers/STM32F4xx_HAL_Driver/Src/stm32f4xx_hal_spi.c ****   /* Erratasheet: BSY bit may stay high at the end of a data transfer in Slave mode */
 386              		.loc 1 3629 3 is_stmt 1 view .LVU103
3629:Drivers/STM32F4xx_HAL_Driver/Src/stm32f4xx_hal_spi.c ****   /* Erratasheet: BSY bit may stay high at the end of a data transfer in Slave mode */
 387              		.loc 1 3629 68 is_stmt 0 view .LVU104
 388 0018 174B     		ldr	r3, .L39
 389 001a 1B68     		ldr	r3, [r3]
 390 001c 174A     		ldr	r2, .L39+4
 391 001e A2FB0323 		umull	r2, r3, r2, r3
 392 0022 5B0D     		lsrs	r3, r3, #21
3629:Drivers/STM32F4xx_HAL_Driver/Src/stm32f4xx_hal_spi.c ****   /* Erratasheet: BSY bit may stay high at the end of a data transfer in Slave mode */
 393              		.loc 1 3629 43 view .LVU105
ARM GAS  /tmp/cci2ucsl.s 			page 78


 394 0024 4FF47A72 		mov	r2, #1000
 395 0028 02FB03F3 		mul	r3, r2, r3
3629:Drivers/STM32F4xx_HAL_Driver/Src/stm32f4xx_hal_spi.c ****   /* Erratasheet: BSY bit may stay high at the end of a data transfer in Slave mode */
 396              		.loc 1 3629 9 view .LVU106
 397 002c 0393     		str	r3, [sp, #12]
3631:Drivers/STM32F4xx_HAL_Driver/Src/stm32f4xx_hal_spi.c ****   {
 398              		.loc 1 3631 3 is_stmt 1 view .LVU107
3631:Drivers/STM32F4xx_HAL_Driver/Src/stm32f4xx_hal_spi.c ****   {
 399              		.loc 1 3631 17 is_stmt 0 view .LVU108
 400 002e 6368     		ldr	r3, [r4, #4]
3631:Drivers/STM32F4xx_HAL_Driver/Src/stm32f4xx_hal_spi.c ****   {
 401              		.loc 1 3631 6 view .LVU109
 402 0030 B3F5827F 		cmp	r3, #260
 403 0034 11D0     		beq	.L38
 404              	.L32:
3647:Drivers/STM32F4xx_HAL_Driver/Src/stm32f4xx_hal_spi.c ****     {
 405              		.loc 1 3647 5 is_stmt 1 view .LVU110
3649:Drivers/STM32F4xx_HAL_Driver/Src/stm32f4xx_hal_spi.c ****       {
 406              		.loc 1 3649 7 view .LVU111
3649:Drivers/STM32F4xx_HAL_Driver/Src/stm32f4xx_hal_spi.c ****       {
 407              		.loc 1 3649 17 is_stmt 0 view .LVU112
 408 0036 039B     		ldr	r3, [sp, #12]
3649:Drivers/STM32F4xx_HAL_Driver/Src/stm32f4xx_hal_spi.c ****       {
 409              		.loc 1 3649 10 view .LVU113
 410 0038 3BB1     		cbz	r3, .L31
3653:Drivers/STM32F4xx_HAL_Driver/Src/stm32f4xx_hal_spi.c ****     } while (__HAL_SPI_GET_FLAG(hspi, SPI_FLAG_BSY) != RESET);
 411              		.loc 1 3653 7 is_stmt 1 view .LVU114
3653:Drivers/STM32F4xx_HAL_Driver/Src/stm32f4xx_hal_spi.c ****     } while (__HAL_SPI_GET_FLAG(hspi, SPI_FLAG_BSY) != RESET);
 412              		.loc 1 3653 12 is_stmt 0 view .LVU115
 413 003a 039B     		ldr	r3, [sp, #12]
 414 003c 013B     		subs	r3, r3, #1
 415 003e 0393     		str	r3, [sp, #12]
3654:Drivers/STM32F4xx_HAL_Driver/Src/stm32f4xx_hal_spi.c ****   }
 416              		.loc 1 3654 53 is_stmt 1 view .LVU116
3654:Drivers/STM32F4xx_HAL_Driver/Src/stm32f4xx_hal_spi.c ****   }
 417              		.loc 1 3654 14 is_stmt 0 view .LVU117
 418 0040 2368     		ldr	r3, [r4]
 419 0042 9B68     		ldr	r3, [r3, #8]
3654:Drivers/STM32F4xx_HAL_Driver/Src/stm32f4xx_hal_spi.c ****   }
 420              		.loc 1 3654 53 view .LVU118
 421 0044 13F0800F 		tst	r3, #128
 422 0048 F5D1     		bne	.L32
 423              	.L31:
3658:Drivers/STM32F4xx_HAL_Driver/Src/stm32f4xx_hal_spi.c **** 
 424              		.loc 1 3658 1 view .LVU119
 425 004a 04B0     		add	sp, sp, #16
 426              	.LCFI7:
 427              		.cfi_remember_state
 428              		.cfi_def_cfa_offset 16
 429              		@ sp needed
 430 004c 70BD     		pop	{r4, r5, r6, pc}
 431              	.LVL19:
 432              	.L37:
 433              	.LCFI8:
 434              		.cfi_restore_state
3624:Drivers/STM32F4xx_HAL_Driver/Src/stm32f4xx_hal_spi.c ****     return HAL_TIMEOUT;
 435              		.loc 1 3624 5 is_stmt 1 view .LVU120
ARM GAS  /tmp/cci2ucsl.s 			page 79


 436 004e 636D     		ldr	r3, [r4, #84]
 437 0050 43F02003 		orr	r3, r3, #32
 438 0054 6365     		str	r3, [r4, #84]
3625:Drivers/STM32F4xx_HAL_Driver/Src/stm32f4xx_hal_spi.c ****   }
 439              		.loc 1 3625 5 view .LVU121
 440              	.L33:
3625:Drivers/STM32F4xx_HAL_Driver/Src/stm32f4xx_hal_spi.c ****   }
 441              		.loc 1 3625 12 is_stmt 0 view .LVU122
 442 0056 0320     		movs	r0, #3
 443 0058 F7E7     		b	.L31
 444              	.L38:
3634:Drivers/STM32F4xx_HAL_Driver/Src/stm32f4xx_hal_spi.c ****     {
 445              		.loc 1 3634 5 is_stmt 1 view .LVU123
3634:Drivers/STM32F4xx_HAL_Driver/Src/stm32f4xx_hal_spi.c ****     {
 446              		.loc 1 3634 9 is_stmt 0 view .LVU124
 447 005a 0096     		str	r6, [sp]
 448 005c 2B46     		mov	r3, r5
 449 005e 0022     		movs	r2, #0
 450 0060 8021     		movs	r1, #128
 451 0062 2046     		mov	r0, r4
 452 0064 FFF7FEFF 		bl	SPI_WaitFlagStateUntilTimeout
 453              	.LVL20:
3634:Drivers/STM32F4xx_HAL_Driver/Src/stm32f4xx_hal_spi.c ****     {
 454              		.loc 1 3634 8 discriminator 1 view .LVU125
 455 0068 0028     		cmp	r0, #0
 456 006a EED0     		beq	.L31
3636:Drivers/STM32F4xx_HAL_Driver/Src/stm32f4xx_hal_spi.c ****       return HAL_TIMEOUT;
 457              		.loc 1 3636 7 is_stmt 1 view .LVU126
 458 006c 636D     		ldr	r3, [r4, #84]
 459 006e 43F02003 		orr	r3, r3, #32
 460 0072 6365     		str	r3, [r4, #84]
3637:Drivers/STM32F4xx_HAL_Driver/Src/stm32f4xx_hal_spi.c ****     }
 461              		.loc 1 3637 7 view .LVU127
3637:Drivers/STM32F4xx_HAL_Driver/Src/stm32f4xx_hal_spi.c ****     }
 462              		.loc 1 3637 14 is_stmt 0 view .LVU128
 463 0074 EFE7     		b	.L33
 464              	.L40:
 465 0076 00BF     		.align	2
 466              	.L39:
 467 0078 00000000 		.word	SystemCoreClock
 468 007c 819F5E16 		.word	375299969
 469              		.cfi_endproc
 470              	.LFE269:
 472              		.section	.text.SPI_EndRxTransaction,"ax",%progbits
 473              		.align	1
 474              		.syntax unified
 475              		.thumb
 476              		.thumb_func
 478              	SPI_EndRxTransaction:
 479              	.LVL21:
 480              	.LFB268:
3568:Drivers/STM32F4xx_HAL_Driver/Src/stm32f4xx_hal_spi.c ****   if ((hspi->Init.Mode == SPI_MODE_MASTER) && ((hspi->Init.Direction == SPI_DIRECTION_1LINE)
 481              		.loc 1 3568 1 is_stmt 1 view -0
 482              		.cfi_startproc
 483              		@ args = 0, pretend = 0, frame = 0
 484              		@ frame_needed = 0, uses_anonymous_args = 0
3568:Drivers/STM32F4xx_HAL_Driver/Src/stm32f4xx_hal_spi.c ****   if ((hspi->Init.Mode == SPI_MODE_MASTER) && ((hspi->Init.Direction == SPI_DIRECTION_1LINE)
ARM GAS  /tmp/cci2ucsl.s 			page 80


 485              		.loc 1 3568 1 is_stmt 0 view .LVU130
 486 0000 10B5     		push	{r4, lr}
 487              	.LCFI9:
 488              		.cfi_def_cfa_offset 8
 489              		.cfi_offset 4, -8
 490              		.cfi_offset 14, -4
 491 0002 82B0     		sub	sp, sp, #8
 492              	.LCFI10:
 493              		.cfi_def_cfa_offset 16
 494 0004 0446     		mov	r4, r0
 495 0006 0B46     		mov	r3, r1
3569:Drivers/STM32F4xx_HAL_Driver/Src/stm32f4xx_hal_spi.c ****                                                || (hspi->Init.Direction == SPI_DIRECTION_2LINES_RXO
 496              		.loc 1 3569 3 is_stmt 1 view .LVU131
3569:Drivers/STM32F4xx_HAL_Driver/Src/stm32f4xx_hal_spi.c ****                                                || (hspi->Init.Direction == SPI_DIRECTION_2LINES_RXO
 497              		.loc 1 3569 18 is_stmt 0 view .LVU132
 498 0008 4168     		ldr	r1, [r0, #4]
 499              	.LVL22:
3569:Drivers/STM32F4xx_HAL_Driver/Src/stm32f4xx_hal_spi.c ****                                                || (hspi->Init.Direction == SPI_DIRECTION_2LINES_RXO
 500              		.loc 1 3569 6 view .LVU133
 501 000a B1F5827F 		cmp	r1, #260
 502 000e 13D0     		beq	.L49
 503              	.LVL23:
 504              	.L42:
3577:Drivers/STM32F4xx_HAL_Driver/Src/stm32f4xx_hal_spi.c ****   {
 505              		.loc 1 3577 3 is_stmt 1 view .LVU134
3577:Drivers/STM32F4xx_HAL_Driver/Src/stm32f4xx_hal_spi.c ****   {
 506              		.loc 1 3577 17 is_stmt 0 view .LVU135
 507 0010 6168     		ldr	r1, [r4, #4]
3577:Drivers/STM32F4xx_HAL_Driver/Src/stm32f4xx_hal_spi.c ****   {
 508              		.loc 1 3577 6 view .LVU136
 509 0012 B1F5827F 		cmp	r1, #260
 510 0016 28D1     		bne	.L44
3579:Drivers/STM32F4xx_HAL_Driver/Src/stm32f4xx_hal_spi.c ****     {
 511              		.loc 1 3579 5 is_stmt 1 view .LVU137
3579:Drivers/STM32F4xx_HAL_Driver/Src/stm32f4xx_hal_spi.c ****     {
 512              		.loc 1 3579 19 is_stmt 0 view .LVU138
 513 0018 A168     		ldr	r1, [r4, #8]
3579:Drivers/STM32F4xx_HAL_Driver/Src/stm32f4xx_hal_spi.c ****     {
 514              		.loc 1 3579 8 view .LVU139
 515 001a B1F5806F 		cmp	r1, #1024
 516 001e 18D0     		beq	.L45
3582:Drivers/STM32F4xx_HAL_Driver/Src/stm32f4xx_hal_spi.c ****       {
 517              		.loc 1 3582 7 is_stmt 1 view .LVU140
3582:Drivers/STM32F4xx_HAL_Driver/Src/stm32f4xx_hal_spi.c ****       {
 518              		.loc 1 3582 11 is_stmt 0 view .LVU141
 519 0020 0092     		str	r2, [sp]
 520 0022 0022     		movs	r2, #0
 521              	.LVL24:
3582:Drivers/STM32F4xx_HAL_Driver/Src/stm32f4xx_hal_spi.c ****       {
 522              		.loc 1 3582 11 view .LVU142
 523 0024 8021     		movs	r1, #128
 524 0026 2046     		mov	r0, r4
 525 0028 FFF7FEFF 		bl	SPI_WaitFlagStateUntilTimeout
 526              	.LVL25:
3582:Drivers/STM32F4xx_HAL_Driver/Src/stm32f4xx_hal_spi.c ****       {
 527              		.loc 1 3582 10 discriminator 1 view .LVU143
 528 002c 20B3     		cbz	r0, .L46
ARM GAS  /tmp/cci2ucsl.s 			page 81


3584:Drivers/STM32F4xx_HAL_Driver/Src/stm32f4xx_hal_spi.c ****         return HAL_TIMEOUT;
 529              		.loc 1 3584 9 is_stmt 1 view .LVU144
 530 002e 636D     		ldr	r3, [r4, #84]
 531 0030 43F02003 		orr	r3, r3, #32
 532 0034 6365     		str	r3, [r4, #84]
3585:Drivers/STM32F4xx_HAL_Driver/Src/stm32f4xx_hal_spi.c ****       }
 533              		.loc 1 3585 9 view .LVU145
3585:Drivers/STM32F4xx_HAL_Driver/Src/stm32f4xx_hal_spi.c ****       }
 534              		.loc 1 3585 16 is_stmt 0 view .LVU146
 535 0036 25E0     		b	.L47
 536              	.LVL26:
 537              	.L49:
3569:Drivers/STM32F4xx_HAL_Driver/Src/stm32f4xx_hal_spi.c ****                                                || (hspi->Init.Direction == SPI_DIRECTION_2LINES_RXO
 538              		.loc 1 3569 59 discriminator 1 view .LVU147
 539 0038 8168     		ldr	r1, [r0, #8]
3569:Drivers/STM32F4xx_HAL_Driver/Src/stm32f4xx_hal_spi.c ****                                                || (hspi->Init.Direction == SPI_DIRECTION_2LINES_RXO
 540              		.loc 1 3569 44 discriminator 1 view .LVU148
 541 003a B1F5004F 		cmp	r1, #32768
 542 003e 02D0     		beq	.L43
3570:Drivers/STM32F4xx_HAL_Driver/Src/stm32f4xx_hal_spi.c ****   {
 543              		.loc 1 3570 48 view .LVU149
 544 0040 B1F5806F 		cmp	r1, #1024
 545 0044 E4D1     		bne	.L42
 546              	.L43:
3573:Drivers/STM32F4xx_HAL_Driver/Src/stm32f4xx_hal_spi.c ****   }
 547              		.loc 1 3573 5 is_stmt 1 view .LVU150
 548 0046 2068     		ldr	r0, [r4]
 549              	.LVL27:
3573:Drivers/STM32F4xx_HAL_Driver/Src/stm32f4xx_hal_spi.c ****   }
 550              		.loc 1 3573 5 is_stmt 0 view .LVU151
 551 0048 0168     		ldr	r1, [r0]
 552 004a 21F04001 		bic	r1, r1, #64
 553 004e 0160     		str	r1, [r0]
 554 0050 DEE7     		b	.L42
 555              	.L45:
3591:Drivers/STM32F4xx_HAL_Driver/Src/stm32f4xx_hal_spi.c ****       {
 556              		.loc 1 3591 7 is_stmt 1 view .LVU152
3591:Drivers/STM32F4xx_HAL_Driver/Src/stm32f4xx_hal_spi.c ****       {
 557              		.loc 1 3591 11 is_stmt 0 view .LVU153
 558 0052 0092     		str	r2, [sp]
 559 0054 0022     		movs	r2, #0
 560              	.LVL28:
3591:Drivers/STM32F4xx_HAL_Driver/Src/stm32f4xx_hal_spi.c ****       {
 561              		.loc 1 3591 11 view .LVU154
 562 0056 0121     		movs	r1, #1
 563 0058 2046     		mov	r0, r4
 564 005a FFF7FEFF 		bl	SPI_WaitFlagStateUntilTimeout
 565              	.LVL29:
3591:Drivers/STM32F4xx_HAL_Driver/Src/stm32f4xx_hal_spi.c ****       {
 566              		.loc 1 3591 10 discriminator 1 view .LVU155
 567 005e 58B1     		cbz	r0, .L46
3593:Drivers/STM32F4xx_HAL_Driver/Src/stm32f4xx_hal_spi.c ****         return HAL_TIMEOUT;
 568              		.loc 1 3593 9 is_stmt 1 view .LVU156
 569 0060 636D     		ldr	r3, [r4, #84]
 570 0062 43F02003 		orr	r3, r3, #32
 571 0066 6365     		str	r3, [r4, #84]
3594:Drivers/STM32F4xx_HAL_Driver/Src/stm32f4xx_hal_spi.c ****       }
ARM GAS  /tmp/cci2ucsl.s 			page 82


 572              		.loc 1 3594 9 view .LVU157
3594:Drivers/STM32F4xx_HAL_Driver/Src/stm32f4xx_hal_spi.c ****       }
 573              		.loc 1 3594 16 is_stmt 0 view .LVU158
 574 0068 0CE0     		b	.L47
 575              	.LVL30:
 576              	.L44:
3601:Drivers/STM32F4xx_HAL_Driver/Src/stm32f4xx_hal_spi.c ****     {
 577              		.loc 1 3601 5 is_stmt 1 view .LVU159
3601:Drivers/STM32F4xx_HAL_Driver/Src/stm32f4xx_hal_spi.c ****     {
 578              		.loc 1 3601 9 is_stmt 0 view .LVU160
 579 006a 0092     		str	r2, [sp]
 580 006c 0022     		movs	r2, #0
 581              	.LVL31:
3601:Drivers/STM32F4xx_HAL_Driver/Src/stm32f4xx_hal_spi.c ****     {
 582              		.loc 1 3601 9 view .LVU161
 583 006e 0121     		movs	r1, #1
 584 0070 2046     		mov	r0, r4
 585 0072 FFF7FEFF 		bl	SPI_WaitFlagStateUntilTimeout
 586              	.LVL32:
3601:Drivers/STM32F4xx_HAL_Driver/Src/stm32f4xx_hal_spi.c ****     {
 587              		.loc 1 3601 8 discriminator 1 view .LVU162
 588 0076 08B9     		cbnz	r0, .L50
 589              	.L46:
3608:Drivers/STM32F4xx_HAL_Driver/Src/stm32f4xx_hal_spi.c **** 
 590              		.loc 1 3608 1 view .LVU163
 591 0078 02B0     		add	sp, sp, #8
 592              	.LCFI11:
 593              		.cfi_remember_state
 594              		.cfi_def_cfa_offset 8
 595              		@ sp needed
 596 007a 10BD     		pop	{r4, pc}
 597              	.LVL33:
 598              	.L50:
 599              	.LCFI12:
 600              		.cfi_restore_state
3603:Drivers/STM32F4xx_HAL_Driver/Src/stm32f4xx_hal_spi.c ****       return HAL_TIMEOUT;
 601              		.loc 1 3603 7 is_stmt 1 view .LVU164
 602 007c 636D     		ldr	r3, [r4, #84]
 603 007e 43F02003 		orr	r3, r3, #32
 604 0082 6365     		str	r3, [r4, #84]
3604:Drivers/STM32F4xx_HAL_Driver/Src/stm32f4xx_hal_spi.c ****     }
 605              		.loc 1 3604 7 view .LVU165
 606              	.L47:
3585:Drivers/STM32F4xx_HAL_Driver/Src/stm32f4xx_hal_spi.c ****       }
 607              		.loc 1 3585 16 is_stmt 0 view .LVU166
 608 0084 0320     		movs	r0, #3
 609 0086 F7E7     		b	.L46
 610              		.cfi_endproc
 611              	.LFE268:
 613              		.section	.text.HAL_SPI_MspInit,"ax",%progbits
 614              		.align	1
 615              		.weak	HAL_SPI_MspInit
 616              		.syntax unified
 617              		.thumb
 618              		.thumb_func
 620              	HAL_SPI_MspInit:
 621              	.LVL34:
ARM GAS  /tmp/cci2ucsl.s 			page 83


 622              	.LFB222:
 484:Drivers/STM32F4xx_HAL_Driver/Src/stm32f4xx_hal_spi.c ****   /* Prevent unused argument(s) compilation warning */
 623              		.loc 1 484 1 is_stmt 1 view -0
 624              		.cfi_startproc
 625              		@ args = 0, pretend = 0, frame = 0
 626              		@ frame_needed = 0, uses_anonymous_args = 0
 627              		@ link register save eliminated.
 486:Drivers/STM32F4xx_HAL_Driver/Src/stm32f4xx_hal_spi.c **** 
 628              		.loc 1 486 3 view .LVU168
 491:Drivers/STM32F4xx_HAL_Driver/Src/stm32f4xx_hal_spi.c **** 
 629              		.loc 1 491 1 is_stmt 0 view .LVU169
 630 0000 7047     		bx	lr
 631              		.cfi_endproc
 632              	.LFE222:
 634              		.section	.text.HAL_SPI_Init,"ax",%progbits
 635              		.align	1
 636              		.global	HAL_SPI_Init
 637              		.syntax unified
 638              		.thumb
 639              		.thumb_func
 641              	HAL_SPI_Init:
 642              	.LVL35:
 643              	.LFB220:
 314:Drivers/STM32F4xx_HAL_Driver/Src/stm32f4xx_hal_spi.c ****   /* Check the SPI handle allocation */
 644              		.loc 1 314 1 is_stmt 1 view -0
 645              		.cfi_startproc
 646              		@ args = 0, pretend = 0, frame = 0
 647              		@ frame_needed = 0, uses_anonymous_args = 0
 316:Drivers/STM32F4xx_HAL_Driver/Src/stm32f4xx_hal_spi.c ****   {
 648              		.loc 1 316 3 view .LVU171
 316:Drivers/STM32F4xx_HAL_Driver/Src/stm32f4xx_hal_spi.c ****   {
 649              		.loc 1 316 6 is_stmt 0 view .LVU172
 650 0000 0028     		cmp	r0, #0
 651 0002 5AD0     		beq	.L57
 314:Drivers/STM32F4xx_HAL_Driver/Src/stm32f4xx_hal_spi.c ****   /* Check the SPI handle allocation */
 652              		.loc 1 314 1 view .LVU173
 653 0004 10B5     		push	{r4, lr}
 654              	.LCFI13:
 655              		.cfi_def_cfa_offset 8
 656              		.cfi_offset 4, -8
 657              		.cfi_offset 14, -4
 658 0006 0446     		mov	r4, r0
 322:Drivers/STM32F4xx_HAL_Driver/Src/stm32f4xx_hal_spi.c ****   assert_param(IS_SPI_MODE(hspi->Init.Mode));
 659              		.loc 1 322 3 is_stmt 1 view .LVU174
 323:Drivers/STM32F4xx_HAL_Driver/Src/stm32f4xx_hal_spi.c ****   assert_param(IS_SPI_DIRECTION(hspi->Init.Direction));
 660              		.loc 1 323 3 view .LVU175
 324:Drivers/STM32F4xx_HAL_Driver/Src/stm32f4xx_hal_spi.c ****   assert_param(IS_SPI_DATASIZE(hspi->Init.DataSize));
 661              		.loc 1 324 3 view .LVU176
 325:Drivers/STM32F4xx_HAL_Driver/Src/stm32f4xx_hal_spi.c ****   assert_param(IS_SPI_NSS(hspi->Init.NSS));
 662              		.loc 1 325 3 view .LVU177
 326:Drivers/STM32F4xx_HAL_Driver/Src/stm32f4xx_hal_spi.c ****   assert_param(IS_SPI_BAUDRATE_PRESCALER(hspi->Init.BaudRatePrescaler));
 663              		.loc 1 326 3 view .LVU178
 327:Drivers/STM32F4xx_HAL_Driver/Src/stm32f4xx_hal_spi.c ****   assert_param(IS_SPI_FIRST_BIT(hspi->Init.FirstBit));
 664              		.loc 1 327 3 view .LVU179
 328:Drivers/STM32F4xx_HAL_Driver/Src/stm32f4xx_hal_spi.c ****   assert_param(IS_SPI_TIMODE(hspi->Init.TIMode));
 665              		.loc 1 328 3 view .LVU180
 329:Drivers/STM32F4xx_HAL_Driver/Src/stm32f4xx_hal_spi.c ****   if (hspi->Init.TIMode == SPI_TIMODE_DISABLE)
ARM GAS  /tmp/cci2ucsl.s 			page 84


 666              		.loc 1 329 3 view .LVU181
 330:Drivers/STM32F4xx_HAL_Driver/Src/stm32f4xx_hal_spi.c ****   {
 667              		.loc 1 330 3 view .LVU182
 330:Drivers/STM32F4xx_HAL_Driver/Src/stm32f4xx_hal_spi.c ****   {
 668              		.loc 1 330 17 is_stmt 0 view .LVU183
 669 0008 436A     		ldr	r3, [r0, #36]
 330:Drivers/STM32F4xx_HAL_Driver/Src/stm32f4xx_hal_spi.c ****   {
 670              		.loc 1 330 6 view .LVU184
 671 000a 33B9     		cbnz	r3, .L54
 332:Drivers/STM32F4xx_HAL_Driver/Src/stm32f4xx_hal_spi.c ****     assert_param(IS_SPI_CPHA(hspi->Init.CLKPhase));
 672              		.loc 1 332 5 is_stmt 1 view .LVU185
 333:Drivers/STM32F4xx_HAL_Driver/Src/stm32f4xx_hal_spi.c **** 
 673              		.loc 1 333 5 view .LVU186
 335:Drivers/STM32F4xx_HAL_Driver/Src/stm32f4xx_hal_spi.c ****     {
 674              		.loc 1 335 5 view .LVU187
 335:Drivers/STM32F4xx_HAL_Driver/Src/stm32f4xx_hal_spi.c ****     {
 675              		.loc 1 335 19 is_stmt 0 view .LVU188
 676 000c 4368     		ldr	r3, [r0, #4]
 335:Drivers/STM32F4xx_HAL_Driver/Src/stm32f4xx_hal_spi.c ****     {
 677              		.loc 1 335 8 view .LVU189
 678 000e B3F5827F 		cmp	r3, #260
 679 0012 05D0     		beq	.L55
 342:Drivers/STM32F4xx_HAL_Driver/Src/stm32f4xx_hal_spi.c ****     }
 680              		.loc 1 342 7 is_stmt 1 view .LVU190
 342:Drivers/STM32F4xx_HAL_Driver/Src/stm32f4xx_hal_spi.c ****     }
 681              		.loc 1 342 36 is_stmt 0 view .LVU191
 682 0014 0023     		movs	r3, #0
 683 0016 C361     		str	r3, [r0, #28]
 684 0018 02E0     		b	.L55
 685              	.L54:
 347:Drivers/STM32F4xx_HAL_Driver/Src/stm32f4xx_hal_spi.c **** 
 686              		.loc 1 347 5 is_stmt 1 view .LVU192
 350:Drivers/STM32F4xx_HAL_Driver/Src/stm32f4xx_hal_spi.c ****     hspi->Init.CLKPhase    = SPI_PHASE_1EDGE;
 687              		.loc 1 350 5 view .LVU193
 350:Drivers/STM32F4xx_HAL_Driver/Src/stm32f4xx_hal_spi.c ****     hspi->Init.CLKPhase    = SPI_PHASE_1EDGE;
 688              		.loc 1 350 28 is_stmt 0 view .LVU194
 689 001a 0023     		movs	r3, #0
 690 001c 0361     		str	r3, [r0, #16]
 351:Drivers/STM32F4xx_HAL_Driver/Src/stm32f4xx_hal_spi.c ****   }
 691              		.loc 1 351 5 is_stmt 1 view .LVU195
 351:Drivers/STM32F4xx_HAL_Driver/Src/stm32f4xx_hal_spi.c ****   }
 692              		.loc 1 351 28 is_stmt 0 view .LVU196
 693 001e 4361     		str	r3, [r0, #20]
 694              	.L55:
 360:Drivers/STM32F4xx_HAL_Driver/Src/stm32f4xx_hal_spi.c **** #endif /* USE_SPI_CRC */
 695              		.loc 1 360 3 is_stmt 1 view .LVU197
 360:Drivers/STM32F4xx_HAL_Driver/Src/stm32f4xx_hal_spi.c **** #endif /* USE_SPI_CRC */
 696              		.loc 1 360 29 is_stmt 0 view .LVU198
 697 0020 0023     		movs	r3, #0
 698 0022 A362     		str	r3, [r4, #40]
 363:Drivers/STM32F4xx_HAL_Driver/Src/stm32f4xx_hal_spi.c ****   {
 699              		.loc 1 363 3 is_stmt 1 view .LVU199
 363:Drivers/STM32F4xx_HAL_Driver/Src/stm32f4xx_hal_spi.c ****   {
 700              		.loc 1 363 11 is_stmt 0 view .LVU200
 701 0024 94F85130 		ldrb	r3, [r4, #81]	@ zero_extendqisi2
 363:Drivers/STM32F4xx_HAL_Driver/Src/stm32f4xx_hal_spi.c ****   {
 702              		.loc 1 363 6 view .LVU201
ARM GAS  /tmp/cci2ucsl.s 			page 85


 703 0028 002B     		cmp	r3, #0
 704 002a 40D0     		beq	.L62
 705              	.LVL36:
 706              	.L56:
 392:Drivers/STM32F4xx_HAL_Driver/Src/stm32f4xx_hal_spi.c **** 
 707              		.loc 1 392 3 is_stmt 1 view .LVU202
 392:Drivers/STM32F4xx_HAL_Driver/Src/stm32f4xx_hal_spi.c **** 
 708              		.loc 1 392 15 is_stmt 0 view .LVU203
 709 002c 0223     		movs	r3, #2
 710 002e 84F85130 		strb	r3, [r4, #81]
 395:Drivers/STM32F4xx_HAL_Driver/Src/stm32f4xx_hal_spi.c **** 
 711              		.loc 1 395 3 is_stmt 1 view .LVU204
 712 0032 2268     		ldr	r2, [r4]
 713 0034 1368     		ldr	r3, [r2]
 714 0036 23F04003 		bic	r3, r3, #64
 715 003a 1360     		str	r3, [r2]
 400:Drivers/STM32F4xx_HAL_Driver/Src/stm32f4xx_hal_spi.c ****                                   (hspi->Init.Direction & (SPI_CR1_RXONLY | SPI_CR1_BIDIMODE)) |
 716              		.loc 1 400 3 view .LVU205
 717 003c 6368     		ldr	r3, [r4, #4]
 718 003e 03F48273 		and	r3, r3, #260
 719 0042 A268     		ldr	r2, [r4, #8]
 720 0044 02F40442 		and	r2, r2, #33792
 721 0048 1343     		orrs	r3, r3, r2
 722 004a E268     		ldr	r2, [r4, #12]
 723 004c 02F40062 		and	r2, r2, #2048
 724 0050 1343     		orrs	r3, r3, r2
 725 0052 2269     		ldr	r2, [r4, #16]
 726 0054 02F00202 		and	r2, r2, #2
 727 0058 1343     		orrs	r3, r3, r2
 728 005a 6269     		ldr	r2, [r4, #20]
 729 005c 02F00102 		and	r2, r2, #1
 730 0060 1343     		orrs	r3, r3, r2
 731 0062 A269     		ldr	r2, [r4, #24]
 732 0064 02F40072 		and	r2, r2, #512
 733 0068 1343     		orrs	r3, r3, r2
 734 006a E269     		ldr	r2, [r4, #28]
 735 006c 02F03802 		and	r2, r2, #56
 736 0070 1343     		orrs	r3, r3, r2
 737 0072 226A     		ldr	r2, [r4, #32]
 738 0074 02F08002 		and	r2, r2, #128
 739 0078 1343     		orrs	r3, r3, r2
 740 007a A26A     		ldr	r2, [r4, #40]
 741 007c 02F40052 		and	r2, r2, #8192
 742 0080 2168     		ldr	r1, [r4]
 743 0082 1343     		orrs	r3, r3, r2
 744 0084 0B60     		str	r3, [r1]
 411:Drivers/STM32F4xx_HAL_Driver/Src/stm32f4xx_hal_spi.c **** 
 745              		.loc 1 411 3 view .LVU206
 746 0086 638B     		ldrh	r3, [r4, #26]
 747 0088 03F00403 		and	r3, r3, #4
 748 008c 626A     		ldr	r2, [r4, #36]
 749 008e 02F01002 		and	r2, r2, #16
 750 0092 2168     		ldr	r1, [r4]
 751 0094 1343     		orrs	r3, r3, r2
 752 0096 4B60     		str	r3, [r1, #4]
 424:Drivers/STM32F4xx_HAL_Driver/Src/stm32f4xx_hal_spi.c **** #endif /* SPI_I2SCFGR_I2SMOD */
 753              		.loc 1 424 3 view .LVU207
ARM GAS  /tmp/cci2ucsl.s 			page 86


 754 0098 2268     		ldr	r2, [r4]
 755 009a D369     		ldr	r3, [r2, #28]
 756 009c 23F40063 		bic	r3, r3, #2048
 757 00a0 D361     		str	r3, [r2, #28]
 427:Drivers/STM32F4xx_HAL_Driver/Src/stm32f4xx_hal_spi.c ****   hspi->State     = HAL_SPI_STATE_READY;
 758              		.loc 1 427 3 view .LVU208
 427:Drivers/STM32F4xx_HAL_Driver/Src/stm32f4xx_hal_spi.c ****   hspi->State     = HAL_SPI_STATE_READY;
 759              		.loc 1 427 19 is_stmt 0 view .LVU209
 760 00a2 0020     		movs	r0, #0
 761 00a4 6065     		str	r0, [r4, #84]
 428:Drivers/STM32F4xx_HAL_Driver/Src/stm32f4xx_hal_spi.c **** 
 762              		.loc 1 428 3 is_stmt 1 view .LVU210
 428:Drivers/STM32F4xx_HAL_Driver/Src/stm32f4xx_hal_spi.c **** 
 763              		.loc 1 428 19 is_stmt 0 view .LVU211
 764 00a6 0123     		movs	r3, #1
 765 00a8 84F85130 		strb	r3, [r4, #81]
 430:Drivers/STM32F4xx_HAL_Driver/Src/stm32f4xx_hal_spi.c **** }
 766              		.loc 1 430 3 is_stmt 1 view .LVU212
 431:Drivers/STM32F4xx_HAL_Driver/Src/stm32f4xx_hal_spi.c **** 
 767              		.loc 1 431 1 is_stmt 0 view .LVU213
 768 00ac 10BD     		pop	{r4, pc}
 769              	.LVL37:
 770              	.L62:
 366:Drivers/STM32F4xx_HAL_Driver/Src/stm32f4xx_hal_spi.c **** 
 771              		.loc 1 366 5 is_stmt 1 view .LVU214
 366:Drivers/STM32F4xx_HAL_Driver/Src/stm32f4xx_hal_spi.c **** 
 772              		.loc 1 366 16 is_stmt 0 view .LVU215
 773 00ae 84F85030 		strb	r3, [r4, #80]
 388:Drivers/STM32F4xx_HAL_Driver/Src/stm32f4xx_hal_spi.c **** #endif /* USE_HAL_SPI_REGISTER_CALLBACKS */
 774              		.loc 1 388 5 is_stmt 1 view .LVU216
 775 00b2 2046     		mov	r0, r4
 776              	.LVL38:
 388:Drivers/STM32F4xx_HAL_Driver/Src/stm32f4xx_hal_spi.c **** #endif /* USE_HAL_SPI_REGISTER_CALLBACKS */
 777              		.loc 1 388 5 is_stmt 0 view .LVU217
 778 00b4 FFF7FEFF 		bl	HAL_SPI_MspInit
 779              	.LVL39:
 780 00b8 B8E7     		b	.L56
 781              	.LVL40:
 782              	.L57:
 783              	.LCFI14:
 784              		.cfi_def_cfa_offset 0
 785              		.cfi_restore 4
 786              		.cfi_restore 14
 318:Drivers/STM32F4xx_HAL_Driver/Src/stm32f4xx_hal_spi.c ****   }
 787              		.loc 1 318 12 view .LVU218
 788 00ba 0120     		movs	r0, #1
 789              	.LVL41:
 431:Drivers/STM32F4xx_HAL_Driver/Src/stm32f4xx_hal_spi.c **** 
 790              		.loc 1 431 1 view .LVU219
 791 00bc 7047     		bx	lr
 792              		.cfi_endproc
 793              	.LFE220:
 795              		.section	.text.HAL_SPI_MspDeInit,"ax",%progbits
 796              		.align	1
 797              		.weak	HAL_SPI_MspDeInit
 798              		.syntax unified
 799              		.thumb
ARM GAS  /tmp/cci2ucsl.s 			page 87


 800              		.thumb_func
 802              	HAL_SPI_MspDeInit:
 803              	.LVL42:
 804              	.LFB223:
 500:Drivers/STM32F4xx_HAL_Driver/Src/stm32f4xx_hal_spi.c ****   /* Prevent unused argument(s) compilation warning */
 805              		.loc 1 500 1 is_stmt 1 view -0
 806              		.cfi_startproc
 807              		@ args = 0, pretend = 0, frame = 0
 808              		@ frame_needed = 0, uses_anonymous_args = 0
 809              		@ link register save eliminated.
 502:Drivers/STM32F4xx_HAL_Driver/Src/stm32f4xx_hal_spi.c **** 
 810              		.loc 1 502 3 view .LVU221
 507:Drivers/STM32F4xx_HAL_Driver/Src/stm32f4xx_hal_spi.c **** 
 811              		.loc 1 507 1 is_stmt 0 view .LVU222
 812 0000 7047     		bx	lr
 813              		.cfi_endproc
 814              	.LFE223:
 816              		.section	.text.HAL_SPI_DeInit,"ax",%progbits
 817              		.align	1
 818              		.global	HAL_SPI_DeInit
 819              		.syntax unified
 820              		.thumb
 821              		.thumb_func
 823              	HAL_SPI_DeInit:
 824              	.LVL43:
 825              	.LFB221:
 440:Drivers/STM32F4xx_HAL_Driver/Src/stm32f4xx_hal_spi.c ****   /* Check the SPI handle allocation */
 826              		.loc 1 440 1 is_stmt 1 view -0
 827              		.cfi_startproc
 828              		@ args = 0, pretend = 0, frame = 0
 829              		@ frame_needed = 0, uses_anonymous_args = 0
 442:Drivers/STM32F4xx_HAL_Driver/Src/stm32f4xx_hal_spi.c ****   {
 830              		.loc 1 442 3 view .LVU224
 442:Drivers/STM32F4xx_HAL_Driver/Src/stm32f4xx_hal_spi.c ****   {
 831              		.loc 1 442 6 is_stmt 0 view .LVU225
 832 0000 90B1     		cbz	r0, .L66
 440:Drivers/STM32F4xx_HAL_Driver/Src/stm32f4xx_hal_spi.c ****   /* Check the SPI handle allocation */
 833              		.loc 1 440 1 view .LVU226
 834 0002 10B5     		push	{r4, lr}
 835              	.LCFI15:
 836              		.cfi_def_cfa_offset 8
 837              		.cfi_offset 4, -8
 838              		.cfi_offset 14, -4
 839 0004 0446     		mov	r4, r0
 448:Drivers/STM32F4xx_HAL_Driver/Src/stm32f4xx_hal_spi.c **** 
 840              		.loc 1 448 3 is_stmt 1 view .LVU227
 450:Drivers/STM32F4xx_HAL_Driver/Src/stm32f4xx_hal_spi.c **** 
 841              		.loc 1 450 3 view .LVU228
 450:Drivers/STM32F4xx_HAL_Driver/Src/stm32f4xx_hal_spi.c **** 
 842              		.loc 1 450 15 is_stmt 0 view .LVU229
 843 0006 0223     		movs	r3, #2
 844 0008 80F85130 		strb	r3, [r0, #81]
 453:Drivers/STM32F4xx_HAL_Driver/Src/stm32f4xx_hal_spi.c **** 
 845              		.loc 1 453 3 is_stmt 1 view .LVU230
 846 000c 0268     		ldr	r2, [r0]
 847 000e 1368     		ldr	r3, [r2]
 848 0010 23F04003 		bic	r3, r3, #64
ARM GAS  /tmp/cci2ucsl.s 			page 88


 849 0014 1360     		str	r3, [r2]
 465:Drivers/STM32F4xx_HAL_Driver/Src/stm32f4xx_hal_spi.c **** #endif /* USE_HAL_SPI_REGISTER_CALLBACKS */
 850              		.loc 1 465 3 view .LVU231
 851 0016 FFF7FEFF 		bl	HAL_SPI_MspDeInit
 852              	.LVL44:
 468:Drivers/STM32F4xx_HAL_Driver/Src/stm32f4xx_hal_spi.c ****   hspi->State = HAL_SPI_STATE_RESET;
 853              		.loc 1 468 3 view .LVU232
 468:Drivers/STM32F4xx_HAL_Driver/Src/stm32f4xx_hal_spi.c ****   hspi->State = HAL_SPI_STATE_RESET;
 854              		.loc 1 468 19 is_stmt 0 view .LVU233
 855 001a 0020     		movs	r0, #0
 856 001c 6065     		str	r0, [r4, #84]
 469:Drivers/STM32F4xx_HAL_Driver/Src/stm32f4xx_hal_spi.c **** 
 857              		.loc 1 469 3 is_stmt 1 view .LVU234
 469:Drivers/STM32F4xx_HAL_Driver/Src/stm32f4xx_hal_spi.c **** 
 858              		.loc 1 469 15 is_stmt 0 view .LVU235
 859 001e 84F85100 		strb	r0, [r4, #81]
 472:Drivers/STM32F4xx_HAL_Driver/Src/stm32f4xx_hal_spi.c **** 
 860              		.loc 1 472 3 is_stmt 1 view .LVU236
 472:Drivers/STM32F4xx_HAL_Driver/Src/stm32f4xx_hal_spi.c **** 
 861              		.loc 1 472 3 view .LVU237
 862 0022 84F85000 		strb	r0, [r4, #80]
 472:Drivers/STM32F4xx_HAL_Driver/Src/stm32f4xx_hal_spi.c **** 
 863              		.loc 1 472 3 view .LVU238
 474:Drivers/STM32F4xx_HAL_Driver/Src/stm32f4xx_hal_spi.c **** }
 864              		.loc 1 474 3 view .LVU239
 475:Drivers/STM32F4xx_HAL_Driver/Src/stm32f4xx_hal_spi.c **** 
 865              		.loc 1 475 1 is_stmt 0 view .LVU240
 866 0026 10BD     		pop	{r4, pc}
 867              	.LVL45:
 868              	.L66:
 869              	.LCFI16:
 870              		.cfi_def_cfa_offset 0
 871              		.cfi_restore 4
 872              		.cfi_restore 14
 444:Drivers/STM32F4xx_HAL_Driver/Src/stm32f4xx_hal_spi.c ****   }
 873              		.loc 1 444 12 view .LVU241
 874 0028 0120     		movs	r0, #1
 875              	.LVL46:
 475:Drivers/STM32F4xx_HAL_Driver/Src/stm32f4xx_hal_spi.c **** 
 876              		.loc 1 475 1 view .LVU242
 877 002a 7047     		bx	lr
 878              		.cfi_endproc
 879              	.LFE221:
 881              		.section	.text.HAL_SPI_Transmit,"ax",%progbits
 882              		.align	1
 883              		.global	HAL_SPI_Transmit
 884              		.syntax unified
 885              		.thumb
 886              		.thumb_func
 888              	HAL_SPI_Transmit:
 889              	.LVL47:
 890              	.LFB224:
 772:Drivers/STM32F4xx_HAL_Driver/Src/stm32f4xx_hal_spi.c ****   uint32_t tickstart;
 891              		.loc 1 772 1 is_stmt 1 view -0
 892              		.cfi_startproc
 893              		@ args = 0, pretend = 0, frame = 8
 894              		@ frame_needed = 0, uses_anonymous_args = 0
ARM GAS  /tmp/cci2ucsl.s 			page 89


 772:Drivers/STM32F4xx_HAL_Driver/Src/stm32f4xx_hal_spi.c ****   uint32_t tickstart;
 895              		.loc 1 772 1 is_stmt 0 view .LVU244
 896 0000 2DE9F043 		push	{r4, r5, r6, r7, r8, r9, lr}
 897              	.LCFI17:
 898              		.cfi_def_cfa_offset 28
 899              		.cfi_offset 4, -28
 900              		.cfi_offset 5, -24
 901              		.cfi_offset 6, -20
 902              		.cfi_offset 7, -16
 903              		.cfi_offset 8, -12
 904              		.cfi_offset 9, -8
 905              		.cfi_offset 14, -4
 906 0004 83B0     		sub	sp, sp, #12
 907              	.LCFI18:
 908              		.cfi_def_cfa_offset 40
 909 0006 0446     		mov	r4, r0
 910 0008 8946     		mov	r9, r1
 911 000a 9046     		mov	r8, r2
 912 000c 1D46     		mov	r5, r3
 773:Drivers/STM32F4xx_HAL_Driver/Src/stm32f4xx_hal_spi.c ****   uint16_t initial_TxXferCount;
 913              		.loc 1 773 3 is_stmt 1 view .LVU245
 774:Drivers/STM32F4xx_HAL_Driver/Src/stm32f4xx_hal_spi.c **** 
 914              		.loc 1 774 3 view .LVU246
 777:Drivers/STM32F4xx_HAL_Driver/Src/stm32f4xx_hal_spi.c **** 
 915              		.loc 1 777 3 view .LVU247
 780:Drivers/STM32F4xx_HAL_Driver/Src/stm32f4xx_hal_spi.c ****   initial_TxXferCount = Size;
 916              		.loc 1 780 3 view .LVU248
 780:Drivers/STM32F4xx_HAL_Driver/Src/stm32f4xx_hal_spi.c ****   initial_TxXferCount = Size;
 917              		.loc 1 780 15 is_stmt 0 view .LVU249
 918 000e FFF7FEFF 		bl	HAL_GetTick
 919              	.LVL48:
 781:Drivers/STM32F4xx_HAL_Driver/Src/stm32f4xx_hal_spi.c **** 
 920              		.loc 1 781 3 is_stmt 1 view .LVU250
 783:Drivers/STM32F4xx_HAL_Driver/Src/stm32f4xx_hal_spi.c ****   {
 921              		.loc 1 783 3 view .LVU251
 783:Drivers/STM32F4xx_HAL_Driver/Src/stm32f4xx_hal_spi.c ****   {
 922              		.loc 1 783 11 is_stmt 0 view .LVU252
 923 0012 94F85170 		ldrb	r7, [r4, #81]	@ zero_extendqisi2
 783:Drivers/STM32F4xx_HAL_Driver/Src/stm32f4xx_hal_spi.c ****   {
 924              		.loc 1 783 6 view .LVU253
 925 0016 012F     		cmp	r7, #1
 926 0018 3ED1     		bne	.L76
 927 001a 0646     		mov	r6, r0
 788:Drivers/STM32F4xx_HAL_Driver/Src/stm32f4xx_hal_spi.c ****   {
 928              		.loc 1 788 3 is_stmt 1 view .LVU254
 788:Drivers/STM32F4xx_HAL_Driver/Src/stm32f4xx_hal_spi.c ****   {
 929              		.loc 1 788 6 is_stmt 0 view .LVU255
 930 001c 4946     		mov	r1, r9
 931 001e 0029     		cmp	r1, #0
 932 0020 3BD0     		beq	.L73
 788:Drivers/STM32F4xx_HAL_Driver/Src/stm32f4xx_hal_spi.c ****   {
 933              		.loc 1 788 23 discriminator 1 view .LVU256
 934 0022 4246     		mov	r2, r8
 935 0024 002A     		cmp	r2, #0
 936 0026 38D0     		beq	.L73
 794:Drivers/STM32F4xx_HAL_Driver/Src/stm32f4xx_hal_spi.c **** 
 937              		.loc 1 794 3 is_stmt 1 view .LVU257
ARM GAS  /tmp/cci2ucsl.s 			page 90


 794:Drivers/STM32F4xx_HAL_Driver/Src/stm32f4xx_hal_spi.c **** 
 938              		.loc 1 794 3 view .LVU258
 939 0028 94F85030 		ldrb	r3, [r4, #80]	@ zero_extendqisi2
 940 002c 012B     		cmp	r3, #1
 941 002e 33D0     		beq	.L76
 794:Drivers/STM32F4xx_HAL_Driver/Src/stm32f4xx_hal_spi.c **** 
 942              		.loc 1 794 3 discriminator 2 view .LVU259
 943 0030 0123     		movs	r3, #1
 944 0032 84F85030 		strb	r3, [r4, #80]
 794:Drivers/STM32F4xx_HAL_Driver/Src/stm32f4xx_hal_spi.c **** 
 945              		.loc 1 794 3 discriminator 2 view .LVU260
 797:Drivers/STM32F4xx_HAL_Driver/Src/stm32f4xx_hal_spi.c ****   hspi->ErrorCode   = HAL_SPI_ERROR_NONE;
 946              		.loc 1 797 3 view .LVU261
 797:Drivers/STM32F4xx_HAL_Driver/Src/stm32f4xx_hal_spi.c ****   hspi->ErrorCode   = HAL_SPI_ERROR_NONE;
 947              		.loc 1 797 21 is_stmt 0 view .LVU262
 948 0036 0323     		movs	r3, #3
 949 0038 84F85130 		strb	r3, [r4, #81]
 798:Drivers/STM32F4xx_HAL_Driver/Src/stm32f4xx_hal_spi.c ****   hspi->pTxBuffPtr  = (const uint8_t *)pData;
 950              		.loc 1 798 3 is_stmt 1 view .LVU263
 798:Drivers/STM32F4xx_HAL_Driver/Src/stm32f4xx_hal_spi.c ****   hspi->pTxBuffPtr  = (const uint8_t *)pData;
 951              		.loc 1 798 21 is_stmt 0 view .LVU264
 952 003c 0023     		movs	r3, #0
 953 003e 6365     		str	r3, [r4, #84]
 799:Drivers/STM32F4xx_HAL_Driver/Src/stm32f4xx_hal_spi.c ****   hspi->TxXferSize  = Size;
 954              		.loc 1 799 3 is_stmt 1 view .LVU265
 799:Drivers/STM32F4xx_HAL_Driver/Src/stm32f4xx_hal_spi.c ****   hspi->TxXferSize  = Size;
 955              		.loc 1 799 21 is_stmt 0 view .LVU266
 956 0040 C4F83090 		str	r9, [r4, #48]
 800:Drivers/STM32F4xx_HAL_Driver/Src/stm32f4xx_hal_spi.c ****   hspi->TxXferCount = Size;
 957              		.loc 1 800 3 is_stmt 1 view .LVU267
 800:Drivers/STM32F4xx_HAL_Driver/Src/stm32f4xx_hal_spi.c ****   hspi->TxXferCount = Size;
 958              		.loc 1 800 21 is_stmt 0 view .LVU268
 959 0044 A4F83480 		strh	r8, [r4, #52]	@ movhi
 801:Drivers/STM32F4xx_HAL_Driver/Src/stm32f4xx_hal_spi.c **** 
 960              		.loc 1 801 3 is_stmt 1 view .LVU269
 801:Drivers/STM32F4xx_HAL_Driver/Src/stm32f4xx_hal_spi.c **** 
 961              		.loc 1 801 21 is_stmt 0 view .LVU270
 962 0048 A4F83680 		strh	r8, [r4, #54]	@ movhi
 804:Drivers/STM32F4xx_HAL_Driver/Src/stm32f4xx_hal_spi.c ****   hspi->RxXferSize  = 0U;
 963              		.loc 1 804 3 is_stmt 1 view .LVU271
 804:Drivers/STM32F4xx_HAL_Driver/Src/stm32f4xx_hal_spi.c ****   hspi->RxXferSize  = 0U;
 964              		.loc 1 804 21 is_stmt 0 view .LVU272
 965 004c A363     		str	r3, [r4, #56]
 805:Drivers/STM32F4xx_HAL_Driver/Src/stm32f4xx_hal_spi.c ****   hspi->RxXferCount = 0U;
 966              		.loc 1 805 3 is_stmt 1 view .LVU273
 805:Drivers/STM32F4xx_HAL_Driver/Src/stm32f4xx_hal_spi.c ****   hspi->RxXferCount = 0U;
 967              		.loc 1 805 21 is_stmt 0 view .LVU274
 968 004e A387     		strh	r3, [r4, #60]	@ movhi
 806:Drivers/STM32F4xx_HAL_Driver/Src/stm32f4xx_hal_spi.c ****   hspi->TxISR       = NULL;
 969              		.loc 1 806 3 is_stmt 1 view .LVU275
 806:Drivers/STM32F4xx_HAL_Driver/Src/stm32f4xx_hal_spi.c ****   hspi->TxISR       = NULL;
 970              		.loc 1 806 21 is_stmt 0 view .LVU276
 971 0050 E387     		strh	r3, [r4, #62]	@ movhi
 807:Drivers/STM32F4xx_HAL_Driver/Src/stm32f4xx_hal_spi.c ****   hspi->RxISR       = NULL;
 972              		.loc 1 807 3 is_stmt 1 view .LVU277
 807:Drivers/STM32F4xx_HAL_Driver/Src/stm32f4xx_hal_spi.c ****   hspi->RxISR       = NULL;
 973              		.loc 1 807 21 is_stmt 0 view .LVU278
ARM GAS  /tmp/cci2ucsl.s 			page 91


 974 0052 6364     		str	r3, [r4, #68]
 808:Drivers/STM32F4xx_HAL_Driver/Src/stm32f4xx_hal_spi.c **** 
 975              		.loc 1 808 3 is_stmt 1 view .LVU279
 808:Drivers/STM32F4xx_HAL_Driver/Src/stm32f4xx_hal_spi.c **** 
 976              		.loc 1 808 21 is_stmt 0 view .LVU280
 977 0054 2364     		str	r3, [r4, #64]
 811:Drivers/STM32F4xx_HAL_Driver/Src/stm32f4xx_hal_spi.c ****   {
 978              		.loc 1 811 3 is_stmt 1 view .LVU281
 811:Drivers/STM32F4xx_HAL_Driver/Src/stm32f4xx_hal_spi.c ****   {
 979              		.loc 1 811 17 is_stmt 0 view .LVU282
 980 0056 A368     		ldr	r3, [r4, #8]
 811:Drivers/STM32F4xx_HAL_Driver/Src/stm32f4xx_hal_spi.c ****   {
 981              		.loc 1 811 6 view .LVU283
 982 0058 B3F5004F 		cmp	r3, #32768
 983 005c 21D0     		beq	.L102
 984              	.LVL49:
 985              	.L77:
 827:Drivers/STM32F4xx_HAL_Driver/Src/stm32f4xx_hal_spi.c ****   {
 986              		.loc 1 827 3 is_stmt 1 view .LVU284
 827:Drivers/STM32F4xx_HAL_Driver/Src/stm32f4xx_hal_spi.c ****   {
 987              		.loc 1 827 12 is_stmt 0 view .LVU285
 988 005e 2368     		ldr	r3, [r4]
 827:Drivers/STM32F4xx_HAL_Driver/Src/stm32f4xx_hal_spi.c ****   {
 989              		.loc 1 827 22 view .LVU286
 990 0060 1A68     		ldr	r2, [r3]
 827:Drivers/STM32F4xx_HAL_Driver/Src/stm32f4xx_hal_spi.c ****   {
 991              		.loc 1 827 6 view .LVU287
 992 0062 12F0400F 		tst	r2, #64
 993 0066 03D1     		bne	.L78
 830:Drivers/STM32F4xx_HAL_Driver/Src/stm32f4xx_hal_spi.c ****   }
 994              		.loc 1 830 5 is_stmt 1 view .LVU288
 995 0068 1A68     		ldr	r2, [r3]
 996 006a 42F04002 		orr	r2, r2, #64
 997 006e 1A60     		str	r2, [r3]
 998              	.L78:
 834:Drivers/STM32F4xx_HAL_Driver/Src/stm32f4xx_hal_spi.c ****   {
 999              		.loc 1 834 3 view .LVU289
 834:Drivers/STM32F4xx_HAL_Driver/Src/stm32f4xx_hal_spi.c ****   {
 1000              		.loc 1 834 17 is_stmt 0 view .LVU290
 1001 0070 E368     		ldr	r3, [r4, #12]
 834:Drivers/STM32F4xx_HAL_Driver/Src/stm32f4xx_hal_spi.c ****   {
 1002              		.loc 1 834 6 view .LVU291
 1003 0072 B3F5006F 		cmp	r3, #2048
 1004 0076 1FD0     		beq	.L103
 867:Drivers/STM32F4xx_HAL_Driver/Src/stm32f4xx_hal_spi.c ****     {
 1005              		.loc 1 867 5 is_stmt 1 view .LVU292
 867:Drivers/STM32F4xx_HAL_Driver/Src/stm32f4xx_hal_spi.c ****     {
 1006              		.loc 1 867 20 is_stmt 0 view .LVU293
 1007 0078 6368     		ldr	r3, [r4, #4]
 867:Drivers/STM32F4xx_HAL_Driver/Src/stm32f4xx_hal_spi.c ****     {
 1008              		.loc 1 867 8 view .LVU294
 1009 007a 13B1     		cbz	r3, .L89
 867:Drivers/STM32F4xx_HAL_Driver/Src/stm32f4xx_hal_spi.c ****     {
 1010              		.loc 1 867 45 discriminator 1 view .LVU295
 1011 007c 4346     		mov	r3, r8
 1012 007e 012B     		cmp	r3, #1
 1013 0080 58D1     		bne	.L96
ARM GAS  /tmp/cci2ucsl.s 			page 92


 1014              	.L89:
 869:Drivers/STM32F4xx_HAL_Driver/Src/stm32f4xx_hal_spi.c ****       hspi->pTxBuffPtr += sizeof(uint8_t);
 1015              		.loc 1 869 7 is_stmt 1 view .LVU296
 869:Drivers/STM32F4xx_HAL_Driver/Src/stm32f4xx_hal_spi.c ****       hspi->pTxBuffPtr += sizeof(uint8_t);
 1016              		.loc 1 869 71 is_stmt 0 view .LVU297
 1017 0082 226B     		ldr	r2, [r4, #48]
 869:Drivers/STM32F4xx_HAL_Driver/Src/stm32f4xx_hal_spi.c ****       hspi->pTxBuffPtr += sizeof(uint8_t);
 1018              		.loc 1 869 30 view .LVU298
 1019 0084 2368     		ldr	r3, [r4]
 869:Drivers/STM32F4xx_HAL_Driver/Src/stm32f4xx_hal_spi.c ****       hspi->pTxBuffPtr += sizeof(uint8_t);
 1020              		.loc 1 869 48 view .LVU299
 1021 0086 1278     		ldrb	r2, [r2]	@ zero_extendqisi2
 869:Drivers/STM32F4xx_HAL_Driver/Src/stm32f4xx_hal_spi.c ****       hspi->pTxBuffPtr += sizeof(uint8_t);
 1022              		.loc 1 869 46 view .LVU300
 1023 0088 1A73     		strb	r2, [r3, #12]
 870:Drivers/STM32F4xx_HAL_Driver/Src/stm32f4xx_hal_spi.c ****       hspi->TxXferCount--;
 1024              		.loc 1 870 7 is_stmt 1 view .LVU301
 870:Drivers/STM32F4xx_HAL_Driver/Src/stm32f4xx_hal_spi.c ****       hspi->TxXferCount--;
 1025              		.loc 1 870 11 is_stmt 0 view .LVU302
 1026 008a 236B     		ldr	r3, [r4, #48]
 870:Drivers/STM32F4xx_HAL_Driver/Src/stm32f4xx_hal_spi.c ****       hspi->TxXferCount--;
 1027              		.loc 1 870 24 view .LVU303
 1028 008c 0133     		adds	r3, r3, #1
 1029 008e 2363     		str	r3, [r4, #48]
 871:Drivers/STM32F4xx_HAL_Driver/Src/stm32f4xx_hal_spi.c ****     }
 1030              		.loc 1 871 7 is_stmt 1 view .LVU304
 871:Drivers/STM32F4xx_HAL_Driver/Src/stm32f4xx_hal_spi.c ****     }
 1031              		.loc 1 871 11 is_stmt 0 view .LVU305
 1032 0090 E38E     		ldrh	r3, [r4, #54]
 871:Drivers/STM32F4xx_HAL_Driver/Src/stm32f4xx_hal_spi.c ****     }
 1033              		.loc 1 871 24 view .LVU306
 1034 0092 013B     		subs	r3, r3, #1
 1035 0094 E386     		strh	r3, [r4, #54]	@ movhi
 1036 0096 4DE0     		b	.L96
 1037              	.LVL50:
 1038              	.L76:
 785:Drivers/STM32F4xx_HAL_Driver/Src/stm32f4xx_hal_spi.c ****   }
 1039              		.loc 1 785 12 view .LVU307
 1040 0098 0227     		movs	r7, #2
 1041              	.LVL51:
 1042              	.L73:
 926:Drivers/STM32F4xx_HAL_Driver/Src/stm32f4xx_hal_spi.c **** 
 1043              		.loc 1 926 1 view .LVU308
 1044 009a 3846     		mov	r0, r7
 1045 009c 03B0     		add	sp, sp, #12
 1046              	.LCFI19:
 1047              		.cfi_remember_state
 1048              		.cfi_def_cfa_offset 28
 1049              		@ sp needed
 1050 009e BDE8F083 		pop	{r4, r5, r6, r7, r8, r9, pc}
 1051              	.LVL52:
 1052              	.L102:
 1053              	.LCFI20:
 1054              		.cfi_restore_state
 814:Drivers/STM32F4xx_HAL_Driver/Src/stm32f4xx_hal_spi.c ****     SPI_1LINE_TX(hspi);
 1055              		.loc 1 814 5 is_stmt 1 view .LVU309
 1056 00a2 2268     		ldr	r2, [r4]
ARM GAS  /tmp/cci2ucsl.s 			page 93


 1057 00a4 1368     		ldr	r3, [r2]
 1058 00a6 23F04003 		bic	r3, r3, #64
 1059 00aa 1360     		str	r3, [r2]
 815:Drivers/STM32F4xx_HAL_Driver/Src/stm32f4xx_hal_spi.c ****   }
 1060              		.loc 1 815 5 view .LVU310
 1061 00ac 2268     		ldr	r2, [r4]
 1062 00ae 1368     		ldr	r3, [r2]
 1063 00b0 43F48043 		orr	r3, r3, #16384
 1064 00b4 1360     		str	r3, [r2]
 1065 00b6 D2E7     		b	.L77
 1066              	.L103:
 836:Drivers/STM32F4xx_HAL_Driver/Src/stm32f4xx_hal_spi.c ****     {
 1067              		.loc 1 836 5 view .LVU311
 836:Drivers/STM32F4xx_HAL_Driver/Src/stm32f4xx_hal_spi.c ****     {
 1068              		.loc 1 836 20 is_stmt 0 view .LVU312
 1069 00b8 6368     		ldr	r3, [r4, #4]
 836:Drivers/STM32F4xx_HAL_Driver/Src/stm32f4xx_hal_spi.c ****     {
 1070              		.loc 1 836 8 view .LVU313
 1071 00ba 13B1     		cbz	r3, .L80
 836:Drivers/STM32F4xx_HAL_Driver/Src/stm32f4xx_hal_spi.c ****     {
 1072              		.loc 1 836 45 discriminator 1 view .LVU314
 1073 00bc 4346     		mov	r3, r8
 1074 00be 012B     		cmp	r3, #1
 1075 00c0 13D1     		bne	.L86
 1076              	.L80:
 838:Drivers/STM32F4xx_HAL_Driver/Src/stm32f4xx_hal_spi.c ****       hspi->pTxBuffPtr += sizeof(uint16_t);
 1077              		.loc 1 838 7 is_stmt 1 view .LVU315
 838:Drivers/STM32F4xx_HAL_Driver/Src/stm32f4xx_hal_spi.c ****       hspi->pTxBuffPtr += sizeof(uint16_t);
 1078              		.loc 1 838 52 is_stmt 0 view .LVU316
 1079 00c2 226B     		ldr	r2, [r4, #48]
 838:Drivers/STM32F4xx_HAL_Driver/Src/stm32f4xx_hal_spi.c ****       hspi->pTxBuffPtr += sizeof(uint16_t);
 1080              		.loc 1 838 11 view .LVU317
 1081 00c4 2368     		ldr	r3, [r4]
 838:Drivers/STM32F4xx_HAL_Driver/Src/stm32f4xx_hal_spi.c ****       hspi->pTxBuffPtr += sizeof(uint16_t);
 1082              		.loc 1 838 28 view .LVU318
 1083 00c6 1288     		ldrh	r2, [r2]
 838:Drivers/STM32F4xx_HAL_Driver/Src/stm32f4xx_hal_spi.c ****       hspi->pTxBuffPtr += sizeof(uint16_t);
 1084              		.loc 1 838 26 view .LVU319
 1085 00c8 DA60     		str	r2, [r3, #12]
 839:Drivers/STM32F4xx_HAL_Driver/Src/stm32f4xx_hal_spi.c ****       hspi->TxXferCount--;
 1086              		.loc 1 839 7 is_stmt 1 view .LVU320
 839:Drivers/STM32F4xx_HAL_Driver/Src/stm32f4xx_hal_spi.c ****       hspi->TxXferCount--;
 1087              		.loc 1 839 11 is_stmt 0 view .LVU321
 1088 00ca 236B     		ldr	r3, [r4, #48]
 839:Drivers/STM32F4xx_HAL_Driver/Src/stm32f4xx_hal_spi.c ****       hspi->TxXferCount--;
 1089              		.loc 1 839 24 view .LVU322
 1090 00cc 0233     		adds	r3, r3, #2
 1091 00ce 2363     		str	r3, [r4, #48]
 840:Drivers/STM32F4xx_HAL_Driver/Src/stm32f4xx_hal_spi.c ****     }
 1092              		.loc 1 840 7 is_stmt 1 view .LVU323
 840:Drivers/STM32F4xx_HAL_Driver/Src/stm32f4xx_hal_spi.c ****     }
 1093              		.loc 1 840 11 is_stmt 0 view .LVU324
 1094 00d0 E38E     		ldrh	r3, [r4, #54]
 840:Drivers/STM32F4xx_HAL_Driver/Src/stm32f4xx_hal_spi.c ****     }
 1095              		.loc 1 840 24 view .LVU325
 1096 00d2 013B     		subs	r3, r3, #1
 1097 00d4 E386     		strh	r3, [r4, #54]	@ movhi
ARM GAS  /tmp/cci2ucsl.s 			page 94


 1098 00d6 08E0     		b	.L86
 1099              	.LVL53:
 1100              	.L82:
 855:Drivers/STM32F4xx_HAL_Driver/Src/stm32f4xx_hal_spi.c ****         {
 1101              		.loc 1 855 9 is_stmt 1 view .LVU326
 855:Drivers/STM32F4xx_HAL_Driver/Src/stm32f4xx_hal_spi.c ****         {
 1102              		.loc 1 855 16 is_stmt 0 view .LVU327
 1103 00d8 FFF7FEFF 		bl	HAL_GetTick
 1104              	.LVL54:
 855:Drivers/STM32F4xx_HAL_Driver/Src/stm32f4xx_hal_spi.c ****         {
 1105              		.loc 1 855 30 discriminator 1 view .LVU328
 1106 00dc 801B     		subs	r0, r0, r6
 855:Drivers/STM32F4xx_HAL_Driver/Src/stm32f4xx_hal_spi.c ****         {
 1107              		.loc 1 855 12 discriminator 1 view .LVU329
 1108 00de A842     		cmp	r0, r5
 1109 00e0 02D3     		bcc	.L84
 855:Drivers/STM32F4xx_HAL_Driver/Src/stm32f4xx_hal_spi.c ****         {
 1110              		.loc 1 855 56 discriminator 2 view .LVU330
 1111 00e2 B5F1FF3F 		cmp	r5, #-1
 1112 00e6 12D1     		bne	.L85
 1113              	.L84:
 855:Drivers/STM32F4xx_HAL_Driver/Src/stm32f4xx_hal_spi.c ****         {
 1114              		.loc 1 855 87 discriminator 3 view .LVU331
 1115 00e8 8DB1     		cbz	r5, .L85
 1116              	.L86:
 843:Drivers/STM32F4xx_HAL_Driver/Src/stm32f4xx_hal_spi.c ****     {
 1117              		.loc 1 843 30 is_stmt 1 discriminator 1 view .LVU332
 843:Drivers/STM32F4xx_HAL_Driver/Src/stm32f4xx_hal_spi.c ****     {
 1118              		.loc 1 843 16 is_stmt 0 discriminator 1 view .LVU333
 1119 00ea E38E     		ldrh	r3, [r4, #54]
 843:Drivers/STM32F4xx_HAL_Driver/Src/stm32f4xx_hal_spi.c ****     {
 1120              		.loc 1 843 30 discriminator 1 view .LVU334
 1121 00ec 002B     		cmp	r3, #0
 1122 00ee 3AD0     		beq	.L88
 846:Drivers/STM32F4xx_HAL_Driver/Src/stm32f4xx_hal_spi.c ****       {
 1123              		.loc 1 846 7 is_stmt 1 view .LVU335
 846:Drivers/STM32F4xx_HAL_Driver/Src/stm32f4xx_hal_spi.c ****       {
 1124              		.loc 1 846 11 is_stmt 0 view .LVU336
 1125 00f0 2368     		ldr	r3, [r4]
 1126 00f2 9A68     		ldr	r2, [r3, #8]
 846:Drivers/STM32F4xx_HAL_Driver/Src/stm32f4xx_hal_spi.c ****       {
 1127              		.loc 1 846 10 view .LVU337
 1128 00f4 12F0020F 		tst	r2, #2
 1129 00f8 EED0     		beq	.L82
 848:Drivers/STM32F4xx_HAL_Driver/Src/stm32f4xx_hal_spi.c ****         hspi->pTxBuffPtr += sizeof(uint16_t);
 1130              		.loc 1 848 9 is_stmt 1 view .LVU338
 848:Drivers/STM32F4xx_HAL_Driver/Src/stm32f4xx_hal_spi.c ****         hspi->pTxBuffPtr += sizeof(uint16_t);
 1131              		.loc 1 848 54 is_stmt 0 view .LVU339
 1132 00fa 226B     		ldr	r2, [r4, #48]
 848:Drivers/STM32F4xx_HAL_Driver/Src/stm32f4xx_hal_spi.c ****         hspi->pTxBuffPtr += sizeof(uint16_t);
 1133              		.loc 1 848 30 view .LVU340
 1134 00fc 1288     		ldrh	r2, [r2]
 848:Drivers/STM32F4xx_HAL_Driver/Src/stm32f4xx_hal_spi.c ****         hspi->pTxBuffPtr += sizeof(uint16_t);
 1135              		.loc 1 848 28 view .LVU341
 1136 00fe DA60     		str	r2, [r3, #12]
 849:Drivers/STM32F4xx_HAL_Driver/Src/stm32f4xx_hal_spi.c ****         hspi->TxXferCount--;
 1137              		.loc 1 849 9 is_stmt 1 view .LVU342
ARM GAS  /tmp/cci2ucsl.s 			page 95


 849:Drivers/STM32F4xx_HAL_Driver/Src/stm32f4xx_hal_spi.c ****         hspi->TxXferCount--;
 1138              		.loc 1 849 13 is_stmt 0 view .LVU343
 1139 0100 236B     		ldr	r3, [r4, #48]
 849:Drivers/STM32F4xx_HAL_Driver/Src/stm32f4xx_hal_spi.c ****         hspi->TxXferCount--;
 1140              		.loc 1 849 26 view .LVU344
 1141 0102 0233     		adds	r3, r3, #2
 1142 0104 2363     		str	r3, [r4, #48]
 850:Drivers/STM32F4xx_HAL_Driver/Src/stm32f4xx_hal_spi.c ****       }
 1143              		.loc 1 850 9 is_stmt 1 view .LVU345
 850:Drivers/STM32F4xx_HAL_Driver/Src/stm32f4xx_hal_spi.c ****       }
 1144              		.loc 1 850 13 is_stmt 0 view .LVU346
 1145 0106 E38E     		ldrh	r3, [r4, #54]
 850:Drivers/STM32F4xx_HAL_Driver/Src/stm32f4xx_hal_spi.c ****       }
 1146              		.loc 1 850 26 view .LVU347
 1147 0108 013B     		subs	r3, r3, #1
 1148 010a E386     		strh	r3, [r4, #54]	@ movhi
 1149 010c EDE7     		b	.L86
 1150              	.L85:
 857:Drivers/STM32F4xx_HAL_Driver/Src/stm32f4xx_hal_spi.c ****           __HAL_UNLOCK(hspi);
 1151              		.loc 1 857 11 is_stmt 1 view .LVU348
 857:Drivers/STM32F4xx_HAL_Driver/Src/stm32f4xx_hal_spi.c ****           __HAL_UNLOCK(hspi);
 1152              		.loc 1 857 23 is_stmt 0 view .LVU349
 1153 010e 0123     		movs	r3, #1
 1154 0110 84F85130 		strb	r3, [r4, #81]
 858:Drivers/STM32F4xx_HAL_Driver/Src/stm32f4xx_hal_spi.c ****           return HAL_TIMEOUT;
 1155              		.loc 1 858 11 is_stmt 1 view .LVU350
 858:Drivers/STM32F4xx_HAL_Driver/Src/stm32f4xx_hal_spi.c ****           return HAL_TIMEOUT;
 1156              		.loc 1 858 11 view .LVU351
 1157 0114 0023     		movs	r3, #0
 1158 0116 84F85030 		strb	r3, [r4, #80]
 858:Drivers/STM32F4xx_HAL_Driver/Src/stm32f4xx_hal_spi.c ****           return HAL_TIMEOUT;
 1159              		.loc 1 858 11 view .LVU352
 859:Drivers/STM32F4xx_HAL_Driver/Src/stm32f4xx_hal_spi.c ****         }
 1160              		.loc 1 859 11 view .LVU353
 859:Drivers/STM32F4xx_HAL_Driver/Src/stm32f4xx_hal_spi.c ****         }
 1161              		.loc 1 859 18 is_stmt 0 view .LVU354
 1162 011a 22E0     		b	.L95
 1163              	.L104:
 878:Drivers/STM32F4xx_HAL_Driver/Src/stm32f4xx_hal_spi.c ****         hspi->pTxBuffPtr += sizeof(uint8_t);
 1164              		.loc 1 878 9 is_stmt 1 view .LVU355
 878:Drivers/STM32F4xx_HAL_Driver/Src/stm32f4xx_hal_spi.c ****         hspi->pTxBuffPtr += sizeof(uint8_t);
 1165              		.loc 1 878 73 is_stmt 0 view .LVU356
 1166 011c 226B     		ldr	r2, [r4, #48]
 878:Drivers/STM32F4xx_HAL_Driver/Src/stm32f4xx_hal_spi.c ****         hspi->pTxBuffPtr += sizeof(uint8_t);
 1167              		.loc 1 878 50 view .LVU357
 1168 011e 1278     		ldrb	r2, [r2]	@ zero_extendqisi2
 878:Drivers/STM32F4xx_HAL_Driver/Src/stm32f4xx_hal_spi.c ****         hspi->pTxBuffPtr += sizeof(uint8_t);
 1169              		.loc 1 878 48 view .LVU358
 1170 0120 1A73     		strb	r2, [r3, #12]
 879:Drivers/STM32F4xx_HAL_Driver/Src/stm32f4xx_hal_spi.c ****         hspi->TxXferCount--;
 1171              		.loc 1 879 9 is_stmt 1 view .LVU359
 879:Drivers/STM32F4xx_HAL_Driver/Src/stm32f4xx_hal_spi.c ****         hspi->TxXferCount--;
 1172              		.loc 1 879 13 is_stmt 0 view .LVU360
 1173 0122 216B     		ldr	r1, [r4, #48]
 879:Drivers/STM32F4xx_HAL_Driver/Src/stm32f4xx_hal_spi.c ****         hspi->TxXferCount--;
 1174              		.loc 1 879 26 view .LVU361
 1175 0124 0131     		adds	r1, r1, #1
ARM GAS  /tmp/cci2ucsl.s 			page 96


 1176 0126 2163     		str	r1, [r4, #48]
 880:Drivers/STM32F4xx_HAL_Driver/Src/stm32f4xx_hal_spi.c ****       }
 1177              		.loc 1 880 9 is_stmt 1 view .LVU362
 880:Drivers/STM32F4xx_HAL_Driver/Src/stm32f4xx_hal_spi.c ****       }
 1178              		.loc 1 880 13 is_stmt 0 view .LVU363
 1179 0128 B4F836C0 		ldrh	ip, [r4, #54]
 880:Drivers/STM32F4xx_HAL_Driver/Src/stm32f4xx_hal_spi.c ****       }
 1180              		.loc 1 880 26 view .LVU364
 1181 012c 0CF1FF3C 		add	ip, ip, #-1
 1182 0130 A4F836C0 		strh	ip, [r4, #54]	@ movhi
 1183              	.L96:
 873:Drivers/STM32F4xx_HAL_Driver/Src/stm32f4xx_hal_spi.c ****     {
 1184              		.loc 1 873 30 is_stmt 1 discriminator 1 view .LVU365
 873:Drivers/STM32F4xx_HAL_Driver/Src/stm32f4xx_hal_spi.c ****     {
 1185              		.loc 1 873 16 is_stmt 0 discriminator 1 view .LVU366
 1186 0134 E38E     		ldrh	r3, [r4, #54]
 873:Drivers/STM32F4xx_HAL_Driver/Src/stm32f4xx_hal_spi.c ****     {
 1187              		.loc 1 873 30 discriminator 1 view .LVU367
 1188 0136 B3B1     		cbz	r3, .L88
 876:Drivers/STM32F4xx_HAL_Driver/Src/stm32f4xx_hal_spi.c ****       {
 1189              		.loc 1 876 7 is_stmt 1 view .LVU368
 876:Drivers/STM32F4xx_HAL_Driver/Src/stm32f4xx_hal_spi.c ****       {
 1190              		.loc 1 876 11 is_stmt 0 view .LVU369
 1191 0138 2368     		ldr	r3, [r4]
 1192 013a 9A68     		ldr	r2, [r3, #8]
 876:Drivers/STM32F4xx_HAL_Driver/Src/stm32f4xx_hal_spi.c ****       {
 1193              		.loc 1 876 10 view .LVU370
 1194 013c 12F0020F 		tst	r2, #2
 1195 0140 ECD1     		bne	.L104
 885:Drivers/STM32F4xx_HAL_Driver/Src/stm32f4xx_hal_spi.c ****         {
 1196              		.loc 1 885 9 is_stmt 1 view .LVU371
 885:Drivers/STM32F4xx_HAL_Driver/Src/stm32f4xx_hal_spi.c ****         {
 1197              		.loc 1 885 16 is_stmt 0 view .LVU372
 1198 0142 FFF7FEFF 		bl	HAL_GetTick
 1199              	.LVL55:
 885:Drivers/STM32F4xx_HAL_Driver/Src/stm32f4xx_hal_spi.c ****         {
 1200              		.loc 1 885 30 discriminator 1 view .LVU373
 1201 0146 801B     		subs	r0, r0, r6
 885:Drivers/STM32F4xx_HAL_Driver/Src/stm32f4xx_hal_spi.c ****         {
 1202              		.loc 1 885 12 discriminator 1 view .LVU374
 1203 0148 A842     		cmp	r0, r5
 1204 014a 02D3     		bcc	.L93
 885:Drivers/STM32F4xx_HAL_Driver/Src/stm32f4xx_hal_spi.c ****         {
 1205              		.loc 1 885 56 discriminator 2 view .LVU375
 1206 014c B5F1FF3F 		cmp	r5, #-1
 1207 0150 01D1     		bne	.L94
 1208              	.L93:
 885:Drivers/STM32F4xx_HAL_Driver/Src/stm32f4xx_hal_spi.c ****         {
 1209              		.loc 1 885 87 discriminator 3 view .LVU376
 1210 0152 002D     		cmp	r5, #0
 1211 0154 EED1     		bne	.L96
 1212              	.L94:
 887:Drivers/STM32F4xx_HAL_Driver/Src/stm32f4xx_hal_spi.c ****           __HAL_UNLOCK(hspi);
 1213              		.loc 1 887 11 is_stmt 1 view .LVU377
 887:Drivers/STM32F4xx_HAL_Driver/Src/stm32f4xx_hal_spi.c ****           __HAL_UNLOCK(hspi);
 1214              		.loc 1 887 23 is_stmt 0 view .LVU378
 1215 0156 0123     		movs	r3, #1
ARM GAS  /tmp/cci2ucsl.s 			page 97


 1216 0158 84F85130 		strb	r3, [r4, #81]
 888:Drivers/STM32F4xx_HAL_Driver/Src/stm32f4xx_hal_spi.c ****           return HAL_TIMEOUT;
 1217              		.loc 1 888 11 is_stmt 1 view .LVU379
 888:Drivers/STM32F4xx_HAL_Driver/Src/stm32f4xx_hal_spi.c ****           return HAL_TIMEOUT;
 1218              		.loc 1 888 11 view .LVU380
 1219 015c 0023     		movs	r3, #0
 1220 015e 84F85030 		strb	r3, [r4, #80]
 888:Drivers/STM32F4xx_HAL_Driver/Src/stm32f4xx_hal_spi.c ****           return HAL_TIMEOUT;
 1221              		.loc 1 888 11 view .LVU381
 889:Drivers/STM32F4xx_HAL_Driver/Src/stm32f4xx_hal_spi.c ****         }
 1222              		.loc 1 889 11 view .LVU382
 1223              	.L95:
 859:Drivers/STM32F4xx_HAL_Driver/Src/stm32f4xx_hal_spi.c ****         }
 1224              		.loc 1 859 18 is_stmt 0 view .LVU383
 1225 0162 0327     		movs	r7, #3
 1226 0164 99E7     		b	.L73
 1227              	.L88:
 903:Drivers/STM32F4xx_HAL_Driver/Src/stm32f4xx_hal_spi.c ****   {
 1228              		.loc 1 903 3 is_stmt 1 view .LVU384
 903:Drivers/STM32F4xx_HAL_Driver/Src/stm32f4xx_hal_spi.c ****   {
 1229              		.loc 1 903 7 is_stmt 0 view .LVU385
 1230 0166 3246     		mov	r2, r6
 1231 0168 2946     		mov	r1, r5
 1232 016a 2046     		mov	r0, r4
 1233 016c FFF7FEFF 		bl	SPI_EndRxTxTransaction
 1234              	.LVL56:
 903:Drivers/STM32F4xx_HAL_Driver/Src/stm32f4xx_hal_spi.c ****   {
 1235              		.loc 1 903 6 discriminator 1 view .LVU386
 1236 0170 08B1     		cbz	r0, .L98
 905:Drivers/STM32F4xx_HAL_Driver/Src/stm32f4xx_hal_spi.c ****   }
 1237              		.loc 1 905 5 is_stmt 1 view .LVU387
 905:Drivers/STM32F4xx_HAL_Driver/Src/stm32f4xx_hal_spi.c ****   }
 1238              		.loc 1 905 21 is_stmt 0 view .LVU388
 1239 0172 2023     		movs	r3, #32
 1240 0174 6365     		str	r3, [r4, #84]
 1241              	.L98:
 909:Drivers/STM32F4xx_HAL_Driver/Src/stm32f4xx_hal_spi.c ****   {
 1242              		.loc 1 909 3 is_stmt 1 view .LVU389
 909:Drivers/STM32F4xx_HAL_Driver/Src/stm32f4xx_hal_spi.c ****   {
 1243              		.loc 1 909 17 is_stmt 0 view .LVU390
 1244 0176 A368     		ldr	r3, [r4, #8]
 909:Drivers/STM32F4xx_HAL_Driver/Src/stm32f4xx_hal_spi.c ****   {
 1245              		.loc 1 909 6 view .LVU391
 1246 0178 33B9     		cbnz	r3, .L99
 911:Drivers/STM32F4xx_HAL_Driver/Src/stm32f4xx_hal_spi.c ****   }
 1247              		.loc 1 911 5 is_stmt 1 view .LVU392
 1248              	.LBB2:
 911:Drivers/STM32F4xx_HAL_Driver/Src/stm32f4xx_hal_spi.c ****   }
 1249              		.loc 1 911 5 view .LVU393
 1250 017a 0193     		str	r3, [sp, #4]
 911:Drivers/STM32F4xx_HAL_Driver/Src/stm32f4xx_hal_spi.c ****   }
 1251              		.loc 1 911 5 view .LVU394
 1252 017c 2368     		ldr	r3, [r4]
 1253 017e DA68     		ldr	r2, [r3, #12]
 1254 0180 0192     		str	r2, [sp, #4]
 911:Drivers/STM32F4xx_HAL_Driver/Src/stm32f4xx_hal_spi.c ****   }
 1255              		.loc 1 911 5 view .LVU395
ARM GAS  /tmp/cci2ucsl.s 			page 98


 1256 0182 9B68     		ldr	r3, [r3, #8]
 1257 0184 0193     		str	r3, [sp, #4]
 911:Drivers/STM32F4xx_HAL_Driver/Src/stm32f4xx_hal_spi.c ****   }
 1258              		.loc 1 911 5 view .LVU396
 1259 0186 019B     		ldr	r3, [sp, #4]
 1260              	.L99:
 1261              	.LBE2:
 911:Drivers/STM32F4xx_HAL_Driver/Src/stm32f4xx_hal_spi.c ****   }
 1262              		.loc 1 911 5 discriminator 1 view .LVU397
 914:Drivers/STM32F4xx_HAL_Driver/Src/stm32f4xx_hal_spi.c ****   /* Process Unlocked */
 1263              		.loc 1 914 3 view .LVU398
 914:Drivers/STM32F4xx_HAL_Driver/Src/stm32f4xx_hal_spi.c ****   /* Process Unlocked */
 1264              		.loc 1 914 15 is_stmt 0 view .LVU399
 1265 0188 0123     		movs	r3, #1
 1266 018a 84F85130 		strb	r3, [r4, #81]
 916:Drivers/STM32F4xx_HAL_Driver/Src/stm32f4xx_hal_spi.c **** 
 1267              		.loc 1 916 3 is_stmt 1 view .LVU400
 916:Drivers/STM32F4xx_HAL_Driver/Src/stm32f4xx_hal_spi.c **** 
 1268              		.loc 1 916 3 view .LVU401
 1269 018e 0023     		movs	r3, #0
 1270 0190 84F85030 		strb	r3, [r4, #80]
 916:Drivers/STM32F4xx_HAL_Driver/Src/stm32f4xx_hal_spi.c **** 
 1271              		.loc 1 916 3 view .LVU402
 918:Drivers/STM32F4xx_HAL_Driver/Src/stm32f4xx_hal_spi.c ****   {
 1272              		.loc 1 918 3 view .LVU403
 918:Drivers/STM32F4xx_HAL_Driver/Src/stm32f4xx_hal_spi.c ****   {
 1273              		.loc 1 918 11 is_stmt 0 view .LVU404
 1274 0194 636D     		ldr	r3, [r4, #84]
 918:Drivers/STM32F4xx_HAL_Driver/Src/stm32f4xx_hal_spi.c ****   {
 1275              		.loc 1 918 6 view .LVU405
 1276 0196 002B     		cmp	r3, #0
 1277 0198 7FF47FAF 		bne	.L73
 924:Drivers/STM32F4xx_HAL_Driver/Src/stm32f4xx_hal_spi.c ****   }
 1278              		.loc 1 924 12 view .LVU406
 1279 019c 1F46     		mov	r7, r3
 1280 019e 7CE7     		b	.L73
 1281              		.cfi_endproc
 1282              	.LFE224:
 1284              		.section	.text.HAL_SPI_TransmitReceive,"ax",%progbits
 1285              		.align	1
 1286              		.global	HAL_SPI_TransmitReceive
 1287              		.syntax unified
 1288              		.thumb
 1289              		.thumb_func
 1291              	HAL_SPI_TransmitReceive:
 1292              	.LVL57:
 1293              	.LFB226:
1142:Drivers/STM32F4xx_HAL_Driver/Src/stm32f4xx_hal_spi.c ****   uint16_t             initial_TxXferCount;
 1294              		.loc 1 1142 1 is_stmt 1 view -0
 1295              		.cfi_startproc
 1296              		@ args = 4, pretend = 0, frame = 8
 1297              		@ frame_needed = 0, uses_anonymous_args = 0
1142:Drivers/STM32F4xx_HAL_Driver/Src/stm32f4xx_hal_spi.c ****   uint16_t             initial_TxXferCount;
 1298              		.loc 1 1142 1 is_stmt 0 view .LVU408
 1299 0000 2DE9F043 		push	{r4, r5, r6, r7, r8, r9, lr}
 1300              	.LCFI21:
 1301              		.cfi_def_cfa_offset 28
ARM GAS  /tmp/cci2ucsl.s 			page 99


 1302              		.cfi_offset 4, -28
 1303              		.cfi_offset 5, -24
 1304              		.cfi_offset 6, -20
 1305              		.cfi_offset 7, -16
 1306              		.cfi_offset 8, -12
 1307              		.cfi_offset 9, -8
 1308              		.cfi_offset 14, -4
 1309 0004 83B0     		sub	sp, sp, #12
 1310              	.LCFI22:
 1311              		.cfi_def_cfa_offset 40
 1312 0006 0446     		mov	r4, r0
 1313 0008 0F46     		mov	r7, r1
 1314 000a 9146     		mov	r9, r2
 1315 000c 9846     		mov	r8, r3
 1316 000e 0A9D     		ldr	r5, [sp, #40]
1143:Drivers/STM32F4xx_HAL_Driver/Src/stm32f4xx_hal_spi.c ****   uint32_t             tmp_mode;
 1317              		.loc 1 1143 3 is_stmt 1 view .LVU409
1144:Drivers/STM32F4xx_HAL_Driver/Src/stm32f4xx_hal_spi.c ****   HAL_SPI_StateTypeDef tmp_state;
 1318              		.loc 1 1144 3 view .LVU410
1145:Drivers/STM32F4xx_HAL_Driver/Src/stm32f4xx_hal_spi.c ****   uint32_t             tickstart;
 1319              		.loc 1 1145 3 view .LVU411
1146:Drivers/STM32F4xx_HAL_Driver/Src/stm32f4xx_hal_spi.c **** #if (USE_SPI_CRC != 0U)
 1320              		.loc 1 1146 3 view .LVU412
1152:Drivers/STM32F4xx_HAL_Driver/Src/stm32f4xx_hal_spi.c **** 
 1321              		.loc 1 1152 3 view .LVU413
 1322              	.LVL58:
1155:Drivers/STM32F4xx_HAL_Driver/Src/stm32f4xx_hal_spi.c **** 
 1323              		.loc 1 1155 3 view .LVU414
1158:Drivers/STM32F4xx_HAL_Driver/Src/stm32f4xx_hal_spi.c **** 
 1324              		.loc 1 1158 3 view .LVU415
1158:Drivers/STM32F4xx_HAL_Driver/Src/stm32f4xx_hal_spi.c **** 
 1325              		.loc 1 1158 15 is_stmt 0 view .LVU416
 1326 0010 FFF7FEFF 		bl	HAL_GetTick
 1327              	.LVL59:
1158:Drivers/STM32F4xx_HAL_Driver/Src/stm32f4xx_hal_spi.c **** 
 1328              		.loc 1 1158 15 view .LVU417
 1329 0014 0646     		mov	r6, r0
 1330              	.LVL60:
1161:Drivers/STM32F4xx_HAL_Driver/Src/stm32f4xx_hal_spi.c ****   tmp_mode            = hspi->Init.Mode;
 1331              		.loc 1 1161 3 is_stmt 1 view .LVU418
1161:Drivers/STM32F4xx_HAL_Driver/Src/stm32f4xx_hal_spi.c ****   tmp_mode            = hspi->Init.Mode;
 1332              		.loc 1 1161 23 is_stmt 0 view .LVU419
 1333 0016 94F85130 		ldrb	r3, [r4, #81]	@ zero_extendqisi2
 1334              	.LVL61:
1162:Drivers/STM32F4xx_HAL_Driver/Src/stm32f4xx_hal_spi.c ****   initial_TxXferCount = Size;
 1335              		.loc 1 1162 3 is_stmt 1 view .LVU420
1162:Drivers/STM32F4xx_HAL_Driver/Src/stm32f4xx_hal_spi.c ****   initial_TxXferCount = Size;
 1336              		.loc 1 1162 23 is_stmt 0 view .LVU421
 1337 001a 6268     		ldr	r2, [r4, #4]
 1338              	.LVL62:
1163:Drivers/STM32F4xx_HAL_Driver/Src/stm32f4xx_hal_spi.c **** 
 1339              		.loc 1 1163 3 is_stmt 1 view .LVU422
1165:Drivers/STM32F4xx_HAL_Driver/Src/stm32f4xx_hal_spi.c ****         ((tmp_mode == SPI_MODE_MASTER) && (hspi->Init.Direction == SPI_DIRECTION_2LINES) &&
 1340              		.loc 1 1165 3 view .LVU423
1165:Drivers/STM32F4xx_HAL_Driver/Src/stm32f4xx_hal_spi.c ****         ((tmp_mode == SPI_MODE_MASTER) && (hspi->Init.Direction == SPI_DIRECTION_2LINES) &&
 1341              		.loc 1 1165 6 is_stmt 0 view .LVU424
 1342 001c 012B     		cmp	r3, #1
ARM GAS  /tmp/cci2ucsl.s 			page 100


 1343 001e 07D0     		beq	.L106
1165:Drivers/STM32F4xx_HAL_Driver/Src/stm32f4xx_hal_spi.c ****         ((tmp_mode == SPI_MODE_MASTER) && (hspi->Init.Direction == SPI_DIRECTION_2LINES) &&
 1344              		.loc 1 1165 7 discriminator 1 view .LVU425
 1345 0020 B2F5827F 		cmp	r2, #260
 1346 0024 4BD1     		bne	.L107
1166:Drivers/STM32F4xx_HAL_Driver/Src/stm32f4xx_hal_spi.c ****          (tmp_state == HAL_SPI_STATE_BUSY_RX))))
 1347              		.loc 1 1166 54 view .LVU426
 1348 0026 A268     		ldr	r2, [r4, #8]
 1349              	.LVL63:
1166:Drivers/STM32F4xx_HAL_Driver/Src/stm32f4xx_hal_spi.c ****          (tmp_state == HAL_SPI_STATE_BUSY_RX))))
 1350              		.loc 1 1166 40 view .LVU427
 1351 0028 002A     		cmp	r2, #0
 1352 002a 48D1     		bne	.L107
1166:Drivers/STM32F4xx_HAL_Driver/Src/stm32f4xx_hal_spi.c ****          (tmp_state == HAL_SPI_STATE_BUSY_RX))))
 1353              		.loc 1 1166 90 discriminator 1 view .LVU428
 1354 002c 042B     		cmp	r3, #4
 1355 002e 46D1     		bne	.L107
 1356              	.L106:
1172:Drivers/STM32F4xx_HAL_Driver/Src/stm32f4xx_hal_spi.c ****   {
 1357              		.loc 1 1172 3 is_stmt 1 view .LVU429
1172:Drivers/STM32F4xx_HAL_Driver/Src/stm32f4xx_hal_spi.c ****   {
 1358              		.loc 1 1172 6 is_stmt 0 view .LVU430
 1359 0030 002F     		cmp	r7, #0
 1360 0032 00F0F180 		beq	.L110
1172:Drivers/STM32F4xx_HAL_Driver/Src/stm32f4xx_hal_spi.c ****   {
 1361              		.loc 1 1172 25 discriminator 1 view .LVU431
 1362 0036 4B46     		mov	r3, r9
 1363              	.LVL64:
1172:Drivers/STM32F4xx_HAL_Driver/Src/stm32f4xx_hal_spi.c ****   {
 1364              		.loc 1 1172 25 discriminator 1 view .LVU432
 1365 0038 002B     		cmp	r3, #0
 1366 003a 00F0ED80 		beq	.L110
 1367              	.LVL65:
1172:Drivers/STM32F4xx_HAL_Driver/Src/stm32f4xx_hal_spi.c ****   {
 1368              		.loc 1 1172 46 discriminator 2 view .LVU433
 1369 003e 4346     		mov	r3, r8
 1370              	.LVL66:
1172:Drivers/STM32F4xx_HAL_Driver/Src/stm32f4xx_hal_spi.c ****   {
 1371              		.loc 1 1172 46 discriminator 2 view .LVU434
 1372 0040 002B     		cmp	r3, #0
 1373 0042 00F0E980 		beq	.L110
 1374              	.LVL67:
1178:Drivers/STM32F4xx_HAL_Driver/Src/stm32f4xx_hal_spi.c **** 
 1375              		.loc 1 1178 3 is_stmt 1 view .LVU435
1178:Drivers/STM32F4xx_HAL_Driver/Src/stm32f4xx_hal_spi.c **** 
 1376              		.loc 1 1178 3 view .LVU436
 1377 0046 94F85030 		ldrb	r3, [r4, #80]	@ zero_extendqisi2
 1378              	.LVL68:
1178:Drivers/STM32F4xx_HAL_Driver/Src/stm32f4xx_hal_spi.c **** 
 1379              		.loc 1 1178 3 is_stmt 0 view .LVU437
 1380 004a 012B     		cmp	r3, #1
 1381 004c 37D0     		beq	.L107
1178:Drivers/STM32F4xx_HAL_Driver/Src/stm32f4xx_hal_spi.c **** 
 1382              		.loc 1 1178 3 is_stmt 1 discriminator 2 view .LVU438
 1383 004e 0123     		movs	r3, #1
 1384 0050 84F85030 		strb	r3, [r4, #80]
1178:Drivers/STM32F4xx_HAL_Driver/Src/stm32f4xx_hal_spi.c **** 
ARM GAS  /tmp/cci2ucsl.s 			page 101


 1385              		.loc 1 1178 3 discriminator 2 view .LVU439
1181:Drivers/STM32F4xx_HAL_Driver/Src/stm32f4xx_hal_spi.c ****   {
 1386              		.loc 1 1181 3 view .LVU440
1181:Drivers/STM32F4xx_HAL_Driver/Src/stm32f4xx_hal_spi.c ****   {
 1387              		.loc 1 1181 11 is_stmt 0 view .LVU441
 1388 0054 94F85130 		ldrb	r3, [r4, #81]	@ zero_extendqisi2
1181:Drivers/STM32F4xx_HAL_Driver/Src/stm32f4xx_hal_spi.c ****   {
 1389              		.loc 1 1181 6 view .LVU442
 1390 0058 042B     		cmp	r3, #4
 1391 005a 02D0     		beq	.L112
1183:Drivers/STM32F4xx_HAL_Driver/Src/stm32f4xx_hal_spi.c ****   }
 1392              		.loc 1 1183 5 is_stmt 1 view .LVU443
1183:Drivers/STM32F4xx_HAL_Driver/Src/stm32f4xx_hal_spi.c ****   }
 1393              		.loc 1 1183 17 is_stmt 0 view .LVU444
 1394 005c 0523     		movs	r3, #5
 1395 005e 84F85130 		strb	r3, [r4, #81]
 1396              	.L112:
1187:Drivers/STM32F4xx_HAL_Driver/Src/stm32f4xx_hal_spi.c ****   hspi->pRxBuffPtr  = (uint8_t *)pRxData;
 1397              		.loc 1 1187 3 is_stmt 1 view .LVU445
1187:Drivers/STM32F4xx_HAL_Driver/Src/stm32f4xx_hal_spi.c ****   hspi->pRxBuffPtr  = (uint8_t *)pRxData;
 1398              		.loc 1 1187 21 is_stmt 0 view .LVU446
 1399 0062 0023     		movs	r3, #0
 1400 0064 6365     		str	r3, [r4, #84]
1188:Drivers/STM32F4xx_HAL_Driver/Src/stm32f4xx_hal_spi.c ****   hspi->RxXferCount = Size;
 1401              		.loc 1 1188 3 is_stmt 1 view .LVU447
1188:Drivers/STM32F4xx_HAL_Driver/Src/stm32f4xx_hal_spi.c ****   hspi->RxXferCount = Size;
 1402              		.loc 1 1188 21 is_stmt 0 view .LVU448
 1403 0066 C4F83890 		str	r9, [r4, #56]
1189:Drivers/STM32F4xx_HAL_Driver/Src/stm32f4xx_hal_spi.c ****   hspi->RxXferSize  = Size;
 1404              		.loc 1 1189 3 is_stmt 1 view .LVU449
1189:Drivers/STM32F4xx_HAL_Driver/Src/stm32f4xx_hal_spi.c ****   hspi->RxXferSize  = Size;
 1405              		.loc 1 1189 21 is_stmt 0 view .LVU450
 1406 006a A4F83E80 		strh	r8, [r4, #62]	@ movhi
1190:Drivers/STM32F4xx_HAL_Driver/Src/stm32f4xx_hal_spi.c ****   hspi->pTxBuffPtr  = (const uint8_t *)pTxData;
 1407              		.loc 1 1190 3 is_stmt 1 view .LVU451
1190:Drivers/STM32F4xx_HAL_Driver/Src/stm32f4xx_hal_spi.c ****   hspi->pTxBuffPtr  = (const uint8_t *)pTxData;
 1408              		.loc 1 1190 21 is_stmt 0 view .LVU452
 1409 006e A4F83C80 		strh	r8, [r4, #60]	@ movhi
1191:Drivers/STM32F4xx_HAL_Driver/Src/stm32f4xx_hal_spi.c ****   hspi->TxXferCount = Size;
 1410              		.loc 1 1191 3 is_stmt 1 view .LVU453
1191:Drivers/STM32F4xx_HAL_Driver/Src/stm32f4xx_hal_spi.c ****   hspi->TxXferCount = Size;
 1411              		.loc 1 1191 21 is_stmt 0 view .LVU454
 1412 0072 2763     		str	r7, [r4, #48]
1192:Drivers/STM32F4xx_HAL_Driver/Src/stm32f4xx_hal_spi.c ****   hspi->TxXferSize  = Size;
 1413              		.loc 1 1192 3 is_stmt 1 view .LVU455
1192:Drivers/STM32F4xx_HAL_Driver/Src/stm32f4xx_hal_spi.c ****   hspi->TxXferSize  = Size;
 1414              		.loc 1 1192 21 is_stmt 0 view .LVU456
 1415 0074 A4F83680 		strh	r8, [r4, #54]	@ movhi
1193:Drivers/STM32F4xx_HAL_Driver/Src/stm32f4xx_hal_spi.c **** 
 1416              		.loc 1 1193 3 is_stmt 1 view .LVU457
1193:Drivers/STM32F4xx_HAL_Driver/Src/stm32f4xx_hal_spi.c **** 
 1417              		.loc 1 1193 21 is_stmt 0 view .LVU458
 1418 0078 A4F83480 		strh	r8, [r4, #52]	@ movhi
1196:Drivers/STM32F4xx_HAL_Driver/Src/stm32f4xx_hal_spi.c ****   hspi->TxISR       = NULL;
 1419              		.loc 1 1196 3 is_stmt 1 view .LVU459
1196:Drivers/STM32F4xx_HAL_Driver/Src/stm32f4xx_hal_spi.c ****   hspi->TxISR       = NULL;
 1420              		.loc 1 1196 21 is_stmt 0 view .LVU460
ARM GAS  /tmp/cci2ucsl.s 			page 102


 1421 007c 2364     		str	r3, [r4, #64]
1197:Drivers/STM32F4xx_HAL_Driver/Src/stm32f4xx_hal_spi.c **** 
 1422              		.loc 1 1197 3 is_stmt 1 view .LVU461
1197:Drivers/STM32F4xx_HAL_Driver/Src/stm32f4xx_hal_spi.c **** 
 1423              		.loc 1 1197 21 is_stmt 0 view .LVU462
 1424 007e 6364     		str	r3, [r4, #68]
1208:Drivers/STM32F4xx_HAL_Driver/Src/stm32f4xx_hal_spi.c ****   {
 1425              		.loc 1 1208 3 is_stmt 1 view .LVU463
1208:Drivers/STM32F4xx_HAL_Driver/Src/stm32f4xx_hal_spi.c ****   {
 1426              		.loc 1 1208 12 is_stmt 0 view .LVU464
 1427 0080 2368     		ldr	r3, [r4]
1208:Drivers/STM32F4xx_HAL_Driver/Src/stm32f4xx_hal_spi.c ****   {
 1428              		.loc 1 1208 22 view .LVU465
 1429 0082 1A68     		ldr	r2, [r3]
1208:Drivers/STM32F4xx_HAL_Driver/Src/stm32f4xx_hal_spi.c ****   {
 1430              		.loc 1 1208 6 view .LVU466
 1431 0084 12F0400F 		tst	r2, #64
 1432 0088 03D1     		bne	.L113
1211:Drivers/STM32F4xx_HAL_Driver/Src/stm32f4xx_hal_spi.c ****   }
 1433              		.loc 1 1211 5 is_stmt 1 view .LVU467
 1434 008a 1A68     		ldr	r2, [r3]
 1435 008c 42F04002 		orr	r2, r2, #64
 1436 0090 1A60     		str	r2, [r3]
 1437              	.LVL69:
 1438              	.L113:
1215:Drivers/STM32F4xx_HAL_Driver/Src/stm32f4xx_hal_spi.c ****   {
 1439              		.loc 1 1215 3 view .LVU468
1215:Drivers/STM32F4xx_HAL_Driver/Src/stm32f4xx_hal_spi.c ****   {
 1440              		.loc 1 1215 17 is_stmt 0 view .LVU469
 1441 0092 E368     		ldr	r3, [r4, #12]
1215:Drivers/STM32F4xx_HAL_Driver/Src/stm32f4xx_hal_spi.c ****   {
 1442              		.loc 1 1215 6 view .LVU470
 1443 0094 B3F5006F 		cmp	r3, #2048
 1444 0098 15D0     		beq	.L143
1272:Drivers/STM32F4xx_HAL_Driver/Src/stm32f4xx_hal_spi.c ****     {
 1445              		.loc 1 1272 5 is_stmt 1 view .LVU471
1272:Drivers/STM32F4xx_HAL_Driver/Src/stm32f4xx_hal_spi.c ****     {
 1446              		.loc 1 1272 20 is_stmt 0 view .LVU472
 1447 009a 6368     		ldr	r3, [r4, #4]
1272:Drivers/STM32F4xx_HAL_Driver/Src/stm32f4xx_hal_spi.c ****     {
 1448              		.loc 1 1272 8 view .LVU473
 1449 009c 13B1     		cbz	r3, .L127
1272:Drivers/STM32F4xx_HAL_Driver/Src/stm32f4xx_hal_spi.c ****     {
 1450              		.loc 1 1272 45 discriminator 1 view .LVU474
 1451 009e 4346     		mov	r3, r8
 1452 00a0 012B     		cmp	r3, #1
 1453 00a2 09D1     		bne	.L128
 1454              	.L127:
1274:Drivers/STM32F4xx_HAL_Driver/Src/stm32f4xx_hal_spi.c ****       hspi->pTxBuffPtr += sizeof(uint8_t);
 1455              		.loc 1 1274 7 is_stmt 1 view .LVU475
1274:Drivers/STM32F4xx_HAL_Driver/Src/stm32f4xx_hal_spi.c ****       hspi->pTxBuffPtr += sizeof(uint8_t);
 1456              		.loc 1 1274 71 is_stmt 0 view .LVU476
 1457 00a4 226B     		ldr	r2, [r4, #48]
1274:Drivers/STM32F4xx_HAL_Driver/Src/stm32f4xx_hal_spi.c ****       hspi->pTxBuffPtr += sizeof(uint8_t);
 1458              		.loc 1 1274 30 view .LVU477
 1459 00a6 2368     		ldr	r3, [r4]
1274:Drivers/STM32F4xx_HAL_Driver/Src/stm32f4xx_hal_spi.c ****       hspi->pTxBuffPtr += sizeof(uint8_t);
ARM GAS  /tmp/cci2ucsl.s 			page 103


 1460              		.loc 1 1274 48 view .LVU478
 1461 00a8 1278     		ldrb	r2, [r2]	@ zero_extendqisi2
1274:Drivers/STM32F4xx_HAL_Driver/Src/stm32f4xx_hal_spi.c ****       hspi->pTxBuffPtr += sizeof(uint8_t);
 1462              		.loc 1 1274 46 view .LVU479
 1463 00aa 1A73     		strb	r2, [r3, #12]
1275:Drivers/STM32F4xx_HAL_Driver/Src/stm32f4xx_hal_spi.c ****       hspi->TxXferCount--;
 1464              		.loc 1 1275 7 is_stmt 1 view .LVU480
1275:Drivers/STM32F4xx_HAL_Driver/Src/stm32f4xx_hal_spi.c ****       hspi->TxXferCount--;
 1465              		.loc 1 1275 11 is_stmt 0 view .LVU481
 1466 00ac 236B     		ldr	r3, [r4, #48]
1275:Drivers/STM32F4xx_HAL_Driver/Src/stm32f4xx_hal_spi.c ****       hspi->TxXferCount--;
 1467              		.loc 1 1275 24 view .LVU482
 1468 00ae 0133     		adds	r3, r3, #1
 1469 00b0 2363     		str	r3, [r4, #48]
1276:Drivers/STM32F4xx_HAL_Driver/Src/stm32f4xx_hal_spi.c **** 
 1470              		.loc 1 1276 7 is_stmt 1 view .LVU483
1276:Drivers/STM32F4xx_HAL_Driver/Src/stm32f4xx_hal_spi.c **** 
 1471              		.loc 1 1276 11 is_stmt 0 view .LVU484
 1472 00b2 E38E     		ldrh	r3, [r4, #54]
1276:Drivers/STM32F4xx_HAL_Driver/Src/stm32f4xx_hal_spi.c **** 
 1473              		.loc 1 1276 24 view .LVU485
 1474 00b4 013B     		subs	r3, r3, #1
 1475 00b6 E386     		strh	r3, [r4, #54]	@ movhi
 1476              	.L128:
1313:Drivers/STM32F4xx_HAL_Driver/Src/stm32f4xx_hal_spi.c ****       }
 1477              		.loc 1 1313 19 view .LVU486
 1478 00b8 0123     		movs	r3, #1
 1479 00ba 1F46     		mov	r7, r3
 1480              	.LVL70:
1313:Drivers/STM32F4xx_HAL_Driver/Src/stm32f4xx_hal_spi.c ****       }
 1481              		.loc 1 1313 19 view .LVU487
 1482 00bc 6AE0     		b	.L137
 1483              	.LVL71:
 1484              	.L107:
1169:Drivers/STM32F4xx_HAL_Driver/Src/stm32f4xx_hal_spi.c ****   }
 1485              		.loc 1 1169 12 view .LVU488
 1486 00be 0220     		movs	r0, #2
 1487              	.LVL72:
 1488              	.L109:
1381:Drivers/STM32F4xx_HAL_Driver/Src/stm32f4xx_hal_spi.c **** 
 1489              		.loc 1 1381 1 view .LVU489
 1490 00c0 03B0     		add	sp, sp, #12
 1491              	.LCFI23:
 1492              		.cfi_remember_state
 1493              		.cfi_def_cfa_offset 28
 1494              		@ sp needed
 1495 00c2 BDE8F083 		pop	{r4, r5, r6, r7, r8, r9, pc}
 1496              	.LVL73:
 1497              	.L143:
 1498              	.LCFI24:
 1499              		.cfi_restore_state
1217:Drivers/STM32F4xx_HAL_Driver/Src/stm32f4xx_hal_spi.c ****     {
 1500              		.loc 1 1217 5 is_stmt 1 view .LVU490
1217:Drivers/STM32F4xx_HAL_Driver/Src/stm32f4xx_hal_spi.c ****     {
 1501              		.loc 1 1217 20 is_stmt 0 view .LVU491
 1502 00c6 6368     		ldr	r3, [r4, #4]
1217:Drivers/STM32F4xx_HAL_Driver/Src/stm32f4xx_hal_spi.c ****     {
ARM GAS  /tmp/cci2ucsl.s 			page 104


 1503              		.loc 1 1217 8 view .LVU492
 1504 00c8 13B1     		cbz	r3, .L115
1217:Drivers/STM32F4xx_HAL_Driver/Src/stm32f4xx_hal_spi.c ****     {
 1505              		.loc 1 1217 45 discriminator 1 view .LVU493
 1506 00ca 4346     		mov	r3, r8
 1507 00cc 012B     		cmp	r3, #1
 1508 00ce 09D1     		bne	.L116
 1509              	.L115:
1219:Drivers/STM32F4xx_HAL_Driver/Src/stm32f4xx_hal_spi.c ****       hspi->pTxBuffPtr += sizeof(uint16_t);
 1510              		.loc 1 1219 7 is_stmt 1 view .LVU494
1219:Drivers/STM32F4xx_HAL_Driver/Src/stm32f4xx_hal_spi.c ****       hspi->pTxBuffPtr += sizeof(uint16_t);
 1511              		.loc 1 1219 52 is_stmt 0 view .LVU495
 1512 00d0 226B     		ldr	r2, [r4, #48]
1219:Drivers/STM32F4xx_HAL_Driver/Src/stm32f4xx_hal_spi.c ****       hspi->pTxBuffPtr += sizeof(uint16_t);
 1513              		.loc 1 1219 11 view .LVU496
 1514 00d2 2368     		ldr	r3, [r4]
1219:Drivers/STM32F4xx_HAL_Driver/Src/stm32f4xx_hal_spi.c ****       hspi->pTxBuffPtr += sizeof(uint16_t);
 1515              		.loc 1 1219 28 view .LVU497
 1516 00d4 1288     		ldrh	r2, [r2]
1219:Drivers/STM32F4xx_HAL_Driver/Src/stm32f4xx_hal_spi.c ****       hspi->pTxBuffPtr += sizeof(uint16_t);
 1517              		.loc 1 1219 26 view .LVU498
 1518 00d6 DA60     		str	r2, [r3, #12]
1220:Drivers/STM32F4xx_HAL_Driver/Src/stm32f4xx_hal_spi.c ****       hspi->TxXferCount--;
 1519              		.loc 1 1220 7 is_stmt 1 view .LVU499
1220:Drivers/STM32F4xx_HAL_Driver/Src/stm32f4xx_hal_spi.c ****       hspi->TxXferCount--;
 1520              		.loc 1 1220 11 is_stmt 0 view .LVU500
 1521 00d8 236B     		ldr	r3, [r4, #48]
1220:Drivers/STM32F4xx_HAL_Driver/Src/stm32f4xx_hal_spi.c ****       hspi->TxXferCount--;
 1522              		.loc 1 1220 24 view .LVU501
 1523 00da 0233     		adds	r3, r3, #2
 1524 00dc 2363     		str	r3, [r4, #48]
1221:Drivers/STM32F4xx_HAL_Driver/Src/stm32f4xx_hal_spi.c **** 
 1525              		.loc 1 1221 7 is_stmt 1 view .LVU502
1221:Drivers/STM32F4xx_HAL_Driver/Src/stm32f4xx_hal_spi.c **** 
 1526              		.loc 1 1221 11 is_stmt 0 view .LVU503
 1527 00de E38E     		ldrh	r3, [r4, #54]
1221:Drivers/STM32F4xx_HAL_Driver/Src/stm32f4xx_hal_spi.c **** 
 1528              		.loc 1 1221 24 view .LVU504
 1529 00e0 013B     		subs	r3, r3, #1
 1530 00e2 E386     		strh	r3, [r4, #54]	@ movhi
 1531              	.L116:
1259:Drivers/STM32F4xx_HAL_Driver/Src/stm32f4xx_hal_spi.c ****       }
 1532              		.loc 1 1259 19 view .LVU505
 1533 00e4 0123     		movs	r3, #1
 1534 00e6 1F46     		mov	r7, r3
 1535              	.LVL74:
1259:Drivers/STM32F4xx_HAL_Driver/Src/stm32f4xx_hal_spi.c ****       }
 1536              		.loc 1 1259 19 view .LVU506
 1537 00e8 18E0     		b	.L124
 1538              	.LVL75:
 1539              	.L118:
1253:Drivers/STM32F4xx_HAL_Driver/Src/stm32f4xx_hal_spi.c ****       {
 1540              		.loc 1 1253 7 is_stmt 1 view .LVU507
1253:Drivers/STM32F4xx_HAL_Driver/Src/stm32f4xx_hal_spi.c ****       {
 1541              		.loc 1 1253 12 is_stmt 0 view .LVU508
 1542 00ea 2268     		ldr	r2, [r4]
 1543 00ec 9368     		ldr	r3, [r2, #8]
ARM GAS  /tmp/cci2ucsl.s 			page 105


1253:Drivers/STM32F4xx_HAL_Driver/Src/stm32f4xx_hal_spi.c ****       {
 1544              		.loc 1 1253 10 view .LVU509
 1545 00ee 13F00103 		ands	r3, r3, #1
 1546 00f2 0BD0     		beq	.L121
1253:Drivers/STM32F4xx_HAL_Driver/Src/stm32f4xx_hal_spi.c ****       {
 1547              		.loc 1 1253 61 discriminator 1 view .LVU510
 1548 00f4 E18F     		ldrh	r1, [r4, #62]
1253:Drivers/STM32F4xx_HAL_Driver/Src/stm32f4xx_hal_spi.c ****       {
 1549              		.loc 1 1253 53 discriminator 1 view .LVU511
 1550 00f6 49B1     		cbz	r1, .L121
1255:Drivers/STM32F4xx_HAL_Driver/Src/stm32f4xx_hal_spi.c ****         hspi->pRxBuffPtr += sizeof(uint16_t);
 1551              		.loc 1 1255 9 is_stmt 1 view .LVU512
1255:Drivers/STM32F4xx_HAL_Driver/Src/stm32f4xx_hal_spi.c ****         hspi->pRxBuffPtr += sizeof(uint16_t);
 1552              		.loc 1 1255 67 is_stmt 0 view .LVU513
 1553 00f8 D168     		ldr	r1, [r2, #12]
1255:Drivers/STM32F4xx_HAL_Driver/Src/stm32f4xx_hal_spi.c ****         hspi->pRxBuffPtr += sizeof(uint16_t);
 1554              		.loc 1 1255 27 view .LVU514
 1555 00fa A26B     		ldr	r2, [r4, #56]
1255:Drivers/STM32F4xx_HAL_Driver/Src/stm32f4xx_hal_spi.c ****         hspi->pRxBuffPtr += sizeof(uint16_t);
 1556              		.loc 1 1255 41 view .LVU515
 1557 00fc 1180     		strh	r1, [r2]	@ movhi
1256:Drivers/STM32F4xx_HAL_Driver/Src/stm32f4xx_hal_spi.c ****         hspi->RxXferCount--;
 1558              		.loc 1 1256 9 is_stmt 1 view .LVU516
1256:Drivers/STM32F4xx_HAL_Driver/Src/stm32f4xx_hal_spi.c ****         hspi->RxXferCount--;
 1559              		.loc 1 1256 13 is_stmt 0 view .LVU517
 1560 00fe A26B     		ldr	r2, [r4, #56]
1256:Drivers/STM32F4xx_HAL_Driver/Src/stm32f4xx_hal_spi.c ****         hspi->RxXferCount--;
 1561              		.loc 1 1256 26 view .LVU518
 1562 0100 0232     		adds	r2, r2, #2
 1563 0102 A263     		str	r2, [r4, #56]
1257:Drivers/STM32F4xx_HAL_Driver/Src/stm32f4xx_hal_spi.c ****         /* Next Data is a Transmission (Tx). Tx is allowed */
 1564              		.loc 1 1257 9 is_stmt 1 view .LVU519
1257:Drivers/STM32F4xx_HAL_Driver/Src/stm32f4xx_hal_spi.c ****         /* Next Data is a Transmission (Tx). Tx is allowed */
 1565              		.loc 1 1257 13 is_stmt 0 view .LVU520
 1566 0104 E28F     		ldrh	r2, [r4, #62]
1257:Drivers/STM32F4xx_HAL_Driver/Src/stm32f4xx_hal_spi.c ****         /* Next Data is a Transmission (Tx). Tx is allowed */
 1567              		.loc 1 1257 26 view .LVU521
 1568 0106 013A     		subs	r2, r2, #1
 1569 0108 E287     		strh	r2, [r4, #62]	@ movhi
1259:Drivers/STM32F4xx_HAL_Driver/Src/stm32f4xx_hal_spi.c ****       }
 1570              		.loc 1 1259 9 is_stmt 1 view .LVU522
 1571              	.LVL76:
1259:Drivers/STM32F4xx_HAL_Driver/Src/stm32f4xx_hal_spi.c ****       }
 1572              		.loc 1 1259 19 is_stmt 0 view .LVU523
 1573 010a 1F46     		mov	r7, r3
 1574              	.LVL77:
 1575              	.L121:
1261:Drivers/STM32F4xx_HAL_Driver/Src/stm32f4xx_hal_spi.c ****       {
 1576              		.loc 1 1261 7 is_stmt 1 view .LVU524
1261:Drivers/STM32F4xx_HAL_Driver/Src/stm32f4xx_hal_spi.c ****       {
 1577              		.loc 1 1261 13 is_stmt 0 view .LVU525
 1578 010c FFF7FEFF 		bl	HAL_GetTick
 1579              	.LVL78:
1261:Drivers/STM32F4xx_HAL_Driver/Src/stm32f4xx_hal_spi.c ****       {
 1580              		.loc 1 1261 27 discriminator 1 view .LVU526
 1581 0110 801B     		subs	r0, r0, r6
1261:Drivers/STM32F4xx_HAL_Driver/Src/stm32f4xx_hal_spi.c ****       {
ARM GAS  /tmp/cci2ucsl.s 			page 106


 1582              		.loc 1 1261 10 discriminator 1 view .LVU527
 1583 0112 A842     		cmp	r0, r5
 1584 0114 02D3     		bcc	.L124
1261:Drivers/STM32F4xx_HAL_Driver/Src/stm32f4xx_hal_spi.c ****       {
 1585              		.loc 1 1261 53 discriminator 2 view .LVU528
 1586 0116 B5F1FF3F 		cmp	r5, #-1
 1587 011a 1AD1     		bne	.L144
 1588              	.LVL79:
 1589              	.L124:
1232:Drivers/STM32F4xx_HAL_Driver/Src/stm32f4xx_hal_spi.c ****     {
 1590              		.loc 1 1232 37 is_stmt 1 discriminator 1 view .LVU529
1232:Drivers/STM32F4xx_HAL_Driver/Src/stm32f4xx_hal_spi.c ****     {
 1591              		.loc 1 1232 17 is_stmt 0 discriminator 1 view .LVU530
 1592 011c E38E     		ldrh	r3, [r4, #54]
1232:Drivers/STM32F4xx_HAL_Driver/Src/stm32f4xx_hal_spi.c ****     {
 1593              		.loc 1 1232 37 discriminator 1 view .LVU531
 1594 011e 13B9     		cbnz	r3, .L125
1232:Drivers/STM32F4xx_HAL_Driver/Src/stm32f4xx_hal_spi.c ****     {
 1595              		.loc 1 1232 45 discriminator 2 view .LVU532
 1596 0120 E38F     		ldrh	r3, [r4, #62]
1232:Drivers/STM32F4xx_HAL_Driver/Src/stm32f4xx_hal_spi.c ****     {
 1597              		.loc 1 1232 37 discriminator 2 view .LVU533
 1598 0122 002B     		cmp	r3, #0
 1599 0124 58D0     		beq	.L126
 1600              	.L125:
1235:Drivers/STM32F4xx_HAL_Driver/Src/stm32f4xx_hal_spi.c ****       {
 1601              		.loc 1 1235 7 is_stmt 1 view .LVU534
1235:Drivers/STM32F4xx_HAL_Driver/Src/stm32f4xx_hal_spi.c ****       {
 1602              		.loc 1 1235 12 is_stmt 0 view .LVU535
 1603 0126 2368     		ldr	r3, [r4]
 1604 0128 9A68     		ldr	r2, [r3, #8]
1235:Drivers/STM32F4xx_HAL_Driver/Src/stm32f4xx_hal_spi.c ****       {
 1605              		.loc 1 1235 10 view .LVU536
 1606 012a 12F0020F 		tst	r2, #2
 1607 012e DCD0     		beq	.L118
1235:Drivers/STM32F4xx_HAL_Driver/Src/stm32f4xx_hal_spi.c ****       {
 1608              		.loc 1 1235 60 discriminator 1 view .LVU537
 1609 0130 E28E     		ldrh	r2, [r4, #54]
1235:Drivers/STM32F4xx_HAL_Driver/Src/stm32f4xx_hal_spi.c ****       {
 1610              		.loc 1 1235 52 discriminator 1 view .LVU538
 1611 0132 002A     		cmp	r2, #0
 1612 0134 D9D0     		beq	.L118
1235:Drivers/STM32F4xx_HAL_Driver/Src/stm32f4xx_hal_spi.c ****       {
 1613              		.loc 1 1235 80 discriminator 2 view .LVU539
 1614 0136 002F     		cmp	r7, #0
 1615 0138 D7D0     		beq	.L118
1237:Drivers/STM32F4xx_HAL_Driver/Src/stm32f4xx_hal_spi.c ****         hspi->pTxBuffPtr += sizeof(uint16_t);
 1616              		.loc 1 1237 9 is_stmt 1 view .LVU540
1237:Drivers/STM32F4xx_HAL_Driver/Src/stm32f4xx_hal_spi.c ****         hspi->pTxBuffPtr += sizeof(uint16_t);
 1617              		.loc 1 1237 54 is_stmt 0 view .LVU541
 1618 013a 226B     		ldr	r2, [r4, #48]
1237:Drivers/STM32F4xx_HAL_Driver/Src/stm32f4xx_hal_spi.c ****         hspi->pTxBuffPtr += sizeof(uint16_t);
 1619              		.loc 1 1237 30 view .LVU542
 1620 013c 1288     		ldrh	r2, [r2]
1237:Drivers/STM32F4xx_HAL_Driver/Src/stm32f4xx_hal_spi.c ****         hspi->pTxBuffPtr += sizeof(uint16_t);
 1621              		.loc 1 1237 28 view .LVU543
 1622 013e DA60     		str	r2, [r3, #12]
ARM GAS  /tmp/cci2ucsl.s 			page 107


1238:Drivers/STM32F4xx_HAL_Driver/Src/stm32f4xx_hal_spi.c ****         hspi->TxXferCount--;
 1623              		.loc 1 1238 9 is_stmt 1 view .LVU544
1238:Drivers/STM32F4xx_HAL_Driver/Src/stm32f4xx_hal_spi.c ****         hspi->TxXferCount--;
 1624              		.loc 1 1238 13 is_stmt 0 view .LVU545
 1625 0140 236B     		ldr	r3, [r4, #48]
1238:Drivers/STM32F4xx_HAL_Driver/Src/stm32f4xx_hal_spi.c ****         hspi->TxXferCount--;
 1626              		.loc 1 1238 26 view .LVU546
 1627 0142 0233     		adds	r3, r3, #2
 1628 0144 2363     		str	r3, [r4, #48]
1239:Drivers/STM32F4xx_HAL_Driver/Src/stm32f4xx_hal_spi.c ****         /* Next Data is a reception (Rx). Tx not allowed */
 1629              		.loc 1 1239 9 is_stmt 1 view .LVU547
1239:Drivers/STM32F4xx_HAL_Driver/Src/stm32f4xx_hal_spi.c ****         /* Next Data is a reception (Rx). Tx not allowed */
 1630              		.loc 1 1239 13 is_stmt 0 view .LVU548
 1631 0146 E38E     		ldrh	r3, [r4, #54]
1239:Drivers/STM32F4xx_HAL_Driver/Src/stm32f4xx_hal_spi.c ****         /* Next Data is a reception (Rx). Tx not allowed */
 1632              		.loc 1 1239 26 view .LVU549
 1633 0148 013B     		subs	r3, r3, #1
 1634 014a E386     		strh	r3, [r4, #54]	@ movhi
1241:Drivers/STM32F4xx_HAL_Driver/Src/stm32f4xx_hal_spi.c **** 
 1635              		.loc 1 1241 9 is_stmt 1 view .LVU550
 1636              	.LVL80:
1241:Drivers/STM32F4xx_HAL_Driver/Src/stm32f4xx_hal_spi.c **** 
 1637              		.loc 1 1241 19 is_stmt 0 view .LVU551
 1638 014c 0023     		movs	r3, #0
 1639 014e 1F46     		mov	r7, r3
 1640 0150 CBE7     		b	.L118
 1641              	.LVL81:
 1642              	.L144:
1263:Drivers/STM32F4xx_HAL_Driver/Src/stm32f4xx_hal_spi.c ****         __HAL_UNLOCK(hspi);
 1643              		.loc 1 1263 9 is_stmt 1 view .LVU552
1263:Drivers/STM32F4xx_HAL_Driver/Src/stm32f4xx_hal_spi.c ****         __HAL_UNLOCK(hspi);
 1644              		.loc 1 1263 21 is_stmt 0 view .LVU553
 1645 0152 0123     		movs	r3, #1
 1646 0154 84F85130 		strb	r3, [r4, #81]
1264:Drivers/STM32F4xx_HAL_Driver/Src/stm32f4xx_hal_spi.c ****         return HAL_TIMEOUT;
 1647              		.loc 1 1264 9 is_stmt 1 view .LVU554
1264:Drivers/STM32F4xx_HAL_Driver/Src/stm32f4xx_hal_spi.c ****         return HAL_TIMEOUT;
 1648              		.loc 1 1264 9 view .LVU555
 1649 0158 0023     		movs	r3, #0
 1650 015a 84F85030 		strb	r3, [r4, #80]
1264:Drivers/STM32F4xx_HAL_Driver/Src/stm32f4xx_hal_spi.c ****         return HAL_TIMEOUT;
 1651              		.loc 1 1264 9 view .LVU556
1265:Drivers/STM32F4xx_HAL_Driver/Src/stm32f4xx_hal_spi.c ****       }
 1652              		.loc 1 1265 9 view .LVU557
1265:Drivers/STM32F4xx_HAL_Driver/Src/stm32f4xx_hal_spi.c ****       }
 1653              		.loc 1 1265 16 is_stmt 0 view .LVU558
 1654 015e 39E0     		b	.L138
 1655              	.LVL82:
 1656              	.L130:
1307:Drivers/STM32F4xx_HAL_Driver/Src/stm32f4xx_hal_spi.c ****       {
 1657              		.loc 1 1307 7 is_stmt 1 view .LVU559
1307:Drivers/STM32F4xx_HAL_Driver/Src/stm32f4xx_hal_spi.c ****       {
 1658              		.loc 1 1307 12 is_stmt 0 view .LVU560
 1659 0160 2268     		ldr	r2, [r4]
 1660 0162 9368     		ldr	r3, [r2, #8]
1307:Drivers/STM32F4xx_HAL_Driver/Src/stm32f4xx_hal_spi.c ****       {
 1661              		.loc 1 1307 10 view .LVU561
ARM GAS  /tmp/cci2ucsl.s 			page 108


 1662 0164 13F00103 		ands	r3, r3, #1
 1663 0168 0BD0     		beq	.L133
1307:Drivers/STM32F4xx_HAL_Driver/Src/stm32f4xx_hal_spi.c ****       {
 1664              		.loc 1 1307 61 discriminator 1 view .LVU562
 1665 016a E18F     		ldrh	r1, [r4, #62]
1307:Drivers/STM32F4xx_HAL_Driver/Src/stm32f4xx_hal_spi.c ****       {
 1666              		.loc 1 1307 53 discriminator 1 view .LVU563
 1667 016c 49B1     		cbz	r1, .L133
1309:Drivers/STM32F4xx_HAL_Driver/Src/stm32f4xx_hal_spi.c ****         hspi->pRxBuffPtr++;
 1668              		.loc 1 1309 9 is_stmt 1 view .LVU564
1309:Drivers/STM32F4xx_HAL_Driver/Src/stm32f4xx_hal_spi.c ****         hspi->pRxBuffPtr++;
 1669              		.loc 1 1309 56 is_stmt 0 view .LVU565
 1670 016e D168     		ldr	r1, [r2, #12]
1309:Drivers/STM32F4xx_HAL_Driver/Src/stm32f4xx_hal_spi.c ****         hspi->pRxBuffPtr++;
 1671              		.loc 1 1309 26 view .LVU566
 1672 0170 A26B     		ldr	r2, [r4, #56]
1309:Drivers/STM32F4xx_HAL_Driver/Src/stm32f4xx_hal_spi.c ****         hspi->pRxBuffPtr++;
 1673              		.loc 1 1309 40 view .LVU567
 1674 0172 1170     		strb	r1, [r2]
1310:Drivers/STM32F4xx_HAL_Driver/Src/stm32f4xx_hal_spi.c ****         hspi->RxXferCount--;
 1675              		.loc 1 1310 9 is_stmt 1 view .LVU568
1310:Drivers/STM32F4xx_HAL_Driver/Src/stm32f4xx_hal_spi.c ****         hspi->RxXferCount--;
 1676              		.loc 1 1310 13 is_stmt 0 view .LVU569
 1677 0174 A26B     		ldr	r2, [r4, #56]
1310:Drivers/STM32F4xx_HAL_Driver/Src/stm32f4xx_hal_spi.c ****         hspi->RxXferCount--;
 1678              		.loc 1 1310 25 view .LVU570
 1679 0176 0132     		adds	r2, r2, #1
 1680 0178 A263     		str	r2, [r4, #56]
1311:Drivers/STM32F4xx_HAL_Driver/Src/stm32f4xx_hal_spi.c ****         /* Next Data is a Transmission (Tx). Tx is allowed */
 1681              		.loc 1 1311 9 is_stmt 1 view .LVU571
1311:Drivers/STM32F4xx_HAL_Driver/Src/stm32f4xx_hal_spi.c ****         /* Next Data is a Transmission (Tx). Tx is allowed */
 1682              		.loc 1 1311 13 is_stmt 0 view .LVU572
 1683 017a E28F     		ldrh	r2, [r4, #62]
1311:Drivers/STM32F4xx_HAL_Driver/Src/stm32f4xx_hal_spi.c ****         /* Next Data is a Transmission (Tx). Tx is allowed */
 1684              		.loc 1 1311 26 view .LVU573
 1685 017c 013A     		subs	r2, r2, #1
 1686 017e E287     		strh	r2, [r4, #62]	@ movhi
1313:Drivers/STM32F4xx_HAL_Driver/Src/stm32f4xx_hal_spi.c ****       }
 1687              		.loc 1 1313 9 is_stmt 1 view .LVU574
 1688              	.LVL83:
1313:Drivers/STM32F4xx_HAL_Driver/Src/stm32f4xx_hal_spi.c ****       }
 1689              		.loc 1 1313 19 is_stmt 0 view .LVU575
 1690 0180 1F46     		mov	r7, r3
 1691              	.LVL84:
 1692              	.L133:
1315:Drivers/STM32F4xx_HAL_Driver/Src/stm32f4xx_hal_spi.c ****       {
 1693              		.loc 1 1315 7 is_stmt 1 view .LVU576
1315:Drivers/STM32F4xx_HAL_Driver/Src/stm32f4xx_hal_spi.c ****       {
 1694              		.loc 1 1315 14 is_stmt 0 view .LVU577
 1695 0182 FFF7FEFF 		bl	HAL_GetTick
 1696              	.LVL85:
1315:Drivers/STM32F4xx_HAL_Driver/Src/stm32f4xx_hal_spi.c ****       {
 1697              		.loc 1 1315 28 discriminator 1 view .LVU578
 1698 0186 831B     		subs	r3, r0, r6
1315:Drivers/STM32F4xx_HAL_Driver/Src/stm32f4xx_hal_spi.c ****       {
 1699              		.loc 1 1315 10 discriminator 1 view .LVU579
 1700 0188 AB42     		cmp	r3, r5
ARM GAS  /tmp/cci2ucsl.s 			page 109


 1701 018a 02D3     		bcc	.L135
1315:Drivers/STM32F4xx_HAL_Driver/Src/stm32f4xx_hal_spi.c ****       {
 1702              		.loc 1 1315 54 discriminator 2 view .LVU580
 1703 018c B5F1FF3F 		cmp	r5, #-1
 1704 0190 1AD1     		bne	.L136
 1705              	.L135:
1315:Drivers/STM32F4xx_HAL_Driver/Src/stm32f4xx_hal_spi.c ****       {
 1706              		.loc 1 1315 87 discriminator 3 view .LVU581
 1707 0192 CDB1     		cbz	r5, .L136
 1708              	.LVL86:
 1709              	.L137:
1286:Drivers/STM32F4xx_HAL_Driver/Src/stm32f4xx_hal_spi.c ****     {
 1710              		.loc 1 1286 37 is_stmt 1 discriminator 1 view .LVU582
1286:Drivers/STM32F4xx_HAL_Driver/Src/stm32f4xx_hal_spi.c ****     {
 1711              		.loc 1 1286 17 is_stmt 0 discriminator 1 view .LVU583
 1712 0194 E38E     		ldrh	r3, [r4, #54]
1286:Drivers/STM32F4xx_HAL_Driver/Src/stm32f4xx_hal_spi.c ****     {
 1713              		.loc 1 1286 37 discriminator 1 view .LVU584
 1714 0196 0BB9     		cbnz	r3, .L139
1286:Drivers/STM32F4xx_HAL_Driver/Src/stm32f4xx_hal_spi.c ****     {
 1715              		.loc 1 1286 45 discriminator 2 view .LVU585
 1716 0198 E38F     		ldrh	r3, [r4, #62]
1286:Drivers/STM32F4xx_HAL_Driver/Src/stm32f4xx_hal_spi.c ****     {
 1717              		.loc 1 1286 37 discriminator 2 view .LVU586
 1718 019a EBB1     		cbz	r3, .L126
 1719              	.L139:
1289:Drivers/STM32F4xx_HAL_Driver/Src/stm32f4xx_hal_spi.c ****       {
 1720              		.loc 1 1289 7 is_stmt 1 view .LVU587
1289:Drivers/STM32F4xx_HAL_Driver/Src/stm32f4xx_hal_spi.c ****       {
 1721              		.loc 1 1289 12 is_stmt 0 view .LVU588
 1722 019c 2368     		ldr	r3, [r4]
 1723 019e 9A68     		ldr	r2, [r3, #8]
1289:Drivers/STM32F4xx_HAL_Driver/Src/stm32f4xx_hal_spi.c ****       {
 1724              		.loc 1 1289 10 view .LVU589
 1725 01a0 12F0020F 		tst	r2, #2
 1726 01a4 DCD0     		beq	.L130
1289:Drivers/STM32F4xx_HAL_Driver/Src/stm32f4xx_hal_spi.c ****       {
 1727              		.loc 1 1289 60 discriminator 1 view .LVU590
 1728 01a6 E28E     		ldrh	r2, [r4, #54]
1289:Drivers/STM32F4xx_HAL_Driver/Src/stm32f4xx_hal_spi.c ****       {
 1729              		.loc 1 1289 52 discriminator 1 view .LVU591
 1730 01a8 002A     		cmp	r2, #0
 1731 01aa D9D0     		beq	.L130
1289:Drivers/STM32F4xx_HAL_Driver/Src/stm32f4xx_hal_spi.c ****       {
 1732              		.loc 1 1289 80 discriminator 2 view .LVU592
 1733 01ac 002F     		cmp	r7, #0
 1734 01ae D7D0     		beq	.L130
1291:Drivers/STM32F4xx_HAL_Driver/Src/stm32f4xx_hal_spi.c ****         hspi->pTxBuffPtr++;
 1735              		.loc 1 1291 9 is_stmt 1 view .LVU593
1291:Drivers/STM32F4xx_HAL_Driver/Src/stm32f4xx_hal_spi.c ****         hspi->pTxBuffPtr++;
 1736              		.loc 1 1291 71 is_stmt 0 view .LVU594
 1737 01b0 226B     		ldr	r2, [r4, #48]
1291:Drivers/STM32F4xx_HAL_Driver/Src/stm32f4xx_hal_spi.c ****         hspi->pTxBuffPtr++;
 1738              		.loc 1 1291 48 view .LVU595
 1739 01b2 1278     		ldrb	r2, [r2]	@ zero_extendqisi2
1291:Drivers/STM32F4xx_HAL_Driver/Src/stm32f4xx_hal_spi.c ****         hspi->pTxBuffPtr++;
 1740              		.loc 1 1291 46 view .LVU596
ARM GAS  /tmp/cci2ucsl.s 			page 110


 1741 01b4 1A73     		strb	r2, [r3, #12]
1292:Drivers/STM32F4xx_HAL_Driver/Src/stm32f4xx_hal_spi.c ****         hspi->TxXferCount--;
 1742              		.loc 1 1292 9 is_stmt 1 view .LVU597
1292:Drivers/STM32F4xx_HAL_Driver/Src/stm32f4xx_hal_spi.c ****         hspi->TxXferCount--;
 1743              		.loc 1 1292 13 is_stmt 0 view .LVU598
 1744 01b6 236B     		ldr	r3, [r4, #48]
1292:Drivers/STM32F4xx_HAL_Driver/Src/stm32f4xx_hal_spi.c ****         hspi->TxXferCount--;
 1745              		.loc 1 1292 25 view .LVU599
 1746 01b8 0133     		adds	r3, r3, #1
 1747 01ba 2363     		str	r3, [r4, #48]
1293:Drivers/STM32F4xx_HAL_Driver/Src/stm32f4xx_hal_spi.c ****         /* Next Data is a reception (Rx). Tx not allowed */
 1748              		.loc 1 1293 9 is_stmt 1 view .LVU600
1293:Drivers/STM32F4xx_HAL_Driver/Src/stm32f4xx_hal_spi.c ****         /* Next Data is a reception (Rx). Tx not allowed */
 1749              		.loc 1 1293 13 is_stmt 0 view .LVU601
 1750 01bc E38E     		ldrh	r3, [r4, #54]
1293:Drivers/STM32F4xx_HAL_Driver/Src/stm32f4xx_hal_spi.c ****         /* Next Data is a reception (Rx). Tx not allowed */
 1751              		.loc 1 1293 26 view .LVU602
 1752 01be 013B     		subs	r3, r3, #1
 1753 01c0 E386     		strh	r3, [r4, #54]	@ movhi
1295:Drivers/STM32F4xx_HAL_Driver/Src/stm32f4xx_hal_spi.c **** 
 1754              		.loc 1 1295 9 is_stmt 1 view .LVU603
 1755              	.LVL87:
1295:Drivers/STM32F4xx_HAL_Driver/Src/stm32f4xx_hal_spi.c **** 
 1756              		.loc 1 1295 19 is_stmt 0 view .LVU604
 1757 01c2 0023     		movs	r3, #0
 1758 01c4 1F46     		mov	r7, r3
 1759 01c6 CBE7     		b	.L130
 1760              	.LVL88:
 1761              	.L136:
1317:Drivers/STM32F4xx_HAL_Driver/Src/stm32f4xx_hal_spi.c ****         __HAL_UNLOCK(hspi);
 1762              		.loc 1 1317 9 is_stmt 1 view .LVU605
1317:Drivers/STM32F4xx_HAL_Driver/Src/stm32f4xx_hal_spi.c ****         __HAL_UNLOCK(hspi);
 1763              		.loc 1 1317 21 is_stmt 0 view .LVU606
 1764 01c8 0123     		movs	r3, #1
 1765 01ca 84F85130 		strb	r3, [r4, #81]
1318:Drivers/STM32F4xx_HAL_Driver/Src/stm32f4xx_hal_spi.c ****         return HAL_TIMEOUT;
 1766              		.loc 1 1318 9 is_stmt 1 view .LVU607
1318:Drivers/STM32F4xx_HAL_Driver/Src/stm32f4xx_hal_spi.c ****         return HAL_TIMEOUT;
 1767              		.loc 1 1318 9 view .LVU608
 1768 01ce 0023     		movs	r3, #0
 1769 01d0 84F85030 		strb	r3, [r4, #80]
1318:Drivers/STM32F4xx_HAL_Driver/Src/stm32f4xx_hal_spi.c ****         return HAL_TIMEOUT;
 1770              		.loc 1 1318 9 view .LVU609
1319:Drivers/STM32F4xx_HAL_Driver/Src/stm32f4xx_hal_spi.c ****       }
 1771              		.loc 1 1319 9 view .LVU610
 1772              	.L138:
1265:Drivers/STM32F4xx_HAL_Driver/Src/stm32f4xx_hal_spi.c ****       }
 1773              		.loc 1 1265 16 is_stmt 0 view .LVU611
 1774 01d4 0320     		movs	r0, #3
 1775 01d6 73E7     		b	.L109
 1776              	.L126:
1355:Drivers/STM32F4xx_HAL_Driver/Src/stm32f4xx_hal_spi.c ****   {
 1777              		.loc 1 1355 3 is_stmt 1 view .LVU612
1355:Drivers/STM32F4xx_HAL_Driver/Src/stm32f4xx_hal_spi.c ****   {
 1778              		.loc 1 1355 7 is_stmt 0 view .LVU613
 1779 01d8 3246     		mov	r2, r6
 1780 01da 2946     		mov	r1, r5
ARM GAS  /tmp/cci2ucsl.s 			page 111


 1781 01dc 2046     		mov	r0, r4
 1782 01de FFF7FEFF 		bl	SPI_EndRxTxTransaction
 1783              	.LVL89:
1355:Drivers/STM32F4xx_HAL_Driver/Src/stm32f4xx_hal_spi.c ****   {
 1784              		.loc 1 1355 6 discriminator 1 view .LVU614
 1785 01e2 A0B9     		cbnz	r0, .L145
1363:Drivers/STM32F4xx_HAL_Driver/Src/stm32f4xx_hal_spi.c ****   {
 1786              		.loc 1 1363 3 is_stmt 1 view .LVU615
1363:Drivers/STM32F4xx_HAL_Driver/Src/stm32f4xx_hal_spi.c ****   {
 1787              		.loc 1 1363 17 is_stmt 0 view .LVU616
 1788 01e4 A368     		ldr	r3, [r4, #8]
1363:Drivers/STM32F4xx_HAL_Driver/Src/stm32f4xx_hal_spi.c ****   {
 1789              		.loc 1 1363 6 view .LVU617
 1790 01e6 33B9     		cbnz	r3, .L141
1365:Drivers/STM32F4xx_HAL_Driver/Src/stm32f4xx_hal_spi.c ****   }
 1791              		.loc 1 1365 5 is_stmt 1 view .LVU618
 1792              	.LBB3:
1365:Drivers/STM32F4xx_HAL_Driver/Src/stm32f4xx_hal_spi.c ****   }
 1793              		.loc 1 1365 5 view .LVU619
 1794 01e8 0193     		str	r3, [sp, #4]
1365:Drivers/STM32F4xx_HAL_Driver/Src/stm32f4xx_hal_spi.c ****   }
 1795              		.loc 1 1365 5 view .LVU620
 1796 01ea 2368     		ldr	r3, [r4]
 1797 01ec DA68     		ldr	r2, [r3, #12]
 1798 01ee 0192     		str	r2, [sp, #4]
1365:Drivers/STM32F4xx_HAL_Driver/Src/stm32f4xx_hal_spi.c ****   }
 1799              		.loc 1 1365 5 view .LVU621
 1800 01f0 9B68     		ldr	r3, [r3, #8]
 1801 01f2 0193     		str	r3, [sp, #4]
1365:Drivers/STM32F4xx_HAL_Driver/Src/stm32f4xx_hal_spi.c ****   }
 1802              		.loc 1 1365 5 view .LVU622
 1803 01f4 019B     		ldr	r3, [sp, #4]
 1804              	.L141:
 1805              	.LBE3:
1365:Drivers/STM32F4xx_HAL_Driver/Src/stm32f4xx_hal_spi.c ****   }
 1806              		.loc 1 1365 5 discriminator 1 view .LVU623
1369:Drivers/STM32F4xx_HAL_Driver/Src/stm32f4xx_hal_spi.c ****   /* Unlock the process */
 1807              		.loc 1 1369 3 view .LVU624
1369:Drivers/STM32F4xx_HAL_Driver/Src/stm32f4xx_hal_spi.c ****   /* Unlock the process */
 1808              		.loc 1 1369 15 is_stmt 0 view .LVU625
 1809 01f6 0123     		movs	r3, #1
 1810 01f8 84F85130 		strb	r3, [r4, #81]
1371:Drivers/STM32F4xx_HAL_Driver/Src/stm32f4xx_hal_spi.c **** 
 1811              		.loc 1 1371 3 is_stmt 1 view .LVU626
1371:Drivers/STM32F4xx_HAL_Driver/Src/stm32f4xx_hal_spi.c **** 
 1812              		.loc 1 1371 3 view .LVU627
 1813 01fc 0023     		movs	r3, #0
 1814 01fe 84F85030 		strb	r3, [r4, #80]
1371:Drivers/STM32F4xx_HAL_Driver/Src/stm32f4xx_hal_spi.c **** 
 1815              		.loc 1 1371 3 view .LVU628
1373:Drivers/STM32F4xx_HAL_Driver/Src/stm32f4xx_hal_spi.c ****   {
 1816              		.loc 1 1373 3 view .LVU629
1373:Drivers/STM32F4xx_HAL_Driver/Src/stm32f4xx_hal_spi.c ****   {
 1817              		.loc 1 1373 11 is_stmt 0 view .LVU630
 1818 0202 636D     		ldr	r3, [r4, #84]
1373:Drivers/STM32F4xx_HAL_Driver/Src/stm32f4xx_hal_spi.c ****   {
 1819              		.loc 1 1373 6 view .LVU631
ARM GAS  /tmp/cci2ucsl.s 			page 112


 1820 0204 002B     		cmp	r3, #0
 1821 0206 3FF45BAF 		beq	.L109
1375:Drivers/STM32F4xx_HAL_Driver/Src/stm32f4xx_hal_spi.c ****   }
 1822              		.loc 1 1375 12 view .LVU632
 1823 020a 0120     		movs	r0, #1
 1824 020c 58E7     		b	.L109
 1825              	.L145:
1357:Drivers/STM32F4xx_HAL_Driver/Src/stm32f4xx_hal_spi.c ****     __HAL_UNLOCK(hspi);
 1826              		.loc 1 1357 5 is_stmt 1 view .LVU633
1357:Drivers/STM32F4xx_HAL_Driver/Src/stm32f4xx_hal_spi.c ****     __HAL_UNLOCK(hspi);
 1827              		.loc 1 1357 21 is_stmt 0 view .LVU634
 1828 020e 2023     		movs	r3, #32
 1829 0210 6365     		str	r3, [r4, #84]
1358:Drivers/STM32F4xx_HAL_Driver/Src/stm32f4xx_hal_spi.c ****     return HAL_ERROR;
 1830              		.loc 1 1358 5 is_stmt 1 view .LVU635
1358:Drivers/STM32F4xx_HAL_Driver/Src/stm32f4xx_hal_spi.c ****     return HAL_ERROR;
 1831              		.loc 1 1358 5 view .LVU636
 1832 0212 0023     		movs	r3, #0
 1833 0214 84F85030 		strb	r3, [r4, #80]
1358:Drivers/STM32F4xx_HAL_Driver/Src/stm32f4xx_hal_spi.c ****     return HAL_ERROR;
 1834              		.loc 1 1358 5 view .LVU637
1359:Drivers/STM32F4xx_HAL_Driver/Src/stm32f4xx_hal_spi.c ****   }
 1835              		.loc 1 1359 5 view .LVU638
 1836              	.LVL90:
 1837              	.L110:
1174:Drivers/STM32F4xx_HAL_Driver/Src/stm32f4xx_hal_spi.c ****   }
 1838              		.loc 1 1174 12 is_stmt 0 view .LVU639
 1839 0218 0120     		movs	r0, #1
 1840 021a 51E7     		b	.L109
 1841              		.cfi_endproc
 1842              	.LFE226:
 1844              		.section	.text.HAL_SPI_Receive,"ax",%progbits
 1845              		.align	1
 1846              		.global	HAL_SPI_Receive
 1847              		.syntax unified
 1848              		.thumb
 1849              		.thumb_func
 1851              	HAL_SPI_Receive:
 1852              	.LVL91:
 1853              	.LFB225:
 941:Drivers/STM32F4xx_HAL_Driver/Src/stm32f4xx_hal_spi.c **** #if (USE_SPI_CRC != 0U)
 1854              		.loc 1 941 1 is_stmt 1 view -0
 1855              		.cfi_startproc
 1856              		@ args = 0, pretend = 0, frame = 0
 1857              		@ frame_needed = 0, uses_anonymous_args = 0
 941:Drivers/STM32F4xx_HAL_Driver/Src/stm32f4xx_hal_spi.c **** #if (USE_SPI_CRC != 0U)
 1858              		.loc 1 941 1 is_stmt 0 view .LVU641
 1859 0000 2DE9F043 		push	{r4, r5, r6, r7, r8, r9, lr}
 1860              	.LCFI25:
 1861              		.cfi_def_cfa_offset 28
 1862              		.cfi_offset 4, -28
 1863              		.cfi_offset 5, -24
 1864              		.cfi_offset 6, -20
 1865              		.cfi_offset 7, -16
 1866              		.cfi_offset 8, -12
 1867              		.cfi_offset 9, -8
 1868              		.cfi_offset 14, -4
ARM GAS  /tmp/cci2ucsl.s 			page 113


 1869 0004 83B0     		sub	sp, sp, #12
 1870              	.LCFI26:
 1871              		.cfi_def_cfa_offset 40
 945:Drivers/STM32F4xx_HAL_Driver/Src/stm32f4xx_hal_spi.c **** 
 1872              		.loc 1 945 3 is_stmt 1 view .LVU642
 947:Drivers/STM32F4xx_HAL_Driver/Src/stm32f4xx_hal_spi.c ****   {
 1873              		.loc 1 947 3 view .LVU643
 947:Drivers/STM32F4xx_HAL_Driver/Src/stm32f4xx_hal_spi.c ****   {
 1874              		.loc 1 947 11 is_stmt 0 view .LVU644
 1875 0006 90F85160 		ldrb	r6, [r0, #81]	@ zero_extendqisi2
 947:Drivers/STM32F4xx_HAL_Driver/Src/stm32f4xx_hal_spi.c ****   {
 1876              		.loc 1 947 6 view .LVU645
 1877 000a 012E     		cmp	r6, #1
 1878 000c 35D1     		bne	.L152
 1879 000e 0446     		mov	r4, r0
 1880 0010 8846     		mov	r8, r1
 1881 0012 9146     		mov	r9, r2
 1882 0014 1D46     		mov	r5, r3
 952:Drivers/STM32F4xx_HAL_Driver/Src/stm32f4xx_hal_spi.c ****   {
 1883              		.loc 1 952 3 is_stmt 1 view .LVU646
 952:Drivers/STM32F4xx_HAL_Driver/Src/stm32f4xx_hal_spi.c ****   {
 1884              		.loc 1 952 6 is_stmt 0 view .LVU647
 1885 0016 89B3     		cbz	r1, .L148
 952:Drivers/STM32F4xx_HAL_Driver/Src/stm32f4xx_hal_spi.c ****   {
 1886              		.loc 1 952 23 discriminator 1 view .LVU648
 1887 0018 82B3     		cbz	r2, .L148
 957:Drivers/STM32F4xx_HAL_Driver/Src/stm32f4xx_hal_spi.c ****   {
 1888              		.loc 1 957 3 is_stmt 1 view .LVU649
 957:Drivers/STM32F4xx_HAL_Driver/Src/stm32f4xx_hal_spi.c ****   {
 1889              		.loc 1 957 18 is_stmt 0 view .LVU650
 1890 001a 4368     		ldr	r3, [r0, #4]
 1891              	.LVL92:
 957:Drivers/STM32F4xx_HAL_Driver/Src/stm32f4xx_hal_spi.c ****   {
 1892              		.loc 1 957 6 view .LVU651
 1893 001c B3F5827F 		cmp	r3, #260
 1894 0020 01D1     		bne	.L151
 957:Drivers/STM32F4xx_HAL_Driver/Src/stm32f4xx_hal_spi.c ****   {
 1895              		.loc 1 957 58 discriminator 1 view .LVU652
 1896 0022 8368     		ldr	r3, [r0, #8]
 957:Drivers/STM32F4xx_HAL_Driver/Src/stm32f4xx_hal_spi.c ****   {
 1897              		.loc 1 957 44 discriminator 1 view .LVU653
 1898 0024 73B3     		cbz	r3, .L172
 1899              	.L151:
 965:Drivers/STM32F4xx_HAL_Driver/Src/stm32f4xx_hal_spi.c **** 
 1900              		.loc 1 965 3 is_stmt 1 view .LVU654
 965:Drivers/STM32F4xx_HAL_Driver/Src/stm32f4xx_hal_spi.c **** 
 1901              		.loc 1 965 15 is_stmt 0 view .LVU655
 1902 0026 FFF7FEFF 		bl	HAL_GetTick
 1903              	.LVL93:
 965:Drivers/STM32F4xx_HAL_Driver/Src/stm32f4xx_hal_spi.c **** 
 1904              		.loc 1 965 15 view .LVU656
 1905 002a 0746     		mov	r7, r0
 1906              	.LVL94:
 968:Drivers/STM32F4xx_HAL_Driver/Src/stm32f4xx_hal_spi.c **** 
 1907              		.loc 1 968 3 is_stmt 1 view .LVU657
 968:Drivers/STM32F4xx_HAL_Driver/Src/stm32f4xx_hal_spi.c **** 
 1908              		.loc 1 968 3 view .LVU658
ARM GAS  /tmp/cci2ucsl.s 			page 114


 1909 002c 94F85030 		ldrb	r3, [r4, #80]	@ zero_extendqisi2
 1910 0030 012B     		cmp	r3, #1
 1911 0032 22D0     		beq	.L152
 968:Drivers/STM32F4xx_HAL_Driver/Src/stm32f4xx_hal_spi.c **** 
 1912              		.loc 1 968 3 discriminator 2 view .LVU659
 1913 0034 0123     		movs	r3, #1
 1914 0036 84F85030 		strb	r3, [r4, #80]
 968:Drivers/STM32F4xx_HAL_Driver/Src/stm32f4xx_hal_spi.c **** 
 1915              		.loc 1 968 3 discriminator 2 view .LVU660
 971:Drivers/STM32F4xx_HAL_Driver/Src/stm32f4xx_hal_spi.c ****   hspi->ErrorCode   = HAL_SPI_ERROR_NONE;
 1916              		.loc 1 971 3 view .LVU661
 971:Drivers/STM32F4xx_HAL_Driver/Src/stm32f4xx_hal_spi.c ****   hspi->ErrorCode   = HAL_SPI_ERROR_NONE;
 1917              		.loc 1 971 21 is_stmt 0 view .LVU662
 1918 003a 0423     		movs	r3, #4
 1919 003c 84F85130 		strb	r3, [r4, #81]
 972:Drivers/STM32F4xx_HAL_Driver/Src/stm32f4xx_hal_spi.c ****   hspi->pRxBuffPtr  = (uint8_t *)pData;
 1920              		.loc 1 972 3 is_stmt 1 view .LVU663
 972:Drivers/STM32F4xx_HAL_Driver/Src/stm32f4xx_hal_spi.c ****   hspi->pRxBuffPtr  = (uint8_t *)pData;
 1921              		.loc 1 972 21 is_stmt 0 view .LVU664
 1922 0040 0023     		movs	r3, #0
 1923 0042 6365     		str	r3, [r4, #84]
 973:Drivers/STM32F4xx_HAL_Driver/Src/stm32f4xx_hal_spi.c ****   hspi->RxXferSize  = Size;
 1924              		.loc 1 973 3 is_stmt 1 view .LVU665
 973:Drivers/STM32F4xx_HAL_Driver/Src/stm32f4xx_hal_spi.c ****   hspi->RxXferSize  = Size;
 1925              		.loc 1 973 21 is_stmt 0 view .LVU666
 1926 0044 C4F83880 		str	r8, [r4, #56]
 974:Drivers/STM32F4xx_HAL_Driver/Src/stm32f4xx_hal_spi.c ****   hspi->RxXferCount = Size;
 1927              		.loc 1 974 3 is_stmt 1 view .LVU667
 974:Drivers/STM32F4xx_HAL_Driver/Src/stm32f4xx_hal_spi.c ****   hspi->RxXferCount = Size;
 1928              		.loc 1 974 21 is_stmt 0 view .LVU668
 1929 0048 A4F83C90 		strh	r9, [r4, #60]	@ movhi
 975:Drivers/STM32F4xx_HAL_Driver/Src/stm32f4xx_hal_spi.c **** 
 1930              		.loc 1 975 3 is_stmt 1 view .LVU669
 975:Drivers/STM32F4xx_HAL_Driver/Src/stm32f4xx_hal_spi.c **** 
 1931              		.loc 1 975 21 is_stmt 0 view .LVU670
 1932 004c A4F83E90 		strh	r9, [r4, #62]	@ movhi
 978:Drivers/STM32F4xx_HAL_Driver/Src/stm32f4xx_hal_spi.c ****   hspi->TxXferSize  = 0U;
 1933              		.loc 1 978 3 is_stmt 1 view .LVU671
 978:Drivers/STM32F4xx_HAL_Driver/Src/stm32f4xx_hal_spi.c ****   hspi->TxXferSize  = 0U;
 1934              		.loc 1 978 21 is_stmt 0 view .LVU672
 1935 0050 2363     		str	r3, [r4, #48]
 979:Drivers/STM32F4xx_HAL_Driver/Src/stm32f4xx_hal_spi.c ****   hspi->TxXferCount = 0U;
 1936              		.loc 1 979 3 is_stmt 1 view .LVU673
 979:Drivers/STM32F4xx_HAL_Driver/Src/stm32f4xx_hal_spi.c ****   hspi->TxXferCount = 0U;
 1937              		.loc 1 979 21 is_stmt 0 view .LVU674
 1938 0052 A386     		strh	r3, [r4, #52]	@ movhi
 980:Drivers/STM32F4xx_HAL_Driver/Src/stm32f4xx_hal_spi.c ****   hspi->RxISR       = NULL;
 1939              		.loc 1 980 3 is_stmt 1 view .LVU675
 980:Drivers/STM32F4xx_HAL_Driver/Src/stm32f4xx_hal_spi.c ****   hspi->RxISR       = NULL;
 1940              		.loc 1 980 21 is_stmt 0 view .LVU676
 1941 0054 E386     		strh	r3, [r4, #54]	@ movhi
 981:Drivers/STM32F4xx_HAL_Driver/Src/stm32f4xx_hal_spi.c ****   hspi->TxISR       = NULL;
 1942              		.loc 1 981 3 is_stmt 1 view .LVU677
 981:Drivers/STM32F4xx_HAL_Driver/Src/stm32f4xx_hal_spi.c ****   hspi->TxISR       = NULL;
 1943              		.loc 1 981 21 is_stmt 0 view .LVU678
 1944 0056 2364     		str	r3, [r4, #64]
 982:Drivers/STM32F4xx_HAL_Driver/Src/stm32f4xx_hal_spi.c **** 
ARM GAS  /tmp/cci2ucsl.s 			page 115


 1945              		.loc 1 982 3 is_stmt 1 view .LVU679
 982:Drivers/STM32F4xx_HAL_Driver/Src/stm32f4xx_hal_spi.c **** 
 1946              		.loc 1 982 21 is_stmt 0 view .LVU680
 1947 0058 6364     		str	r3, [r4, #68]
 995:Drivers/STM32F4xx_HAL_Driver/Src/stm32f4xx_hal_spi.c ****   {
 1948              		.loc 1 995 3 is_stmt 1 view .LVU681
 995:Drivers/STM32F4xx_HAL_Driver/Src/stm32f4xx_hal_spi.c ****   {
 1949              		.loc 1 995 17 is_stmt 0 view .LVU682
 1950 005a A368     		ldr	r3, [r4, #8]
 995:Drivers/STM32F4xx_HAL_Driver/Src/stm32f4xx_hal_spi.c ****   {
 1951              		.loc 1 995 6 view .LVU683
 1952 005c B3F5004F 		cmp	r3, #32768
 1953 0060 1AD0     		beq	.L173
 1954              	.L153:
1003:Drivers/STM32F4xx_HAL_Driver/Src/stm32f4xx_hal_spi.c ****   {
 1955              		.loc 1 1003 3 is_stmt 1 view .LVU684
1003:Drivers/STM32F4xx_HAL_Driver/Src/stm32f4xx_hal_spi.c ****   {
 1956              		.loc 1 1003 12 is_stmt 0 view .LVU685
 1957 0062 2368     		ldr	r3, [r4]
1003:Drivers/STM32F4xx_HAL_Driver/Src/stm32f4xx_hal_spi.c ****   {
 1958              		.loc 1 1003 22 view .LVU686
 1959 0064 1A68     		ldr	r2, [r3]
1003:Drivers/STM32F4xx_HAL_Driver/Src/stm32f4xx_hal_spi.c ****   {
 1960              		.loc 1 1003 6 view .LVU687
 1961 0066 12F0400F 		tst	r2, #64
 1962 006a 03D1     		bne	.L154
1006:Drivers/STM32F4xx_HAL_Driver/Src/stm32f4xx_hal_spi.c ****   }
 1963              		.loc 1 1006 5 is_stmt 1 view .LVU688
 1964 006c 1A68     		ldr	r2, [r3]
 1965 006e 42F04002 		orr	r2, r2, #64
 1966 0072 1A60     		str	r2, [r3]
 1967              	.L154:
1010:Drivers/STM32F4xx_HAL_Driver/Src/stm32f4xx_hal_spi.c ****   {
 1968              		.loc 1 1010 3 view .LVU689
1010:Drivers/STM32F4xx_HAL_Driver/Src/stm32f4xx_hal_spi.c ****   {
 1969              		.loc 1 1010 17 is_stmt 0 view .LVU690
 1970 0074 E368     		ldr	r3, [r4, #12]
1010:Drivers/STM32F4xx_HAL_Driver/Src/stm32f4xx_hal_spi.c ****   {
 1971              		.loc 1 1010 6 view .LVU691
 1972 0076 1BB3     		cbz	r3, .L155
 1973 0078 45E0     		b	.L156
 1974              	.LVL95:
 1975              	.L152:
 949:Drivers/STM32F4xx_HAL_Driver/Src/stm32f4xx_hal_spi.c ****   }
 1976              		.loc 1 949 12 view .LVU692
 1977 007a 0226     		movs	r6, #2
 1978              	.L148:
1128:Drivers/STM32F4xx_HAL_Driver/Src/stm32f4xx_hal_spi.c **** 
 1979              		.loc 1 1128 1 view .LVU693
 1980 007c 3046     		mov	r0, r6
 1981 007e 03B0     		add	sp, sp, #12
 1982              	.LCFI27:
 1983              		.cfi_remember_state
 1984              		.cfi_def_cfa_offset 28
 1985              		@ sp needed
 1986 0080 BDE8F083 		pop	{r4, r5, r6, r7, r8, r9, pc}
 1987              	.LVL96:
ARM GAS  /tmp/cci2ucsl.s 			page 116


 1988              	.L172:
 1989              	.LCFI28:
 1990              		.cfi_restore_state
 959:Drivers/STM32F4xx_HAL_Driver/Src/stm32f4xx_hal_spi.c ****     /* Call transmit-receive function to send Dummy data on Tx line and generate clock on CLK line 
 1991              		.loc 1 959 5 is_stmt 1 view .LVU694
 959:Drivers/STM32F4xx_HAL_Driver/Src/stm32f4xx_hal_spi.c ****     /* Call transmit-receive function to send Dummy data on Tx line and generate clock on CLK line 
 1992              		.loc 1 959 17 is_stmt 0 view .LVU695
 1993 0084 0423     		movs	r3, #4
 1994 0086 80F85130 		strb	r3, [r0, #81]
 961:Drivers/STM32F4xx_HAL_Driver/Src/stm32f4xx_hal_spi.c ****   }
 1995              		.loc 1 961 5 is_stmt 1 view .LVU696
 961:Drivers/STM32F4xx_HAL_Driver/Src/stm32f4xx_hal_spi.c ****   }
 1996              		.loc 1 961 12 is_stmt 0 view .LVU697
 1997 008a 0095     		str	r5, [sp]
 1998 008c 1346     		mov	r3, r2
 1999 008e 0A46     		mov	r2, r1
 2000              	.LVL97:
 961:Drivers/STM32F4xx_HAL_Driver/Src/stm32f4xx_hal_spi.c ****   }
 2001              		.loc 1 961 12 view .LVU698
 2002 0090 FFF7FEFF 		bl	HAL_SPI_TransmitReceive
 2003              	.LVL98:
 961:Drivers/STM32F4xx_HAL_Driver/Src/stm32f4xx_hal_spi.c ****   }
 2004              		.loc 1 961 12 view .LVU699
 2005 0094 0646     		mov	r6, r0
 961:Drivers/STM32F4xx_HAL_Driver/Src/stm32f4xx_hal_spi.c ****   }
 2006              		.loc 1 961 12 discriminator 1 view .LVU700
 2007 0096 F1E7     		b	.L148
 2008              	.LVL99:
 2009              	.L173:
 998:Drivers/STM32F4xx_HAL_Driver/Src/stm32f4xx_hal_spi.c ****     SPI_1LINE_RX(hspi);
 2010              		.loc 1 998 5 is_stmt 1 view .LVU701
 2011 0098 2268     		ldr	r2, [r4]
 2012 009a 1368     		ldr	r3, [r2]
 2013 009c 23F04003 		bic	r3, r3, #64
 2014 00a0 1360     		str	r3, [r2]
 999:Drivers/STM32F4xx_HAL_Driver/Src/stm32f4xx_hal_spi.c ****   }
 2015              		.loc 1 999 5 view .LVU702
 2016 00a2 2268     		ldr	r2, [r4]
 2017 00a4 1368     		ldr	r3, [r2]
 2018 00a6 23F48043 		bic	r3, r3, #16384
 2019 00aa 1360     		str	r3, [r2]
 2020 00ac D9E7     		b	.L153
 2021              	.LVL100:
 2022              	.L157:
1026:Drivers/STM32F4xx_HAL_Driver/Src/stm32f4xx_hal_spi.c ****         {
 2023              		.loc 1 1026 9 view .LVU703
1026:Drivers/STM32F4xx_HAL_Driver/Src/stm32f4xx_hal_spi.c ****         {
 2024              		.loc 1 1026 16 is_stmt 0 view .LVU704
 2025 00ae FFF7FEFF 		bl	HAL_GetTick
 2026              	.LVL101:
1026:Drivers/STM32F4xx_HAL_Driver/Src/stm32f4xx_hal_spi.c ****         {
 2027              		.loc 1 1026 30 discriminator 1 view .LVU705
 2028 00b2 C01B     		subs	r0, r0, r7
1026:Drivers/STM32F4xx_HAL_Driver/Src/stm32f4xx_hal_spi.c ****         {
 2029              		.loc 1 1026 12 discriminator 1 view .LVU706
 2030 00b4 A842     		cmp	r0, r5
 2031 00b6 02D3     		bcc	.L159
ARM GAS  /tmp/cci2ucsl.s 			page 117


1026:Drivers/STM32F4xx_HAL_Driver/Src/stm32f4xx_hal_spi.c ****         {
 2032              		.loc 1 1026 56 discriminator 2 view .LVU707
 2033 00b8 B5F1FF3F 		cmp	r5, #-1
 2034 00bc 12D1     		bne	.L160
 2035              	.L159:
1026:Drivers/STM32F4xx_HAL_Driver/Src/stm32f4xx_hal_spi.c ****         {
 2036              		.loc 1 1026 87 discriminator 3 view .LVU708
 2037 00be 8DB1     		cbz	r5, .L160
 2038              	.L155:
1013:Drivers/STM32F4xx_HAL_Driver/Src/stm32f4xx_hal_spi.c ****     {
 2039              		.loc 1 1013 30 is_stmt 1 discriminator 1 view .LVU709
1013:Drivers/STM32F4xx_HAL_Driver/Src/stm32f4xx_hal_spi.c ****     {
 2040              		.loc 1 1013 16 is_stmt 0 discriminator 1 view .LVU710
 2041 00c0 E38F     		ldrh	r3, [r4, #62]
1013:Drivers/STM32F4xx_HAL_Driver/Src/stm32f4xx_hal_spi.c ****     {
 2042              		.loc 1 1013 30 discriminator 1 view .LVU711
 2043 00c2 002B     		cmp	r3, #0
 2044 00c4 37D0     		beq	.L162
1016:Drivers/STM32F4xx_HAL_Driver/Src/stm32f4xx_hal_spi.c ****       {
 2045              		.loc 1 1016 7 is_stmt 1 view .LVU712
1016:Drivers/STM32F4xx_HAL_Driver/Src/stm32f4xx_hal_spi.c ****       {
 2046              		.loc 1 1016 11 is_stmt 0 view .LVU713
 2047 00c6 2368     		ldr	r3, [r4]
 2048 00c8 9A68     		ldr	r2, [r3, #8]
1016:Drivers/STM32F4xx_HAL_Driver/Src/stm32f4xx_hal_spi.c ****       {
 2049              		.loc 1 1016 10 view .LVU714
 2050 00ca 12F0010F 		tst	r2, #1
 2051 00ce EED0     		beq	.L157
1019:Drivers/STM32F4xx_HAL_Driver/Src/stm32f4xx_hal_spi.c ****         hspi->pRxBuffPtr += sizeof(uint8_t);
 2052              		.loc 1 1019 9 is_stmt 1 view .LVU715
1019:Drivers/STM32F4xx_HAL_Driver/Src/stm32f4xx_hal_spi.c ****         hspi->pRxBuffPtr += sizeof(uint8_t);
 2053              		.loc 1 1019 27 is_stmt 0 view .LVU716
 2054 00d0 A26B     		ldr	r2, [r4, #56]
1019:Drivers/STM32F4xx_HAL_Driver/Src/stm32f4xx_hal_spi.c ****         hspi->pRxBuffPtr += sizeof(uint8_t);
 2055              		.loc 1 1019 43 view .LVU717
 2056 00d2 1B7B     		ldrb	r3, [r3, #12]	@ zero_extendqisi2
1019:Drivers/STM32F4xx_HAL_Driver/Src/stm32f4xx_hal_spi.c ****         hspi->pRxBuffPtr += sizeof(uint8_t);
 2057              		.loc 1 1019 41 view .LVU718
 2058 00d4 1370     		strb	r3, [r2]
1020:Drivers/STM32F4xx_HAL_Driver/Src/stm32f4xx_hal_spi.c ****         hspi->RxXferCount--;
 2059              		.loc 1 1020 9 is_stmt 1 view .LVU719
1020:Drivers/STM32F4xx_HAL_Driver/Src/stm32f4xx_hal_spi.c ****         hspi->RxXferCount--;
 2060              		.loc 1 1020 13 is_stmt 0 view .LVU720
 2061 00d6 A36B     		ldr	r3, [r4, #56]
1020:Drivers/STM32F4xx_HAL_Driver/Src/stm32f4xx_hal_spi.c ****         hspi->RxXferCount--;
 2062              		.loc 1 1020 26 view .LVU721
 2063 00d8 0133     		adds	r3, r3, #1
 2064 00da A363     		str	r3, [r4, #56]
1021:Drivers/STM32F4xx_HAL_Driver/Src/stm32f4xx_hal_spi.c ****       }
 2065              		.loc 1 1021 9 is_stmt 1 view .LVU722
1021:Drivers/STM32F4xx_HAL_Driver/Src/stm32f4xx_hal_spi.c ****       }
 2066              		.loc 1 1021 13 is_stmt 0 view .LVU723
 2067 00dc E38F     		ldrh	r3, [r4, #62]
1021:Drivers/STM32F4xx_HAL_Driver/Src/stm32f4xx_hal_spi.c ****       }
 2068              		.loc 1 1021 26 view .LVU724
 2069 00de 013B     		subs	r3, r3, #1
 2070 00e0 E387     		strh	r3, [r4, #62]	@ movhi
ARM GAS  /tmp/cci2ucsl.s 			page 118


 2071 00e2 EDE7     		b	.L155
 2072              	.L160:
1028:Drivers/STM32F4xx_HAL_Driver/Src/stm32f4xx_hal_spi.c ****           __HAL_UNLOCK(hspi);
 2073              		.loc 1 1028 11 is_stmt 1 view .LVU725
1028:Drivers/STM32F4xx_HAL_Driver/Src/stm32f4xx_hal_spi.c ****           __HAL_UNLOCK(hspi);
 2074              		.loc 1 1028 23 is_stmt 0 view .LVU726
 2075 00e4 0123     		movs	r3, #1
 2076 00e6 84F85130 		strb	r3, [r4, #81]
1029:Drivers/STM32F4xx_HAL_Driver/Src/stm32f4xx_hal_spi.c ****           return HAL_TIMEOUT;
 2077              		.loc 1 1029 11 is_stmt 1 view .LVU727
1029:Drivers/STM32F4xx_HAL_Driver/Src/stm32f4xx_hal_spi.c ****           return HAL_TIMEOUT;
 2078              		.loc 1 1029 11 view .LVU728
 2079 00ea 0023     		movs	r3, #0
 2080 00ec 84F85030 		strb	r3, [r4, #80]
1029:Drivers/STM32F4xx_HAL_Driver/Src/stm32f4xx_hal_spi.c ****           return HAL_TIMEOUT;
 2081              		.loc 1 1029 11 view .LVU729
1030:Drivers/STM32F4xx_HAL_Driver/Src/stm32f4xx_hal_spi.c ****         }
 2082              		.loc 1 1030 11 view .LVU730
 2083              	.L167:
1030:Drivers/STM32F4xx_HAL_Driver/Src/stm32f4xx_hal_spi.c ****         }
 2084              		.loc 1 1030 18 is_stmt 0 view .LVU731
 2085 00f0 0326     		movs	r6, #3
 2086 00f2 C3E7     		b	.L148
 2087              	.L163:
1050:Drivers/STM32F4xx_HAL_Driver/Src/stm32f4xx_hal_spi.c ****         {
 2088              		.loc 1 1050 9 is_stmt 1 view .LVU732
1050:Drivers/STM32F4xx_HAL_Driver/Src/stm32f4xx_hal_spi.c ****         {
 2089              		.loc 1 1050 16 is_stmt 0 view .LVU733
 2090 00f4 FFF7FEFF 		bl	HAL_GetTick
 2091              	.LVL102:
1050:Drivers/STM32F4xx_HAL_Driver/Src/stm32f4xx_hal_spi.c ****         {
 2092              		.loc 1 1050 30 discriminator 1 view .LVU734
 2093 00f8 C01B     		subs	r0, r0, r7
1050:Drivers/STM32F4xx_HAL_Driver/Src/stm32f4xx_hal_spi.c ****         {
 2094              		.loc 1 1050 12 discriminator 1 view .LVU735
 2095 00fa A842     		cmp	r0, r5
 2096 00fc 02D3     		bcc	.L165
1050:Drivers/STM32F4xx_HAL_Driver/Src/stm32f4xx_hal_spi.c ****         {
 2097              		.loc 1 1050 56 discriminator 2 view .LVU736
 2098 00fe B5F1FF3F 		cmp	r5, #-1
 2099 0102 11D1     		bne	.L166
 2100              	.L165:
1050:Drivers/STM32F4xx_HAL_Driver/Src/stm32f4xx_hal_spi.c ****         {
 2101              		.loc 1 1050 87 discriminator 3 view .LVU737
 2102 0104 85B1     		cbz	r5, .L166
 2103              	.L156:
1038:Drivers/STM32F4xx_HAL_Driver/Src/stm32f4xx_hal_spi.c ****     {
 2104              		.loc 1 1038 30 is_stmt 1 discriminator 1 view .LVU738
1038:Drivers/STM32F4xx_HAL_Driver/Src/stm32f4xx_hal_spi.c ****     {
 2105              		.loc 1 1038 16 is_stmt 0 discriminator 1 view .LVU739
 2106 0106 E38F     		ldrh	r3, [r4, #62]
1038:Drivers/STM32F4xx_HAL_Driver/Src/stm32f4xx_hal_spi.c ****     {
 2107              		.loc 1 1038 30 discriminator 1 view .LVU740
 2108 0108 ABB1     		cbz	r3, .L162
1041:Drivers/STM32F4xx_HAL_Driver/Src/stm32f4xx_hal_spi.c ****       {
 2109              		.loc 1 1041 7 is_stmt 1 view .LVU741
1041:Drivers/STM32F4xx_HAL_Driver/Src/stm32f4xx_hal_spi.c ****       {
ARM GAS  /tmp/cci2ucsl.s 			page 119


 2110              		.loc 1 1041 11 is_stmt 0 view .LVU742
 2111 010a 2368     		ldr	r3, [r4]
 2112 010c 9A68     		ldr	r2, [r3, #8]
1041:Drivers/STM32F4xx_HAL_Driver/Src/stm32f4xx_hal_spi.c ****       {
 2113              		.loc 1 1041 10 view .LVU743
 2114 010e 12F0010F 		tst	r2, #1
 2115 0112 EFD0     		beq	.L163
1043:Drivers/STM32F4xx_HAL_Driver/Src/stm32f4xx_hal_spi.c ****         hspi->pRxBuffPtr += sizeof(uint16_t);
 2116              		.loc 1 1043 9 is_stmt 1 view .LVU744
1043:Drivers/STM32F4xx_HAL_Driver/Src/stm32f4xx_hal_spi.c ****         hspi->pRxBuffPtr += sizeof(uint16_t);
 2117              		.loc 1 1043 67 is_stmt 0 view .LVU745
 2118 0114 DA68     		ldr	r2, [r3, #12]
1043:Drivers/STM32F4xx_HAL_Driver/Src/stm32f4xx_hal_spi.c ****         hspi->pRxBuffPtr += sizeof(uint16_t);
 2119              		.loc 1 1043 27 view .LVU746
 2120 0116 A36B     		ldr	r3, [r4, #56]
1043:Drivers/STM32F4xx_HAL_Driver/Src/stm32f4xx_hal_spi.c ****         hspi->pRxBuffPtr += sizeof(uint16_t);
 2121              		.loc 1 1043 41 view .LVU747
 2122 0118 1A80     		strh	r2, [r3]	@ movhi
1044:Drivers/STM32F4xx_HAL_Driver/Src/stm32f4xx_hal_spi.c ****         hspi->RxXferCount--;
 2123              		.loc 1 1044 9 is_stmt 1 view .LVU748
1044:Drivers/STM32F4xx_HAL_Driver/Src/stm32f4xx_hal_spi.c ****         hspi->RxXferCount--;
 2124              		.loc 1 1044 13 is_stmt 0 view .LVU749
 2125 011a A36B     		ldr	r3, [r4, #56]
1044:Drivers/STM32F4xx_HAL_Driver/Src/stm32f4xx_hal_spi.c ****         hspi->RxXferCount--;
 2126              		.loc 1 1044 26 view .LVU750
 2127 011c 0233     		adds	r3, r3, #2
 2128 011e A363     		str	r3, [r4, #56]
1045:Drivers/STM32F4xx_HAL_Driver/Src/stm32f4xx_hal_spi.c ****       }
 2129              		.loc 1 1045 9 is_stmt 1 view .LVU751
1045:Drivers/STM32F4xx_HAL_Driver/Src/stm32f4xx_hal_spi.c ****       }
 2130              		.loc 1 1045 13 is_stmt 0 view .LVU752
 2131 0120 E38F     		ldrh	r3, [r4, #62]
1045:Drivers/STM32F4xx_HAL_Driver/Src/stm32f4xx_hal_spi.c ****       }
 2132              		.loc 1 1045 26 view .LVU753
 2133 0122 013B     		subs	r3, r3, #1
 2134 0124 E387     		strh	r3, [r4, #62]	@ movhi
 2135 0126 EEE7     		b	.L156
 2136              	.L166:
1052:Drivers/STM32F4xx_HAL_Driver/Src/stm32f4xx_hal_spi.c ****           __HAL_UNLOCK(hspi);
 2137              		.loc 1 1052 11 is_stmt 1 view .LVU754
1052:Drivers/STM32F4xx_HAL_Driver/Src/stm32f4xx_hal_spi.c ****           __HAL_UNLOCK(hspi);
 2138              		.loc 1 1052 23 is_stmt 0 view .LVU755
 2139 0128 0123     		movs	r3, #1
 2140 012a 84F85130 		strb	r3, [r4, #81]
1053:Drivers/STM32F4xx_HAL_Driver/Src/stm32f4xx_hal_spi.c ****           return HAL_TIMEOUT;
 2141              		.loc 1 1053 11 is_stmt 1 view .LVU756
1053:Drivers/STM32F4xx_HAL_Driver/Src/stm32f4xx_hal_spi.c ****           return HAL_TIMEOUT;
 2142              		.loc 1 1053 11 view .LVU757
 2143 012e 0023     		movs	r3, #0
 2144 0130 84F85030 		strb	r3, [r4, #80]
1053:Drivers/STM32F4xx_HAL_Driver/Src/stm32f4xx_hal_spi.c ****           return HAL_TIMEOUT;
 2145              		.loc 1 1053 11 view .LVU758
1054:Drivers/STM32F4xx_HAL_Driver/Src/stm32f4xx_hal_spi.c ****         }
 2146              		.loc 1 1054 11 view .LVU759
1054:Drivers/STM32F4xx_HAL_Driver/Src/stm32f4xx_hal_spi.c ****         }
 2147              		.loc 1 1054 18 is_stmt 0 view .LVU760
 2148 0134 DCE7     		b	.L167
ARM GAS  /tmp/cci2ucsl.s 			page 120


 2149              	.L162:
1103:Drivers/STM32F4xx_HAL_Driver/Src/stm32f4xx_hal_spi.c ****   {
 2150              		.loc 1 1103 3 is_stmt 1 view .LVU761
1103:Drivers/STM32F4xx_HAL_Driver/Src/stm32f4xx_hal_spi.c ****   {
 2151              		.loc 1 1103 7 is_stmt 0 view .LVU762
 2152 0136 3A46     		mov	r2, r7
 2153 0138 2946     		mov	r1, r5
 2154 013a 2046     		mov	r0, r4
 2155 013c FFF7FEFF 		bl	SPI_EndRxTransaction
 2156              	.LVL103:
1103:Drivers/STM32F4xx_HAL_Driver/Src/stm32f4xx_hal_spi.c ****   {
 2157              		.loc 1 1103 6 discriminator 1 view .LVU763
 2158 0140 08B1     		cbz	r0, .L169
1105:Drivers/STM32F4xx_HAL_Driver/Src/stm32f4xx_hal_spi.c ****   }
 2159              		.loc 1 1105 5 is_stmt 1 view .LVU764
1105:Drivers/STM32F4xx_HAL_Driver/Src/stm32f4xx_hal_spi.c ****   }
 2160              		.loc 1 1105 21 is_stmt 0 view .LVU765
 2161 0142 2023     		movs	r3, #32
 2162 0144 6365     		str	r3, [r4, #84]
 2163              	.L169:
1117:Drivers/STM32F4xx_HAL_Driver/Src/stm32f4xx_hal_spi.c ****   /* Unlock the process */
 2164              		.loc 1 1117 3 is_stmt 1 view .LVU766
1117:Drivers/STM32F4xx_HAL_Driver/Src/stm32f4xx_hal_spi.c ****   /* Unlock the process */
 2165              		.loc 1 1117 15 is_stmt 0 view .LVU767
 2166 0146 0123     		movs	r3, #1
 2167 0148 84F85130 		strb	r3, [r4, #81]
1119:Drivers/STM32F4xx_HAL_Driver/Src/stm32f4xx_hal_spi.c ****   if (hspi->ErrorCode != HAL_SPI_ERROR_NONE)
 2168              		.loc 1 1119 3 is_stmt 1 view .LVU768
1119:Drivers/STM32F4xx_HAL_Driver/Src/stm32f4xx_hal_spi.c ****   if (hspi->ErrorCode != HAL_SPI_ERROR_NONE)
 2169              		.loc 1 1119 3 view .LVU769
 2170 014c 0023     		movs	r3, #0
 2171 014e 84F85030 		strb	r3, [r4, #80]
1119:Drivers/STM32F4xx_HAL_Driver/Src/stm32f4xx_hal_spi.c ****   if (hspi->ErrorCode != HAL_SPI_ERROR_NONE)
 2172              		.loc 1 1119 3 view .LVU770
1120:Drivers/STM32F4xx_HAL_Driver/Src/stm32f4xx_hal_spi.c ****   {
 2173              		.loc 1 1120 3 view .LVU771
1120:Drivers/STM32F4xx_HAL_Driver/Src/stm32f4xx_hal_spi.c ****   {
 2174              		.loc 1 1120 11 is_stmt 0 view .LVU772
 2175 0152 636D     		ldr	r3, [r4, #84]
1120:Drivers/STM32F4xx_HAL_Driver/Src/stm32f4xx_hal_spi.c ****   {
 2176              		.loc 1 1120 6 view .LVU773
 2177 0154 002B     		cmp	r3, #0
 2178 0156 91D1     		bne	.L148
1126:Drivers/STM32F4xx_HAL_Driver/Src/stm32f4xx_hal_spi.c ****   }
 2179              		.loc 1 1126 12 view .LVU774
 2180 0158 1E46     		mov	r6, r3
 2181 015a 8FE7     		b	.L148
 2182              		.cfi_endproc
 2183              	.LFE225:
 2185              		.section	.text.HAL_SPI_Transmit_IT,"ax",%progbits
 2186              		.align	1
 2187              		.global	HAL_SPI_Transmit_IT
 2188              		.syntax unified
 2189              		.thumb
 2190              		.thumb_func
 2192              	HAL_SPI_Transmit_IT:
 2193              	.LVL104:
ARM GAS  /tmp/cci2ucsl.s 			page 121


 2194              	.LFB227:
1392:Drivers/STM32F4xx_HAL_Driver/Src/stm32f4xx_hal_spi.c **** 
 2195              		.loc 1 1392 1 is_stmt 1 view -0
 2196              		.cfi_startproc
 2197              		@ args = 0, pretend = 0, frame = 0
 2198              		@ frame_needed = 0, uses_anonymous_args = 0
 2199              		@ link register save eliminated.
1395:Drivers/STM32F4xx_HAL_Driver/Src/stm32f4xx_hal_spi.c **** 
 2200              		.loc 1 1395 3 view .LVU776
1398:Drivers/STM32F4xx_HAL_Driver/Src/stm32f4xx_hal_spi.c ****   {
 2201              		.loc 1 1398 3 view .LVU777
1398:Drivers/STM32F4xx_HAL_Driver/Src/stm32f4xx_hal_spi.c ****   {
 2202              		.loc 1 1398 6 is_stmt 0 view .LVU778
 2203 0000 0029     		cmp	r1, #0
 2204 0002 33D0     		beq	.L175
1398:Drivers/STM32F4xx_HAL_Driver/Src/stm32f4xx_hal_spi.c ****   {
 2205              		.loc 1 1398 23 discriminator 1 view .LVU779
 2206 0004 002A     		cmp	r2, #0
 2207 0006 31D0     		beq	.L175
1403:Drivers/STM32F4xx_HAL_Driver/Src/stm32f4xx_hal_spi.c ****   {
 2208              		.loc 1 1403 3 is_stmt 1 view .LVU780
1403:Drivers/STM32F4xx_HAL_Driver/Src/stm32f4xx_hal_spi.c ****   {
 2209              		.loc 1 1403 11 is_stmt 0 view .LVU781
 2210 0008 90F85130 		ldrb	r3, [r0, #81]	@ zero_extendqisi2
1403:Drivers/STM32F4xx_HAL_Driver/Src/stm32f4xx_hal_spi.c ****   {
 2211              		.loc 1 1403 6 view .LVU782
 2212 000c 012B     		cmp	r3, #1
 2213 000e 2FD1     		bne	.L179
1409:Drivers/STM32F4xx_HAL_Driver/Src/stm32f4xx_hal_spi.c **** 
 2214              		.loc 1 1409 3 is_stmt 1 view .LVU783
1409:Drivers/STM32F4xx_HAL_Driver/Src/stm32f4xx_hal_spi.c **** 
 2215              		.loc 1 1409 3 view .LVU784
 2216 0010 90F85030 		ldrb	r3, [r0, #80]	@ zero_extendqisi2
 2217 0014 012B     		cmp	r3, #1
 2218 0016 2BD0     		beq	.L179
1409:Drivers/STM32F4xx_HAL_Driver/Src/stm32f4xx_hal_spi.c **** 
 2219              		.loc 1 1409 3 discriminator 2 view .LVU785
 2220 0018 0123     		movs	r3, #1
 2221 001a 80F85030 		strb	r3, [r0, #80]
1409:Drivers/STM32F4xx_HAL_Driver/Src/stm32f4xx_hal_spi.c **** 
 2222              		.loc 1 1409 3 discriminator 2 view .LVU786
1412:Drivers/STM32F4xx_HAL_Driver/Src/stm32f4xx_hal_spi.c ****   hspi->ErrorCode   = HAL_SPI_ERROR_NONE;
 2223              		.loc 1 1412 3 view .LVU787
1412:Drivers/STM32F4xx_HAL_Driver/Src/stm32f4xx_hal_spi.c ****   hspi->ErrorCode   = HAL_SPI_ERROR_NONE;
 2224              		.loc 1 1412 21 is_stmt 0 view .LVU788
 2225 001e 0323     		movs	r3, #3
 2226 0020 80F85130 		strb	r3, [r0, #81]
1413:Drivers/STM32F4xx_HAL_Driver/Src/stm32f4xx_hal_spi.c ****   hspi->pTxBuffPtr  = (const uint8_t *)pData;
 2227              		.loc 1 1413 3 is_stmt 1 view .LVU789
1413:Drivers/STM32F4xx_HAL_Driver/Src/stm32f4xx_hal_spi.c ****   hspi->pTxBuffPtr  = (const uint8_t *)pData;
 2228              		.loc 1 1413 21 is_stmt 0 view .LVU790
 2229 0024 0023     		movs	r3, #0
 2230 0026 4365     		str	r3, [r0, #84]
1414:Drivers/STM32F4xx_HAL_Driver/Src/stm32f4xx_hal_spi.c ****   hspi->TxXferSize  = Size;
 2231              		.loc 1 1414 3 is_stmt 1 view .LVU791
1414:Drivers/STM32F4xx_HAL_Driver/Src/stm32f4xx_hal_spi.c ****   hspi->TxXferSize  = Size;
 2232              		.loc 1 1414 21 is_stmt 0 view .LVU792
ARM GAS  /tmp/cci2ucsl.s 			page 122


 2233 0028 0163     		str	r1, [r0, #48]
1415:Drivers/STM32F4xx_HAL_Driver/Src/stm32f4xx_hal_spi.c ****   hspi->TxXferCount = Size;
 2234              		.loc 1 1415 3 is_stmt 1 view .LVU793
1415:Drivers/STM32F4xx_HAL_Driver/Src/stm32f4xx_hal_spi.c ****   hspi->TxXferCount = Size;
 2235              		.loc 1 1415 21 is_stmt 0 view .LVU794
 2236 002a 8286     		strh	r2, [r0, #52]	@ movhi
1416:Drivers/STM32F4xx_HAL_Driver/Src/stm32f4xx_hal_spi.c **** 
 2237              		.loc 1 1416 3 is_stmt 1 view .LVU795
1416:Drivers/STM32F4xx_HAL_Driver/Src/stm32f4xx_hal_spi.c **** 
 2238              		.loc 1 1416 21 is_stmt 0 view .LVU796
 2239 002c C286     		strh	r2, [r0, #54]	@ movhi
1419:Drivers/STM32F4xx_HAL_Driver/Src/stm32f4xx_hal_spi.c ****   hspi->RxXferSize  = 0U;
 2240              		.loc 1 1419 3 is_stmt 1 view .LVU797
1419:Drivers/STM32F4xx_HAL_Driver/Src/stm32f4xx_hal_spi.c ****   hspi->RxXferSize  = 0U;
 2241              		.loc 1 1419 21 is_stmt 0 view .LVU798
 2242 002e 8363     		str	r3, [r0, #56]
1420:Drivers/STM32F4xx_HAL_Driver/Src/stm32f4xx_hal_spi.c ****   hspi->RxXferCount = 0U;
 2243              		.loc 1 1420 3 is_stmt 1 view .LVU799
1420:Drivers/STM32F4xx_HAL_Driver/Src/stm32f4xx_hal_spi.c ****   hspi->RxXferCount = 0U;
 2244              		.loc 1 1420 21 is_stmt 0 view .LVU800
 2245 0030 8387     		strh	r3, [r0, #60]	@ movhi
1421:Drivers/STM32F4xx_HAL_Driver/Src/stm32f4xx_hal_spi.c ****   hspi->RxISR       = NULL;
 2246              		.loc 1 1421 3 is_stmt 1 view .LVU801
1421:Drivers/STM32F4xx_HAL_Driver/Src/stm32f4xx_hal_spi.c ****   hspi->RxISR       = NULL;
 2247              		.loc 1 1421 21 is_stmt 0 view .LVU802
 2248 0032 C387     		strh	r3, [r0, #62]	@ movhi
1422:Drivers/STM32F4xx_HAL_Driver/Src/stm32f4xx_hal_spi.c **** 
 2249              		.loc 1 1422 3 is_stmt 1 view .LVU803
1422:Drivers/STM32F4xx_HAL_Driver/Src/stm32f4xx_hal_spi.c **** 
 2250              		.loc 1 1422 21 is_stmt 0 view .LVU804
 2251 0034 0364     		str	r3, [r0, #64]
1425:Drivers/STM32F4xx_HAL_Driver/Src/stm32f4xx_hal_spi.c ****   {
 2252              		.loc 1 1425 3 is_stmt 1 view .LVU805
1425:Drivers/STM32F4xx_HAL_Driver/Src/stm32f4xx_hal_spi.c ****   {
 2253              		.loc 1 1425 17 is_stmt 0 view .LVU806
 2254 0036 C368     		ldr	r3, [r0, #12]
1425:Drivers/STM32F4xx_HAL_Driver/Src/stm32f4xx_hal_spi.c ****   {
 2255              		.loc 1 1425 6 view .LVU807
 2256 0038 E3B1     		cbz	r3, .L180
1427:Drivers/STM32F4xx_HAL_Driver/Src/stm32f4xx_hal_spi.c ****   }
 2257              		.loc 1 1427 5 is_stmt 1 view .LVU808
1427:Drivers/STM32F4xx_HAL_Driver/Src/stm32f4xx_hal_spi.c ****   }
 2258              		.loc 1 1427 17 is_stmt 0 view .LVU809
 2259 003a 154B     		ldr	r3, .L185
 2260 003c 4364     		str	r3, [r0, #68]
 2261              	.L181:
1435:Drivers/STM32F4xx_HAL_Driver/Src/stm32f4xx_hal_spi.c ****   {
 2262              		.loc 1 1435 3 is_stmt 1 view .LVU810
1435:Drivers/STM32F4xx_HAL_Driver/Src/stm32f4xx_hal_spi.c ****   {
 2263              		.loc 1 1435 17 is_stmt 0 view .LVU811
 2264 003e 8368     		ldr	r3, [r0, #8]
1435:Drivers/STM32F4xx_HAL_Driver/Src/stm32f4xx_hal_spi.c ****   {
 2265              		.loc 1 1435 6 view .LVU812
 2266 0040 B3F5004F 		cmp	r3, #32768
 2267 0044 19D0     		beq	.L184
 2268              	.LVL105:
 2269              	.L182:
ARM GAS  /tmp/cci2ucsl.s 			page 123


1451:Drivers/STM32F4xx_HAL_Driver/Src/stm32f4xx_hal_spi.c ****   {
 2270              		.loc 1 1451 3 is_stmt 1 view .LVU813
1451:Drivers/STM32F4xx_HAL_Driver/Src/stm32f4xx_hal_spi.c ****   {
 2271              		.loc 1 1451 12 is_stmt 0 view .LVU814
 2272 0046 0368     		ldr	r3, [r0]
1451:Drivers/STM32F4xx_HAL_Driver/Src/stm32f4xx_hal_spi.c ****   {
 2273              		.loc 1 1451 22 view .LVU815
 2274 0048 1A68     		ldr	r2, [r3]
1451:Drivers/STM32F4xx_HAL_Driver/Src/stm32f4xx_hal_spi.c ****   {
 2275              		.loc 1 1451 6 view .LVU816
 2276 004a 12F0400F 		tst	r2, #64
 2277 004e 03D1     		bne	.L183
1454:Drivers/STM32F4xx_HAL_Driver/Src/stm32f4xx_hal_spi.c ****   }
 2278              		.loc 1 1454 5 is_stmt 1 view .LVU817
 2279 0050 1A68     		ldr	r2, [r3]
 2280 0052 42F04002 		orr	r2, r2, #64
 2281 0056 1A60     		str	r2, [r3]
 2282              	.L183:
1458:Drivers/STM32F4xx_HAL_Driver/Src/stm32f4xx_hal_spi.c ****   /* Enable TXE and ERR interrupt */
 2283              		.loc 1 1458 3 view .LVU818
1458:Drivers/STM32F4xx_HAL_Driver/Src/stm32f4xx_hal_spi.c ****   /* Enable TXE and ERR interrupt */
 2284              		.loc 1 1458 3 view .LVU819
 2285 0058 0023     		movs	r3, #0
 2286 005a 80F85030 		strb	r3, [r0, #80]
1458:Drivers/STM32F4xx_HAL_Driver/Src/stm32f4xx_hal_spi.c ****   /* Enable TXE and ERR interrupt */
 2287              		.loc 1 1458 3 view .LVU820
1460:Drivers/STM32F4xx_HAL_Driver/Src/stm32f4xx_hal_spi.c **** 
 2288              		.loc 1 1460 3 view .LVU821
 2289 005e 0168     		ldr	r1, [r0]
 2290              	.LVL106:
1460:Drivers/STM32F4xx_HAL_Driver/Src/stm32f4xx_hal_spi.c **** 
 2291              		.loc 1 1460 3 is_stmt 0 view .LVU822
 2292 0060 4A68     		ldr	r2, [r1, #4]
 2293 0062 42F0A002 		orr	r2, r2, #160
 2294 0066 4A60     		str	r2, [r1, #4]
1462:Drivers/STM32F4xx_HAL_Driver/Src/stm32f4xx_hal_spi.c **** }
 2295              		.loc 1 1462 3 is_stmt 1 view .LVU823
1462:Drivers/STM32F4xx_HAL_Driver/Src/stm32f4xx_hal_spi.c **** }
 2296              		.loc 1 1462 10 is_stmt 0 view .LVU824
 2297 0068 1846     		mov	r0, r3
 2298              	.LVL107:
1463:Drivers/STM32F4xx_HAL_Driver/Src/stm32f4xx_hal_spi.c **** 
 2299              		.loc 1 1463 1 view .LVU825
 2300 006a 7047     		bx	lr
 2301              	.LVL108:
 2302              	.L175:
1400:Drivers/STM32F4xx_HAL_Driver/Src/stm32f4xx_hal_spi.c ****   }
 2303              		.loc 1 1400 12 view .LVU826
 2304 006c 0120     		movs	r0, #1
 2305              	.LVL109:
1400:Drivers/STM32F4xx_HAL_Driver/Src/stm32f4xx_hal_spi.c ****   }
 2306              		.loc 1 1400 12 view .LVU827
 2307 006e 7047     		bx	lr
 2308              	.LVL110:
 2309              	.L179:
1405:Drivers/STM32F4xx_HAL_Driver/Src/stm32f4xx_hal_spi.c ****   }
 2310              		.loc 1 1405 12 view .LVU828
ARM GAS  /tmp/cci2ucsl.s 			page 124


 2311 0070 0220     		movs	r0, #2
 2312              	.LVL111:
1405:Drivers/STM32F4xx_HAL_Driver/Src/stm32f4xx_hal_spi.c ****   }
 2313              		.loc 1 1405 12 view .LVU829
 2314 0072 7047     		bx	lr
 2315              	.LVL112:
 2316              	.L180:
1431:Drivers/STM32F4xx_HAL_Driver/Src/stm32f4xx_hal_spi.c ****   }
 2317              		.loc 1 1431 5 is_stmt 1 view .LVU830
1431:Drivers/STM32F4xx_HAL_Driver/Src/stm32f4xx_hal_spi.c ****   }
 2318              		.loc 1 1431 17 is_stmt 0 view .LVU831
 2319 0074 074B     		ldr	r3, .L185+4
 2320 0076 4364     		str	r3, [r0, #68]
 2321 0078 E1E7     		b	.L181
 2322              	.L184:
1438:Drivers/STM32F4xx_HAL_Driver/Src/stm32f4xx_hal_spi.c ****     SPI_1LINE_TX(hspi);
 2323              		.loc 1 1438 5 is_stmt 1 view .LVU832
 2324 007a 0268     		ldr	r2, [r0]
 2325              	.LVL113:
1438:Drivers/STM32F4xx_HAL_Driver/Src/stm32f4xx_hal_spi.c ****     SPI_1LINE_TX(hspi);
 2326              		.loc 1 1438 5 is_stmt 0 view .LVU833
 2327 007c 1368     		ldr	r3, [r2]
 2328 007e 23F04003 		bic	r3, r3, #64
 2329 0082 1360     		str	r3, [r2]
 2330              	.LVL114:
1439:Drivers/STM32F4xx_HAL_Driver/Src/stm32f4xx_hal_spi.c ****   }
 2331              		.loc 1 1439 5 is_stmt 1 view .LVU834
 2332 0084 0268     		ldr	r2, [r0]
 2333 0086 1368     		ldr	r3, [r2]
 2334 0088 43F48043 		orr	r3, r3, #16384
 2335 008c 1360     		str	r3, [r2]
 2336 008e DAE7     		b	.L182
 2337              	.L186:
 2338              		.align	2
 2339              	.L185:
 2340 0090 00000000 		.word	SPI_TxISR_16BIT
 2341 0094 00000000 		.word	SPI_TxISR_8BIT
 2342              		.cfi_endproc
 2343              	.LFE227:
 2345              		.section	.text.HAL_SPI_TransmitReceive_IT,"ax",%progbits
 2346              		.align	1
 2347              		.global	HAL_SPI_TransmitReceive_IT
 2348              		.syntax unified
 2349              		.thumb
 2350              		.thumb_func
 2352              	HAL_SPI_TransmitReceive_IT:
 2353              	.LVL115:
 2354              	.LFB229:
1566:Drivers/STM32F4xx_HAL_Driver/Src/stm32f4xx_hal_spi.c ****   uint32_t             tmp_mode;
 2355              		.loc 1 1566 1 view -0
 2356              		.cfi_startproc
 2357              		@ args = 0, pretend = 0, frame = 0
 2358              		@ frame_needed = 0, uses_anonymous_args = 0
1566:Drivers/STM32F4xx_HAL_Driver/Src/stm32f4xx_hal_spi.c ****   uint32_t             tmp_mode;
 2359              		.loc 1 1566 1 is_stmt 0 view .LVU836
 2360 0000 10B5     		push	{r4, lr}
 2361              	.LCFI29:
ARM GAS  /tmp/cci2ucsl.s 			page 125


 2362              		.cfi_def_cfa_offset 8
 2363              		.cfi_offset 4, -8
 2364              		.cfi_offset 14, -4
1567:Drivers/STM32F4xx_HAL_Driver/Src/stm32f4xx_hal_spi.c ****   HAL_SPI_StateTypeDef tmp_state;
 2365              		.loc 1 1567 3 is_stmt 1 view .LVU837
1568:Drivers/STM32F4xx_HAL_Driver/Src/stm32f4xx_hal_spi.c **** 
 2366              		.loc 1 1568 3 view .LVU838
1571:Drivers/STM32F4xx_HAL_Driver/Src/stm32f4xx_hal_spi.c **** 
 2367              		.loc 1 1571 3 view .LVU839
1574:Drivers/STM32F4xx_HAL_Driver/Src/stm32f4xx_hal_spi.c ****   tmp_mode            = hspi->Init.Mode;
 2368              		.loc 1 1574 3 view .LVU840
1574:Drivers/STM32F4xx_HAL_Driver/Src/stm32f4xx_hal_spi.c ****   tmp_mode            = hspi->Init.Mode;
 2369              		.loc 1 1574 23 is_stmt 0 view .LVU841
 2370 0002 90F851C0 		ldrb	ip, [r0, #81]	@ zero_extendqisi2
 2371              	.LVL116:
1575:Drivers/STM32F4xx_HAL_Driver/Src/stm32f4xx_hal_spi.c **** 
 2372              		.loc 1 1575 3 is_stmt 1 view .LVU842
1575:Drivers/STM32F4xx_HAL_Driver/Src/stm32f4xx_hal_spi.c **** 
 2373              		.loc 1 1575 23 is_stmt 0 view .LVU843
 2374 0006 D0F804E0 		ldr	lr, [r0, #4]
 2375              	.LVL117:
1577:Drivers/STM32F4xx_HAL_Driver/Src/stm32f4xx_hal_spi.c ****         ((tmp_mode == SPI_MODE_MASTER) && (hspi->Init.Direction == SPI_DIRECTION_2LINES) &&
 2376              		.loc 1 1577 3 is_stmt 1 view .LVU844
1577:Drivers/STM32F4xx_HAL_Driver/Src/stm32f4xx_hal_spi.c ****         ((tmp_mode == SPI_MODE_MASTER) && (hspi->Init.Direction == SPI_DIRECTION_2LINES) &&
 2377              		.loc 1 1577 6 is_stmt 0 view .LVU845
 2378 000a BCF1010F 		cmp	ip, #1
 2379 000e 08D0     		beq	.L188
1577:Drivers/STM32F4xx_HAL_Driver/Src/stm32f4xx_hal_spi.c ****         ((tmp_mode == SPI_MODE_MASTER) && (hspi->Init.Direction == SPI_DIRECTION_2LINES) &&
 2380              		.loc 1 1577 7 discriminator 1 view .LVU846
 2381 0010 BEF5827F 		cmp	lr, #260
 2382 0014 40D1     		bne	.L189
1578:Drivers/STM32F4xx_HAL_Driver/Src/stm32f4xx_hal_spi.c ****          (tmp_state == HAL_SPI_STATE_BUSY_RX))))
 2383              		.loc 1 1578 40 view .LVU847
 2384 0016 8468     		ldr	r4, [r0, #8]
 2385 0018 002C     		cmp	r4, #0
 2386 001a 3DD1     		bne	.L189
1578:Drivers/STM32F4xx_HAL_Driver/Src/stm32f4xx_hal_spi.c ****          (tmp_state == HAL_SPI_STATE_BUSY_RX))))
 2387              		.loc 1 1578 90 discriminator 1 view .LVU848
 2388 001c BCF1040F 		cmp	ip, #4
 2389 0020 3AD1     		bne	.L189
 2390              	.L188:
1584:Drivers/STM32F4xx_HAL_Driver/Src/stm32f4xx_hal_spi.c ****   {
 2391              		.loc 1 1584 3 is_stmt 1 view .LVU849
1584:Drivers/STM32F4xx_HAL_Driver/Src/stm32f4xx_hal_spi.c ****   {
 2392              		.loc 1 1584 6 is_stmt 0 view .LVU850
 2393 0022 0029     		cmp	r1, #0
 2394 0024 3AD0     		beq	.L192
1584:Drivers/STM32F4xx_HAL_Driver/Src/stm32f4xx_hal_spi.c ****   {
 2395              		.loc 1 1584 25 discriminator 1 view .LVU851
 2396 0026 002A     		cmp	r2, #0
 2397 0028 38D0     		beq	.L192
1584:Drivers/STM32F4xx_HAL_Driver/Src/stm32f4xx_hal_spi.c ****   {
 2398              		.loc 1 1584 46 discriminator 2 view .LVU852
 2399 002a 002B     		cmp	r3, #0
 2400 002c 36D0     		beq	.L192
1590:Drivers/STM32F4xx_HAL_Driver/Src/stm32f4xx_hal_spi.c **** 
 2401              		.loc 1 1590 3 is_stmt 1 view .LVU853
ARM GAS  /tmp/cci2ucsl.s 			page 126


1590:Drivers/STM32F4xx_HAL_Driver/Src/stm32f4xx_hal_spi.c **** 
 2402              		.loc 1 1590 3 view .LVU854
 2403 002e 90F850C0 		ldrb	ip, [r0, #80]	@ zero_extendqisi2
 2404              	.LVL118:
1590:Drivers/STM32F4xx_HAL_Driver/Src/stm32f4xx_hal_spi.c **** 
 2405              		.loc 1 1590 3 is_stmt 0 view .LVU855
 2406 0032 BCF1010F 		cmp	ip, #1
 2407 0036 2FD0     		beq	.L189
1590:Drivers/STM32F4xx_HAL_Driver/Src/stm32f4xx_hal_spi.c **** 
 2408              		.loc 1 1590 3 is_stmt 1 discriminator 2 view .LVU856
 2409 0038 4FF0010C 		mov	ip, #1
 2410 003c 80F850C0 		strb	ip, [r0, #80]
1590:Drivers/STM32F4xx_HAL_Driver/Src/stm32f4xx_hal_spi.c **** 
 2411              		.loc 1 1590 3 discriminator 2 view .LVU857
1593:Drivers/STM32F4xx_HAL_Driver/Src/stm32f4xx_hal_spi.c ****   {
 2412              		.loc 1 1593 3 view .LVU858
1593:Drivers/STM32F4xx_HAL_Driver/Src/stm32f4xx_hal_spi.c ****   {
 2413              		.loc 1 1593 11 is_stmt 0 view .LVU859
 2414 0040 90F851C0 		ldrb	ip, [r0, #81]	@ zero_extendqisi2
1593:Drivers/STM32F4xx_HAL_Driver/Src/stm32f4xx_hal_spi.c ****   {
 2415              		.loc 1 1593 6 view .LVU860
 2416 0044 BCF1040F 		cmp	ip, #4
 2417 0048 03D0     		beq	.L194
1595:Drivers/STM32F4xx_HAL_Driver/Src/stm32f4xx_hal_spi.c ****   }
 2418              		.loc 1 1595 5 is_stmt 1 view .LVU861
1595:Drivers/STM32F4xx_HAL_Driver/Src/stm32f4xx_hal_spi.c ****   }
 2419              		.loc 1 1595 17 is_stmt 0 view .LVU862
 2420 004a 4FF0050C 		mov	ip, #5
 2421 004e 80F851C0 		strb	ip, [r0, #81]
 2422              	.L194:
1599:Drivers/STM32F4xx_HAL_Driver/Src/stm32f4xx_hal_spi.c ****   hspi->pTxBuffPtr  = (const uint8_t *)pTxData;
 2423              		.loc 1 1599 3 is_stmt 1 view .LVU863
1599:Drivers/STM32F4xx_HAL_Driver/Src/stm32f4xx_hal_spi.c ****   hspi->pTxBuffPtr  = (const uint8_t *)pTxData;
 2424              		.loc 1 1599 21 is_stmt 0 view .LVU864
 2425 0052 4FF0000C 		mov	ip, #0
 2426 0056 C0F854C0 		str	ip, [r0, #84]
1600:Drivers/STM32F4xx_HAL_Driver/Src/stm32f4xx_hal_spi.c ****   hspi->TxXferSize  = Size;
 2427              		.loc 1 1600 3 is_stmt 1 view .LVU865
1600:Drivers/STM32F4xx_HAL_Driver/Src/stm32f4xx_hal_spi.c ****   hspi->TxXferSize  = Size;
 2428              		.loc 1 1600 21 is_stmt 0 view .LVU866
 2429 005a 0163     		str	r1, [r0, #48]
1601:Drivers/STM32F4xx_HAL_Driver/Src/stm32f4xx_hal_spi.c ****   hspi->TxXferCount = Size;
 2430              		.loc 1 1601 3 is_stmt 1 view .LVU867
1601:Drivers/STM32F4xx_HAL_Driver/Src/stm32f4xx_hal_spi.c ****   hspi->TxXferCount = Size;
 2431              		.loc 1 1601 21 is_stmt 0 view .LVU868
 2432 005c 8386     		strh	r3, [r0, #52]	@ movhi
1602:Drivers/STM32F4xx_HAL_Driver/Src/stm32f4xx_hal_spi.c ****   hspi->pRxBuffPtr  = (uint8_t *)pRxData;
 2433              		.loc 1 1602 3 is_stmt 1 view .LVU869
1602:Drivers/STM32F4xx_HAL_Driver/Src/stm32f4xx_hal_spi.c ****   hspi->pRxBuffPtr  = (uint8_t *)pRxData;
 2434              		.loc 1 1602 21 is_stmt 0 view .LVU870
 2435 005e C386     		strh	r3, [r0, #54]	@ movhi
1603:Drivers/STM32F4xx_HAL_Driver/Src/stm32f4xx_hal_spi.c ****   hspi->RxXferSize  = Size;
 2436              		.loc 1 1603 3 is_stmt 1 view .LVU871
1603:Drivers/STM32F4xx_HAL_Driver/Src/stm32f4xx_hal_spi.c ****   hspi->RxXferSize  = Size;
 2437              		.loc 1 1603 21 is_stmt 0 view .LVU872
 2438 0060 8263     		str	r2, [r0, #56]
1604:Drivers/STM32F4xx_HAL_Driver/Src/stm32f4xx_hal_spi.c ****   hspi->RxXferCount = Size;
ARM GAS  /tmp/cci2ucsl.s 			page 127


 2439              		.loc 1 1604 3 is_stmt 1 view .LVU873
1604:Drivers/STM32F4xx_HAL_Driver/Src/stm32f4xx_hal_spi.c ****   hspi->RxXferCount = Size;
 2440              		.loc 1 1604 21 is_stmt 0 view .LVU874
 2441 0062 8387     		strh	r3, [r0, #60]	@ movhi
1605:Drivers/STM32F4xx_HAL_Driver/Src/stm32f4xx_hal_spi.c **** 
 2442              		.loc 1 1605 3 is_stmt 1 view .LVU875
1605:Drivers/STM32F4xx_HAL_Driver/Src/stm32f4xx_hal_spi.c **** 
 2443              		.loc 1 1605 21 is_stmt 0 view .LVU876
 2444 0064 C387     		strh	r3, [r0, #62]	@ movhi
1608:Drivers/STM32F4xx_HAL_Driver/Src/stm32f4xx_hal_spi.c ****   {
 2445              		.loc 1 1608 3 is_stmt 1 view .LVU877
1608:Drivers/STM32F4xx_HAL_Driver/Src/stm32f4xx_hal_spi.c ****   {
 2446              		.loc 1 1608 17 is_stmt 0 view .LVU878
 2447 0066 C368     		ldr	r3, [r0, #12]
 2448              	.LVL119:
1608:Drivers/STM32F4xx_HAL_Driver/Src/stm32f4xx_hal_spi.c ****   {
 2449              		.loc 1 1608 6 view .LVU879
 2450 0068 D3B1     		cbz	r3, .L195
1610:Drivers/STM32F4xx_HAL_Driver/Src/stm32f4xx_hal_spi.c ****     hspi->TxISR     = SPI_2linesTxISR_16BIT;
 2451              		.loc 1 1610 5 is_stmt 1 view .LVU880
1610:Drivers/STM32F4xx_HAL_Driver/Src/stm32f4xx_hal_spi.c ****     hspi->TxISR     = SPI_2linesTxISR_16BIT;
 2452              		.loc 1 1610 21 is_stmt 0 view .LVU881
 2453 006a 104B     		ldr	r3, .L199
 2454 006c 0364     		str	r3, [r0, #64]
1611:Drivers/STM32F4xx_HAL_Driver/Src/stm32f4xx_hal_spi.c ****   }
 2455              		.loc 1 1611 5 is_stmt 1 view .LVU882
1611:Drivers/STM32F4xx_HAL_Driver/Src/stm32f4xx_hal_spi.c ****   }
 2456              		.loc 1 1611 21 is_stmt 0 view .LVU883
 2457 006e 104B     		ldr	r3, .L199+4
 2458 0070 4364     		str	r3, [r0, #68]
 2459              	.L196:
1629:Drivers/STM32F4xx_HAL_Driver/Src/stm32f4xx_hal_spi.c ****   {
 2460              		.loc 1 1629 3 is_stmt 1 view .LVU884
1629:Drivers/STM32F4xx_HAL_Driver/Src/stm32f4xx_hal_spi.c ****   {
 2461              		.loc 1 1629 12 is_stmt 0 view .LVU885
 2462 0072 0368     		ldr	r3, [r0]
1629:Drivers/STM32F4xx_HAL_Driver/Src/stm32f4xx_hal_spi.c ****   {
 2463              		.loc 1 1629 22 view .LVU886
 2464 0074 1A68     		ldr	r2, [r3]
 2465              	.LVL120:
1629:Drivers/STM32F4xx_HAL_Driver/Src/stm32f4xx_hal_spi.c ****   {
 2466              		.loc 1 1629 6 view .LVU887
 2467 0076 12F0400F 		tst	r2, #64
 2468 007a 03D1     		bne	.L197
1632:Drivers/STM32F4xx_HAL_Driver/Src/stm32f4xx_hal_spi.c ****   }
 2469              		.loc 1 1632 5 is_stmt 1 view .LVU888
 2470 007c 1A68     		ldr	r2, [r3]
 2471 007e 42F04002 		orr	r2, r2, #64
 2472 0082 1A60     		str	r2, [r3]
 2473              	.LVL121:
 2474              	.L197:
1636:Drivers/STM32F4xx_HAL_Driver/Src/stm32f4xx_hal_spi.c ****   /* Enable TXE, RXNE and ERR interrupt */
 2475              		.loc 1 1636 3 view .LVU889
1636:Drivers/STM32F4xx_HAL_Driver/Src/stm32f4xx_hal_spi.c ****   /* Enable TXE, RXNE and ERR interrupt */
 2476              		.loc 1 1636 3 view .LVU890
 2477 0084 0023     		movs	r3, #0
 2478 0086 80F85030 		strb	r3, [r0, #80]
ARM GAS  /tmp/cci2ucsl.s 			page 128


1636:Drivers/STM32F4xx_HAL_Driver/Src/stm32f4xx_hal_spi.c ****   /* Enable TXE, RXNE and ERR interrupt */
 2479              		.loc 1 1636 3 view .LVU891
1638:Drivers/STM32F4xx_HAL_Driver/Src/stm32f4xx_hal_spi.c **** 
 2480              		.loc 1 1638 3 view .LVU892
 2481 008a 0168     		ldr	r1, [r0]
 2482              	.LVL122:
1638:Drivers/STM32F4xx_HAL_Driver/Src/stm32f4xx_hal_spi.c **** 
 2483              		.loc 1 1638 3 is_stmt 0 view .LVU893
 2484 008c 4A68     		ldr	r2, [r1, #4]
 2485 008e 42F0E002 		orr	r2, r2, #224
 2486 0092 4A60     		str	r2, [r1, #4]
1640:Drivers/STM32F4xx_HAL_Driver/Src/stm32f4xx_hal_spi.c **** }
 2487              		.loc 1 1640 3 is_stmt 1 view .LVU894
1640:Drivers/STM32F4xx_HAL_Driver/Src/stm32f4xx_hal_spi.c **** }
 2488              		.loc 1 1640 10 is_stmt 0 view .LVU895
 2489 0094 1846     		mov	r0, r3
 2490              	.LVL123:
1640:Drivers/STM32F4xx_HAL_Driver/Src/stm32f4xx_hal_spi.c **** }
 2491              		.loc 1 1640 10 view .LVU896
 2492 0096 00E0     		b	.L191
 2493              	.LVL124:
 2494              	.L189:
1581:Drivers/STM32F4xx_HAL_Driver/Src/stm32f4xx_hal_spi.c ****   }
 2495              		.loc 1 1581 12 view .LVU897
 2496 0098 0220     		movs	r0, #2
 2497              	.LVL125:
 2498              	.L191:
1641:Drivers/STM32F4xx_HAL_Driver/Src/stm32f4xx_hal_spi.c **** 
 2499              		.loc 1 1641 1 view .LVU898
 2500 009a 10BD     		pop	{r4, pc}
 2501              	.LVL126:
 2502              	.L192:
1586:Drivers/STM32F4xx_HAL_Driver/Src/stm32f4xx_hal_spi.c ****   }
 2503              		.loc 1 1586 12 view .LVU899
 2504 009c 0120     		movs	r0, #1
 2505              	.LVL127:
1586:Drivers/STM32F4xx_HAL_Driver/Src/stm32f4xx_hal_spi.c ****   }
 2506              		.loc 1 1586 12 view .LVU900
 2507 009e FCE7     		b	.L191
 2508              	.LVL128:
 2509              	.L195:
1615:Drivers/STM32F4xx_HAL_Driver/Src/stm32f4xx_hal_spi.c ****     hspi->TxISR     = SPI_2linesTxISR_8BIT;
 2510              		.loc 1 1615 5 is_stmt 1 view .LVU901
1615:Drivers/STM32F4xx_HAL_Driver/Src/stm32f4xx_hal_spi.c ****     hspi->TxISR     = SPI_2linesTxISR_8BIT;
 2511              		.loc 1 1615 21 is_stmt 0 view .LVU902
 2512 00a0 044B     		ldr	r3, .L199+8
 2513 00a2 0364     		str	r3, [r0, #64]
1616:Drivers/STM32F4xx_HAL_Driver/Src/stm32f4xx_hal_spi.c ****   }
 2514              		.loc 1 1616 5 is_stmt 1 view .LVU903
1616:Drivers/STM32F4xx_HAL_Driver/Src/stm32f4xx_hal_spi.c ****   }
 2515              		.loc 1 1616 21 is_stmt 0 view .LVU904
 2516 00a4 044B     		ldr	r3, .L199+12
 2517 00a6 4364     		str	r3, [r0, #68]
 2518 00a8 E3E7     		b	.L196
 2519              	.L200:
 2520 00aa 00BF     		.align	2
 2521              	.L199:
ARM GAS  /tmp/cci2ucsl.s 			page 129


 2522 00ac 00000000 		.word	SPI_2linesRxISR_16BIT
 2523 00b0 00000000 		.word	SPI_2linesTxISR_16BIT
 2524 00b4 00000000 		.word	SPI_2linesRxISR_8BIT
 2525 00b8 00000000 		.word	SPI_2linesTxISR_8BIT
 2526              		.cfi_endproc
 2527              	.LFE229:
 2529              		.section	.text.HAL_SPI_Receive_IT,"ax",%progbits
 2530              		.align	1
 2531              		.global	HAL_SPI_Receive_IT
 2532              		.syntax unified
 2533              		.thumb
 2534              		.thumb_func
 2536              	HAL_SPI_Receive_IT:
 2537              	.LVL129:
 2538              	.LFB228:
1474:Drivers/STM32F4xx_HAL_Driver/Src/stm32f4xx_hal_spi.c **** 
 2539              		.loc 1 1474 1 is_stmt 1 view -0
 2540              		.cfi_startproc
 2541              		@ args = 0, pretend = 0, frame = 0
 2542              		@ frame_needed = 0, uses_anonymous_args = 0
1474:Drivers/STM32F4xx_HAL_Driver/Src/stm32f4xx_hal_spi.c **** 
 2543              		.loc 1 1474 1 is_stmt 0 view .LVU906
 2544 0000 8446     		mov	ip, r0
1476:Drivers/STM32F4xx_HAL_Driver/Src/stm32f4xx_hal_spi.c ****   {
 2545              		.loc 1 1476 3 is_stmt 1 view .LVU907
1476:Drivers/STM32F4xx_HAL_Driver/Src/stm32f4xx_hal_spi.c ****   {
 2546              		.loc 1 1476 11 is_stmt 0 view .LVU908
 2547 0002 90F85100 		ldrb	r0, [r0, #81]	@ zero_extendqisi2
 2548              	.LVL130:
1476:Drivers/STM32F4xx_HAL_Driver/Src/stm32f4xx_hal_spi.c ****   {
 2549              		.loc 1 1476 6 view .LVU909
 2550 0006 0128     		cmp	r0, #1
 2551 0008 60D1     		bne	.L217
1481:Drivers/STM32F4xx_HAL_Driver/Src/stm32f4xx_hal_spi.c ****   {
 2552              		.loc 1 1481 3 is_stmt 1 view .LVU910
1481:Drivers/STM32F4xx_HAL_Driver/Src/stm32f4xx_hal_spi.c ****   {
 2553              		.loc 1 1481 6 is_stmt 0 view .LVU911
 2554 000a 0029     		cmp	r1, #0
 2555 000c 5FD0     		beq	.L214
1481:Drivers/STM32F4xx_HAL_Driver/Src/stm32f4xx_hal_spi.c ****   {
 2556              		.loc 1 1481 23 discriminator 1 view .LVU912
 2557 000e 002A     		cmp	r2, #0
 2558 0010 5DD0     		beq	.L214
1474:Drivers/STM32F4xx_HAL_Driver/Src/stm32f4xx_hal_spi.c **** 
 2559              		.loc 1 1474 1 view .LVU913
 2560 0012 08B5     		push	{r3, lr}
 2561              	.LCFI30:
 2562              		.cfi_def_cfa_offset 8
 2563              		.cfi_offset 3, -8
 2564              		.cfi_offset 14, -4
1486:Drivers/STM32F4xx_HAL_Driver/Src/stm32f4xx_hal_spi.c ****   {
 2565              		.loc 1 1486 3 is_stmt 1 view .LVU914
1486:Drivers/STM32F4xx_HAL_Driver/Src/stm32f4xx_hal_spi.c ****   {
 2566              		.loc 1 1486 18 is_stmt 0 view .LVU915
 2567 0014 DCF80800 		ldr	r0, [ip, #8]
1486:Drivers/STM32F4xx_HAL_Driver/Src/stm32f4xx_hal_spi.c ****   {
 2568              		.loc 1 1486 6 view .LVU916
ARM GAS  /tmp/cci2ucsl.s 			page 130


 2569 0018 20B9     		cbnz	r0, .L206
1486:Drivers/STM32F4xx_HAL_Driver/Src/stm32f4xx_hal_spi.c ****   {
 2570              		.loc 1 1486 68 discriminator 1 view .LVU917
 2571 001a DCF80430 		ldr	r3, [ip, #4]
1486:Drivers/STM32F4xx_HAL_Driver/Src/stm32f4xx_hal_spi.c ****   {
 2572              		.loc 1 1486 54 discriminator 1 view .LVU918
 2573 001e B3F5827F 		cmp	r3, #260
 2574 0022 39D0     		beq	.L218
 2575              	.L206:
1495:Drivers/STM32F4xx_HAL_Driver/Src/stm32f4xx_hal_spi.c **** 
 2576              		.loc 1 1495 3 is_stmt 1 view .LVU919
1495:Drivers/STM32F4xx_HAL_Driver/Src/stm32f4xx_hal_spi.c **** 
 2577              		.loc 1 1495 3 view .LVU920
 2578 0024 9CF85030 		ldrb	r3, [ip, #80]	@ zero_extendqisi2
 2579 0028 012B     		cmp	r3, #1
 2580 002a 33D0     		beq	.L207
1495:Drivers/STM32F4xx_HAL_Driver/Src/stm32f4xx_hal_spi.c **** 
 2581              		.loc 1 1495 3 discriminator 2 view .LVU921
 2582 002c 0123     		movs	r3, #1
 2583 002e 8CF85030 		strb	r3, [ip, #80]
1495:Drivers/STM32F4xx_HAL_Driver/Src/stm32f4xx_hal_spi.c **** 
 2584              		.loc 1 1495 3 discriminator 2 view .LVU922
1498:Drivers/STM32F4xx_HAL_Driver/Src/stm32f4xx_hal_spi.c ****   hspi->ErrorCode   = HAL_SPI_ERROR_NONE;
 2585              		.loc 1 1498 3 view .LVU923
1498:Drivers/STM32F4xx_HAL_Driver/Src/stm32f4xx_hal_spi.c ****   hspi->ErrorCode   = HAL_SPI_ERROR_NONE;
 2586              		.loc 1 1498 21 is_stmt 0 view .LVU924
 2587 0032 0423     		movs	r3, #4
 2588 0034 8CF85130 		strb	r3, [ip, #81]
1499:Drivers/STM32F4xx_HAL_Driver/Src/stm32f4xx_hal_spi.c ****   hspi->pRxBuffPtr  = (uint8_t *)pData;
 2589              		.loc 1 1499 3 is_stmt 1 view .LVU925
1499:Drivers/STM32F4xx_HAL_Driver/Src/stm32f4xx_hal_spi.c ****   hspi->pRxBuffPtr  = (uint8_t *)pData;
 2590              		.loc 1 1499 21 is_stmt 0 view .LVU926
 2591 0038 0023     		movs	r3, #0
 2592 003a CCF85430 		str	r3, [ip, #84]
1500:Drivers/STM32F4xx_HAL_Driver/Src/stm32f4xx_hal_spi.c ****   hspi->RxXferSize  = Size;
 2593              		.loc 1 1500 3 is_stmt 1 view .LVU927
1500:Drivers/STM32F4xx_HAL_Driver/Src/stm32f4xx_hal_spi.c ****   hspi->RxXferSize  = Size;
 2594              		.loc 1 1500 21 is_stmt 0 view .LVU928
 2595 003e CCF83810 		str	r1, [ip, #56]
1501:Drivers/STM32F4xx_HAL_Driver/Src/stm32f4xx_hal_spi.c ****   hspi->RxXferCount = Size;
 2596              		.loc 1 1501 3 is_stmt 1 view .LVU929
1501:Drivers/STM32F4xx_HAL_Driver/Src/stm32f4xx_hal_spi.c ****   hspi->RxXferCount = Size;
 2597              		.loc 1 1501 21 is_stmt 0 view .LVU930
 2598 0042 ACF83C20 		strh	r2, [ip, #60]	@ movhi
1502:Drivers/STM32F4xx_HAL_Driver/Src/stm32f4xx_hal_spi.c **** 
 2599              		.loc 1 1502 3 is_stmt 1 view .LVU931
1502:Drivers/STM32F4xx_HAL_Driver/Src/stm32f4xx_hal_spi.c **** 
 2600              		.loc 1 1502 21 is_stmt 0 view .LVU932
 2601 0046 ACF83E20 		strh	r2, [ip, #62]	@ movhi
1505:Drivers/STM32F4xx_HAL_Driver/Src/stm32f4xx_hal_spi.c ****   hspi->TxXferSize  = 0U;
 2602              		.loc 1 1505 3 is_stmt 1 view .LVU933
1505:Drivers/STM32F4xx_HAL_Driver/Src/stm32f4xx_hal_spi.c ****   hspi->TxXferSize  = 0U;
 2603              		.loc 1 1505 21 is_stmt 0 view .LVU934
 2604 004a CCF83030 		str	r3, [ip, #48]
1506:Drivers/STM32F4xx_HAL_Driver/Src/stm32f4xx_hal_spi.c ****   hspi->TxXferCount = 0U;
 2605              		.loc 1 1506 3 is_stmt 1 view .LVU935
1506:Drivers/STM32F4xx_HAL_Driver/Src/stm32f4xx_hal_spi.c ****   hspi->TxXferCount = 0U;
ARM GAS  /tmp/cci2ucsl.s 			page 131


 2606              		.loc 1 1506 21 is_stmt 0 view .LVU936
 2607 004e ACF83430 		strh	r3, [ip, #52]	@ movhi
1507:Drivers/STM32F4xx_HAL_Driver/Src/stm32f4xx_hal_spi.c ****   hspi->TxISR       = NULL;
 2608              		.loc 1 1507 3 is_stmt 1 view .LVU937
1507:Drivers/STM32F4xx_HAL_Driver/Src/stm32f4xx_hal_spi.c ****   hspi->TxISR       = NULL;
 2609              		.loc 1 1507 21 is_stmt 0 view .LVU938
 2610 0052 ACF83630 		strh	r3, [ip, #54]	@ movhi
1508:Drivers/STM32F4xx_HAL_Driver/Src/stm32f4xx_hal_spi.c **** 
 2611              		.loc 1 1508 3 is_stmt 1 view .LVU939
1508:Drivers/STM32F4xx_HAL_Driver/Src/stm32f4xx_hal_spi.c **** 
 2612              		.loc 1 1508 21 is_stmt 0 view .LVU940
 2613 0056 CCF84430 		str	r3, [ip, #68]
1511:Drivers/STM32F4xx_HAL_Driver/Src/stm32f4xx_hal_spi.c ****   {
 2614              		.loc 1 1511 3 is_stmt 1 view .LVU941
1511:Drivers/STM32F4xx_HAL_Driver/Src/stm32f4xx_hal_spi.c ****   {
 2615              		.loc 1 1511 17 is_stmt 0 view .LVU942
 2616 005a DCF80C30 		ldr	r3, [ip, #12]
1511:Drivers/STM32F4xx_HAL_Driver/Src/stm32f4xx_hal_spi.c ****   {
 2617              		.loc 1 1511 6 view .LVU943
 2618 005e 23B3     		cbz	r3, .L208
1513:Drivers/STM32F4xx_HAL_Driver/Src/stm32f4xx_hal_spi.c ****   }
 2619              		.loc 1 1513 5 is_stmt 1 view .LVU944
1513:Drivers/STM32F4xx_HAL_Driver/Src/stm32f4xx_hal_spi.c ****   }
 2620              		.loc 1 1513 17 is_stmt 0 view .LVU945
 2621 0060 1B4B     		ldr	r3, .L220
 2622 0062 CCF84030 		str	r3, [ip, #64]
 2623              	.L209:
1521:Drivers/STM32F4xx_HAL_Driver/Src/stm32f4xx_hal_spi.c ****   {
 2624              		.loc 1 1521 3 is_stmt 1 view .LVU946
1521:Drivers/STM32F4xx_HAL_Driver/Src/stm32f4xx_hal_spi.c ****   {
 2625              		.loc 1 1521 6 is_stmt 0 view .LVU947
 2626 0066 B0F5004F 		cmp	r0, #32768
 2627 006a 22D0     		beq	.L219
 2628              	.LVL131:
 2629              	.L210:
1541:Drivers/STM32F4xx_HAL_Driver/Src/stm32f4xx_hal_spi.c ****   {
 2630              		.loc 1 1541 3 is_stmt 1 view .LVU948
1541:Drivers/STM32F4xx_HAL_Driver/Src/stm32f4xx_hal_spi.c ****   {
 2631              		.loc 1 1541 12 is_stmt 0 view .LVU949
 2632 006c DCF80030 		ldr	r3, [ip]
1541:Drivers/STM32F4xx_HAL_Driver/Src/stm32f4xx_hal_spi.c ****   {
 2633              		.loc 1 1541 22 view .LVU950
 2634 0070 1A68     		ldr	r2, [r3]
1541:Drivers/STM32F4xx_HAL_Driver/Src/stm32f4xx_hal_spi.c ****   {
 2635              		.loc 1 1541 6 view .LVU951
 2636 0072 12F0400F 		tst	r2, #64
 2637 0076 03D1     		bne	.L211
1544:Drivers/STM32F4xx_HAL_Driver/Src/stm32f4xx_hal_spi.c ****   }
 2638              		.loc 1 1544 5 is_stmt 1 view .LVU952
 2639 0078 1A68     		ldr	r2, [r3]
 2640 007a 42F04002 		orr	r2, r2, #64
 2641 007e 1A60     		str	r2, [r3]
 2642              	.L211:
1548:Drivers/STM32F4xx_HAL_Driver/Src/stm32f4xx_hal_spi.c ****   /* Enable RXNE and ERR interrupt */
 2643              		.loc 1 1548 3 view .LVU953
1548:Drivers/STM32F4xx_HAL_Driver/Src/stm32f4xx_hal_spi.c ****   /* Enable RXNE and ERR interrupt */
 2644              		.loc 1 1548 3 view .LVU954
ARM GAS  /tmp/cci2ucsl.s 			page 132


 2645 0080 0020     		movs	r0, #0
 2646 0082 8CF85000 		strb	r0, [ip, #80]
1548:Drivers/STM32F4xx_HAL_Driver/Src/stm32f4xx_hal_spi.c ****   /* Enable RXNE and ERR interrupt */
 2647              		.loc 1 1548 3 view .LVU955
1550:Drivers/STM32F4xx_HAL_Driver/Src/stm32f4xx_hal_spi.c **** 
 2648              		.loc 1 1550 3 view .LVU956
 2649 0086 DCF80020 		ldr	r2, [ip]
 2650 008a 5368     		ldr	r3, [r2, #4]
 2651 008c 43F06003 		orr	r3, r3, #96
 2652 0090 5360     		str	r3, [r2, #4]
1552:Drivers/STM32F4xx_HAL_Driver/Src/stm32f4xx_hal_spi.c **** }
 2653              		.loc 1 1552 3 view .LVU957
 2654              	.LVL132:
 2655              	.L203:
1553:Drivers/STM32F4xx_HAL_Driver/Src/stm32f4xx_hal_spi.c **** 
 2656              		.loc 1 1553 1 is_stmt 0 view .LVU958
 2657 0092 08BD     		pop	{r3, pc}
 2658              	.LVL133:
 2659              	.L207:
1478:Drivers/STM32F4xx_HAL_Driver/Src/stm32f4xx_hal_spi.c ****   }
 2660              		.loc 1 1478 12 view .LVU959
 2661 0094 0220     		movs	r0, #2
 2662 0096 FCE7     		b	.L203
 2663              	.L218:
1488:Drivers/STM32F4xx_HAL_Driver/Src/stm32f4xx_hal_spi.c ****     /* Call transmit-receive function to send Dummy data on Tx line and generate clock on CLK line 
 2664              		.loc 1 1488 5 is_stmt 1 view .LVU960
1488:Drivers/STM32F4xx_HAL_Driver/Src/stm32f4xx_hal_spi.c ****     /* Call transmit-receive function to send Dummy data on Tx line and generate clock on CLK line 
 2665              		.loc 1 1488 17 is_stmt 0 view .LVU961
 2666 0098 0423     		movs	r3, #4
 2667 009a 8CF85130 		strb	r3, [ip, #81]
1490:Drivers/STM32F4xx_HAL_Driver/Src/stm32f4xx_hal_spi.c ****   }
 2668              		.loc 1 1490 5 is_stmt 1 view .LVU962
1490:Drivers/STM32F4xx_HAL_Driver/Src/stm32f4xx_hal_spi.c ****   }
 2669              		.loc 1 1490 12 is_stmt 0 view .LVU963
 2670 009e 1346     		mov	r3, r2
 2671 00a0 0A46     		mov	r2, r1
 2672              	.LVL134:
1490:Drivers/STM32F4xx_HAL_Driver/Src/stm32f4xx_hal_spi.c ****   }
 2673              		.loc 1 1490 12 view .LVU964
 2674 00a2 6046     		mov	r0, ip
 2675 00a4 FFF7FEFF 		bl	HAL_SPI_TransmitReceive_IT
 2676              	.LVL135:
1490:Drivers/STM32F4xx_HAL_Driver/Src/stm32f4xx_hal_spi.c ****   }
 2677              		.loc 1 1490 12 discriminator 1 view .LVU965
 2678 00a8 F3E7     		b	.L203
 2679              	.LVL136:
 2680              	.L208:
1517:Drivers/STM32F4xx_HAL_Driver/Src/stm32f4xx_hal_spi.c ****   }
 2681              		.loc 1 1517 5 is_stmt 1 view .LVU966
1517:Drivers/STM32F4xx_HAL_Driver/Src/stm32f4xx_hal_spi.c ****   }
 2682              		.loc 1 1517 17 is_stmt 0 view .LVU967
 2683 00aa 0A4B     		ldr	r3, .L220+4
 2684 00ac CCF84030 		str	r3, [ip, #64]
 2685 00b0 D9E7     		b	.L209
 2686              	.L219:
1524:Drivers/STM32F4xx_HAL_Driver/Src/stm32f4xx_hal_spi.c ****     SPI_1LINE_RX(hspi);
 2687              		.loc 1 1524 5 is_stmt 1 view .LVU968
ARM GAS  /tmp/cci2ucsl.s 			page 133


 2688 00b2 DCF80020 		ldr	r2, [ip]
 2689              	.LVL137:
1524:Drivers/STM32F4xx_HAL_Driver/Src/stm32f4xx_hal_spi.c ****     SPI_1LINE_RX(hspi);
 2690              		.loc 1 1524 5 is_stmt 0 view .LVU969
 2691 00b6 1368     		ldr	r3, [r2]
 2692 00b8 23F04003 		bic	r3, r3, #64
 2693 00bc 1360     		str	r3, [r2]
 2694              	.LVL138:
1525:Drivers/STM32F4xx_HAL_Driver/Src/stm32f4xx_hal_spi.c ****   }
 2695              		.loc 1 1525 5 is_stmt 1 view .LVU970
 2696 00be DCF80020 		ldr	r2, [ip]
 2697 00c2 1368     		ldr	r3, [r2]
 2698 00c4 23F48043 		bic	r3, r3, #16384
 2699 00c8 1360     		str	r3, [r2]
 2700 00ca CFE7     		b	.L210
 2701              	.LVL139:
 2702              	.L217:
 2703              	.LCFI31:
 2704              		.cfi_def_cfa_offset 0
 2705              		.cfi_restore 3
 2706              		.cfi_restore 14
1478:Drivers/STM32F4xx_HAL_Driver/Src/stm32f4xx_hal_spi.c ****   }
 2707              		.loc 1 1478 12 is_stmt 0 view .LVU971
 2708 00cc 0220     		movs	r0, #2
 2709              	.L214:
1553:Drivers/STM32F4xx_HAL_Driver/Src/stm32f4xx_hal_spi.c **** 
 2710              		.loc 1 1553 1 view .LVU972
 2711 00ce 7047     		bx	lr
 2712              	.L221:
 2713              		.align	2
 2714              	.L220:
 2715 00d0 00000000 		.word	SPI_RxISR_16BIT
 2716 00d4 00000000 		.word	SPI_RxISR_8BIT
 2717              		.cfi_endproc
 2718              	.LFE228:
 2720              		.section	.text.HAL_SPI_Transmit_DMA,"ax",%progbits
 2721              		.align	1
 2722              		.global	HAL_SPI_Transmit_DMA
 2723              		.syntax unified
 2724              		.thumb
 2725              		.thumb_func
 2727              	HAL_SPI_Transmit_DMA:
 2728              	.LVL140:
 2729              	.LFB230:
1652:Drivers/STM32F4xx_HAL_Driver/Src/stm32f4xx_hal_spi.c **** 
 2730              		.loc 1 1652 1 is_stmt 1 view -0
 2731              		.cfi_startproc
 2732              		@ args = 0, pretend = 0, frame = 0
 2733              		@ frame_needed = 0, uses_anonymous_args = 0
1652:Drivers/STM32F4xx_HAL_Driver/Src/stm32f4xx_hal_spi.c **** 
 2734              		.loc 1 1652 1 is_stmt 0 view .LVU974
 2735 0000 38B5     		push	{r3, r4, r5, lr}
 2736              	.LCFI32:
 2737              		.cfi_def_cfa_offset 16
 2738              		.cfi_offset 3, -16
 2739              		.cfi_offset 4, -12
 2740              		.cfi_offset 5, -8
ARM GAS  /tmp/cci2ucsl.s 			page 134


 2741              		.cfi_offset 14, -4
1655:Drivers/STM32F4xx_HAL_Driver/Src/stm32f4xx_hal_spi.c **** 
 2742              		.loc 1 1655 3 is_stmt 1 view .LVU975
1658:Drivers/STM32F4xx_HAL_Driver/Src/stm32f4xx_hal_spi.c **** 
 2743              		.loc 1 1658 3 view .LVU976
1660:Drivers/STM32F4xx_HAL_Driver/Src/stm32f4xx_hal_spi.c ****   {
 2744              		.loc 1 1660 3 view .LVU977
1660:Drivers/STM32F4xx_HAL_Driver/Src/stm32f4xx_hal_spi.c ****   {
 2745              		.loc 1 1660 11 is_stmt 0 view .LVU978
 2746 0002 90F85150 		ldrb	r5, [r0, #81]	@ zero_extendqisi2
1660:Drivers/STM32F4xx_HAL_Driver/Src/stm32f4xx_hal_spi.c ****   {
 2747              		.loc 1 1660 6 view .LVU979
 2748 0006 012D     		cmp	r5, #1
 2749 0008 49D1     		bne	.L227
 2750 000a 0446     		mov	r4, r0
1665:Drivers/STM32F4xx_HAL_Driver/Src/stm32f4xx_hal_spi.c ****   {
 2751              		.loc 1 1665 3 is_stmt 1 view .LVU980
1665:Drivers/STM32F4xx_HAL_Driver/Src/stm32f4xx_hal_spi.c ****   {
 2752              		.loc 1 1665 6 is_stmt 0 view .LVU981
 2753 000c 0029     		cmp	r1, #0
 2754 000e 47D0     		beq	.L224
1665:Drivers/STM32F4xx_HAL_Driver/Src/stm32f4xx_hal_spi.c ****   {
 2755              		.loc 1 1665 23 discriminator 1 view .LVU982
 2756 0010 002A     		cmp	r2, #0
 2757 0012 45D0     		beq	.L224
1671:Drivers/STM32F4xx_HAL_Driver/Src/stm32f4xx_hal_spi.c **** 
 2758              		.loc 1 1671 3 is_stmt 1 view .LVU983
1671:Drivers/STM32F4xx_HAL_Driver/Src/stm32f4xx_hal_spi.c **** 
 2759              		.loc 1 1671 3 view .LVU984
 2760 0014 90F85030 		ldrb	r3, [r0, #80]	@ zero_extendqisi2
 2761 0018 012B     		cmp	r3, #1
 2762 001a 40D0     		beq	.L227
1671:Drivers/STM32F4xx_HAL_Driver/Src/stm32f4xx_hal_spi.c **** 
 2763              		.loc 1 1671 3 discriminator 2 view .LVU985
 2764 001c 0123     		movs	r3, #1
 2765 001e 80F85030 		strb	r3, [r0, #80]
1671:Drivers/STM32F4xx_HAL_Driver/Src/stm32f4xx_hal_spi.c **** 
 2766              		.loc 1 1671 3 discriminator 2 view .LVU986
1674:Drivers/STM32F4xx_HAL_Driver/Src/stm32f4xx_hal_spi.c ****   hspi->ErrorCode   = HAL_SPI_ERROR_NONE;
 2767              		.loc 1 1674 3 view .LVU987
1674:Drivers/STM32F4xx_HAL_Driver/Src/stm32f4xx_hal_spi.c ****   hspi->ErrorCode   = HAL_SPI_ERROR_NONE;
 2768              		.loc 1 1674 21 is_stmt 0 view .LVU988
 2769 0022 0323     		movs	r3, #3
 2770 0024 80F85130 		strb	r3, [r0, #81]
1675:Drivers/STM32F4xx_HAL_Driver/Src/stm32f4xx_hal_spi.c ****   hspi->pTxBuffPtr  = (const uint8_t *)pData;
 2771              		.loc 1 1675 3 is_stmt 1 view .LVU989
1675:Drivers/STM32F4xx_HAL_Driver/Src/stm32f4xx_hal_spi.c ****   hspi->pTxBuffPtr  = (const uint8_t *)pData;
 2772              		.loc 1 1675 21 is_stmt 0 view .LVU990
 2773 0028 0023     		movs	r3, #0
 2774 002a 4365     		str	r3, [r0, #84]
1676:Drivers/STM32F4xx_HAL_Driver/Src/stm32f4xx_hal_spi.c ****   hspi->TxXferSize  = Size;
 2775              		.loc 1 1676 3 is_stmt 1 view .LVU991
1676:Drivers/STM32F4xx_HAL_Driver/Src/stm32f4xx_hal_spi.c ****   hspi->TxXferSize  = Size;
 2776              		.loc 1 1676 21 is_stmt 0 view .LVU992
 2777 002c 0163     		str	r1, [r0, #48]
1677:Drivers/STM32F4xx_HAL_Driver/Src/stm32f4xx_hal_spi.c ****   hspi->TxXferCount = Size;
 2778              		.loc 1 1677 3 is_stmt 1 view .LVU993
ARM GAS  /tmp/cci2ucsl.s 			page 135


1677:Drivers/STM32F4xx_HAL_Driver/Src/stm32f4xx_hal_spi.c ****   hspi->TxXferCount = Size;
 2779              		.loc 1 1677 21 is_stmt 0 view .LVU994
 2780 002e 8286     		strh	r2, [r0, #52]	@ movhi
1678:Drivers/STM32F4xx_HAL_Driver/Src/stm32f4xx_hal_spi.c **** 
 2781              		.loc 1 1678 3 is_stmt 1 view .LVU995
1678:Drivers/STM32F4xx_HAL_Driver/Src/stm32f4xx_hal_spi.c **** 
 2782              		.loc 1 1678 21 is_stmt 0 view .LVU996
 2783 0030 C286     		strh	r2, [r0, #54]	@ movhi
1681:Drivers/STM32F4xx_HAL_Driver/Src/stm32f4xx_hal_spi.c ****   hspi->TxISR       = NULL;
 2784              		.loc 1 1681 3 is_stmt 1 view .LVU997
1681:Drivers/STM32F4xx_HAL_Driver/Src/stm32f4xx_hal_spi.c ****   hspi->TxISR       = NULL;
 2785              		.loc 1 1681 21 is_stmt 0 view .LVU998
 2786 0032 8363     		str	r3, [r0, #56]
1682:Drivers/STM32F4xx_HAL_Driver/Src/stm32f4xx_hal_spi.c ****   hspi->RxISR       = NULL;
 2787              		.loc 1 1682 3 is_stmt 1 view .LVU999
1682:Drivers/STM32F4xx_HAL_Driver/Src/stm32f4xx_hal_spi.c ****   hspi->RxISR       = NULL;
 2788              		.loc 1 1682 21 is_stmt 0 view .LVU1000
 2789 0034 4364     		str	r3, [r0, #68]
1683:Drivers/STM32F4xx_HAL_Driver/Src/stm32f4xx_hal_spi.c ****   hspi->RxXferSize  = 0U;
 2790              		.loc 1 1683 3 is_stmt 1 view .LVU1001
1683:Drivers/STM32F4xx_HAL_Driver/Src/stm32f4xx_hal_spi.c ****   hspi->RxXferSize  = 0U;
 2791              		.loc 1 1683 21 is_stmt 0 view .LVU1002
 2792 0036 0364     		str	r3, [r0, #64]
1684:Drivers/STM32F4xx_HAL_Driver/Src/stm32f4xx_hal_spi.c ****   hspi->RxXferCount = 0U;
 2793              		.loc 1 1684 3 is_stmt 1 view .LVU1003
1684:Drivers/STM32F4xx_HAL_Driver/Src/stm32f4xx_hal_spi.c ****   hspi->RxXferCount = 0U;
 2794              		.loc 1 1684 21 is_stmt 0 view .LVU1004
 2795 0038 8387     		strh	r3, [r0, #60]	@ movhi
1685:Drivers/STM32F4xx_HAL_Driver/Src/stm32f4xx_hal_spi.c **** 
 2796              		.loc 1 1685 3 is_stmt 1 view .LVU1005
1685:Drivers/STM32F4xx_HAL_Driver/Src/stm32f4xx_hal_spi.c **** 
 2797              		.loc 1 1685 21 is_stmt 0 view .LVU1006
 2798 003a C387     		strh	r3, [r0, #62]	@ movhi
1688:Drivers/STM32F4xx_HAL_Driver/Src/stm32f4xx_hal_spi.c ****   {
 2799              		.loc 1 1688 3 is_stmt 1 view .LVU1007
1688:Drivers/STM32F4xx_HAL_Driver/Src/stm32f4xx_hal_spi.c ****   {
 2800              		.loc 1 1688 17 is_stmt 0 view .LVU1008
 2801 003c 8368     		ldr	r3, [r0, #8]
1688:Drivers/STM32F4xx_HAL_Driver/Src/stm32f4xx_hal_spi.c ****   {
 2802              		.loc 1 1688 6 view .LVU1009
 2803 003e B3F5004F 		cmp	r3, #32768
 2804 0042 2FD0     		beq	.L232
 2805              	.LVL141:
 2806              	.L228:
1704:Drivers/STM32F4xx_HAL_Driver/Src/stm32f4xx_hal_spi.c **** 
 2807              		.loc 1 1704 3 is_stmt 1 view .LVU1010
1704:Drivers/STM32F4xx_HAL_Driver/Src/stm32f4xx_hal_spi.c **** 
 2808              		.loc 1 1704 7 is_stmt 0 view .LVU1011
 2809 0044 A36C     		ldr	r3, [r4, #72]
1704:Drivers/STM32F4xx_HAL_Driver/Src/stm32f4xx_hal_spi.c **** 
 2810              		.loc 1 1704 38 view .LVU1012
 2811 0046 214A     		ldr	r2, .L234
 2812 0048 1A64     		str	r2, [r3, #64]
1707:Drivers/STM32F4xx_HAL_Driver/Src/stm32f4xx_hal_spi.c **** 
 2813              		.loc 1 1707 3 is_stmt 1 view .LVU1013
1707:Drivers/STM32F4xx_HAL_Driver/Src/stm32f4xx_hal_spi.c **** 
 2814              		.loc 1 1707 7 is_stmt 0 view .LVU1014
ARM GAS  /tmp/cci2ucsl.s 			page 136


 2815 004a A36C     		ldr	r3, [r4, #72]
1707:Drivers/STM32F4xx_HAL_Driver/Src/stm32f4xx_hal_spi.c **** 
 2816              		.loc 1 1707 34 view .LVU1015
 2817 004c 204A     		ldr	r2, .L234+4
 2818 004e DA63     		str	r2, [r3, #60]
1710:Drivers/STM32F4xx_HAL_Driver/Src/stm32f4xx_hal_spi.c **** 
 2819              		.loc 1 1710 3 is_stmt 1 view .LVU1016
1710:Drivers/STM32F4xx_HAL_Driver/Src/stm32f4xx_hal_spi.c **** 
 2820              		.loc 1 1710 7 is_stmt 0 view .LVU1017
 2821 0050 A36C     		ldr	r3, [r4, #72]
1710:Drivers/STM32F4xx_HAL_Driver/Src/stm32f4xx_hal_spi.c **** 
 2822              		.loc 1 1710 35 view .LVU1018
 2823 0052 204A     		ldr	r2, .L234+8
 2824 0054 DA64     		str	r2, [r3, #76]
1713:Drivers/STM32F4xx_HAL_Driver/Src/stm32f4xx_hal_spi.c **** 
 2825              		.loc 1 1713 3 is_stmt 1 view .LVU1019
1713:Drivers/STM32F4xx_HAL_Driver/Src/stm32f4xx_hal_spi.c **** 
 2826              		.loc 1 1713 7 is_stmt 0 view .LVU1020
 2827 0056 A36C     		ldr	r3, [r4, #72]
1713:Drivers/STM32F4xx_HAL_Driver/Src/stm32f4xx_hal_spi.c **** 
 2828              		.loc 1 1713 35 view .LVU1021
 2829 0058 0022     		movs	r2, #0
 2830 005a 1A65     		str	r2, [r3, #80]
1716:Drivers/STM32F4xx_HAL_Driver/Src/stm32f4xx_hal_spi.c ****                                  hspi->TxXferCount))
 2831              		.loc 1 1716 3 is_stmt 1 view .LVU1022
1716:Drivers/STM32F4xx_HAL_Driver/Src/stm32f4xx_hal_spi.c ****                                  hspi->TxXferCount))
 2832              		.loc 1 1716 91 is_stmt 0 view .LVU1023
 2833 005c 2268     		ldr	r2, [r4]
1716:Drivers/STM32F4xx_HAL_Driver/Src/stm32f4xx_hal_spi.c ****                                  hspi->TxXferCount))
 2834              		.loc 1 1716 17 view .LVU1024
 2835 005e E38E     		ldrh	r3, [r4, #54]
 2836 0060 0C32     		adds	r2, r2, #12
 2837 0062 216B     		ldr	r1, [r4, #48]
 2838              	.LVL142:
1716:Drivers/STM32F4xx_HAL_Driver/Src/stm32f4xx_hal_spi.c ****                                  hspi->TxXferCount))
 2839              		.loc 1 1716 17 view .LVU1025
 2840 0064 A06C     		ldr	r0, [r4, #72]
 2841              	.LVL143:
1716:Drivers/STM32F4xx_HAL_Driver/Src/stm32f4xx_hal_spi.c ****                                  hspi->TxXferCount))
 2842              		.loc 1 1716 17 view .LVU1026
 2843 0066 FFF7FEFF 		bl	HAL_DMA_Start_IT
 2844              	.LVL144:
1716:Drivers/STM32F4xx_HAL_Driver/Src/stm32f4xx_hal_spi.c ****                                  hspi->TxXferCount))
 2845              		.loc 1 1716 6 discriminator 1 view .LVU1027
 2846 006a 0146     		mov	r1, r0
 2847 006c 28BB     		cbnz	r0, .L233
1727:Drivers/STM32F4xx_HAL_Driver/Src/stm32f4xx_hal_spi.c ****   {
 2848              		.loc 1 1727 3 is_stmt 1 view .LVU1028
1727:Drivers/STM32F4xx_HAL_Driver/Src/stm32f4xx_hal_spi.c ****   {
 2849              		.loc 1 1727 12 is_stmt 0 view .LVU1029
 2850 006e 2368     		ldr	r3, [r4]
1727:Drivers/STM32F4xx_HAL_Driver/Src/stm32f4xx_hal_spi.c ****   {
 2851              		.loc 1 1727 22 view .LVU1030
 2852 0070 1A68     		ldr	r2, [r3]
1727:Drivers/STM32F4xx_HAL_Driver/Src/stm32f4xx_hal_spi.c ****   {
 2853              		.loc 1 1727 6 view .LVU1031
 2854 0072 12F0400F 		tst	r2, #64
ARM GAS  /tmp/cci2ucsl.s 			page 137


 2855 0076 03D1     		bne	.L230
1730:Drivers/STM32F4xx_HAL_Driver/Src/stm32f4xx_hal_spi.c ****   }
 2856              		.loc 1 1730 5 is_stmt 1 view .LVU1032
 2857 0078 1A68     		ldr	r2, [r3]
 2858 007a 42F04002 		orr	r2, r2, #64
 2859 007e 1A60     		str	r2, [r3]
 2860              	.L230:
1734:Drivers/STM32F4xx_HAL_Driver/Src/stm32f4xx_hal_spi.c **** 
 2861              		.loc 1 1734 3 view .LVU1033
1734:Drivers/STM32F4xx_HAL_Driver/Src/stm32f4xx_hal_spi.c **** 
 2862              		.loc 1 1734 3 view .LVU1034
 2863 0080 0023     		movs	r3, #0
 2864 0082 84F85030 		strb	r3, [r4, #80]
1734:Drivers/STM32F4xx_HAL_Driver/Src/stm32f4xx_hal_spi.c **** 
 2865              		.loc 1 1734 3 view .LVU1035
1737:Drivers/STM32F4xx_HAL_Driver/Src/stm32f4xx_hal_spi.c **** 
 2866              		.loc 1 1737 3 view .LVU1036
 2867 0086 2268     		ldr	r2, [r4]
 2868 0088 5368     		ldr	r3, [r2, #4]
 2869 008a 43F02003 		orr	r3, r3, #32
 2870 008e 5360     		str	r3, [r2, #4]
1740:Drivers/STM32F4xx_HAL_Driver/Src/stm32f4xx_hal_spi.c **** 
 2871              		.loc 1 1740 3 view .LVU1037
 2872 0090 2268     		ldr	r2, [r4]
 2873 0092 5368     		ldr	r3, [r2, #4]
 2874 0094 43F00203 		orr	r3, r3, #2
 2875 0098 5360     		str	r3, [r2, #4]
1742:Drivers/STM32F4xx_HAL_Driver/Src/stm32f4xx_hal_spi.c **** }
 2876              		.loc 1 1742 3 view .LVU1038
1742:Drivers/STM32F4xx_HAL_Driver/Src/stm32f4xx_hal_spi.c **** }
 2877              		.loc 1 1742 10 is_stmt 0 view .LVU1039
 2878 009a 0D46     		mov	r5, r1
 2879 009c 00E0     		b	.L224
 2880              	.LVL145:
 2881              	.L227:
1662:Drivers/STM32F4xx_HAL_Driver/Src/stm32f4xx_hal_spi.c ****   }
 2882              		.loc 1 1662 12 view .LVU1040
 2883 009e 0225     		movs	r5, #2
 2884              	.LVL146:
 2885              	.L224:
1743:Drivers/STM32F4xx_HAL_Driver/Src/stm32f4xx_hal_spi.c **** 
 2886              		.loc 1 1743 1 view .LVU1041
 2887 00a0 2846     		mov	r0, r5
 2888 00a2 38BD     		pop	{r3, r4, r5, pc}
 2889              	.LVL147:
 2890              	.L232:
1691:Drivers/STM32F4xx_HAL_Driver/Src/stm32f4xx_hal_spi.c ****     SPI_1LINE_TX(hspi);
 2891              		.loc 1 1691 5 is_stmt 1 view .LVU1042
 2892 00a4 0268     		ldr	r2, [r0]
 2893              	.LVL148:
1691:Drivers/STM32F4xx_HAL_Driver/Src/stm32f4xx_hal_spi.c ****     SPI_1LINE_TX(hspi);
 2894              		.loc 1 1691 5 is_stmt 0 view .LVU1043
 2895 00a6 1368     		ldr	r3, [r2]
 2896 00a8 23F04003 		bic	r3, r3, #64
 2897 00ac 1360     		str	r3, [r2]
 2898              	.LVL149:
1692:Drivers/STM32F4xx_HAL_Driver/Src/stm32f4xx_hal_spi.c ****   }
ARM GAS  /tmp/cci2ucsl.s 			page 138


 2899              		.loc 1 1692 5 is_stmt 1 view .LVU1044
 2900 00ae 0268     		ldr	r2, [r0]
 2901 00b0 1368     		ldr	r3, [r2]
 2902 00b2 43F48043 		orr	r3, r3, #16384
 2903 00b6 1360     		str	r3, [r2]
 2904 00b8 C4E7     		b	.L228
 2905              	.LVL150:
 2906              	.L233:
1720:Drivers/STM32F4xx_HAL_Driver/Src/stm32f4xx_hal_spi.c ****     /* Process Unlocked */
 2907              		.loc 1 1720 5 view .LVU1045
 2908 00ba 636D     		ldr	r3, [r4, #84]
 2909 00bc 43F01003 		orr	r3, r3, #16
 2910 00c0 6365     		str	r3, [r4, #84]
1722:Drivers/STM32F4xx_HAL_Driver/Src/stm32f4xx_hal_spi.c ****     return HAL_ERROR;
 2911              		.loc 1 1722 5 view .LVU1046
1722:Drivers/STM32F4xx_HAL_Driver/Src/stm32f4xx_hal_spi.c ****     return HAL_ERROR;
 2912              		.loc 1 1722 5 view .LVU1047
 2913 00c2 0023     		movs	r3, #0
 2914 00c4 84F85030 		strb	r3, [r4, #80]
1722:Drivers/STM32F4xx_HAL_Driver/Src/stm32f4xx_hal_spi.c ****     return HAL_ERROR;
 2915              		.loc 1 1722 5 view .LVU1048
1723:Drivers/STM32F4xx_HAL_Driver/Src/stm32f4xx_hal_spi.c ****   }
 2916              		.loc 1 1723 5 view .LVU1049
1723:Drivers/STM32F4xx_HAL_Driver/Src/stm32f4xx_hal_spi.c ****   }
 2917              		.loc 1 1723 12 is_stmt 0 view .LVU1050
 2918 00c8 EAE7     		b	.L224
 2919              	.L235:
 2920 00ca 00BF     		.align	2
 2921              	.L234:
 2922 00cc 00000000 		.word	SPI_DMAHalfTransmitCplt
 2923 00d0 00000000 		.word	SPI_DMATransmitCplt
 2924 00d4 00000000 		.word	SPI_DMAError
 2925              		.cfi_endproc
 2926              	.LFE230:
 2928              		.section	.text.HAL_SPI_TransmitReceive_DMA,"ax",%progbits
 2929              		.align	1
 2930              		.global	HAL_SPI_TransmitReceive_DMA
 2931              		.syntax unified
 2932              		.thumb
 2933              		.thumb_func
 2935              	HAL_SPI_TransmitReceive_DMA:
 2936              	.LVL151:
 2937              	.LFB232:
1867:Drivers/STM32F4xx_HAL_Driver/Src/stm32f4xx_hal_spi.c ****   uint32_t             tmp_mode;
 2938              		.loc 1 1867 1 is_stmt 1 view -0
 2939              		.cfi_startproc
 2940              		@ args = 0, pretend = 0, frame = 0
 2941              		@ frame_needed = 0, uses_anonymous_args = 0
1867:Drivers/STM32F4xx_HAL_Driver/Src/stm32f4xx_hal_spi.c ****   uint32_t             tmp_mode;
 2942              		.loc 1 1867 1 is_stmt 0 view .LVU1052
 2943 0000 38B5     		push	{r3, r4, r5, lr}
 2944              	.LCFI33:
 2945              		.cfi_def_cfa_offset 16
 2946              		.cfi_offset 3, -16
 2947              		.cfi_offset 4, -12
 2948              		.cfi_offset 5, -8
 2949              		.cfi_offset 14, -4
ARM GAS  /tmp/cci2ucsl.s 			page 139


 2950 0002 0446     		mov	r4, r0
1868:Drivers/STM32F4xx_HAL_Driver/Src/stm32f4xx_hal_spi.c ****   HAL_SPI_StateTypeDef tmp_state;
 2951              		.loc 1 1868 3 is_stmt 1 view .LVU1053
1869:Drivers/STM32F4xx_HAL_Driver/Src/stm32f4xx_hal_spi.c **** 
 2952              		.loc 1 1869 3 view .LVU1054
1872:Drivers/STM32F4xx_HAL_Driver/Src/stm32f4xx_hal_spi.c ****   assert_param(IS_SPI_DMA_HANDLE(hspi->hdmatx));
 2953              		.loc 1 1872 3 view .LVU1055
1873:Drivers/STM32F4xx_HAL_Driver/Src/stm32f4xx_hal_spi.c **** 
 2954              		.loc 1 1873 3 view .LVU1056
1876:Drivers/STM32F4xx_HAL_Driver/Src/stm32f4xx_hal_spi.c **** 
 2955              		.loc 1 1876 3 view .LVU1057
1879:Drivers/STM32F4xx_HAL_Driver/Src/stm32f4xx_hal_spi.c ****   tmp_mode            = hspi->Init.Mode;
 2956              		.loc 1 1879 3 view .LVU1058
1879:Drivers/STM32F4xx_HAL_Driver/Src/stm32f4xx_hal_spi.c ****   tmp_mode            = hspi->Init.Mode;
 2957              		.loc 1 1879 23 is_stmt 0 view .LVU1059
 2958 0004 90F85100 		ldrb	r0, [r0, #81]	@ zero_extendqisi2
 2959              	.LVL152:
1880:Drivers/STM32F4xx_HAL_Driver/Src/stm32f4xx_hal_spi.c **** 
 2960              		.loc 1 1880 3 is_stmt 1 view .LVU1060
1880:Drivers/STM32F4xx_HAL_Driver/Src/stm32f4xx_hal_spi.c **** 
 2961              		.loc 1 1880 23 is_stmt 0 view .LVU1061
 2962 0008 D4F804C0 		ldr	ip, [r4, #4]
 2963              	.LVL153:
1882:Drivers/STM32F4xx_HAL_Driver/Src/stm32f4xx_hal_spi.c ****         ((tmp_mode == SPI_MODE_MASTER) && (hspi->Init.Direction == SPI_DIRECTION_2LINES) &&
 2964              		.loc 1 1882 3 is_stmt 1 view .LVU1062
1882:Drivers/STM32F4xx_HAL_Driver/Src/stm32f4xx_hal_spi.c ****         ((tmp_mode == SPI_MODE_MASTER) && (hspi->Init.Direction == SPI_DIRECTION_2LINES) &&
 2965              		.loc 1 1882 6 is_stmt 0 view .LVU1063
 2966 000c 0128     		cmp	r0, #1
 2967 000e 07D0     		beq	.L237
1882:Drivers/STM32F4xx_HAL_Driver/Src/stm32f4xx_hal_spi.c ****         ((tmp_mode == SPI_MODE_MASTER) && (hspi->Init.Direction == SPI_DIRECTION_2LINES) &&
 2968              		.loc 1 1882 7 discriminator 1 view .LVU1064
 2969 0010 BCF5827F 		cmp	ip, #260
 2970 0014 43D1     		bne	.L238
1883:Drivers/STM32F4xx_HAL_Driver/Src/stm32f4xx_hal_spi.c ****          (tmp_state == HAL_SPI_STATE_BUSY_RX))))
 2971              		.loc 1 1883 40 view .LVU1065
 2972 0016 A568     		ldr	r5, [r4, #8]
 2973 0018 002D     		cmp	r5, #0
 2974 001a 40D1     		bne	.L238
1883:Drivers/STM32F4xx_HAL_Driver/Src/stm32f4xx_hal_spi.c ****          (tmp_state == HAL_SPI_STATE_BUSY_RX))))
 2975              		.loc 1 1883 90 discriminator 1 view .LVU1066
 2976 001c 0428     		cmp	r0, #4
 2977 001e 3ED1     		bne	.L238
 2978              	.L237:
1889:Drivers/STM32F4xx_HAL_Driver/Src/stm32f4xx_hal_spi.c ****   {
 2979              		.loc 1 1889 3 is_stmt 1 view .LVU1067
1889:Drivers/STM32F4xx_HAL_Driver/Src/stm32f4xx_hal_spi.c ****   {
 2980              		.loc 1 1889 6 is_stmt 0 view .LVU1068
 2981 0020 0029     		cmp	r1, #0
 2982 0022 3AD0     		beq	.L241
1889:Drivers/STM32F4xx_HAL_Driver/Src/stm32f4xx_hal_spi.c ****   {
 2983              		.loc 1 1889 25 discriminator 1 view .LVU1069
 2984 0024 002A     		cmp	r2, #0
 2985 0026 38D0     		beq	.L241
1889:Drivers/STM32F4xx_HAL_Driver/Src/stm32f4xx_hal_spi.c ****   {
 2986              		.loc 1 1889 46 discriminator 2 view .LVU1070
 2987 0028 002B     		cmp	r3, #0
 2988 002a 36D0     		beq	.L241
ARM GAS  /tmp/cci2ucsl.s 			page 140


1895:Drivers/STM32F4xx_HAL_Driver/Src/stm32f4xx_hal_spi.c **** 
 2989              		.loc 1 1895 3 is_stmt 1 view .LVU1071
1895:Drivers/STM32F4xx_HAL_Driver/Src/stm32f4xx_hal_spi.c **** 
 2990              		.loc 1 1895 3 view .LVU1072
 2991 002c 94F85000 		ldrb	r0, [r4, #80]	@ zero_extendqisi2
 2992              	.LVL154:
1895:Drivers/STM32F4xx_HAL_Driver/Src/stm32f4xx_hal_spi.c **** 
 2993              		.loc 1 1895 3 is_stmt 0 view .LVU1073
 2994 0030 0128     		cmp	r0, #1
 2995 0032 34D0     		beq	.L238
1895:Drivers/STM32F4xx_HAL_Driver/Src/stm32f4xx_hal_spi.c **** 
 2996              		.loc 1 1895 3 is_stmt 1 discriminator 2 view .LVU1074
 2997 0034 0120     		movs	r0, #1
 2998 0036 84F85000 		strb	r0, [r4, #80]
1895:Drivers/STM32F4xx_HAL_Driver/Src/stm32f4xx_hal_spi.c **** 
 2999              		.loc 1 1895 3 discriminator 2 view .LVU1075
1898:Drivers/STM32F4xx_HAL_Driver/Src/stm32f4xx_hal_spi.c ****   {
 3000              		.loc 1 1898 3 view .LVU1076
1898:Drivers/STM32F4xx_HAL_Driver/Src/stm32f4xx_hal_spi.c ****   {
 3001              		.loc 1 1898 11 is_stmt 0 view .LVU1077
 3002 003a 94F85100 		ldrb	r0, [r4, #81]	@ zero_extendqisi2
1898:Drivers/STM32F4xx_HAL_Driver/Src/stm32f4xx_hal_spi.c ****   {
 3003              		.loc 1 1898 6 view .LVU1078
 3004 003e 0428     		cmp	r0, #4
 3005 0040 02D0     		beq	.L243
1900:Drivers/STM32F4xx_HAL_Driver/Src/stm32f4xx_hal_spi.c ****   }
 3006              		.loc 1 1900 5 is_stmt 1 view .LVU1079
1900:Drivers/STM32F4xx_HAL_Driver/Src/stm32f4xx_hal_spi.c ****   }
 3007              		.loc 1 1900 17 is_stmt 0 view .LVU1080
 3008 0042 0520     		movs	r0, #5
 3009 0044 84F85100 		strb	r0, [r4, #81]
 3010              	.L243:
1904:Drivers/STM32F4xx_HAL_Driver/Src/stm32f4xx_hal_spi.c ****   hspi->pTxBuffPtr  = (const uint8_t *)pTxData;
 3011              		.loc 1 1904 3 is_stmt 1 view .LVU1081
1904:Drivers/STM32F4xx_HAL_Driver/Src/stm32f4xx_hal_spi.c ****   hspi->pTxBuffPtr  = (const uint8_t *)pTxData;
 3012              		.loc 1 1904 21 is_stmt 0 view .LVU1082
 3013 0048 0020     		movs	r0, #0
 3014 004a 6065     		str	r0, [r4, #84]
1905:Drivers/STM32F4xx_HAL_Driver/Src/stm32f4xx_hal_spi.c ****   hspi->TxXferSize  = Size;
 3015              		.loc 1 1905 3 is_stmt 1 view .LVU1083
1905:Drivers/STM32F4xx_HAL_Driver/Src/stm32f4xx_hal_spi.c ****   hspi->TxXferSize  = Size;
 3016              		.loc 1 1905 21 is_stmt 0 view .LVU1084
 3017 004c 2163     		str	r1, [r4, #48]
1906:Drivers/STM32F4xx_HAL_Driver/Src/stm32f4xx_hal_spi.c ****   hspi->TxXferCount = Size;
 3018              		.loc 1 1906 3 is_stmt 1 view .LVU1085
1906:Drivers/STM32F4xx_HAL_Driver/Src/stm32f4xx_hal_spi.c ****   hspi->TxXferCount = Size;
 3019              		.loc 1 1906 21 is_stmt 0 view .LVU1086
 3020 004e A386     		strh	r3, [r4, #52]	@ movhi
1907:Drivers/STM32F4xx_HAL_Driver/Src/stm32f4xx_hal_spi.c ****   hspi->pRxBuffPtr  = (uint8_t *)pRxData;
 3021              		.loc 1 1907 3 is_stmt 1 view .LVU1087
1907:Drivers/STM32F4xx_HAL_Driver/Src/stm32f4xx_hal_spi.c ****   hspi->pRxBuffPtr  = (uint8_t *)pRxData;
 3022              		.loc 1 1907 21 is_stmt 0 view .LVU1088
 3023 0050 E386     		strh	r3, [r4, #54]	@ movhi
1908:Drivers/STM32F4xx_HAL_Driver/Src/stm32f4xx_hal_spi.c ****   hspi->RxXferSize  = Size;
 3024              		.loc 1 1908 3 is_stmt 1 view .LVU1089
1908:Drivers/STM32F4xx_HAL_Driver/Src/stm32f4xx_hal_spi.c ****   hspi->RxXferSize  = Size;
 3025              		.loc 1 1908 21 is_stmt 0 view .LVU1090
ARM GAS  /tmp/cci2ucsl.s 			page 141


 3026 0052 A263     		str	r2, [r4, #56]
1909:Drivers/STM32F4xx_HAL_Driver/Src/stm32f4xx_hal_spi.c ****   hspi->RxXferCount = Size;
 3027              		.loc 1 1909 3 is_stmt 1 view .LVU1091
1909:Drivers/STM32F4xx_HAL_Driver/Src/stm32f4xx_hal_spi.c ****   hspi->RxXferCount = Size;
 3028              		.loc 1 1909 21 is_stmt 0 view .LVU1092
 3029 0054 A387     		strh	r3, [r4, #60]	@ movhi
1910:Drivers/STM32F4xx_HAL_Driver/Src/stm32f4xx_hal_spi.c **** 
 3030              		.loc 1 1910 3 is_stmt 1 view .LVU1093
1910:Drivers/STM32F4xx_HAL_Driver/Src/stm32f4xx_hal_spi.c **** 
 3031              		.loc 1 1910 21 is_stmt 0 view .LVU1094
 3032 0056 E387     		strh	r3, [r4, #62]	@ movhi
1913:Drivers/STM32F4xx_HAL_Driver/Src/stm32f4xx_hal_spi.c ****   hspi->TxISR       = NULL;
 3033              		.loc 1 1913 3 is_stmt 1 view .LVU1095
1913:Drivers/STM32F4xx_HAL_Driver/Src/stm32f4xx_hal_spi.c ****   hspi->TxISR       = NULL;
 3034              		.loc 1 1913 21 is_stmt 0 view .LVU1096
 3035 0058 2064     		str	r0, [r4, #64]
1914:Drivers/STM32F4xx_HAL_Driver/Src/stm32f4xx_hal_spi.c **** 
 3036              		.loc 1 1914 3 is_stmt 1 view .LVU1097
1914:Drivers/STM32F4xx_HAL_Driver/Src/stm32f4xx_hal_spi.c **** 
 3037              		.loc 1 1914 21 is_stmt 0 view .LVU1098
 3038 005a 6064     		str	r0, [r4, #68]
1925:Drivers/STM32F4xx_HAL_Driver/Src/stm32f4xx_hal_spi.c ****   {
 3039              		.loc 1 1925 3 is_stmt 1 view .LVU1099
1925:Drivers/STM32F4xx_HAL_Driver/Src/stm32f4xx_hal_spi.c ****   {
 3040              		.loc 1 1925 11 is_stmt 0 view .LVU1100
 3041 005c 94F85130 		ldrb	r3, [r4, #81]	@ zero_extendqisi2
 3042              	.LVL155:
1925:Drivers/STM32F4xx_HAL_Driver/Src/stm32f4xx_hal_spi.c ****   {
 3043              		.loc 1 1925 6 view .LVU1101
 3044 0060 042B     		cmp	r3, #4
 3045 0062 1ED0     		beq	.L250
1934:Drivers/STM32F4xx_HAL_Driver/Src/stm32f4xx_hal_spi.c ****     hspi->hdmarx->XferCpltCallback     = SPI_DMATransmitReceiveCplt;
 3046              		.loc 1 1934 5 is_stmt 1 view .LVU1102
1934:Drivers/STM32F4xx_HAL_Driver/Src/stm32f4xx_hal_spi.c ****     hspi->hdmarx->XferCpltCallback     = SPI_DMATransmitReceiveCplt;
 3047              		.loc 1 1934 9 is_stmt 0 view .LVU1103
 3048 0064 E36C     		ldr	r3, [r4, #76]
1934:Drivers/STM32F4xx_HAL_Driver/Src/stm32f4xx_hal_spi.c ****     hspi->hdmarx->XferCpltCallback     = SPI_DMATransmitReceiveCplt;
 3049              		.loc 1 1934 40 view .LVU1104
 3050 0066 2C4A     		ldr	r2, .L252
 3051              	.LVL156:
1934:Drivers/STM32F4xx_HAL_Driver/Src/stm32f4xx_hal_spi.c ****     hspi->hdmarx->XferCpltCallback     = SPI_DMATransmitReceiveCplt;
 3052              		.loc 1 1934 40 view .LVU1105
 3053 0068 1A64     		str	r2, [r3, #64]
 3054              	.LVL157:
1935:Drivers/STM32F4xx_HAL_Driver/Src/stm32f4xx_hal_spi.c ****   }
 3055              		.loc 1 1935 5 is_stmt 1 view .LVU1106
1935:Drivers/STM32F4xx_HAL_Driver/Src/stm32f4xx_hal_spi.c ****   }
 3056              		.loc 1 1935 9 is_stmt 0 view .LVU1107
 3057 006a E36C     		ldr	r3, [r4, #76]
1935:Drivers/STM32F4xx_HAL_Driver/Src/stm32f4xx_hal_spi.c ****   }
 3058              		.loc 1 1935 40 view .LVU1108
 3059 006c 2B4A     		ldr	r2, .L252+4
 3060 006e DA63     		str	r2, [r3, #60]
 3061              	.L245:
1939:Drivers/STM32F4xx_HAL_Driver/Src/stm32f4xx_hal_spi.c **** 
 3062              		.loc 1 1939 3 is_stmt 1 view .LVU1109
1939:Drivers/STM32F4xx_HAL_Driver/Src/stm32f4xx_hal_spi.c **** 
ARM GAS  /tmp/cci2ucsl.s 			page 142


 3063              		.loc 1 1939 7 is_stmt 0 view .LVU1110
 3064 0070 E36C     		ldr	r3, [r4, #76]
1939:Drivers/STM32F4xx_HAL_Driver/Src/stm32f4xx_hal_spi.c **** 
 3065              		.loc 1 1939 35 view .LVU1111
 3066 0072 2B4A     		ldr	r2, .L252+8
 3067 0074 DA64     		str	r2, [r3, #76]
1942:Drivers/STM32F4xx_HAL_Driver/Src/stm32f4xx_hal_spi.c **** 
 3068              		.loc 1 1942 3 is_stmt 1 view .LVU1112
1942:Drivers/STM32F4xx_HAL_Driver/Src/stm32f4xx_hal_spi.c **** 
 3069              		.loc 1 1942 7 is_stmt 0 view .LVU1113
 3070 0076 E36C     		ldr	r3, [r4, #76]
1942:Drivers/STM32F4xx_HAL_Driver/Src/stm32f4xx_hal_spi.c **** 
 3071              		.loc 1 1942 35 view .LVU1114
 3072 0078 0022     		movs	r2, #0
 3073 007a 1A65     		str	r2, [r3, #80]
1945:Drivers/STM32F4xx_HAL_Driver/Src/stm32f4xx_hal_spi.c ****                                  hspi->RxXferCount))
 3074              		.loc 1 1945 3 is_stmt 1 view .LVU1115
1945:Drivers/STM32F4xx_HAL_Driver/Src/stm32f4xx_hal_spi.c ****                                  hspi->RxXferCount))
 3075              		.loc 1 1945 63 is_stmt 0 view .LVU1116
 3076 007c 2168     		ldr	r1, [r4]
 3077              	.LVL158:
1945:Drivers/STM32F4xx_HAL_Driver/Src/stm32f4xx_hal_spi.c ****                                  hspi->RxXferCount))
 3078              		.loc 1 1945 17 view .LVU1117
 3079 007e E38F     		ldrh	r3, [r4, #62]
 3080 0080 A26B     		ldr	r2, [r4, #56]
 3081 0082 0C31     		adds	r1, r1, #12
 3082 0084 E06C     		ldr	r0, [r4, #76]
 3083 0086 FFF7FEFF 		bl	HAL_DMA_Start_IT
 3084              	.LVL159:
1945:Drivers/STM32F4xx_HAL_Driver/Src/stm32f4xx_hal_spi.c ****                                  hspi->RxXferCount))
 3085              		.loc 1 1945 6 discriminator 1 view .LVU1118
 3086 008a 88B1     		cbz	r0, .L246
1949:Drivers/STM32F4xx_HAL_Driver/Src/stm32f4xx_hal_spi.c ****     /* Process Unlocked */
 3087              		.loc 1 1949 5 is_stmt 1 view .LVU1119
 3088 008c 636D     		ldr	r3, [r4, #84]
 3089 008e 43F01003 		orr	r3, r3, #16
 3090 0092 6365     		str	r3, [r4, #84]
1951:Drivers/STM32F4xx_HAL_Driver/Src/stm32f4xx_hal_spi.c ****     return HAL_ERROR;
 3091              		.loc 1 1951 5 view .LVU1120
1951:Drivers/STM32F4xx_HAL_Driver/Src/stm32f4xx_hal_spi.c ****     return HAL_ERROR;
 3092              		.loc 1 1951 5 view .LVU1121
 3093 0094 0023     		movs	r3, #0
 3094 0096 84F85030 		strb	r3, [r4, #80]
1951:Drivers/STM32F4xx_HAL_Driver/Src/stm32f4xx_hal_spi.c ****     return HAL_ERROR;
 3095              		.loc 1 1951 5 view .LVU1122
1952:Drivers/STM32F4xx_HAL_Driver/Src/stm32f4xx_hal_spi.c ****   }
 3096              		.loc 1 1952 5 view .LVU1123
 3097              	.L241:
1891:Drivers/STM32F4xx_HAL_Driver/Src/stm32f4xx_hal_spi.c ****   }
 3098              		.loc 1 1891 12 is_stmt 0 view .LVU1124
 3099 009a 0120     		movs	r0, #1
 3100 009c 00E0     		b	.L240
 3101              	.LVL160:
 3102              	.L238:
1886:Drivers/STM32F4xx_HAL_Driver/Src/stm32f4xx_hal_spi.c ****   }
 3103              		.loc 1 1886 12 view .LVU1125
 3104 009e 0220     		movs	r0, #2
ARM GAS  /tmp/cci2ucsl.s 			page 143


 3105              	.LVL161:
 3106              	.L240:
1993:Drivers/STM32F4xx_HAL_Driver/Src/stm32f4xx_hal_spi.c **** 
 3107              		.loc 1 1993 1 view .LVU1126
 3108 00a0 38BD     		pop	{r3, r4, r5, pc}
 3109              	.LVL162:
 3110              	.L250:
1928:Drivers/STM32F4xx_HAL_Driver/Src/stm32f4xx_hal_spi.c ****     hspi->hdmarx->XferCpltCallback     = SPI_DMAReceiveCplt;
 3111              		.loc 1 1928 5 is_stmt 1 view .LVU1127
1928:Drivers/STM32F4xx_HAL_Driver/Src/stm32f4xx_hal_spi.c ****     hspi->hdmarx->XferCpltCallback     = SPI_DMAReceiveCplt;
 3112              		.loc 1 1928 9 is_stmt 0 view .LVU1128
 3113 00a2 E36C     		ldr	r3, [r4, #76]
1928:Drivers/STM32F4xx_HAL_Driver/Src/stm32f4xx_hal_spi.c ****     hspi->hdmarx->XferCpltCallback     = SPI_DMAReceiveCplt;
 3114              		.loc 1 1928 40 view .LVU1129
 3115 00a4 1F4A     		ldr	r2, .L252+12
 3116              	.LVL163:
1928:Drivers/STM32F4xx_HAL_Driver/Src/stm32f4xx_hal_spi.c ****     hspi->hdmarx->XferCpltCallback     = SPI_DMAReceiveCplt;
 3117              		.loc 1 1928 40 view .LVU1130
 3118 00a6 1A64     		str	r2, [r3, #64]
 3119              	.LVL164:
1929:Drivers/STM32F4xx_HAL_Driver/Src/stm32f4xx_hal_spi.c ****   }
 3120              		.loc 1 1929 5 is_stmt 1 view .LVU1131
1929:Drivers/STM32F4xx_HAL_Driver/Src/stm32f4xx_hal_spi.c ****   }
 3121              		.loc 1 1929 9 is_stmt 0 view .LVU1132
 3122 00a8 E36C     		ldr	r3, [r4, #76]
1929:Drivers/STM32F4xx_HAL_Driver/Src/stm32f4xx_hal_spi.c ****   }
 3123              		.loc 1 1929 40 view .LVU1133
 3124 00aa 1F4A     		ldr	r2, .L252+16
 3125 00ac DA63     		str	r2, [r3, #60]
 3126 00ae DFE7     		b	.L245
 3127              	.LVL165:
 3128              	.L246:
1956:Drivers/STM32F4xx_HAL_Driver/Src/stm32f4xx_hal_spi.c **** 
 3129              		.loc 1 1956 3 is_stmt 1 view .LVU1134
 3130 00b0 2268     		ldr	r2, [r4]
 3131 00b2 5368     		ldr	r3, [r2, #4]
 3132 00b4 43F00103 		orr	r3, r3, #1
 3133 00b8 5360     		str	r3, [r2, #4]
1960:Drivers/STM32F4xx_HAL_Driver/Src/stm32f4xx_hal_spi.c ****   hspi->hdmatx->XferCpltCallback     = NULL;
 3134              		.loc 1 1960 3 view .LVU1135
1960:Drivers/STM32F4xx_HAL_Driver/Src/stm32f4xx_hal_spi.c ****   hspi->hdmatx->XferCpltCallback     = NULL;
 3135              		.loc 1 1960 7 is_stmt 0 view .LVU1136
 3136 00ba A26C     		ldr	r2, [r4, #72]
1960:Drivers/STM32F4xx_HAL_Driver/Src/stm32f4xx_hal_spi.c ****   hspi->hdmatx->XferCpltCallback     = NULL;
 3137              		.loc 1 1960 38 view .LVU1137
 3138 00bc 1064     		str	r0, [r2, #64]
1961:Drivers/STM32F4xx_HAL_Driver/Src/stm32f4xx_hal_spi.c ****   hspi->hdmatx->XferErrorCallback    = NULL;
 3139              		.loc 1 1961 3 is_stmt 1 view .LVU1138
1961:Drivers/STM32F4xx_HAL_Driver/Src/stm32f4xx_hal_spi.c ****   hspi->hdmatx->XferErrorCallback    = NULL;
 3140              		.loc 1 1961 7 is_stmt 0 view .LVU1139
 3141 00be A26C     		ldr	r2, [r4, #72]
1961:Drivers/STM32F4xx_HAL_Driver/Src/stm32f4xx_hal_spi.c ****   hspi->hdmatx->XferErrorCallback    = NULL;
 3142              		.loc 1 1961 38 view .LVU1140
 3143 00c0 D063     		str	r0, [r2, #60]
1962:Drivers/STM32F4xx_HAL_Driver/Src/stm32f4xx_hal_spi.c ****   hspi->hdmatx->XferAbortCallback    = NULL;
 3144              		.loc 1 1962 3 is_stmt 1 view .LVU1141
1962:Drivers/STM32F4xx_HAL_Driver/Src/stm32f4xx_hal_spi.c ****   hspi->hdmatx->XferAbortCallback    = NULL;
ARM GAS  /tmp/cci2ucsl.s 			page 144


 3145              		.loc 1 1962 7 is_stmt 0 view .LVU1142
 3146 00c2 A26C     		ldr	r2, [r4, #72]
1962:Drivers/STM32F4xx_HAL_Driver/Src/stm32f4xx_hal_spi.c ****   hspi->hdmatx->XferAbortCallback    = NULL;
 3147              		.loc 1 1962 38 view .LVU1143
 3148 00c4 D064     		str	r0, [r2, #76]
1963:Drivers/STM32F4xx_HAL_Driver/Src/stm32f4xx_hal_spi.c **** 
 3149              		.loc 1 1963 3 is_stmt 1 view .LVU1144
1963:Drivers/STM32F4xx_HAL_Driver/Src/stm32f4xx_hal_spi.c **** 
 3150              		.loc 1 1963 7 is_stmt 0 view .LVU1145
 3151 00c6 A26C     		ldr	r2, [r4, #72]
1963:Drivers/STM32F4xx_HAL_Driver/Src/stm32f4xx_hal_spi.c **** 
 3152              		.loc 1 1963 38 view .LVU1146
 3153 00c8 1065     		str	r0, [r2, #80]
1966:Drivers/STM32F4xx_HAL_Driver/Src/stm32f4xx_hal_spi.c ****                                  hspi->TxXferCount))
 3154              		.loc 1 1966 3 is_stmt 1 view .LVU1147
1966:Drivers/STM32F4xx_HAL_Driver/Src/stm32f4xx_hal_spi.c ****                                  hspi->TxXferCount))
 3155              		.loc 1 1966 91 is_stmt 0 view .LVU1148
 3156 00ca 2268     		ldr	r2, [r4]
1966:Drivers/STM32F4xx_HAL_Driver/Src/stm32f4xx_hal_spi.c ****                                  hspi->TxXferCount))
 3157              		.loc 1 1966 17 view .LVU1149
 3158 00cc E38E     		ldrh	r3, [r4, #54]
 3159 00ce 0C32     		adds	r2, r2, #12
 3160 00d0 216B     		ldr	r1, [r4, #48]
 3161 00d2 A06C     		ldr	r0, [r4, #72]
 3162 00d4 FFF7FEFF 		bl	HAL_DMA_Start_IT
 3163              	.LVL166:
1966:Drivers/STM32F4xx_HAL_Driver/Src/stm32f4xx_hal_spi.c ****                                  hspi->TxXferCount))
 3164              		.loc 1 1966 6 discriminator 1 view .LVU1150
 3165 00d8 B0B9     		cbnz	r0, .L251
1977:Drivers/STM32F4xx_HAL_Driver/Src/stm32f4xx_hal_spi.c ****   {
 3166              		.loc 1 1977 3 is_stmt 1 view .LVU1151
1977:Drivers/STM32F4xx_HAL_Driver/Src/stm32f4xx_hal_spi.c ****   {
 3167              		.loc 1 1977 12 is_stmt 0 view .LVU1152
 3168 00da 2368     		ldr	r3, [r4]
1977:Drivers/STM32F4xx_HAL_Driver/Src/stm32f4xx_hal_spi.c ****   {
 3169              		.loc 1 1977 22 view .LVU1153
 3170 00dc 1A68     		ldr	r2, [r3]
1977:Drivers/STM32F4xx_HAL_Driver/Src/stm32f4xx_hal_spi.c ****   {
 3171              		.loc 1 1977 6 view .LVU1154
 3172 00de 12F0400F 		tst	r2, #64
 3173 00e2 03D1     		bne	.L248
1980:Drivers/STM32F4xx_HAL_Driver/Src/stm32f4xx_hal_spi.c ****   }
 3174              		.loc 1 1980 5 is_stmt 1 view .LVU1155
 3175 00e4 1A68     		ldr	r2, [r3]
 3176 00e6 42F04002 		orr	r2, r2, #64
 3177 00ea 1A60     		str	r2, [r3]
 3178              	.L248:
1984:Drivers/STM32F4xx_HAL_Driver/Src/stm32f4xx_hal_spi.c **** 
 3179              		.loc 1 1984 3 view .LVU1156
1984:Drivers/STM32F4xx_HAL_Driver/Src/stm32f4xx_hal_spi.c **** 
 3180              		.loc 1 1984 3 view .LVU1157
 3181 00ec 0023     		movs	r3, #0
 3182 00ee 84F85030 		strb	r3, [r4, #80]
1984:Drivers/STM32F4xx_HAL_Driver/Src/stm32f4xx_hal_spi.c **** 
 3183              		.loc 1 1984 3 view .LVU1158
1987:Drivers/STM32F4xx_HAL_Driver/Src/stm32f4xx_hal_spi.c **** 
 3184              		.loc 1 1987 3 view .LVU1159
ARM GAS  /tmp/cci2ucsl.s 			page 145


 3185 00f2 2268     		ldr	r2, [r4]
 3186 00f4 5368     		ldr	r3, [r2, #4]
 3187 00f6 43F02003 		orr	r3, r3, #32
 3188 00fa 5360     		str	r3, [r2, #4]
1990:Drivers/STM32F4xx_HAL_Driver/Src/stm32f4xx_hal_spi.c **** 
 3189              		.loc 1 1990 3 view .LVU1160
 3190 00fc 2268     		ldr	r2, [r4]
 3191 00fe 5368     		ldr	r3, [r2, #4]
 3192 0100 43F00203 		orr	r3, r3, #2
 3193 0104 5360     		str	r3, [r2, #4]
1992:Drivers/STM32F4xx_HAL_Driver/Src/stm32f4xx_hal_spi.c **** }
 3194              		.loc 1 1992 3 view .LVU1161
1992:Drivers/STM32F4xx_HAL_Driver/Src/stm32f4xx_hal_spi.c **** }
 3195              		.loc 1 1992 10 is_stmt 0 view .LVU1162
 3196 0106 CBE7     		b	.L240
 3197              	.L251:
1970:Drivers/STM32F4xx_HAL_Driver/Src/stm32f4xx_hal_spi.c ****     /* Process Unlocked */
 3198              		.loc 1 1970 5 is_stmt 1 view .LVU1163
 3199 0108 636D     		ldr	r3, [r4, #84]
 3200 010a 43F01003 		orr	r3, r3, #16
 3201 010e 6365     		str	r3, [r4, #84]
1972:Drivers/STM32F4xx_HAL_Driver/Src/stm32f4xx_hal_spi.c ****     return HAL_ERROR;
 3202              		.loc 1 1972 5 view .LVU1164
1972:Drivers/STM32F4xx_HAL_Driver/Src/stm32f4xx_hal_spi.c ****     return HAL_ERROR;
 3203              		.loc 1 1972 5 view .LVU1165
 3204 0110 0023     		movs	r3, #0
 3205 0112 84F85030 		strb	r3, [r4, #80]
1972:Drivers/STM32F4xx_HAL_Driver/Src/stm32f4xx_hal_spi.c ****     return HAL_ERROR;
 3206              		.loc 1 1972 5 view .LVU1166
1973:Drivers/STM32F4xx_HAL_Driver/Src/stm32f4xx_hal_spi.c ****   }
 3207              		.loc 1 1973 5 view .LVU1167
1973:Drivers/STM32F4xx_HAL_Driver/Src/stm32f4xx_hal_spi.c ****   }
 3208              		.loc 1 1973 12 is_stmt 0 view .LVU1168
 3209 0116 C0E7     		b	.L241
 3210              	.L253:
 3211              		.align	2
 3212              	.L252:
 3213 0118 00000000 		.word	SPI_DMAHalfTransmitReceiveCplt
 3214 011c 00000000 		.word	SPI_DMATransmitReceiveCplt
 3215 0120 00000000 		.word	SPI_DMAError
 3216 0124 00000000 		.word	SPI_DMAHalfReceiveCplt
 3217 0128 00000000 		.word	SPI_DMAReceiveCplt
 3218              		.cfi_endproc
 3219              	.LFE232:
 3221              		.section	.text.HAL_SPI_Receive_DMA,"ax",%progbits
 3222              		.align	1
 3223              		.global	HAL_SPI_Receive_DMA
 3224              		.syntax unified
 3225              		.thumb
 3226              		.thumb_func
 3228              	HAL_SPI_Receive_DMA:
 3229              	.LVL167:
 3230              	.LFB231:
1756:Drivers/STM32F4xx_HAL_Driver/Src/stm32f4xx_hal_spi.c ****   /* Check rx dma handle */
 3231              		.loc 1 1756 1 is_stmt 1 view -0
 3232              		.cfi_startproc
 3233              		@ args = 0, pretend = 0, frame = 0
ARM GAS  /tmp/cci2ucsl.s 			page 146


 3234              		@ frame_needed = 0, uses_anonymous_args = 0
1756:Drivers/STM32F4xx_HAL_Driver/Src/stm32f4xx_hal_spi.c ****   /* Check rx dma handle */
 3235              		.loc 1 1756 1 is_stmt 0 view .LVU1170
 3236 0000 38B5     		push	{r3, r4, r5, lr}
 3237              	.LCFI34:
 3238              		.cfi_def_cfa_offset 16
 3239              		.cfi_offset 3, -16
 3240              		.cfi_offset 4, -12
 3241              		.cfi_offset 5, -8
 3242              		.cfi_offset 14, -4
1758:Drivers/STM32F4xx_HAL_Driver/Src/stm32f4xx_hal_spi.c **** 
 3243              		.loc 1 1758 3 is_stmt 1 view .LVU1171
1760:Drivers/STM32F4xx_HAL_Driver/Src/stm32f4xx_hal_spi.c ****   {
 3244              		.loc 1 1760 3 view .LVU1172
1760:Drivers/STM32F4xx_HAL_Driver/Src/stm32f4xx_hal_spi.c ****   {
 3245              		.loc 1 1760 11 is_stmt 0 view .LVU1173
 3246 0002 90F85150 		ldrb	r5, [r0, #81]	@ zero_extendqisi2
1760:Drivers/STM32F4xx_HAL_Driver/Src/stm32f4xx_hal_spi.c ****   {
 3247              		.loc 1 1760 6 view .LVU1174
 3248 0006 012D     		cmp	r5, #1
 3249 0008 4DD1     		bne	.L260
 3250 000a 0446     		mov	r4, r0
1765:Drivers/STM32F4xx_HAL_Driver/Src/stm32f4xx_hal_spi.c ****   {
 3251              		.loc 1 1765 3 is_stmt 1 view .LVU1175
1765:Drivers/STM32F4xx_HAL_Driver/Src/stm32f4xx_hal_spi.c ****   {
 3252              		.loc 1 1765 6 is_stmt 0 view .LVU1176
 3253 000c 0029     		cmp	r1, #0
 3254 000e 4BD0     		beq	.L256
1765:Drivers/STM32F4xx_HAL_Driver/Src/stm32f4xx_hal_spi.c ****   {
 3255              		.loc 1 1765 23 discriminator 1 view .LVU1177
 3256 0010 002A     		cmp	r2, #0
 3257 0012 49D0     		beq	.L256
1770:Drivers/STM32F4xx_HAL_Driver/Src/stm32f4xx_hal_spi.c ****   {
 3258              		.loc 1 1770 3 is_stmt 1 view .LVU1178
1770:Drivers/STM32F4xx_HAL_Driver/Src/stm32f4xx_hal_spi.c ****   {
 3259              		.loc 1 1770 18 is_stmt 0 view .LVU1179
 3260 0014 8068     		ldr	r0, [r0, #8]
 3261              	.LVL168:
1770:Drivers/STM32F4xx_HAL_Driver/Src/stm32f4xx_hal_spi.c ****   {
 3262              		.loc 1 1770 6 view .LVU1180
 3263 0016 18B9     		cbnz	r0, .L259
1770:Drivers/STM32F4xx_HAL_Driver/Src/stm32f4xx_hal_spi.c ****   {
 3264              		.loc 1 1770 68 discriminator 1 view .LVU1181
 3265 0018 6368     		ldr	r3, [r4, #4]
1770:Drivers/STM32F4xx_HAL_Driver/Src/stm32f4xx_hal_spi.c ****   {
 3266              		.loc 1 1770 54 discriminator 1 view .LVU1182
 3267 001a B3F5827F 		cmp	r3, #260
 3268 001e 45D0     		beq	.L265
 3269              	.L259:
1782:Drivers/STM32F4xx_HAL_Driver/Src/stm32f4xx_hal_spi.c **** 
 3270              		.loc 1 1782 3 is_stmt 1 view .LVU1183
1782:Drivers/STM32F4xx_HAL_Driver/Src/stm32f4xx_hal_spi.c **** 
 3271              		.loc 1 1782 3 view .LVU1184
 3272 0020 94F85030 		ldrb	r3, [r4, #80]	@ zero_extendqisi2
 3273 0024 012B     		cmp	r3, #1
 3274 0026 3ED0     		beq	.L260
1782:Drivers/STM32F4xx_HAL_Driver/Src/stm32f4xx_hal_spi.c **** 
ARM GAS  /tmp/cci2ucsl.s 			page 147


 3275              		.loc 1 1782 3 discriminator 2 view .LVU1185
 3276 0028 0123     		movs	r3, #1
 3277 002a 84F85030 		strb	r3, [r4, #80]
1782:Drivers/STM32F4xx_HAL_Driver/Src/stm32f4xx_hal_spi.c **** 
 3278              		.loc 1 1782 3 discriminator 2 view .LVU1186
1785:Drivers/STM32F4xx_HAL_Driver/Src/stm32f4xx_hal_spi.c ****   hspi->ErrorCode   = HAL_SPI_ERROR_NONE;
 3279              		.loc 1 1785 3 view .LVU1187
1785:Drivers/STM32F4xx_HAL_Driver/Src/stm32f4xx_hal_spi.c ****   hspi->ErrorCode   = HAL_SPI_ERROR_NONE;
 3280              		.loc 1 1785 21 is_stmt 0 view .LVU1188
 3281 002e 0423     		movs	r3, #4
 3282 0030 84F85130 		strb	r3, [r4, #81]
1786:Drivers/STM32F4xx_HAL_Driver/Src/stm32f4xx_hal_spi.c ****   hspi->pRxBuffPtr  = (uint8_t *)pData;
 3283              		.loc 1 1786 3 is_stmt 1 view .LVU1189
1786:Drivers/STM32F4xx_HAL_Driver/Src/stm32f4xx_hal_spi.c ****   hspi->pRxBuffPtr  = (uint8_t *)pData;
 3284              		.loc 1 1786 21 is_stmt 0 view .LVU1190
 3285 0034 0023     		movs	r3, #0
 3286 0036 6365     		str	r3, [r4, #84]
1787:Drivers/STM32F4xx_HAL_Driver/Src/stm32f4xx_hal_spi.c ****   hspi->RxXferSize  = Size;
 3287              		.loc 1 1787 3 is_stmt 1 view .LVU1191
1787:Drivers/STM32F4xx_HAL_Driver/Src/stm32f4xx_hal_spi.c ****   hspi->RxXferSize  = Size;
 3288              		.loc 1 1787 21 is_stmt 0 view .LVU1192
 3289 0038 A163     		str	r1, [r4, #56]
1788:Drivers/STM32F4xx_HAL_Driver/Src/stm32f4xx_hal_spi.c ****   hspi->RxXferCount = Size;
 3290              		.loc 1 1788 3 is_stmt 1 view .LVU1193
1788:Drivers/STM32F4xx_HAL_Driver/Src/stm32f4xx_hal_spi.c ****   hspi->RxXferCount = Size;
 3291              		.loc 1 1788 21 is_stmt 0 view .LVU1194
 3292 003a A287     		strh	r2, [r4, #60]	@ movhi
1789:Drivers/STM32F4xx_HAL_Driver/Src/stm32f4xx_hal_spi.c **** 
 3293              		.loc 1 1789 3 is_stmt 1 view .LVU1195
1789:Drivers/STM32F4xx_HAL_Driver/Src/stm32f4xx_hal_spi.c **** 
 3294              		.loc 1 1789 21 is_stmt 0 view .LVU1196
 3295 003c E287     		strh	r2, [r4, #62]	@ movhi
1792:Drivers/STM32F4xx_HAL_Driver/Src/stm32f4xx_hal_spi.c ****   hspi->TxISR       = NULL;
 3296              		.loc 1 1792 3 is_stmt 1 view .LVU1197
1792:Drivers/STM32F4xx_HAL_Driver/Src/stm32f4xx_hal_spi.c ****   hspi->TxISR       = NULL;
 3297              		.loc 1 1792 21 is_stmt 0 view .LVU1198
 3298 003e 2364     		str	r3, [r4, #64]
1793:Drivers/STM32F4xx_HAL_Driver/Src/stm32f4xx_hal_spi.c ****   hspi->TxXferSize  = 0U;
 3299              		.loc 1 1793 3 is_stmt 1 view .LVU1199
1793:Drivers/STM32F4xx_HAL_Driver/Src/stm32f4xx_hal_spi.c ****   hspi->TxXferSize  = 0U;
 3300              		.loc 1 1793 21 is_stmt 0 view .LVU1200
 3301 0040 6364     		str	r3, [r4, #68]
1794:Drivers/STM32F4xx_HAL_Driver/Src/stm32f4xx_hal_spi.c ****   hspi->TxXferCount = 0U;
 3302              		.loc 1 1794 3 is_stmt 1 view .LVU1201
1794:Drivers/STM32F4xx_HAL_Driver/Src/stm32f4xx_hal_spi.c ****   hspi->TxXferCount = 0U;
 3303              		.loc 1 1794 21 is_stmt 0 view .LVU1202
 3304 0042 A386     		strh	r3, [r4, #52]	@ movhi
1795:Drivers/STM32F4xx_HAL_Driver/Src/stm32f4xx_hal_spi.c **** 
 3305              		.loc 1 1795 3 is_stmt 1 view .LVU1203
1795:Drivers/STM32F4xx_HAL_Driver/Src/stm32f4xx_hal_spi.c **** 
 3306              		.loc 1 1795 21 is_stmt 0 view .LVU1204
 3307 0044 E386     		strh	r3, [r4, #54]	@ movhi
1798:Drivers/STM32F4xx_HAL_Driver/Src/stm32f4xx_hal_spi.c ****   {
 3308              		.loc 1 1798 3 is_stmt 1 view .LVU1205
1798:Drivers/STM32F4xx_HAL_Driver/Src/stm32f4xx_hal_spi.c ****   {
 3309              		.loc 1 1798 6 is_stmt 0 view .LVU1206
 3310 0046 B0F5004F 		cmp	r0, #32768
ARM GAS  /tmp/cci2ucsl.s 			page 148


 3311 004a 39D0     		beq	.L266
 3312              	.LVL169:
 3313              	.L261:
1814:Drivers/STM32F4xx_HAL_Driver/Src/stm32f4xx_hal_spi.c **** 
 3314              		.loc 1 1814 3 is_stmt 1 view .LVU1207
1814:Drivers/STM32F4xx_HAL_Driver/Src/stm32f4xx_hal_spi.c **** 
 3315              		.loc 1 1814 7 is_stmt 0 view .LVU1208
 3316 004c E36C     		ldr	r3, [r4, #76]
1814:Drivers/STM32F4xx_HAL_Driver/Src/stm32f4xx_hal_spi.c **** 
 3317              		.loc 1 1814 38 view .LVU1209
 3318 004e 264A     		ldr	r2, .L268
 3319 0050 1A64     		str	r2, [r3, #64]
1817:Drivers/STM32F4xx_HAL_Driver/Src/stm32f4xx_hal_spi.c **** 
 3320              		.loc 1 1817 3 is_stmt 1 view .LVU1210
1817:Drivers/STM32F4xx_HAL_Driver/Src/stm32f4xx_hal_spi.c **** 
 3321              		.loc 1 1817 7 is_stmt 0 view .LVU1211
 3322 0052 E36C     		ldr	r3, [r4, #76]
1817:Drivers/STM32F4xx_HAL_Driver/Src/stm32f4xx_hal_spi.c **** 
 3323              		.loc 1 1817 34 view .LVU1212
 3324 0054 254A     		ldr	r2, .L268+4
 3325 0056 DA63     		str	r2, [r3, #60]
1820:Drivers/STM32F4xx_HAL_Driver/Src/stm32f4xx_hal_spi.c **** 
 3326              		.loc 1 1820 3 is_stmt 1 view .LVU1213
1820:Drivers/STM32F4xx_HAL_Driver/Src/stm32f4xx_hal_spi.c **** 
 3327              		.loc 1 1820 7 is_stmt 0 view .LVU1214
 3328 0058 E36C     		ldr	r3, [r4, #76]
1820:Drivers/STM32F4xx_HAL_Driver/Src/stm32f4xx_hal_spi.c **** 
 3329              		.loc 1 1820 35 view .LVU1215
 3330 005a 254A     		ldr	r2, .L268+8
 3331 005c DA64     		str	r2, [r3, #76]
1823:Drivers/STM32F4xx_HAL_Driver/Src/stm32f4xx_hal_spi.c **** 
 3332              		.loc 1 1823 3 is_stmt 1 view .LVU1216
1823:Drivers/STM32F4xx_HAL_Driver/Src/stm32f4xx_hal_spi.c **** 
 3333              		.loc 1 1823 7 is_stmt 0 view .LVU1217
 3334 005e E36C     		ldr	r3, [r4, #76]
1823:Drivers/STM32F4xx_HAL_Driver/Src/stm32f4xx_hal_spi.c **** 
 3335              		.loc 1 1823 35 view .LVU1218
 3336 0060 0022     		movs	r2, #0
 3337 0062 1A65     		str	r2, [r3, #80]
1826:Drivers/STM32F4xx_HAL_Driver/Src/stm32f4xx_hal_spi.c ****                                  hspi->RxXferCount))
 3338              		.loc 1 1826 3 is_stmt 1 view .LVU1219
1826:Drivers/STM32F4xx_HAL_Driver/Src/stm32f4xx_hal_spi.c ****                                  hspi->RxXferCount))
 3339              		.loc 1 1826 63 is_stmt 0 view .LVU1220
 3340 0064 2168     		ldr	r1, [r4]
 3341              	.LVL170:
1826:Drivers/STM32F4xx_HAL_Driver/Src/stm32f4xx_hal_spi.c ****                                  hspi->RxXferCount))
 3342              		.loc 1 1826 17 view .LVU1221
 3343 0066 E38F     		ldrh	r3, [r4, #62]
 3344 0068 A26B     		ldr	r2, [r4, #56]
 3345 006a 0C31     		adds	r1, r1, #12
 3346 006c E06C     		ldr	r0, [r4, #76]
 3347 006e FFF7FEFF 		bl	HAL_DMA_Start_IT
 3348              	.LVL171:
1826:Drivers/STM32F4xx_HAL_Driver/Src/stm32f4xx_hal_spi.c ****                                  hspi->RxXferCount))
 3349              		.loc 1 1826 6 discriminator 1 view .LVU1222
 3350 0072 0146     		mov	r1, r0
 3351 0074 78BB     		cbnz	r0, .L267
ARM GAS  /tmp/cci2ucsl.s 			page 149


1837:Drivers/STM32F4xx_HAL_Driver/Src/stm32f4xx_hal_spi.c ****   {
 3352              		.loc 1 1837 3 is_stmt 1 view .LVU1223
1837:Drivers/STM32F4xx_HAL_Driver/Src/stm32f4xx_hal_spi.c ****   {
 3353              		.loc 1 1837 12 is_stmt 0 view .LVU1224
 3354 0076 2368     		ldr	r3, [r4]
1837:Drivers/STM32F4xx_HAL_Driver/Src/stm32f4xx_hal_spi.c ****   {
 3355              		.loc 1 1837 22 view .LVU1225
 3356 0078 1A68     		ldr	r2, [r3]
1837:Drivers/STM32F4xx_HAL_Driver/Src/stm32f4xx_hal_spi.c ****   {
 3357              		.loc 1 1837 6 view .LVU1226
 3358 007a 12F0400F 		tst	r2, #64
 3359 007e 03D1     		bne	.L263
1840:Drivers/STM32F4xx_HAL_Driver/Src/stm32f4xx_hal_spi.c ****   }
 3360              		.loc 1 1840 5 is_stmt 1 view .LVU1227
 3361 0080 1A68     		ldr	r2, [r3]
 3362 0082 42F04002 		orr	r2, r2, #64
 3363 0086 1A60     		str	r2, [r3]
 3364              	.L263:
1844:Drivers/STM32F4xx_HAL_Driver/Src/stm32f4xx_hal_spi.c **** 
 3365              		.loc 1 1844 3 view .LVU1228
1844:Drivers/STM32F4xx_HAL_Driver/Src/stm32f4xx_hal_spi.c **** 
 3366              		.loc 1 1844 3 view .LVU1229
 3367 0088 0023     		movs	r3, #0
 3368 008a 84F85030 		strb	r3, [r4, #80]
1844:Drivers/STM32F4xx_HAL_Driver/Src/stm32f4xx_hal_spi.c **** 
 3369              		.loc 1 1844 3 view .LVU1230
1847:Drivers/STM32F4xx_HAL_Driver/Src/stm32f4xx_hal_spi.c **** 
 3370              		.loc 1 1847 3 view .LVU1231
 3371 008e 2268     		ldr	r2, [r4]
 3372 0090 5368     		ldr	r3, [r2, #4]
 3373 0092 43F02003 		orr	r3, r3, #32
 3374 0096 5360     		str	r3, [r2, #4]
1850:Drivers/STM32F4xx_HAL_Driver/Src/stm32f4xx_hal_spi.c **** 
 3375              		.loc 1 1850 3 view .LVU1232
 3376 0098 2268     		ldr	r2, [r4]
 3377 009a 5368     		ldr	r3, [r2, #4]
 3378 009c 43F00103 		orr	r3, r3, #1
 3379 00a0 5360     		str	r3, [r2, #4]
1852:Drivers/STM32F4xx_HAL_Driver/Src/stm32f4xx_hal_spi.c **** }
 3380              		.loc 1 1852 3 view .LVU1233
1852:Drivers/STM32F4xx_HAL_Driver/Src/stm32f4xx_hal_spi.c **** }
 3381              		.loc 1 1852 10 is_stmt 0 view .LVU1234
 3382 00a2 0D46     		mov	r5, r1
 3383 00a4 00E0     		b	.L256
 3384              	.LVL172:
 3385              	.L260:
1762:Drivers/STM32F4xx_HAL_Driver/Src/stm32f4xx_hal_spi.c ****   }
 3386              		.loc 1 1762 12 view .LVU1235
 3387 00a6 0225     		movs	r5, #2
 3388              	.LVL173:
 3389              	.L256:
1853:Drivers/STM32F4xx_HAL_Driver/Src/stm32f4xx_hal_spi.c **** 
 3390              		.loc 1 1853 1 view .LVU1236
 3391 00a8 2846     		mov	r0, r5
 3392 00aa 38BD     		pop	{r3, r4, r5, pc}
 3393              	.LVL174:
 3394              	.L265:
ARM GAS  /tmp/cci2ucsl.s 			page 150


1772:Drivers/STM32F4xx_HAL_Driver/Src/stm32f4xx_hal_spi.c **** 
 3395              		.loc 1 1772 5 is_stmt 1 view .LVU1237
1772:Drivers/STM32F4xx_HAL_Driver/Src/stm32f4xx_hal_spi.c **** 
 3396              		.loc 1 1772 17 is_stmt 0 view .LVU1238
 3397 00ac 0423     		movs	r3, #4
 3398 00ae 84F85130 		strb	r3, [r4, #81]
1775:Drivers/STM32F4xx_HAL_Driver/Src/stm32f4xx_hal_spi.c **** 
 3399              		.loc 1 1775 5 is_stmt 1 view .LVU1239
1778:Drivers/STM32F4xx_HAL_Driver/Src/stm32f4xx_hal_spi.c ****   }
 3400              		.loc 1 1778 5 view .LVU1240
1778:Drivers/STM32F4xx_HAL_Driver/Src/stm32f4xx_hal_spi.c ****   }
 3401              		.loc 1 1778 12 is_stmt 0 view .LVU1241
 3402 00b2 1346     		mov	r3, r2
 3403 00b4 0A46     		mov	r2, r1
 3404              	.LVL175:
1778:Drivers/STM32F4xx_HAL_Driver/Src/stm32f4xx_hal_spi.c ****   }
 3405              		.loc 1 1778 12 view .LVU1242
 3406 00b6 2046     		mov	r0, r4
 3407 00b8 FFF7FEFF 		bl	HAL_SPI_TransmitReceive_DMA
 3408              	.LVL176:
1778:Drivers/STM32F4xx_HAL_Driver/Src/stm32f4xx_hal_spi.c ****   }
 3409              		.loc 1 1778 12 view .LVU1243
 3410 00bc 0546     		mov	r5, r0
1778:Drivers/STM32F4xx_HAL_Driver/Src/stm32f4xx_hal_spi.c ****   }
 3411              		.loc 1 1778 12 discriminator 1 view .LVU1244
 3412 00be F3E7     		b	.L256
 3413              	.LVL177:
 3414              	.L266:
1801:Drivers/STM32F4xx_HAL_Driver/Src/stm32f4xx_hal_spi.c ****     SPI_1LINE_RX(hspi);
 3415              		.loc 1 1801 5 is_stmt 1 view .LVU1245
 3416 00c0 2268     		ldr	r2, [r4]
 3417              	.LVL178:
1801:Drivers/STM32F4xx_HAL_Driver/Src/stm32f4xx_hal_spi.c ****     SPI_1LINE_RX(hspi);
 3418              		.loc 1 1801 5 is_stmt 0 view .LVU1246
 3419 00c2 1368     		ldr	r3, [r2]
 3420 00c4 23F04003 		bic	r3, r3, #64
 3421 00c8 1360     		str	r3, [r2]
 3422              	.LVL179:
1802:Drivers/STM32F4xx_HAL_Driver/Src/stm32f4xx_hal_spi.c ****   }
 3423              		.loc 1 1802 5 is_stmt 1 view .LVU1247
 3424 00ca 2268     		ldr	r2, [r4]
 3425 00cc 1368     		ldr	r3, [r2]
 3426 00ce 23F48043 		bic	r3, r3, #16384
 3427 00d2 1360     		str	r3, [r2]
 3428 00d4 BAE7     		b	.L261
 3429              	.LVL180:
 3430              	.L267:
1830:Drivers/STM32F4xx_HAL_Driver/Src/stm32f4xx_hal_spi.c ****     /* Process Unlocked */
 3431              		.loc 1 1830 5 view .LVU1248
 3432 00d6 636D     		ldr	r3, [r4, #84]
 3433 00d8 43F01003 		orr	r3, r3, #16
 3434 00dc 6365     		str	r3, [r4, #84]
1832:Drivers/STM32F4xx_HAL_Driver/Src/stm32f4xx_hal_spi.c ****     return HAL_ERROR;
 3435              		.loc 1 1832 5 view .LVU1249
1832:Drivers/STM32F4xx_HAL_Driver/Src/stm32f4xx_hal_spi.c ****     return HAL_ERROR;
 3436              		.loc 1 1832 5 view .LVU1250
 3437 00de 0023     		movs	r3, #0
ARM GAS  /tmp/cci2ucsl.s 			page 151


 3438 00e0 84F85030 		strb	r3, [r4, #80]
1832:Drivers/STM32F4xx_HAL_Driver/Src/stm32f4xx_hal_spi.c ****     return HAL_ERROR;
 3439              		.loc 1 1832 5 view .LVU1251
1833:Drivers/STM32F4xx_HAL_Driver/Src/stm32f4xx_hal_spi.c ****   }
 3440              		.loc 1 1833 5 view .LVU1252
1833:Drivers/STM32F4xx_HAL_Driver/Src/stm32f4xx_hal_spi.c ****   }
 3441              		.loc 1 1833 12 is_stmt 0 view .LVU1253
 3442 00e4 E0E7     		b	.L256
 3443              	.L269:
 3444 00e6 00BF     		.align	2
 3445              	.L268:
 3446 00e8 00000000 		.word	SPI_DMAHalfReceiveCplt
 3447 00ec 00000000 		.word	SPI_DMAReceiveCplt
 3448 00f0 00000000 		.word	SPI_DMAError
 3449              		.cfi_endproc
 3450              	.LFE231:
 3452              		.section	.text.HAL_SPI_Abort,"ax",%progbits
 3453              		.align	1
 3454              		.global	HAL_SPI_Abort
 3455              		.syntax unified
 3456              		.thumb
 3457              		.thumb_func
 3459              	HAL_SPI_Abort:
 3460              	.LVL181:
 3461              	.LFB233:
2009:Drivers/STM32F4xx_HAL_Driver/Src/stm32f4xx_hal_spi.c ****   HAL_StatusTypeDef errorcode;
 3462              		.loc 1 2009 1 is_stmt 1 view -0
 3463              		.cfi_startproc
 3464              		@ args = 0, pretend = 0, frame = 16
 3465              		@ frame_needed = 0, uses_anonymous_args = 0
2009:Drivers/STM32F4xx_HAL_Driver/Src/stm32f4xx_hal_spi.c ****   HAL_StatusTypeDef errorcode;
 3466              		.loc 1 2009 1 is_stmt 0 view .LVU1255
 3467 0000 10B5     		push	{r4, lr}
 3468              	.LCFI35:
 3469              		.cfi_def_cfa_offset 8
 3470              		.cfi_offset 4, -8
 3471              		.cfi_offset 14, -4
 3472 0002 84B0     		sub	sp, sp, #16
 3473              	.LCFI36:
 3474              		.cfi_def_cfa_offset 24
 3475 0004 0446     		mov	r4, r0
2010:Drivers/STM32F4xx_HAL_Driver/Src/stm32f4xx_hal_spi.c ****   __IO uint32_t count;
 3476              		.loc 1 2010 3 is_stmt 1 view .LVU1256
2011:Drivers/STM32F4xx_HAL_Driver/Src/stm32f4xx_hal_spi.c ****   __IO uint32_t resetcount;
 3477              		.loc 1 2011 3 view .LVU1257
2012:Drivers/STM32F4xx_HAL_Driver/Src/stm32f4xx_hal_spi.c **** 
 3478              		.loc 1 2012 3 view .LVU1258
2015:Drivers/STM32F4xx_HAL_Driver/Src/stm32f4xx_hal_spi.c ****   resetcount = SPI_DEFAULT_TIMEOUT * (SystemCoreClock / 24U / 1000U);
 3479              		.loc 1 2015 3 view .LVU1259
 3480              	.LVL182:
2016:Drivers/STM32F4xx_HAL_Driver/Src/stm32f4xx_hal_spi.c ****   count = resetcount;
 3481              		.loc 1 2016 3 view .LVU1260
2016:Drivers/STM32F4xx_HAL_Driver/Src/stm32f4xx_hal_spi.c ****   count = resetcount;
 3482              		.loc 1 2016 61 is_stmt 0 view .LVU1261
 3483 0006 4A4B     		ldr	r3, .L291
 3484 0008 1B68     		ldr	r3, [r3]
 3485 000a 4A4A     		ldr	r2, .L291+4
ARM GAS  /tmp/cci2ucsl.s 			page 152


 3486 000c A2FB0323 		umull	r2, r3, r2, r3
 3487 0010 5B0A     		lsrs	r3, r3, #9
2016:Drivers/STM32F4xx_HAL_Driver/Src/stm32f4xx_hal_spi.c ****   count = resetcount;
 3488              		.loc 1 2016 36 view .LVU1262
 3489 0012 6422     		movs	r2, #100
 3490 0014 02FB03F3 		mul	r3, r2, r3
2016:Drivers/STM32F4xx_HAL_Driver/Src/stm32f4xx_hal_spi.c ****   count = resetcount;
 3491              		.loc 1 2016 14 view .LVU1263
 3492 0018 0293     		str	r3, [sp, #8]
2017:Drivers/STM32F4xx_HAL_Driver/Src/stm32f4xx_hal_spi.c **** 
 3493              		.loc 1 2017 3 is_stmt 1 view .LVU1264
2017:Drivers/STM32F4xx_HAL_Driver/Src/stm32f4xx_hal_spi.c **** 
 3494              		.loc 1 2017 9 is_stmt 0 view .LVU1265
 3495 001a 029B     		ldr	r3, [sp, #8]
 3496 001c 0393     		str	r3, [sp, #12]
2020:Drivers/STM32F4xx_HAL_Driver/Src/stm32f4xx_hal_spi.c **** 
 3497              		.loc 1 2020 3 is_stmt 1 view .LVU1266
 3498 001e 0268     		ldr	r2, [r0]
 3499 0020 5368     		ldr	r3, [r2, #4]
 3500 0022 23F02003 		bic	r3, r3, #32
 3501 0026 5360     		str	r3, [r2, #4]
2023:Drivers/STM32F4xx_HAL_Driver/Src/stm32f4xx_hal_spi.c ****   {
 3502              		.loc 1 2023 3 view .LVU1267
2023:Drivers/STM32F4xx_HAL_Driver/Src/stm32f4xx_hal_spi.c ****   {
 3503              		.loc 1 2023 7 is_stmt 0 view .LVU1268
 3504 0028 0268     		ldr	r2, [r0]
 3505 002a 5368     		ldr	r3, [r2, #4]
2023:Drivers/STM32F4xx_HAL_Driver/Src/stm32f4xx_hal_spi.c ****   {
 3506              		.loc 1 2023 6 view .LVU1269
 3507 002c 13F0800F 		tst	r3, #128
 3508 0030 11D0     		beq	.L271
2025:Drivers/STM32F4xx_HAL_Driver/Src/stm32f4xx_hal_spi.c ****     /* Wait HAL_SPI_STATE_ABORT state */
 3509              		.loc 1 2025 5 is_stmt 1 view .LVU1270
2025:Drivers/STM32F4xx_HAL_Driver/Src/stm32f4xx_hal_spi.c ****     /* Wait HAL_SPI_STATE_ABORT state */
 3510              		.loc 1 2025 17 is_stmt 0 view .LVU1271
 3511 0032 414B     		ldr	r3, .L291+8
 3512 0034 4364     		str	r3, [r0, #68]
 3513              	.L274:
2027:Drivers/STM32F4xx_HAL_Driver/Src/stm32f4xx_hal_spi.c ****     {
 3514              		.loc 1 2027 5 is_stmt 1 view .LVU1272
2029:Drivers/STM32F4xx_HAL_Driver/Src/stm32f4xx_hal_spi.c ****       {
 3515              		.loc 1 2029 7 view .LVU1273
2029:Drivers/STM32F4xx_HAL_Driver/Src/stm32f4xx_hal_spi.c ****       {
 3516              		.loc 1 2029 17 is_stmt 0 view .LVU1274
 3517 0036 039B     		ldr	r3, [sp, #12]
2029:Drivers/STM32F4xx_HAL_Driver/Src/stm32f4xx_hal_spi.c ****       {
 3518              		.loc 1 2029 10 view .LVU1275
 3519 0038 3BB1     		cbz	r3, .L288
2034:Drivers/STM32F4xx_HAL_Driver/Src/stm32f4xx_hal_spi.c ****     } while (hspi->State != HAL_SPI_STATE_ABORT);
 3520              		.loc 1 2034 7 is_stmt 1 view .LVU1276
2034:Drivers/STM32F4xx_HAL_Driver/Src/stm32f4xx_hal_spi.c ****     } while (hspi->State != HAL_SPI_STATE_ABORT);
 3521              		.loc 1 2034 12 is_stmt 0 view .LVU1277
 3522 003a 039B     		ldr	r3, [sp, #12]
 3523 003c 013B     		subs	r3, r3, #1
 3524 003e 0393     		str	r3, [sp, #12]
2035:Drivers/STM32F4xx_HAL_Driver/Src/stm32f4xx_hal_spi.c ****     /* Reset Timeout Counter */
 3525              		.loc 1 2035 26 is_stmt 1 view .LVU1278
ARM GAS  /tmp/cci2ucsl.s 			page 153


2035:Drivers/STM32F4xx_HAL_Driver/Src/stm32f4xx_hal_spi.c ****     /* Reset Timeout Counter */
 3526              		.loc 1 2035 18 is_stmt 0 view .LVU1279
 3527 0040 94F85130 		ldrb	r3, [r4, #81]	@ zero_extendqisi2
2035:Drivers/STM32F4xx_HAL_Driver/Src/stm32f4xx_hal_spi.c ****     /* Reset Timeout Counter */
 3528              		.loc 1 2035 26 view .LVU1280
 3529 0044 072B     		cmp	r3, #7
 3530 0046 F6D1     		bne	.L274
 3531 0048 03E0     		b	.L273
 3532              	.L288:
2031:Drivers/STM32F4xx_HAL_Driver/Src/stm32f4xx_hal_spi.c ****         break;
 3533              		.loc 1 2031 9 is_stmt 1 view .LVU1281
 3534 004a 636D     		ldr	r3, [r4, #84]
 3535 004c 43F04003 		orr	r3, r3, #64
 3536 0050 6365     		str	r3, [r4, #84]
2032:Drivers/STM32F4xx_HAL_Driver/Src/stm32f4xx_hal_spi.c ****       }
 3537              		.loc 1 2032 9 view .LVU1282
 3538              	.L273:
2037:Drivers/STM32F4xx_HAL_Driver/Src/stm32f4xx_hal_spi.c ****   }
 3539              		.loc 1 2037 5 view .LVU1283
2037:Drivers/STM32F4xx_HAL_Driver/Src/stm32f4xx_hal_spi.c ****   }
 3540              		.loc 1 2037 11 is_stmt 0 view .LVU1284
 3541 0052 029B     		ldr	r3, [sp, #8]
 3542 0054 0393     		str	r3, [sp, #12]
 3543              	.L271:
2040:Drivers/STM32F4xx_HAL_Driver/Src/stm32f4xx_hal_spi.c ****   {
 3544              		.loc 1 2040 3 is_stmt 1 view .LVU1285
2040:Drivers/STM32F4xx_HAL_Driver/Src/stm32f4xx_hal_spi.c ****   {
 3545              		.loc 1 2040 7 is_stmt 0 view .LVU1286
 3546 0056 5368     		ldr	r3, [r2, #4]
2040:Drivers/STM32F4xx_HAL_Driver/Src/stm32f4xx_hal_spi.c ****   {
 3547              		.loc 1 2040 6 view .LVU1287
 3548 0058 13F0400F 		tst	r3, #64
 3549 005c 11D0     		beq	.L275
2042:Drivers/STM32F4xx_HAL_Driver/Src/stm32f4xx_hal_spi.c ****     /* Wait HAL_SPI_STATE_ABORT state */
 3550              		.loc 1 2042 5 is_stmt 1 view .LVU1288
2042:Drivers/STM32F4xx_HAL_Driver/Src/stm32f4xx_hal_spi.c ****     /* Wait HAL_SPI_STATE_ABORT state */
 3551              		.loc 1 2042 17 is_stmt 0 view .LVU1289
 3552 005e 374B     		ldr	r3, .L291+12
 3553 0060 2364     		str	r3, [r4, #64]
 3554              	.L278:
2044:Drivers/STM32F4xx_HAL_Driver/Src/stm32f4xx_hal_spi.c ****     {
 3555              		.loc 1 2044 5 is_stmt 1 view .LVU1290
2046:Drivers/STM32F4xx_HAL_Driver/Src/stm32f4xx_hal_spi.c ****       {
 3556              		.loc 1 2046 7 view .LVU1291
2046:Drivers/STM32F4xx_HAL_Driver/Src/stm32f4xx_hal_spi.c ****       {
 3557              		.loc 1 2046 17 is_stmt 0 view .LVU1292
 3558 0062 039B     		ldr	r3, [sp, #12]
2046:Drivers/STM32F4xx_HAL_Driver/Src/stm32f4xx_hal_spi.c ****       {
 3559              		.loc 1 2046 10 view .LVU1293
 3560 0064 3BB1     		cbz	r3, .L289
2051:Drivers/STM32F4xx_HAL_Driver/Src/stm32f4xx_hal_spi.c ****     } while (hspi->State != HAL_SPI_STATE_ABORT);
 3561              		.loc 1 2051 7 is_stmt 1 view .LVU1294
2051:Drivers/STM32F4xx_HAL_Driver/Src/stm32f4xx_hal_spi.c ****     } while (hspi->State != HAL_SPI_STATE_ABORT);
 3562              		.loc 1 2051 12 is_stmt 0 view .LVU1295
 3563 0066 039B     		ldr	r3, [sp, #12]
 3564 0068 013B     		subs	r3, r3, #1
 3565 006a 0393     		str	r3, [sp, #12]
ARM GAS  /tmp/cci2ucsl.s 			page 154


2052:Drivers/STM32F4xx_HAL_Driver/Src/stm32f4xx_hal_spi.c ****     /* Reset Timeout Counter */
 3566              		.loc 1 2052 26 is_stmt 1 view .LVU1296
2052:Drivers/STM32F4xx_HAL_Driver/Src/stm32f4xx_hal_spi.c ****     /* Reset Timeout Counter */
 3567              		.loc 1 2052 18 is_stmt 0 view .LVU1297
 3568 006c 94F85130 		ldrb	r3, [r4, #81]	@ zero_extendqisi2
2052:Drivers/STM32F4xx_HAL_Driver/Src/stm32f4xx_hal_spi.c ****     /* Reset Timeout Counter */
 3569              		.loc 1 2052 26 view .LVU1298
 3570 0070 072B     		cmp	r3, #7
 3571 0072 F6D1     		bne	.L278
 3572 0074 03E0     		b	.L277
 3573              	.L289:
2048:Drivers/STM32F4xx_HAL_Driver/Src/stm32f4xx_hal_spi.c ****         break;
 3574              		.loc 1 2048 9 is_stmt 1 view .LVU1299
 3575 0076 636D     		ldr	r3, [r4, #84]
 3576 0078 43F04003 		orr	r3, r3, #64
 3577 007c 6365     		str	r3, [r4, #84]
2049:Drivers/STM32F4xx_HAL_Driver/Src/stm32f4xx_hal_spi.c ****       }
 3578              		.loc 1 2049 9 view .LVU1300
 3579              	.L277:
2054:Drivers/STM32F4xx_HAL_Driver/Src/stm32f4xx_hal_spi.c ****   }
 3580              		.loc 1 2054 5 view .LVU1301
2054:Drivers/STM32F4xx_HAL_Driver/Src/stm32f4xx_hal_spi.c ****   }
 3581              		.loc 1 2054 11 is_stmt 0 view .LVU1302
 3582 007e 029B     		ldr	r3, [sp, #8]
 3583 0080 0393     		str	r3, [sp, #12]
 3584              	.L275:
2058:Drivers/STM32F4xx_HAL_Driver/Src/stm32f4xx_hal_spi.c ****   {
 3585              		.loc 1 2058 3 is_stmt 1 view .LVU1303
2058:Drivers/STM32F4xx_HAL_Driver/Src/stm32f4xx_hal_spi.c ****   {
 3586              		.loc 1 2058 7 is_stmt 0 view .LVU1304
 3587 0082 5368     		ldr	r3, [r2, #4]
2058:Drivers/STM32F4xx_HAL_Driver/Src/stm32f4xx_hal_spi.c ****   {
 3588              		.loc 1 2058 6 view .LVU1305
 3589 0084 13F0020F 		tst	r3, #2
 3590 0088 1DD0     		beq	.L279
2061:Drivers/STM32F4xx_HAL_Driver/Src/stm32f4xx_hal_spi.c ****     {
 3591              		.loc 1 2061 5 is_stmt 1 view .LVU1306
2061:Drivers/STM32F4xx_HAL_Driver/Src/stm32f4xx_hal_spi.c ****     {
 3592              		.loc 1 2061 13 is_stmt 0 view .LVU1307
 3593 008a A36C     		ldr	r3, [r4, #72]
2061:Drivers/STM32F4xx_HAL_Driver/Src/stm32f4xx_hal_spi.c ****     {
 3594              		.loc 1 2061 8 view .LVU1308
 3595 008c DBB1     		cbz	r3, .L279
2065:Drivers/STM32F4xx_HAL_Driver/Src/stm32f4xx_hal_spi.c **** 
 3596              		.loc 1 2065 7 is_stmt 1 view .LVU1309
2065:Drivers/STM32F4xx_HAL_Driver/Src/stm32f4xx_hal_spi.c **** 
 3597              		.loc 1 2065 39 is_stmt 0 view .LVU1310
 3598 008e 0022     		movs	r2, #0
 3599 0090 1A65     		str	r2, [r3, #80]
2068:Drivers/STM32F4xx_HAL_Driver/Src/stm32f4xx_hal_spi.c ****       {
 3600              		.loc 1 2068 7 is_stmt 1 view .LVU1311
2068:Drivers/STM32F4xx_HAL_Driver/Src/stm32f4xx_hal_spi.c ****       {
 3601              		.loc 1 2068 11 is_stmt 0 view .LVU1312
 3602 0092 A06C     		ldr	r0, [r4, #72]
 3603              	.LVL183:
2068:Drivers/STM32F4xx_HAL_Driver/Src/stm32f4xx_hal_spi.c ****       {
 3604              		.loc 1 2068 11 view .LVU1313
ARM GAS  /tmp/cci2ucsl.s 			page 155


 3605 0094 FFF7FEFF 		bl	HAL_DMA_Abort
 3606              	.LVL184:
2068:Drivers/STM32F4xx_HAL_Driver/Src/stm32f4xx_hal_spi.c ****       {
 3607              		.loc 1 2068 10 discriminator 1 view .LVU1314
 3608 0098 08B1     		cbz	r0, .L280
2070:Drivers/STM32F4xx_HAL_Driver/Src/stm32f4xx_hal_spi.c ****       }
 3609              		.loc 1 2070 9 is_stmt 1 view .LVU1315
2070:Drivers/STM32F4xx_HAL_Driver/Src/stm32f4xx_hal_spi.c ****       }
 3610              		.loc 1 2070 25 is_stmt 0 view .LVU1316
 3611 009a 4023     		movs	r3, #64
 3612 009c 6365     		str	r3, [r4, #84]
 3613              	.L280:
2074:Drivers/STM32F4xx_HAL_Driver/Src/stm32f4xx_hal_spi.c **** 
 3614              		.loc 1 2074 7 is_stmt 1 view .LVU1317
 3615 009e 2268     		ldr	r2, [r4]
 3616 00a0 5368     		ldr	r3, [r2, #4]
 3617 00a2 23F00203 		bic	r3, r3, #2
 3618 00a6 5360     		str	r3, [r2, #4]
 3619              	.L282:
2077:Drivers/STM32F4xx_HAL_Driver/Src/stm32f4xx_hal_spi.c ****       {
 3620              		.loc 1 2077 7 view .LVU1318
2079:Drivers/STM32F4xx_HAL_Driver/Src/stm32f4xx_hal_spi.c ****         {
 3621              		.loc 1 2079 9 view .LVU1319
2079:Drivers/STM32F4xx_HAL_Driver/Src/stm32f4xx_hal_spi.c ****         {
 3622              		.loc 1 2079 19 is_stmt 0 view .LVU1320
 3623 00a8 039B     		ldr	r3, [sp, #12]
2079:Drivers/STM32F4xx_HAL_Driver/Src/stm32f4xx_hal_spi.c ****         {
 3624              		.loc 1 2079 12 view .LVU1321
 3625 00aa 43B1     		cbz	r3, .L290
2084:Drivers/STM32F4xx_HAL_Driver/Src/stm32f4xx_hal_spi.c ****       } while ((hspi->Instance->SR & SPI_FLAG_TXE) == RESET);
 3626              		.loc 1 2084 9 is_stmt 1 view .LVU1322
2084:Drivers/STM32F4xx_HAL_Driver/Src/stm32f4xx_hal_spi.c ****       } while ((hspi->Instance->SR & SPI_FLAG_TXE) == RESET);
 3627              		.loc 1 2084 14 is_stmt 0 view .LVU1323
 3628 00ac 039B     		ldr	r3, [sp, #12]
 3629 00ae 013B     		subs	r3, r3, #1
 3630 00b0 0393     		str	r3, [sp, #12]
2085:Drivers/STM32F4xx_HAL_Driver/Src/stm32f4xx_hal_spi.c ****     }
 3631              		.loc 1 2085 52 is_stmt 1 view .LVU1324
2085:Drivers/STM32F4xx_HAL_Driver/Src/stm32f4xx_hal_spi.c ****     }
 3632              		.loc 1 2085 21 is_stmt 0 view .LVU1325
 3633 00b2 2368     		ldr	r3, [r4]
2085:Drivers/STM32F4xx_HAL_Driver/Src/stm32f4xx_hal_spi.c ****     }
 3634              		.loc 1 2085 31 view .LVU1326
 3635 00b4 9B68     		ldr	r3, [r3, #8]
2085:Drivers/STM32F4xx_HAL_Driver/Src/stm32f4xx_hal_spi.c ****     }
 3636              		.loc 1 2085 52 view .LVU1327
 3637 00b6 13F0020F 		tst	r3, #2
 3638 00ba F5D0     		beq	.L282
 3639 00bc 03E0     		b	.L279
 3640              	.L290:
2081:Drivers/STM32F4xx_HAL_Driver/Src/stm32f4xx_hal_spi.c ****           break;
 3641              		.loc 1 2081 11 is_stmt 1 view .LVU1328
 3642 00be 636D     		ldr	r3, [r4, #84]
 3643 00c0 43F04003 		orr	r3, r3, #64
 3644 00c4 6365     		str	r3, [r4, #84]
2082:Drivers/STM32F4xx_HAL_Driver/Src/stm32f4xx_hal_spi.c ****         }
 3645              		.loc 1 2082 11 view .LVU1329
ARM GAS  /tmp/cci2ucsl.s 			page 156


 3646              	.L279:
2090:Drivers/STM32F4xx_HAL_Driver/Src/stm32f4xx_hal_spi.c ****   {
 3647              		.loc 1 2090 3 view .LVU1330
2090:Drivers/STM32F4xx_HAL_Driver/Src/stm32f4xx_hal_spi.c ****   {
 3648              		.loc 1 2090 7 is_stmt 0 view .LVU1331
 3649 00c6 2368     		ldr	r3, [r4]
 3650 00c8 5B68     		ldr	r3, [r3, #4]
2090:Drivers/STM32F4xx_HAL_Driver/Src/stm32f4xx_hal_spi.c ****   {
 3651              		.loc 1 2090 6 view .LVU1332
 3652 00ca 13F0010F 		tst	r3, #1
 3653 00ce 13D0     		beq	.L283
2093:Drivers/STM32F4xx_HAL_Driver/Src/stm32f4xx_hal_spi.c ****     {
 3654              		.loc 1 2093 5 is_stmt 1 view .LVU1333
2093:Drivers/STM32F4xx_HAL_Driver/Src/stm32f4xx_hal_spi.c ****     {
 3655              		.loc 1 2093 13 is_stmt 0 view .LVU1334
 3656 00d0 E36C     		ldr	r3, [r4, #76]
2093:Drivers/STM32F4xx_HAL_Driver/Src/stm32f4xx_hal_spi.c ****     {
 3657              		.loc 1 2093 8 view .LVU1335
 3658 00d2 8BB1     		cbz	r3, .L283
2097:Drivers/STM32F4xx_HAL_Driver/Src/stm32f4xx_hal_spi.c **** 
 3659              		.loc 1 2097 7 is_stmt 1 view .LVU1336
2097:Drivers/STM32F4xx_HAL_Driver/Src/stm32f4xx_hal_spi.c **** 
 3660              		.loc 1 2097 39 is_stmt 0 view .LVU1337
 3661 00d4 0022     		movs	r2, #0
 3662 00d6 1A65     		str	r2, [r3, #80]
2100:Drivers/STM32F4xx_HAL_Driver/Src/stm32f4xx_hal_spi.c ****       {
 3663              		.loc 1 2100 7 is_stmt 1 view .LVU1338
2100:Drivers/STM32F4xx_HAL_Driver/Src/stm32f4xx_hal_spi.c ****       {
 3664              		.loc 1 2100 11 is_stmt 0 view .LVU1339
 3665 00d8 E06C     		ldr	r0, [r4, #76]
 3666 00da FFF7FEFF 		bl	HAL_DMA_Abort
 3667              	.LVL185:
2100:Drivers/STM32F4xx_HAL_Driver/Src/stm32f4xx_hal_spi.c ****       {
 3668              		.loc 1 2100 10 discriminator 1 view .LVU1340
 3669 00de 08B1     		cbz	r0, .L284
2102:Drivers/STM32F4xx_HAL_Driver/Src/stm32f4xx_hal_spi.c ****       }
 3670              		.loc 1 2102 9 is_stmt 1 view .LVU1341
2102:Drivers/STM32F4xx_HAL_Driver/Src/stm32f4xx_hal_spi.c ****       }
 3671              		.loc 1 2102 25 is_stmt 0 view .LVU1342
 3672 00e0 4023     		movs	r3, #64
 3673 00e2 6365     		str	r3, [r4, #84]
 3674              	.L284:
2106:Drivers/STM32F4xx_HAL_Driver/Src/stm32f4xx_hal_spi.c **** 
 3675              		.loc 1 2106 7 is_stmt 1 view .LVU1343
 3676 00e4 2268     		ldr	r2, [r4]
 3677 00e6 1368     		ldr	r3, [r2]
 3678 00e8 23F04003 		bic	r3, r3, #64
 3679 00ec 1360     		str	r3, [r2]
2109:Drivers/STM32F4xx_HAL_Driver/Src/stm32f4xx_hal_spi.c ****     }
 3680              		.loc 1 2109 7 view .LVU1344
 3681 00ee 2268     		ldr	r2, [r4]
 3682 00f0 5368     		ldr	r3, [r2, #4]
 3683 00f2 23F00103 		bic	r3, r3, #1
 3684 00f6 5360     		str	r3, [r2, #4]
 3685              	.L283:
2113:Drivers/STM32F4xx_HAL_Driver/Src/stm32f4xx_hal_spi.c ****   hspi->TxXferCount = 0U;
 3686              		.loc 1 2113 3 view .LVU1345
ARM GAS  /tmp/cci2ucsl.s 			page 157


2113:Drivers/STM32F4xx_HAL_Driver/Src/stm32f4xx_hal_spi.c ****   hspi->TxXferCount = 0U;
 3687              		.loc 1 2113 21 is_stmt 0 view .LVU1346
 3688 00f8 0023     		movs	r3, #0
 3689 00fa E387     		strh	r3, [r4, #62]	@ movhi
2114:Drivers/STM32F4xx_HAL_Driver/Src/stm32f4xx_hal_spi.c **** 
 3690              		.loc 1 2114 3 is_stmt 1 view .LVU1347
2114:Drivers/STM32F4xx_HAL_Driver/Src/stm32f4xx_hal_spi.c **** 
 3691              		.loc 1 2114 21 is_stmt 0 view .LVU1348
 3692 00fc E386     		strh	r3, [r4, #54]	@ movhi
2117:Drivers/STM32F4xx_HAL_Driver/Src/stm32f4xx_hal_spi.c ****   {
 3693              		.loc 1 2117 3 is_stmt 1 view .LVU1349
2117:Drivers/STM32F4xx_HAL_Driver/Src/stm32f4xx_hal_spi.c ****   {
 3694              		.loc 1 2117 11 is_stmt 0 view .LVU1350
 3695 00fe 636D     		ldr	r3, [r4, #84]
2117:Drivers/STM32F4xx_HAL_Driver/Src/stm32f4xx_hal_spi.c ****   {
 3696              		.loc 1 2117 6 view .LVU1351
 3697 0100 402B     		cmp	r3, #64
 3698 0102 12D0     		beq	.L286
2125:Drivers/STM32F4xx_HAL_Driver/Src/stm32f4xx_hal_spi.c ****   }
 3699              		.loc 1 2125 5 is_stmt 1 view .LVU1352
2125:Drivers/STM32F4xx_HAL_Driver/Src/stm32f4xx_hal_spi.c ****   }
 3700              		.loc 1 2125 21 is_stmt 0 view .LVU1353
 3701 0104 0020     		movs	r0, #0
 3702 0106 6065     		str	r0, [r4, #84]
 3703              	.L285:
 3704              	.LVL186:
2129:Drivers/STM32F4xx_HAL_Driver/Src/stm32f4xx_hal_spi.c ****   __HAL_SPI_CLEAR_FREFLAG(hspi);
 3705              		.loc 1 2129 3 is_stmt 1 view .LVU1354
 3706              	.LBB4:
2129:Drivers/STM32F4xx_HAL_Driver/Src/stm32f4xx_hal_spi.c ****   __HAL_SPI_CLEAR_FREFLAG(hspi);
 3707              		.loc 1 2129 3 view .LVU1355
 3708 0108 0022     		movs	r2, #0
 3709 010a 0092     		str	r2, [sp]
2129:Drivers/STM32F4xx_HAL_Driver/Src/stm32f4xx_hal_spi.c ****   __HAL_SPI_CLEAR_FREFLAG(hspi);
 3710              		.loc 1 2129 3 view .LVU1356
 3711 010c 2368     		ldr	r3, [r4]
 3712 010e D968     		ldr	r1, [r3, #12]
 3713 0110 0091     		str	r1, [sp]
2129:Drivers/STM32F4xx_HAL_Driver/Src/stm32f4xx_hal_spi.c ****   __HAL_SPI_CLEAR_FREFLAG(hspi);
 3714              		.loc 1 2129 3 view .LVU1357
 3715 0112 9968     		ldr	r1, [r3, #8]
 3716 0114 0091     		str	r1, [sp]
2129:Drivers/STM32F4xx_HAL_Driver/Src/stm32f4xx_hal_spi.c ****   __HAL_SPI_CLEAR_FREFLAG(hspi);
 3717              		.loc 1 2129 3 view .LVU1358
 3718 0116 0099     		ldr	r1, [sp]
 3719              	.LBE4:
2129:Drivers/STM32F4xx_HAL_Driver/Src/stm32f4xx_hal_spi.c ****   __HAL_SPI_CLEAR_FREFLAG(hspi);
 3720              		.loc 1 2129 3 view .LVU1359
2130:Drivers/STM32F4xx_HAL_Driver/Src/stm32f4xx_hal_spi.c **** 
 3721              		.loc 1 2130 3 view .LVU1360
 3722              	.LBB5:
2130:Drivers/STM32F4xx_HAL_Driver/Src/stm32f4xx_hal_spi.c **** 
 3723              		.loc 1 2130 3 view .LVU1361
 3724 0118 0192     		str	r2, [sp, #4]
2130:Drivers/STM32F4xx_HAL_Driver/Src/stm32f4xx_hal_spi.c **** 
 3725              		.loc 1 2130 3 view .LVU1362
 3726 011a 9B68     		ldr	r3, [r3, #8]
ARM GAS  /tmp/cci2ucsl.s 			page 158


 3727 011c 0193     		str	r3, [sp, #4]
2130:Drivers/STM32F4xx_HAL_Driver/Src/stm32f4xx_hal_spi.c **** 
 3728              		.loc 1 2130 3 view .LVU1363
 3729 011e 019B     		ldr	r3, [sp, #4]
 3730              	.LBE5:
2130:Drivers/STM32F4xx_HAL_Driver/Src/stm32f4xx_hal_spi.c **** 
 3731              		.loc 1 2130 3 view .LVU1364
2133:Drivers/STM32F4xx_HAL_Driver/Src/stm32f4xx_hal_spi.c **** 
 3732              		.loc 1 2133 3 view .LVU1365
2133:Drivers/STM32F4xx_HAL_Driver/Src/stm32f4xx_hal_spi.c **** 
 3733              		.loc 1 2133 15 is_stmt 0 view .LVU1366
 3734 0120 0123     		movs	r3, #1
 3735 0122 84F85130 		strb	r3, [r4, #81]
2135:Drivers/STM32F4xx_HAL_Driver/Src/stm32f4xx_hal_spi.c **** }
 3736              		.loc 1 2135 3 is_stmt 1 view .LVU1367
2136:Drivers/STM32F4xx_HAL_Driver/Src/stm32f4xx_hal_spi.c **** 
 3737              		.loc 1 2136 1 is_stmt 0 view .LVU1368
 3738 0126 04B0     		add	sp, sp, #16
 3739              	.LCFI37:
 3740              		.cfi_remember_state
 3741              		.cfi_def_cfa_offset 8
 3742              		@ sp needed
 3743 0128 10BD     		pop	{r4, pc}
 3744              	.LVL187:
 3745              	.L286:
 3746              	.LCFI38:
 3747              		.cfi_restore_state
2120:Drivers/STM32F4xx_HAL_Driver/Src/stm32f4xx_hal_spi.c ****   }
 3748              		.loc 1 2120 15 view .LVU1369
 3749 012a 0120     		movs	r0, #1
 3750 012c ECE7     		b	.L285
 3751              	.L292:
 3752 012e 00BF     		.align	2
 3753              	.L291:
 3754 0130 00000000 		.word	SystemCoreClock
 3755 0134 F1197605 		.word	91625969
 3756 0138 00000000 		.word	SPI_AbortTx_ISR
 3757 013c 00000000 		.word	SPI_AbortRx_ISR
 3758              		.cfi_endproc
 3759              	.LFE233:
 3761              		.section	.text.HAL_SPI_DMAPause,"ax",%progbits
 3762              		.align	1
 3763              		.global	HAL_SPI_DMAPause
 3764              		.syntax unified
 3765              		.thumb
 3766              		.thumb_func
 3768              	HAL_SPI_DMAPause:
 3769              	.LVL188:
 3770              	.LFB235:
2315:Drivers/STM32F4xx_HAL_Driver/Src/stm32f4xx_hal_spi.c ****   /* Process Locked */
 3771              		.loc 1 2315 1 is_stmt 1 view -0
 3772              		.cfi_startproc
 3773              		@ args = 0, pretend = 0, frame = 0
 3774              		@ frame_needed = 0, uses_anonymous_args = 0
 3775              		@ link register save eliminated.
2317:Drivers/STM32F4xx_HAL_Driver/Src/stm32f4xx_hal_spi.c **** 
 3776              		.loc 1 2317 3 view .LVU1371
ARM GAS  /tmp/cci2ucsl.s 			page 159


2317:Drivers/STM32F4xx_HAL_Driver/Src/stm32f4xx_hal_spi.c **** 
 3777              		.loc 1 2317 3 view .LVU1372
 3778 0000 90F85030 		ldrb	r3, [r0, #80]	@ zero_extendqisi2
 3779 0004 012B     		cmp	r3, #1
 3780 0006 0CD0     		beq	.L295
2317:Drivers/STM32F4xx_HAL_Driver/Src/stm32f4xx_hal_spi.c **** 
 3781              		.loc 1 2317 3 discriminator 2 view .LVU1373
 3782 0008 0123     		movs	r3, #1
 3783 000a 80F85030 		strb	r3, [r0, #80]
2317:Drivers/STM32F4xx_HAL_Driver/Src/stm32f4xx_hal_spi.c **** 
 3784              		.loc 1 2317 3 discriminator 2 view .LVU1374
2320:Drivers/STM32F4xx_HAL_Driver/Src/stm32f4xx_hal_spi.c **** 
 3785              		.loc 1 2320 3 view .LVU1375
 3786 000e 0268     		ldr	r2, [r0]
 3787 0010 5368     		ldr	r3, [r2, #4]
 3788 0012 23F00303 		bic	r3, r3, #3
 3789 0016 5360     		str	r3, [r2, #4]
2323:Drivers/STM32F4xx_HAL_Driver/Src/stm32f4xx_hal_spi.c **** 
 3790              		.loc 1 2323 3 view .LVU1376
2323:Drivers/STM32F4xx_HAL_Driver/Src/stm32f4xx_hal_spi.c **** 
 3791              		.loc 1 2323 3 view .LVU1377
 3792 0018 0023     		movs	r3, #0
 3793 001a 80F85030 		strb	r3, [r0, #80]
2323:Drivers/STM32F4xx_HAL_Driver/Src/stm32f4xx_hal_spi.c **** 
 3794              		.loc 1 2323 3 view .LVU1378
2325:Drivers/STM32F4xx_HAL_Driver/Src/stm32f4xx_hal_spi.c **** }
 3795              		.loc 1 2325 3 view .LVU1379
2325:Drivers/STM32F4xx_HAL_Driver/Src/stm32f4xx_hal_spi.c **** }
 3796              		.loc 1 2325 10 is_stmt 0 view .LVU1380
 3797 001e 1846     		mov	r0, r3
 3798              	.LVL189:
2325:Drivers/STM32F4xx_HAL_Driver/Src/stm32f4xx_hal_spi.c **** }
 3799              		.loc 1 2325 10 view .LVU1381
 3800 0020 7047     		bx	lr
 3801              	.LVL190:
 3802              	.L295:
2317:Drivers/STM32F4xx_HAL_Driver/Src/stm32f4xx_hal_spi.c **** 
 3803              		.loc 1 2317 3 discriminator 1 view .LVU1382
 3804 0022 0220     		movs	r0, #2
 3805              	.LVL191:
2326:Drivers/STM32F4xx_HAL_Driver/Src/stm32f4xx_hal_spi.c **** 
 3806              		.loc 1 2326 1 view .LVU1383
 3807 0024 7047     		bx	lr
 3808              		.cfi_endproc
 3809              	.LFE235:
 3811              		.section	.text.HAL_SPI_DMAResume,"ax",%progbits
 3812              		.align	1
 3813              		.global	HAL_SPI_DMAResume
 3814              		.syntax unified
 3815              		.thumb
 3816              		.thumb_func
 3818              	HAL_SPI_DMAResume:
 3819              	.LVL192:
 3820              	.LFB236:
2335:Drivers/STM32F4xx_HAL_Driver/Src/stm32f4xx_hal_spi.c ****   /* Process Locked */
 3821              		.loc 1 2335 1 is_stmt 1 view -0
 3822              		.cfi_startproc
ARM GAS  /tmp/cci2ucsl.s 			page 160


 3823              		@ args = 0, pretend = 0, frame = 0
 3824              		@ frame_needed = 0, uses_anonymous_args = 0
 3825              		@ link register save eliminated.
2337:Drivers/STM32F4xx_HAL_Driver/Src/stm32f4xx_hal_spi.c **** 
 3826              		.loc 1 2337 3 view .LVU1385
2337:Drivers/STM32F4xx_HAL_Driver/Src/stm32f4xx_hal_spi.c **** 
 3827              		.loc 1 2337 3 view .LVU1386
 3828 0000 90F85030 		ldrb	r3, [r0, #80]	@ zero_extendqisi2
 3829 0004 012B     		cmp	r3, #1
 3830 0006 0CD0     		beq	.L298
2337:Drivers/STM32F4xx_HAL_Driver/Src/stm32f4xx_hal_spi.c **** 
 3831              		.loc 1 2337 3 discriminator 2 view .LVU1387
 3832 0008 0123     		movs	r3, #1
 3833 000a 80F85030 		strb	r3, [r0, #80]
2337:Drivers/STM32F4xx_HAL_Driver/Src/stm32f4xx_hal_spi.c **** 
 3834              		.loc 1 2337 3 discriminator 2 view .LVU1388
2340:Drivers/STM32F4xx_HAL_Driver/Src/stm32f4xx_hal_spi.c **** 
 3835              		.loc 1 2340 3 view .LVU1389
 3836 000e 0268     		ldr	r2, [r0]
 3837 0010 5368     		ldr	r3, [r2, #4]
 3838 0012 43F00303 		orr	r3, r3, #3
 3839 0016 5360     		str	r3, [r2, #4]
2343:Drivers/STM32F4xx_HAL_Driver/Src/stm32f4xx_hal_spi.c **** 
 3840              		.loc 1 2343 3 view .LVU1390
2343:Drivers/STM32F4xx_HAL_Driver/Src/stm32f4xx_hal_spi.c **** 
 3841              		.loc 1 2343 3 view .LVU1391
 3842 0018 0023     		movs	r3, #0
 3843 001a 80F85030 		strb	r3, [r0, #80]
2343:Drivers/STM32F4xx_HAL_Driver/Src/stm32f4xx_hal_spi.c **** 
 3844              		.loc 1 2343 3 view .LVU1392
2345:Drivers/STM32F4xx_HAL_Driver/Src/stm32f4xx_hal_spi.c **** }
 3845              		.loc 1 2345 3 view .LVU1393
2345:Drivers/STM32F4xx_HAL_Driver/Src/stm32f4xx_hal_spi.c **** }
 3846              		.loc 1 2345 10 is_stmt 0 view .LVU1394
 3847 001e 1846     		mov	r0, r3
 3848              	.LVL193:
2345:Drivers/STM32F4xx_HAL_Driver/Src/stm32f4xx_hal_spi.c **** }
 3849              		.loc 1 2345 10 view .LVU1395
 3850 0020 7047     		bx	lr
 3851              	.LVL194:
 3852              	.L298:
2337:Drivers/STM32F4xx_HAL_Driver/Src/stm32f4xx_hal_spi.c **** 
 3853              		.loc 1 2337 3 discriminator 1 view .LVU1396
 3854 0022 0220     		movs	r0, #2
 3855              	.LVL195:
2346:Drivers/STM32F4xx_HAL_Driver/Src/stm32f4xx_hal_spi.c **** 
 3856              		.loc 1 2346 1 view .LVU1397
 3857 0024 7047     		bx	lr
 3858              		.cfi_endproc
 3859              	.LFE236:
 3861              		.section	.text.HAL_SPI_DMAStop,"ax",%progbits
 3862              		.align	1
 3863              		.global	HAL_SPI_DMAStop
 3864              		.syntax unified
 3865              		.thumb
 3866              		.thumb_func
 3868              	HAL_SPI_DMAStop:
ARM GAS  /tmp/cci2ucsl.s 			page 161


 3869              	.LVL196:
 3870              	.LFB237:
2355:Drivers/STM32F4xx_HAL_Driver/Src/stm32f4xx_hal_spi.c ****   HAL_StatusTypeDef errorcode = HAL_OK;
 3871              		.loc 1 2355 1 is_stmt 1 view -0
 3872              		.cfi_startproc
 3873              		@ args = 0, pretend = 0, frame = 0
 3874              		@ frame_needed = 0, uses_anonymous_args = 0
2355:Drivers/STM32F4xx_HAL_Driver/Src/stm32f4xx_hal_spi.c ****   HAL_StatusTypeDef errorcode = HAL_OK;
 3875              		.loc 1 2355 1 is_stmt 0 view .LVU1399
 3876 0000 38B5     		push	{r3, r4, r5, lr}
 3877              	.LCFI39:
 3878              		.cfi_def_cfa_offset 16
 3879              		.cfi_offset 3, -16
 3880              		.cfi_offset 4, -12
 3881              		.cfi_offset 5, -8
 3882              		.cfi_offset 14, -4
 3883 0002 0446     		mov	r4, r0
2356:Drivers/STM32F4xx_HAL_Driver/Src/stm32f4xx_hal_spi.c ****   /* The Lock is not implemented on this API to allow the user application
 3884              		.loc 1 2356 3 is_stmt 1 view .LVU1400
 3885              	.LVL197:
2366:Drivers/STM32F4xx_HAL_Driver/Src/stm32f4xx_hal_spi.c ****   {
 3886              		.loc 1 2366 3 view .LVU1401
2366:Drivers/STM32F4xx_HAL_Driver/Src/stm32f4xx_hal_spi.c ****   {
 3887              		.loc 1 2366 11 is_stmt 0 view .LVU1402
 3888 0004 806C     		ldr	r0, [r0, #72]
 3889              	.LVL198:
2366:Drivers/STM32F4xx_HAL_Driver/Src/stm32f4xx_hal_spi.c ****   {
 3890              		.loc 1 2366 6 view .LVU1403
 3891 0006 50B1     		cbz	r0, .L304
2368:Drivers/STM32F4xx_HAL_Driver/Src/stm32f4xx_hal_spi.c ****     {
 3892              		.loc 1 2368 5 is_stmt 1 view .LVU1404
2368:Drivers/STM32F4xx_HAL_Driver/Src/stm32f4xx_hal_spi.c ****     {
 3893              		.loc 1 2368 19 is_stmt 0 view .LVU1405
 3894 0008 FFF7FEFF 		bl	HAL_DMA_Abort
 3895              	.LVL199:
2368:Drivers/STM32F4xx_HAL_Driver/Src/stm32f4xx_hal_spi.c ****     {
 3896              		.loc 1 2368 8 discriminator 1 view .LVU1406
 3897 000c 0546     		mov	r5, r0
 3898 000e 38B1     		cbz	r0, .L300
2370:Drivers/STM32F4xx_HAL_Driver/Src/stm32f4xx_hal_spi.c ****       errorcode = HAL_ERROR;
 3899              		.loc 1 2370 7 is_stmt 1 view .LVU1407
 3900 0010 636D     		ldr	r3, [r4, #84]
 3901 0012 43F01003 		orr	r3, r3, #16
 3902 0016 6365     		str	r3, [r4, #84]
2371:Drivers/STM32F4xx_HAL_Driver/Src/stm32f4xx_hal_spi.c ****     }
 3903              		.loc 1 2371 7 view .LVU1408
 3904              	.LVL200:
2371:Drivers/STM32F4xx_HAL_Driver/Src/stm32f4xx_hal_spi.c ****     }
 3905              		.loc 1 2371 17 is_stmt 0 view .LVU1409
 3906 0018 0123     		movs	r3, #1
 3907 001a 1D46     		mov	r5, r3
 3908 001c 00E0     		b	.L300
 3909              	.LVL201:
 3910              	.L304:
2356:Drivers/STM32F4xx_HAL_Driver/Src/stm32f4xx_hal_spi.c ****   /* The Lock is not implemented on this API to allow the user application
 3911              		.loc 1 2356 21 view .LVU1410
 3912 001e 0546     		mov	r5, r0
ARM GAS  /tmp/cci2ucsl.s 			page 162


 3913              	.LVL202:
 3914              	.L300:
2375:Drivers/STM32F4xx_HAL_Driver/Src/stm32f4xx_hal_spi.c ****   {
 3915              		.loc 1 2375 3 is_stmt 1 view .LVU1411
2375:Drivers/STM32F4xx_HAL_Driver/Src/stm32f4xx_hal_spi.c ****   {
 3916              		.loc 1 2375 11 is_stmt 0 view .LVU1412
 3917 0020 E06C     		ldr	r0, [r4, #76]
2375:Drivers/STM32F4xx_HAL_Driver/Src/stm32f4xx_hal_spi.c ****   {
 3918              		.loc 1 2375 6 view .LVU1413
 3919 0022 40B1     		cbz	r0, .L302
2377:Drivers/STM32F4xx_HAL_Driver/Src/stm32f4xx_hal_spi.c ****     {
 3920              		.loc 1 2377 5 is_stmt 1 view .LVU1414
2377:Drivers/STM32F4xx_HAL_Driver/Src/stm32f4xx_hal_spi.c ****     {
 3921              		.loc 1 2377 19 is_stmt 0 view .LVU1415
 3922 0024 FFF7FEFF 		bl	HAL_DMA_Abort
 3923              	.LVL203:
2377:Drivers/STM32F4xx_HAL_Driver/Src/stm32f4xx_hal_spi.c ****     {
 3924              		.loc 1 2377 8 discriminator 1 view .LVU1416
 3925 0028 28B1     		cbz	r0, .L302
2379:Drivers/STM32F4xx_HAL_Driver/Src/stm32f4xx_hal_spi.c ****       errorcode = HAL_ERROR;
 3926              		.loc 1 2379 7 is_stmt 1 view .LVU1417
 3927 002a 636D     		ldr	r3, [r4, #84]
 3928 002c 43F01003 		orr	r3, r3, #16
 3929 0030 6365     		str	r3, [r4, #84]
2380:Drivers/STM32F4xx_HAL_Driver/Src/stm32f4xx_hal_spi.c ****     }
 3930              		.loc 1 2380 7 view .LVU1418
 3931              	.LVL204:
2380:Drivers/STM32F4xx_HAL_Driver/Src/stm32f4xx_hal_spi.c ****     }
 3932              		.loc 1 2380 17 is_stmt 0 view .LVU1419
 3933 0032 0123     		movs	r3, #1
 3934 0034 1D46     		mov	r5, r3
 3935              	.LVL205:
 3936              	.L302:
2385:Drivers/STM32F4xx_HAL_Driver/Src/stm32f4xx_hal_spi.c ****   hspi->State = HAL_SPI_STATE_READY;
 3937              		.loc 1 2385 3 is_stmt 1 view .LVU1420
 3938 0036 2268     		ldr	r2, [r4]
 3939 0038 5368     		ldr	r3, [r2, #4]
 3940 003a 23F00303 		bic	r3, r3, #3
 3941 003e 5360     		str	r3, [r2, #4]
2386:Drivers/STM32F4xx_HAL_Driver/Src/stm32f4xx_hal_spi.c ****   return errorcode;
 3942              		.loc 1 2386 3 view .LVU1421
2386:Drivers/STM32F4xx_HAL_Driver/Src/stm32f4xx_hal_spi.c ****   return errorcode;
 3943              		.loc 1 2386 15 is_stmt 0 view .LVU1422
 3944 0040 0123     		movs	r3, #1
 3945 0042 84F85130 		strb	r3, [r4, #81]
2387:Drivers/STM32F4xx_HAL_Driver/Src/stm32f4xx_hal_spi.c **** }
 3946              		.loc 1 2387 3 is_stmt 1 view .LVU1423
2388:Drivers/STM32F4xx_HAL_Driver/Src/stm32f4xx_hal_spi.c **** 
 3947              		.loc 1 2388 1 is_stmt 0 view .LVU1424
 3948 0046 2846     		mov	r0, r5
 3949 0048 38BD     		pop	{r3, r4, r5, pc}
2388:Drivers/STM32F4xx_HAL_Driver/Src/stm32f4xx_hal_spi.c **** 
 3950              		.loc 1 2388 1 view .LVU1425
 3951              		.cfi_endproc
 3952              	.LFE237:
 3954              		.section	.text.HAL_SPI_TxCpltCallback,"ax",%progbits
 3955              		.align	1
ARM GAS  /tmp/cci2ucsl.s 			page 163


 3956              		.weak	HAL_SPI_TxCpltCallback
 3957              		.syntax unified
 3958              		.thumb
 3959              		.thumb_func
 3961              	HAL_SPI_TxCpltCallback:
 3962              	.LVL206:
 3963              	.LFB239:
2504:Drivers/STM32F4xx_HAL_Driver/Src/stm32f4xx_hal_spi.c ****   /* Prevent unused argument(s) compilation warning */
 3964              		.loc 1 2504 1 is_stmt 1 view -0
 3965              		.cfi_startproc
 3966              		@ args = 0, pretend = 0, frame = 0
 3967              		@ frame_needed = 0, uses_anonymous_args = 0
 3968              		@ link register save eliminated.
2506:Drivers/STM32F4xx_HAL_Driver/Src/stm32f4xx_hal_spi.c **** 
 3969              		.loc 1 2506 3 view .LVU1427
2511:Drivers/STM32F4xx_HAL_Driver/Src/stm32f4xx_hal_spi.c **** 
 3970              		.loc 1 2511 1 is_stmt 0 view .LVU1428
 3971 0000 7047     		bx	lr
 3972              		.cfi_endproc
 3973              	.LFE239:
 3975              		.section	.text.HAL_SPI_RxCpltCallback,"ax",%progbits
 3976              		.align	1
 3977              		.weak	HAL_SPI_RxCpltCallback
 3978              		.syntax unified
 3979              		.thumb
 3980              		.thumb_func
 3982              	HAL_SPI_RxCpltCallback:
 3983              	.LVL207:
 3984              	.LFB240:
2520:Drivers/STM32F4xx_HAL_Driver/Src/stm32f4xx_hal_spi.c ****   /* Prevent unused argument(s) compilation warning */
 3985              		.loc 1 2520 1 is_stmt 1 view -0
 3986              		.cfi_startproc
 3987              		@ args = 0, pretend = 0, frame = 0
 3988              		@ frame_needed = 0, uses_anonymous_args = 0
 3989              		@ link register save eliminated.
2522:Drivers/STM32F4xx_HAL_Driver/Src/stm32f4xx_hal_spi.c **** 
 3990              		.loc 1 2522 3 view .LVU1430
2527:Drivers/STM32F4xx_HAL_Driver/Src/stm32f4xx_hal_spi.c **** 
 3991              		.loc 1 2527 1 is_stmt 0 view .LVU1431
 3992 0000 7047     		bx	lr
 3993              		.cfi_endproc
 3994              	.LFE240:
 3996              		.section	.text.HAL_SPI_TxRxCpltCallback,"ax",%progbits
 3997              		.align	1
 3998              		.weak	HAL_SPI_TxRxCpltCallback
 3999              		.syntax unified
 4000              		.thumb
 4001              		.thumb_func
 4003              	HAL_SPI_TxRxCpltCallback:
 4004              	.LVL208:
 4005              	.LFB241:
2536:Drivers/STM32F4xx_HAL_Driver/Src/stm32f4xx_hal_spi.c ****   /* Prevent unused argument(s) compilation warning */
 4006              		.loc 1 2536 1 is_stmt 1 view -0
 4007              		.cfi_startproc
 4008              		@ args = 0, pretend = 0, frame = 0
 4009              		@ frame_needed = 0, uses_anonymous_args = 0
 4010              		@ link register save eliminated.
ARM GAS  /tmp/cci2ucsl.s 			page 164


2538:Drivers/STM32F4xx_HAL_Driver/Src/stm32f4xx_hal_spi.c **** 
 4011              		.loc 1 2538 3 view .LVU1433
2543:Drivers/STM32F4xx_HAL_Driver/Src/stm32f4xx_hal_spi.c **** 
 4012              		.loc 1 2543 1 is_stmt 0 view .LVU1434
 4013 0000 7047     		bx	lr
 4014              		.cfi_endproc
 4015              	.LFE241:
 4017              		.section	.text.HAL_SPI_TxHalfCpltCallback,"ax",%progbits
 4018              		.align	1
 4019              		.weak	HAL_SPI_TxHalfCpltCallback
 4020              		.syntax unified
 4021              		.thumb
 4022              		.thumb_func
 4024              	HAL_SPI_TxHalfCpltCallback:
 4025              	.LVL209:
 4026              	.LFB242:
2552:Drivers/STM32F4xx_HAL_Driver/Src/stm32f4xx_hal_spi.c ****   /* Prevent unused argument(s) compilation warning */
 4027              		.loc 1 2552 1 is_stmt 1 view -0
 4028              		.cfi_startproc
 4029              		@ args = 0, pretend = 0, frame = 0
 4030              		@ frame_needed = 0, uses_anonymous_args = 0
 4031              		@ link register save eliminated.
2554:Drivers/STM32F4xx_HAL_Driver/Src/stm32f4xx_hal_spi.c **** 
 4032              		.loc 1 2554 3 view .LVU1436
2559:Drivers/STM32F4xx_HAL_Driver/Src/stm32f4xx_hal_spi.c **** 
 4033              		.loc 1 2559 1 is_stmt 0 view .LVU1437
 4034 0000 7047     		bx	lr
 4035              		.cfi_endproc
 4036              	.LFE242:
 4038              		.section	.text.SPI_DMAHalfTransmitCplt,"ax",%progbits
 4039              		.align	1
 4040              		.syntax unified
 4041              		.thumb
 4042              		.thumb_func
 4044              	SPI_DMAHalfTransmitCplt:
 4045              	.LVL210:
 4046              	.LFB252:
2916:Drivers/STM32F4xx_HAL_Driver/Src/stm32f4xx_hal_spi.c ****   SPI_HandleTypeDef *hspi = (SPI_HandleTypeDef *)(((DMA_HandleTypeDef *)hdma)->Parent);
 4047              		.loc 1 2916 1 is_stmt 1 view -0
 4048              		.cfi_startproc
 4049              		@ args = 0, pretend = 0, frame = 0
 4050              		@ frame_needed = 0, uses_anonymous_args = 0
2916:Drivers/STM32F4xx_HAL_Driver/Src/stm32f4xx_hal_spi.c ****   SPI_HandleTypeDef *hspi = (SPI_HandleTypeDef *)(((DMA_HandleTypeDef *)hdma)->Parent);
 4051              		.loc 1 2916 1 is_stmt 0 view .LVU1439
 4052 0000 08B5     		push	{r3, lr}
 4053              	.LCFI40:
 4054              		.cfi_def_cfa_offset 8
 4055              		.cfi_offset 3, -8
 4056              		.cfi_offset 14, -4
2917:Drivers/STM32F4xx_HAL_Driver/Src/stm32f4xx_hal_spi.c **** 
 4057              		.loc 1 2917 3 is_stmt 1 view .LVU1440
 4058              	.LVL211:
2923:Drivers/STM32F4xx_HAL_Driver/Src/stm32f4xx_hal_spi.c **** #endif /* USE_HAL_SPI_REGISTER_CALLBACKS */
 4059              		.loc 1 2923 3 view .LVU1441
 4060 0002 806B     		ldr	r0, [r0, #56]
 4061              	.LVL212:
2923:Drivers/STM32F4xx_HAL_Driver/Src/stm32f4xx_hal_spi.c **** #endif /* USE_HAL_SPI_REGISTER_CALLBACKS */
ARM GAS  /tmp/cci2ucsl.s 			page 165


 4062              		.loc 1 2923 3 is_stmt 0 view .LVU1442
 4063 0004 FFF7FEFF 		bl	HAL_SPI_TxHalfCpltCallback
 4064              	.LVL213:
2925:Drivers/STM32F4xx_HAL_Driver/Src/stm32f4xx_hal_spi.c **** 
 4065              		.loc 1 2925 1 view .LVU1443
 4066 0008 08BD     		pop	{r3, pc}
 4067              		.cfi_endproc
 4068              	.LFE252:
 4070              		.section	.text.HAL_SPI_RxHalfCpltCallback,"ax",%progbits
 4071              		.align	1
 4072              		.weak	HAL_SPI_RxHalfCpltCallback
 4073              		.syntax unified
 4074              		.thumb
 4075              		.thumb_func
 4077              	HAL_SPI_RxHalfCpltCallback:
 4078              	.LVL214:
 4079              	.LFB243:
2568:Drivers/STM32F4xx_HAL_Driver/Src/stm32f4xx_hal_spi.c ****   /* Prevent unused argument(s) compilation warning */
 4080              		.loc 1 2568 1 is_stmt 1 view -0
 4081              		.cfi_startproc
 4082              		@ args = 0, pretend = 0, frame = 0
 4083              		@ frame_needed = 0, uses_anonymous_args = 0
 4084              		@ link register save eliminated.
2570:Drivers/STM32F4xx_HAL_Driver/Src/stm32f4xx_hal_spi.c **** 
 4085              		.loc 1 2570 3 view .LVU1445
2575:Drivers/STM32F4xx_HAL_Driver/Src/stm32f4xx_hal_spi.c **** 
 4086              		.loc 1 2575 1 is_stmt 0 view .LVU1446
 4087 0000 7047     		bx	lr
 4088              		.cfi_endproc
 4089              	.LFE243:
 4091              		.section	.text.SPI_DMAHalfReceiveCplt,"ax",%progbits
 4092              		.align	1
 4093              		.syntax unified
 4094              		.thumb
 4095              		.thumb_func
 4097              	SPI_DMAHalfReceiveCplt:
 4098              	.LVL215:
 4099              	.LFB253:
2934:Drivers/STM32F4xx_HAL_Driver/Src/stm32f4xx_hal_spi.c ****   SPI_HandleTypeDef *hspi = (SPI_HandleTypeDef *)(((DMA_HandleTypeDef *)hdma)->Parent);
 4100              		.loc 1 2934 1 is_stmt 1 view -0
 4101              		.cfi_startproc
 4102              		@ args = 0, pretend = 0, frame = 0
 4103              		@ frame_needed = 0, uses_anonymous_args = 0
2934:Drivers/STM32F4xx_HAL_Driver/Src/stm32f4xx_hal_spi.c ****   SPI_HandleTypeDef *hspi = (SPI_HandleTypeDef *)(((DMA_HandleTypeDef *)hdma)->Parent);
 4104              		.loc 1 2934 1 is_stmt 0 view .LVU1448
 4105 0000 08B5     		push	{r3, lr}
 4106              	.LCFI41:
 4107              		.cfi_def_cfa_offset 8
 4108              		.cfi_offset 3, -8
 4109              		.cfi_offset 14, -4
2935:Drivers/STM32F4xx_HAL_Driver/Src/stm32f4xx_hal_spi.c **** 
 4110              		.loc 1 2935 3 is_stmt 1 view .LVU1449
 4111              	.LVL216:
2941:Drivers/STM32F4xx_HAL_Driver/Src/stm32f4xx_hal_spi.c **** #endif /* USE_HAL_SPI_REGISTER_CALLBACKS */
 4112              		.loc 1 2941 3 view .LVU1450
 4113 0002 806B     		ldr	r0, [r0, #56]
 4114              	.LVL217:
ARM GAS  /tmp/cci2ucsl.s 			page 166


2941:Drivers/STM32F4xx_HAL_Driver/Src/stm32f4xx_hal_spi.c **** #endif /* USE_HAL_SPI_REGISTER_CALLBACKS */
 4115              		.loc 1 2941 3 is_stmt 0 view .LVU1451
 4116 0004 FFF7FEFF 		bl	HAL_SPI_RxHalfCpltCallback
 4117              	.LVL218:
2943:Drivers/STM32F4xx_HAL_Driver/Src/stm32f4xx_hal_spi.c **** 
 4118              		.loc 1 2943 1 view .LVU1452
 4119 0008 08BD     		pop	{r3, pc}
 4120              		.cfi_endproc
 4121              	.LFE253:
 4123              		.section	.text.HAL_SPI_TxRxHalfCpltCallback,"ax",%progbits
 4124              		.align	1
 4125              		.weak	HAL_SPI_TxRxHalfCpltCallback
 4126              		.syntax unified
 4127              		.thumb
 4128              		.thumb_func
 4130              	HAL_SPI_TxRxHalfCpltCallback:
 4131              	.LVL219:
 4132              	.LFB244:
2584:Drivers/STM32F4xx_HAL_Driver/Src/stm32f4xx_hal_spi.c ****   /* Prevent unused argument(s) compilation warning */
 4133              		.loc 1 2584 1 is_stmt 1 view -0
 4134              		.cfi_startproc
 4135              		@ args = 0, pretend = 0, frame = 0
 4136              		@ frame_needed = 0, uses_anonymous_args = 0
 4137              		@ link register save eliminated.
2586:Drivers/STM32F4xx_HAL_Driver/Src/stm32f4xx_hal_spi.c **** 
 4138              		.loc 1 2586 3 view .LVU1454
2591:Drivers/STM32F4xx_HAL_Driver/Src/stm32f4xx_hal_spi.c **** 
 4139              		.loc 1 2591 1 is_stmt 0 view .LVU1455
 4140 0000 7047     		bx	lr
 4141              		.cfi_endproc
 4142              	.LFE244:
 4144              		.section	.text.SPI_DMAHalfTransmitReceiveCplt,"ax",%progbits
 4145              		.align	1
 4146              		.syntax unified
 4147              		.thumb
 4148              		.thumb_func
 4150              	SPI_DMAHalfTransmitReceiveCplt:
 4151              	.LVL220:
 4152              	.LFB254:
2952:Drivers/STM32F4xx_HAL_Driver/Src/stm32f4xx_hal_spi.c ****   SPI_HandleTypeDef *hspi = (SPI_HandleTypeDef *)(((DMA_HandleTypeDef *)hdma)->Parent);
 4153              		.loc 1 2952 1 is_stmt 1 view -0
 4154              		.cfi_startproc
 4155              		@ args = 0, pretend = 0, frame = 0
 4156              		@ frame_needed = 0, uses_anonymous_args = 0
2952:Drivers/STM32F4xx_HAL_Driver/Src/stm32f4xx_hal_spi.c ****   SPI_HandleTypeDef *hspi = (SPI_HandleTypeDef *)(((DMA_HandleTypeDef *)hdma)->Parent);
 4157              		.loc 1 2952 1 is_stmt 0 view .LVU1457
 4158 0000 08B5     		push	{r3, lr}
 4159              	.LCFI42:
 4160              		.cfi_def_cfa_offset 8
 4161              		.cfi_offset 3, -8
 4162              		.cfi_offset 14, -4
2953:Drivers/STM32F4xx_HAL_Driver/Src/stm32f4xx_hal_spi.c **** 
 4163              		.loc 1 2953 3 is_stmt 1 view .LVU1458
 4164              	.LVL221:
2959:Drivers/STM32F4xx_HAL_Driver/Src/stm32f4xx_hal_spi.c **** #endif /* USE_HAL_SPI_REGISTER_CALLBACKS */
 4165              		.loc 1 2959 3 view .LVU1459
 4166 0002 806B     		ldr	r0, [r0, #56]
ARM GAS  /tmp/cci2ucsl.s 			page 167


 4167              	.LVL222:
2959:Drivers/STM32F4xx_HAL_Driver/Src/stm32f4xx_hal_spi.c **** #endif /* USE_HAL_SPI_REGISTER_CALLBACKS */
 4168              		.loc 1 2959 3 is_stmt 0 view .LVU1460
 4169 0004 FFF7FEFF 		bl	HAL_SPI_TxRxHalfCpltCallback
 4170              	.LVL223:
2961:Drivers/STM32F4xx_HAL_Driver/Src/stm32f4xx_hal_spi.c **** 
 4171              		.loc 1 2961 1 view .LVU1461
 4172 0008 08BD     		pop	{r3, pc}
 4173              		.cfi_endproc
 4174              	.LFE254:
 4176              		.section	.text.HAL_SPI_ErrorCallback,"ax",%progbits
 4177              		.align	1
 4178              		.weak	HAL_SPI_ErrorCallback
 4179              		.syntax unified
 4180              		.thumb
 4181              		.thumb_func
 4183              	HAL_SPI_ErrorCallback:
 4184              	.LVL224:
 4185              	.LFB245:
2600:Drivers/STM32F4xx_HAL_Driver/Src/stm32f4xx_hal_spi.c ****   /* Prevent unused argument(s) compilation warning */
 4186              		.loc 1 2600 1 is_stmt 1 view -0
 4187              		.cfi_startproc
 4188              		@ args = 0, pretend = 0, frame = 0
 4189              		@ frame_needed = 0, uses_anonymous_args = 0
 4190              		@ link register save eliminated.
2602:Drivers/STM32F4xx_HAL_Driver/Src/stm32f4xx_hal_spi.c **** 
 4191              		.loc 1 2602 3 view .LVU1463
2610:Drivers/STM32F4xx_HAL_Driver/Src/stm32f4xx_hal_spi.c **** 
 4192              		.loc 1 2610 1 is_stmt 0 view .LVU1464
 4193 0000 7047     		bx	lr
 4194              		.cfi_endproc
 4195              	.LFE245:
 4197              		.section	.text.SPI_CloseTx_ISR,"ax",%progbits
 4198              		.align	1
 4199              		.syntax unified
 4200              		.thumb
 4201              		.thumb_func
 4203              	SPI_CloseTx_ISR:
 4204              	.LVL225:
 4205              	.LFB272:
3825:Drivers/STM32F4xx_HAL_Driver/Src/stm32f4xx_hal_spi.c ****   uint32_t tickstart;
 4206              		.loc 1 3825 1 is_stmt 1 view -0
 4207              		.cfi_startproc
 4208              		@ args = 0, pretend = 0, frame = 8
 4209              		@ frame_needed = 0, uses_anonymous_args = 0
3825:Drivers/STM32F4xx_HAL_Driver/Src/stm32f4xx_hal_spi.c ****   uint32_t tickstart;
 4210              		.loc 1 3825 1 is_stmt 0 view .LVU1466
 4211 0000 10B5     		push	{r4, lr}
 4212              	.LCFI43:
 4213              		.cfi_def_cfa_offset 8
 4214              		.cfi_offset 4, -8
 4215              		.cfi_offset 14, -4
 4216 0002 82B0     		sub	sp, sp, #8
 4217              	.LCFI44:
 4218              		.cfi_def_cfa_offset 16
 4219 0004 0446     		mov	r4, r0
3826:Drivers/STM32F4xx_HAL_Driver/Src/stm32f4xx_hal_spi.c ****   __IO uint32_t count = SPI_DEFAULT_TIMEOUT * (SystemCoreClock / 24U / 1000U);
ARM GAS  /tmp/cci2ucsl.s 			page 168


 4220              		.loc 1 3826 3 is_stmt 1 view .LVU1467
3827:Drivers/STM32F4xx_HAL_Driver/Src/stm32f4xx_hal_spi.c **** 
 4221              		.loc 1 3827 3 view .LVU1468
3827:Drivers/STM32F4xx_HAL_Driver/Src/stm32f4xx_hal_spi.c **** 
 4222              		.loc 1 3827 70 is_stmt 0 view .LVU1469
 4223 0006 204B     		ldr	r3, .L329
 4224 0008 1B68     		ldr	r3, [r3]
 4225 000a 204A     		ldr	r2, .L329+4
 4226 000c A2FB0323 		umull	r2, r3, r2, r3
 4227 0010 5B0A     		lsrs	r3, r3, #9
3827:Drivers/STM32F4xx_HAL_Driver/Src/stm32f4xx_hal_spi.c **** 
 4228              		.loc 1 3827 45 view .LVU1470
 4229 0012 6422     		movs	r2, #100
 4230 0014 02FB03F3 		mul	r3, r2, r3
3827:Drivers/STM32F4xx_HAL_Driver/Src/stm32f4xx_hal_spi.c **** 
 4231              		.loc 1 3827 17 view .LVU1471
 4232 0018 0193     		str	r3, [sp, #4]
3830:Drivers/STM32F4xx_HAL_Driver/Src/stm32f4xx_hal_spi.c **** 
 4233              		.loc 1 3830 3 is_stmt 1 view .LVU1472
3830:Drivers/STM32F4xx_HAL_Driver/Src/stm32f4xx_hal_spi.c **** 
 4234              		.loc 1 3830 15 is_stmt 0 view .LVU1473
 4235 001a FFF7FEFF 		bl	HAL_GetTick
 4236              	.LVL226:
3830:Drivers/STM32F4xx_HAL_Driver/Src/stm32f4xx_hal_spi.c **** 
 4237              		.loc 1 3830 15 view .LVU1474
 4238 001e 0246     		mov	r2, r0
 4239              	.LVL227:
 4240              	.L322:
3833:Drivers/STM32F4xx_HAL_Driver/Src/stm32f4xx_hal_spi.c ****   {
 4241              		.loc 1 3833 3 is_stmt 1 view .LVU1475
3835:Drivers/STM32F4xx_HAL_Driver/Src/stm32f4xx_hal_spi.c ****     {
 4242              		.loc 1 3835 5 view .LVU1476
3835:Drivers/STM32F4xx_HAL_Driver/Src/stm32f4xx_hal_spi.c ****     {
 4243              		.loc 1 3835 15 is_stmt 0 view .LVU1477
 4244 0020 019B     		ldr	r3, [sp, #4]
3835:Drivers/STM32F4xx_HAL_Driver/Src/stm32f4xx_hal_spi.c ****     {
 4245              		.loc 1 3835 8 view .LVU1478
 4246 0022 43B1     		cbz	r3, .L328
3840:Drivers/STM32F4xx_HAL_Driver/Src/stm32f4xx_hal_spi.c ****   } while ((hspi->Instance->SR & SPI_FLAG_TXE) == RESET);
 4247              		.loc 1 3840 5 is_stmt 1 view .LVU1479
3840:Drivers/STM32F4xx_HAL_Driver/Src/stm32f4xx_hal_spi.c ****   } while ((hspi->Instance->SR & SPI_FLAG_TXE) == RESET);
 4248              		.loc 1 3840 10 is_stmt 0 view .LVU1480
 4249 0024 019B     		ldr	r3, [sp, #4]
 4250 0026 013B     		subs	r3, r3, #1
 4251 0028 0193     		str	r3, [sp, #4]
3841:Drivers/STM32F4xx_HAL_Driver/Src/stm32f4xx_hal_spi.c **** 
 4252              		.loc 1 3841 48 is_stmt 1 view .LVU1481
3841:Drivers/STM32F4xx_HAL_Driver/Src/stm32f4xx_hal_spi.c **** 
 4253              		.loc 1 3841 17 is_stmt 0 view .LVU1482
 4254 002a 2368     		ldr	r3, [r4]
3841:Drivers/STM32F4xx_HAL_Driver/Src/stm32f4xx_hal_spi.c **** 
 4255              		.loc 1 3841 27 view .LVU1483
 4256 002c 9B68     		ldr	r3, [r3, #8]
3841:Drivers/STM32F4xx_HAL_Driver/Src/stm32f4xx_hal_spi.c **** 
 4257              		.loc 1 3841 48 view .LVU1484
 4258 002e 13F0020F 		tst	r3, #2
 4259 0032 F5D0     		beq	.L322
ARM GAS  /tmp/cci2ucsl.s 			page 169


 4260 0034 03E0     		b	.L321
 4261              	.L328:
3837:Drivers/STM32F4xx_HAL_Driver/Src/stm32f4xx_hal_spi.c ****       break;
 4262              		.loc 1 3837 7 is_stmt 1 view .LVU1485
 4263 0036 636D     		ldr	r3, [r4, #84]
 4264 0038 43F02003 		orr	r3, r3, #32
 4265 003c 6365     		str	r3, [r4, #84]
3838:Drivers/STM32F4xx_HAL_Driver/Src/stm32f4xx_hal_spi.c ****     }
 4266              		.loc 1 3838 7 view .LVU1486
 4267              	.L321:
3844:Drivers/STM32F4xx_HAL_Driver/Src/stm32f4xx_hal_spi.c **** 
 4268              		.loc 1 3844 3 view .LVU1487
 4269 003e 2168     		ldr	r1, [r4]
 4270 0040 4B68     		ldr	r3, [r1, #4]
 4271 0042 23F0A003 		bic	r3, r3, #160
 4272 0046 4B60     		str	r3, [r1, #4]
3847:Drivers/STM32F4xx_HAL_Driver/Src/stm32f4xx_hal_spi.c ****   {
 4273              		.loc 1 3847 3 view .LVU1488
3847:Drivers/STM32F4xx_HAL_Driver/Src/stm32f4xx_hal_spi.c ****   {
 4274              		.loc 1 3847 7 is_stmt 0 view .LVU1489
 4275 0048 6421     		movs	r1, #100
 4276 004a 2046     		mov	r0, r4
 4277              	.LVL228:
3847:Drivers/STM32F4xx_HAL_Driver/Src/stm32f4xx_hal_spi.c ****   {
 4278              		.loc 1 3847 7 view .LVU1490
 4279 004c FFF7FEFF 		bl	SPI_EndRxTxTransaction
 4280              	.LVL229:
3847:Drivers/STM32F4xx_HAL_Driver/Src/stm32f4xx_hal_spi.c ****   {
 4281              		.loc 1 3847 6 discriminator 1 view .LVU1491
 4282 0050 18B1     		cbz	r0, .L323
3849:Drivers/STM32F4xx_HAL_Driver/Src/stm32f4xx_hal_spi.c ****   }
 4283              		.loc 1 3849 5 is_stmt 1 view .LVU1492
 4284 0052 636D     		ldr	r3, [r4, #84]
 4285 0054 43F02003 		orr	r3, r3, #32
 4286 0058 6365     		str	r3, [r4, #84]
 4287              	.L323:
3853:Drivers/STM32F4xx_HAL_Driver/Src/stm32f4xx_hal_spi.c ****   {
 4288              		.loc 1 3853 3 view .LVU1493
3853:Drivers/STM32F4xx_HAL_Driver/Src/stm32f4xx_hal_spi.c ****   {
 4289              		.loc 1 3853 17 is_stmt 0 view .LVU1494
 4290 005a A368     		ldr	r3, [r4, #8]
3853:Drivers/STM32F4xx_HAL_Driver/Src/stm32f4xx_hal_spi.c ****   {
 4291              		.loc 1 3853 6 view .LVU1495
 4292 005c 33B9     		cbnz	r3, .L324
3855:Drivers/STM32F4xx_HAL_Driver/Src/stm32f4xx_hal_spi.c ****   }
 4293              		.loc 1 3855 5 is_stmt 1 view .LVU1496
 4294              	.LBB6:
3855:Drivers/STM32F4xx_HAL_Driver/Src/stm32f4xx_hal_spi.c ****   }
 4295              		.loc 1 3855 5 view .LVU1497
 4296 005e 0093     		str	r3, [sp]
3855:Drivers/STM32F4xx_HAL_Driver/Src/stm32f4xx_hal_spi.c ****   }
 4297              		.loc 1 3855 5 view .LVU1498
 4298 0060 2368     		ldr	r3, [r4]
 4299 0062 DA68     		ldr	r2, [r3, #12]
 4300 0064 0092     		str	r2, [sp]
3855:Drivers/STM32F4xx_HAL_Driver/Src/stm32f4xx_hal_spi.c ****   }
 4301              		.loc 1 3855 5 view .LVU1499
ARM GAS  /tmp/cci2ucsl.s 			page 170


 4302 0066 9B68     		ldr	r3, [r3, #8]
 4303 0068 0093     		str	r3, [sp]
3855:Drivers/STM32F4xx_HAL_Driver/Src/stm32f4xx_hal_spi.c ****   }
 4304              		.loc 1 3855 5 view .LVU1500
 4305 006a 009B     		ldr	r3, [sp]
 4306              	.L324:
 4307              	.LBE6:
3855:Drivers/STM32F4xx_HAL_Driver/Src/stm32f4xx_hal_spi.c ****   }
 4308              		.loc 1 3855 5 discriminator 1 view .LVU1501
3858:Drivers/STM32F4xx_HAL_Driver/Src/stm32f4xx_hal_spi.c ****   if (hspi->ErrorCode != HAL_SPI_ERROR_NONE)
 4309              		.loc 1 3858 3 view .LVU1502
3858:Drivers/STM32F4xx_HAL_Driver/Src/stm32f4xx_hal_spi.c ****   if (hspi->ErrorCode != HAL_SPI_ERROR_NONE)
 4310              		.loc 1 3858 15 is_stmt 0 view .LVU1503
 4311 006c 0123     		movs	r3, #1
 4312 006e 84F85130 		strb	r3, [r4, #81]
3859:Drivers/STM32F4xx_HAL_Driver/Src/stm32f4xx_hal_spi.c ****   {
 4313              		.loc 1 3859 3 is_stmt 1 view .LVU1504
3859:Drivers/STM32F4xx_HAL_Driver/Src/stm32f4xx_hal_spi.c ****   {
 4314              		.loc 1 3859 11 is_stmt 0 view .LVU1505
 4315 0072 636D     		ldr	r3, [r4, #84]
3859:Drivers/STM32F4xx_HAL_Driver/Src/stm32f4xx_hal_spi.c ****   {
 4316              		.loc 1 3859 6 view .LVU1506
 4317 0074 23B1     		cbz	r3, .L325
3865:Drivers/STM32F4xx_HAL_Driver/Src/stm32f4xx_hal_spi.c **** #endif /* USE_HAL_SPI_REGISTER_CALLBACKS */
 4318              		.loc 1 3865 5 is_stmt 1 view .LVU1507
 4319 0076 2046     		mov	r0, r4
 4320 0078 FFF7FEFF 		bl	HAL_SPI_ErrorCallback
 4321              	.LVL230:
 4322              	.L319:
3877:Drivers/STM32F4xx_HAL_Driver/Src/stm32f4xx_hal_spi.c **** 
 4323              		.loc 1 3877 1 is_stmt 0 view .LVU1508
 4324 007c 02B0     		add	sp, sp, #8
 4325              	.LCFI45:
 4326              		.cfi_remember_state
 4327              		.cfi_def_cfa_offset 8
 4328              		@ sp needed
 4329 007e 10BD     		pop	{r4, pc}
 4330              	.LVL231:
 4331              	.L325:
 4332              	.LCFI46:
 4333              		.cfi_restore_state
3874:Drivers/STM32F4xx_HAL_Driver/Src/stm32f4xx_hal_spi.c **** #endif /* USE_HAL_SPI_REGISTER_CALLBACKS */
 4334              		.loc 1 3874 5 is_stmt 1 view .LVU1509
 4335 0080 2046     		mov	r0, r4
 4336 0082 FFF7FEFF 		bl	HAL_SPI_TxCpltCallback
 4337              	.LVL232:
3877:Drivers/STM32F4xx_HAL_Driver/Src/stm32f4xx_hal_spi.c **** 
 4338              		.loc 1 3877 1 is_stmt 0 view .LVU1510
 4339 0086 F9E7     		b	.L319
 4340              	.L330:
 4341              		.align	2
 4342              	.L329:
 4343 0088 00000000 		.word	SystemCoreClock
 4344 008c F1197605 		.word	91625969
 4345              		.cfi_endproc
 4346              	.LFE272:
 4348              		.section	.text.SPI_TxISR_8BIT,"ax",%progbits
ARM GAS  /tmp/cci2ucsl.s 			page 171


 4349              		.align	1
 4350              		.syntax unified
 4351              		.thumb
 4352              		.thumb_func
 4354              	SPI_TxISR_8BIT:
 4355              	.LVL233:
 4356              	.LFB265:
3443:Drivers/STM32F4xx_HAL_Driver/Src/stm32f4xx_hal_spi.c ****   *(__IO uint8_t *)&hspi->Instance->DR = *((const uint8_t *)hspi->pTxBuffPtr);
 4357              		.loc 1 3443 1 is_stmt 1 view -0
 4358              		.cfi_startproc
 4359              		@ args = 0, pretend = 0, frame = 0
 4360              		@ frame_needed = 0, uses_anonymous_args = 0
3443:Drivers/STM32F4xx_HAL_Driver/Src/stm32f4xx_hal_spi.c ****   *(__IO uint8_t *)&hspi->Instance->DR = *((const uint8_t *)hspi->pTxBuffPtr);
 4361              		.loc 1 3443 1 is_stmt 0 view .LVU1512
 4362 0000 08B5     		push	{r3, lr}
 4363              	.LCFI47:
 4364              		.cfi_def_cfa_offset 8
 4365              		.cfi_offset 3, -8
 4366              		.cfi_offset 14, -4
3444:Drivers/STM32F4xx_HAL_Driver/Src/stm32f4xx_hal_spi.c ****   hspi->pTxBuffPtr++;
 4367              		.loc 1 3444 3 is_stmt 1 view .LVU1513
3444:Drivers/STM32F4xx_HAL_Driver/Src/stm32f4xx_hal_spi.c ****   hspi->pTxBuffPtr++;
 4368              		.loc 1 3444 65 is_stmt 0 view .LVU1514
 4369 0002 026B     		ldr	r2, [r0, #48]
3444:Drivers/STM32F4xx_HAL_Driver/Src/stm32f4xx_hal_spi.c ****   hspi->pTxBuffPtr++;
 4370              		.loc 1 3444 25 view .LVU1515
 4371 0004 0368     		ldr	r3, [r0]
3444:Drivers/STM32F4xx_HAL_Driver/Src/stm32f4xx_hal_spi.c ****   hspi->pTxBuffPtr++;
 4372              		.loc 1 3444 42 view .LVU1516
 4373 0006 1278     		ldrb	r2, [r2]	@ zero_extendqisi2
3444:Drivers/STM32F4xx_HAL_Driver/Src/stm32f4xx_hal_spi.c ****   hspi->pTxBuffPtr++;
 4374              		.loc 1 3444 40 view .LVU1517
 4375 0008 1A73     		strb	r2, [r3, #12]
3445:Drivers/STM32F4xx_HAL_Driver/Src/stm32f4xx_hal_spi.c ****   hspi->TxXferCount--;
 4376              		.loc 1 3445 3 is_stmt 1 view .LVU1518
3445:Drivers/STM32F4xx_HAL_Driver/Src/stm32f4xx_hal_spi.c ****   hspi->TxXferCount--;
 4377              		.loc 1 3445 7 is_stmt 0 view .LVU1519
 4378 000a 036B     		ldr	r3, [r0, #48]
3445:Drivers/STM32F4xx_HAL_Driver/Src/stm32f4xx_hal_spi.c ****   hspi->TxXferCount--;
 4379              		.loc 1 3445 19 view .LVU1520
 4380 000c 0133     		adds	r3, r3, #1
 4381 000e 0363     		str	r3, [r0, #48]
3446:Drivers/STM32F4xx_HAL_Driver/Src/stm32f4xx_hal_spi.c **** 
 4382              		.loc 1 3446 3 is_stmt 1 view .LVU1521
3446:Drivers/STM32F4xx_HAL_Driver/Src/stm32f4xx_hal_spi.c **** 
 4383              		.loc 1 3446 7 is_stmt 0 view .LVU1522
 4384 0010 C38E     		ldrh	r3, [r0, #54]
3446:Drivers/STM32F4xx_HAL_Driver/Src/stm32f4xx_hal_spi.c **** 
 4385              		.loc 1 3446 20 view .LVU1523
 4386 0012 013B     		subs	r3, r3, #1
 4387 0014 C386     		strh	r3, [r0, #54]	@ movhi
3448:Drivers/STM32F4xx_HAL_Driver/Src/stm32f4xx_hal_spi.c ****   {
 4388              		.loc 1 3448 3 is_stmt 1 view .LVU1524
3448:Drivers/STM32F4xx_HAL_Driver/Src/stm32f4xx_hal_spi.c ****   {
 4389              		.loc 1 3448 11 is_stmt 0 view .LVU1525
 4390 0016 C38E     		ldrh	r3, [r0, #54]
3448:Drivers/STM32F4xx_HAL_Driver/Src/stm32f4xx_hal_spi.c ****   {
ARM GAS  /tmp/cci2ucsl.s 			page 172


 4391              		.loc 1 3448 6 view .LVU1526
 4392 0018 03B1     		cbz	r3, .L334
 4393              	.LVL234:
 4394              	.L331:
3459:Drivers/STM32F4xx_HAL_Driver/Src/stm32f4xx_hal_spi.c **** 
 4395              		.loc 1 3459 1 view .LVU1527
 4396 001a 08BD     		pop	{r3, pc}
 4397              	.LVL235:
 4398              	.L334:
3457:Drivers/STM32F4xx_HAL_Driver/Src/stm32f4xx_hal_spi.c ****   }
 4399              		.loc 1 3457 5 is_stmt 1 view .LVU1528
 4400 001c FFF7FEFF 		bl	SPI_CloseTx_ISR
 4401              	.LVL236:
3459:Drivers/STM32F4xx_HAL_Driver/Src/stm32f4xx_hal_spi.c **** 
 4402              		.loc 1 3459 1 is_stmt 0 view .LVU1529
 4403 0020 FBE7     		b	.L331
 4404              		.cfi_endproc
 4405              	.LFE265:
 4407              		.section	.text.SPI_TxISR_16BIT,"ax",%progbits
 4408              		.align	1
 4409              		.syntax unified
 4410              		.thumb
 4411              		.thumb_func
 4413              	SPI_TxISR_16BIT:
 4414              	.LVL237:
 4415              	.LFB266:
3468:Drivers/STM32F4xx_HAL_Driver/Src/stm32f4xx_hal_spi.c ****   /* Transmit data in 16 Bit mode */
 4416              		.loc 1 3468 1 is_stmt 1 view -0
 4417              		.cfi_startproc
 4418              		@ args = 0, pretend = 0, frame = 0
 4419              		@ frame_needed = 0, uses_anonymous_args = 0
3468:Drivers/STM32F4xx_HAL_Driver/Src/stm32f4xx_hal_spi.c ****   /* Transmit data in 16 Bit mode */
 4420              		.loc 1 3468 1 is_stmt 0 view .LVU1531
 4421 0000 08B5     		push	{r3, lr}
 4422              	.LCFI48:
 4423              		.cfi_def_cfa_offset 8
 4424              		.cfi_offset 3, -8
 4425              		.cfi_offset 14, -4
3470:Drivers/STM32F4xx_HAL_Driver/Src/stm32f4xx_hal_spi.c ****   hspi->pTxBuffPtr += sizeof(uint16_t);
 4426              		.loc 1 3470 3 is_stmt 1 view .LVU1532
3470:Drivers/STM32F4xx_HAL_Driver/Src/stm32f4xx_hal_spi.c ****   hspi->pTxBuffPtr += sizeof(uint16_t);
 4427              		.loc 1 3470 48 is_stmt 0 view .LVU1533
 4428 0002 026B     		ldr	r2, [r0, #48]
3470:Drivers/STM32F4xx_HAL_Driver/Src/stm32f4xx_hal_spi.c ****   hspi->pTxBuffPtr += sizeof(uint16_t);
 4429              		.loc 1 3470 7 view .LVU1534
 4430 0004 0368     		ldr	r3, [r0]
3470:Drivers/STM32F4xx_HAL_Driver/Src/stm32f4xx_hal_spi.c ****   hspi->pTxBuffPtr += sizeof(uint16_t);
 4431              		.loc 1 3470 24 view .LVU1535
 4432 0006 1288     		ldrh	r2, [r2]
3470:Drivers/STM32F4xx_HAL_Driver/Src/stm32f4xx_hal_spi.c ****   hspi->pTxBuffPtr += sizeof(uint16_t);
 4433              		.loc 1 3470 22 view .LVU1536
 4434 0008 DA60     		str	r2, [r3, #12]
3471:Drivers/STM32F4xx_HAL_Driver/Src/stm32f4xx_hal_spi.c ****   hspi->TxXferCount--;
 4435              		.loc 1 3471 3 is_stmt 1 view .LVU1537
3471:Drivers/STM32F4xx_HAL_Driver/Src/stm32f4xx_hal_spi.c ****   hspi->TxXferCount--;
 4436              		.loc 1 3471 7 is_stmt 0 view .LVU1538
 4437 000a 036B     		ldr	r3, [r0, #48]
ARM GAS  /tmp/cci2ucsl.s 			page 173


3471:Drivers/STM32F4xx_HAL_Driver/Src/stm32f4xx_hal_spi.c ****   hspi->TxXferCount--;
 4438              		.loc 1 3471 20 view .LVU1539
 4439 000c 0233     		adds	r3, r3, #2
 4440 000e 0363     		str	r3, [r0, #48]
3472:Drivers/STM32F4xx_HAL_Driver/Src/stm32f4xx_hal_spi.c **** 
 4441              		.loc 1 3472 3 is_stmt 1 view .LVU1540
3472:Drivers/STM32F4xx_HAL_Driver/Src/stm32f4xx_hal_spi.c **** 
 4442              		.loc 1 3472 7 is_stmt 0 view .LVU1541
 4443 0010 C38E     		ldrh	r3, [r0, #54]
3472:Drivers/STM32F4xx_HAL_Driver/Src/stm32f4xx_hal_spi.c **** 
 4444              		.loc 1 3472 20 view .LVU1542
 4445 0012 013B     		subs	r3, r3, #1
 4446 0014 C386     		strh	r3, [r0, #54]	@ movhi
3474:Drivers/STM32F4xx_HAL_Driver/Src/stm32f4xx_hal_spi.c ****   {
 4447              		.loc 1 3474 3 is_stmt 1 view .LVU1543
3474:Drivers/STM32F4xx_HAL_Driver/Src/stm32f4xx_hal_spi.c ****   {
 4448              		.loc 1 3474 11 is_stmt 0 view .LVU1544
 4449 0016 C38E     		ldrh	r3, [r0, #54]
3474:Drivers/STM32F4xx_HAL_Driver/Src/stm32f4xx_hal_spi.c ****   {
 4450              		.loc 1 3474 6 view .LVU1545
 4451 0018 03B1     		cbz	r3, .L338
 4452              	.LVL238:
 4453              	.L335:
3485:Drivers/STM32F4xx_HAL_Driver/Src/stm32f4xx_hal_spi.c **** 
 4454              		.loc 1 3485 1 view .LVU1546
 4455 001a 08BD     		pop	{r3, pc}
 4456              	.LVL239:
 4457              	.L338:
3483:Drivers/STM32F4xx_HAL_Driver/Src/stm32f4xx_hal_spi.c ****   }
 4458              		.loc 1 3483 5 is_stmt 1 view .LVU1547
 4459 001c FFF7FEFF 		bl	SPI_CloseTx_ISR
 4460              	.LVL240:
3485:Drivers/STM32F4xx_HAL_Driver/Src/stm32f4xx_hal_spi.c **** 
 4461              		.loc 1 3485 1 is_stmt 0 view .LVU1548
 4462 0020 FBE7     		b	.L335
 4463              		.cfi_endproc
 4464              	.LFE266:
 4466              		.section	.text.SPI_CloseRx_ISR,"ax",%progbits
 4467              		.align	1
 4468              		.syntax unified
 4469              		.thumb
 4470              		.thumb_func
 4472              	SPI_CloseRx_ISR:
 4473              	.LVL241:
 4474              	.LFB271:
3762:Drivers/STM32F4xx_HAL_Driver/Src/stm32f4xx_hal_spi.c ****   /* Disable RXNE and ERR interrupt */
 4475              		.loc 1 3762 1 is_stmt 1 view -0
 4476              		.cfi_startproc
 4477              		@ args = 0, pretend = 0, frame = 8
 4478              		@ frame_needed = 0, uses_anonymous_args = 0
3762:Drivers/STM32F4xx_HAL_Driver/Src/stm32f4xx_hal_spi.c ****   /* Disable RXNE and ERR interrupt */
 4479              		.loc 1 3762 1 is_stmt 0 view .LVU1550
 4480 0000 10B5     		push	{r4, lr}
 4481              	.LCFI49:
 4482              		.cfi_def_cfa_offset 8
 4483              		.cfi_offset 4, -8
 4484              		.cfi_offset 14, -4
ARM GAS  /tmp/cci2ucsl.s 			page 174


 4485 0002 82B0     		sub	sp, sp, #8
 4486              	.LCFI50:
 4487              		.cfi_def_cfa_offset 16
 4488 0004 0446     		mov	r4, r0
3764:Drivers/STM32F4xx_HAL_Driver/Src/stm32f4xx_hal_spi.c **** 
 4489              		.loc 1 3764 3 is_stmt 1 view .LVU1551
 4490 0006 0268     		ldr	r2, [r0]
 4491 0008 5368     		ldr	r3, [r2, #4]
 4492 000a 23F06003 		bic	r3, r3, #96
 4493 000e 5360     		str	r3, [r2, #4]
3767:Drivers/STM32F4xx_HAL_Driver/Src/stm32f4xx_hal_spi.c ****   {
 4494              		.loc 1 3767 3 view .LVU1552
3767:Drivers/STM32F4xx_HAL_Driver/Src/stm32f4xx_hal_spi.c ****   {
 4495              		.loc 1 3767 7 is_stmt 0 view .LVU1553
 4496 0010 FFF7FEFF 		bl	HAL_GetTick
 4497              	.LVL242:
3767:Drivers/STM32F4xx_HAL_Driver/Src/stm32f4xx_hal_spi.c ****   {
 4498              		.loc 1 3767 7 view .LVU1554
 4499 0014 0246     		mov	r2, r0
3767:Drivers/STM32F4xx_HAL_Driver/Src/stm32f4xx_hal_spi.c ****   {
 4500              		.loc 1 3767 7 discriminator 1 view .LVU1555
 4501 0016 6421     		movs	r1, #100
 4502 0018 2046     		mov	r0, r4
 4503 001a FFF7FEFF 		bl	SPI_EndRxTransaction
 4504              	.LVL243:
3767:Drivers/STM32F4xx_HAL_Driver/Src/stm32f4xx_hal_spi.c ****   {
 4505              		.loc 1 3767 6 discriminator 2 view .LVU1556
 4506 001e 18B1     		cbz	r0, .L340
3769:Drivers/STM32F4xx_HAL_Driver/Src/stm32f4xx_hal_spi.c ****   }
 4507              		.loc 1 3769 5 is_stmt 1 view .LVU1557
 4508 0020 636D     		ldr	r3, [r4, #84]
 4509 0022 43F02003 		orr	r3, r3, #32
 4510 0026 6365     		str	r3, [r4, #84]
 4511              	.L340:
3773:Drivers/STM32F4xx_HAL_Driver/Src/stm32f4xx_hal_spi.c ****   {
 4512              		.loc 1 3773 3 view .LVU1558
3773:Drivers/STM32F4xx_HAL_Driver/Src/stm32f4xx_hal_spi.c ****   {
 4513              		.loc 1 3773 17 is_stmt 0 view .LVU1559
 4514 0028 A368     		ldr	r3, [r4, #8]
3773:Drivers/STM32F4xx_HAL_Driver/Src/stm32f4xx_hal_spi.c ****   {
 4515              		.loc 1 3773 6 view .LVU1560
 4516 002a 33B9     		cbnz	r3, .L341
3775:Drivers/STM32F4xx_HAL_Driver/Src/stm32f4xx_hal_spi.c ****   }
 4517              		.loc 1 3775 5 is_stmt 1 view .LVU1561
 4518              	.LBB7:
3775:Drivers/STM32F4xx_HAL_Driver/Src/stm32f4xx_hal_spi.c ****   }
 4519              		.loc 1 3775 5 view .LVU1562
 4520 002c 0193     		str	r3, [sp, #4]
3775:Drivers/STM32F4xx_HAL_Driver/Src/stm32f4xx_hal_spi.c ****   }
 4521              		.loc 1 3775 5 view .LVU1563
 4522 002e 2368     		ldr	r3, [r4]
 4523 0030 DA68     		ldr	r2, [r3, #12]
 4524 0032 0192     		str	r2, [sp, #4]
3775:Drivers/STM32F4xx_HAL_Driver/Src/stm32f4xx_hal_spi.c ****   }
 4525              		.loc 1 3775 5 view .LVU1564
 4526 0034 9B68     		ldr	r3, [r3, #8]
 4527 0036 0193     		str	r3, [sp, #4]
ARM GAS  /tmp/cci2ucsl.s 			page 175


3775:Drivers/STM32F4xx_HAL_Driver/Src/stm32f4xx_hal_spi.c ****   }
 4528              		.loc 1 3775 5 view .LVU1565
 4529 0038 019B     		ldr	r3, [sp, #4]
 4530              	.L341:
 4531              	.LBE7:
3775:Drivers/STM32F4xx_HAL_Driver/Src/stm32f4xx_hal_spi.c ****   }
 4532              		.loc 1 3775 5 discriminator 1 view .LVU1566
3777:Drivers/STM32F4xx_HAL_Driver/Src/stm32f4xx_hal_spi.c **** 
 4533              		.loc 1 3777 3 view .LVU1567
3777:Drivers/STM32F4xx_HAL_Driver/Src/stm32f4xx_hal_spi.c **** 
 4534              		.loc 1 3777 15 is_stmt 0 view .LVU1568
 4535 003a 0123     		movs	r3, #1
 4536 003c 84F85130 		strb	r3, [r4, #81]
3795:Drivers/STM32F4xx_HAL_Driver/Src/stm32f4xx_hal_spi.c ****     {
 4537              		.loc 1 3795 5 is_stmt 1 view .LVU1569
3795:Drivers/STM32F4xx_HAL_Driver/Src/stm32f4xx_hal_spi.c ****     {
 4538              		.loc 1 3795 13 is_stmt 0 view .LVU1570
 4539 0040 636D     		ldr	r3, [r4, #84]
3795:Drivers/STM32F4xx_HAL_Driver/Src/stm32f4xx_hal_spi.c ****     {
 4540              		.loc 1 3795 8 view .LVU1571
 4541 0042 23B9     		cbnz	r3, .L342
3801:Drivers/STM32F4xx_HAL_Driver/Src/stm32f4xx_hal_spi.c **** #endif /* USE_HAL_SPI_REGISTER_CALLBACKS */
 4542              		.loc 1 3801 7 is_stmt 1 view .LVU1572
 4543 0044 2046     		mov	r0, r4
 4544 0046 FFF7FEFF 		bl	HAL_SPI_RxCpltCallback
 4545              	.LVL244:
 4546              	.L339:
3816:Drivers/STM32F4xx_HAL_Driver/Src/stm32f4xx_hal_spi.c **** 
 4547              		.loc 1 3816 1 is_stmt 0 view .LVU1573
 4548 004a 02B0     		add	sp, sp, #8
 4549              	.LCFI51:
 4550              		.cfi_remember_state
 4551              		.cfi_def_cfa_offset 8
 4552              		@ sp needed
 4553 004c 10BD     		pop	{r4, pc}
 4554              	.LVL245:
 4555              	.L342:
 4556              	.LCFI52:
 4557              		.cfi_restore_state
3810:Drivers/STM32F4xx_HAL_Driver/Src/stm32f4xx_hal_spi.c **** #endif /* USE_HAL_SPI_REGISTER_CALLBACKS */
 4558              		.loc 1 3810 7 is_stmt 1 view .LVU1574
 4559 004e 2046     		mov	r0, r4
 4560 0050 FFF7FEFF 		bl	HAL_SPI_ErrorCallback
 4561              	.LVL246:
3816:Drivers/STM32F4xx_HAL_Driver/Src/stm32f4xx_hal_spi.c **** 
 4562              		.loc 1 3816 1 is_stmt 0 view .LVU1575
 4563 0054 F9E7     		b	.L339
 4564              		.cfi_endproc
 4565              	.LFE271:
 4567              		.section	.text.SPI_RxISR_8BIT,"ax",%progbits
 4568              		.align	1
 4569              		.syntax unified
 4570              		.thumb
 4571              		.thumb_func
 4573              	SPI_RxISR_8BIT:
 4574              	.LVL247:
 4575              	.LFB263:
ARM GAS  /tmp/cci2ucsl.s 			page 176


3354:Drivers/STM32F4xx_HAL_Driver/Src/stm32f4xx_hal_spi.c ****   *hspi->pRxBuffPtr = (*(__IO uint8_t *)&hspi->Instance->DR);
 4576              		.loc 1 3354 1 is_stmt 1 view -0
 4577              		.cfi_startproc
 4578              		@ args = 0, pretend = 0, frame = 0
 4579              		@ frame_needed = 0, uses_anonymous_args = 0
3354:Drivers/STM32F4xx_HAL_Driver/Src/stm32f4xx_hal_spi.c ****   *hspi->pRxBuffPtr = (*(__IO uint8_t *)&hspi->Instance->DR);
 4580              		.loc 1 3354 1 is_stmt 0 view .LVU1577
 4581 0000 08B5     		push	{r3, lr}
 4582              	.LCFI53:
 4583              		.cfi_def_cfa_offset 8
 4584              		.cfi_offset 3, -8
 4585              		.cfi_offset 14, -4
3355:Drivers/STM32F4xx_HAL_Driver/Src/stm32f4xx_hal_spi.c ****   hspi->pRxBuffPtr++;
 4586              		.loc 1 3355 3 is_stmt 1 view .LVU1578
3355:Drivers/STM32F4xx_HAL_Driver/Src/stm32f4xx_hal_spi.c ****   hspi->pRxBuffPtr++;
 4587              		.loc 1 3355 46 is_stmt 0 view .LVU1579
 4588 0002 0268     		ldr	r2, [r0]
3355:Drivers/STM32F4xx_HAL_Driver/Src/stm32f4xx_hal_spi.c ****   hspi->pRxBuffPtr++;
 4589              		.loc 1 3355 8 view .LVU1580
 4590 0004 836B     		ldr	r3, [r0, #56]
3355:Drivers/STM32F4xx_HAL_Driver/Src/stm32f4xx_hal_spi.c ****   hspi->pRxBuffPtr++;
 4591              		.loc 1 3355 24 view .LVU1581
 4592 0006 127B     		ldrb	r2, [r2, #12]	@ zero_extendqisi2
3355:Drivers/STM32F4xx_HAL_Driver/Src/stm32f4xx_hal_spi.c ****   hspi->pRxBuffPtr++;
 4593              		.loc 1 3355 21 view .LVU1582
 4594 0008 1A70     		strb	r2, [r3]
3356:Drivers/STM32F4xx_HAL_Driver/Src/stm32f4xx_hal_spi.c ****   hspi->RxXferCount--;
 4595              		.loc 1 3356 3 is_stmt 1 view .LVU1583
3356:Drivers/STM32F4xx_HAL_Driver/Src/stm32f4xx_hal_spi.c ****   hspi->RxXferCount--;
 4596              		.loc 1 3356 7 is_stmt 0 view .LVU1584
 4597 000a 836B     		ldr	r3, [r0, #56]
3356:Drivers/STM32F4xx_HAL_Driver/Src/stm32f4xx_hal_spi.c ****   hspi->RxXferCount--;
 4598              		.loc 1 3356 19 view .LVU1585
 4599 000c 0133     		adds	r3, r3, #1
 4600 000e 8363     		str	r3, [r0, #56]
3357:Drivers/STM32F4xx_HAL_Driver/Src/stm32f4xx_hal_spi.c **** 
 4601              		.loc 1 3357 3 is_stmt 1 view .LVU1586
3357:Drivers/STM32F4xx_HAL_Driver/Src/stm32f4xx_hal_spi.c **** 
 4602              		.loc 1 3357 7 is_stmt 0 view .LVU1587
 4603 0010 C38F     		ldrh	r3, [r0, #62]
3357:Drivers/STM32F4xx_HAL_Driver/Src/stm32f4xx_hal_spi.c **** 
 4604              		.loc 1 3357 20 view .LVU1588
 4605 0012 013B     		subs	r3, r3, #1
 4606 0014 C387     		strh	r3, [r0, #62]	@ movhi
3367:Drivers/STM32F4xx_HAL_Driver/Src/stm32f4xx_hal_spi.c ****   {
 4607              		.loc 1 3367 3 is_stmt 1 view .LVU1589
3367:Drivers/STM32F4xx_HAL_Driver/Src/stm32f4xx_hal_spi.c ****   {
 4608              		.loc 1 3367 11 is_stmt 0 view .LVU1590
 4609 0016 C38F     		ldrh	r3, [r0, #62]
3367:Drivers/STM32F4xx_HAL_Driver/Src/stm32f4xx_hal_spi.c ****   {
 4610              		.loc 1 3367 6 view .LVU1591
 4611 0018 03B1     		cbz	r3, .L348
 4612              	.LVL248:
 4613              	.L345:
3378:Drivers/STM32F4xx_HAL_Driver/Src/stm32f4xx_hal_spi.c **** 
 4614              		.loc 1 3378 1 view .LVU1592
 4615 001a 08BD     		pop	{r3, pc}
ARM GAS  /tmp/cci2ucsl.s 			page 177


 4616              	.LVL249:
 4617              	.L348:
3376:Drivers/STM32F4xx_HAL_Driver/Src/stm32f4xx_hal_spi.c ****   }
 4618              		.loc 1 3376 5 is_stmt 1 view .LVU1593
 4619 001c FFF7FEFF 		bl	SPI_CloseRx_ISR
 4620              	.LVL250:
3378:Drivers/STM32F4xx_HAL_Driver/Src/stm32f4xx_hal_spi.c **** 
 4621              		.loc 1 3378 1 is_stmt 0 view .LVU1594
 4622 0020 FBE7     		b	.L345
 4623              		.cfi_endproc
 4624              	.LFE263:
 4626              		.section	.text.SPI_RxISR_16BIT,"ax",%progbits
 4627              		.align	1
 4628              		.syntax unified
 4629              		.thumb
 4630              		.thumb_func
 4632              	SPI_RxISR_16BIT:
 4633              	.LVL251:
 4634              	.LFB264:
3410:Drivers/STM32F4xx_HAL_Driver/Src/stm32f4xx_hal_spi.c ****   *((uint16_t *)hspi->pRxBuffPtr) = (uint16_t)(hspi->Instance->DR);
 4635              		.loc 1 3410 1 is_stmt 1 view -0
 4636              		.cfi_startproc
 4637              		@ args = 0, pretend = 0, frame = 0
 4638              		@ frame_needed = 0, uses_anonymous_args = 0
3410:Drivers/STM32F4xx_HAL_Driver/Src/stm32f4xx_hal_spi.c ****   *((uint16_t *)hspi->pRxBuffPtr) = (uint16_t)(hspi->Instance->DR);
 4639              		.loc 1 3410 1 is_stmt 0 view .LVU1596
 4640 0000 08B5     		push	{r3, lr}
 4641              	.LCFI54:
 4642              		.cfi_def_cfa_offset 8
 4643              		.cfi_offset 3, -8
 4644              		.cfi_offset 14, -4
3411:Drivers/STM32F4xx_HAL_Driver/Src/stm32f4xx_hal_spi.c ****   hspi->pRxBuffPtr += sizeof(uint16_t);
 4645              		.loc 1 3411 3 is_stmt 1 view .LVU1597
3411:Drivers/STM32F4xx_HAL_Driver/Src/stm32f4xx_hal_spi.c ****   hspi->pRxBuffPtr += sizeof(uint16_t);
 4646              		.loc 1 3411 52 is_stmt 0 view .LVU1598
 4647 0002 0368     		ldr	r3, [r0]
3411:Drivers/STM32F4xx_HAL_Driver/Src/stm32f4xx_hal_spi.c ****   hspi->pRxBuffPtr += sizeof(uint16_t);
 4648              		.loc 1 3411 62 view .LVU1599
 4649 0004 DA68     		ldr	r2, [r3, #12]
3411:Drivers/STM32F4xx_HAL_Driver/Src/stm32f4xx_hal_spi.c ****   hspi->pRxBuffPtr += sizeof(uint16_t);
 4650              		.loc 1 3411 21 view .LVU1600
 4651 0006 836B     		ldr	r3, [r0, #56]
3411:Drivers/STM32F4xx_HAL_Driver/Src/stm32f4xx_hal_spi.c ****   hspi->pRxBuffPtr += sizeof(uint16_t);
 4652              		.loc 1 3411 35 view .LVU1601
 4653 0008 1A80     		strh	r2, [r3]	@ movhi
3412:Drivers/STM32F4xx_HAL_Driver/Src/stm32f4xx_hal_spi.c ****   hspi->RxXferCount--;
 4654              		.loc 1 3412 3 is_stmt 1 view .LVU1602
3412:Drivers/STM32F4xx_HAL_Driver/Src/stm32f4xx_hal_spi.c ****   hspi->RxXferCount--;
 4655              		.loc 1 3412 7 is_stmt 0 view .LVU1603
 4656 000a 836B     		ldr	r3, [r0, #56]
3412:Drivers/STM32F4xx_HAL_Driver/Src/stm32f4xx_hal_spi.c ****   hspi->RxXferCount--;
 4657              		.loc 1 3412 20 view .LVU1604
 4658 000c 0233     		adds	r3, r3, #2
 4659 000e 8363     		str	r3, [r0, #56]
3413:Drivers/STM32F4xx_HAL_Driver/Src/stm32f4xx_hal_spi.c **** 
 4660              		.loc 1 3413 3 is_stmt 1 view .LVU1605
3413:Drivers/STM32F4xx_HAL_Driver/Src/stm32f4xx_hal_spi.c **** 
ARM GAS  /tmp/cci2ucsl.s 			page 178


 4661              		.loc 1 3413 7 is_stmt 0 view .LVU1606
 4662 0010 C38F     		ldrh	r3, [r0, #62]
3413:Drivers/STM32F4xx_HAL_Driver/Src/stm32f4xx_hal_spi.c **** 
 4663              		.loc 1 3413 20 view .LVU1607
 4664 0012 013B     		subs	r3, r3, #1
 4665 0014 C387     		strh	r3, [r0, #62]	@ movhi
3423:Drivers/STM32F4xx_HAL_Driver/Src/stm32f4xx_hal_spi.c ****   {
 4666              		.loc 1 3423 3 is_stmt 1 view .LVU1608
3423:Drivers/STM32F4xx_HAL_Driver/Src/stm32f4xx_hal_spi.c ****   {
 4667              		.loc 1 3423 11 is_stmt 0 view .LVU1609
 4668 0016 C38F     		ldrh	r3, [r0, #62]
3423:Drivers/STM32F4xx_HAL_Driver/Src/stm32f4xx_hal_spi.c ****   {
 4669              		.loc 1 3423 6 view .LVU1610
 4670 0018 03B1     		cbz	r3, .L352
 4671              	.LVL252:
 4672              	.L349:
3434:Drivers/STM32F4xx_HAL_Driver/Src/stm32f4xx_hal_spi.c **** 
 4673              		.loc 1 3434 1 view .LVU1611
 4674 001a 08BD     		pop	{r3, pc}
 4675              	.LVL253:
 4676              	.L352:
3432:Drivers/STM32F4xx_HAL_Driver/Src/stm32f4xx_hal_spi.c ****   }
 4677              		.loc 1 3432 5 is_stmt 1 view .LVU1612
 4678 001c FFF7FEFF 		bl	SPI_CloseRx_ISR
 4679              	.LVL254:
3434:Drivers/STM32F4xx_HAL_Driver/Src/stm32f4xx_hal_spi.c **** 
 4680              		.loc 1 3434 1 is_stmt 0 view .LVU1613
 4681 0020 FBE7     		b	.L349
 4682              		.cfi_endproc
 4683              	.LFE264:
 4685              		.section	.text.SPI_CloseRxTx_ISR,"ax",%progbits
 4686              		.align	1
 4687              		.syntax unified
 4688              		.thumb
 4689              		.thumb_func
 4691              	SPI_CloseRxTx_ISR:
 4692              	.LVL255:
 4693              	.LFB270:
3667:Drivers/STM32F4xx_HAL_Driver/Src/stm32f4xx_hal_spi.c ****   uint32_t tickstart;
 4694              		.loc 1 3667 1 is_stmt 1 view -0
 4695              		.cfi_startproc
 4696              		@ args = 0, pretend = 0, frame = 8
 4697              		@ frame_needed = 0, uses_anonymous_args = 0
3667:Drivers/STM32F4xx_HAL_Driver/Src/stm32f4xx_hal_spi.c ****   uint32_t tickstart;
 4698              		.loc 1 3667 1 is_stmt 0 view .LVU1615
 4699 0000 10B5     		push	{r4, lr}
 4700              	.LCFI55:
 4701              		.cfi_def_cfa_offset 8
 4702              		.cfi_offset 4, -8
 4703              		.cfi_offset 14, -4
 4704 0002 82B0     		sub	sp, sp, #8
 4705              	.LCFI56:
 4706              		.cfi_def_cfa_offset 16
 4707 0004 0446     		mov	r4, r0
3668:Drivers/STM32F4xx_HAL_Driver/Src/stm32f4xx_hal_spi.c ****   __IO uint32_t count = SPI_DEFAULT_TIMEOUT * (SystemCoreClock / 24U / 1000U);
 4708              		.loc 1 3668 3 is_stmt 1 view .LVU1616
3669:Drivers/STM32F4xx_HAL_Driver/Src/stm32f4xx_hal_spi.c **** 
ARM GAS  /tmp/cci2ucsl.s 			page 179


 4709              		.loc 1 3669 3 view .LVU1617
3669:Drivers/STM32F4xx_HAL_Driver/Src/stm32f4xx_hal_spi.c **** 
 4710              		.loc 1 3669 70 is_stmt 0 view .LVU1618
 4711 0006 274B     		ldr	r3, .L365
 4712 0008 1B68     		ldr	r3, [r3]
 4713 000a 274A     		ldr	r2, .L365+4
 4714 000c A2FB0323 		umull	r2, r3, r2, r3
 4715 0010 5B0A     		lsrs	r3, r3, #9
3669:Drivers/STM32F4xx_HAL_Driver/Src/stm32f4xx_hal_spi.c **** 
 4716              		.loc 1 3669 45 view .LVU1619
 4717 0012 6422     		movs	r2, #100
 4718 0014 02FB03F3 		mul	r3, r2, r3
3669:Drivers/STM32F4xx_HAL_Driver/Src/stm32f4xx_hal_spi.c **** 
 4719              		.loc 1 3669 17 view .LVU1620
 4720 0018 0193     		str	r3, [sp, #4]
3672:Drivers/STM32F4xx_HAL_Driver/Src/stm32f4xx_hal_spi.c **** 
 4721              		.loc 1 3672 3 is_stmt 1 view .LVU1621
3672:Drivers/STM32F4xx_HAL_Driver/Src/stm32f4xx_hal_spi.c **** 
 4722              		.loc 1 3672 15 is_stmt 0 view .LVU1622
 4723 001a FFF7FEFF 		bl	HAL_GetTick
 4724              	.LVL256:
3672:Drivers/STM32F4xx_HAL_Driver/Src/stm32f4xx_hal_spi.c **** 
 4725              		.loc 1 3672 15 view .LVU1623
 4726 001e 0246     		mov	r2, r0
 4727              	.LVL257:
3675:Drivers/STM32F4xx_HAL_Driver/Src/stm32f4xx_hal_spi.c **** 
 4728              		.loc 1 3675 3 is_stmt 1 view .LVU1624
 4729 0020 2168     		ldr	r1, [r4]
 4730 0022 4B68     		ldr	r3, [r1, #4]
 4731 0024 23F02003 		bic	r3, r3, #32
 4732 0028 4B60     		str	r3, [r1, #4]
 4733              	.L356:
3678:Drivers/STM32F4xx_HAL_Driver/Src/stm32f4xx_hal_spi.c ****   {
 4734              		.loc 1 3678 3 view .LVU1625
3680:Drivers/STM32F4xx_HAL_Driver/Src/stm32f4xx_hal_spi.c ****     {
 4735              		.loc 1 3680 5 view .LVU1626
3680:Drivers/STM32F4xx_HAL_Driver/Src/stm32f4xx_hal_spi.c ****     {
 4736              		.loc 1 3680 15 is_stmt 0 view .LVU1627
 4737 002a 019B     		ldr	r3, [sp, #4]
3680:Drivers/STM32F4xx_HAL_Driver/Src/stm32f4xx_hal_spi.c ****     {
 4738              		.loc 1 3680 8 view .LVU1628
 4739 002c 43B1     		cbz	r3, .L363
3685:Drivers/STM32F4xx_HAL_Driver/Src/stm32f4xx_hal_spi.c ****   } while ((hspi->Instance->SR & SPI_FLAG_TXE) == RESET);
 4740              		.loc 1 3685 5 is_stmt 1 view .LVU1629
3685:Drivers/STM32F4xx_HAL_Driver/Src/stm32f4xx_hal_spi.c ****   } while ((hspi->Instance->SR & SPI_FLAG_TXE) == RESET);
 4741              		.loc 1 3685 10 is_stmt 0 view .LVU1630
 4742 002e 019B     		ldr	r3, [sp, #4]
 4743 0030 013B     		subs	r3, r3, #1
 4744 0032 0193     		str	r3, [sp, #4]
3686:Drivers/STM32F4xx_HAL_Driver/Src/stm32f4xx_hal_spi.c **** 
 4745              		.loc 1 3686 48 is_stmt 1 view .LVU1631
3686:Drivers/STM32F4xx_HAL_Driver/Src/stm32f4xx_hal_spi.c **** 
 4746              		.loc 1 3686 17 is_stmt 0 view .LVU1632
 4747 0034 2368     		ldr	r3, [r4]
3686:Drivers/STM32F4xx_HAL_Driver/Src/stm32f4xx_hal_spi.c **** 
 4748              		.loc 1 3686 27 view .LVU1633
 4749 0036 9B68     		ldr	r3, [r3, #8]
ARM GAS  /tmp/cci2ucsl.s 			page 180


3686:Drivers/STM32F4xx_HAL_Driver/Src/stm32f4xx_hal_spi.c **** 
 4750              		.loc 1 3686 48 view .LVU1634
 4751 0038 13F0020F 		tst	r3, #2
 4752 003c F5D0     		beq	.L356
 4753 003e 03E0     		b	.L355
 4754              	.L363:
3682:Drivers/STM32F4xx_HAL_Driver/Src/stm32f4xx_hal_spi.c ****       break;
 4755              		.loc 1 3682 7 is_stmt 1 view .LVU1635
 4756 0040 636D     		ldr	r3, [r4, #84]
 4757 0042 43F02003 		orr	r3, r3, #32
 4758 0046 6365     		str	r3, [r4, #84]
3683:Drivers/STM32F4xx_HAL_Driver/Src/stm32f4xx_hal_spi.c ****     }
 4759              		.loc 1 3683 7 view .LVU1636
 4760              	.L355:
3689:Drivers/STM32F4xx_HAL_Driver/Src/stm32f4xx_hal_spi.c ****   {
 4761              		.loc 1 3689 3 view .LVU1637
3689:Drivers/STM32F4xx_HAL_Driver/Src/stm32f4xx_hal_spi.c ****   {
 4762              		.loc 1 3689 7 is_stmt 0 view .LVU1638
 4763 0048 6421     		movs	r1, #100
 4764 004a 2046     		mov	r0, r4
 4765              	.LVL258:
3689:Drivers/STM32F4xx_HAL_Driver/Src/stm32f4xx_hal_spi.c ****   {
 4766              		.loc 1 3689 7 view .LVU1639
 4767 004c FFF7FEFF 		bl	SPI_EndRxTxTransaction
 4768              	.LVL259:
3689:Drivers/STM32F4xx_HAL_Driver/Src/stm32f4xx_hal_spi.c ****   {
 4769              		.loc 1 3689 6 discriminator 1 view .LVU1640
 4770 0050 18B1     		cbz	r0, .L357
3691:Drivers/STM32F4xx_HAL_Driver/Src/stm32f4xx_hal_spi.c ****   }
 4771              		.loc 1 3691 5 is_stmt 1 view .LVU1641
 4772 0052 636D     		ldr	r3, [r4, #84]
 4773 0054 43F02003 		orr	r3, r3, #32
 4774 0058 6365     		str	r3, [r4, #84]
 4775              	.L357:
3695:Drivers/STM32F4xx_HAL_Driver/Src/stm32f4xx_hal_spi.c ****   {
 4776              		.loc 1 3695 3 view .LVU1642
3695:Drivers/STM32F4xx_HAL_Driver/Src/stm32f4xx_hal_spi.c ****   {
 4777              		.loc 1 3695 17 is_stmt 0 view .LVU1643
 4778 005a A368     		ldr	r3, [r4, #8]
3695:Drivers/STM32F4xx_HAL_Driver/Src/stm32f4xx_hal_spi.c ****   {
 4779              		.loc 1 3695 6 view .LVU1644
 4780 005c 33B9     		cbnz	r3, .L358
3697:Drivers/STM32F4xx_HAL_Driver/Src/stm32f4xx_hal_spi.c ****   }
 4781              		.loc 1 3697 5 is_stmt 1 view .LVU1645
 4782              	.LBB8:
3697:Drivers/STM32F4xx_HAL_Driver/Src/stm32f4xx_hal_spi.c ****   }
 4783              		.loc 1 3697 5 view .LVU1646
 4784 005e 0093     		str	r3, [sp]
3697:Drivers/STM32F4xx_HAL_Driver/Src/stm32f4xx_hal_spi.c ****   }
 4785              		.loc 1 3697 5 view .LVU1647
 4786 0060 2368     		ldr	r3, [r4]
 4787 0062 DA68     		ldr	r2, [r3, #12]
 4788 0064 0092     		str	r2, [sp]
3697:Drivers/STM32F4xx_HAL_Driver/Src/stm32f4xx_hal_spi.c ****   }
 4789              		.loc 1 3697 5 view .LVU1648
 4790 0066 9B68     		ldr	r3, [r3, #8]
 4791 0068 0093     		str	r3, [sp]
ARM GAS  /tmp/cci2ucsl.s 			page 181


3697:Drivers/STM32F4xx_HAL_Driver/Src/stm32f4xx_hal_spi.c ****   }
 4792              		.loc 1 3697 5 view .LVU1649
 4793 006a 009B     		ldr	r3, [sp]
 4794              	.L358:
 4795              	.LBE8:
3697:Drivers/STM32F4xx_HAL_Driver/Src/stm32f4xx_hal_spi.c ****   }
 4796              		.loc 1 3697 5 discriminator 1 view .LVU1650
3717:Drivers/STM32F4xx_HAL_Driver/Src/stm32f4xx_hal_spi.c ****     {
 4797              		.loc 1 3717 5 view .LVU1651
3717:Drivers/STM32F4xx_HAL_Driver/Src/stm32f4xx_hal_spi.c ****     {
 4798              		.loc 1 3717 13 is_stmt 0 view .LVU1652
 4799 006c 636D     		ldr	r3, [r4, #84]
3717:Drivers/STM32F4xx_HAL_Driver/Src/stm32f4xx_hal_spi.c ****     {
 4800              		.loc 1 3717 8 view .LVU1653
 4801 006e 93B9     		cbnz	r3, .L359
3719:Drivers/STM32F4xx_HAL_Driver/Src/stm32f4xx_hal_spi.c ****       {
 4802              		.loc 1 3719 7 is_stmt 1 view .LVU1654
3719:Drivers/STM32F4xx_HAL_Driver/Src/stm32f4xx_hal_spi.c ****       {
 4803              		.loc 1 3719 15 is_stmt 0 view .LVU1655
 4804 0070 94F85130 		ldrb	r3, [r4, #81]	@ zero_extendqisi2
3719:Drivers/STM32F4xx_HAL_Driver/Src/stm32f4xx_hal_spi.c ****       {
 4805              		.loc 1 3719 10 view .LVU1656
 4806 0074 042B     		cmp	r3, #4
 4807 0076 07D0     		beq	.L364
3731:Drivers/STM32F4xx_HAL_Driver/Src/stm32f4xx_hal_spi.c ****         /* Call user TxRx complete callback */
 4808              		.loc 1 3731 9 is_stmt 1 view .LVU1657
3731:Drivers/STM32F4xx_HAL_Driver/Src/stm32f4xx_hal_spi.c ****         /* Call user TxRx complete callback */
 4809              		.loc 1 3731 21 is_stmt 0 view .LVU1658
 4810 0078 0123     		movs	r3, #1
 4811 007a 84F85130 		strb	r3, [r4, #81]
3736:Drivers/STM32F4xx_HAL_Driver/Src/stm32f4xx_hal_spi.c **** #endif /* USE_HAL_SPI_REGISTER_CALLBACKS */
 4812              		.loc 1 3736 9 is_stmt 1 view .LVU1659
 4813 007e 2046     		mov	r0, r4
 4814 0080 FFF7FEFF 		bl	HAL_SPI_TxRxCpltCallback
 4815              	.LVL260:
 4816              	.L353:
3753:Drivers/STM32F4xx_HAL_Driver/Src/stm32f4xx_hal_spi.c **** 
 4817              		.loc 1 3753 1 is_stmt 0 view .LVU1660
 4818 0084 02B0     		add	sp, sp, #8
 4819              	.LCFI57:
 4820              		.cfi_remember_state
 4821              		.cfi_def_cfa_offset 8
 4822              		@ sp needed
 4823 0086 10BD     		pop	{r4, pc}
 4824              	.LVL261:
 4825              	.L364:
 4826              	.LCFI58:
 4827              		.cfi_restore_state
3721:Drivers/STM32F4xx_HAL_Driver/Src/stm32f4xx_hal_spi.c ****         /* Call user Rx complete callback */
 4828              		.loc 1 3721 9 is_stmt 1 view .LVU1661
3721:Drivers/STM32F4xx_HAL_Driver/Src/stm32f4xx_hal_spi.c ****         /* Call user Rx complete callback */
 4829              		.loc 1 3721 21 is_stmt 0 view .LVU1662
 4830 0088 0123     		movs	r3, #1
 4831 008a 84F85130 		strb	r3, [r4, #81]
3726:Drivers/STM32F4xx_HAL_Driver/Src/stm32f4xx_hal_spi.c **** #endif /* USE_HAL_SPI_REGISTER_CALLBACKS */
 4832              		.loc 1 3726 9 is_stmt 1 view .LVU1663
 4833 008e 2046     		mov	r0, r4
ARM GAS  /tmp/cci2ucsl.s 			page 182


 4834 0090 FFF7FEFF 		bl	HAL_SPI_RxCpltCallback
 4835              	.LVL262:
 4836 0094 F6E7     		b	.L353
 4837              	.L359:
3742:Drivers/STM32F4xx_HAL_Driver/Src/stm32f4xx_hal_spi.c ****       /* Call user error callback */
 4838              		.loc 1 3742 7 view .LVU1664
3742:Drivers/STM32F4xx_HAL_Driver/Src/stm32f4xx_hal_spi.c ****       /* Call user error callback */
 4839              		.loc 1 3742 19 is_stmt 0 view .LVU1665
 4840 0096 0123     		movs	r3, #1
 4841 0098 84F85130 		strb	r3, [r4, #81]
3747:Drivers/STM32F4xx_HAL_Driver/Src/stm32f4xx_hal_spi.c **** #endif /* USE_HAL_SPI_REGISTER_CALLBACKS */
 4842              		.loc 1 3747 7 is_stmt 1 view .LVU1666
 4843 009c 2046     		mov	r0, r4
 4844 009e FFF7FEFF 		bl	HAL_SPI_ErrorCallback
 4845              	.LVL263:
3753:Drivers/STM32F4xx_HAL_Driver/Src/stm32f4xx_hal_spi.c **** 
 4846              		.loc 1 3753 1 is_stmt 0 view .LVU1667
 4847 00a2 EFE7     		b	.L353
 4848              	.L366:
 4849              		.align	2
 4850              	.L365:
 4851 00a4 00000000 		.word	SystemCoreClock
 4852 00a8 F1197605 		.word	91625969
 4853              		.cfi_endproc
 4854              	.LFE270:
 4856              		.section	.text.SPI_2linesTxISR_8BIT,"ax",%progbits
 4857              		.align	1
 4858              		.syntax unified
 4859              		.thumb
 4860              		.thumb_func
 4862              	SPI_2linesTxISR_8BIT:
 4863              	.LVL264:
 4864              	.LFB260:
3202:Drivers/STM32F4xx_HAL_Driver/Src/stm32f4xx_hal_spi.c ****   *(__IO uint8_t *)&hspi->Instance->DR = *((const uint8_t *)hspi->pTxBuffPtr);
 4865              		.loc 1 3202 1 is_stmt 1 view -0
 4866              		.cfi_startproc
 4867              		@ args = 0, pretend = 0, frame = 0
 4868              		@ frame_needed = 0, uses_anonymous_args = 0
3202:Drivers/STM32F4xx_HAL_Driver/Src/stm32f4xx_hal_spi.c ****   *(__IO uint8_t *)&hspi->Instance->DR = *((const uint8_t *)hspi->pTxBuffPtr);
 4869              		.loc 1 3202 1 is_stmt 0 view .LVU1669
 4870 0000 08B5     		push	{r3, lr}
 4871              	.LCFI59:
 4872              		.cfi_def_cfa_offset 8
 4873              		.cfi_offset 3, -8
 4874              		.cfi_offset 14, -4
3203:Drivers/STM32F4xx_HAL_Driver/Src/stm32f4xx_hal_spi.c ****   hspi->pTxBuffPtr++;
 4875              		.loc 1 3203 3 is_stmt 1 view .LVU1670
3203:Drivers/STM32F4xx_HAL_Driver/Src/stm32f4xx_hal_spi.c ****   hspi->pTxBuffPtr++;
 4876              		.loc 1 3203 65 is_stmt 0 view .LVU1671
 4877 0002 026B     		ldr	r2, [r0, #48]
3203:Drivers/STM32F4xx_HAL_Driver/Src/stm32f4xx_hal_spi.c ****   hspi->pTxBuffPtr++;
 4878              		.loc 1 3203 25 view .LVU1672
 4879 0004 0368     		ldr	r3, [r0]
3203:Drivers/STM32F4xx_HAL_Driver/Src/stm32f4xx_hal_spi.c ****   hspi->pTxBuffPtr++;
 4880              		.loc 1 3203 42 view .LVU1673
 4881 0006 1278     		ldrb	r2, [r2]	@ zero_extendqisi2
3203:Drivers/STM32F4xx_HAL_Driver/Src/stm32f4xx_hal_spi.c ****   hspi->pTxBuffPtr++;
ARM GAS  /tmp/cci2ucsl.s 			page 183


 4882              		.loc 1 3203 40 view .LVU1674
 4883 0008 1A73     		strb	r2, [r3, #12]
3204:Drivers/STM32F4xx_HAL_Driver/Src/stm32f4xx_hal_spi.c ****   hspi->TxXferCount--;
 4884              		.loc 1 3204 3 is_stmt 1 view .LVU1675
3204:Drivers/STM32F4xx_HAL_Driver/Src/stm32f4xx_hal_spi.c ****   hspi->TxXferCount--;
 4885              		.loc 1 3204 7 is_stmt 0 view .LVU1676
 4886 000a 036B     		ldr	r3, [r0, #48]
3204:Drivers/STM32F4xx_HAL_Driver/Src/stm32f4xx_hal_spi.c ****   hspi->TxXferCount--;
 4887              		.loc 1 3204 19 view .LVU1677
 4888 000c 0133     		adds	r3, r3, #1
 4889 000e 0363     		str	r3, [r0, #48]
3205:Drivers/STM32F4xx_HAL_Driver/Src/stm32f4xx_hal_spi.c **** 
 4890              		.loc 1 3205 3 is_stmt 1 view .LVU1678
3205:Drivers/STM32F4xx_HAL_Driver/Src/stm32f4xx_hal_spi.c **** 
 4891              		.loc 1 3205 7 is_stmt 0 view .LVU1679
 4892 0010 C38E     		ldrh	r3, [r0, #54]
3205:Drivers/STM32F4xx_HAL_Driver/Src/stm32f4xx_hal_spi.c **** 
 4893              		.loc 1 3205 20 view .LVU1680
 4894 0012 013B     		subs	r3, r3, #1
 4895 0014 C386     		strh	r3, [r0, #54]	@ movhi
3208:Drivers/STM32F4xx_HAL_Driver/Src/stm32f4xx_hal_spi.c ****   {
 4896              		.loc 1 3208 3 is_stmt 1 view .LVU1681
3208:Drivers/STM32F4xx_HAL_Driver/Src/stm32f4xx_hal_spi.c ****   {
 4897              		.loc 1 3208 11 is_stmt 0 view .LVU1682
 4898 0016 C38E     		ldrh	r3, [r0, #54]
3208:Drivers/STM32F4xx_HAL_Driver/Src/stm32f4xx_hal_spi.c ****   {
 4899              		.loc 1 3208 6 view .LVU1683
 4900 0018 33B9     		cbnz	r3, .L367
3222:Drivers/STM32F4xx_HAL_Driver/Src/stm32f4xx_hal_spi.c **** 
 4901              		.loc 1 3222 5 is_stmt 1 view .LVU1684
 4902 001a 0268     		ldr	r2, [r0]
 4903 001c 5368     		ldr	r3, [r2, #4]
 4904 001e 23F08003 		bic	r3, r3, #128
 4905 0022 5360     		str	r3, [r2, #4]
3224:Drivers/STM32F4xx_HAL_Driver/Src/stm32f4xx_hal_spi.c ****     {
 4906              		.loc 1 3224 5 view .LVU1685
3224:Drivers/STM32F4xx_HAL_Driver/Src/stm32f4xx_hal_spi.c ****     {
 4907              		.loc 1 3224 13 is_stmt 0 view .LVU1686
 4908 0024 C38F     		ldrh	r3, [r0, #62]
3224:Drivers/STM32F4xx_HAL_Driver/Src/stm32f4xx_hal_spi.c ****     {
 4909              		.loc 1 3224 8 view .LVU1687
 4910 0026 03B1     		cbz	r3, .L370
 4911              	.LVL265:
 4912              	.L367:
3229:Drivers/STM32F4xx_HAL_Driver/Src/stm32f4xx_hal_spi.c **** 
 4913              		.loc 1 3229 1 view .LVU1688
 4914 0028 08BD     		pop	{r3, pc}
 4915              	.LVL266:
 4916              	.L370:
3226:Drivers/STM32F4xx_HAL_Driver/Src/stm32f4xx_hal_spi.c ****     }
 4917              		.loc 1 3226 7 is_stmt 1 view .LVU1689
 4918 002a FFF7FEFF 		bl	SPI_CloseRxTx_ISR
 4919              	.LVL267:
3229:Drivers/STM32F4xx_HAL_Driver/Src/stm32f4xx_hal_spi.c **** 
 4920              		.loc 1 3229 1 is_stmt 0 view .LVU1690
 4921 002e FBE7     		b	.L367
 4922              		.cfi_endproc
ARM GAS  /tmp/cci2ucsl.s 			page 184


 4923              	.LFE260:
 4925              		.section	.text.SPI_2linesRxISR_8BIT,"ax",%progbits
 4926              		.align	1
 4927              		.syntax unified
 4928              		.thumb
 4929              		.thumb_func
 4931              	SPI_2linesRxISR_8BIT:
 4932              	.LVL268:
 4933              	.LFB259:
3139:Drivers/STM32F4xx_HAL_Driver/Src/stm32f4xx_hal_spi.c ****   /* Receive data in 8bit mode */
 4934              		.loc 1 3139 1 is_stmt 1 view -0
 4935              		.cfi_startproc
 4936              		@ args = 0, pretend = 0, frame = 0
 4937              		@ frame_needed = 0, uses_anonymous_args = 0
3139:Drivers/STM32F4xx_HAL_Driver/Src/stm32f4xx_hal_spi.c ****   /* Receive data in 8bit mode */
 4938              		.loc 1 3139 1 is_stmt 0 view .LVU1692
 4939 0000 08B5     		push	{r3, lr}
 4940              	.LCFI60:
 4941              		.cfi_def_cfa_offset 8
 4942              		.cfi_offset 3, -8
 4943              		.cfi_offset 14, -4
3141:Drivers/STM32F4xx_HAL_Driver/Src/stm32f4xx_hal_spi.c ****   hspi->pRxBuffPtr++;
 4944              		.loc 1 3141 3 is_stmt 1 view .LVU1693
3141:Drivers/STM32F4xx_HAL_Driver/Src/stm32f4xx_hal_spi.c ****   hspi->pRxBuffPtr++;
 4945              		.loc 1 3141 46 is_stmt 0 view .LVU1694
 4946 0002 0268     		ldr	r2, [r0]
3141:Drivers/STM32F4xx_HAL_Driver/Src/stm32f4xx_hal_spi.c ****   hspi->pRxBuffPtr++;
 4947              		.loc 1 3141 8 view .LVU1695
 4948 0004 836B     		ldr	r3, [r0, #56]
3141:Drivers/STM32F4xx_HAL_Driver/Src/stm32f4xx_hal_spi.c ****   hspi->pRxBuffPtr++;
 4949              		.loc 1 3141 23 view .LVU1696
 4950 0006 127B     		ldrb	r2, [r2, #12]	@ zero_extendqisi2
3141:Drivers/STM32F4xx_HAL_Driver/Src/stm32f4xx_hal_spi.c ****   hspi->pRxBuffPtr++;
 4951              		.loc 1 3141 21 view .LVU1697
 4952 0008 1A70     		strb	r2, [r3]
3142:Drivers/STM32F4xx_HAL_Driver/Src/stm32f4xx_hal_spi.c ****   hspi->RxXferCount--;
 4953              		.loc 1 3142 3 is_stmt 1 view .LVU1698
3142:Drivers/STM32F4xx_HAL_Driver/Src/stm32f4xx_hal_spi.c ****   hspi->RxXferCount--;
 4954              		.loc 1 3142 7 is_stmt 0 view .LVU1699
 4955 000a 836B     		ldr	r3, [r0, #56]
3142:Drivers/STM32F4xx_HAL_Driver/Src/stm32f4xx_hal_spi.c ****   hspi->RxXferCount--;
 4956              		.loc 1 3142 19 view .LVU1700
 4957 000c 0133     		adds	r3, r3, #1
 4958 000e 8363     		str	r3, [r0, #56]
3143:Drivers/STM32F4xx_HAL_Driver/Src/stm32f4xx_hal_spi.c **** 
 4959              		.loc 1 3143 3 is_stmt 1 view .LVU1701
3143:Drivers/STM32F4xx_HAL_Driver/Src/stm32f4xx_hal_spi.c **** 
 4960              		.loc 1 3143 7 is_stmt 0 view .LVU1702
 4961 0010 C38F     		ldrh	r3, [r0, #62]
3143:Drivers/STM32F4xx_HAL_Driver/Src/stm32f4xx_hal_spi.c **** 
 4962              		.loc 1 3143 20 view .LVU1703
 4963 0012 013B     		subs	r3, r3, #1
 4964 0014 C387     		strh	r3, [r0, #62]	@ movhi
3146:Drivers/STM32F4xx_HAL_Driver/Src/stm32f4xx_hal_spi.c ****   {
 4965              		.loc 1 3146 3 is_stmt 1 view .LVU1704
3146:Drivers/STM32F4xx_HAL_Driver/Src/stm32f4xx_hal_spi.c ****   {
 4966              		.loc 1 3146 11 is_stmt 0 view .LVU1705
ARM GAS  /tmp/cci2ucsl.s 			page 185


 4967 0016 C38F     		ldrh	r3, [r0, #62]
3146:Drivers/STM32F4xx_HAL_Driver/Src/stm32f4xx_hal_spi.c ****   {
 4968              		.loc 1 3146 6 view .LVU1706
 4969 0018 33B9     		cbnz	r3, .L371
3157:Drivers/STM32F4xx_HAL_Driver/Src/stm32f4xx_hal_spi.c **** 
 4970              		.loc 1 3157 5 is_stmt 1 view .LVU1707
 4971 001a 0268     		ldr	r2, [r0]
 4972 001c 5368     		ldr	r3, [r2, #4]
 4973 001e 23F06003 		bic	r3, r3, #96
 4974 0022 5360     		str	r3, [r2, #4]
3159:Drivers/STM32F4xx_HAL_Driver/Src/stm32f4xx_hal_spi.c ****     {
 4975              		.loc 1 3159 5 view .LVU1708
3159:Drivers/STM32F4xx_HAL_Driver/Src/stm32f4xx_hal_spi.c ****     {
 4976              		.loc 1 3159 13 is_stmt 0 view .LVU1709
 4977 0024 C38E     		ldrh	r3, [r0, #54]
3159:Drivers/STM32F4xx_HAL_Driver/Src/stm32f4xx_hal_spi.c ****     {
 4978              		.loc 1 3159 8 view .LVU1710
 4979 0026 03B1     		cbz	r3, .L374
 4980              	.LVL269:
 4981              	.L371:
3164:Drivers/STM32F4xx_HAL_Driver/Src/stm32f4xx_hal_spi.c **** 
 4982              		.loc 1 3164 1 view .LVU1711
 4983 0028 08BD     		pop	{r3, pc}
 4984              	.LVL270:
 4985              	.L374:
3161:Drivers/STM32F4xx_HAL_Driver/Src/stm32f4xx_hal_spi.c ****     }
 4986              		.loc 1 3161 7 is_stmt 1 view .LVU1712
 4987 002a FFF7FEFF 		bl	SPI_CloseRxTx_ISR
 4988              	.LVL271:
3164:Drivers/STM32F4xx_HAL_Driver/Src/stm32f4xx_hal_spi.c **** 
 4989              		.loc 1 3164 1 is_stmt 0 view .LVU1713
 4990 002e FBE7     		b	.L371
 4991              		.cfi_endproc
 4992              	.LFE259:
 4994              		.section	.text.SPI_2linesTxISR_16BIT,"ax",%progbits
 4995              		.align	1
 4996              		.syntax unified
 4997              		.thumb
 4998              		.thumb_func
 5000              	SPI_2linesTxISR_16BIT:
 5001              	.LVL272:
 5002              	.LFB262:
3294:Drivers/STM32F4xx_HAL_Driver/Src/stm32f4xx_hal_spi.c ****   /* Transmit data in 16 Bit mode */
 5003              		.loc 1 3294 1 is_stmt 1 view -0
 5004              		.cfi_startproc
 5005              		@ args = 0, pretend = 0, frame = 0
 5006              		@ frame_needed = 0, uses_anonymous_args = 0
3294:Drivers/STM32F4xx_HAL_Driver/Src/stm32f4xx_hal_spi.c ****   /* Transmit data in 16 Bit mode */
 5007              		.loc 1 3294 1 is_stmt 0 view .LVU1715
 5008 0000 08B5     		push	{r3, lr}
 5009              	.LCFI61:
 5010              		.cfi_def_cfa_offset 8
 5011              		.cfi_offset 3, -8
 5012              		.cfi_offset 14, -4
3296:Drivers/STM32F4xx_HAL_Driver/Src/stm32f4xx_hal_spi.c ****   hspi->pTxBuffPtr += sizeof(uint16_t);
 5013              		.loc 1 3296 3 is_stmt 1 view .LVU1716
3296:Drivers/STM32F4xx_HAL_Driver/Src/stm32f4xx_hal_spi.c ****   hspi->pTxBuffPtr += sizeof(uint16_t);
ARM GAS  /tmp/cci2ucsl.s 			page 186


 5014              		.loc 1 3296 48 is_stmt 0 view .LVU1717
 5015 0002 026B     		ldr	r2, [r0, #48]
3296:Drivers/STM32F4xx_HAL_Driver/Src/stm32f4xx_hal_spi.c ****   hspi->pTxBuffPtr += sizeof(uint16_t);
 5016              		.loc 1 3296 7 view .LVU1718
 5017 0004 0368     		ldr	r3, [r0]
3296:Drivers/STM32F4xx_HAL_Driver/Src/stm32f4xx_hal_spi.c ****   hspi->pTxBuffPtr += sizeof(uint16_t);
 5018              		.loc 1 3296 24 view .LVU1719
 5019 0006 1288     		ldrh	r2, [r2]
3296:Drivers/STM32F4xx_HAL_Driver/Src/stm32f4xx_hal_spi.c ****   hspi->pTxBuffPtr += sizeof(uint16_t);
 5020              		.loc 1 3296 22 view .LVU1720
 5021 0008 DA60     		str	r2, [r3, #12]
3297:Drivers/STM32F4xx_HAL_Driver/Src/stm32f4xx_hal_spi.c ****   hspi->TxXferCount--;
 5022              		.loc 1 3297 3 is_stmt 1 view .LVU1721
3297:Drivers/STM32F4xx_HAL_Driver/Src/stm32f4xx_hal_spi.c ****   hspi->TxXferCount--;
 5023              		.loc 1 3297 7 is_stmt 0 view .LVU1722
 5024 000a 036B     		ldr	r3, [r0, #48]
3297:Drivers/STM32F4xx_HAL_Driver/Src/stm32f4xx_hal_spi.c ****   hspi->TxXferCount--;
 5025              		.loc 1 3297 20 view .LVU1723
 5026 000c 0233     		adds	r3, r3, #2
 5027 000e 0363     		str	r3, [r0, #48]
3298:Drivers/STM32F4xx_HAL_Driver/Src/stm32f4xx_hal_spi.c **** 
 5028              		.loc 1 3298 3 is_stmt 1 view .LVU1724
3298:Drivers/STM32F4xx_HAL_Driver/Src/stm32f4xx_hal_spi.c **** 
 5029              		.loc 1 3298 7 is_stmt 0 view .LVU1725
 5030 0010 C38E     		ldrh	r3, [r0, #54]
3298:Drivers/STM32F4xx_HAL_Driver/Src/stm32f4xx_hal_spi.c **** 
 5031              		.loc 1 3298 20 view .LVU1726
 5032 0012 013B     		subs	r3, r3, #1
 5033 0014 C386     		strh	r3, [r0, #54]	@ movhi
3301:Drivers/STM32F4xx_HAL_Driver/Src/stm32f4xx_hal_spi.c ****   {
 5034              		.loc 1 3301 3 is_stmt 1 view .LVU1727
3301:Drivers/STM32F4xx_HAL_Driver/Src/stm32f4xx_hal_spi.c ****   {
 5035              		.loc 1 3301 11 is_stmt 0 view .LVU1728
 5036 0016 C38E     		ldrh	r3, [r0, #54]
3301:Drivers/STM32F4xx_HAL_Driver/Src/stm32f4xx_hal_spi.c ****   {
 5037              		.loc 1 3301 6 view .LVU1729
 5038 0018 33B9     		cbnz	r3, .L375
3315:Drivers/STM32F4xx_HAL_Driver/Src/stm32f4xx_hal_spi.c **** 
 5039              		.loc 1 3315 5 is_stmt 1 view .LVU1730
 5040 001a 0268     		ldr	r2, [r0]
 5041 001c 5368     		ldr	r3, [r2, #4]
 5042 001e 23F08003 		bic	r3, r3, #128
 5043 0022 5360     		str	r3, [r2, #4]
3317:Drivers/STM32F4xx_HAL_Driver/Src/stm32f4xx_hal_spi.c ****     {
 5044              		.loc 1 3317 5 view .LVU1731
3317:Drivers/STM32F4xx_HAL_Driver/Src/stm32f4xx_hal_spi.c ****     {
 5045              		.loc 1 3317 13 is_stmt 0 view .LVU1732
 5046 0024 C38F     		ldrh	r3, [r0, #62]
3317:Drivers/STM32F4xx_HAL_Driver/Src/stm32f4xx_hal_spi.c ****     {
 5047              		.loc 1 3317 8 view .LVU1733
 5048 0026 03B1     		cbz	r3, .L378
 5049              	.LVL273:
 5050              	.L375:
3322:Drivers/STM32F4xx_HAL_Driver/Src/stm32f4xx_hal_spi.c **** 
 5051              		.loc 1 3322 1 view .LVU1734
 5052 0028 08BD     		pop	{r3, pc}
 5053              	.LVL274:
ARM GAS  /tmp/cci2ucsl.s 			page 187


 5054              	.L378:
3319:Drivers/STM32F4xx_HAL_Driver/Src/stm32f4xx_hal_spi.c ****     }
 5055              		.loc 1 3319 7 is_stmt 1 view .LVU1735
 5056 002a FFF7FEFF 		bl	SPI_CloseRxTx_ISR
 5057              	.LVL275:
3322:Drivers/STM32F4xx_HAL_Driver/Src/stm32f4xx_hal_spi.c **** 
 5058              		.loc 1 3322 1 is_stmt 0 view .LVU1736
 5059 002e FBE7     		b	.L375
 5060              		.cfi_endproc
 5061              	.LFE262:
 5063              		.section	.text.SPI_2linesRxISR_16BIT,"ax",%progbits
 5064              		.align	1
 5065              		.syntax unified
 5066              		.thumb
 5067              		.thumb_func
 5069              	SPI_2linesRxISR_16BIT:
 5070              	.LVL276:
 5071              	.LFB261:
3238:Drivers/STM32F4xx_HAL_Driver/Src/stm32f4xx_hal_spi.c ****   /* Receive data in 16 Bit mode */
 5072              		.loc 1 3238 1 is_stmt 1 view -0
 5073              		.cfi_startproc
 5074              		@ args = 0, pretend = 0, frame = 0
 5075              		@ frame_needed = 0, uses_anonymous_args = 0
3238:Drivers/STM32F4xx_HAL_Driver/Src/stm32f4xx_hal_spi.c ****   /* Receive data in 16 Bit mode */
 5076              		.loc 1 3238 1 is_stmt 0 view .LVU1738
 5077 0000 08B5     		push	{r3, lr}
 5078              	.LCFI62:
 5079              		.cfi_def_cfa_offset 8
 5080              		.cfi_offset 3, -8
 5081              		.cfi_offset 14, -4
3240:Drivers/STM32F4xx_HAL_Driver/Src/stm32f4xx_hal_spi.c ****   hspi->pRxBuffPtr += sizeof(uint16_t);
 5082              		.loc 1 3240 3 is_stmt 1 view .LVU1739
3240:Drivers/STM32F4xx_HAL_Driver/Src/stm32f4xx_hal_spi.c ****   hspi->pRxBuffPtr += sizeof(uint16_t);
 5083              		.loc 1 3240 52 is_stmt 0 view .LVU1740
 5084 0002 0368     		ldr	r3, [r0]
3240:Drivers/STM32F4xx_HAL_Driver/Src/stm32f4xx_hal_spi.c ****   hspi->pRxBuffPtr += sizeof(uint16_t);
 5085              		.loc 1 3240 62 view .LVU1741
 5086 0004 DA68     		ldr	r2, [r3, #12]
3240:Drivers/STM32F4xx_HAL_Driver/Src/stm32f4xx_hal_spi.c ****   hspi->pRxBuffPtr += sizeof(uint16_t);
 5087              		.loc 1 3240 21 view .LVU1742
 5088 0006 836B     		ldr	r3, [r0, #56]
3240:Drivers/STM32F4xx_HAL_Driver/Src/stm32f4xx_hal_spi.c ****   hspi->pRxBuffPtr += sizeof(uint16_t);
 5089              		.loc 1 3240 35 view .LVU1743
 5090 0008 1A80     		strh	r2, [r3]	@ movhi
3241:Drivers/STM32F4xx_HAL_Driver/Src/stm32f4xx_hal_spi.c ****   hspi->RxXferCount--;
 5091              		.loc 1 3241 3 is_stmt 1 view .LVU1744
3241:Drivers/STM32F4xx_HAL_Driver/Src/stm32f4xx_hal_spi.c ****   hspi->RxXferCount--;
 5092              		.loc 1 3241 7 is_stmt 0 view .LVU1745
 5093 000a 836B     		ldr	r3, [r0, #56]
3241:Drivers/STM32F4xx_HAL_Driver/Src/stm32f4xx_hal_spi.c ****   hspi->RxXferCount--;
 5094              		.loc 1 3241 20 view .LVU1746
 5095 000c 0233     		adds	r3, r3, #2
 5096 000e 8363     		str	r3, [r0, #56]
3242:Drivers/STM32F4xx_HAL_Driver/Src/stm32f4xx_hal_spi.c **** 
 5097              		.loc 1 3242 3 is_stmt 1 view .LVU1747
3242:Drivers/STM32F4xx_HAL_Driver/Src/stm32f4xx_hal_spi.c **** 
 5098              		.loc 1 3242 7 is_stmt 0 view .LVU1748
ARM GAS  /tmp/cci2ucsl.s 			page 188


 5099 0010 C38F     		ldrh	r3, [r0, #62]
3242:Drivers/STM32F4xx_HAL_Driver/Src/stm32f4xx_hal_spi.c **** 
 5100              		.loc 1 3242 20 view .LVU1749
 5101 0012 013B     		subs	r3, r3, #1
 5102 0014 C387     		strh	r3, [r0, #62]	@ movhi
3244:Drivers/STM32F4xx_HAL_Driver/Src/stm32f4xx_hal_spi.c ****   {
 5103              		.loc 1 3244 3 is_stmt 1 view .LVU1750
3244:Drivers/STM32F4xx_HAL_Driver/Src/stm32f4xx_hal_spi.c ****   {
 5104              		.loc 1 3244 11 is_stmt 0 view .LVU1751
 5105 0016 C38F     		ldrh	r3, [r0, #62]
3244:Drivers/STM32F4xx_HAL_Driver/Src/stm32f4xx_hal_spi.c ****   {
 5106              		.loc 1 3244 6 view .LVU1752
 5107 0018 33B9     		cbnz	r3, .L379
3255:Drivers/STM32F4xx_HAL_Driver/Src/stm32f4xx_hal_spi.c **** 
 5108              		.loc 1 3255 5 is_stmt 1 view .LVU1753
 5109 001a 0268     		ldr	r2, [r0]
 5110 001c 5368     		ldr	r3, [r2, #4]
 5111 001e 23F04003 		bic	r3, r3, #64
 5112 0022 5360     		str	r3, [r2, #4]
3257:Drivers/STM32F4xx_HAL_Driver/Src/stm32f4xx_hal_spi.c ****     {
 5113              		.loc 1 3257 5 view .LVU1754
3257:Drivers/STM32F4xx_HAL_Driver/Src/stm32f4xx_hal_spi.c ****     {
 5114              		.loc 1 3257 13 is_stmt 0 view .LVU1755
 5115 0024 C38E     		ldrh	r3, [r0, #54]
3257:Drivers/STM32F4xx_HAL_Driver/Src/stm32f4xx_hal_spi.c ****     {
 5116              		.loc 1 3257 8 view .LVU1756
 5117 0026 03B1     		cbz	r3, .L382
 5118              	.LVL277:
 5119              	.L379:
3262:Drivers/STM32F4xx_HAL_Driver/Src/stm32f4xx_hal_spi.c **** 
 5120              		.loc 1 3262 1 view .LVU1757
 5121 0028 08BD     		pop	{r3, pc}
 5122              	.LVL278:
 5123              	.L382:
3259:Drivers/STM32F4xx_HAL_Driver/Src/stm32f4xx_hal_spi.c ****     }
 5124              		.loc 1 3259 7 is_stmt 1 view .LVU1758
 5125 002a FFF7FEFF 		bl	SPI_CloseRxTx_ISR
 5126              	.LVL279:
3262:Drivers/STM32F4xx_HAL_Driver/Src/stm32f4xx_hal_spi.c **** 
 5127              		.loc 1 3262 1 is_stmt 0 view .LVU1759
 5128 002e FBE7     		b	.L379
 5129              		.cfi_endproc
 5130              	.LFE261:
 5132              		.section	.text.SPI_DMAError,"ax",%progbits
 5133              		.align	1
 5134              		.syntax unified
 5135              		.thumb
 5136              		.thumb_func
 5138              	SPI_DMAError:
 5139              	.LVL280:
 5140              	.LFB255:
2970:Drivers/STM32F4xx_HAL_Driver/Src/stm32f4xx_hal_spi.c ****   SPI_HandleTypeDef *hspi = (SPI_HandleTypeDef *)(((DMA_HandleTypeDef *)hdma)->Parent);
 5141              		.loc 1 2970 1 is_stmt 1 view -0
 5142              		.cfi_startproc
 5143              		@ args = 0, pretend = 0, frame = 0
 5144              		@ frame_needed = 0, uses_anonymous_args = 0
2970:Drivers/STM32F4xx_HAL_Driver/Src/stm32f4xx_hal_spi.c ****   SPI_HandleTypeDef *hspi = (SPI_HandleTypeDef *)(((DMA_HandleTypeDef *)hdma)->Parent);
ARM GAS  /tmp/cci2ucsl.s 			page 189


 5145              		.loc 1 2970 1 is_stmt 0 view .LVU1761
 5146 0000 08B5     		push	{r3, lr}
 5147              	.LCFI63:
 5148              		.cfi_def_cfa_offset 8
 5149              		.cfi_offset 3, -8
 5150              		.cfi_offset 14, -4
2971:Drivers/STM32F4xx_HAL_Driver/Src/stm32f4xx_hal_spi.c **** 
 5151              		.loc 1 2971 3 is_stmt 1 view .LVU1762
2971:Drivers/STM32F4xx_HAL_Driver/Src/stm32f4xx_hal_spi.c **** 
 5152              		.loc 1 2971 22 is_stmt 0 view .LVU1763
 5153 0002 806B     		ldr	r0, [r0, #56]
 5154              	.LVL281:
2974:Drivers/STM32F4xx_HAL_Driver/Src/stm32f4xx_hal_spi.c **** 
 5155              		.loc 1 2974 3 is_stmt 1 view .LVU1764
 5156 0004 0268     		ldr	r2, [r0]
 5157 0006 5368     		ldr	r3, [r2, #4]
 5158 0008 23F00303 		bic	r3, r3, #3
 5159 000c 5360     		str	r3, [r2, #4]
2976:Drivers/STM32F4xx_HAL_Driver/Src/stm32f4xx_hal_spi.c ****   hspi->State = HAL_SPI_STATE_READY;
 5160              		.loc 1 2976 3 view .LVU1765
 5161 000e 436D     		ldr	r3, [r0, #84]
 5162 0010 43F01003 		orr	r3, r3, #16
 5163 0014 4365     		str	r3, [r0, #84]
2977:Drivers/STM32F4xx_HAL_Driver/Src/stm32f4xx_hal_spi.c ****   /* Call user error callback */
 5164              		.loc 1 2977 3 view .LVU1766
2977:Drivers/STM32F4xx_HAL_Driver/Src/stm32f4xx_hal_spi.c ****   /* Call user error callback */
 5165              		.loc 1 2977 15 is_stmt 0 view .LVU1767
 5166 0016 0123     		movs	r3, #1
 5167 0018 80F85130 		strb	r3, [r0, #81]
2982:Drivers/STM32F4xx_HAL_Driver/Src/stm32f4xx_hal_spi.c **** #endif /* USE_HAL_SPI_REGISTER_CALLBACKS */
 5168              		.loc 1 2982 3 is_stmt 1 view .LVU1768
 5169 001c FFF7FEFF 		bl	HAL_SPI_ErrorCallback
 5170              	.LVL282:
2984:Drivers/STM32F4xx_HAL_Driver/Src/stm32f4xx_hal_spi.c **** 
 5171              		.loc 1 2984 1 is_stmt 0 view .LVU1769
 5172 0020 08BD     		pop	{r3, pc}
 5173              		.cfi_endproc
 5174              	.LFE255:
 5176              		.section	.text.SPI_DMATransmitCplt,"ax",%progbits
 5177              		.align	1
 5178              		.syntax unified
 5179              		.thumb
 5180              		.thumb_func
 5182              	SPI_DMATransmitCplt:
 5183              	.LVL283:
 5184              	.LFB249:
2690:Drivers/STM32F4xx_HAL_Driver/Src/stm32f4xx_hal_spi.c ****   SPI_HandleTypeDef *hspi = (SPI_HandleTypeDef *)(((DMA_HandleTypeDef *)hdma)->Parent);
 5185              		.loc 1 2690 1 is_stmt 1 view -0
 5186              		.cfi_startproc
 5187              		@ args = 0, pretend = 0, frame = 8
 5188              		@ frame_needed = 0, uses_anonymous_args = 0
2690:Drivers/STM32F4xx_HAL_Driver/Src/stm32f4xx_hal_spi.c ****   SPI_HandleTypeDef *hspi = (SPI_HandleTypeDef *)(((DMA_HandleTypeDef *)hdma)->Parent);
 5189              		.loc 1 2690 1 is_stmt 0 view .LVU1771
 5190 0000 30B5     		push	{r4, r5, lr}
 5191              	.LCFI64:
 5192              		.cfi_def_cfa_offset 12
 5193              		.cfi_offset 4, -12
ARM GAS  /tmp/cci2ucsl.s 			page 190


 5194              		.cfi_offset 5, -8
 5195              		.cfi_offset 14, -4
 5196 0002 83B0     		sub	sp, sp, #12
 5197              	.LCFI65:
 5198              		.cfi_def_cfa_offset 24
 5199 0004 0546     		mov	r5, r0
2691:Drivers/STM32F4xx_HAL_Driver/Src/stm32f4xx_hal_spi.c ****   uint32_t tickstart;
 5200              		.loc 1 2691 3 is_stmt 1 view .LVU1772
2691:Drivers/STM32F4xx_HAL_Driver/Src/stm32f4xx_hal_spi.c ****   uint32_t tickstart;
 5201              		.loc 1 2691 22 is_stmt 0 view .LVU1773
 5202 0006 846B     		ldr	r4, [r0, #56]
 5203              	.LVL284:
2692:Drivers/STM32F4xx_HAL_Driver/Src/stm32f4xx_hal_spi.c **** 
 5204              		.loc 1 2692 3 is_stmt 1 view .LVU1774
2695:Drivers/STM32F4xx_HAL_Driver/Src/stm32f4xx_hal_spi.c **** 
 5205              		.loc 1 2695 3 view .LVU1775
2695:Drivers/STM32F4xx_HAL_Driver/Src/stm32f4xx_hal_spi.c **** 
 5206              		.loc 1 2695 15 is_stmt 0 view .LVU1776
 5207 0008 FFF7FEFF 		bl	HAL_GetTick
 5208              	.LVL285:
2698:Drivers/STM32F4xx_HAL_Driver/Src/stm32f4xx_hal_spi.c ****   {
 5209              		.loc 1 2698 3 is_stmt 1 view .LVU1777
2698:Drivers/STM32F4xx_HAL_Driver/Src/stm32f4xx_hal_spi.c ****   {
 5210              		.loc 1 2698 12 is_stmt 0 view .LVU1778
 5211 000c 2B68     		ldr	r3, [r5]
2698:Drivers/STM32F4xx_HAL_Driver/Src/stm32f4xx_hal_spi.c ****   {
 5212              		.loc 1 2698 22 view .LVU1779
 5213 000e 1B68     		ldr	r3, [r3]
2698:Drivers/STM32F4xx_HAL_Driver/Src/stm32f4xx_hal_spi.c ****   {
 5214              		.loc 1 2698 6 view .LVU1780
 5215 0010 13F4807F 		tst	r3, #256
 5216 0014 23D1     		bne	.L386
 5217 0016 0246     		mov	r2, r0
2701:Drivers/STM32F4xx_HAL_Driver/Src/stm32f4xx_hal_spi.c **** 
 5218              		.loc 1 2701 5 is_stmt 1 view .LVU1781
 5219 0018 2168     		ldr	r1, [r4]
 5220 001a 4B68     		ldr	r3, [r1, #4]
 5221 001c 23F02003 		bic	r3, r3, #32
 5222 0020 4B60     		str	r3, [r1, #4]
2704:Drivers/STM32F4xx_HAL_Driver/Src/stm32f4xx_hal_spi.c **** 
 5223              		.loc 1 2704 5 view .LVU1782
 5224 0022 2168     		ldr	r1, [r4]
 5225 0024 4B68     		ldr	r3, [r1, #4]
 5226 0026 23F00203 		bic	r3, r3, #2
 5227 002a 4B60     		str	r3, [r1, #4]
2707:Drivers/STM32F4xx_HAL_Driver/Src/stm32f4xx_hal_spi.c ****     {
 5228              		.loc 1 2707 5 view .LVU1783
2707:Drivers/STM32F4xx_HAL_Driver/Src/stm32f4xx_hal_spi.c ****     {
 5229              		.loc 1 2707 9 is_stmt 0 view .LVU1784
 5230 002c 6421     		movs	r1, #100
 5231 002e 2046     		mov	r0, r4
 5232              	.LVL286:
2707:Drivers/STM32F4xx_HAL_Driver/Src/stm32f4xx_hal_spi.c ****     {
 5233              		.loc 1 2707 9 view .LVU1785
 5234 0030 FFF7FEFF 		bl	SPI_EndRxTxTransaction
 5235              	.LVL287:
2707:Drivers/STM32F4xx_HAL_Driver/Src/stm32f4xx_hal_spi.c ****     {
ARM GAS  /tmp/cci2ucsl.s 			page 191


 5236              		.loc 1 2707 8 discriminator 1 view .LVU1786
 5237 0034 18B1     		cbz	r0, .L387
2709:Drivers/STM32F4xx_HAL_Driver/Src/stm32f4xx_hal_spi.c ****     }
 5238              		.loc 1 2709 7 is_stmt 1 view .LVU1787
 5239 0036 636D     		ldr	r3, [r4, #84]
 5240 0038 43F02003 		orr	r3, r3, #32
 5241 003c 6365     		str	r3, [r4, #84]
 5242              	.L387:
2713:Drivers/STM32F4xx_HAL_Driver/Src/stm32f4xx_hal_spi.c ****     {
 5243              		.loc 1 2713 5 view .LVU1788
2713:Drivers/STM32F4xx_HAL_Driver/Src/stm32f4xx_hal_spi.c ****     {
 5244              		.loc 1 2713 19 is_stmt 0 view .LVU1789
 5245 003e A368     		ldr	r3, [r4, #8]
2713:Drivers/STM32F4xx_HAL_Driver/Src/stm32f4xx_hal_spi.c ****     {
 5246              		.loc 1 2713 8 view .LVU1790
 5247 0040 33B9     		cbnz	r3, .L388
2715:Drivers/STM32F4xx_HAL_Driver/Src/stm32f4xx_hal_spi.c ****     }
 5248              		.loc 1 2715 7 is_stmt 1 view .LVU1791
 5249              	.LBB9:
2715:Drivers/STM32F4xx_HAL_Driver/Src/stm32f4xx_hal_spi.c ****     }
 5250              		.loc 1 2715 7 view .LVU1792
 5251 0042 0193     		str	r3, [sp, #4]
2715:Drivers/STM32F4xx_HAL_Driver/Src/stm32f4xx_hal_spi.c ****     }
 5252              		.loc 1 2715 7 view .LVU1793
 5253 0044 2368     		ldr	r3, [r4]
 5254 0046 DA68     		ldr	r2, [r3, #12]
 5255 0048 0192     		str	r2, [sp, #4]
2715:Drivers/STM32F4xx_HAL_Driver/Src/stm32f4xx_hal_spi.c ****     }
 5256              		.loc 1 2715 7 view .LVU1794
 5257 004a 9B68     		ldr	r3, [r3, #8]
 5258 004c 0193     		str	r3, [sp, #4]
2715:Drivers/STM32F4xx_HAL_Driver/Src/stm32f4xx_hal_spi.c ****     }
 5259              		.loc 1 2715 7 view .LVU1795
 5260 004e 019B     		ldr	r3, [sp, #4]
 5261              	.L388:
 5262              	.LBE9:
2715:Drivers/STM32F4xx_HAL_Driver/Src/stm32f4xx_hal_spi.c ****     }
 5263              		.loc 1 2715 7 discriminator 1 view .LVU1796
2718:Drivers/STM32F4xx_HAL_Driver/Src/stm32f4xx_hal_spi.c ****     hspi->State = HAL_SPI_STATE_READY;
 5264              		.loc 1 2718 5 view .LVU1797
2718:Drivers/STM32F4xx_HAL_Driver/Src/stm32f4xx_hal_spi.c ****     hspi->State = HAL_SPI_STATE_READY;
 5265              		.loc 1 2718 23 is_stmt 0 view .LVU1798
 5266 0050 0023     		movs	r3, #0
 5267 0052 E386     		strh	r3, [r4, #54]	@ movhi
2719:Drivers/STM32F4xx_HAL_Driver/Src/stm32f4xx_hal_spi.c **** 
 5268              		.loc 1 2719 5 is_stmt 1 view .LVU1799
2719:Drivers/STM32F4xx_HAL_Driver/Src/stm32f4xx_hal_spi.c **** 
 5269              		.loc 1 2719 17 is_stmt 0 view .LVU1800
 5270 0054 0123     		movs	r3, #1
 5271 0056 84F85130 		strb	r3, [r4, #81]
2721:Drivers/STM32F4xx_HAL_Driver/Src/stm32f4xx_hal_spi.c ****     {
 5272              		.loc 1 2721 5 is_stmt 1 view .LVU1801
2721:Drivers/STM32F4xx_HAL_Driver/Src/stm32f4xx_hal_spi.c ****     {
 5273              		.loc 1 2721 13 is_stmt 0 view .LVU1802
 5274 005a 636D     		ldr	r3, [r4, #84]
2721:Drivers/STM32F4xx_HAL_Driver/Src/stm32f4xx_hal_spi.c ****     {
 5275              		.loc 1 2721 8 view .LVU1803
ARM GAS  /tmp/cci2ucsl.s 			page 192


 5276 005c 23B9     		cbnz	r3, .L391
 5277              	.L386:
2736:Drivers/STM32F4xx_HAL_Driver/Src/stm32f4xx_hal_spi.c **** #endif /* USE_HAL_SPI_REGISTER_CALLBACKS */
 5278              		.loc 1 2736 3 is_stmt 1 view .LVU1804
 5279 005e 2046     		mov	r0, r4
 5280 0060 FFF7FEFF 		bl	HAL_SPI_TxCpltCallback
 5281              	.LVL288:
 5282              	.L385:
2738:Drivers/STM32F4xx_HAL_Driver/Src/stm32f4xx_hal_spi.c **** 
 5283              		.loc 1 2738 1 is_stmt 0 view .LVU1805
 5284 0064 03B0     		add	sp, sp, #12
 5285              	.LCFI66:
 5286              		.cfi_remember_state
 5287              		.cfi_def_cfa_offset 12
 5288              		@ sp needed
 5289 0066 30BD     		pop	{r4, r5, pc}
 5290              	.LVL289:
 5291              	.L391:
 5292              	.LCFI67:
 5293              		.cfi_restore_state
2727:Drivers/STM32F4xx_HAL_Driver/Src/stm32f4xx_hal_spi.c **** #endif /* USE_HAL_SPI_REGISTER_CALLBACKS */
 5294              		.loc 1 2727 7 is_stmt 1 view .LVU1806
 5295 0068 2046     		mov	r0, r4
 5296 006a FFF7FEFF 		bl	HAL_SPI_ErrorCallback
 5297              	.LVL290:
2729:Drivers/STM32F4xx_HAL_Driver/Src/stm32f4xx_hal_spi.c ****     }
 5298              		.loc 1 2729 7 view .LVU1807
 5299 006e F9E7     		b	.L385
 5300              		.cfi_endproc
 5301              	.LFE249:
 5303              		.section	.text.SPI_DMAReceiveCplt,"ax",%progbits
 5304              		.align	1
 5305              		.syntax unified
 5306              		.thumb
 5307              		.thumb_func
 5309              	SPI_DMAReceiveCplt:
 5310              	.LVL291:
 5311              	.LFB250:
2747:Drivers/STM32F4xx_HAL_Driver/Src/stm32f4xx_hal_spi.c ****   SPI_HandleTypeDef *hspi = (SPI_HandleTypeDef *)(((DMA_HandleTypeDef *)hdma)->Parent);
 5312              		.loc 1 2747 1 view -0
 5313              		.cfi_startproc
 5314              		@ args = 0, pretend = 0, frame = 0
 5315              		@ frame_needed = 0, uses_anonymous_args = 0
2747:Drivers/STM32F4xx_HAL_Driver/Src/stm32f4xx_hal_spi.c ****   SPI_HandleTypeDef *hspi = (SPI_HandleTypeDef *)(((DMA_HandleTypeDef *)hdma)->Parent);
 5316              		.loc 1 2747 1 is_stmt 0 view .LVU1809
 5317 0000 38B5     		push	{r3, r4, r5, lr}
 5318              	.LCFI68:
 5319              		.cfi_def_cfa_offset 16
 5320              		.cfi_offset 3, -16
 5321              		.cfi_offset 4, -12
 5322              		.cfi_offset 5, -8
 5323              		.cfi_offset 14, -4
 5324 0002 0546     		mov	r5, r0
2748:Drivers/STM32F4xx_HAL_Driver/Src/stm32f4xx_hal_spi.c ****   uint32_t tickstart;
 5325              		.loc 1 2748 3 is_stmt 1 view .LVU1810
2748:Drivers/STM32F4xx_HAL_Driver/Src/stm32f4xx_hal_spi.c ****   uint32_t tickstart;
 5326              		.loc 1 2748 22 is_stmt 0 view .LVU1811
ARM GAS  /tmp/cci2ucsl.s 			page 193


 5327 0004 846B     		ldr	r4, [r0, #56]
 5328              	.LVL292:
2749:Drivers/STM32F4xx_HAL_Driver/Src/stm32f4xx_hal_spi.c **** #if (USE_SPI_CRC != 0U)
 5329              		.loc 1 2749 3 is_stmt 1 view .LVU1812
2755:Drivers/STM32F4xx_HAL_Driver/Src/stm32f4xx_hal_spi.c **** 
 5330              		.loc 1 2755 3 view .LVU1813
2755:Drivers/STM32F4xx_HAL_Driver/Src/stm32f4xx_hal_spi.c **** 
 5331              		.loc 1 2755 15 is_stmt 0 view .LVU1814
 5332 0006 FFF7FEFF 		bl	HAL_GetTick
 5333              	.LVL293:
2758:Drivers/STM32F4xx_HAL_Driver/Src/stm32f4xx_hal_spi.c ****   {
 5334              		.loc 1 2758 3 is_stmt 1 view .LVU1815
2758:Drivers/STM32F4xx_HAL_Driver/Src/stm32f4xx_hal_spi.c ****   {
 5335              		.loc 1 2758 12 is_stmt 0 view .LVU1816
 5336 000a 2B68     		ldr	r3, [r5]
2758:Drivers/STM32F4xx_HAL_Driver/Src/stm32f4xx_hal_spi.c ****   {
 5337              		.loc 1 2758 22 view .LVU1817
 5338 000c 1B68     		ldr	r3, [r3]
2758:Drivers/STM32F4xx_HAL_Driver/Src/stm32f4xx_hal_spi.c ****   {
 5339              		.loc 1 2758 6 view .LVU1818
 5340 000e 13F4807F 		tst	r3, #256
 5341 0012 1ED1     		bne	.L393
 5342 0014 0246     		mov	r2, r0
2761:Drivers/STM32F4xx_HAL_Driver/Src/stm32f4xx_hal_spi.c **** 
 5343              		.loc 1 2761 5 is_stmt 1 view .LVU1819
 5344 0016 2168     		ldr	r1, [r4]
 5345 0018 4B68     		ldr	r3, [r1, #4]
 5346 001a 23F02003 		bic	r3, r3, #32
 5347 001e 4B60     		str	r3, [r1, #4]
2781:Drivers/STM32F4xx_HAL_Driver/Src/stm32f4xx_hal_spi.c ****     {
 5348              		.loc 1 2781 5 view .LVU1820
2781:Drivers/STM32F4xx_HAL_Driver/Src/stm32f4xx_hal_spi.c ****     {
 5349              		.loc 1 2781 20 is_stmt 0 view .LVU1821
 5350 0020 A368     		ldr	r3, [r4, #8]
2781:Drivers/STM32F4xx_HAL_Driver/Src/stm32f4xx_hal_spi.c ****     {
 5351              		.loc 1 2781 8 view .LVU1822
 5352 0022 1BB9     		cbnz	r3, .L394
2781:Drivers/STM32F4xx_HAL_Driver/Src/stm32f4xx_hal_spi.c ****     {
 5353              		.loc 1 2781 70 discriminator 1 view .LVU1823
 5354 0024 6368     		ldr	r3, [r4, #4]
2781:Drivers/STM32F4xx_HAL_Driver/Src/stm32f4xx_hal_spi.c ****     {
 5355              		.loc 1 2781 56 discriminator 1 view .LVU1824
 5356 0026 B3F5827F 		cmp	r3, #260
 5357 002a 16D0     		beq	.L399
 5358              	.L394:
2789:Drivers/STM32F4xx_HAL_Driver/Src/stm32f4xx_hal_spi.c ****     }
 5359              		.loc 1 2789 7 is_stmt 1 view .LVU1825
 5360 002c 2168     		ldr	r1, [r4]
 5361 002e 4B68     		ldr	r3, [r1, #4]
 5362 0030 23F00103 		bic	r3, r3, #1
 5363 0034 4B60     		str	r3, [r1, #4]
 5364              	.L395:
2793:Drivers/STM32F4xx_HAL_Driver/Src/stm32f4xx_hal_spi.c ****     {
 5365              		.loc 1 2793 5 view .LVU1826
2793:Drivers/STM32F4xx_HAL_Driver/Src/stm32f4xx_hal_spi.c ****     {
 5366              		.loc 1 2793 9 is_stmt 0 view .LVU1827
 5367 0036 6421     		movs	r1, #100
ARM GAS  /tmp/cci2ucsl.s 			page 194


 5368 0038 2046     		mov	r0, r4
 5369              	.LVL294:
2793:Drivers/STM32F4xx_HAL_Driver/Src/stm32f4xx_hal_spi.c ****     {
 5370              		.loc 1 2793 9 view .LVU1828
 5371 003a FFF7FEFF 		bl	SPI_EndRxTransaction
 5372              	.LVL295:
2793:Drivers/STM32F4xx_HAL_Driver/Src/stm32f4xx_hal_spi.c ****     {
 5373              		.loc 1 2793 8 discriminator 1 view .LVU1829
 5374 003e 08B1     		cbz	r0, .L396
2795:Drivers/STM32F4xx_HAL_Driver/Src/stm32f4xx_hal_spi.c ****     }
 5375              		.loc 1 2795 7 is_stmt 1 view .LVU1830
2795:Drivers/STM32F4xx_HAL_Driver/Src/stm32f4xx_hal_spi.c ****     }
 5376              		.loc 1 2795 23 is_stmt 0 view .LVU1831
 5377 0040 2023     		movs	r3, #32
 5378 0042 6365     		str	r3, [r4, #84]
 5379              	.L396:
2798:Drivers/STM32F4xx_HAL_Driver/Src/stm32f4xx_hal_spi.c ****     hspi->State = HAL_SPI_STATE_READY;
 5380              		.loc 1 2798 5 is_stmt 1 view .LVU1832
2798:Drivers/STM32F4xx_HAL_Driver/Src/stm32f4xx_hal_spi.c ****     hspi->State = HAL_SPI_STATE_READY;
 5381              		.loc 1 2798 23 is_stmt 0 view .LVU1833
 5382 0044 0023     		movs	r3, #0
 5383 0046 E387     		strh	r3, [r4, #62]	@ movhi
2799:Drivers/STM32F4xx_HAL_Driver/Src/stm32f4xx_hal_spi.c **** 
 5384              		.loc 1 2799 5 is_stmt 1 view .LVU1834
2799:Drivers/STM32F4xx_HAL_Driver/Src/stm32f4xx_hal_spi.c **** 
 5385              		.loc 1 2799 17 is_stmt 0 view .LVU1835
 5386 0048 0123     		movs	r3, #1
 5387 004a 84F85130 		strb	r3, [r4, #81]
2810:Drivers/STM32F4xx_HAL_Driver/Src/stm32f4xx_hal_spi.c ****     {
 5388              		.loc 1 2810 5 is_stmt 1 view .LVU1836
2810:Drivers/STM32F4xx_HAL_Driver/Src/stm32f4xx_hal_spi.c ****     {
 5389              		.loc 1 2810 13 is_stmt 0 view .LVU1837
 5390 004e 636D     		ldr	r3, [r4, #84]
2810:Drivers/STM32F4xx_HAL_Driver/Src/stm32f4xx_hal_spi.c ****     {
 5391              		.loc 1 2810 8 view .LVU1838
 5392 0050 4BB9     		cbnz	r3, .L400
 5393              	.L393:
2825:Drivers/STM32F4xx_HAL_Driver/Src/stm32f4xx_hal_spi.c **** #endif /* USE_HAL_SPI_REGISTER_CALLBACKS */
 5394              		.loc 1 2825 3 is_stmt 1 view .LVU1839
 5395 0052 2046     		mov	r0, r4
 5396 0054 FFF7FEFF 		bl	HAL_SPI_RxCpltCallback
 5397              	.LVL296:
 5398              	.L392:
2827:Drivers/STM32F4xx_HAL_Driver/Src/stm32f4xx_hal_spi.c **** 
 5399              		.loc 1 2827 1 is_stmt 0 view .LVU1840
 5400 0058 38BD     		pop	{r3, r4, r5, pc}
 5401              	.LVL297:
 5402              	.L399:
2784:Drivers/STM32F4xx_HAL_Driver/Src/stm32f4xx_hal_spi.c ****     }
 5403              		.loc 1 2784 7 is_stmt 1 view .LVU1841
 5404 005a 2168     		ldr	r1, [r4]
 5405 005c 4B68     		ldr	r3, [r1, #4]
 5406 005e 23F00303 		bic	r3, r3, #3
 5407 0062 4B60     		str	r3, [r1, #4]
 5408 0064 E7E7     		b	.L395
 5409              	.LVL298:
 5410              	.L400:
ARM GAS  /tmp/cci2ucsl.s 			page 195


2816:Drivers/STM32F4xx_HAL_Driver/Src/stm32f4xx_hal_spi.c **** #endif /* USE_HAL_SPI_REGISTER_CALLBACKS */
 5411              		.loc 1 2816 7 view .LVU1842
 5412 0066 2046     		mov	r0, r4
 5413 0068 FFF7FEFF 		bl	HAL_SPI_ErrorCallback
 5414              	.LVL299:
2818:Drivers/STM32F4xx_HAL_Driver/Src/stm32f4xx_hal_spi.c ****     }
 5415              		.loc 1 2818 7 view .LVU1843
 5416 006c F4E7     		b	.L392
 5417              		.cfi_endproc
 5418              	.LFE250:
 5420              		.section	.text.SPI_DMATransmitReceiveCplt,"ax",%progbits
 5421              		.align	1
 5422              		.syntax unified
 5423              		.thumb
 5424              		.thumb_func
 5426              	SPI_DMATransmitReceiveCplt:
 5427              	.LVL300:
 5428              	.LFB251:
2836:Drivers/STM32F4xx_HAL_Driver/Src/stm32f4xx_hal_spi.c ****   SPI_HandleTypeDef *hspi = (SPI_HandleTypeDef *)(((DMA_HandleTypeDef *)hdma)->Parent);
 5429              		.loc 1 2836 1 view -0
 5430              		.cfi_startproc
 5431              		@ args = 0, pretend = 0, frame = 0
 5432              		@ frame_needed = 0, uses_anonymous_args = 0
2836:Drivers/STM32F4xx_HAL_Driver/Src/stm32f4xx_hal_spi.c ****   SPI_HandleTypeDef *hspi = (SPI_HandleTypeDef *)(((DMA_HandleTypeDef *)hdma)->Parent);
 5433              		.loc 1 2836 1 is_stmt 0 view .LVU1845
 5434 0000 38B5     		push	{r3, r4, r5, lr}
 5435              	.LCFI69:
 5436              		.cfi_def_cfa_offset 16
 5437              		.cfi_offset 3, -16
 5438              		.cfi_offset 4, -12
 5439              		.cfi_offset 5, -8
 5440              		.cfi_offset 14, -4
 5441 0002 0546     		mov	r5, r0
2837:Drivers/STM32F4xx_HAL_Driver/Src/stm32f4xx_hal_spi.c ****   uint32_t tickstart;
 5442              		.loc 1 2837 3 is_stmt 1 view .LVU1846
2837:Drivers/STM32F4xx_HAL_Driver/Src/stm32f4xx_hal_spi.c ****   uint32_t tickstart;
 5443              		.loc 1 2837 22 is_stmt 0 view .LVU1847
 5444 0004 846B     		ldr	r4, [r0, #56]
 5445              	.LVL301:
2838:Drivers/STM32F4xx_HAL_Driver/Src/stm32f4xx_hal_spi.c **** #if (USE_SPI_CRC != 0U)
 5446              		.loc 1 2838 3 is_stmt 1 view .LVU1848
2844:Drivers/STM32F4xx_HAL_Driver/Src/stm32f4xx_hal_spi.c **** 
 5447              		.loc 1 2844 3 view .LVU1849
2844:Drivers/STM32F4xx_HAL_Driver/Src/stm32f4xx_hal_spi.c **** 
 5448              		.loc 1 2844 15 is_stmt 0 view .LVU1850
 5449 0006 FFF7FEFF 		bl	HAL_GetTick
 5450              	.LVL302:
2847:Drivers/STM32F4xx_HAL_Driver/Src/stm32f4xx_hal_spi.c ****   {
 5451              		.loc 1 2847 3 is_stmt 1 view .LVU1851
2847:Drivers/STM32F4xx_HAL_Driver/Src/stm32f4xx_hal_spi.c ****   {
 5452              		.loc 1 2847 12 is_stmt 0 view .LVU1852
 5453 000a 2B68     		ldr	r3, [r5]
2847:Drivers/STM32F4xx_HAL_Driver/Src/stm32f4xx_hal_spi.c ****   {
 5454              		.loc 1 2847 22 view .LVU1853
 5455 000c 1B68     		ldr	r3, [r3]
2847:Drivers/STM32F4xx_HAL_Driver/Src/stm32f4xx_hal_spi.c ****   {
 5456              		.loc 1 2847 6 view .LVU1854
ARM GAS  /tmp/cci2ucsl.s 			page 196


 5457 000e 13F4807F 		tst	r3, #256
 5458 0012 1BD1     		bne	.L402
 5459 0014 0246     		mov	r2, r0
2850:Drivers/STM32F4xx_HAL_Driver/Src/stm32f4xx_hal_spi.c **** 
 5460              		.loc 1 2850 5 is_stmt 1 view .LVU1855
 5461 0016 2168     		ldr	r1, [r4]
 5462 0018 4B68     		ldr	r3, [r1, #4]
 5463 001a 23F02003 		bic	r3, r3, #32
 5464 001e 4B60     		str	r3, [r1, #4]
2869:Drivers/STM32F4xx_HAL_Driver/Src/stm32f4xx_hal_spi.c ****     {
 5465              		.loc 1 2869 5 view .LVU1856
2869:Drivers/STM32F4xx_HAL_Driver/Src/stm32f4xx_hal_spi.c ****     {
 5466              		.loc 1 2869 9 is_stmt 0 view .LVU1857
 5467 0020 6421     		movs	r1, #100
 5468 0022 2046     		mov	r0, r4
 5469              	.LVL303:
2869:Drivers/STM32F4xx_HAL_Driver/Src/stm32f4xx_hal_spi.c ****     {
 5470              		.loc 1 2869 9 view .LVU1858
 5471 0024 FFF7FEFF 		bl	SPI_EndRxTxTransaction
 5472              	.LVL304:
2869:Drivers/STM32F4xx_HAL_Driver/Src/stm32f4xx_hal_spi.c ****     {
 5473              		.loc 1 2869 8 discriminator 1 view .LVU1859
 5474 0028 18B1     		cbz	r0, .L403
2871:Drivers/STM32F4xx_HAL_Driver/Src/stm32f4xx_hal_spi.c ****     }
 5475              		.loc 1 2871 7 is_stmt 1 view .LVU1860
 5476 002a 636D     		ldr	r3, [r4, #84]
 5477 002c 43F02003 		orr	r3, r3, #32
 5478 0030 6365     		str	r3, [r4, #84]
 5479              	.L403:
2875:Drivers/STM32F4xx_HAL_Driver/Src/stm32f4xx_hal_spi.c **** 
 5480              		.loc 1 2875 5 view .LVU1861
 5481 0032 2268     		ldr	r2, [r4]
 5482 0034 5368     		ldr	r3, [r2, #4]
 5483 0036 23F00303 		bic	r3, r3, #3
 5484 003a 5360     		str	r3, [r2, #4]
2877:Drivers/STM32F4xx_HAL_Driver/Src/stm32f4xx_hal_spi.c ****     hspi->RxXferCount = 0U;
 5485              		.loc 1 2877 5 view .LVU1862
2877:Drivers/STM32F4xx_HAL_Driver/Src/stm32f4xx_hal_spi.c ****     hspi->RxXferCount = 0U;
 5486              		.loc 1 2877 23 is_stmt 0 view .LVU1863
 5487 003c 0023     		movs	r3, #0
 5488 003e E386     		strh	r3, [r4, #54]	@ movhi
2878:Drivers/STM32F4xx_HAL_Driver/Src/stm32f4xx_hal_spi.c ****     hspi->State = HAL_SPI_STATE_READY;
 5489              		.loc 1 2878 5 is_stmt 1 view .LVU1864
2878:Drivers/STM32F4xx_HAL_Driver/Src/stm32f4xx_hal_spi.c ****     hspi->State = HAL_SPI_STATE_READY;
 5490              		.loc 1 2878 23 is_stmt 0 view .LVU1865
 5491 0040 E387     		strh	r3, [r4, #62]	@ movhi
2879:Drivers/STM32F4xx_HAL_Driver/Src/stm32f4xx_hal_spi.c **** 
 5492              		.loc 1 2879 5 is_stmt 1 view .LVU1866
2879:Drivers/STM32F4xx_HAL_Driver/Src/stm32f4xx_hal_spi.c **** 
 5493              		.loc 1 2879 17 is_stmt 0 view .LVU1867
 5494 0042 0123     		movs	r3, #1
 5495 0044 84F85130 		strb	r3, [r4, #81]
2890:Drivers/STM32F4xx_HAL_Driver/Src/stm32f4xx_hal_spi.c ****     {
 5496              		.loc 1 2890 5 is_stmt 1 view .LVU1868
2890:Drivers/STM32F4xx_HAL_Driver/Src/stm32f4xx_hal_spi.c ****     {
 5497              		.loc 1 2890 13 is_stmt 0 view .LVU1869
 5498 0048 636D     		ldr	r3, [r4, #84]
ARM GAS  /tmp/cci2ucsl.s 			page 197


2890:Drivers/STM32F4xx_HAL_Driver/Src/stm32f4xx_hal_spi.c ****     {
 5499              		.loc 1 2890 8 view .LVU1870
 5500 004a 1BB9     		cbnz	r3, .L406
 5501              	.L402:
2905:Drivers/STM32F4xx_HAL_Driver/Src/stm32f4xx_hal_spi.c **** #endif /* USE_HAL_SPI_REGISTER_CALLBACKS */
 5502              		.loc 1 2905 3 is_stmt 1 view .LVU1871
 5503 004c 2046     		mov	r0, r4
 5504 004e FFF7FEFF 		bl	HAL_SPI_TxRxCpltCallback
 5505              	.LVL305:
 5506              	.L401:
2907:Drivers/STM32F4xx_HAL_Driver/Src/stm32f4xx_hal_spi.c **** 
 5507              		.loc 1 2907 1 is_stmt 0 view .LVU1872
 5508 0052 38BD     		pop	{r3, r4, r5, pc}
 5509              	.LVL306:
 5510              	.L406:
2896:Drivers/STM32F4xx_HAL_Driver/Src/stm32f4xx_hal_spi.c **** #endif /* USE_HAL_SPI_REGISTER_CALLBACKS */
 5511              		.loc 1 2896 7 is_stmt 1 view .LVU1873
 5512 0054 2046     		mov	r0, r4
 5513 0056 FFF7FEFF 		bl	HAL_SPI_ErrorCallback
 5514              	.LVL307:
2898:Drivers/STM32F4xx_HAL_Driver/Src/stm32f4xx_hal_spi.c ****     }
 5515              		.loc 1 2898 7 view .LVU1874
 5516 005a FAE7     		b	.L401
 5517              		.cfi_endproc
 5518              	.LFE251:
 5520              		.section	.text.HAL_SPI_IRQHandler,"ax",%progbits
 5521              		.align	1
 5522              		.global	HAL_SPI_IRQHandler
 5523              		.syntax unified
 5524              		.thumb
 5525              		.thumb_func
 5527              	HAL_SPI_IRQHandler:
 5528              	.LVL308:
 5529              	.LFB238:
2397:Drivers/STM32F4xx_HAL_Driver/Src/stm32f4xx_hal_spi.c ****   uint32_t itsource = hspi->Instance->CR2;
 5530              		.loc 1 2397 1 view -0
 5531              		.cfi_startproc
 5532              		@ args = 0, pretend = 0, frame = 16
 5533              		@ frame_needed = 0, uses_anonymous_args = 0
2397:Drivers/STM32F4xx_HAL_Driver/Src/stm32f4xx_hal_spi.c ****   uint32_t itsource = hspi->Instance->CR2;
 5534              		.loc 1 2397 1 is_stmt 0 view .LVU1876
 5535 0000 10B5     		push	{r4, lr}
 5536              	.LCFI70:
 5537              		.cfi_def_cfa_offset 8
 5538              		.cfi_offset 4, -8
 5539              		.cfi_offset 14, -4
 5540 0002 84B0     		sub	sp, sp, #16
 5541              	.LCFI71:
 5542              		.cfi_def_cfa_offset 24
 5543 0004 0446     		mov	r4, r0
2398:Drivers/STM32F4xx_HAL_Driver/Src/stm32f4xx_hal_spi.c ****   uint32_t itflag   = hspi->Instance->SR;
 5544              		.loc 1 2398 3 is_stmt 1 view .LVU1877
2398:Drivers/STM32F4xx_HAL_Driver/Src/stm32f4xx_hal_spi.c ****   uint32_t itflag   = hspi->Instance->SR;
 5545              		.loc 1 2398 27 is_stmt 0 view .LVU1878
 5546 0006 0268     		ldr	r2, [r0]
2398:Drivers/STM32F4xx_HAL_Driver/Src/stm32f4xx_hal_spi.c ****   uint32_t itflag   = hspi->Instance->SR;
 5547              		.loc 1 2398 12 view .LVU1879
ARM GAS  /tmp/cci2ucsl.s 			page 198


 5548 0008 5168     		ldr	r1, [r2, #4]
 5549              	.LVL309:
2399:Drivers/STM32F4xx_HAL_Driver/Src/stm32f4xx_hal_spi.c **** 
 5550              		.loc 1 2399 3 is_stmt 1 view .LVU1880
2399:Drivers/STM32F4xx_HAL_Driver/Src/stm32f4xx_hal_spi.c **** 
 5551              		.loc 1 2399 12 is_stmt 0 view .LVU1881
 5552 000a 9368     		ldr	r3, [r2, #8]
 5553              	.LVL310:
2402:Drivers/STM32F4xx_HAL_Driver/Src/stm32f4xx_hal_spi.c ****       (SPI_CHECK_FLAG(itflag, SPI_FLAG_RXNE) != RESET) && (SPI_CHECK_IT_SOURCE(itsource, SPI_IT_RXN
 5554              		.loc 1 2402 3 is_stmt 1 view .LVU1882
 5555 000c C3F38010 		ubfx	r0, r3, #6, #1
 5556              	.LVL311:
2402:Drivers/STM32F4xx_HAL_Driver/Src/stm32f4xx_hal_spi.c ****       (SPI_CHECK_FLAG(itflag, SPI_FLAG_RXNE) != RESET) && (SPI_CHECK_IT_SOURCE(itsource, SPI_IT_RXN
 5557              		.loc 1 2402 6 is_stmt 0 view .LVU1883
 5558 0010 13F0400F 		tst	r3, #64
 5559 0014 05D1     		bne	.L408
2402:Drivers/STM32F4xx_HAL_Driver/Src/stm32f4xx_hal_spi.c ****       (SPI_CHECK_FLAG(itflag, SPI_FLAG_RXNE) != RESET) && (SPI_CHECK_IT_SOURCE(itsource, SPI_IT_RXN
 5560              		.loc 1 2402 55 discriminator 1 view .LVU1884
 5561 0016 13F0010F 		tst	r3, #1
 5562 001a 02D0     		beq	.L408
2403:Drivers/STM32F4xx_HAL_Driver/Src/stm32f4xx_hal_spi.c ****   {
 5563              		.loc 1 2403 56 discriminator 1 view .LVU1885
 5564 001c 11F0400F 		tst	r1, #64
 5565 0020 6DD1     		bne	.L420
 5566              	.L408:
2410:Drivers/STM32F4xx_HAL_Driver/Src/stm32f4xx_hal_spi.c ****   {
 5567              		.loc 1 2410 3 is_stmt 1 view .LVU1886
2410:Drivers/STM32F4xx_HAL_Driver/Src/stm32f4xx_hal_spi.c ****   {
 5568              		.loc 1 2410 6 is_stmt 0 view .LVU1887
 5569 0022 13F0020F 		tst	r3, #2
 5570 0026 02D0     		beq	.L410
2410:Drivers/STM32F4xx_HAL_Driver/Src/stm32f4xx_hal_spi.c ****   {
 5571              		.loc 1 2410 55 discriminator 1 view .LVU1888
 5572 0028 11F0800F 		tst	r1, #128
 5573 002c 6BD1     		bne	.L421
 5574              	.L410:
2417:Drivers/STM32F4xx_HAL_Driver/Src/stm32f4xx_hal_spi.c ****        || (SPI_CHECK_FLAG(itflag, SPI_FLAG_FRE) != RESET)) && (SPI_CHECK_IT_SOURCE(itsource, SPI_IT
 5575              		.loc 1 2417 3 is_stmt 1 view .LVU1889
 5576 002e C3F3401C 		ubfx	ip, r3, #5, #1
2417:Drivers/STM32F4xx_HAL_Driver/Src/stm32f4xx_hal_spi.c ****        || (SPI_CHECK_FLAG(itflag, SPI_FLAG_FRE) != RESET)) && (SPI_CHECK_IT_SOURCE(itsource, SPI_IT
 5577              		.loc 1 2417 6 is_stmt 0 view .LVU1890
 5578 0032 13F0200F 		tst	r3, #32
 5579 0036 03D1     		bne	.L411
2417:Drivers/STM32F4xx_HAL_Driver/Src/stm32f4xx_hal_spi.c ****        || (SPI_CHECK_FLAG(itflag, SPI_FLAG_FRE) != RESET)) && (SPI_CHECK_IT_SOURCE(itsource, SPI_IT
 5580              		.loc 1 2417 57 discriminator 1 view .LVU1891
 5581 0038 10B9     		cbnz	r0, .L411
2418:Drivers/STM32F4xx_HAL_Driver/Src/stm32f4xx_hal_spi.c ****   {
 5582              		.loc 1 2418 8 view .LVU1892
 5583 003a 13F4807F 		tst	r3, #256
 5584 003e 65D0     		beq	.L407
 5585              	.L411:
2418:Drivers/STM32F4xx_HAL_Driver/Src/stm32f4xx_hal_spi.c ****   {
 5586              		.loc 1 2418 60 discriminator 1 view .LVU1893
 5587 0040 11F0200F 		tst	r1, #32
 5588 0044 62D0     		beq	.L407
2421:Drivers/STM32F4xx_HAL_Driver/Src/stm32f4xx_hal_spi.c ****     {
 5589              		.loc 1 2421 5 is_stmt 1 view .LVU1894
ARM GAS  /tmp/cci2ucsl.s 			page 199


2421:Drivers/STM32F4xx_HAL_Driver/Src/stm32f4xx_hal_spi.c ****     {
 5590              		.loc 1 2421 8 is_stmt 0 view .LVU1895
 5591 0046 70B1     		cbz	r0, .L412
2423:Drivers/STM32F4xx_HAL_Driver/Src/stm32f4xx_hal_spi.c ****       {
 5592              		.loc 1 2423 7 is_stmt 1 view .LVU1896
2423:Drivers/STM32F4xx_HAL_Driver/Src/stm32f4xx_hal_spi.c ****       {
 5593              		.loc 1 2423 15 is_stmt 0 view .LVU1897
 5594 0048 94F85100 		ldrb	r0, [r4, #81]	@ zero_extendqisi2
2423:Drivers/STM32F4xx_HAL_Driver/Src/stm32f4xx_hal_spi.c ****       {
 5595              		.loc 1 2423 10 view .LVU1898
 5596 004c 0328     		cmp	r0, #3
 5597 004e 5FD0     		beq	.L413
2425:Drivers/STM32F4xx_HAL_Driver/Src/stm32f4xx_hal_spi.c ****         __HAL_SPI_CLEAR_OVRFLAG(hspi);
 5598              		.loc 1 2425 9 is_stmt 1 view .LVU1899
 5599 0050 606D     		ldr	r0, [r4, #84]
 5600 0052 40F00400 		orr	r0, r0, #4
 5601 0056 6065     		str	r0, [r4, #84]
2426:Drivers/STM32F4xx_HAL_Driver/Src/stm32f4xx_hal_spi.c ****       }
 5602              		.loc 1 2426 9 view .LVU1900
 5603              	.LBB10:
2426:Drivers/STM32F4xx_HAL_Driver/Src/stm32f4xx_hal_spi.c ****       }
 5604              		.loc 1 2426 9 view .LVU1901
 5605 0058 0020     		movs	r0, #0
 5606 005a 0090     		str	r0, [sp]
2426:Drivers/STM32F4xx_HAL_Driver/Src/stm32f4xx_hal_spi.c ****       }
 5607              		.loc 1 2426 9 view .LVU1902
 5608 005c D068     		ldr	r0, [r2, #12]
 5609 005e 0090     		str	r0, [sp]
2426:Drivers/STM32F4xx_HAL_Driver/Src/stm32f4xx_hal_spi.c ****       }
 5610              		.loc 1 2426 9 view .LVU1903
 5611 0060 9068     		ldr	r0, [r2, #8]
 5612 0062 0090     		str	r0, [sp]
2426:Drivers/STM32F4xx_HAL_Driver/Src/stm32f4xx_hal_spi.c ****       }
 5613              		.loc 1 2426 9 view .LVU1904
 5614 0064 0098     		ldr	r0, [sp]
 5615              	.LBE10:
2426:Drivers/STM32F4xx_HAL_Driver/Src/stm32f4xx_hal_spi.c ****       }
 5616              		.loc 1 2426 9 view .LVU1905
 5617              	.L412:
2436:Drivers/STM32F4xx_HAL_Driver/Src/stm32f4xx_hal_spi.c ****     {
 5618              		.loc 1 2436 5 view .LVU1906
2436:Drivers/STM32F4xx_HAL_Driver/Src/stm32f4xx_hal_spi.c ****     {
 5619              		.loc 1 2436 8 is_stmt 0 view .LVU1907
 5620 0066 BCF1000F 		cmp	ip, #0
 5621 006a 0CD0     		beq	.L414
2438:Drivers/STM32F4xx_HAL_Driver/Src/stm32f4xx_hal_spi.c ****       __HAL_SPI_CLEAR_MODFFLAG(hspi);
 5622              		.loc 1 2438 7 is_stmt 1 view .LVU1908
 5623 006c 606D     		ldr	r0, [r4, #84]
 5624 006e 40F00100 		orr	r0, r0, #1
 5625 0072 6065     		str	r0, [r4, #84]
2439:Drivers/STM32F4xx_HAL_Driver/Src/stm32f4xx_hal_spi.c ****     }
 5626              		.loc 1 2439 7 view .LVU1909
 5627              	.LBB11:
2439:Drivers/STM32F4xx_HAL_Driver/Src/stm32f4xx_hal_spi.c ****     }
 5628              		.loc 1 2439 7 view .LVU1910
 5629 0074 0020     		movs	r0, #0
 5630 0076 0290     		str	r0, [sp, #8]
ARM GAS  /tmp/cci2ucsl.s 			page 200


2439:Drivers/STM32F4xx_HAL_Driver/Src/stm32f4xx_hal_spi.c ****     }
 5631              		.loc 1 2439 7 view .LVU1911
 5632 0078 9068     		ldr	r0, [r2, #8]
 5633 007a 0290     		str	r0, [sp, #8]
2439:Drivers/STM32F4xx_HAL_Driver/Src/stm32f4xx_hal_spi.c ****     }
 5634              		.loc 1 2439 7 view .LVU1912
 5635 007c 1068     		ldr	r0, [r2]
 5636 007e 20F04000 		bic	r0, r0, #64
 5637 0082 1060     		str	r0, [r2]
2439:Drivers/STM32F4xx_HAL_Driver/Src/stm32f4xx_hal_spi.c ****     }
 5638              		.loc 1 2439 7 view .LVU1913
 5639 0084 029A     		ldr	r2, [sp, #8]
 5640              	.L414:
2439:Drivers/STM32F4xx_HAL_Driver/Src/stm32f4xx_hal_spi.c ****     }
 5641              		.loc 1 2439 7 is_stmt 0 view .LVU1914
 5642              	.LBE11:
2439:Drivers/STM32F4xx_HAL_Driver/Src/stm32f4xx_hal_spi.c ****     }
 5643              		.loc 1 2439 7 is_stmt 1 discriminator 1 view .LVU1915
2443:Drivers/STM32F4xx_HAL_Driver/Src/stm32f4xx_hal_spi.c ****     {
 5644              		.loc 1 2443 5 view .LVU1916
2443:Drivers/STM32F4xx_HAL_Driver/Src/stm32f4xx_hal_spi.c ****     {
 5645              		.loc 1 2443 8 is_stmt 0 view .LVU1917
 5646 0086 13F4807F 		tst	r3, #256
 5647 008a 09D0     		beq	.L415
2445:Drivers/STM32F4xx_HAL_Driver/Src/stm32f4xx_hal_spi.c ****       __HAL_SPI_CLEAR_FREFLAG(hspi);
 5648              		.loc 1 2445 7 is_stmt 1 view .LVU1918
 5649 008c 636D     		ldr	r3, [r4, #84]
 5650              	.LVL312:
2445:Drivers/STM32F4xx_HAL_Driver/Src/stm32f4xx_hal_spi.c ****       __HAL_SPI_CLEAR_FREFLAG(hspi);
 5651              		.loc 1 2445 7 is_stmt 0 view .LVU1919
 5652 008e 43F00803 		orr	r3, r3, #8
 5653 0092 6365     		str	r3, [r4, #84]
2446:Drivers/STM32F4xx_HAL_Driver/Src/stm32f4xx_hal_spi.c ****     }
 5654              		.loc 1 2446 7 is_stmt 1 view .LVU1920
 5655              	.LBB12:
2446:Drivers/STM32F4xx_HAL_Driver/Src/stm32f4xx_hal_spi.c ****     }
 5656              		.loc 1 2446 7 view .LVU1921
 5657 0094 0023     		movs	r3, #0
 5658 0096 0393     		str	r3, [sp, #12]
2446:Drivers/STM32F4xx_HAL_Driver/Src/stm32f4xx_hal_spi.c ****     }
 5659              		.loc 1 2446 7 view .LVU1922
 5660 0098 2368     		ldr	r3, [r4]
 5661 009a 9B68     		ldr	r3, [r3, #8]
 5662 009c 0393     		str	r3, [sp, #12]
2446:Drivers/STM32F4xx_HAL_Driver/Src/stm32f4xx_hal_spi.c ****     }
 5663              		.loc 1 2446 7 view .LVU1923
 5664 009e 039B     		ldr	r3, [sp, #12]
 5665              	.L415:
2446:Drivers/STM32F4xx_HAL_Driver/Src/stm32f4xx_hal_spi.c ****     }
 5666              		.loc 1 2446 7 is_stmt 0 view .LVU1924
 5667              	.LBE12:
2446:Drivers/STM32F4xx_HAL_Driver/Src/stm32f4xx_hal_spi.c ****     }
 5668              		.loc 1 2446 7 is_stmt 1 discriminator 1 view .LVU1925
2449:Drivers/STM32F4xx_HAL_Driver/Src/stm32f4xx_hal_spi.c ****     {
 5669              		.loc 1 2449 5 view .LVU1926
2449:Drivers/STM32F4xx_HAL_Driver/Src/stm32f4xx_hal_spi.c ****     {
 5670              		.loc 1 2449 13 is_stmt 0 view .LVU1927
ARM GAS  /tmp/cci2ucsl.s 			page 201


 5671 00a0 636D     		ldr	r3, [r4, #84]
2449:Drivers/STM32F4xx_HAL_Driver/Src/stm32f4xx_hal_spi.c ****     {
 5672              		.loc 1 2449 8 view .LVU1928
 5673 00a2 002B     		cmp	r3, #0
 5674 00a4 32D0     		beq	.L407
2452:Drivers/STM32F4xx_HAL_Driver/Src/stm32f4xx_hal_spi.c **** 
 5675              		.loc 1 2452 7 is_stmt 1 view .LVU1929
 5676 00a6 2268     		ldr	r2, [r4]
 5677 00a8 5368     		ldr	r3, [r2, #4]
 5678 00aa 23F0E003 		bic	r3, r3, #224
 5679 00ae 5360     		str	r3, [r2, #4]
2454:Drivers/STM32F4xx_HAL_Driver/Src/stm32f4xx_hal_spi.c ****       /* Disable the SPI DMA requests if enabled */
 5680              		.loc 1 2454 7 view .LVU1930
2454:Drivers/STM32F4xx_HAL_Driver/Src/stm32f4xx_hal_spi.c ****       /* Disable the SPI DMA requests if enabled */
 5681              		.loc 1 2454 19 is_stmt 0 view .LVU1931
 5682 00b0 0123     		movs	r3, #1
 5683 00b2 84F85130 		strb	r3, [r4, #81]
2456:Drivers/STM32F4xx_HAL_Driver/Src/stm32f4xx_hal_spi.c ****       {
 5684              		.loc 1 2456 7 is_stmt 1 view .LVU1932
2456:Drivers/STM32F4xx_HAL_Driver/Src/stm32f4xx_hal_spi.c ****       {
 5685              		.loc 1 2456 10 is_stmt 0 view .LVU1933
 5686 00b6 11F0020F 		tst	r1, #2
 5687 00ba 02D1     		bne	.L416
2456:Drivers/STM32F4xx_HAL_Driver/Src/stm32f4xx_hal_spi.c ****       {
 5688              		.loc 1 2456 55 discriminator 1 view .LVU1934
 5689 00bc 11F0010F 		tst	r1, #1
 5690 00c0 2ED0     		beq	.L417
 5691              	.L416:
2458:Drivers/STM32F4xx_HAL_Driver/Src/stm32f4xx_hal_spi.c **** 
 5692              		.loc 1 2458 9 is_stmt 1 view .LVU1935
 5693 00c2 2268     		ldr	r2, [r4]
 5694 00c4 5368     		ldr	r3, [r2, #4]
 5695 00c6 23F00303 		bic	r3, r3, #3
 5696 00ca 5360     		str	r3, [r2, #4]
2461:Drivers/STM32F4xx_HAL_Driver/Src/stm32f4xx_hal_spi.c ****         {
 5697              		.loc 1 2461 9 view .LVU1936
2461:Drivers/STM32F4xx_HAL_Driver/Src/stm32f4xx_hal_spi.c ****         {
 5698              		.loc 1 2461 17 is_stmt 0 view .LVU1937
 5699 00cc E36C     		ldr	r3, [r4, #76]
2461:Drivers/STM32F4xx_HAL_Driver/Src/stm32f4xx_hal_spi.c ****         {
 5700              		.loc 1 2461 12 view .LVU1938
 5701 00ce 4BB1     		cbz	r3, .L418
2465:Drivers/STM32F4xx_HAL_Driver/Src/stm32f4xx_hal_spi.c ****           if (HAL_OK != HAL_DMA_Abort_IT(hspi->hdmarx))
 5702              		.loc 1 2465 11 is_stmt 1 view .LVU1939
2465:Drivers/STM32F4xx_HAL_Driver/Src/stm32f4xx_hal_spi.c ****           if (HAL_OK != HAL_DMA_Abort_IT(hspi->hdmarx))
 5703              		.loc 1 2465 43 is_stmt 0 view .LVU1940
 5704 00d0 154A     		ldr	r2, .L422
 5705 00d2 1A65     		str	r2, [r3, #80]
2466:Drivers/STM32F4xx_HAL_Driver/Src/stm32f4xx_hal_spi.c ****           {
 5706              		.loc 1 2466 11 is_stmt 1 view .LVU1941
2466:Drivers/STM32F4xx_HAL_Driver/Src/stm32f4xx_hal_spi.c ****           {
 5707              		.loc 1 2466 25 is_stmt 0 view .LVU1942
 5708 00d4 E06C     		ldr	r0, [r4, #76]
 5709 00d6 FFF7FEFF 		bl	HAL_DMA_Abort_IT
 5710              	.LVL313:
2466:Drivers/STM32F4xx_HAL_Driver/Src/stm32f4xx_hal_spi.c ****           {
 5711              		.loc 1 2466 14 discriminator 1 view .LVU1943
ARM GAS  /tmp/cci2ucsl.s 			page 202


 5712 00da 18B1     		cbz	r0, .L418
2468:Drivers/STM32F4xx_HAL_Driver/Src/stm32f4xx_hal_spi.c ****           }
 5713              		.loc 1 2468 13 is_stmt 1 view .LVU1944
 5714 00dc 636D     		ldr	r3, [r4, #84]
 5715 00de 43F04003 		orr	r3, r3, #64
 5716 00e2 6365     		str	r3, [r4, #84]
 5717              	.L418:
2472:Drivers/STM32F4xx_HAL_Driver/Src/stm32f4xx_hal_spi.c ****         {
 5718              		.loc 1 2472 9 view .LVU1945
2472:Drivers/STM32F4xx_HAL_Driver/Src/stm32f4xx_hal_spi.c ****         {
 5719              		.loc 1 2472 17 is_stmt 0 view .LVU1946
 5720 00e4 A36C     		ldr	r3, [r4, #72]
2472:Drivers/STM32F4xx_HAL_Driver/Src/stm32f4xx_hal_spi.c ****         {
 5721              		.loc 1 2472 12 view .LVU1947
 5722 00e6 8BB1     		cbz	r3, .L407
2476:Drivers/STM32F4xx_HAL_Driver/Src/stm32f4xx_hal_spi.c ****           if (HAL_OK != HAL_DMA_Abort_IT(hspi->hdmatx))
 5723              		.loc 1 2476 11 is_stmt 1 view .LVU1948
2476:Drivers/STM32F4xx_HAL_Driver/Src/stm32f4xx_hal_spi.c ****           if (HAL_OK != HAL_DMA_Abort_IT(hspi->hdmatx))
 5724              		.loc 1 2476 43 is_stmt 0 view .LVU1949
 5725 00e8 0F4A     		ldr	r2, .L422
 5726 00ea 1A65     		str	r2, [r3, #80]
2477:Drivers/STM32F4xx_HAL_Driver/Src/stm32f4xx_hal_spi.c ****           {
 5727              		.loc 1 2477 11 is_stmt 1 view .LVU1950
2477:Drivers/STM32F4xx_HAL_Driver/Src/stm32f4xx_hal_spi.c ****           {
 5728              		.loc 1 2477 25 is_stmt 0 view .LVU1951
 5729 00ec A06C     		ldr	r0, [r4, #72]
 5730 00ee FFF7FEFF 		bl	HAL_DMA_Abort_IT
 5731              	.LVL314:
2477:Drivers/STM32F4xx_HAL_Driver/Src/stm32f4xx_hal_spi.c ****           {
 5732              		.loc 1 2477 14 discriminator 1 view .LVU1952
 5733 00f2 58B1     		cbz	r0, .L407
2479:Drivers/STM32F4xx_HAL_Driver/Src/stm32f4xx_hal_spi.c ****           }
 5734              		.loc 1 2479 13 is_stmt 1 view .LVU1953
 5735 00f4 636D     		ldr	r3, [r4, #84]
 5736 00f6 43F04003 		orr	r3, r3, #64
 5737 00fa 6365     		str	r3, [r4, #84]
 5738 00fc 06E0     		b	.L407
 5739              	.LVL315:
 5740              	.L420:
2405:Drivers/STM32F4xx_HAL_Driver/Src/stm32f4xx_hal_spi.c ****     return;
 5741              		.loc 1 2405 5 view .LVU1954
2405:Drivers/STM32F4xx_HAL_Driver/Src/stm32f4xx_hal_spi.c ****     return;
 5742              		.loc 1 2405 9 is_stmt 0 view .LVU1955
 5743 00fe 236C     		ldr	r3, [r4, #64]
 5744              	.LVL316:
2405:Drivers/STM32F4xx_HAL_Driver/Src/stm32f4xx_hal_spi.c ****     return;
 5745              		.loc 1 2405 5 view .LVU1956
 5746 0100 2046     		mov	r0, r4
 5747 0102 9847     		blx	r3
 5748              	.LVL317:
2406:Drivers/STM32F4xx_HAL_Driver/Src/stm32f4xx_hal_spi.c ****   }
 5749              		.loc 1 2406 5 is_stmt 1 view .LVU1957
 5750 0104 02E0     		b	.L407
 5751              	.LVL318:
 5752              	.L421:
2412:Drivers/STM32F4xx_HAL_Driver/Src/stm32f4xx_hal_spi.c ****     return;
 5753              		.loc 1 2412 5 view .LVU1958
ARM GAS  /tmp/cci2ucsl.s 			page 203


2412:Drivers/STM32F4xx_HAL_Driver/Src/stm32f4xx_hal_spi.c ****     return;
 5754              		.loc 1 2412 9 is_stmt 0 view .LVU1959
 5755 0106 636C     		ldr	r3, [r4, #68]
 5756              	.LVL319:
2412:Drivers/STM32F4xx_HAL_Driver/Src/stm32f4xx_hal_spi.c ****     return;
 5757              		.loc 1 2412 5 view .LVU1960
 5758 0108 2046     		mov	r0, r4
 5759 010a 9847     		blx	r3
 5760              	.LVL320:
2413:Drivers/STM32F4xx_HAL_Driver/Src/stm32f4xx_hal_spi.c ****   }
 5761              		.loc 1 2413 5 is_stmt 1 view .LVU1961
 5762              	.L407:
2495:Drivers/STM32F4xx_HAL_Driver/Src/stm32f4xx_hal_spi.c **** 
 5763              		.loc 1 2495 1 is_stmt 0 view .LVU1962
 5764 010c 04B0     		add	sp, sp, #16
 5765              	.LCFI72:
 5766              		.cfi_remember_state
 5767              		.cfi_def_cfa_offset 8
 5768              		@ sp needed
 5769 010e 10BD     		pop	{r4, pc}
 5770              	.LVL321:
 5771              	.L413:
 5772              	.LCFI73:
 5773              		.cfi_restore_state
2430:Drivers/STM32F4xx_HAL_Driver/Src/stm32f4xx_hal_spi.c ****         return;
 5774              		.loc 1 2430 9 is_stmt 1 view .LVU1963
 5775              	.LBB13:
2430:Drivers/STM32F4xx_HAL_Driver/Src/stm32f4xx_hal_spi.c ****         return;
 5776              		.loc 1 2430 9 view .LVU1964
 5777 0110 0023     		movs	r3, #0
 5778              	.LVL322:
2430:Drivers/STM32F4xx_HAL_Driver/Src/stm32f4xx_hal_spi.c ****         return;
 5779              		.loc 1 2430 9 is_stmt 0 view .LVU1965
 5780 0112 0193     		str	r3, [sp, #4]
2430:Drivers/STM32F4xx_HAL_Driver/Src/stm32f4xx_hal_spi.c ****         return;
 5781              		.loc 1 2430 9 is_stmt 1 view .LVU1966
 5782 0114 D368     		ldr	r3, [r2, #12]
 5783 0116 0193     		str	r3, [sp, #4]
2430:Drivers/STM32F4xx_HAL_Driver/Src/stm32f4xx_hal_spi.c ****         return;
 5784              		.loc 1 2430 9 view .LVU1967
 5785 0118 9368     		ldr	r3, [r2, #8]
 5786 011a 0193     		str	r3, [sp, #4]
2430:Drivers/STM32F4xx_HAL_Driver/Src/stm32f4xx_hal_spi.c ****         return;
 5787              		.loc 1 2430 9 view .LVU1968
 5788 011c 019B     		ldr	r3, [sp, #4]
 5789              	.LBE13:
2430:Drivers/STM32F4xx_HAL_Driver/Src/stm32f4xx_hal_spi.c ****         return;
 5790              		.loc 1 2430 9 view .LVU1969
2431:Drivers/STM32F4xx_HAL_Driver/Src/stm32f4xx_hal_spi.c ****       }
 5791              		.loc 1 2431 9 view .LVU1970
 5792 011e F5E7     		b	.L407
 5793              	.L417:
2489:Drivers/STM32F4xx_HAL_Driver/Src/stm32f4xx_hal_spi.c **** #endif /* USE_HAL_SPI_REGISTER_CALLBACKS */
 5794              		.loc 1 2489 9 view .LVU1971
 5795 0120 2046     		mov	r0, r4
 5796 0122 FFF7FEFF 		bl	HAL_SPI_ErrorCallback
 5797              	.LVL323:
ARM GAS  /tmp/cci2ucsl.s 			page 204


2489:Drivers/STM32F4xx_HAL_Driver/Src/stm32f4xx_hal_spi.c **** #endif /* USE_HAL_SPI_REGISTER_CALLBACKS */
 5798              		.loc 1 2489 9 is_stmt 0 view .LVU1972
 5799 0126 F1E7     		b	.L407
 5800              	.L423:
 5801              		.align	2
 5802              	.L422:
 5803 0128 00000000 		.word	SPI_DMAAbortOnError
 5804              		.cfi_endproc
 5805              	.LFE238:
 5807              		.section	.text.SPI_DMAAbortOnError,"ax",%progbits
 5808              		.align	1
 5809              		.syntax unified
 5810              		.thumb
 5811              		.thumb_func
 5813              	SPI_DMAAbortOnError:
 5814              	.LVL324:
 5815              	.LFB256:
2993:Drivers/STM32F4xx_HAL_Driver/Src/stm32f4xx_hal_spi.c ****   SPI_HandleTypeDef *hspi = (SPI_HandleTypeDef *)(((DMA_HandleTypeDef *)hdma)->Parent);
 5816              		.loc 1 2993 1 is_stmt 1 view -0
 5817              		.cfi_startproc
 5818              		@ args = 0, pretend = 0, frame = 0
 5819              		@ frame_needed = 0, uses_anonymous_args = 0
2993:Drivers/STM32F4xx_HAL_Driver/Src/stm32f4xx_hal_spi.c ****   SPI_HandleTypeDef *hspi = (SPI_HandleTypeDef *)(((DMA_HandleTypeDef *)hdma)->Parent);
 5820              		.loc 1 2993 1 is_stmt 0 view .LVU1974
 5821 0000 08B5     		push	{r3, lr}
 5822              	.LCFI74:
 5823              		.cfi_def_cfa_offset 8
 5824              		.cfi_offset 3, -8
 5825              		.cfi_offset 14, -4
2994:Drivers/STM32F4xx_HAL_Driver/Src/stm32f4xx_hal_spi.c ****   hspi->RxXferCount = 0U;
 5826              		.loc 1 2994 3 is_stmt 1 view .LVU1975
2994:Drivers/STM32F4xx_HAL_Driver/Src/stm32f4xx_hal_spi.c ****   hspi->RxXferCount = 0U;
 5827              		.loc 1 2994 22 is_stmt 0 view .LVU1976
 5828 0002 806B     		ldr	r0, [r0, #56]
 5829              	.LVL325:
2995:Drivers/STM32F4xx_HAL_Driver/Src/stm32f4xx_hal_spi.c ****   hspi->TxXferCount = 0U;
 5830              		.loc 1 2995 3 is_stmt 1 view .LVU1977
2995:Drivers/STM32F4xx_HAL_Driver/Src/stm32f4xx_hal_spi.c ****   hspi->TxXferCount = 0U;
 5831              		.loc 1 2995 21 is_stmt 0 view .LVU1978
 5832 0004 0023     		movs	r3, #0
 5833 0006 C387     		strh	r3, [r0, #62]	@ movhi
2996:Drivers/STM32F4xx_HAL_Driver/Src/stm32f4xx_hal_spi.c **** 
 5834              		.loc 1 2996 3 is_stmt 1 view .LVU1979
2996:Drivers/STM32F4xx_HAL_Driver/Src/stm32f4xx_hal_spi.c **** 
 5835              		.loc 1 2996 21 is_stmt 0 view .LVU1980
 5836 0008 C386     		strh	r3, [r0, #54]	@ movhi
3002:Drivers/STM32F4xx_HAL_Driver/Src/stm32f4xx_hal_spi.c **** #endif /* USE_HAL_SPI_REGISTER_CALLBACKS */
 5837              		.loc 1 3002 3 is_stmt 1 view .LVU1981
 5838 000a FFF7FEFF 		bl	HAL_SPI_ErrorCallback
 5839              	.LVL326:
3004:Drivers/STM32F4xx_HAL_Driver/Src/stm32f4xx_hal_spi.c **** 
 5840              		.loc 1 3004 1 is_stmt 0 view .LVU1982
 5841 000e 08BD     		pop	{r3, pc}
 5842              		.cfi_endproc
 5843              	.LFE256:
 5845              		.section	.text.HAL_SPI_AbortCpltCallback,"ax",%progbits
 5846              		.align	1
ARM GAS  /tmp/cci2ucsl.s 			page 205


 5847              		.weak	HAL_SPI_AbortCpltCallback
 5848              		.syntax unified
 5849              		.thumb
 5850              		.thumb_func
 5852              	HAL_SPI_AbortCpltCallback:
 5853              	.LVL327:
 5854              	.LFB246:
2618:Drivers/STM32F4xx_HAL_Driver/Src/stm32f4xx_hal_spi.c ****   /* Prevent unused argument(s) compilation warning */
 5855              		.loc 1 2618 1 is_stmt 1 view -0
 5856              		.cfi_startproc
 5857              		@ args = 0, pretend = 0, frame = 0
 5858              		@ frame_needed = 0, uses_anonymous_args = 0
 5859              		@ link register save eliminated.
2620:Drivers/STM32F4xx_HAL_Driver/Src/stm32f4xx_hal_spi.c **** 
 5860              		.loc 1 2620 3 view .LVU1984
2625:Drivers/STM32F4xx_HAL_Driver/Src/stm32f4xx_hal_spi.c **** 
 5861              		.loc 1 2625 1 is_stmt 0 view .LVU1985
 5862 0000 7047     		bx	lr
 5863              		.cfi_endproc
 5864              	.LFE246:
 5866              		.section	.text.HAL_SPI_Abort_IT,"ax",%progbits
 5867              		.align	1
 5868              		.global	HAL_SPI_Abort_IT
 5869              		.syntax unified
 5870              		.thumb
 5871              		.thumb_func
 5873              	HAL_SPI_Abort_IT:
 5874              	.LVL328:
 5875              	.LFB234:
2154:Drivers/STM32F4xx_HAL_Driver/Src/stm32f4xx_hal_spi.c ****   HAL_StatusTypeDef errorcode;
 5876              		.loc 1 2154 1 is_stmt 1 view -0
 5877              		.cfi_startproc
 5878              		@ args = 0, pretend = 0, frame = 16
 5879              		@ frame_needed = 0, uses_anonymous_args = 0
2154:Drivers/STM32F4xx_HAL_Driver/Src/stm32f4xx_hal_spi.c ****   HAL_StatusTypeDef errorcode;
 5880              		.loc 1 2154 1 is_stmt 0 view .LVU1987
 5881 0000 70B5     		push	{r4, r5, r6, lr}
 5882              	.LCFI75:
 5883              		.cfi_def_cfa_offset 16
 5884              		.cfi_offset 4, -16
 5885              		.cfi_offset 5, -12
 5886              		.cfi_offset 6, -8
 5887              		.cfi_offset 14, -4
 5888 0002 84B0     		sub	sp, sp, #16
 5889              	.LCFI76:
 5890              		.cfi_def_cfa_offset 32
 5891 0004 0446     		mov	r4, r0
2155:Drivers/STM32F4xx_HAL_Driver/Src/stm32f4xx_hal_spi.c ****   uint32_t abortcplt ;
 5892              		.loc 1 2155 3 is_stmt 1 view .LVU1988
2156:Drivers/STM32F4xx_HAL_Driver/Src/stm32f4xx_hal_spi.c ****   __IO uint32_t count;
 5893              		.loc 1 2156 3 view .LVU1989
2157:Drivers/STM32F4xx_HAL_Driver/Src/stm32f4xx_hal_spi.c ****   __IO uint32_t resetcount;
 5894              		.loc 1 2157 3 view .LVU1990
2158:Drivers/STM32F4xx_HAL_Driver/Src/stm32f4xx_hal_spi.c **** 
 5895              		.loc 1 2158 3 view .LVU1991
2161:Drivers/STM32F4xx_HAL_Driver/Src/stm32f4xx_hal_spi.c ****   abortcplt = 1U;
 5896              		.loc 1 2161 3 view .LVU1992
ARM GAS  /tmp/cci2ucsl.s 			page 206


 5897              	.LVL329:
2162:Drivers/STM32F4xx_HAL_Driver/Src/stm32f4xx_hal_spi.c ****   resetcount = SPI_DEFAULT_TIMEOUT * (SystemCoreClock / 24U / 1000U);
 5898              		.loc 1 2162 3 view .LVU1993
2163:Drivers/STM32F4xx_HAL_Driver/Src/stm32f4xx_hal_spi.c ****   count = resetcount;
 5899              		.loc 1 2163 3 view .LVU1994
2163:Drivers/STM32F4xx_HAL_Driver/Src/stm32f4xx_hal_spi.c ****   count = resetcount;
 5900              		.loc 1 2163 61 is_stmt 0 view .LVU1995
 5901 0006 4F4B     		ldr	r3, .L453
 5902 0008 1B68     		ldr	r3, [r3]
 5903 000a 4F4A     		ldr	r2, .L453+4
 5904 000c A2FB0323 		umull	r2, r3, r2, r3
 5905 0010 5B0A     		lsrs	r3, r3, #9
2163:Drivers/STM32F4xx_HAL_Driver/Src/stm32f4xx_hal_spi.c ****   count = resetcount;
 5906              		.loc 1 2163 36 view .LVU1996
 5907 0012 6422     		movs	r2, #100
 5908 0014 02FB03F3 		mul	r3, r2, r3
2163:Drivers/STM32F4xx_HAL_Driver/Src/stm32f4xx_hal_spi.c ****   count = resetcount;
 5909              		.loc 1 2163 14 view .LVU1997
 5910 0018 0293     		str	r3, [sp, #8]
2164:Drivers/STM32F4xx_HAL_Driver/Src/stm32f4xx_hal_spi.c **** 
 5911              		.loc 1 2164 3 is_stmt 1 view .LVU1998
2164:Drivers/STM32F4xx_HAL_Driver/Src/stm32f4xx_hal_spi.c **** 
 5912              		.loc 1 2164 9 is_stmt 0 view .LVU1999
 5913 001a 029B     		ldr	r3, [sp, #8]
 5914 001c 0393     		str	r3, [sp, #12]
2167:Drivers/STM32F4xx_HAL_Driver/Src/stm32f4xx_hal_spi.c **** 
 5915              		.loc 1 2167 3 is_stmt 1 view .LVU2000
 5916 001e 0268     		ldr	r2, [r0]
 5917 0020 5368     		ldr	r3, [r2, #4]
 5918 0022 23F02003 		bic	r3, r3, #32
 5919 0026 5360     		str	r3, [r2, #4]
2170:Drivers/STM32F4xx_HAL_Driver/Src/stm32f4xx_hal_spi.c ****   {
 5920              		.loc 1 2170 3 view .LVU2001
2170:Drivers/STM32F4xx_HAL_Driver/Src/stm32f4xx_hal_spi.c ****   {
 5921              		.loc 1 2170 7 is_stmt 0 view .LVU2002
 5922 0028 0268     		ldr	r2, [r0]
 5923 002a 5368     		ldr	r3, [r2, #4]
2170:Drivers/STM32F4xx_HAL_Driver/Src/stm32f4xx_hal_spi.c ****   {
 5924              		.loc 1 2170 6 view .LVU2003
 5925 002c 13F0800F 		tst	r3, #128
 5926 0030 11D0     		beq	.L428
2172:Drivers/STM32F4xx_HAL_Driver/Src/stm32f4xx_hal_spi.c ****     /* Wait HAL_SPI_STATE_ABORT state */
 5927              		.loc 1 2172 5 is_stmt 1 view .LVU2004
2172:Drivers/STM32F4xx_HAL_Driver/Src/stm32f4xx_hal_spi.c ****     /* Wait HAL_SPI_STATE_ABORT state */
 5928              		.loc 1 2172 17 is_stmt 0 view .LVU2005
 5929 0032 464B     		ldr	r3, .L453+8
 5930 0034 4364     		str	r3, [r0, #68]
 5931              	.L431:
2174:Drivers/STM32F4xx_HAL_Driver/Src/stm32f4xx_hal_spi.c ****     {
 5932              		.loc 1 2174 5 is_stmt 1 view .LVU2006
2176:Drivers/STM32F4xx_HAL_Driver/Src/stm32f4xx_hal_spi.c ****       {
 5933              		.loc 1 2176 7 view .LVU2007
2176:Drivers/STM32F4xx_HAL_Driver/Src/stm32f4xx_hal_spi.c ****       {
 5934              		.loc 1 2176 17 is_stmt 0 view .LVU2008
 5935 0036 039B     		ldr	r3, [sp, #12]
2176:Drivers/STM32F4xx_HAL_Driver/Src/stm32f4xx_hal_spi.c ****       {
 5936              		.loc 1 2176 10 view .LVU2009
ARM GAS  /tmp/cci2ucsl.s 			page 207


 5937 0038 3BB1     		cbz	r3, .L450
2181:Drivers/STM32F4xx_HAL_Driver/Src/stm32f4xx_hal_spi.c ****     } while (hspi->State != HAL_SPI_STATE_ABORT);
 5938              		.loc 1 2181 7 is_stmt 1 view .LVU2010
2181:Drivers/STM32F4xx_HAL_Driver/Src/stm32f4xx_hal_spi.c ****     } while (hspi->State != HAL_SPI_STATE_ABORT);
 5939              		.loc 1 2181 12 is_stmt 0 view .LVU2011
 5940 003a 039B     		ldr	r3, [sp, #12]
 5941 003c 013B     		subs	r3, r3, #1
 5942 003e 0393     		str	r3, [sp, #12]
2182:Drivers/STM32F4xx_HAL_Driver/Src/stm32f4xx_hal_spi.c ****     /* Reset Timeout Counter */
 5943              		.loc 1 2182 26 is_stmt 1 view .LVU2012
2182:Drivers/STM32F4xx_HAL_Driver/Src/stm32f4xx_hal_spi.c ****     /* Reset Timeout Counter */
 5944              		.loc 1 2182 18 is_stmt 0 view .LVU2013
 5945 0040 94F85130 		ldrb	r3, [r4, #81]	@ zero_extendqisi2
2182:Drivers/STM32F4xx_HAL_Driver/Src/stm32f4xx_hal_spi.c ****     /* Reset Timeout Counter */
 5946              		.loc 1 2182 26 view .LVU2014
 5947 0044 072B     		cmp	r3, #7
 5948 0046 F6D1     		bne	.L431
 5949 0048 03E0     		b	.L430
 5950              	.L450:
2178:Drivers/STM32F4xx_HAL_Driver/Src/stm32f4xx_hal_spi.c ****         break;
 5951              		.loc 1 2178 9 is_stmt 1 view .LVU2015
 5952 004a 636D     		ldr	r3, [r4, #84]
 5953 004c 43F04003 		orr	r3, r3, #64
 5954 0050 6365     		str	r3, [r4, #84]
2179:Drivers/STM32F4xx_HAL_Driver/Src/stm32f4xx_hal_spi.c ****       }
 5955              		.loc 1 2179 9 view .LVU2016
 5956              	.L430:
2184:Drivers/STM32F4xx_HAL_Driver/Src/stm32f4xx_hal_spi.c ****   }
 5957              		.loc 1 2184 5 view .LVU2017
2184:Drivers/STM32F4xx_HAL_Driver/Src/stm32f4xx_hal_spi.c ****   }
 5958              		.loc 1 2184 11 is_stmt 0 view .LVU2018
 5959 0052 029B     		ldr	r3, [sp, #8]
 5960 0054 0393     		str	r3, [sp, #12]
 5961              	.L428:
2187:Drivers/STM32F4xx_HAL_Driver/Src/stm32f4xx_hal_spi.c ****   {
 5962              		.loc 1 2187 3 is_stmt 1 view .LVU2019
2187:Drivers/STM32F4xx_HAL_Driver/Src/stm32f4xx_hal_spi.c ****   {
 5963              		.loc 1 2187 7 is_stmt 0 view .LVU2020
 5964 0056 5368     		ldr	r3, [r2, #4]
2187:Drivers/STM32F4xx_HAL_Driver/Src/stm32f4xx_hal_spi.c ****   {
 5965              		.loc 1 2187 6 view .LVU2021
 5966 0058 13F0400F 		tst	r3, #64
 5967 005c 11D0     		beq	.L432
2189:Drivers/STM32F4xx_HAL_Driver/Src/stm32f4xx_hal_spi.c ****     /* Wait HAL_SPI_STATE_ABORT state */
 5968              		.loc 1 2189 5 is_stmt 1 view .LVU2022
2189:Drivers/STM32F4xx_HAL_Driver/Src/stm32f4xx_hal_spi.c ****     /* Wait HAL_SPI_STATE_ABORT state */
 5969              		.loc 1 2189 17 is_stmt 0 view .LVU2023
 5970 005e 3C4B     		ldr	r3, .L453+12
 5971 0060 2364     		str	r3, [r4, #64]
 5972              	.L435:
2191:Drivers/STM32F4xx_HAL_Driver/Src/stm32f4xx_hal_spi.c ****     {
 5973              		.loc 1 2191 5 is_stmt 1 view .LVU2024
2193:Drivers/STM32F4xx_HAL_Driver/Src/stm32f4xx_hal_spi.c ****       {
 5974              		.loc 1 2193 7 view .LVU2025
2193:Drivers/STM32F4xx_HAL_Driver/Src/stm32f4xx_hal_spi.c ****       {
 5975              		.loc 1 2193 17 is_stmt 0 view .LVU2026
 5976 0062 039B     		ldr	r3, [sp, #12]
ARM GAS  /tmp/cci2ucsl.s 			page 208


2193:Drivers/STM32F4xx_HAL_Driver/Src/stm32f4xx_hal_spi.c ****       {
 5977              		.loc 1 2193 10 view .LVU2027
 5978 0064 3BB1     		cbz	r3, .L451
2198:Drivers/STM32F4xx_HAL_Driver/Src/stm32f4xx_hal_spi.c ****     } while (hspi->State != HAL_SPI_STATE_ABORT);
 5979              		.loc 1 2198 7 is_stmt 1 view .LVU2028
2198:Drivers/STM32F4xx_HAL_Driver/Src/stm32f4xx_hal_spi.c ****     } while (hspi->State != HAL_SPI_STATE_ABORT);
 5980              		.loc 1 2198 12 is_stmt 0 view .LVU2029
 5981 0066 039B     		ldr	r3, [sp, #12]
 5982 0068 013B     		subs	r3, r3, #1
 5983 006a 0393     		str	r3, [sp, #12]
2199:Drivers/STM32F4xx_HAL_Driver/Src/stm32f4xx_hal_spi.c ****     /* Reset Timeout Counter */
 5984              		.loc 1 2199 26 is_stmt 1 view .LVU2030
2199:Drivers/STM32F4xx_HAL_Driver/Src/stm32f4xx_hal_spi.c ****     /* Reset Timeout Counter */
 5985              		.loc 1 2199 18 is_stmt 0 view .LVU2031
 5986 006c 94F85130 		ldrb	r3, [r4, #81]	@ zero_extendqisi2
2199:Drivers/STM32F4xx_HAL_Driver/Src/stm32f4xx_hal_spi.c ****     /* Reset Timeout Counter */
 5987              		.loc 1 2199 26 view .LVU2032
 5988 0070 072B     		cmp	r3, #7
 5989 0072 F6D1     		bne	.L435
 5990 0074 03E0     		b	.L434
 5991              	.L451:
2195:Drivers/STM32F4xx_HAL_Driver/Src/stm32f4xx_hal_spi.c ****         break;
 5992              		.loc 1 2195 9 is_stmt 1 view .LVU2033
 5993 0076 636D     		ldr	r3, [r4, #84]
 5994 0078 43F04003 		orr	r3, r3, #64
 5995 007c 6365     		str	r3, [r4, #84]
2196:Drivers/STM32F4xx_HAL_Driver/Src/stm32f4xx_hal_spi.c ****       }
 5996              		.loc 1 2196 9 view .LVU2034
 5997              	.L434:
2201:Drivers/STM32F4xx_HAL_Driver/Src/stm32f4xx_hal_spi.c ****   }
 5998              		.loc 1 2201 5 view .LVU2035
2201:Drivers/STM32F4xx_HAL_Driver/Src/stm32f4xx_hal_spi.c ****   }
 5999              		.loc 1 2201 11 is_stmt 0 view .LVU2036
 6000 007e 029B     		ldr	r3, [sp, #8]
 6001 0080 0393     		str	r3, [sp, #12]
 6002              	.L432:
2207:Drivers/STM32F4xx_HAL_Driver/Src/stm32f4xx_hal_spi.c ****   {
 6003              		.loc 1 2207 3 is_stmt 1 view .LVU2037
2207:Drivers/STM32F4xx_HAL_Driver/Src/stm32f4xx_hal_spi.c ****   {
 6004              		.loc 1 2207 11 is_stmt 0 view .LVU2038
 6005 0082 A36C     		ldr	r3, [r4, #72]
2207:Drivers/STM32F4xx_HAL_Driver/Src/stm32f4xx_hal_spi.c ****   {
 6006              		.loc 1 2207 6 view .LVU2039
 6007 0084 2BB1     		cbz	r3, .L436
2211:Drivers/STM32F4xx_HAL_Driver/Src/stm32f4xx_hal_spi.c ****     {
 6008              		.loc 1 2211 5 is_stmt 1 view .LVU2040
2211:Drivers/STM32F4xx_HAL_Driver/Src/stm32f4xx_hal_spi.c ****     {
 6009              		.loc 1 2211 9 is_stmt 0 view .LVU2041
 6010 0086 5268     		ldr	r2, [r2, #4]
2211:Drivers/STM32F4xx_HAL_Driver/Src/stm32f4xx_hal_spi.c ****     {
 6011              		.loc 1 2211 8 view .LVU2042
 6012 0088 12F0020F 		tst	r2, #2
 6013 008c 26D0     		beq	.L437
2213:Drivers/STM32F4xx_HAL_Driver/Src/stm32f4xx_hal_spi.c ****     }
 6014              		.loc 1 2213 7 is_stmt 1 view .LVU2043
2213:Drivers/STM32F4xx_HAL_Driver/Src/stm32f4xx_hal_spi.c ****     }
 6015              		.loc 1 2213 39 is_stmt 0 view .LVU2044
ARM GAS  /tmp/cci2ucsl.s 			page 209


 6016 008e 314A     		ldr	r2, .L453+16
 6017 0090 1A65     		str	r2, [r3, #80]
 6018              	.L436:
2221:Drivers/STM32F4xx_HAL_Driver/Src/stm32f4xx_hal_spi.c ****   {
 6019              		.loc 1 2221 3 is_stmt 1 view .LVU2045
2221:Drivers/STM32F4xx_HAL_Driver/Src/stm32f4xx_hal_spi.c ****   {
 6020              		.loc 1 2221 11 is_stmt 0 view .LVU2046
 6021 0092 E36C     		ldr	r3, [r4, #76]
2221:Drivers/STM32F4xx_HAL_Driver/Src/stm32f4xx_hal_spi.c ****   {
 6022              		.loc 1 2221 6 view .LVU2047
 6023 0094 33B1     		cbz	r3, .L438
2225:Drivers/STM32F4xx_HAL_Driver/Src/stm32f4xx_hal_spi.c ****     {
 6024              		.loc 1 2225 5 is_stmt 1 view .LVU2048
2225:Drivers/STM32F4xx_HAL_Driver/Src/stm32f4xx_hal_spi.c ****     {
 6025              		.loc 1 2225 9 is_stmt 0 view .LVU2049
 6026 0096 2268     		ldr	r2, [r4]
 6027 0098 5268     		ldr	r2, [r2, #4]
2225:Drivers/STM32F4xx_HAL_Driver/Src/stm32f4xx_hal_spi.c ****     {
 6028              		.loc 1 2225 8 view .LVU2050
 6029 009a 12F0010F 		tst	r2, #1
 6030 009e 20D0     		beq	.L439
2227:Drivers/STM32F4xx_HAL_Driver/Src/stm32f4xx_hal_spi.c ****     }
 6031              		.loc 1 2227 7 is_stmt 1 view .LVU2051
2227:Drivers/STM32F4xx_HAL_Driver/Src/stm32f4xx_hal_spi.c ****     }
 6032              		.loc 1 2227 39 is_stmt 0 view .LVU2052
 6033 00a0 2D4A     		ldr	r2, .L453+20
 6034 00a2 1A65     		str	r2, [r3, #80]
 6035              	.L438:
2236:Drivers/STM32F4xx_HAL_Driver/Src/stm32f4xx_hal_spi.c ****   {
 6036              		.loc 1 2236 3 is_stmt 1 view .LVU2053
2236:Drivers/STM32F4xx_HAL_Driver/Src/stm32f4xx_hal_spi.c ****   {
 6037              		.loc 1 2236 7 is_stmt 0 view .LVU2054
 6038 00a4 2368     		ldr	r3, [r4]
 6039 00a6 5B68     		ldr	r3, [r3, #4]
2236:Drivers/STM32F4xx_HAL_Driver/Src/stm32f4xx_hal_spi.c ****   {
 6040              		.loc 1 2236 6 view .LVU2055
 6041 00a8 13F0020F 		tst	r3, #2
 6042 00ac 1CD1     		bne	.L440
 6043              	.LVL330:
 6044              	.L442:
2162:Drivers/STM32F4xx_HAL_Driver/Src/stm32f4xx_hal_spi.c ****   resetcount = SPI_DEFAULT_TIMEOUT * (SystemCoreClock / 24U / 1000U);
 6045              		.loc 1 2162 13 view .LVU2056
 6046 00ae 0123     		movs	r3, #1
 6047 00b0 1E46     		mov	r6, r3
 6048              	.L441:
 6049              	.LVL331:
2254:Drivers/STM32F4xx_HAL_Driver/Src/stm32f4xx_hal_spi.c ****   {
 6050              		.loc 1 2254 3 is_stmt 1 view .LVU2057
2254:Drivers/STM32F4xx_HAL_Driver/Src/stm32f4xx_hal_spi.c ****   {
 6051              		.loc 1 2254 7 is_stmt 0 view .LVU2058
 6052 00b2 2368     		ldr	r3, [r4]
 6053 00b4 5B68     		ldr	r3, [r3, #4]
2254:Drivers/STM32F4xx_HAL_Driver/Src/stm32f4xx_hal_spi.c ****   {
 6054              		.loc 1 2254 6 view .LVU2059
 6055 00b6 13F0010F 		tst	r3, #1
 6056 00ba 0AD0     		beq	.L443
2257:Drivers/STM32F4xx_HAL_Driver/Src/stm32f4xx_hal_spi.c ****     {
ARM GAS  /tmp/cci2ucsl.s 			page 210


 6057              		.loc 1 2257 5 is_stmt 1 view .LVU2060
2257:Drivers/STM32F4xx_HAL_Driver/Src/stm32f4xx_hal_spi.c ****     {
 6058              		.loc 1 2257 13 is_stmt 0 view .LVU2061
 6059 00bc E06C     		ldr	r0, [r4, #76]
2257:Drivers/STM32F4xx_HAL_Driver/Src/stm32f4xx_hal_spi.c ****     {
 6060              		.loc 1 2257 8 view .LVU2062
 6061 00be 40B1     		cbz	r0, .L443
2260:Drivers/STM32F4xx_HAL_Driver/Src/stm32f4xx_hal_spi.c ****       {
 6062              		.loc 1 2260 7 is_stmt 1 view .LVU2063
2260:Drivers/STM32F4xx_HAL_Driver/Src/stm32f4xx_hal_spi.c ****       {
 6063              		.loc 1 2260 11 is_stmt 0 view .LVU2064
 6064 00c0 FFF7FEFF 		bl	HAL_DMA_Abort_IT
 6065              	.LVL332:
2260:Drivers/STM32F4xx_HAL_Driver/Src/stm32f4xx_hal_spi.c ****       {
 6066              		.loc 1 2260 10 discriminator 1 view .LVU2065
 6067 00c4 0546     		mov	r5, r0
 6068 00c6 30B1     		cbz	r0, .L444
2262:Drivers/STM32F4xx_HAL_Driver/Src/stm32f4xx_hal_spi.c ****         hspi->ErrorCode = HAL_SPI_ERROR_ABORT;
 6069              		.loc 1 2262 9 is_stmt 1 view .LVU2066
2262:Drivers/STM32F4xx_HAL_Driver/Src/stm32f4xx_hal_spi.c ****         hspi->ErrorCode = HAL_SPI_ERROR_ABORT;
 6070              		.loc 1 2262 13 is_stmt 0 view .LVU2067
 6071 00c8 E36C     		ldr	r3, [r4, #76]
2262:Drivers/STM32F4xx_HAL_Driver/Src/stm32f4xx_hal_spi.c ****         hspi->ErrorCode = HAL_SPI_ERROR_ABORT;
 6072              		.loc 1 2262 41 view .LVU2068
 6073 00ca 0022     		movs	r2, #0
 6074 00cc 1A65     		str	r2, [r3, #80]
2263:Drivers/STM32F4xx_HAL_Driver/Src/stm32f4xx_hal_spi.c ****       }
 6075              		.loc 1 2263 9 is_stmt 1 view .LVU2069
2263:Drivers/STM32F4xx_HAL_Driver/Src/stm32f4xx_hal_spi.c ****       }
 6076              		.loc 1 2263 25 is_stmt 0 view .LVU2070
 6077 00ce 4023     		movs	r3, #64
 6078 00d0 6365     		str	r3, [r4, #84]
 6079              	.L443:
2272:Drivers/STM32F4xx_HAL_Driver/Src/stm32f4xx_hal_spi.c ****   {
 6080              		.loc 1 2272 3 is_stmt 1 view .LVU2071
2272:Drivers/STM32F4xx_HAL_Driver/Src/stm32f4xx_hal_spi.c ****   {
 6081              		.loc 1 2272 6 is_stmt 0 view .LVU2072
 6082 00d2 BEB9     		cbnz	r6, .L452
2161:Drivers/STM32F4xx_HAL_Driver/Src/stm32f4xx_hal_spi.c ****   abortcplt = 1U;
 6083              		.loc 1 2161 13 view .LVU2073
 6084 00d4 3546     		mov	r5, r6
 6085              	.LVL333:
 6086              	.L444:
2305:Drivers/STM32F4xx_HAL_Driver/Src/stm32f4xx_hal_spi.c **** }
 6087              		.loc 1 2305 3 is_stmt 1 view .LVU2074
2306:Drivers/STM32F4xx_HAL_Driver/Src/stm32f4xx_hal_spi.c **** 
 6088              		.loc 1 2306 1 is_stmt 0 view .LVU2075
 6089 00d6 2846     		mov	r0, r5
 6090 00d8 04B0     		add	sp, sp, #16
 6091              	.LCFI77:
 6092              		.cfi_remember_state
 6093              		.cfi_def_cfa_offset 16
 6094              		@ sp needed
 6095 00da 70BD     		pop	{r4, r5, r6, pc}
 6096              	.LVL334:
 6097              	.L437:
 6098              	.LCFI78:
ARM GAS  /tmp/cci2ucsl.s 			page 211


 6099              		.cfi_restore_state
2217:Drivers/STM32F4xx_HAL_Driver/Src/stm32f4xx_hal_spi.c ****     }
 6100              		.loc 1 2217 7 is_stmt 1 view .LVU2076
2217:Drivers/STM32F4xx_HAL_Driver/Src/stm32f4xx_hal_spi.c ****     }
 6101              		.loc 1 2217 39 is_stmt 0 view .LVU2077
 6102 00dc 0022     		movs	r2, #0
 6103 00de 1A65     		str	r2, [r3, #80]
 6104 00e0 D7E7     		b	.L436
 6105              	.L439:
2231:Drivers/STM32F4xx_HAL_Driver/Src/stm32f4xx_hal_spi.c ****     }
 6106              		.loc 1 2231 7 is_stmt 1 view .LVU2078
2231:Drivers/STM32F4xx_HAL_Driver/Src/stm32f4xx_hal_spi.c ****     }
 6107              		.loc 1 2231 39 is_stmt 0 view .LVU2079
 6108 00e2 0022     		movs	r2, #0
 6109 00e4 1A65     		str	r2, [r3, #80]
 6110 00e6 DDE7     		b	.L438
 6111              	.L440:
2239:Drivers/STM32F4xx_HAL_Driver/Src/stm32f4xx_hal_spi.c ****     {
 6112              		.loc 1 2239 5 is_stmt 1 view .LVU2080
2239:Drivers/STM32F4xx_HAL_Driver/Src/stm32f4xx_hal_spi.c ****     {
 6113              		.loc 1 2239 13 is_stmt 0 view .LVU2081
 6114 00e8 A06C     		ldr	r0, [r4, #72]
 6115              	.LVL335:
2239:Drivers/STM32F4xx_HAL_Driver/Src/stm32f4xx_hal_spi.c ****     {
 6116              		.loc 1 2239 8 view .LVU2082
 6117 00ea 0028     		cmp	r0, #0
 6118 00ec DFD0     		beq	.L442
2242:Drivers/STM32F4xx_HAL_Driver/Src/stm32f4xx_hal_spi.c ****       {
 6119              		.loc 1 2242 7 is_stmt 1 view .LVU2083
2242:Drivers/STM32F4xx_HAL_Driver/Src/stm32f4xx_hal_spi.c ****       {
 6120              		.loc 1 2242 11 is_stmt 0 view .LVU2084
 6121 00ee FFF7FEFF 		bl	HAL_DMA_Abort_IT
 6122              	.LVL336:
2242:Drivers/STM32F4xx_HAL_Driver/Src/stm32f4xx_hal_spi.c ****       {
 6123              		.loc 1 2242 10 discriminator 1 view .LVU2085
 6124 00f2 28B1     		cbz	r0, .L446
2244:Drivers/STM32F4xx_HAL_Driver/Src/stm32f4xx_hal_spi.c ****         hspi->ErrorCode = HAL_SPI_ERROR_ABORT;
 6125              		.loc 1 2244 9 is_stmt 1 view .LVU2086
2244:Drivers/STM32F4xx_HAL_Driver/Src/stm32f4xx_hal_spi.c ****         hspi->ErrorCode = HAL_SPI_ERROR_ABORT;
 6126              		.loc 1 2244 13 is_stmt 0 view .LVU2087
 6127 00f4 A36C     		ldr	r3, [r4, #72]
2244:Drivers/STM32F4xx_HAL_Driver/Src/stm32f4xx_hal_spi.c ****         hspi->ErrorCode = HAL_SPI_ERROR_ABORT;
 6128              		.loc 1 2244 41 view .LVU2088
 6129 00f6 0022     		movs	r2, #0
 6130 00f8 1A65     		str	r2, [r3, #80]
2245:Drivers/STM32F4xx_HAL_Driver/Src/stm32f4xx_hal_spi.c ****       }
 6131              		.loc 1 2245 9 is_stmt 1 view .LVU2089
2245:Drivers/STM32F4xx_HAL_Driver/Src/stm32f4xx_hal_spi.c ****       }
 6132              		.loc 1 2245 25 is_stmt 0 view .LVU2090
 6133 00fa 4023     		movs	r3, #64
 6134 00fc 6365     		str	r3, [r4, #84]
 6135 00fe D6E7     		b	.L442
 6136              	.L446:
2249:Drivers/STM32F4xx_HAL_Driver/Src/stm32f4xx_hal_spi.c ****       }
 6137              		.loc 1 2249 19 view .LVU2091
 6138 0100 0646     		mov	r6, r0
 6139 0102 D6E7     		b	.L441
ARM GAS  /tmp/cci2ucsl.s 			page 212


 6140              	.LVL337:
 6141              	.L452:
2275:Drivers/STM32F4xx_HAL_Driver/Src/stm32f4xx_hal_spi.c ****     hspi->TxXferCount = 0U;
 6142              		.loc 1 2275 5 is_stmt 1 view .LVU2092
2275:Drivers/STM32F4xx_HAL_Driver/Src/stm32f4xx_hal_spi.c ****     hspi->TxXferCount = 0U;
 6143              		.loc 1 2275 23 is_stmt 0 view .LVU2093
 6144 0104 0023     		movs	r3, #0
 6145 0106 E387     		strh	r3, [r4, #62]	@ movhi
2276:Drivers/STM32F4xx_HAL_Driver/Src/stm32f4xx_hal_spi.c **** 
 6146              		.loc 1 2276 5 is_stmt 1 view .LVU2094
2276:Drivers/STM32F4xx_HAL_Driver/Src/stm32f4xx_hal_spi.c **** 
 6147              		.loc 1 2276 23 is_stmt 0 view .LVU2095
 6148 0108 E386     		strh	r3, [r4, #54]	@ movhi
2279:Drivers/STM32F4xx_HAL_Driver/Src/stm32f4xx_hal_spi.c ****     {
 6149              		.loc 1 2279 5 is_stmt 1 view .LVU2096
2279:Drivers/STM32F4xx_HAL_Driver/Src/stm32f4xx_hal_spi.c ****     {
 6150              		.loc 1 2279 13 is_stmt 0 view .LVU2097
 6151 010a 636D     		ldr	r3, [r4, #84]
2279:Drivers/STM32F4xx_HAL_Driver/Src/stm32f4xx_hal_spi.c ****     {
 6152              		.loc 1 2279 8 view .LVU2098
 6153 010c 402B     		cmp	r3, #64
 6154 010e 15D0     		beq	.L448
2287:Drivers/STM32F4xx_HAL_Driver/Src/stm32f4xx_hal_spi.c ****     }
 6155              		.loc 1 2287 7 is_stmt 1 view .LVU2099
2287:Drivers/STM32F4xx_HAL_Driver/Src/stm32f4xx_hal_spi.c ****     }
 6156              		.loc 1 2287 23 is_stmt 0 view .LVU2100
 6157 0110 0023     		movs	r3, #0
 6158 0112 6365     		str	r3, [r4, #84]
2161:Drivers/STM32F4xx_HAL_Driver/Src/stm32f4xx_hal_spi.c ****   abortcplt = 1U;
 6159              		.loc 1 2161 13 view .LVU2101
 6160 0114 1D46     		mov	r5, r3
 6161              	.L445:
 6162              	.LVL338:
2291:Drivers/STM32F4xx_HAL_Driver/Src/stm32f4xx_hal_spi.c ****     __HAL_SPI_CLEAR_FREFLAG(hspi);
 6163              		.loc 1 2291 5 is_stmt 1 view .LVU2102
 6164              	.LBB14:
2291:Drivers/STM32F4xx_HAL_Driver/Src/stm32f4xx_hal_spi.c ****     __HAL_SPI_CLEAR_FREFLAG(hspi);
 6165              		.loc 1 2291 5 view .LVU2103
 6166 0116 0022     		movs	r2, #0
 6167 0118 0092     		str	r2, [sp]
2291:Drivers/STM32F4xx_HAL_Driver/Src/stm32f4xx_hal_spi.c ****     __HAL_SPI_CLEAR_FREFLAG(hspi);
 6168              		.loc 1 2291 5 view .LVU2104
 6169 011a 2368     		ldr	r3, [r4]
 6170 011c D968     		ldr	r1, [r3, #12]
 6171 011e 0091     		str	r1, [sp]
2291:Drivers/STM32F4xx_HAL_Driver/Src/stm32f4xx_hal_spi.c ****     __HAL_SPI_CLEAR_FREFLAG(hspi);
 6172              		.loc 1 2291 5 view .LVU2105
 6173 0120 9968     		ldr	r1, [r3, #8]
 6174 0122 0091     		str	r1, [sp]
2291:Drivers/STM32F4xx_HAL_Driver/Src/stm32f4xx_hal_spi.c ****     __HAL_SPI_CLEAR_FREFLAG(hspi);
 6175              		.loc 1 2291 5 view .LVU2106
 6176 0124 0099     		ldr	r1, [sp]
 6177              	.LBE14:
2291:Drivers/STM32F4xx_HAL_Driver/Src/stm32f4xx_hal_spi.c ****     __HAL_SPI_CLEAR_FREFLAG(hspi);
 6178              		.loc 1 2291 5 view .LVU2107
2292:Drivers/STM32F4xx_HAL_Driver/Src/stm32f4xx_hal_spi.c **** 
 6179              		.loc 1 2292 5 view .LVU2108
ARM GAS  /tmp/cci2ucsl.s 			page 213


 6180              	.LBB15:
2292:Drivers/STM32F4xx_HAL_Driver/Src/stm32f4xx_hal_spi.c **** 
 6181              		.loc 1 2292 5 view .LVU2109
 6182 0126 0192     		str	r2, [sp, #4]
2292:Drivers/STM32F4xx_HAL_Driver/Src/stm32f4xx_hal_spi.c **** 
 6183              		.loc 1 2292 5 view .LVU2110
 6184 0128 9B68     		ldr	r3, [r3, #8]
 6185 012a 0193     		str	r3, [sp, #4]
2292:Drivers/STM32F4xx_HAL_Driver/Src/stm32f4xx_hal_spi.c **** 
 6186              		.loc 1 2292 5 view .LVU2111
 6187 012c 019B     		ldr	r3, [sp, #4]
 6188              	.LBE15:
2292:Drivers/STM32F4xx_HAL_Driver/Src/stm32f4xx_hal_spi.c **** 
 6189              		.loc 1 2292 5 view .LVU2112
2295:Drivers/STM32F4xx_HAL_Driver/Src/stm32f4xx_hal_spi.c **** 
 6190              		.loc 1 2295 5 view .LVU2113
2295:Drivers/STM32F4xx_HAL_Driver/Src/stm32f4xx_hal_spi.c **** 
 6191              		.loc 1 2295 17 is_stmt 0 view .LVU2114
 6192 012e 0123     		movs	r3, #1
 6193 0130 84F85130 		strb	r3, [r4, #81]
2301:Drivers/STM32F4xx_HAL_Driver/Src/stm32f4xx_hal_spi.c **** #endif /* USE_HAL_SPI_REGISTER_CALLBACKS */
 6194              		.loc 1 2301 5 is_stmt 1 view .LVU2115
 6195 0134 2046     		mov	r0, r4
 6196 0136 FFF7FEFF 		bl	HAL_SPI_AbortCpltCallback
 6197              	.LVL339:
 6198 013a CCE7     		b	.L444
 6199              	.LVL340:
 6200              	.L448:
2282:Drivers/STM32F4xx_HAL_Driver/Src/stm32f4xx_hal_spi.c ****     }
 6201              		.loc 1 2282 17 is_stmt 0 view .LVU2116
 6202 013c 0123     		movs	r3, #1
 6203 013e 1D46     		mov	r5, r3
 6204 0140 E9E7     		b	.L445
 6205              	.L454:
 6206 0142 00BF     		.align	2
 6207              	.L453:
 6208 0144 00000000 		.word	SystemCoreClock
 6209 0148 F1197605 		.word	91625969
 6210 014c 00000000 		.word	SPI_AbortTx_ISR
 6211 0150 00000000 		.word	SPI_AbortRx_ISR
 6212 0154 00000000 		.word	SPI_DMATxAbortCallback
 6213 0158 00000000 		.word	SPI_DMARxAbortCallback
 6214              		.cfi_endproc
 6215              	.LFE234:
 6217              		.section	.text.SPI_DMARxAbortCallback,"ax",%progbits
 6218              		.align	1
 6219              		.syntax unified
 6220              		.thumb
 6221              		.thumb_func
 6223              	SPI_DMARxAbortCallback:
 6224              	.LVL341:
 6225              	.LFB258:
3080:Drivers/STM32F4xx_HAL_Driver/Src/stm32f4xx_hal_spi.c ****   SPI_HandleTypeDef *hspi = (SPI_HandleTypeDef *)(((DMA_HandleTypeDef *)hdma)->Parent);
 6226              		.loc 1 3080 1 is_stmt 1 view -0
 6227              		.cfi_startproc
 6228              		@ args = 0, pretend = 0, frame = 8
 6229              		@ frame_needed = 0, uses_anonymous_args = 0
ARM GAS  /tmp/cci2ucsl.s 			page 214


3080:Drivers/STM32F4xx_HAL_Driver/Src/stm32f4xx_hal_spi.c ****   SPI_HandleTypeDef *hspi = (SPI_HandleTypeDef *)(((DMA_HandleTypeDef *)hdma)->Parent);
 6230              		.loc 1 3080 1 is_stmt 0 view .LVU2118
 6231 0000 10B5     		push	{r4, lr}
 6232              	.LCFI79:
 6233              		.cfi_def_cfa_offset 8
 6234              		.cfi_offset 4, -8
 6235              		.cfi_offset 14, -4
 6236 0002 82B0     		sub	sp, sp, #8
 6237              	.LCFI80:
 6238              		.cfi_def_cfa_offset 16
3081:Drivers/STM32F4xx_HAL_Driver/Src/stm32f4xx_hal_spi.c **** 
 6239              		.loc 1 3081 3 is_stmt 1 view .LVU2119
3081:Drivers/STM32F4xx_HAL_Driver/Src/stm32f4xx_hal_spi.c **** 
 6240              		.loc 1 3081 22 is_stmt 0 view .LVU2120
 6241 0004 846B     		ldr	r4, [r0, #56]
 6242              	.LVL342:
3084:Drivers/STM32F4xx_HAL_Driver/Src/stm32f4xx_hal_spi.c **** 
 6243              		.loc 1 3084 3 is_stmt 1 view .LVU2121
 6244 0006 2268     		ldr	r2, [r4]
 6245 0008 1368     		ldr	r3, [r2]
 6246 000a 23F04003 		bic	r3, r3, #64
 6247 000e 1360     		str	r3, [r2]
3086:Drivers/STM32F4xx_HAL_Driver/Src/stm32f4xx_hal_spi.c **** 
 6248              		.loc 1 3086 3 view .LVU2122
3086:Drivers/STM32F4xx_HAL_Driver/Src/stm32f4xx_hal_spi.c **** 
 6249              		.loc 1 3086 7 is_stmt 0 view .LVU2123
 6250 0010 E36C     		ldr	r3, [r4, #76]
3086:Drivers/STM32F4xx_HAL_Driver/Src/stm32f4xx_hal_spi.c **** 
 6251              		.loc 1 3086 35 view .LVU2124
 6252 0012 0022     		movs	r2, #0
 6253 0014 1A65     		str	r2, [r3, #80]
3089:Drivers/STM32F4xx_HAL_Driver/Src/stm32f4xx_hal_spi.c **** 
 6254              		.loc 1 3089 3 is_stmt 1 view .LVU2125
 6255 0016 2268     		ldr	r2, [r4]
 6256 0018 5368     		ldr	r3, [r2, #4]
 6257 001a 23F00103 		bic	r3, r3, #1
 6258 001e 5360     		str	r3, [r2, #4]
3092:Drivers/STM32F4xx_HAL_Driver/Src/stm32f4xx_hal_spi.c ****   {
 6259              		.loc 1 3092 3 view .LVU2126
3092:Drivers/STM32F4xx_HAL_Driver/Src/stm32f4xx_hal_spi.c ****   {
 6260              		.loc 1 3092 7 is_stmt 0 view .LVU2127
 6261 0020 FFF7FEFF 		bl	HAL_GetTick
 6262              	.LVL343:
3092:Drivers/STM32F4xx_HAL_Driver/Src/stm32f4xx_hal_spi.c ****   {
 6263              		.loc 1 3092 7 view .LVU2128
 6264 0024 0246     		mov	r2, r0
3092:Drivers/STM32F4xx_HAL_Driver/Src/stm32f4xx_hal_spi.c ****   {
 6265              		.loc 1 3092 7 discriminator 1 view .LVU2129
 6266 0026 6421     		movs	r1, #100
 6267 0028 2046     		mov	r0, r4
 6268 002a FFF7FEFF 		bl	SPI_EndRxTxTransaction
 6269              	.LVL344:
3092:Drivers/STM32F4xx_HAL_Driver/Src/stm32f4xx_hal_spi.c ****   {
 6270              		.loc 1 3092 6 discriminator 2 view .LVU2130
 6271 002e 18B1     		cbz	r0, .L456
3094:Drivers/STM32F4xx_HAL_Driver/Src/stm32f4xx_hal_spi.c ****   }
 6272              		.loc 1 3094 5 is_stmt 1 view .LVU2131
ARM GAS  /tmp/cci2ucsl.s 			page 215


 6273 0030 636D     		ldr	r3, [r4, #84]
 6274 0032 43F04003 		orr	r3, r3, #64
 6275 0036 6365     		str	r3, [r4, #84]
 6276              	.L456:
3098:Drivers/STM32F4xx_HAL_Driver/Src/stm32f4xx_hal_spi.c ****   {
 6277              		.loc 1 3098 3 view .LVU2132
3098:Drivers/STM32F4xx_HAL_Driver/Src/stm32f4xx_hal_spi.c ****   {
 6278              		.loc 1 3098 11 is_stmt 0 view .LVU2133
 6279 0038 A36C     		ldr	r3, [r4, #72]
3098:Drivers/STM32F4xx_HAL_Driver/Src/stm32f4xx_hal_spi.c ****   {
 6280              		.loc 1 3098 6 view .LVU2134
 6281 003a 0BB1     		cbz	r3, .L457
3100:Drivers/STM32F4xx_HAL_Driver/Src/stm32f4xx_hal_spi.c ****     {
 6282              		.loc 1 3100 5 is_stmt 1 view .LVU2135
3100:Drivers/STM32F4xx_HAL_Driver/Src/stm32f4xx_hal_spi.c ****     {
 6283              		.loc 1 3100 21 is_stmt 0 view .LVU2136
 6284 003c 1B6D     		ldr	r3, [r3, #80]
3100:Drivers/STM32F4xx_HAL_Driver/Src/stm32f4xx_hal_spi.c ****     {
 6285              		.loc 1 3100 8 view .LVU2137
 6286 003e C3B9     		cbnz	r3, .L455
 6287              	.L457:
3107:Drivers/STM32F4xx_HAL_Driver/Src/stm32f4xx_hal_spi.c ****   hspi->TxXferCount = 0U;
 6288              		.loc 1 3107 3 is_stmt 1 view .LVU2138
3107:Drivers/STM32F4xx_HAL_Driver/Src/stm32f4xx_hal_spi.c ****   hspi->TxXferCount = 0U;
 6289              		.loc 1 3107 21 is_stmt 0 view .LVU2139
 6290 0040 E387     		strh	r3, [r4, #62]	@ movhi
3108:Drivers/STM32F4xx_HAL_Driver/Src/stm32f4xx_hal_spi.c **** 
 6291              		.loc 1 3108 3 is_stmt 1 view .LVU2140
3108:Drivers/STM32F4xx_HAL_Driver/Src/stm32f4xx_hal_spi.c **** 
 6292              		.loc 1 3108 21 is_stmt 0 view .LVU2141
 6293 0042 E386     		strh	r3, [r4, #54]	@ movhi
3111:Drivers/STM32F4xx_HAL_Driver/Src/stm32f4xx_hal_spi.c ****   {
 6294              		.loc 1 3111 3 is_stmt 1 view .LVU2142
3111:Drivers/STM32F4xx_HAL_Driver/Src/stm32f4xx_hal_spi.c ****   {
 6295              		.loc 1 3111 11 is_stmt 0 view .LVU2143
 6296 0044 636D     		ldr	r3, [r4, #84]
3111:Drivers/STM32F4xx_HAL_Driver/Src/stm32f4xx_hal_spi.c ****   {
 6297              		.loc 1 3111 6 view .LVU2144
 6298 0046 402B     		cmp	r3, #64
 6299 0048 01D0     		beq	.L459
3114:Drivers/STM32F4xx_HAL_Driver/Src/stm32f4xx_hal_spi.c ****   }
 6300              		.loc 1 3114 5 is_stmt 1 view .LVU2145
3114:Drivers/STM32F4xx_HAL_Driver/Src/stm32f4xx_hal_spi.c ****   }
 6301              		.loc 1 3114 21 is_stmt 0 view .LVU2146
 6302 004a 0023     		movs	r3, #0
 6303 004c 6365     		str	r3, [r4, #84]
 6304              	.L459:
3118:Drivers/STM32F4xx_HAL_Driver/Src/stm32f4xx_hal_spi.c ****   __HAL_SPI_CLEAR_FREFLAG(hspi);
 6305              		.loc 1 3118 3 is_stmt 1 view .LVU2147
 6306              	.LBB16:
3118:Drivers/STM32F4xx_HAL_Driver/Src/stm32f4xx_hal_spi.c ****   __HAL_SPI_CLEAR_FREFLAG(hspi);
 6307              		.loc 1 3118 3 view .LVU2148
 6308 004e 0022     		movs	r2, #0
 6309 0050 0092     		str	r2, [sp]
3118:Drivers/STM32F4xx_HAL_Driver/Src/stm32f4xx_hal_spi.c ****   __HAL_SPI_CLEAR_FREFLAG(hspi);
 6310              		.loc 1 3118 3 view .LVU2149
 6311 0052 2368     		ldr	r3, [r4]
ARM GAS  /tmp/cci2ucsl.s 			page 216


 6312 0054 D968     		ldr	r1, [r3, #12]
 6313 0056 0091     		str	r1, [sp]
3118:Drivers/STM32F4xx_HAL_Driver/Src/stm32f4xx_hal_spi.c ****   __HAL_SPI_CLEAR_FREFLAG(hspi);
 6314              		.loc 1 3118 3 view .LVU2150
 6315 0058 9968     		ldr	r1, [r3, #8]
 6316 005a 0091     		str	r1, [sp]
3118:Drivers/STM32F4xx_HAL_Driver/Src/stm32f4xx_hal_spi.c ****   __HAL_SPI_CLEAR_FREFLAG(hspi);
 6317              		.loc 1 3118 3 view .LVU2151
 6318 005c 0099     		ldr	r1, [sp]
 6319              	.LBE16:
3118:Drivers/STM32F4xx_HAL_Driver/Src/stm32f4xx_hal_spi.c ****   __HAL_SPI_CLEAR_FREFLAG(hspi);
 6320              		.loc 1 3118 3 view .LVU2152
3119:Drivers/STM32F4xx_HAL_Driver/Src/stm32f4xx_hal_spi.c **** 
 6321              		.loc 1 3119 3 view .LVU2153
 6322              	.LBB17:
3119:Drivers/STM32F4xx_HAL_Driver/Src/stm32f4xx_hal_spi.c **** 
 6323              		.loc 1 3119 3 view .LVU2154
 6324 005e 0192     		str	r2, [sp, #4]
3119:Drivers/STM32F4xx_HAL_Driver/Src/stm32f4xx_hal_spi.c **** 
 6325              		.loc 1 3119 3 view .LVU2155
 6326 0060 9B68     		ldr	r3, [r3, #8]
 6327 0062 0193     		str	r3, [sp, #4]
3119:Drivers/STM32F4xx_HAL_Driver/Src/stm32f4xx_hal_spi.c **** 
 6328              		.loc 1 3119 3 view .LVU2156
 6329 0064 019B     		ldr	r3, [sp, #4]
 6330              	.LBE17:
3119:Drivers/STM32F4xx_HAL_Driver/Src/stm32f4xx_hal_spi.c **** 
 6331              		.loc 1 3119 3 view .LVU2157
3122:Drivers/STM32F4xx_HAL_Driver/Src/stm32f4xx_hal_spi.c **** 
 6332              		.loc 1 3122 3 view .LVU2158
3122:Drivers/STM32F4xx_HAL_Driver/Src/stm32f4xx_hal_spi.c **** 
 6333              		.loc 1 3122 16 is_stmt 0 view .LVU2159
 6334 0066 0123     		movs	r3, #1
 6335 0068 84F85130 		strb	r3, [r4, #81]
3128:Drivers/STM32F4xx_HAL_Driver/Src/stm32f4xx_hal_spi.c **** #endif /* USE_HAL_SPI_REGISTER_CALLBACKS */
 6336              		.loc 1 3128 3 is_stmt 1 view .LVU2160
 6337 006c 2046     		mov	r0, r4
 6338 006e FFF7FEFF 		bl	HAL_SPI_AbortCpltCallback
 6339              	.LVL345:
 6340              	.L455:
3130:Drivers/STM32F4xx_HAL_Driver/Src/stm32f4xx_hal_spi.c **** 
 6341              		.loc 1 3130 1 is_stmt 0 view .LVU2161
 6342 0072 02B0     		add	sp, sp, #8
 6343              	.LCFI81:
 6344              		.cfi_def_cfa_offset 8
 6345              		@ sp needed
 6346 0074 10BD     		pop	{r4, pc}
3130:Drivers/STM32F4xx_HAL_Driver/Src/stm32f4xx_hal_spi.c **** 
 6347              		.loc 1 3130 1 view .LVU2162
 6348              		.cfi_endproc
 6349              	.LFE258:
 6351              		.section	.text.SPI_DMATxAbortCallback,"ax",%progbits
 6352              		.align	1
 6353              		.syntax unified
 6354              		.thumb
 6355              		.thumb_func
 6357              	SPI_DMATxAbortCallback:
ARM GAS  /tmp/cci2ucsl.s 			page 217


 6358              	.LVL346:
 6359              	.LFB257:
3015:Drivers/STM32F4xx_HAL_Driver/Src/stm32f4xx_hal_spi.c ****   SPI_HandleTypeDef *hspi = (SPI_HandleTypeDef *)(((DMA_HandleTypeDef *)hdma)->Parent);
 6360              		.loc 1 3015 1 is_stmt 1 view -0
 6361              		.cfi_startproc
 6362              		@ args = 0, pretend = 0, frame = 16
 6363              		@ frame_needed = 0, uses_anonymous_args = 0
3015:Drivers/STM32F4xx_HAL_Driver/Src/stm32f4xx_hal_spi.c ****   SPI_HandleTypeDef *hspi = (SPI_HandleTypeDef *)(((DMA_HandleTypeDef *)hdma)->Parent);
 6364              		.loc 1 3015 1 is_stmt 0 view .LVU2164
 6365 0000 00B5     		push	{lr}
 6366              	.LCFI82:
 6367              		.cfi_def_cfa_offset 4
 6368              		.cfi_offset 14, -4
 6369 0002 85B0     		sub	sp, sp, #20
 6370              	.LCFI83:
 6371              		.cfi_def_cfa_offset 24
3016:Drivers/STM32F4xx_HAL_Driver/Src/stm32f4xx_hal_spi.c ****   __IO uint32_t count;
 6372              		.loc 1 3016 3 is_stmt 1 view .LVU2165
3016:Drivers/STM32F4xx_HAL_Driver/Src/stm32f4xx_hal_spi.c ****   __IO uint32_t count;
 6373              		.loc 1 3016 22 is_stmt 0 view .LVU2166
 6374 0004 806B     		ldr	r0, [r0, #56]
 6375              	.LVL347:
3017:Drivers/STM32F4xx_HAL_Driver/Src/stm32f4xx_hal_spi.c **** 
 6376              		.loc 1 3017 3 is_stmt 1 view .LVU2167
3019:Drivers/STM32F4xx_HAL_Driver/Src/stm32f4xx_hal_spi.c ****   count = SPI_DEFAULT_TIMEOUT * (SystemCoreClock / 24U / 1000U);
 6377              		.loc 1 3019 3 view .LVU2168
3019:Drivers/STM32F4xx_HAL_Driver/Src/stm32f4xx_hal_spi.c ****   count = SPI_DEFAULT_TIMEOUT * (SystemCoreClock / 24U / 1000U);
 6378              		.loc 1 3019 7 is_stmt 0 view .LVU2169
 6379 0006 836C     		ldr	r3, [r0, #72]
3019:Drivers/STM32F4xx_HAL_Driver/Src/stm32f4xx_hal_spi.c ****   count = SPI_DEFAULT_TIMEOUT * (SystemCoreClock / 24U / 1000U);
 6380              		.loc 1 3019 35 view .LVU2170
 6381 0008 0022     		movs	r2, #0
 6382 000a 1A65     		str	r2, [r3, #80]
3020:Drivers/STM32F4xx_HAL_Driver/Src/stm32f4xx_hal_spi.c **** 
 6383              		.loc 1 3020 3 is_stmt 1 view .LVU2171
3020:Drivers/STM32F4xx_HAL_Driver/Src/stm32f4xx_hal_spi.c **** 
 6384              		.loc 1 3020 56 is_stmt 0 view .LVU2172
 6385 000c 1D4B     		ldr	r3, .L470
 6386 000e 1B68     		ldr	r3, [r3]
 6387 0010 1D4A     		ldr	r2, .L470+4
 6388 0012 A2FB0323 		umull	r2, r3, r2, r3
 6389 0016 5B0A     		lsrs	r3, r3, #9
3020:Drivers/STM32F4xx_HAL_Driver/Src/stm32f4xx_hal_spi.c **** 
 6390              		.loc 1 3020 31 view .LVU2173
 6391 0018 6422     		movs	r2, #100
 6392 001a 02FB03F3 		mul	r3, r2, r3
3020:Drivers/STM32F4xx_HAL_Driver/Src/stm32f4xx_hal_spi.c **** 
 6393              		.loc 1 3020 9 view .LVU2174
 6394 001e 0393     		str	r3, [sp, #12]
3023:Drivers/STM32F4xx_HAL_Driver/Src/stm32f4xx_hal_spi.c **** 
 6395              		.loc 1 3023 3 is_stmt 1 view .LVU2175
 6396 0020 0268     		ldr	r2, [r0]
 6397 0022 5368     		ldr	r3, [r2, #4]
 6398 0024 23F00203 		bic	r3, r3, #2
 6399 0028 5360     		str	r3, [r2, #4]
 6400              	.L464:
3026:Drivers/STM32F4xx_HAL_Driver/Src/stm32f4xx_hal_spi.c ****   {
ARM GAS  /tmp/cci2ucsl.s 			page 218


 6401              		.loc 1 3026 3 view .LVU2176
3028:Drivers/STM32F4xx_HAL_Driver/Src/stm32f4xx_hal_spi.c ****     {
 6402              		.loc 1 3028 5 view .LVU2177
3028:Drivers/STM32F4xx_HAL_Driver/Src/stm32f4xx_hal_spi.c ****     {
 6403              		.loc 1 3028 15 is_stmt 0 view .LVU2178
 6404 002a 039B     		ldr	r3, [sp, #12]
3028:Drivers/STM32F4xx_HAL_Driver/Src/stm32f4xx_hal_spi.c ****     {
 6405              		.loc 1 3028 8 view .LVU2179
 6406 002c 43B1     		cbz	r3, .L469
3033:Drivers/STM32F4xx_HAL_Driver/Src/stm32f4xx_hal_spi.c ****   } while ((hspi->Instance->SR & SPI_FLAG_TXE) == RESET);
 6407              		.loc 1 3033 5 is_stmt 1 view .LVU2180
3033:Drivers/STM32F4xx_HAL_Driver/Src/stm32f4xx_hal_spi.c ****   } while ((hspi->Instance->SR & SPI_FLAG_TXE) == RESET);
 6408              		.loc 1 3033 10 is_stmt 0 view .LVU2181
 6409 002e 039B     		ldr	r3, [sp, #12]
 6410 0030 013B     		subs	r3, r3, #1
 6411 0032 0393     		str	r3, [sp, #12]
3034:Drivers/STM32F4xx_HAL_Driver/Src/stm32f4xx_hal_spi.c **** 
 6412              		.loc 1 3034 48 is_stmt 1 view .LVU2182
3034:Drivers/STM32F4xx_HAL_Driver/Src/stm32f4xx_hal_spi.c **** 
 6413              		.loc 1 3034 17 is_stmt 0 view .LVU2183
 6414 0034 0368     		ldr	r3, [r0]
3034:Drivers/STM32F4xx_HAL_Driver/Src/stm32f4xx_hal_spi.c **** 
 6415              		.loc 1 3034 27 view .LVU2184
 6416 0036 9B68     		ldr	r3, [r3, #8]
3034:Drivers/STM32F4xx_HAL_Driver/Src/stm32f4xx_hal_spi.c **** 
 6417              		.loc 1 3034 48 view .LVU2185
 6418 0038 13F0020F 		tst	r3, #2
 6419 003c F5D0     		beq	.L464
 6420 003e 03E0     		b	.L463
 6421              	.L469:
3030:Drivers/STM32F4xx_HAL_Driver/Src/stm32f4xx_hal_spi.c ****       break;
 6422              		.loc 1 3030 7 is_stmt 1 view .LVU2186
 6423 0040 436D     		ldr	r3, [r0, #84]
 6424 0042 43F04003 		orr	r3, r3, #64
 6425 0046 4365     		str	r3, [r0, #84]
3031:Drivers/STM32F4xx_HAL_Driver/Src/stm32f4xx_hal_spi.c ****     }
 6426              		.loc 1 3031 7 view .LVU2187
 6427              	.L463:
3037:Drivers/STM32F4xx_HAL_Driver/Src/stm32f4xx_hal_spi.c ****   {
 6428              		.loc 1 3037 3 view .LVU2188
3037:Drivers/STM32F4xx_HAL_Driver/Src/stm32f4xx_hal_spi.c ****   {
 6429              		.loc 1 3037 11 is_stmt 0 view .LVU2189
 6430 0048 C36C     		ldr	r3, [r0, #76]
3037:Drivers/STM32F4xx_HAL_Driver/Src/stm32f4xx_hal_spi.c ****   {
 6431              		.loc 1 3037 6 view .LVU2190
 6432 004a 0BB1     		cbz	r3, .L465
3039:Drivers/STM32F4xx_HAL_Driver/Src/stm32f4xx_hal_spi.c ****     {
 6433              		.loc 1 3039 5 is_stmt 1 view .LVU2191
3039:Drivers/STM32F4xx_HAL_Driver/Src/stm32f4xx_hal_spi.c ****     {
 6434              		.loc 1 3039 21 is_stmt 0 view .LVU2192
 6435 004c 1B6D     		ldr	r3, [r3, #80]
3039:Drivers/STM32F4xx_HAL_Driver/Src/stm32f4xx_hal_spi.c ****     {
 6436              		.loc 1 3039 8 view .LVU2193
 6437 004e BBB9     		cbnz	r3, .L461
 6438              	.L465:
3046:Drivers/STM32F4xx_HAL_Driver/Src/stm32f4xx_hal_spi.c ****   hspi->TxXferCount = 0U;
 6439              		.loc 1 3046 3 is_stmt 1 view .LVU2194
ARM GAS  /tmp/cci2ucsl.s 			page 219


3046:Drivers/STM32F4xx_HAL_Driver/Src/stm32f4xx_hal_spi.c ****   hspi->TxXferCount = 0U;
 6440              		.loc 1 3046 21 is_stmt 0 view .LVU2195
 6441 0050 C387     		strh	r3, [r0, #62]	@ movhi
3047:Drivers/STM32F4xx_HAL_Driver/Src/stm32f4xx_hal_spi.c **** 
 6442              		.loc 1 3047 3 is_stmt 1 view .LVU2196
3047:Drivers/STM32F4xx_HAL_Driver/Src/stm32f4xx_hal_spi.c **** 
 6443              		.loc 1 3047 21 is_stmt 0 view .LVU2197
 6444 0052 C386     		strh	r3, [r0, #54]	@ movhi
3050:Drivers/STM32F4xx_HAL_Driver/Src/stm32f4xx_hal_spi.c ****   {
 6445              		.loc 1 3050 3 is_stmt 1 view .LVU2198
3050:Drivers/STM32F4xx_HAL_Driver/Src/stm32f4xx_hal_spi.c ****   {
 6446              		.loc 1 3050 11 is_stmt 0 view .LVU2199
 6447 0054 436D     		ldr	r3, [r0, #84]
3050:Drivers/STM32F4xx_HAL_Driver/Src/stm32f4xx_hal_spi.c ****   {
 6448              		.loc 1 3050 6 view .LVU2200
 6449 0056 402B     		cmp	r3, #64
 6450 0058 01D0     		beq	.L467
3053:Drivers/STM32F4xx_HAL_Driver/Src/stm32f4xx_hal_spi.c ****   }
 6451              		.loc 1 3053 5 is_stmt 1 view .LVU2201
3053:Drivers/STM32F4xx_HAL_Driver/Src/stm32f4xx_hal_spi.c ****   }
 6452              		.loc 1 3053 21 is_stmt 0 view .LVU2202
 6453 005a 0023     		movs	r3, #0
 6454 005c 4365     		str	r3, [r0, #84]
 6455              	.L467:
3057:Drivers/STM32F4xx_HAL_Driver/Src/stm32f4xx_hal_spi.c ****   __HAL_SPI_CLEAR_FREFLAG(hspi);
 6456              		.loc 1 3057 3 is_stmt 1 view .LVU2203
 6457              	.LBB18:
3057:Drivers/STM32F4xx_HAL_Driver/Src/stm32f4xx_hal_spi.c ****   __HAL_SPI_CLEAR_FREFLAG(hspi);
 6458              		.loc 1 3057 3 view .LVU2204
 6459 005e 0022     		movs	r2, #0
 6460 0060 0192     		str	r2, [sp, #4]
3057:Drivers/STM32F4xx_HAL_Driver/Src/stm32f4xx_hal_spi.c ****   __HAL_SPI_CLEAR_FREFLAG(hspi);
 6461              		.loc 1 3057 3 view .LVU2205
 6462 0062 0368     		ldr	r3, [r0]
 6463 0064 D968     		ldr	r1, [r3, #12]
 6464 0066 0191     		str	r1, [sp, #4]
3057:Drivers/STM32F4xx_HAL_Driver/Src/stm32f4xx_hal_spi.c ****   __HAL_SPI_CLEAR_FREFLAG(hspi);
 6465              		.loc 1 3057 3 view .LVU2206
 6466 0068 9968     		ldr	r1, [r3, #8]
 6467 006a 0191     		str	r1, [sp, #4]
3057:Drivers/STM32F4xx_HAL_Driver/Src/stm32f4xx_hal_spi.c ****   __HAL_SPI_CLEAR_FREFLAG(hspi);
 6468              		.loc 1 3057 3 view .LVU2207
 6469 006c 0199     		ldr	r1, [sp, #4]
 6470              	.LBE18:
3057:Drivers/STM32F4xx_HAL_Driver/Src/stm32f4xx_hal_spi.c ****   __HAL_SPI_CLEAR_FREFLAG(hspi);
 6471              		.loc 1 3057 3 view .LVU2208
3058:Drivers/STM32F4xx_HAL_Driver/Src/stm32f4xx_hal_spi.c **** 
 6472              		.loc 1 3058 3 view .LVU2209
 6473              	.LBB19:
3058:Drivers/STM32F4xx_HAL_Driver/Src/stm32f4xx_hal_spi.c **** 
 6474              		.loc 1 3058 3 view .LVU2210
 6475 006e 0292     		str	r2, [sp, #8]
3058:Drivers/STM32F4xx_HAL_Driver/Src/stm32f4xx_hal_spi.c **** 
 6476              		.loc 1 3058 3 view .LVU2211
 6477 0070 9B68     		ldr	r3, [r3, #8]
 6478 0072 0293     		str	r3, [sp, #8]
3058:Drivers/STM32F4xx_HAL_Driver/Src/stm32f4xx_hal_spi.c **** 
ARM GAS  /tmp/cci2ucsl.s 			page 220


 6479              		.loc 1 3058 3 view .LVU2212
 6480 0074 029B     		ldr	r3, [sp, #8]
 6481              	.LBE19:
3058:Drivers/STM32F4xx_HAL_Driver/Src/stm32f4xx_hal_spi.c **** 
 6482              		.loc 1 3058 3 view .LVU2213
3061:Drivers/STM32F4xx_HAL_Driver/Src/stm32f4xx_hal_spi.c **** 
 6483              		.loc 1 3061 3 view .LVU2214
3061:Drivers/STM32F4xx_HAL_Driver/Src/stm32f4xx_hal_spi.c **** 
 6484              		.loc 1 3061 16 is_stmt 0 view .LVU2215
 6485 0076 0123     		movs	r3, #1
 6486 0078 80F85130 		strb	r3, [r0, #81]
3067:Drivers/STM32F4xx_HAL_Driver/Src/stm32f4xx_hal_spi.c **** #endif /* USE_HAL_SPI_REGISTER_CALLBACKS */
 6487              		.loc 1 3067 3 is_stmt 1 view .LVU2216
 6488 007c FFF7FEFF 		bl	HAL_SPI_AbortCpltCallback
 6489              	.LVL348:
 6490              	.L461:
3069:Drivers/STM32F4xx_HAL_Driver/Src/stm32f4xx_hal_spi.c **** 
 6491              		.loc 1 3069 1 is_stmt 0 view .LVU2217
 6492 0080 05B0     		add	sp, sp, #20
 6493              	.LCFI84:
 6494              		.cfi_def_cfa_offset 4
 6495              		@ sp needed
 6496 0082 00BD     		pop	{pc}
 6497              	.L471:
 6498              		.align	2
 6499              	.L470:
 6500 0084 00000000 		.word	SystemCoreClock
 6501 0088 F1197605 		.word	91625969
 6502              		.cfi_endproc
 6503              	.LFE257:
 6505              		.section	.text.HAL_SPI_GetState,"ax",%progbits
 6506              		.align	1
 6507              		.global	HAL_SPI_GetState
 6508              		.syntax unified
 6509              		.thumb
 6510              		.thumb_func
 6512              	HAL_SPI_GetState:
 6513              	.LVL349:
 6514              	.LFB247:
2653:Drivers/STM32F4xx_HAL_Driver/Src/stm32f4xx_hal_spi.c ****   /* Return SPI handle state */
 6515              		.loc 1 2653 1 is_stmt 1 view -0
 6516              		.cfi_startproc
 6517              		@ args = 0, pretend = 0, frame = 0
 6518              		@ frame_needed = 0, uses_anonymous_args = 0
 6519              		@ link register save eliminated.
2655:Drivers/STM32F4xx_HAL_Driver/Src/stm32f4xx_hal_spi.c **** }
 6520              		.loc 1 2655 3 view .LVU2219
2656:Drivers/STM32F4xx_HAL_Driver/Src/stm32f4xx_hal_spi.c **** 
 6521              		.loc 1 2656 1 is_stmt 0 view .LVU2220
 6522 0000 90F85100 		ldrb	r0, [r0, #81]	@ zero_extendqisi2
 6523              	.LVL350:
2656:Drivers/STM32F4xx_HAL_Driver/Src/stm32f4xx_hal_spi.c **** 
 6524              		.loc 1 2656 1 view .LVU2221
 6525 0004 7047     		bx	lr
 6526              		.cfi_endproc
 6527              	.LFE247:
 6529              		.section	.text.HAL_SPI_GetError,"ax",%progbits
ARM GAS  /tmp/cci2ucsl.s 			page 221


 6530              		.align	1
 6531              		.global	HAL_SPI_GetError
 6532              		.syntax unified
 6533              		.thumb
 6534              		.thumb_func
 6536              	HAL_SPI_GetError:
 6537              	.LVL351:
 6538              	.LFB248:
2665:Drivers/STM32F4xx_HAL_Driver/Src/stm32f4xx_hal_spi.c ****   /* Return SPI ErrorCode */
 6539              		.loc 1 2665 1 is_stmt 1 view -0
 6540              		.cfi_startproc
 6541              		@ args = 0, pretend = 0, frame = 0
 6542              		@ frame_needed = 0, uses_anonymous_args = 0
 6543              		@ link register save eliminated.
2667:Drivers/STM32F4xx_HAL_Driver/Src/stm32f4xx_hal_spi.c **** }
 6544              		.loc 1 2667 3 view .LVU2223
2668:Drivers/STM32F4xx_HAL_Driver/Src/stm32f4xx_hal_spi.c **** 
 6545              		.loc 1 2668 1 is_stmt 0 view .LVU2224
 6546 0000 406D     		ldr	r0, [r0, #84]
 6547              	.LVL352:
2668:Drivers/STM32F4xx_HAL_Driver/Src/stm32f4xx_hal_spi.c **** 
 6548              		.loc 1 2668 1 view .LVU2225
 6549 0002 7047     		bx	lr
 6550              		.cfi_endproc
 6551              	.LFE248:
 6553              		.text
 6554              	.Letext0:
 6555              		.file 2 "/usr/arm-none-eabi/include/machine/_default_types.h"
 6556              		.file 3 "/usr/arm-none-eabi/include/sys/_stdint.h"
 6557              		.file 4 "Drivers/CMSIS/Device/ST/STM32F4xx/Include/stm32f401xc.h"
 6558              		.file 5 "Drivers/CMSIS/Device/ST/STM32F4xx/Include/stm32f4xx.h"
 6559              		.file 6 "Drivers/STM32F4xx_HAL_Driver/Inc/stm32f4xx_hal_def.h"
 6560              		.file 7 "Drivers/STM32F4xx_HAL_Driver/Inc/stm32f4xx_hal_dma.h"
 6561              		.file 8 "Drivers/STM32F4xx_HAL_Driver/Inc/stm32f4xx_hal_spi.h"
 6562              		.file 9 "Drivers/CMSIS/Device/ST/STM32F4xx/Include/system_stm32f4xx.h"
 6563              		.file 10 "Drivers/STM32F4xx_HAL_Driver/Inc/stm32f4xx_hal.h"
ARM GAS  /tmp/cci2ucsl.s 			page 222


DEFINED SYMBOLS
                            *ABS*:00000000 stm32f4xx_hal_spi.c
     /tmp/cci2ucsl.s:21     .text.SPI_AbortRx_ISR:00000000 $t
     /tmp/cci2ucsl.s:26     .text.SPI_AbortRx_ISR:00000000 SPI_AbortRx_ISR
     /tmp/cci2ucsl.s:113    .text.SPI_AbortRx_ISR:00000060 $d
     /tmp/cci2ucsl.s:119    .text.SPI_AbortTx_ISR:00000000 $t
     /tmp/cci2ucsl.s:124    .text.SPI_AbortTx_ISR:00000000 SPI_AbortTx_ISR
     /tmp/cci2ucsl.s:152    .text.SPI_WaitFlagStateUntilTimeout:00000000 $t
     /tmp/cci2ucsl.s:157    .text.SPI_WaitFlagStateUntilTimeout:00000000 SPI_WaitFlagStateUntilTimeout
     /tmp/cci2ucsl.s:340    .text.SPI_WaitFlagStateUntilTimeout:000000c4 $d
     /tmp/cci2ucsl.s:345    .text.SPI_EndRxTxTransaction:00000000 $t
     /tmp/cci2ucsl.s:350    .text.SPI_EndRxTxTransaction:00000000 SPI_EndRxTxTransaction
     /tmp/cci2ucsl.s:467    .text.SPI_EndRxTxTransaction:00000078 $d
     /tmp/cci2ucsl.s:473    .text.SPI_EndRxTransaction:00000000 $t
     /tmp/cci2ucsl.s:478    .text.SPI_EndRxTransaction:00000000 SPI_EndRxTransaction
     /tmp/cci2ucsl.s:614    .text.HAL_SPI_MspInit:00000000 $t
     /tmp/cci2ucsl.s:620    .text.HAL_SPI_MspInit:00000000 HAL_SPI_MspInit
     /tmp/cci2ucsl.s:635    .text.HAL_SPI_Init:00000000 $t
     /tmp/cci2ucsl.s:641    .text.HAL_SPI_Init:00000000 HAL_SPI_Init
     /tmp/cci2ucsl.s:796    .text.HAL_SPI_MspDeInit:00000000 $t
     /tmp/cci2ucsl.s:802    .text.HAL_SPI_MspDeInit:00000000 HAL_SPI_MspDeInit
     /tmp/cci2ucsl.s:817    .text.HAL_SPI_DeInit:00000000 $t
     /tmp/cci2ucsl.s:823    .text.HAL_SPI_DeInit:00000000 HAL_SPI_DeInit
     /tmp/cci2ucsl.s:882    .text.HAL_SPI_Transmit:00000000 $t
     /tmp/cci2ucsl.s:888    .text.HAL_SPI_Transmit:00000000 HAL_SPI_Transmit
     /tmp/cci2ucsl.s:1285   .text.HAL_SPI_TransmitReceive:00000000 $t
     /tmp/cci2ucsl.s:1291   .text.HAL_SPI_TransmitReceive:00000000 HAL_SPI_TransmitReceive
     /tmp/cci2ucsl.s:1845   .text.HAL_SPI_Receive:00000000 $t
     /tmp/cci2ucsl.s:1851   .text.HAL_SPI_Receive:00000000 HAL_SPI_Receive
     /tmp/cci2ucsl.s:2186   .text.HAL_SPI_Transmit_IT:00000000 $t
     /tmp/cci2ucsl.s:2192   .text.HAL_SPI_Transmit_IT:00000000 HAL_SPI_Transmit_IT
     /tmp/cci2ucsl.s:2340   .text.HAL_SPI_Transmit_IT:00000090 $d
     /tmp/cci2ucsl.s:4413   .text.SPI_TxISR_16BIT:00000000 SPI_TxISR_16BIT
     /tmp/cci2ucsl.s:4354   .text.SPI_TxISR_8BIT:00000000 SPI_TxISR_8BIT
     /tmp/cci2ucsl.s:2346   .text.HAL_SPI_TransmitReceive_IT:00000000 $t
     /tmp/cci2ucsl.s:2352   .text.HAL_SPI_TransmitReceive_IT:00000000 HAL_SPI_TransmitReceive_IT
     /tmp/cci2ucsl.s:2522   .text.HAL_SPI_TransmitReceive_IT:000000ac $d
     /tmp/cci2ucsl.s:5069   .text.SPI_2linesRxISR_16BIT:00000000 SPI_2linesRxISR_16BIT
     /tmp/cci2ucsl.s:5000   .text.SPI_2linesTxISR_16BIT:00000000 SPI_2linesTxISR_16BIT
     /tmp/cci2ucsl.s:4931   .text.SPI_2linesRxISR_8BIT:00000000 SPI_2linesRxISR_8BIT
     /tmp/cci2ucsl.s:4862   .text.SPI_2linesTxISR_8BIT:00000000 SPI_2linesTxISR_8BIT
     /tmp/cci2ucsl.s:2530   .text.HAL_SPI_Receive_IT:00000000 $t
     /tmp/cci2ucsl.s:2536   .text.HAL_SPI_Receive_IT:00000000 HAL_SPI_Receive_IT
     /tmp/cci2ucsl.s:2715   .text.HAL_SPI_Receive_IT:000000d0 $d
     /tmp/cci2ucsl.s:4632   .text.SPI_RxISR_16BIT:00000000 SPI_RxISR_16BIT
     /tmp/cci2ucsl.s:4573   .text.SPI_RxISR_8BIT:00000000 SPI_RxISR_8BIT
     /tmp/cci2ucsl.s:2721   .text.HAL_SPI_Transmit_DMA:00000000 $t
     /tmp/cci2ucsl.s:2727   .text.HAL_SPI_Transmit_DMA:00000000 HAL_SPI_Transmit_DMA
     /tmp/cci2ucsl.s:2922   .text.HAL_SPI_Transmit_DMA:000000cc $d
     /tmp/cci2ucsl.s:4044   .text.SPI_DMAHalfTransmitCplt:00000000 SPI_DMAHalfTransmitCplt
     /tmp/cci2ucsl.s:5182   .text.SPI_DMATransmitCplt:00000000 SPI_DMATransmitCplt
     /tmp/cci2ucsl.s:5138   .text.SPI_DMAError:00000000 SPI_DMAError
     /tmp/cci2ucsl.s:2929   .text.HAL_SPI_TransmitReceive_DMA:00000000 $t
     /tmp/cci2ucsl.s:2935   .text.HAL_SPI_TransmitReceive_DMA:00000000 HAL_SPI_TransmitReceive_DMA
     /tmp/cci2ucsl.s:3213   .text.HAL_SPI_TransmitReceive_DMA:00000118 $d
     /tmp/cci2ucsl.s:4150   .text.SPI_DMAHalfTransmitReceiveCplt:00000000 SPI_DMAHalfTransmitReceiveCplt
     /tmp/cci2ucsl.s:5426   .text.SPI_DMATransmitReceiveCplt:00000000 SPI_DMATransmitReceiveCplt
ARM GAS  /tmp/cci2ucsl.s 			page 223


     /tmp/cci2ucsl.s:4097   .text.SPI_DMAHalfReceiveCplt:00000000 SPI_DMAHalfReceiveCplt
     /tmp/cci2ucsl.s:5309   .text.SPI_DMAReceiveCplt:00000000 SPI_DMAReceiveCplt
     /tmp/cci2ucsl.s:3222   .text.HAL_SPI_Receive_DMA:00000000 $t
     /tmp/cci2ucsl.s:3228   .text.HAL_SPI_Receive_DMA:00000000 HAL_SPI_Receive_DMA
     /tmp/cci2ucsl.s:3446   .text.HAL_SPI_Receive_DMA:000000e8 $d
     /tmp/cci2ucsl.s:3453   .text.HAL_SPI_Abort:00000000 $t
     /tmp/cci2ucsl.s:3459   .text.HAL_SPI_Abort:00000000 HAL_SPI_Abort
     /tmp/cci2ucsl.s:3754   .text.HAL_SPI_Abort:00000130 $d
     /tmp/cci2ucsl.s:3762   .text.HAL_SPI_DMAPause:00000000 $t
     /tmp/cci2ucsl.s:3768   .text.HAL_SPI_DMAPause:00000000 HAL_SPI_DMAPause
     /tmp/cci2ucsl.s:3812   .text.HAL_SPI_DMAResume:00000000 $t
     /tmp/cci2ucsl.s:3818   .text.HAL_SPI_DMAResume:00000000 HAL_SPI_DMAResume
     /tmp/cci2ucsl.s:3862   .text.HAL_SPI_DMAStop:00000000 $t
     /tmp/cci2ucsl.s:3868   .text.HAL_SPI_DMAStop:00000000 HAL_SPI_DMAStop
     /tmp/cci2ucsl.s:3955   .text.HAL_SPI_TxCpltCallback:00000000 $t
     /tmp/cci2ucsl.s:3961   .text.HAL_SPI_TxCpltCallback:00000000 HAL_SPI_TxCpltCallback
     /tmp/cci2ucsl.s:3976   .text.HAL_SPI_RxCpltCallback:00000000 $t
     /tmp/cci2ucsl.s:3982   .text.HAL_SPI_RxCpltCallback:00000000 HAL_SPI_RxCpltCallback
     /tmp/cci2ucsl.s:3997   .text.HAL_SPI_TxRxCpltCallback:00000000 $t
     /tmp/cci2ucsl.s:4003   .text.HAL_SPI_TxRxCpltCallback:00000000 HAL_SPI_TxRxCpltCallback
     /tmp/cci2ucsl.s:4018   .text.HAL_SPI_TxHalfCpltCallback:00000000 $t
     /tmp/cci2ucsl.s:4024   .text.HAL_SPI_TxHalfCpltCallback:00000000 HAL_SPI_TxHalfCpltCallback
     /tmp/cci2ucsl.s:4039   .text.SPI_DMAHalfTransmitCplt:00000000 $t
     /tmp/cci2ucsl.s:4071   .text.HAL_SPI_RxHalfCpltCallback:00000000 $t
     /tmp/cci2ucsl.s:4077   .text.HAL_SPI_RxHalfCpltCallback:00000000 HAL_SPI_RxHalfCpltCallback
     /tmp/cci2ucsl.s:4092   .text.SPI_DMAHalfReceiveCplt:00000000 $t
     /tmp/cci2ucsl.s:4124   .text.HAL_SPI_TxRxHalfCpltCallback:00000000 $t
     /tmp/cci2ucsl.s:4130   .text.HAL_SPI_TxRxHalfCpltCallback:00000000 HAL_SPI_TxRxHalfCpltCallback
     /tmp/cci2ucsl.s:4145   .text.SPI_DMAHalfTransmitReceiveCplt:00000000 $t
     /tmp/cci2ucsl.s:4177   .text.HAL_SPI_ErrorCallback:00000000 $t
     /tmp/cci2ucsl.s:4183   .text.HAL_SPI_ErrorCallback:00000000 HAL_SPI_ErrorCallback
     /tmp/cci2ucsl.s:4198   .text.SPI_CloseTx_ISR:00000000 $t
     /tmp/cci2ucsl.s:4203   .text.SPI_CloseTx_ISR:00000000 SPI_CloseTx_ISR
     /tmp/cci2ucsl.s:4343   .text.SPI_CloseTx_ISR:00000088 $d
     /tmp/cci2ucsl.s:4349   .text.SPI_TxISR_8BIT:00000000 $t
     /tmp/cci2ucsl.s:4408   .text.SPI_TxISR_16BIT:00000000 $t
     /tmp/cci2ucsl.s:4467   .text.SPI_CloseRx_ISR:00000000 $t
     /tmp/cci2ucsl.s:4472   .text.SPI_CloseRx_ISR:00000000 SPI_CloseRx_ISR
     /tmp/cci2ucsl.s:4568   .text.SPI_RxISR_8BIT:00000000 $t
     /tmp/cci2ucsl.s:4627   .text.SPI_RxISR_16BIT:00000000 $t
     /tmp/cci2ucsl.s:4686   .text.SPI_CloseRxTx_ISR:00000000 $t
     /tmp/cci2ucsl.s:4691   .text.SPI_CloseRxTx_ISR:00000000 SPI_CloseRxTx_ISR
     /tmp/cci2ucsl.s:4851   .text.SPI_CloseRxTx_ISR:000000a4 $d
     /tmp/cci2ucsl.s:4857   .text.SPI_2linesTxISR_8BIT:00000000 $t
     /tmp/cci2ucsl.s:4926   .text.SPI_2linesRxISR_8BIT:00000000 $t
     /tmp/cci2ucsl.s:4995   .text.SPI_2linesTxISR_16BIT:00000000 $t
     /tmp/cci2ucsl.s:5064   .text.SPI_2linesRxISR_16BIT:00000000 $t
     /tmp/cci2ucsl.s:5133   .text.SPI_DMAError:00000000 $t
     /tmp/cci2ucsl.s:5177   .text.SPI_DMATransmitCplt:00000000 $t
     /tmp/cci2ucsl.s:5304   .text.SPI_DMAReceiveCplt:00000000 $t
     /tmp/cci2ucsl.s:5421   .text.SPI_DMATransmitReceiveCplt:00000000 $t
     /tmp/cci2ucsl.s:5521   .text.HAL_SPI_IRQHandler:00000000 $t
     /tmp/cci2ucsl.s:5527   .text.HAL_SPI_IRQHandler:00000000 HAL_SPI_IRQHandler
     /tmp/cci2ucsl.s:5803   .text.HAL_SPI_IRQHandler:00000128 $d
     /tmp/cci2ucsl.s:5813   .text.SPI_DMAAbortOnError:00000000 SPI_DMAAbortOnError
     /tmp/cci2ucsl.s:5808   .text.SPI_DMAAbortOnError:00000000 $t
     /tmp/cci2ucsl.s:5846   .text.HAL_SPI_AbortCpltCallback:00000000 $t
ARM GAS  /tmp/cci2ucsl.s 			page 224


     /tmp/cci2ucsl.s:5852   .text.HAL_SPI_AbortCpltCallback:00000000 HAL_SPI_AbortCpltCallback
     /tmp/cci2ucsl.s:5867   .text.HAL_SPI_Abort_IT:00000000 $t
     /tmp/cci2ucsl.s:5873   .text.HAL_SPI_Abort_IT:00000000 HAL_SPI_Abort_IT
     /tmp/cci2ucsl.s:6208   .text.HAL_SPI_Abort_IT:00000144 $d
     /tmp/cci2ucsl.s:6357   .text.SPI_DMATxAbortCallback:00000000 SPI_DMATxAbortCallback
     /tmp/cci2ucsl.s:6223   .text.SPI_DMARxAbortCallback:00000000 SPI_DMARxAbortCallback
     /tmp/cci2ucsl.s:6218   .text.SPI_DMARxAbortCallback:00000000 $t
     /tmp/cci2ucsl.s:6352   .text.SPI_DMATxAbortCallback:00000000 $t
     /tmp/cci2ucsl.s:6500   .text.SPI_DMATxAbortCallback:00000084 $d
     /tmp/cci2ucsl.s:6506   .text.HAL_SPI_GetState:00000000 $t
     /tmp/cci2ucsl.s:6512   .text.HAL_SPI_GetState:00000000 HAL_SPI_GetState
     /tmp/cci2ucsl.s:6530   .text.HAL_SPI_GetError:00000000 $t
     /tmp/cci2ucsl.s:6536   .text.HAL_SPI_GetError:00000000 HAL_SPI_GetError

UNDEFINED SYMBOLS
SystemCoreClock
HAL_GetTick
HAL_DMA_Start_IT
HAL_DMA_Abort
HAL_DMA_Abort_IT
