ARM GAS  /tmp/ccaEXnhx.s 			page 1


   1              		.cpu cortex-m4
   2              		.arch armv7e-m
   3              		.fpu fpv4-sp-d16
   4              		.eabi_attribute 27, 1
   5              		.eabi_attribute 28, 1
   6              		.eabi_attribute 20, 1
   7              		.eabi_attribute 21, 1
   8              		.eabi_attribute 23, 3
   9              		.eabi_attribute 24, 1
  10              		.eabi_attribute 25, 1
  11              		.eabi_attribute 26, 1
  12              		.eabi_attribute 30, 1
  13              		.eabi_attribute 34, 1
  14              		.eabi_attribute 18, 4
  15              		.file	"tps25750_bundle.c"
  16              		.text
  17              	.Ltext0:
  18              		.cfi_sections	.debug_frame
  19              		.file 1 "Core/Src/app/tps25750_bundle.c"
  20              		.global	tps25750_bundle
  21              		.section	.rodata.tps25750_bundle,"a"
  22              		.align	2
  25              	tps25750_bundle:
  26 0000 00080000 		.ascii	"\000\010\000\000\377\377\377\377\377\377\377\377\377"
  26      FFFFFFFF 
  26      FFFFFFFF 
  26      FF
  27 000d FFFFFFFF 		.ascii	"\377\377\377\377\377\377\377\377\377\377\377\377\377"
  27      FFFFFFFF 
  27      FFFFFFFF 
  27      FF
  28 001a FFFFFFFF 		.ascii	"\377\377\377\377\377\377\377\377\377\377\377\377\377"
  28      FFFFFFFF 
  28      FFFFFFFF 
  28      FF
  29 0027 FFFFFFFF 		.ascii	"\377\377\377\377\377\377\377\377\377\377\377\377\377"
  29      FFFFFFFF 
  29      FFFFFFFF 
  29      FF
  30 0034 FFFFFFFF 		.ascii	"\377\377\377\377\377\377\377\377\377\377\377\377\377"
  30      FFFFFFFF 
  30      FFFFFFFF 
  30      FF
  31 0041 FFFFFFFF 		.ascii	"\377\377\377\377\377\377\377\377\377\377\377\377\377"
  31      FFFFFFFF 
  31      FFFFFFFF 
  31      FF
  32 004e FFFFFFFF 		.ascii	"\377\377\377\377\377\377\377\377\377\377\377\377\377"
  32      FFFFFFFF 
  32      FFFFFFFF 
  32      FF
  33 005b FFFFFFFF 		.ascii	"\377\377\377\377\377\377\377\377\377\377\377\377\377"
  33      FFFFFFFF 
  33      FFFFFFFF 
  33      FF
  34 0068 FFFFFFFF 		.ascii	"\377\377\377\377\377\377\377\377\377\377\377\377\377"
  34      FFFFFFFF 
ARM GAS  /tmp/ccaEXnhx.s 			page 2


  34      FFFFFFFF 
  34      FF
  35 0075 FFFFFFFF 		.ascii	"\377\377\377\377\377\377\377\377\377\377\377\377\377"
  35      FFFFFFFF 
  35      FFFFFFFF 
  35      FF
  36 0082 FFFFFFFF 		.ascii	"\377\377\377\377\377\377\377\377\377\377\377\377\377"
  36      FFFFFFFF 
  36      FFFFFFFF 
  36      FF
  37 008f FFFFFFFF 		.ascii	"\377\377\377\377\377\377\377\377\377\377\377\377\377"
  37      FFFFFFFF 
  37      FFFFFFFF 
  37      FF
  38 009c FFFFFFFF 		.ascii	"\377\377\377\377\377\377\377\377\377\377\377\377\377"
  38      FFFFFFFF 
  38      FFFFFFFF 
  38      FF
  39 00a9 FFFFFFFF 		.ascii	"\377\377\377\377\377\377\377\377\377\377\377\377\377"
  39      FFFFFFFF 
  39      FFFFFFFF 
  39      FF
  40 00b6 FFFFFFFF 		.ascii	"\377\377\377\377\377\377\377\377\377\377\377\377\377"
  40      FFFFFFFF 
  40      FFFFFFFF 
  40      FF
  41 00c3 FFFFFFFF 		.ascii	"\377\377\377\377\377\377\377\377\377\377\377\377\377"
  41      FFFFFFFF 
  41      FFFFFFFF 
  41      FF
  42 00d0 FFFFFFFF 		.ascii	"\377\377\377\377\377\377\377\377\377\377\377\377\377"
  42      FFFFFFFF 
  42      FFFFFFFF 
  42      FF
  43 00dd FFFFFFFF 		.ascii	"\377\377\377\377\377\377\377\377\377\377\377\377\377"
  43      FFFFFFFF 
  43      FFFFFFFF 
  43      FF
  44 00ea FFFFFFFF 		.ascii	"\377\377\377\377\377\377\377\377\377\377\377\377\377"
  44      FFFFFFFF 
  44      FFFFFFFF 
  44      FF
  45 00f7 FFFFFFFF 		.ascii	"\377\377\377\377\377\377\377\377\377\377\377\377\377"
  45      FFFFFFFF 
  45      FFFFFFFF 
  45      FF
  46 0104 FFFFFFFF 		.ascii	"\377\377\377\377\377\377\377\377\377\377\377\377\377"
  46      FFFFFFFF 
  46      FFFFFFFF 
  46      FF
  47 0111 FFFFFFFF 		.ascii	"\377\377\377\377\377\377\377\377\377\377\377\377\377"
  47      FFFFFFFF 
  47      FFFFFFFF 
  47      FF
  48 011e FFFFFFFF 		.ascii	"\377\377\377\377\377\377\377\377\377\377\377\377\377"
  48      FFFFFFFF 
  48      FFFFFFFF 
ARM GAS  /tmp/ccaEXnhx.s 			page 3


  48      FF
  49 012b FFFFFFFF 		.ascii	"\377\377\377\377\377\377\377\377\377\377\377\377\377"
  49      FFFFFFFF 
  49      FFFFFFFF 
  49      FF
  50 0138 FFFFFFFF 		.ascii	"\377\377\377\377\377\377\377\377\377\377\377\377\377"
  50      FFFFFFFF 
  50      FFFFFFFF 
  50      FF
  51 0145 FFFFFFFF 		.ascii	"\377\377\377\377\377\377\377\377\377\377\377\377\377"
  51      FFFFFFFF 
  51      FFFFFFFF 
  51      FF
  52 0152 FFFFFFFF 		.ascii	"\377\377\377\377\377\377\377\377\377\377\377\377\377"
  52      FFFFFFFF 
  52      FFFFFFFF 
  52      FF
  53 015f FFFFFFFF 		.ascii	"\377\377\377\377\377\377\377\377\377\377\377\377\377"
  53      FFFFFFFF 
  53      FFFFFFFF 
  53      FF
  54 016c FFFFFFFF 		.ascii	"\377\377\377\377\377\377\377\377\377\377\377\377\377"
  54      FFFFFFFF 
  54      FFFFFFFF 
  54      FF
  55 0179 FFFFFFFF 		.ascii	"\377\377\377\377\377\377\377\377\377\377\377\377\377"
  55      FFFFFFFF 
  55      FFFFFFFF 
  55      FF
  56 0186 FFFFFFFF 		.ascii	"\377\377\377\377\377\377\377\377\377\377\377\377\377"
  56      FFFFFFFF 
  56      FFFFFFFF 
  56      FF
  57 0193 FFFFFFFF 		.ascii	"\377\377\377\377\377\377\377\377\377\377\377\377\377"
  57      FFFFFFFF 
  57      FFFFFFFF 
  57      FF
  58 01a0 FFFFFFFF 		.ascii	"\377\377\377\377\377\377\377\377\377\377\377\377\377"
  58      FFFFFFFF 
  58      FFFFFFFF 
  58      FF
  59 01ad FFFFFFFF 		.ascii	"\377\377\377\377\377\377\377\377\377\377\377\377\377"
  59      FFFFFFFF 
  59      FFFFFFFF 
  59      FF
  60 01ba FFFFFFFF 		.ascii	"\377\377\377\377\377\377\377\377\377\377\377\377\377"
  60      FFFFFFFF 
  60      FFFFFFFF 
  60      FF
  61 01c7 FFFFFFFF 		.ascii	"\377\377\377\377\377\377\377\377\377\377\377\377\377"
  61      FFFFFFFF 
  61      FFFFFFFF 
  61      FF
  62 01d4 FFFFFFFF 		.ascii	"\377\377\377\377\377\377\377\377\377\377\377\377\377"
  62      FFFFFFFF 
  62      FFFFFFFF 
  62      FF
ARM GAS  /tmp/ccaEXnhx.s 			page 4


  63 01e1 FFFFFFFF 		.ascii	"\377\377\377\377\377\377\377\377\377\377\377\377\377"
  63      FFFFFFFF 
  63      FFFFFFFF 
  63      FF
  64 01ee FFFFFFFF 		.ascii	"\377\377\377\377\377\377\377\377\377\377\377\377\377"
  64      FFFFFFFF 
  64      FFFFFFFF 
  64      FF
  65 01fb FFFFFFFF 		.ascii	"\377\377\377\377\377\377\377\377\377\377\377\377\377"
  65      FFFFFFFF 
  65      FFFFFFFF 
  65      FF
  66 0208 FFFFFFFF 		.ascii	"\377\377\377\377\377\377\377\377\377\377\377\377\377"
  66      FFFFFFFF 
  66      FFFFFFFF 
  66      FF
  67 0215 FFFFFFFF 		.ascii	"\377\377\377\377\377\377\377\377\377\377\377\377\377"
  67      FFFFFFFF 
  67      FFFFFFFF 
  67      FF
  68 0222 FFFFFFFF 		.ascii	"\377\377\377\377\377\377\377\377\377\377\377\377\377"
  68      FFFFFFFF 
  68      FFFFFFFF 
  68      FF
  69 022f FFFFFFFF 		.ascii	"\377\377\377\377\377\377\377\377\377\377\377\377\377"
  69      FFFFFFFF 
  69      FFFFFFFF 
  69      FF
  70 023c FFFFFFFF 		.ascii	"\377\377\377\377\377\377\377\377\377\377\377\377\377"
  70      FFFFFFFF 
  70      FFFFFFFF 
  70      FF
  71 0249 FFFFFFFF 		.ascii	"\377\377\377\377\377\377\377\377\377\377\377\377\377"
  71      FFFFFFFF 
  71      FFFFFFFF 
  71      FF
  72 0256 FFFFFFFF 		.ascii	"\377\377\377\377\377\377\377\377\377\377\377\377\377"
  72      FFFFFFFF 
  72      FFFFFFFF 
  72      FF
  73 0263 FFFFFFFF 		.ascii	"\377\377\377\377\377\377\377\377\377\377\377\377\377"
  73      FFFFFFFF 
  73      FFFFFFFF 
  73      FF
  74 0270 FFFFFFFF 		.ascii	"\377\377\377\377\377\377\377\377\377\377\377\377\377"
  74      FFFFFFFF 
  74      FFFFFFFF 
  74      FF
  75 027d FFFFFFFF 		.ascii	"\377\377\377\377\377\377\377\377\377\377\377\377\377"
  75      FFFFFFFF 
  75      FFFFFFFF 
  75      FF
  76 028a FFFFFFFF 		.ascii	"\377\377\377\377\377\377\377\377\377\377\377\377\377"
  76      FFFFFFFF 
  76      FFFFFFFF 
  76      FF
  77 0297 FFFFFFFF 		.ascii	"\377\377\377\377\377\377\377\377\377\377\377\377\377"
ARM GAS  /tmp/ccaEXnhx.s 			page 5


  77      FFFFFFFF 
  77      FFFFFFFF 
  77      FF
  78 02a4 FFFFFFFF 		.ascii	"\377\377\377\377\377\377\377\377\377\377\377\377\377"
  78      FFFFFFFF 
  78      FFFFFFFF 
  78      FF
  79 02b1 FFFFFFFF 		.ascii	"\377\377\377\377\377\377\377\377\377\377\377\377\377"
  79      FFFFFFFF 
  79      FFFFFFFF 
  79      FF
  80 02be FFFFFFFF 		.ascii	"\377\377\377\377\377\377\377\377\377\377\377\377\377"
  80      FFFFFFFF 
  80      FFFFFFFF 
  80      FF
  81 02cb FFFFFFFF 		.ascii	"\377\377\377\377\377\377\377\377\377\377\377\377\377"
  81      FFFFFFFF 
  81      FFFFFFFF 
  81      FF
  82 02d8 FFFFFFFF 		.ascii	"\377\377\377\377\377\377\377\377\377\377\377\377\377"
  82      FFFFFFFF 
  82      FFFFFFFF 
  82      FF
  83 02e5 FFFFFFFF 		.ascii	"\377\377\377\377\377\377\377\377\377\377\377\377\377"
  83      FFFFFFFF 
  83      FFFFFFFF 
  83      FF
  84 02f2 FFFFFFFF 		.ascii	"\377\377\377\377\377\377\377\377\377\377\377\377\377"
  84      FFFFFFFF 
  84      FFFFFFFF 
  84      FF
  85 02ff FFFFFFFF 		.ascii	"\377\377\377\377\377\377\377\377\377\377\377\377\377"
  85      FFFFFFFF 
  85      FFFFFFFF 
  85      FF
  86 030c FFFFFFFF 		.ascii	"\377\377\377\377\377\377\377\377\377\377\377\377\377"
  86      FFFFFFFF 
  86      FFFFFFFF 
  86      FF
  87 0319 FFFFFFFF 		.ascii	"\377\377\377\377\377\377\377\377\377\377\377\377\377"
  87      FFFFFFFF 
  87      FFFFFFFF 
  87      FF
  88 0326 FFFFFFFF 		.ascii	"\377\377\377\377\377\377\377\377\377\377\377\377\377"
  88      FFFFFFFF 
  88      FFFFFFFF 
  88      FF
  89 0333 FFFFFFFF 		.ascii	"\377\377\377\377\377\377\377\377\377\377\377\377\377"
  89      FFFFFFFF 
  89      FFFFFFFF 
  89      FF
  90 0340 FFFFFFFF 		.ascii	"\377\377\377\377\377\377\377\377\377\377\377\377\377"
  90      FFFFFFFF 
  90      FFFFFFFF 
  90      FF
  91 034d FFFFFFFF 		.ascii	"\377\377\377\377\377\377\377\377\377\377\377\377\377"
  91      FFFFFFFF 
ARM GAS  /tmp/ccaEXnhx.s 			page 6


  91      FFFFFFFF 
  91      FF
  92 035a FFFFFFFF 		.ascii	"\377\377\377\377\377\377\377\377\377\377\377\377\377"
  92      FFFFFFFF 
  92      FFFFFFFF 
  92      FF
  93 0367 FFFFFFFF 		.ascii	"\377\377\377\377\377\377\377\377\377\377\377\377\377"
  93      FFFFFFFF 
  93      FFFFFFFF 
  93      FF
  94 0374 FFFFFFFF 		.ascii	"\377\377\377\377\377\377\377\377\377\377\377\377\377"
  94      FFFFFFFF 
  94      FFFFFFFF 
  94      FF
  95 0381 FFFFFFFF 		.ascii	"\377\377\377\377\377\377\377\377\377\377\377\377\377"
  95      FFFFFFFF 
  95      FFFFFFFF 
  95      FF
  96 038e FFFFFFFF 		.ascii	"\377\377\377\377\377\377\377\377\377\377\377\377\377"
  96      FFFFFFFF 
  96      FFFFFFFF 
  96      FF
  97 039b FFFFFFFF 		.ascii	"\377\377\377\377\377\377\377\377\377\377\377\377\377"
  97      FFFFFFFF 
  97      FFFFFFFF 
  97      FF
  98 03a8 FFFFFFFF 		.ascii	"\377\377\377\377\377\377\377\377\377\377\377\377\377"
  98      FFFFFFFF 
  98      FFFFFFFF 
  98      FF
  99 03b5 FFFFFFFF 		.ascii	"\377\377\377\377\377\377\377\377\377\377\377\377\377"
  99      FFFFFFFF 
  99      FFFFFFFF 
  99      FF
 100 03c2 FFFFFFFF 		.ascii	"\377\377\377\377\377\377\377\377\377\377\377\377\377"
 100      FFFFFFFF 
 100      FFFFFFFF 
 100      FF
 101 03cf FFFFFFFF 		.ascii	"\377\377\377\377\377\377\377\377\377\377\377\377\377"
 101      FFFFFFFF 
 101      FFFFFFFF 
 101      FF
 102 03dc FFFFFFFF 		.ascii	"\377\377\377\377\377\377\377\377\377\377\377\377\377"
 102      FFFFFFFF 
 102      FFFFFFFF 
 102      FF
 103 03e9 FFFFFFFF 		.ascii	"\377\377\377\377\377\377\377\377\377\377\377\377\377"
 103      FFFFFFFF 
 103      FFFFFFFF 
 103      FF
 104 03f6 FFFFFFFF 		.ascii	"\377\377\377\377\377\377\000\000\000\000\000D\000\000"
 104      FFFF0000 
 104      00000044 
 104      0000
 105 0404 FFFFFFFF 		.ascii	"\377\377\377\377\377\377\377\377\377\377\377\377\377"
 105      FFFFFFFF 
 105      FFFFFFFF 
ARM GAS  /tmp/ccaEXnhx.s 			page 7


 105      FF
 106 0411 FFFFFFFF 		.ascii	"\377\377\377\377\377\377\377\377\377\377\377\377\377"
 106      FFFFFFFF 
 106      FFFFFFFF 
 106      FF
 107 041e FFFFFFFF 		.ascii	"\377\377\377\377\377\377\377\377\377\377\377\377\377"
 107      FFFFFFFF 
 107      FFFFFFFF 
 107      FF
 108 042b FFFFFFFF 		.ascii	"\377\377\377\377\377\377\377\377\377\377\377\377\377"
 108      FFFFFFFF 
 108      FFFFFFFF 
 108      FF
 109 0438 FFFFFFFF 		.ascii	"\377\377\377\377\377\377\377\377\377\377\377\377\377"
 109      FFFFFFFF 
 109      FFFFFFFF 
 109      FF
 110 0445 FFFFFFFF 		.ascii	"\377\377\377\377\377\377\377\377\377\377\377\377\377"
 110      FFFFFFFF 
 110      FFFFFFFF 
 110      FF
 111 0452 FFFFFFFF 		.ascii	"\377\377\377\377\377\377\377\377\377\377\377\377\377"
 111      FFFFFFFF 
 111      FFFFFFFF 
 111      FF
 112 045f FFFFFFFF 		.ascii	"\377\377\377\377\377\377\377\377\377\377\377\377\377"
 112      FFFFFFFF 
 112      FFFFFFFF 
 112      FF
 113 046c FFFFFFFF 		.ascii	"\377\377\377\377\377\377\377\377\377\377\377\377\377"
 113      FFFFFFFF 
 113      FFFFFFFF 
 113      FF
 114 0479 FFFFFFFF 		.ascii	"\377\377\377\377\377\377\377\377\377\377\377\377\377"
 114      FFFFFFFF 
 114      FFFFFFFF 
 114      FF
 115 0486 FFFFFFFF 		.ascii	"\377\377\377\377\377\377\377\377\377\377\377\377\377"
 115      FFFFFFFF 
 115      FFFFFFFF 
 115      FF
 116 0493 FFFFFFFF 		.ascii	"\377\377\377\377\377\377\377\377\377\377\377\377\377"
 116      FFFFFFFF 
 116      FFFFFFFF 
 116      FF
 117 04a0 FFFFFFFF 		.ascii	"\377\377\377\377\377\377\377\377\377\377\377\377\377"
 117      FFFFFFFF 
 117      FFFFFFFF 
 117      FF
 118 04ad FFFFFFFF 		.ascii	"\377\377\377\377\377\377\377\377\377\377\377\377\377"
 118      FFFFFFFF 
 118      FFFFFFFF 
 118      FF
 119 04ba FFFFFFFF 		.ascii	"\377\377\377\377\377\377\377\377\377\377\377\377\377"
 119      FFFFFFFF 
 119      FFFFFFFF 
 119      FF
ARM GAS  /tmp/ccaEXnhx.s 			page 8


 120 04c7 FFFFFFFF 		.ascii	"\377\377\377\377\377\377\377\377\377\377\377\377\377"
 120      FFFFFFFF 
 120      FFFFFFFF 
 120      FF
 121 04d4 FFFFFFFF 		.ascii	"\377\377\377\377\377\377\377\377\377\377\377\377\377"
 121      FFFFFFFF 
 121      FFFFFFFF 
 121      FF
 122 04e1 FFFFFFFF 		.ascii	"\377\377\377\377\377\377\377\377\377\377\377\377\377"
 122      FFFFFFFF 
 122      FFFFFFFF 
 122      FF
 123 04ee FFFFFFFF 		.ascii	"\377\377\377\377\377\377\377\377\377\377\377\377\377"
 123      FFFFFFFF 
 123      FFFFFFFF 
 123      FF
 124 04fb FFFFFFFF 		.ascii	"\377\377\377\377\377\377\377\377\377\377\377\377\377"
 124      FFFFFFFF 
 124      FFFFFFFF 
 124      FF
 125 0508 FFFFFFFF 		.ascii	"\377\377\377\377\377\377\377\377\377\377\377\377\377"
 125      FFFFFFFF 
 125      FFFFFFFF 
 125      FF
 126 0515 FFFFFFFF 		.ascii	"\377\377\377\377\377\377\377\377\377\377\377\377\377"
 126      FFFFFFFF 
 126      FFFFFFFF 
 126      FF
 127 0522 FFFFFFFF 		.ascii	"\377\377\377\377\377\377\377\377\377\377\377\377\377"
 127      FFFFFFFF 
 127      FFFFFFFF 
 127      FF
 128 052f FFFFFFFF 		.ascii	"\377\377\377\377\377\377\377\377\377\377\377\377\377"
 128      FFFFFFFF 
 128      FFFFFFFF 
 128      FF
 129 053c FFFFFFFF 		.ascii	"\377\377\377\377\377\377\377\377\377\377\377\377\377"
 129      FFFFFFFF 
 129      FFFFFFFF 
 129      FF
 130 0549 FFFFFFFF 		.ascii	"\377\377\377\377\377\377\377\377\377\377\377\377\377"
 130      FFFFFFFF 
 130      FFFFFFFF 
 130      FF
 131 0556 FFFFFFFF 		.ascii	"\377\377\377\377\377\377\377\377\377\377\377\377\377"
 131      FFFFFFFF 
 131      FFFFFFFF 
 131      FF
 132 0563 FFFFFFFF 		.ascii	"\377\377\377\377\377\377\377\377\377\377\377\377\377"
 132      FFFFFFFF 
 132      FFFFFFFF 
 132      FF
 133 0570 FFFFFFFF 		.ascii	"\377\377\377\377\377\377\377\377\377\377\377\377\377"
 133      FFFFFFFF 
 133      FFFFFFFF 
 133      FF
 134 057d FFFFFFFF 		.ascii	"\377\377\377\377\377\377\377\377\377\377\377\377\377"
ARM GAS  /tmp/ccaEXnhx.s 			page 9


 134      FFFFFFFF 
 134      FFFFFFFF 
 134      FF
 135 058a FFFFFFFF 		.ascii	"\377\377\377\377\377\377\377\377\377\377\377\377\377"
 135      FFFFFFFF 
 135      FFFFFFFF 
 135      FF
 136 0597 FFFFFFFF 		.ascii	"\377\377\377\377\377\377\377\377\377\377\377\377\377"
 136      FFFFFFFF 
 136      FFFFFFFF 
 136      FF
 137 05a4 FFFFFFFF 		.ascii	"\377\377\377\377\377\377\377\377\377\377\377\377\377"
 137      FFFFFFFF 
 137      FFFFFFFF 
 137      FF
 138 05b1 FFFFFFFF 		.ascii	"\377\377\377\377\377\377\377\377\377\377\377\377\377"
 138      FFFFFFFF 
 138      FFFFFFFF 
 138      FF
 139 05be FFFFFFFF 		.ascii	"\377\377\377\377\377\377\377\377\377\377\377\377\377"
 139      FFFFFFFF 
 139      FFFFFFFF 
 139      FF
 140 05cb FFFFFFFF 		.ascii	"\377\377\377\377\377\377\377\377\377\377\377\377\377"
 140      FFFFFFFF 
 140      FFFFFFFF 
 140      FF
 141 05d8 FFFFFFFF 		.ascii	"\377\377\377\377\377\377\377\377\377\377\377\377\377"
 141      FFFFFFFF 
 141      FFFFFFFF 
 141      FF
 142 05e5 FFFFFFFF 		.ascii	"\377\377\377\377\377\377\377\377\377\377\377\377\377"
 142      FFFFFFFF 
 142      FFFFFFFF 
 142      FF
 143 05f2 FFFFFFFF 		.ascii	"\377\377\377\377\377\377\377\377\377\377\377\377\377"
 143      FFFFFFFF 
 143      FFFFFFFF 
 143      FF
 144 05ff FFFFFFFF 		.ascii	"\377\377\377\377\377\377\377\377\377\377\377\377\377"
 144      FFFFFFFF 
 144      FFFFFFFF 
 144      FF
 145 060c FFFFFFFF 		.ascii	"\377\377\377\377\377\377\377\377\377\377\377\377\377"
 145      FFFFFFFF 
 145      FFFFFFFF 
 145      FF
 146 0619 FFFFFFFF 		.ascii	"\377\377\377\377\377\377\377\377\377\377\377\377\377"
 146      FFFFFFFF 
 146      FFFFFFFF 
 146      FF
 147 0626 FFFFFFFF 		.ascii	"\377\377\377\377\377\377\377\377\377\377\377\377\377"
 147      FFFFFFFF 
 147      FFFFFFFF 
 147      FF
 148 0633 FFFFFFFF 		.ascii	"\377\377\377\377\377\377\377\377\377\377\377\377\377"
 148      FFFFFFFF 
ARM GAS  /tmp/ccaEXnhx.s 			page 10


 148      FFFFFFFF 
 148      FF
 149 0640 FFFFFFFF 		.ascii	"\377\377\377\377\377\377\377\377\377\377\377\377\377"
 149      FFFFFFFF 
 149      FFFFFFFF 
 149      FF
 150 064d FFFFFFFF 		.ascii	"\377\377\377\377\377\377\377\377\377\377\377\377\377"
 150      FFFFFFFF 
 150      FFFFFFFF 
 150      FF
 151 065a FFFFFFFF 		.ascii	"\377\377\377\377\377\377\377\377\377\377\377\377\377"
 151      FFFFFFFF 
 151      FFFFFFFF 
 151      FF
 152 0667 FFFFFFFF 		.ascii	"\377\377\377\377\377\377\377\377\377\377\377\377\377"
 152      FFFFFFFF 
 152      FFFFFFFF 
 152      FF
 153 0674 FFFFFFFF 		.ascii	"\377\377\377\377\377\377\377\377\377\377\377\377\377"
 153      FFFFFFFF 
 153      FFFFFFFF 
 153      FF
 154 0681 FFFFFFFF 		.ascii	"\377\377\377\377\377\377\377\377\377\377\377\377\377"
 154      FFFFFFFF 
 154      FFFFFFFF 
 154      FF
 155 068e FFFFFFFF 		.ascii	"\377\377\377\377\377\377\377\377\377\377\377\377\377"
 155      FFFFFFFF 
 155      FFFFFFFF 
 155      FF
 156 069b FFFFFFFF 		.ascii	"\377\377\377\377\377\377\377\377\377\377\377\377\377"
 156      FFFFFFFF 
 156      FFFFFFFF 
 156      FF
 157 06a8 FFFFFFFF 		.ascii	"\377\377\377\377\377\377\377\377\377\377\377\377\377"
 157      FFFFFFFF 
 157      FFFFFFFF 
 157      FF
 158 06b5 FFFFFFFF 		.ascii	"\377\377\377\377\377\377\377\377\377\377\377\377\377"
 158      FFFFFFFF 
 158      FFFFFFFF 
 158      FF
 159 06c2 FFFFFFFF 		.ascii	"\377\377\377\377\377\377\377\377\377\377\377\377\377"
 159      FFFFFFFF 
 159      FFFFFFFF 
 159      FF
 160 06cf FFFFFFFF 		.ascii	"\377\377\377\377\377\377\377\377\377\377\377\377\377"
 160      FFFFFFFF 
 160      FFFFFFFF 
 160      FF
 161 06dc FFFFFFFF 		.ascii	"\377\377\377\377\377\377\377\377\377\377\377\377\377"
 161      FFFFFFFF 
 161      FFFFFFFF 
 161      FF
 162 06e9 FFFFFFFF 		.ascii	"\377\377\377\377\377\377\377\377\377\377\377\377\377"
 162      FFFFFFFF 
 162      FFFFFFFF 
ARM GAS  /tmp/ccaEXnhx.s 			page 11


 162      FF
 163 06f6 FFFFFFFF 		.ascii	"\377\377\377\377\377\377\377\377\377\377\377\377\377"
 163      FFFFFFFF 
 163      FFFFFFFF 
 163      FF
 164 0703 FFFFFFFF 		.ascii	"\377\377\377\377\377\377\377\377\377\377\377\377\377"
 164      FFFFFFFF 
 164      FFFFFFFF 
 164      FF
 165 0710 FFFFFFFF 		.ascii	"\377\377\377\377\377\377\377\377\377\377\377\377\377"
 165      FFFFFFFF 
 165      FFFFFFFF 
 165      FF
 166 071d FFFFFFFF 		.ascii	"\377\377\377\377\377\377\377\377\377\377\377\377\377"
 166      FFFFFFFF 
 166      FFFFFFFF 
 166      FF
 167 072a FFFFFFFF 		.ascii	"\377\377\377\377\377\377\377\377\377\377\377\377\377"
 167      FFFFFFFF 
 167      FFFFFFFF 
 167      FF
 168 0737 FFFFFFFF 		.ascii	"\377\377\377\377\377\377\377\377\377\377\377\377\377"
 168      FFFFFFFF 
 168      FFFFFFFF 
 168      FF
 169 0744 FFFFFFFF 		.ascii	"\377\377\377\377\377\377\377\377\377\377\377\377\377"
 169      FFFFFFFF 
 169      FFFFFFFF 
 169      FF
 170 0751 FFFFFFFF 		.ascii	"\377\377\377\377\377\377\377\377\377\377\377\377\377"
 170      FFFFFFFF 
 170      FFFFFFFF 
 170      FF
 171 075e FFFFFFFF 		.ascii	"\377\377\377\377\377\377\377\377\377\377\377\377\377"
 171      FFFFFFFF 
 171      FFFFFFFF 
 171      FF
 172 076b FFFFFFFF 		.ascii	"\377\377\377\377\377\377\377\377\377\377\377\377\377"
 172      FFFFFFFF 
 172      FFFFFFFF 
 172      FF
 173 0778 FFFFFFFF 		.ascii	"\377\377\377\377\377\377\377\377\377\377\377\377\377"
 173      FFFFFFFF 
 173      FFFFFFFF 
 173      FF
 174 0785 FFFFFFFF 		.ascii	"\377\377\377\377\377\377\377\377\377\377\377\377\377"
 174      FFFFFFFF 
 174      FFFFFFFF 
 174      FF
 175 0792 FFFFFFFF 		.ascii	"\377\377\377\377\377\377\377\377\377\377\377\377\377"
 175      FFFFFFFF 
 175      FFFFFFFF 
 175      FF
 176 079f FFFFFFFF 		.ascii	"\377\377\377\377\377\377\377\377\377\377\377\377\377"
 176      FFFFFFFF 
 176      FFFFFFFF 
 176      FF
ARM GAS  /tmp/ccaEXnhx.s 			page 12


 177 07ac FFFFFFFF 		.ascii	"\377\377\377\377\377\377\377\377\377\377\377\377\377"
 177      FFFFFFFF 
 177      FFFFFFFF 
 177      FF
 178 07b9 FFFFFFFF 		.ascii	"\377\377\377\377\377\377\377\377\377\377\377\377\377"
 178      FFFFFFFF 
 178      FFFFFFFF 
 178      FF
 179 07c6 FFFFFFFF 		.ascii	"\377\377\377\377\377\377\377\377\377\377\377\377\377"
 179      FFFFFFFF 
 179      FFFFFFFF 
 179      FF
 180 07d3 FFFFFFFF 		.ascii	"\377\377\377\377\377\377\377\377\377\377\377\377\377"
 180      FFFFFFFF 
 180      FFFFFFFF 
 180      FF
 181 07e0 FFFFFFFF 		.ascii	"\377\377\377\377\377\377\377\377\377\377\377\377\377"
 181      FFFFFFFF 
 181      FFFFFFFF 
 181      FF
 182 07ed FFFFFFFF 		.ascii	"\377\377\377\377\377\377\377\377\377\377\377\377\377"
 182      FFFFFFFF 
 182      FFFFFFFF 
 182      FF
 183 07fa FFFF0000 		.ascii	"\377\377\000\000\000\000\001\000\340\254\376\377\377"
 183      00000100 
 183      E0ACFEFF 
 183      FF
 184 0807 FF001000 		.ascii	"\377\000\020\000\000\000)\000\0006\231d\021\000\000"
 184      00002900 
 184      00369964 
 184      110000
 185 0816 0000FFFF 		.ascii	"\000\000\377\377\377\377\377\377\377\377\377\377\377"
 185      FFFFFFFF 
 185      FFFFFFFF 
 185      FF
 186 0823 FFFFFFFF 		.ascii	"\377\377\377\377\377\377\377\377\377\377\377\377\377"
 186      FFFFFFFF 
 186      FFFFFFFF 
 186      FF
 187 0830 FFFFFFFF 		.ascii	"\377\377\377\377a\005\011\365\377\377\377\377\377\377"
 187      610509F5 
 187      FFFFFFFF 
 187      FFFF
 188 083e FFFFFFFF 		.ascii	"\377\377\377\377\377\377\000\004\000\000\200\000\000"
 188      FFFF0004 
 188      00008000 
 188      00
 189 084b 00FFFFFF 		.ascii	"\000\377\377\377\377\377\377\377\377\377\377\377\377"
 189      FFFFFFFF 
 189      FFFFFFFF 
 189      FF
 190 0858 FFFFFFFF 		.ascii	"\377\377\377\377\377\377\377\377\377\377\377\377\377"
 190      FFFFFFFF 
 190      FFFFFFFF 
 190      FF
 191 0865 FFFFFFFF 		.ascii	"\377\377\377\377\377\377\377\377\377\377\377\377\377"
ARM GAS  /tmp/ccaEXnhx.s 			page 13


 191      FFFFFFFF 
 191      FFFFFFFF 
 191      FF
 192 0872 FFFFFFFF 		.ascii	"\377\377\377\377\377\377\377\377\377\377\377\377\377"
 192      FFFFFFFF 
 192      FFFFFFFF 
 192      FF
 193 087f FF0100CC 		.ascii	"\377\001\000\314\002\207\330\315\365\000\000\000\000"
 193      0287D8CD 
 193      F5000000 
 193      00
 194 088c 00000000 		.ascii	"\000\000\000\0001   \372U2\000\032\004\017\026\000\012"
 194      31202020 
 194      FA553200 
 194      1A040F16 
 194      000A
 195 089e 0A30304D 		.ascii	"\01200M\000\000\000\000\000\000\003\017\027\000\012"
 195      00000000 
 195      0000030F 
 195      17000A
 196 08ad 08040002 		.ascii	"\010\004\000\002\000\000\000\000\000\000\000\017#\000"
 196      00000000 
 196      0000000F 
 196      2300
 197 08bb 0300E001 		.ascii	"\003\000\340\001\000\017'\000\011\005\011\024\000\034"
 197      000F2700 
 197      09050914 
 197      001C
 198 08c9 07000050 		.ascii	"\007\000\000PQ\017(\000\003\002\010/\000\017)\000\003"
 198      510F2800 
 198      0302082F 
 198      000F2900 
 198      03
 199 08da D250C900 		.ascii	"\322P\311\000\017+\000\007\000\002\000\000\001\000\000"
 199      0F2B0007 
 199      00020000 
 199      010000
 200 08e9 000F3200 		.ascii	"\000\0172\000\036\001\250*,\221\001&,\321\002\000,\261"
 200      1E01A82A 
 200      2C910126 
 200      2CD10200 
 200      2CB1
 201 08fb 0400F441 		.ascii	"\004\000\364A\006\000\000\000\000\000\000\000\000\000"
 201      06000000 
 201      00000000 
 201      0000
 202 0909 00000000 		.ascii	"\000\000\000\000\0173\000\034\004,\221\001\020,\321"
 202      0F33001C 
 202      042C9101 
 202      102CD1
 203 0918 02002CB1 		.ascii	"\002\000,\261\004\000\364A\006\000EA\006\000\000\000"
 203      0400F441 
 203      06004541 
 203      06000000 
 204 0928 00000000 		.ascii	"\000\000\000\000\000\000\0177\000\017;@\037d\220\221"
 204      00000F37 
 204      000F3B40 
ARM GAS  /tmp/ccaEXnhx.s 			page 14


 204      1F649091 
 205 0938 01000000 		.ascii	"\001\000\000\000\000\000\000\000\000\000\017B\000\002"
 205      00000000 
 205      00000F42 
 205      0002
 206 0946 0A00000F 		.ascii	"\012\000\000\017G\000\030\006Q\004@\225Q\004\000\000"
 206      47001806 
 206      51044095 
 206      51040000 
 207 0956 05090000 		.ascii	"\005\011\000\000\000\000\000h\000\000\000\000\000\000"
 207      00000068 
 207      00000000 
 207      0000
 208 0964 00470F51 		.ascii	"\000G\017Q\000\005\000\006\000\000\000\000\017R\000"
 208      00050006 
 208      00000000 
 208      0F5200
 209 0973 06008000 		.ascii	"\006\000\200\000\000\000\000\000\017V\000\001?\200\017"
 209      00000000 
 209      0F560001 
 209      3F800F
 210 0982 5C003030 		.ascii	"\\\00000\000\000\000\000\000\000\000\000\020\000\000"
 210      00000000 
 210      00000000 
 210      100000
 211 0991 00000000 		.ascii	"\000\000\000\0000\000\000\000\000\000\000\000\000\014"
 211      30000000 
 211      00000000 
 211      000C
 212 099f 00000000 		.ascii	"\000\000\000\000\000\000\000\000\000\000\000\000\000"
 212      00000000 
 212      00000000 
 212      00
 213 09ac 00000000 		.ascii	"\000\000\000\000\000\000\000\000\000\000\017b\000\007"
 213      00000000 
 213      00000F62 
 213      0007
 214 09ba 0000012D 		.ascii	"\000\000\001-\000\000\000\000\017d\000\012k\000\000"
 214      00000000 
 214      0F64000A 
 214      6B0000
 215 09c9 00000000 		.ascii	"\000\000\000\000\000\000\000\000\017w\000\015\000\000"
 215      00000000 
 215      0F77000D 
 215      0000
 216 09d7 00000000 		.ascii	"\000\000\000\000\000\000\000\000\000\000\000\177\017"
 216      00000000 
 216      0000007F 
 216      0F
 217 09e4 7B000F00 		.ascii	"{\000\017\000\002\377\377\000\000\000\000\000\000\000"
 217      02FFFF00 
 217      00000000 
 217      0000
 218 09f2 00000000 		.ascii	"\000\000\000\000\000d\000d\000j\000p\000v\000|\000\202"
 218      00640064 
 218      006A0070 
 218      0076007C 
ARM GAS  /tmp/ccaEXnhx.s 			page 15


 218      0082
 219 0a04 0088008E 		.ascii	"\000\210\000\216\000\224\000\232\000\240\000\246\000"
 219      0094009A 
 219      00A000A6 
 219      00
 220 0a11 AC00B100 		.ascii	"\254\000\261\000\267\000\274\000\302\000\307\000\315"
 220      B700BC00 
 220      C200C700 
 220      CD
 221 0a1e 00D300D9 		.ascii	"\000\323\000\331\000\337\000\345\000\352\000\360\000"
 221      00DF00E5 
 221      00EA00F0 
 221      00
 222 0a2b F500FA00 		.ascii	"\365\000\372\000\377\000\005\001\012\001\017\001\024"
 222      FF000501 
 222      0A010F01 
 222      14
 223 0a38 011A011F 		.ascii	"\001\032\001\037\001%\001*\001/\0015\001:\001?\001D"
 223      0125012A 
 223      012F0135 
 223      013A013F 
 223      0144
 224 0a4a 014A014A 		.ascii	"\001J\001J\001J\001O\001U\001U\001U\001U\001#\003\000"
 224      014A014F 
 224      01550155 
 224      01550155 
 224      01230300 
 225 0a5e 000E8223 		.ascii	"\000\016\202#\003\00027\002#\003\000\004\240A#\003\000"
 225      03003237 
 225      02230300 
 225      04A04123 
 225      0300
 226 0a70 02000F23 		.ascii	"\002\000\017#\003\00040\020\001\003\000\004\240A\001"
 226      03003430 
 226      10010300 
 226      04A04101 
 227 0a80 03000200 		.ascii	"\003\000\002\000\017\002\003\000\004\240A\002\003\000"
 227      0F020300 
 227      04A04102 
 227      0300
 228 0a8e 02000F3C 		.ascii	"\002\000\017<\003\000\004\240A<\003\000\002\000\017"
 228      030004A0 
 228      413C0300 
 228      02000F
 229 0a9d 27030006 		.ascii	"'\003\000\006\324\016'\002\000\011@(\003\000\006\\\032"
 229      D40E2702 
 229      00094028 
 229      0300065C 
 229      1A
 230 0aae 28020009 		.ascii	"(\002\000\011@)\003\000\006\364#)\002\000\011@%\003"
 230      40290300 
 230      06F42329 
 230      02000940 
 230      2503
 231 0ac0 00000E82 		.ascii	"\000\000\016\202%\003\00027\002%\003\000\004\240A%\003"
 231      25030032 
 231      37022503 
ARM GAS  /tmp/ccaEXnhx.s 			page 16


 231      0004A041 
 231      2503
 232 0ad2 0002000F 		.ascii	"\000\002\000\017%\003\00040\020'\002\000\015K'\003\000"
 232      25030034 
 232      30102702 
 232      000D4B27 
 232      0300
 233 0ae4 0B026C27 		.ascii	"\013\002l'\002\000\022@(\002\000\024\030(\002\000\015"
 233      02001240 
 233      28020014 
 233      18280200 
 233      0D
 234 0af5 4B280300 		.ascii	"K(\003\000\013\004\304(\002\000\022@)\002\000\024\030"
 234      0B04C428 
 234      02001240 
 234      29020014 
 234      18
 235 0b06 2902000D 		.ascii	")\002\000\015K)\003\000\013\006\270)\002\000\022\004"
 235      4B290300 
 235      0B06B829 
 235      02001204 
 236 0b16 25030001 		.ascii	"%\003\000\001\004\354%\002\000\020\200%\003\000\003"
 236      04EC2502 
 236      00108025 
 236      030003
 237 0b25 00250200 		.ascii	"\000%\002\000\024\324\016%\002\000\021\000%\002\000"
 237      14D40E25 
 237      02001100 
 237      250200
 238 0b34 08C32502 		.ascii	"\010\303%\002\000\011\000\000\000\000\000X\032\000\000"
 238      00090000 
 238      00000058 
 238      1A0000
 239 0b43 00003200 		.ascii	"\000\0002\000\000\000\000\364#\000\000\000\000\000\000"
 239      000000F4 
 239      23000000 
 239      000000
 240 0b52 00000000 		.ascii	"\000\000\000\000\000\000\000\000\000\000\000\000\000"
 240      00000000 
 240      00000000 
 240      00
 241 0b5f 00000000 		.ascii	"\000\000\000\000\000\000\000\000\000\000\000\000\000"
 241      00000000 
 241      00000000 
 241      00
 242 0b6c 00000000 		.ascii	"\000\000\000\000\000\000\000\000\000\000\000\000\000"
 242      00000000 
 242      00000000 
 242      00
 243 0b79 00000000 		.ascii	"\000\000\000\000\000\000\000\000\000\000\000\000\000"
 243      00000000 
 243      00000000 
 243      00
 244 0b86 00000000 		.ascii	"\000\000\000\000\000\000\000\000\000\000\000\000\000"
 244      00000000 
 244      00000000 
 244      00
ARM GAS  /tmp/ccaEXnhx.s 			page 17


 245 0b93 00000000 		.ascii	"\000\000\000\000\000\000\000\000\000\000\000\000\000"
 245      00000000 
 245      00000000 
 245      00
 246 0ba0 00000000 		.ascii	"\000\000\000\000\000\000\000\000\000\000\000\000\000"
 246      00000000 
 246      00000000 
 246      00
 247 0bad 00000000 		.ascii	"\000\000\000\000\000\000\000\000\000\000\000\000\000"
 247      00000000 
 247      00000000 
 247      00
 248 0bba 00000000 		.ascii	"\000\000\000\000\000\000\000\000\000\000\000\000\000"
 248      00000000 
 248      00000000 
 248      00
 249 0bc7 00000000 		.ascii	"\000\000\000\000\000\000\000\000\000\000\000\000\000"
 249      00000000 
 249      00000000 
 249      00
 250 0bd4 00000000 		.ascii	"\000\000\000\000\000\000\000\000\000\000\000\000\000"
 250      00000000 
 250      00000000 
 250      00
 251 0be1 00000000 		.ascii	"\000\000\000\000\000\000\000\000\000\000\000\000\000"
 251      00000000 
 251      00000000 
 251      00
 252 0bee 00000000 		.ascii	"\000\000\000\000\000\000\000\000\000\000\000\000\000"
 252      00000000 
 252      00000000 
 252      00
 253 0bfb 00000000 		.ascii	"\000\000\000\000\000\000\000\000\000\000\000\000\000"
 253      00000000 
 253      00000000 
 253      00
 254 0c08 00000000 		.ascii	"\000\000\000\000\000\000\000\000\000\000\000\000\000"
 254      00000000 
 254      00000000 
 254      00
 255 0c15 00000000 		.ascii	"\000\000\000\000\000\000\000\000\000\000\000\000\000"
 255      00000000 
 255      00000000 
 255      00
 256 0c22 00000000 		.ascii	"\000\000\000\000\000\000\000\000\000\000\000\000\000"
 256      00000000 
 256      00000000 
 256      00
 257 0c2f 00000000 		.ascii	"\000\000\000\000\000\000\000\000\000\000\000\000\000"
 257      00000000 
 257      00000000 
 257      00
 258 0c3c 00000000 		.ascii	"\000\000\000\000\000\000\000\000\000\000\000\000\000"
 258      00000000 
 258      00000000 
 258      00
 259 0c49 00000000 		.ascii	"\000\000\000\000\000\000\000\000\000\000\000\000\000"
ARM GAS  /tmp/ccaEXnhx.s 			page 18


 259      00000000 
 259      00000000 
 259      00
 260 0c56 00000000 		.ascii	"\000\000\000\000\000\000\000\000\000\000\000\000\000"
 260      00000000 
 260      00000000 
 260      00
 261 0c63 00000000 		.ascii	"\000\000\000\000\000\000\000\000\000\000\000\000\000"
 261      00000000 
 261      00000000 
 261      00
 262 0c70 00000000 		.ascii	"\000\000\000\000\000\000\000\000\000\000\000\000\000"
 262      00000000 
 262      00000000 
 262      00
 263 0c7d 00000000 		.ascii	"\000\000\000\000\000\000\000\000\000\000\000\000\000"
 263      00000000 
 263      00000000 
 263      00
 264 0c8a 00000000 		.ascii	"\000\000\000\000\000\000\000\000\000\000\000\000\000"
 264      00000000 
 264      00000000 
 264      00
 265 0c97 00000000 		.ascii	"\000\000\000\000\000\000\000\000\000\000\000\000\000"
 265      00000000 
 265      00000000 
 265      00
 266 0ca4 00000000 		.ascii	"\000\000\000\000\000\000\000\000\000\000\000\000\000"
 266      00000000 
 266      00000000 
 266      00
 267 0cb1 00000000 		.ascii	"\000\000\000\000\000\000\000\000\000\000\000\000\000"
 267      00000000 
 267      00000000 
 267      00
 268 0cbe 00000000 		.ascii	"\000\000\000\000\000\000\000\000\000\000\000\000\000"
 268      00000000 
 268      00000000 
 268      00
 269 0ccb 00000000 		.ascii	"\000\000\000\000\000\000\000\000\000\000\000\000\000"
 269      00000000 
 269      00000000 
 269      00
 270 0cd8 00000000 		.ascii	"\000\000\000\000\000\000\000\000\000\000\000\000\000"
 270      00000000 
 270      00000000 
 270      00
 271 0ce5 00000000 		.ascii	"\000\000\000\000\000\000\000\000\000\000\000\000\000"
 271      00000000 
 271      00000000 
 271      00
 272 0cf2 00000000 		.ascii	"\000\000\000\000\000\000\000\000\000\000\000\000\000"
 272      00000000 
 272      00000000 
 272      00
 273 0cff 00000000 		.ascii	"\000\000\000\000\000\000\000\000\000\000\000\000\000"
 273      00000000 
ARM GAS  /tmp/ccaEXnhx.s 			page 19


 273      00000000 
 273      00
 274 0d0c 00000000 		.ascii	"\000\000\000\000\000\000\000\000\000\000\000\000\000"
 274      00000000 
 274      00000000 
 274      00
 275 0d19 00000000 		.ascii	"\000\000\000\000\000\000\000\000\000\000\000\000\000"
 275      00000000 
 275      00000000 
 275      00
 276 0d26 00000000 		.ascii	"\000\000\000\000\000\000\000\000\000\000\000\000\000"
 276      00000000 
 276      00000000 
 276      00
 277 0d33 00000000 		.ascii	"\000\000\000\000\000\000\000\000\000\000\000\000\000"
 277      00000000 
 277      00000000 
 277      00
 278 0d40 00000000 		.ascii	"\000\000\000\000\000\000\000\000\000\000\000\000\000"
 278      00000000 
 278      00000000 
 278      00
 279 0d4d 00000000 		.ascii	"\000\000\000\000\000\000\000\000\000\000\000\000\000"
 279      00000000 
 279      00000000 
 279      00
 280 0d5a 00000000 		.ascii	"\000\000\000\000\000\000\000\000\000\000\000\000\000"
 280      00000000 
 280      00000000 
 280      00
 281 0d67 00000000 		.ascii	"\000\000\000\000\000\000\000\000\000\000\000\000\000"
 281      00000000 
 281      00000000 
 281      00
 282 0d74 00000000 		.ascii	"\000\000\000\000\000\000\000\000\000\000\000\000\000"
 282      00000000 
 282      00000000 
 282      00
 283 0d81 00000000 		.ascii	"\000\000\000\000\000\000\000\000\000\000\000\000\000"
 283      00000000 
 283      00000000 
 283      00
 284 0d8e 00000000 		.ascii	"\000\000\000\000\000\000\000\000\000\000\000\000\000"
 284      00000000 
 284      00000000 
 284      00
 285 0d9b 00000000 		.ascii	"\000\000\000\000\000\000\000\000\000\000\000\000\000"
 285      00000000 
 285      00000000 
 285      00
 286 0da8 00000000 		.ascii	"\000\000\000\000\000\000\000\000\000\000\000\000\000"
 286      00000000 
 286      00000000 
 286      00
 287 0db5 00000000 		.ascii	"\000\000\000\000\000\000\000\000\000\000\000\000\000"
 287      00000000 
 287      00000000 
ARM GAS  /tmp/ccaEXnhx.s 			page 20


 287      00
 288 0dc2 00000000 		.ascii	"\000\000\000\000\000\000\000\000\000\000\000\000\000"
 288      00000000 
 288      00000000 
 288      00
 289 0dcf 00000000 		.ascii	"\000\000\000\000\000\000\000\000\000\000\000\000\000"
 289      00000000 
 289      00000000 
 289      00
 290 0ddc 00000000 		.ascii	"\000\000\000\000\000\000\000\000\000\000\000\000\000"
 290      00000000 
 290      00000000 
 290      00
 291 0de9 00000000 		.ascii	"\000\000\000\000\000\000\000\000\000\000\000\000\000"
 291      00000000 
 291      00000000 
 291      00
 292 0df6 00000000 		.ascii	"\000\000\000\000\000\000\000\000\000\000\000\000\000"
 292      00000000 
 292      00000000 
 292      00
 293 0e03 00000000 		.ascii	"\000\000\000\000\000\000\000\000\000\000\000\000\000"
 293      00000000 
 293      00000000 
 293      00
 294 0e10 00000000 		.ascii	"\000\000\000\000\000\000\000\000\000\000\000\000\000"
 294      00000000 
 294      00000000 
 294      00
 295 0e1d 00000000 		.ascii	"\000\000\000\000\000\000\000\000\000\000\000\000\000"
 295      00000000 
 295      00000000 
 295      00
 296 0e2a 00000000 		.ascii	"\000\000\000\000\000\000\000\000\000\000\000\000\000"
 296      00000000 
 296      00000000 
 296      00
 297 0e37 00000000 		.ascii	"\000\000\000\000\000\000\000\000\000\000\000\000\000"
 297      00000000 
 297      00000000 
 297      00
 298 0e44 00000000 		.ascii	"\000\000\000\000\000\000\000\000\000\000\000\000\000"
 298      00000000 
 298      00000000 
 298      00
 299 0e51 00000000 		.ascii	"\000\000\000\000\000\000\000\000\000\000\000\000\000"
 299      00000000 
 299      00000000 
 299      00
 300 0e5e 00000000 		.ascii	"\000\000\000\000\000\000\000\000\000\000\000\000\000"
 300      00000000 
 300      00000000 
 300      00
 301 0e6b 00000000 		.ascii	"\000\000\000\000\000\000\000\000\000\000\000\000\000"
 301      00000000 
 301      00000000 
 301      00
ARM GAS  /tmp/ccaEXnhx.s 			page 21


 302 0e78 00000000 		.ascii	"\000\000\000\000\000\000\000\000\000\000\000\000\000"
 302      00000000 
 302      00000000 
 302      00
 303 0e85 00000000 		.ascii	"\000\000\000\000\000\000\000\000\000\000\000\000\000"
 303      00000000 
 303      00000000 
 303      00
 304 0e92 00000000 		.ascii	"\000\000\000\000\000\000\000\000\000\000\000\000\000"
 304      00000000 
 304      00000000 
 304      00
 305 0e9f 00000000 		.ascii	"\000\000\000\000\000\000\000\000\000\000\000\000\000"
 305      00000000 
 305      00000000 
 305      00
 306 0eac 00000000 		.ascii	"\000\000\000\000\000\000\000\000\000\000\000\000\000"
 306      00000000 
 306      00000000 
 306      00
 307 0eb9 00000000 		.ascii	"\000\000\000\000\000\000\000\000\000\000\000\000\000"
 307      00000000 
 307      00000000 
 307      00
 308 0ec6 00000000 		.ascii	"\000\000\000\000\000\000\000\000\000\000\000\000\000"
 308      00000000 
 308      00000000 
 308      00
 309 0ed3 00000000 		.ascii	"\000\000\000\000\000\000\000\000\000\000\000\000\000"
 309      00000000 
 309      00000000 
 309      00
 310 0ee0 00000000 		.ascii	"\000\000\000\000\000\000\000\000\000\000\000\000\000"
 310      00000000 
 310      00000000 
 310      00
 311 0eed 00000000 		.ascii	"\000\000\000\000\000\000\000\000\000\000\000\000\000"
 311      00000000 
 311      00000000 
 311      00
 312 0efa 00000000 		.ascii	"\000\000\000\000\000\000\000\000\000\000\000\000\000"
 312      00000000 
 312      00000000 
 312      00
 313 0f07 00000000 		.ascii	"\000\000\000\000\000\000\000\000\000\000\000\000\000"
 313      00000000 
 313      00000000 
 313      00
 314 0f14 00000000 		.ascii	"\000\000\000\000\000\000\000\000\000\000\000\000\000"
 314      00000000 
 314      00000000 
 314      00
 315 0f21 00000000 		.ascii	"\000\000\000\000\000\000\000\000\000\000\000\000\000"
 315      00000000 
 315      00000000 
 315      00
 316 0f2e 00000000 		.ascii	"\000\000\000\000\000\000\000\000\000\000\000\000\000"
ARM GAS  /tmp/ccaEXnhx.s 			page 22


 316      00000000 
 316      00000000 
 316      00
 317 0f3b 00000000 		.ascii	"\000\000\000\000\000\000\000\000\000\000\000\000\000"
 317      00000000 
 317      00000000 
 317      00
 318 0f48 00000000 		.ascii	"\000\000\000\000\000\000\000\000\000\000\000\000\000"
 318      00000000 
 318      00000000 
 318      00
 319 0f55 00000000 		.ascii	"\000\000\000\000\000\000\000\000\000\000\000\000\000"
 319      00000000 
 319      00000000 
 319      00
 320 0f62 00000000 		.ascii	"\000\000\000\000\000\000\000\000\000\000\000\000\000"
 320      00000000 
 320      00000000 
 320      00
 321 0f6f 00000000 		.ascii	"\000\000\000\000\000\000\000\000\000\000\000\000\000"
 321      00000000 
 321      00000000 
 321      00
 322 0f7c 00000000 		.ascii	"\000\000\000\000\000\000\000\000\000\000\000\000\000"
 322      00000000 
 322      00000000 
 322      00
 323 0f89 00000000 		.ascii	"\000\000\000\000\000\000\000\000\000\000\000\000\000"
 323      00000000 
 323      00000000 
 323      00
 324 0f96 00000000 		.ascii	"\000\000\000\000\000\000\000\000\000\000\000\000\000"
 324      00000000 
 324      00000000 
 324      00
 325 0fa3 00000000 		.ascii	"\000\000\000\000\000\000\000\000\000\000\000\000\000"
 325      00000000 
 325      00000000 
 325      00
 326 0fb0 00000000 		.ascii	"\000\000\000\000\000\000\000\000\000\000\000\000\000"
 326      00000000 
 326      00000000 
 326      00
 327 0fbd 00000000 		.ascii	"\000\000\000\000\000\000\000\000\000\000\000\000\000"
 327      00000000 
 327      00000000 
 327      00
 328 0fca 00000000 		.ascii	"\000\000\000\000\000\000\000\000\000\000\000\000\000"
 328      00000000 
 328      00000000 
 328      00
 329 0fd7 00000000 		.ascii	"\000\000\000\000\000\000\000\000\000\000\000\000\000"
 329      00000000 
 329      00000000 
 329      00
 330 0fe4 00000000 		.ascii	"\000\000\000\000\000\000\000\000\000\000\000\000\000"
 330      00000000 
ARM GAS  /tmp/ccaEXnhx.s 			page 23


 330      00000000 
 330      00
 331 0ff1 00000000 		.ascii	"\000\000\000\000\000\000\000\000\000\000\000\000\000"
 331      00000000 
 331      00000000 
 331      00
 332 0ffe 00000000 		.ascii	"\000\000\000\000\000\000\000\000\000\000\000\000\000"
 332      00000000 
 332      00000000 
 332      00
 333 100b 00000000 		.ascii	"\000\000\000\000\000\000\000\000\000\000\000\000\000"
 333      00000000 
 333      00000000 
 333      00
 334 1018 00000000 		.ascii	"\000\000\000\000\000\000\000\000\000\000\000\000\000"
 334      00000000 
 334      00000000 
 334      00
 335 1025 00000000 		.ascii	"\000\000\000\000\000\000\000\000\000\000\000\000\000"
 335      00000000 
 335      00000000 
 335      00
 336 1032 00000000 		.ascii	"\000\000\000\000\000\000\000\000\000\000\000\000\000"
 336      00000000 
 336      00000000 
 336      00
 337 103f 00000000 		.ascii	"\000\000\000\000\000\000\000\000\000\000\000\000\000"
 337      00000000 
 337      00000000 
 337      00
 338 104c 00000000 		.ascii	"\000\000\000\000\000\000\000\000\000\000\000\000\000"
 338      00000000 
 338      00000000 
 338      00
 339 1059 00000000 		.ascii	"\000\000\000\000\000\000\000\000\000\000\000\000\000"
 339      00000000 
 339      00000000 
 339      00
 340 1066 00000000 		.ascii	"\000\000\000\000\000\000\000\000\000\000\000\000\000"
 340      00000000 
 340      00000000 
 340      00
 341 1073 00000000 		.ascii	"\000\000\000\000\000\000\000\000\000\000\000\000\000"
 341      00000000 
 341      00000000 
 341      00
 342 1080 00000000 		.ascii	"\000\000\000\000\000\000\000\000\000\000\000\000\000"
 342      00000000 
 342      00000000 
 342      00
 343 108d 00000000 		.ascii	"\000\000\000\000\000\000\000\000\000\000\000\000\000"
 343      00000000 
 343      00000000 
 343      00
 344 109a 00000000 		.ascii	"\000\000\000\000\000\000\000\000\000\000\000\000\000"
 344      00000000 
 344      00000000 
ARM GAS  /tmp/ccaEXnhx.s 			page 24


 344      00
 345 10a7 00000000 		.ascii	"\000\000\000\000\000\000\000\000\000\000\000\000\000"
 345      00000000 
 345      00000000 
 345      00
 346 10b4 00000000 		.ascii	"\000\000\000\000\000\000\000\000\000\000\000\000\000"
 346      00000000 
 346      00000000 
 346      00
 347 10c1 00000000 		.ascii	"\000\000\000\000\000\000\000\000\000\000\000\000\000"
 347      00000000 
 347      00000000 
 347      00
 348 10ce 00000000 		.ascii	"\000\000\000\000\000\000\000\000\000\000\000\000\000"
 348      00000000 
 348      00000000 
 348      00
 349 10db 00000000 		.ascii	"\000\000\000\000\000\000\000\000\000\000\000\000\000"
 349      00000000 
 349      00000000 
 349      00
 350 10e8 00000000 		.ascii	"\000\000\000\000\000\000\000\000\000\000\000\000\000"
 350      00000000 
 350      00000000 
 350      00
 351 10f5 00000000 		.ascii	"\000\000\000\000\000\000\000\000\000\000\000\000\000"
 351      00000000 
 351      00000000 
 351      00
 352 1102 00000000 		.ascii	"\000\000\000\000\000\000\000\000\000\000\000\000\000"
 352      00000000 
 352      00000000 
 352      00
 353 110f 00000000 		.ascii	"\000\000\000\000\000\000\000\000\000\000\000\000\000"
 353      00000000 
 353      00000000 
 353      00
 354 111c 00000000 		.ascii	"\000\000\000\000\000\000\000\000\000\000\000\000\000"
 354      00000000 
 354      00000000 
 354      00
 355 1129 00000000 		.ascii	"\000\000\000\000\000\000\000\000\000\000\000\000\000"
 355      00000000 
 355      00000000 
 355      00
 356 1136 00000000 		.ascii	"\000\000\000\000\000\000\000\000\000\000\000\000\000"
 356      00000000 
 356      00000000 
 356      00
 357 1143 00000000 		.ascii	"\000\000\000\000\000\000\000\000\000\000\000\000\000"
 357      00000000 
 357      00000000 
 357      00
 358 1150 00000000 		.ascii	"\000\000\000\000\000\000\000\000\000\000\000\000\000"
 358      00000000 
 358      00000000 
 358      00
ARM GAS  /tmp/ccaEXnhx.s 			page 25


 359 115d 00000000 		.ascii	"\000\000\000\000\000\000\000\000\000\000\000\000\000"
 359      00000000 
 359      00000000 
 359      00
 360 116a 00000000 		.ascii	"\000\000\000\000\000\000\000\000\000\000\000\000\000"
 360      00000000 
 360      00000000 
 360      00
 361 1177 00000000 		.ascii	"\000\000\000\000\000\000\000\000\000\000\000\000\000"
 361      00000000 
 361      00000000 
 361      00
 362 1184 00000000 		.ascii	"\000\000\000\000\000\000\000\000\000\000\000\000\000"
 362      00000000 
 362      00000000 
 362      00
 363 1191 00000000 		.ascii	"\000\000\000\000\000\000\000\000\000\000\000\000\000"
 363      00000000 
 363      00000000 
 363      00
 364 119e 00000000 		.ascii	"\000\000\000\000\000\000\000\000\000\000\000\000\000"
 364      00000000 
 364      00000000 
 364      00
 365 11ab 00000000 		.ascii	"\000\000\000\000\000\000\000\000\000\000\000\000\000"
 365      00000000 
 365      00000000 
 365      00
 366 11b8 00000000 		.ascii	"\000\000\000\000\000\000\000\000\000\000\000\000\000"
 366      00000000 
 366      00000000 
 366      00
 367 11c5 00000000 		.ascii	"\000\000\000\000\000\000\000\000\000\000\000\000\000"
 367      00000000 
 367      00000000 
 367      00
 368 11d2 00000000 		.ascii	"\000\000\000\000\000\000\000\000\000\000\000\000\000"
 368      00000000 
 368      00000000 
 368      00
 369 11df 00000000 		.ascii	"\000\000\000\000\000\000\000\000\000\000\000\000\000"
 369      00000000 
 369      00000000 
 369      00
 370 11ec 00000000 		.ascii	"\000\000\000\000\000\000\000\000\000\000\000\000\000"
 370      00000000 
 370      00000000 
 370      00
 371 11f9 00000000 		.ascii	"\000\000\000\000\000\000\000\000\000\000\000\000\000"
 371      00000000 
 371      00000000 
 371      00
 372 1206 00000000 		.ascii	"\000\000\000\000\000\000\000\000\000\000\000\000\000"
 372      00000000 
 372      00000000 
 372      00
 373 1213 00000000 		.ascii	"\000\000\000\000\000\000\000\000\000\000\000\000\000"
ARM GAS  /tmp/ccaEXnhx.s 			page 26


 373      00000000 
 373      00000000 
 373      00
 374 1220 00000000 		.ascii	"\000\000\000\000\000\000\000\000\000\000\000\000\000"
 374      00000000 
 374      00000000 
 374      00
 375 122d 00000000 		.ascii	"\000\000\000\000\000\000\000\000\000\000\000\000\000"
 375      00000000 
 375      00000000 
 375      00
 376 123a 00000000 		.ascii	"\000\000\000\000\000\000\000\000\000\000\000\000\000"
 376      00000000 
 376      00000000 
 376      00
 377 1247 00000000 		.ascii	"\000\000\000\000\000\000\000\000\000\000\000\000\000"
 377      00000000 
 377      00000000 
 377      00
 378 1254 00000000 		.ascii	"\000\000\000\000\000\000\000\000\000\000\000\000\000"
 378      00000000 
 378      00000000 
 378      00
 379 1261 00000000 		.ascii	"\000\000\000\000\000\000\000\000\000\000\000\000\000"
 379      00000000 
 379      00000000 
 379      00
 380 126e 00000000 		.ascii	"\000\000\000\000\000\000\000\000\000\000\000\000\000"
 380      00000000 
 380      00000000 
 380      00
 381 127b 00000000 		.ascii	"\000\000\000\000\000\000\000\000\000\000\000\000\000"
 381      00000000 
 381      00000000 
 381      00
 382 1288 00000000 		.ascii	"\000\000\000\000\000\000\000\000\000\000\000\000\000"
 382      00000000 
 382      00000000 
 382      00
 383 1295 00000000 		.ascii	"\000\000\000\000\000\000\000\000\000\000\000\000\000"
 383      00000000 
 383      00000000 
 383      00
 384 12a2 00000000 		.ascii	"\000\000\000\000\000\000\000\000\000\000\000\000\000"
 384      00000000 
 384      00000000 
 384      00
 385 12af 00000000 		.ascii	"\000\000\000\000\000\000\000\000\000\000\000\000\000"
 385      00000000 
 385      00000000 
 385      00
 386 12bc 00000000 		.ascii	"\000\000\000\000\000\000\000\000\000\000\000\000\000"
 386      00000000 
 386      00000000 
 386      00
 387 12c9 00000000 		.ascii	"\000\000\000\000\000\000\000\000\000\000\000\000\000"
 387      00000000 
ARM GAS  /tmp/ccaEXnhx.s 			page 27


 387      00000000 
 387      00
 388 12d6 00000000 		.ascii	"\000\000\000\000\000\000\000\000\000\000\000\000\000"
 388      00000000 
 388      00000000 
 388      00
 389 12e3 00000000 		.ascii	"\000\000\000\000\000\000\000\000\000\000\000\000\000"
 389      00000000 
 389      00000000 
 389      00
 390 12f0 00000000 		.ascii	"\000\000\000\000\000\000\000\000\000\000\000\000\000"
 390      00000000 
 390      00000000 
 390      00
 391 12fd 00000000 		.ascii	"\000\000\000\000\000\000\000\000\000\000\000\000\000"
 391      00000000 
 391      00000000 
 391      00
 392 130a 00000000 		.ascii	"\000\000\000\000\000\000\000\000\000\000\000\000\000"
 392      00000000 
 392      00000000 
 392      00
 393 1317 00000000 		.ascii	"\000\000\000\000\000\000\000\000\000\000\000\000\000"
 393      00000000 
 393      00000000 
 393      00
 394 1324 00000000 		.ascii	"\000\000\000\000\000\000\000\000\000\000\000\000\000"
 394      00000000 
 394      00000000 
 394      00
 395 1331 00000000 		.ascii	"\000\000\000\000\000\000\000\000\000\000\000\000\000"
 395      00000000 
 395      00000000 
 395      00
 396 133e 00000000 		.ascii	"\000\000\000\000\000\000\000\000\000\000\000\000\000"
 396      00000000 
 396      00000000 
 396      00
 397 134b 00000000 		.ascii	"\000\000\000\000\000\000\000\000\000\000\000\000\000"
 397      00000000 
 397      00000000 
 397      00
 398 1358 00000000 		.ascii	"\000\000\000\000\000\000\000\000\000\000\000\000\000"
 398      00000000 
 398      00000000 
 398      00
 399 1365 00000000 		.ascii	"\000\000\000\000\000\000\000\000\000\000\000\000\000"
 399      00000000 
 399      00000000 
 399      00
 400 1372 00000000 		.ascii	"\000\000\000\000\000\000\000\000\000\000\000\000\000"
 400      00000000 
 400      00000000 
 400      00
 401 137f 00000000 		.ascii	"\000\000\000\000\000\000\000\000\000\000\000\000\000"
 401      00000000 
 401      00000000 
ARM GAS  /tmp/ccaEXnhx.s 			page 28


 401      00
 402 138c 00000000 		.ascii	"\000\000\000\000\000\000\000\000\000\000\000\000\000"
 402      00000000 
 402      00000000 
 402      00
 403 1399 00000000 		.ascii	"\000\000\000\000\000\000\000\000\000\000\000\000\000"
 403      00000000 
 403      00000000 
 403      00
 404 13a6 00000000 		.ascii	"\000\000\000\000\000\000\000\000\000\000\000\000\000"
 404      00000000 
 404      00000000 
 404      00
 405 13b3 00000000 		.ascii	"\000\000\000\000\000\000\000\000\000\000\000\000\000"
 405      00000000 
 405      00000000 
 405      00
 406 13c0 00000000 		.ascii	"\000\000\000\000\000\000\000\000\000\000\000\000\000"
 406      00000000 
 406      00000000 
 406      00
 407 13cd 00000000 		.ascii	"\000\000\000\000\000\000\000\000\000\000\000\000\000"
 407      00000000 
 407      00000000 
 407      00
 408 13da 00000000 		.ascii	"\000\000\000\000\000\000\000\000\000\000\000\000\000"
 408      00000000 
 408      00000000 
 408      00
 409 13e7 00000000 		.ascii	"\000\000\000\000\000\000\000\000\000\000\000\000\000"
 409      00000000 
 409      00000000 
 409      00
 410 13f4 00000000 		.ascii	"\000\000\000\000\000\000\000\000\000\000\000\000\000"
 410      00000000 
 410      00000000 
 410      00
 411 1401 00000000 		.ascii	"\000\000\000\000\000\000\000\000\000\000\000\000\000"
 411      00000000 
 411      00000000 
 411      00
 412 140e 00000000 		.ascii	"\000\000\000\000\000\000\000\000\000\000\000\000\000"
 412      00000000 
 412      00000000 
 412      00
 413 141b 00000000 		.ascii	"\000\000\000\000\000\000\000\000\000\000\000\000\000"
 413      00000000 
 413      00000000 
 413      00
 414 1428 00000000 		.ascii	"\000\000\000\000\000\000\000\000\000\000\000\000\000"
 414      00000000 
 414      00000000 
 414      00
 415 1435 00000000 		.ascii	"\000\000\000\000\000\000\000\000\000\000\000\000\000"
 415      00000000 
 415      00000000 
 415      00
ARM GAS  /tmp/ccaEXnhx.s 			page 29


 416 1442 00000000 		.ascii	"\000\000\000\000\000\000\000\000\000\000\000\000\000"
 416      00000000 
 416      00000000 
 416      00
 417 144f 00000000 		.ascii	"\000\000\000\000\000\000\000\000\000\000\000\000\000"
 417      00000000 
 417      00000000 
 417      00
 418 145c 00000000 		.ascii	"\000\000\000\000\000\000\000\000\000\000\000\000\000"
 418      00000000 
 418      00000000 
 418      00
 419 1469 00000000 		.ascii	"\000\000\000\000\000\000\000\000\000\000\000\000\000"
 419      00000000 
 419      00000000 
 419      00
 420 1476 00000000 		.ascii	"\000\000\000\000\000\000\000\000\000\000\000\000\000"
 420      00000000 
 420      00000000 
 420      00
 421 1483 00000000 		.ascii	"\000\000\000\000\000\000\000\000\000\000\000\000\000"
 421      00000000 
 421      00000000 
 421      00
 422 1490 00000000 		.ascii	"\000\000\000\000\000\000\000\000\000\000\000\000\000"
 422      00000000 
 422      00000000 
 422      00
 423 149d 00000000 		.ascii	"\000\000\000\000\000\000\000\000\000\000\000\000\000"
 423      00000000 
 423      00000000 
 423      00
 424 14aa 00000000 		.ascii	"\000\000\000\000\000\000\000\000\000\000\000\000\000"
 424      00000000 
 424      00000000 
 424      00
 425 14b7 00000000 		.ascii	"\000\000\000\000\000\000\000\000\000\000\000\000\000"
 425      00000000 
 425      00000000 
 425      00
 426 14c4 00000000 		.ascii	"\000\000\000\000\000\000\000\000\000\000\000\000\000"
 426      00000000 
 426      00000000 
 426      00
 427 14d1 00000000 		.ascii	"\000\000\000\000\000\000\000\000\000\000\000\000\000"
 427      00000000 
 427      00000000 
 427      00
 428 14de 00000000 		.ascii	"\000\000\000\000\000\000\000\000\000\000\000\000\000"
 428      00000000 
 428      00000000 
 428      00
 429 14eb 00000000 		.ascii	"\000\000\000\000\000\000\000\000\000\000\000\000\000"
 429      00000000 
 429      00000000 
 429      00
 430 14f8 00000000 		.ascii	"\000\000\000\000\000\000\000\000\000\000\000\000\000"
ARM GAS  /tmp/ccaEXnhx.s 			page 30


 430      00000000 
 430      00000000 
 430      00
 431 1505 00000000 		.ascii	"\000\000\000\000\000\000\000\000\000\000\000\000\000"
 431      00000000 
 431      00000000 
 431      00
 432 1512 00000000 		.ascii	"\000\000\000\000\000\000\000\000\000\000\000\000\000"
 432      00000000 
 432      00000000 
 432      00
 433 151f 00000000 		.ascii	"\000\000\000\000\000\000\000\000\000\000\000\000\000"
 433      00000000 
 433      00000000 
 433      00
 434 152c 00000000 		.ascii	"\000\000\000\000\000\000\000\000\000\000\000\000\000"
 434      00000000 
 434      00000000 
 434      00
 435 1539 00000000 		.ascii	"\000\000\000\000\000\000\000\000\000\000\000\000\000"
 435      00000000 
 435      00000000 
 435      00
 436 1546 00000000 		.ascii	"\000\000\000\000\000\000\000\000\000\000\000\000\000"
 436      00000000 
 436      00000000 
 436      00
 437 1553 00000000 		.ascii	"\000\000\000\000\000\000\000\000\000\000\000\000\000"
 437      00000000 
 437      00000000 
 437      00
 438 1560 00000000 		.ascii	"\000\000\000\000\000\000\000\000\000\000\000\000\000"
 438      00000000 
 438      00000000 
 438      00
 439 156d 00000000 		.ascii	"\000\000\000\000\000\000\000\000\000\000\000\000\000"
 439      00000000 
 439      00000000 
 439      00
 440 157a 00000000 		.ascii	"\000\000\000\000\000\000\000\000\000\000\000\000\000"
 440      00000000 
 440      00000000 
 440      00
 441 1587 00000000 		.ascii	"\000\000\000\000\000\000\000\000\000\000\000\000\000"
 441      00000000 
 441      00000000 
 441      00
 442 1594 00000000 		.ascii	"\000\000\000\000\000\000\000\000\000\000\000\000\000"
 442      00000000 
 442      00000000 
 442      00
 443 15a1 00000000 		.ascii	"\000\000\000\000\000\000\000\000\000\000\000\000\000"
 443      00000000 
 443      00000000 
 443      00
 444 15ae 00000000 		.ascii	"\000\000\000\000\000\000\000\000\000\000\000\000\000"
 444      00000000 
ARM GAS  /tmp/ccaEXnhx.s 			page 31


 444      00000000 
 444      00
 445 15bb 00000000 		.ascii	"\000\000\000\000\000\000\000\000\000\000\000\000\000"
 445      00000000 
 445      00000000 
 445      00
 446 15c8 00000000 		.ascii	"\000\000\000\000\000\000\000\000\000\000\000\000\000"
 446      00000000 
 446      00000000 
 446      00
 447 15d5 00000000 		.ascii	"\000\000\000\000\000\000\000\000\000\000\000\000\000"
 447      00000000 
 447      00000000 
 447      00
 448 15e2 00000000 		.ascii	"\000\000\000\000\000\000\000\000\000\000\000\000\000"
 448      00000000 
 448      00000000 
 448      00
 449 15ef 00000000 		.ascii	"\000\000\000\000\000\000\000\000\000\000\000\000\000"
 449      00000000 
 449      00000000 
 449      00
 450 15fc 00000000 		.ascii	"\000\000\000\000\000\000\000\000\000\000\000\000\000"
 450      00000000 
 450      00000000 
 450      00
 451 1609 00000000 		.ascii	"\000\000\000\000\000\000\000\000\000\000\000\000\000"
 451      00000000 
 451      00000000 
 451      00
 452 1616 00000000 		.ascii	"\000\000\000\000\000\000\000\000\000\000\000\000\000"
 452      00000000 
 452      00000000 
 452      00
 453 1623 00000000 		.ascii	"\000\000\000\000\000\000\000\000\000\000\000\000\000"
 453      00000000 
 453      00000000 
 453      00
 454 1630 00000000 		.ascii	"\000\000\000\000\000\000\000\000\000\000\000\000\000"
 454      00000000 
 454      00000000 
 454      00
 455 163d 00000000 		.ascii	"\000\000\000\000\000\000\000\000\000\000\000\000\000"
 455      00000000 
 455      00000000 
 455      00
 456 164a 00000000 		.ascii	"\000\000\000\000\000\000\000\000\000\000\000\000\000"
 456      00000000 
 456      00000000 
 456      00
 457 1657 00000000 		.ascii	"\000\000\000\000\000\000\000\000\000\000\000\000\000"
 457      00000000 
 457      00000000 
 457      00
 458 1664 00000000 		.ascii	"\000\000\000\000\000\000\000\000\000\000\000\000\000"
 458      00000000 
 458      00000000 
ARM GAS  /tmp/ccaEXnhx.s 			page 32


 458      00
 459 1671 00000000 		.ascii	"\000\000\000\000\000\000\000\000\000\000\000\000\000"
 459      00000000 
 459      00000000 
 459      00
 460 167e 00000000 		.ascii	"\000\000\000\000\000\000\000\000\000\000\000\000\000"
 460      00000000 
 460      00000000 
 460      00
 461 168b 00000000 		.ascii	"\000\000\000\000\000\000\000\000\000\000\000\000\000"
 461      00000000 
 461      00000000 
 461      00
 462 1698 00000000 		.ascii	"\000\000\000\000\000\000\000\000\000\000\000\000\000"
 462      00000000 
 462      00000000 
 462      00
 463 16a5 00000000 		.ascii	"\000\000\000\000\000\000\000\000\000\000\000\000\000"
 463      00000000 
 463      00000000 
 463      00
 464 16b2 00000000 		.ascii	"\000\000\000\000\000\000\000\000\000\000\000\000\000"
 464      00000000 
 464      00000000 
 464      00
 465 16bf 00000000 		.ascii	"\000\000\000\000\000\000\000\000\000\000\000\000\000"
 465      00000000 
 465      00000000 
 465      00
 466 16cc 00000000 		.ascii	"\000\000\000\000\000\000\000\000\000\000\000\000\000"
 466      00000000 
 466      00000000 
 466      00
 467 16d9 00000000 		.ascii	"\000\000\000\000\000\000\000\000\000\000\000\000\000"
 467      00000000 
 467      00000000 
 467      00
 468 16e6 00000000 		.ascii	"\000\000\000\000\000\000\000\000\000\000\000\000\000"
 468      00000000 
 468      00000000 
 468      00
 469 16f3 00000000 		.ascii	"\000\000\000\000\000\000\000\000\000\000\000\000\000"
 469      00000000 
 469      00000000 
 469      00
 470 1700 00000000 		.ascii	"\000\000\000\000\000\000\000\000\000\000\000\000\000"
 470      00000000 
 470      00000000 
 470      00
 471 170d 00000000 		.ascii	"\000\000\000\000\000\000\000\000\000\000\000\000\000"
 471      00000000 
 471      00000000 
 471      00
 472 171a 00000000 		.ascii	"\000\000\000\000\000\000\000\000\000\000\000\000\000"
 472      00000000 
 472      00000000 
 472      00
ARM GAS  /tmp/ccaEXnhx.s 			page 33


 473 1727 00000000 		.ascii	"\000\000\000\000\000\000\000\000\000\000\000\000\000"
 473      00000000 
 473      00000000 
 473      00
 474 1734 00000000 		.ascii	"\000\000\000\000\000\000\000\000\000\000\000\000\000"
 474      00000000 
 474      00000000 
 474      00
 475 1741 00000000 		.ascii	"\000\000\000\000\000\000\000\000\000\000\000\000\000"
 475      00000000 
 475      00000000 
 475      00
 476 174e 00000000 		.ascii	"\000\000\000\000\000\000\000\000\000\000\000\000\000"
 476      00000000 
 476      00000000 
 476      00
 477 175b 00000000 		.ascii	"\000\000\000\000\000\000\000\000\000\000\000\000\000"
 477      00000000 
 477      00000000 
 477      00
 478 1768 00000000 		.ascii	"\000\000\000\000\000\000\000\000\000\000\000\000\000"
 478      00000000 
 478      00000000 
 478      00
 479 1775 00000000 		.ascii	"\000\000\000\000\000\000\000\000\000\000\000\000\000"
 479      00000000 
 479      00000000 
 479      00
 480 1782 00000000 		.ascii	"\000\000\000\000\000\000\000\000\000\000\000\000\000"
 480      00000000 
 480      00000000 
 480      00
 481 178f 00000000 		.ascii	"\000\000\000\000\000\000\000\000\000\000\000\000\000"
 481      00000000 
 481      00000000 
 481      00
 482 179c 00000000 		.ascii	"\000\000\000\000\000\000\000\000\000\000\000\000\000"
 482      00000000 
 482      00000000 
 482      00
 483 17a9 00000000 		.ascii	"\000\000\000\000\000\000\000\000\000\000\000\000\000"
 483      00000000 
 483      00000000 
 483      00
 484 17b6 00000000 		.ascii	"\000\000\000\000\000\000\000\000\000\000\000\000\000"
 484      00000000 
 484      00000000 
 484      00
 485 17c3 00000000 		.ascii	"\000\000\000\000\000\000\000\000\000\000\000\000\000"
 485      00000000 
 485      00000000 
 485      00
 486 17d0 00000000 		.ascii	"\000\000\000\000\000\000\000\000\000\000\000\000\000"
 486      00000000 
 486      00000000 
 486      00
 487 17dd 00000000 		.ascii	"\000\000\000\000\000\000\000\000\000\000\000\000\000"
ARM GAS  /tmp/ccaEXnhx.s 			page 34


 487      00000000 
 487      00000000 
 487      00
 488 17ea 00000000 		.ascii	"\000\000\000\000\000\000\000\000\000\000\000\000\000"
 488      00000000 
 488      00000000 
 488      00
 489 17f7 00000000 		.ascii	"\000\000\000\000\000\000\000\000\000h(\031\000\000\000"
 489      00000000 
 489      00682819 
 489      000000
 490 1806 00005C4F 		.ascii	"\000\000\\O\002 @O\002 \\O\002 \331&\002 \005\261a\000"
 490      0220404F 
 490      02205C4F 
 490      0220D926 
 490      022005B1 
 491 181c 000509F5 		.ascii	"\000\005\011\365~=\307\012\255\0064\002\000\000\000"
 491      7E3DC70A 
 491      AD063402 
 491      000000
 492 182b 00002902 		.ascii	"\000\000)\002 \000\000\000\000\000\000\000\000\000\000"
 492      20000000 
 492      00000000 
 492      000000
 493 183a 000084C4 		.ascii	"\000\000\204\304b_\360\265\213\260\000\360\230\372{"
 493      625FF0B5 
 493      8BB000F0 
 493      98FA7B
 494 1849 497A4808 		.ascii	"IzH\010`|HzI\001b|J{IQ`}O{I~K\371b|I\331cxI|J\3401\212"
 494      607C487A 
 494      4901627C 
 494      4A7B4951 
 494      607D4F7B 
 495 186d 637C4ACA 		.ascii	"c|J\312c|J@1\012`\234F|JzK\011\222\323c:F\2002zK\010"
 495      637C4A40 
 495      310A609C 
 495      467C4A7A 
 495      4B0992D3 
 496 1889 92136179 		.ascii	"\222\023ayJ:czLyJ\242`zJ\012atJyI\2002\221a\001F\200"
 496      4A3A637A 
 496      4C794AA2 
 496      607A4A0A 
 496      61744A79 
 497 18a5 31784A01 		.ascii	"1xJ\001\221JbyJ\006FvI\3006\361avIQ`\305\037\323\035"
 497      914A6279 
 497      4A064676 
 497      49C036F1 
 497      61764951 
 498 18be 7649F93D 		.ascii	"vI\371=ic\3713uI\231b)F@9tJ\007\221Ja`JsI@2\236F\006"
 498      6963F933 
 498      75499962 
 498      29464039 
 498      744A0791 
 499 18dd 92516071 		.ascii	"\222Q`qIcF\031bqI\331bqI\301cqI\201bqIAbqI\301bqI\361"
 499      49634619 
 499      627149D9 
 499      627149C1 
ARM GAS  /tmp/ccaEXnhx.s 			page 35


 499      63714981 
 500 18fd 63714941 		.ascii	"cqIAcqHsF\030c\021FpH\340a\3001oH\000\221\010`1FnH\300"
 500      63714873 
 500      46186311 
 500      467048E0 
 500      61C0316F 
 501 191b 31C8636F 		.ascii	"1\310coImHH`\"F\300:mH\320a\021F\2001lH\005\221\010"
 501      496D4848 
 501      602246C0 
 501      3A6D48D0 
 501      61114680 
 502 1935 62FF3101 		.ascii	"b\3771\0011kH\004\221HbjHXbjH\220a1FjH\2009\010`iHh"
 502      316B4804 
 502      9148626A 
 502      4858626A 
 502      48906131 
 503 1953 614F4869 		.ascii	"aOHiI\2008\003\220\001a\3000gI\002\220\301c\006\232"
 503      49803803 
 503      900161C0 
 503      30674902 
 503      90C16306 
 504 1968 66485061 		.ascii	"fHPa)FfH\2001\010b!FeH\2009HbdH\200x\000(\011\320cH"
 504      29466648 
 504      80310862 
 504      21466548 
 504      80394862 
 505 1986 C1680029 		.ascii	"\301h\000)\002\320\200h\002\360=\370aI\007 \010p\002"
 505      02D08068 
 505      02F03DF8 
 505      61490720 
 505      087002
 506 1999 F03EF85F 		.ascii	"\360>\370_H\240c\004\230_I\001a\001\230^I\301c\011\230"
 506      48A06304 
 506      985F4901 
 506      6101985E 
 506      49C16309 
 507 19ae 5E490161 		.ascii	"^I\001a^Hpa-H]I\2008\001a\002\231\\J\012c-J\\I@2Qc["
 507      5E487061 
 507      2D485D49 
 507      80380161 
 507      02995C4A 
 508 19cd 4961625B 		.ascii	"Iab[I!b[I\261b[I\201b\005\230[IAc[H\250`\007\230ZI\001"
 508      4921625B 
 508      49B1625B 
 508      49816205 
 508      985B4941 
 509 19eb 6008985A 		.ascii	"`\010\230ZI\301c\000\230YI\301a\034IYH\3001\210`\003"
 509      49C16300 
 509      985949C1 
 509      611C4959 
 509      48C03188 
 510 1a01 98584901 		.ascii	"\230XI\001`\031IWH@1\310c\016IVH 1H`VH\\1\010`\001\230"
 510      60194957 
 510      484031C8 
 510      630E4956 
 510      48203148 
 511 1a1e 5549C162 		.ascii	"UI\301bUH\370c\000\230TI\001bTH(c\013\260\360\275!0"
ARM GAS  /tmp/ccaEXnhx.s 			page 36


 511      5548F863 
 511      00985449 
 511      01625448 
 511      28630BB0 
 512 1a36 0220DC08 		.ascii	"\002 \334\010\002 \225.\002 \234\007\002 \2470\002 "
 512      0220952E 
 512      02209C07 
 512      0220A730 
 512      0220
 513 1a48 50010220 		.ascii	"P\001\002 \301*\002 \234\005\002 \025D\002 \234\016"
 513      C12A0220 
 513      9C050220 
 513      15440220 
 513      9C0E
 514 1a5a 02201131 		.ascii	"\002 \0211\002 71\002 i1\002 u>\002 \\\013\002 \335"
 514      02203731 
 514      02206931 
 514      0220753E 
 514      02205C0B 
 515 1a71 2A0220EF 		.ascii	"*\002 \357*\002 \355@\002 \\\015\002 \2171\002 \225"
 515      2A0220ED 
 515      4002205C 
 515      0D02208F 
 515      31022095 
 516 1a85 3E0220B7 		.ascii	">\002 \2671\002 \3751\002 !2\002 \034\012\002 \3019"
 516      310220FD 
 516      31022021 
 516      3202201C 
 516      0A0220C1 
 517 1a9a 0220EB39 		.ascii	"\002 \3539\002 \267,\002 \301D\002 sD\002 ID\002 9+"
 517      0220B72C 
 517      0220C144 
 517      02207344 
 517      02204944 
 518 1ab2 0220092E 		.ascii	"\002 \011.\002 }.\002 \361-\002 \3072\002 -/\002 \277"
 518      02207D2E 
 518      0220F12D 
 518      0220C732 
 518      02202D2F 
 519 1ac9 3B02202B 		.ascii	";\002 +A\002 [A\002 I4\002 \1774\002 \360\002\002 \211"
 519      4102205B 
 519      41022049 
 519      3402207F 
 519      340220F0 
 520 1ae1 400220A3 		.ascii	"@\002 \243A\002 =C\002 \311;\002 \271?\002 \315/\002"
 520      4102203D 
 520      430220C9 
 520      3B0220B9 
 520      3F0220CD 
 521 1af7 20013C02 		.ascii	" \001<\002 \2174\002 18\002 3E\002 \205-\002 YB\002"
 521      208F3402 
 521      20313802 
 521      20334502 
 521      20852D02 
 522 1b0f 20A82502 		.ascii	" \250%\002 |&\002 \304%\002 1B\002 \307C\002 \2274\002"
 522      207C2602 
 522      20C42502 
ARM GAS  /tmp/ccaEXnhx.s 			page 37


 522      20314202 
 522      20C74302 
 523 1b27 20A33C02 		.ascii	" \243<\002 \361<\002 \2058\002 )9\002 \241B\002 \303"
 523      20F13C02 
 523      20853802 
 523      20293902 
 523      20A14202 
 524 1b3d 420220B9 		.ascii	"B\002 \271A\002 \3114\002 \2059\002 \347B\002 K,\002"
 524      410220C9 
 524      34022085 
 524      390220E7 
 524      4202204B 
 525 1b53 20632C02 		.ascii	" c,\002 \215,\002 eE\002 y?\002 \3774\002 \275>\002"
 525      208D2C02 
 525      20654502 
 525      20793F02 
 525      20FF3402 
 526 1b6b 20373502 		.ascii	" 75\002 e5\002 S7\002 \337+\002 \363G\002 \341,\002"
 526      20653502 
 526      20533702 
 526      20DF2B02 
 526      20F34702 
 527 1b83 2010B50B 		.ascii	" \020\265\013h\300\001\034\032$\022\033\033\013`\021"
 527      68C0011C 
 527      1A24121B 
 527      1B0B6011 
 528 1b93 68814202 		.ascii	"h\201B\002\333\010\032\200\022\010\032\020`\020\275"
 528      DB081A80 
 528      12081A10 
 528      6010BD
 529 1ba2 F8B50026 		.ascii	"\370\265\000&4F\030H!FAC\030H\010\030\031!I\001A\030"
 529      34461848 
 529      21464143 
 529      18480818 
 529      19214901 
 530 1bb8 09786029 		.ascii	"\011x`)\030\321\000m\300\002\025\325\001&\000,\036\320"
 530      18D1006D 
 530      C00215D5 
 530      0126002C 
 530      1ED0
 531 1bca 062001F0 		.ascii	"\006 \001\360*\377\020I\245\000\020Oj\030\351\031\377"
 531      2AFF1049 
 531      A500104F 
 531      6A18E919 
 531      FF
 532 1bdb F7D3FF78 		.ascii	"\367\323\377x[\016I\300\021\010U\013H\015I@[\300\021"
 532      5B0E49C0 
 532      1108550B 
 532      480D4940 
 532      5BC011
 533 1bee 0855641C 		.ascii	"\010Ud\034$\006$\016\327\320\000.\004\320\011JP!\011"
 533      2406240E 
 533      D7D0002E 
 533      04D0094A 
 533      502109
 534 1c01 2001F015 		.ascii	" \001\360\025\377\370\275\005 \337\347\344\004\000\000"
 534      FFF8BD05 
ARM GAS  /tmp/ccaEXnhx.s 			page 38


 534      20DFE7E4 
 534      040000
 535 1c10 2C100220 		.ascii	",\020\002 HO\002 LO\002 GO\002 FO\002 ;*\002 \020\265"
 535      484F0220 
 535      4C4F0220 
 535      474F0220 
 535      464F0220 
 536 1c2a 012904D1 		.ascii	"\001)\004\321\004K\202\000\232X\000*\001\320\001\360"
 536      044B8200 
 536      9A58002A 
 536      01D001F0 
 537 1c3a 00FF10BD 		.ascii	"\000\377\020\275\000\000\354\035\002 \002F\020\265\000"
 537      0000EC1D 
 537      02200246 
 537      10B500
 538 1c49 202B2A02 		.ascii	" +*\002\320\020F\001\360\372\376\020\275\020\265\001"
 538      D0104601 
 538      F0FAFE10 
 538      BD10B501 
 539 1c59 F0FCFE41 		.ascii	"\360\374\376AH\001h\300\"\221C\001`@HAj@\"\221CAb\020"
 539      480168C0 
 539      22914301 
 539      60404841 
 539      6A402291 
 540 1c71 BD30B504 		.ascii	"\2750\265\004F=K\000 \002F\235\030 5-ym\006m\016\245"
 540      463D4B00 
 540      2002469D 
 540      1820352D 
 540      796D066D 
 541 1c87 4202D10A 		.ascii	"B\002\321\012T@\034\300\262R\034\322\262\015*\361\323"
 541      54401CC0 
 541      B2521CD2 
 541      B20D2AF1 
 541      D3
 542 1c98 002800D1 		.ascii	"\000(\000\321\377 0\275\360\265\205\260\015F\001*\001"
 542      FF2030BD 
 542      F0B585B0 
 542      0D46012A 
 542      01
 543 1ca9 D1C018C0 		.ascii	"\321\300\030\300\262iF\377\367\337\377\007F\377(1\320"
 543      B26946FF 
 543      F7DFFF07 
 543      46FF2831 
 543      D0
 544 1cba 00242C4E 		.ascii	"\000$,N,\340*H)F08\002mhF\003]\001 \230@\002@\322\004"
 544      2CE02A48 
 544      29463038 
 544      026D6846 
 544      035D0120 
 545 1cd4 04D0012D 		.ascii	"\004\320\001-\002\330\001!I\033\311\262\013\000\001"
 545      02D80121 
 545      491BC9B2 
 545      0B0001
 546 1ce3 F0BDFE05 		.ascii	"\360\275\376\005\004\007\014\022\026\030\000\361j\201"
 546      04070C12 
 546      161800F1 
 546      6A81
ARM GAS  /tmp/ccaEXnhx.s 			page 39


 547 1cf1 4301E0F1 		.ascii	"C\001\340\361j\001C\036H\001`\013\3401h\201C1`\261j"
 547      6A01431E 
 547      4801600B 
 547      E0316881 
 547      433160B1 
 548 1d06 014301E0 		.ascii	"\001C\001\340\261j\201C\261b\001\340\001\360\253\376"
 548      B16A8143 
 548      B16201E0 
 548      01F0ABFE 
 549 1d16 641CE4B2 		.ascii	"d\034\344\262\274B\320\323\005\260\360\275\020\265\014"
 549      BC42D0D3 
 549      05B0F0BD 
 549      10B50C
 550 1d25 46204206 		.ascii	"F B\006\320\000\"\021FO \001\360\242\376\000(\005\321"
 550      D0002211 
 550      464F2001 
 550      F0A2FE00 
 550      2805D1
 551 1d38 002C03D0 		.ascii	"\000,\003\320\026!\000 \001\360\240\376\020\275\020"
 551      16210020 
 551      01F0A0FE 
 551      10BD10
 552 1d47 B501240B 		.ascii	"\265\001$\013FO(\004\320\001\360\236\376\004F F\020"
 552      464F2804 
 552      D001F09E 
 552      FE044620 
 552      4610
 553 1d59 BD114618 		.ascii	"\275\021F\030F\377\367\340\377\370\347\000\005\006@"
 553      46FFF7E0 
 553      FFF8E700 
 553      050640
 554 1d68 00410940 		.ascii	"\000A\011@\370\031\002 \000\007\006@\000\006\006@OH"
 554      F8190220 
 554      00070640 
 554      00060640 
 554      4F48
 555 1d7a 504BC17E 		.ascii	"PK\301~\200~\011\002\001C\033 \012\007\022\017\011*"
 555      807E0902 
 555      01431B20 
 555      0A07120F 
 555      092A
 556 1d8c 01D93732 		.ascii	"\001\33172\000\34002\032T@\036\011\011\300\262\031("
 556      00E03032 
 556      1A54401E 
 556      0909C0B2 
 556      1928
 557 1d9e F2D83020 		.ascii	"\362\3300 Xw\230w\330wDH3! 0\001ppG\020\265\357\363"
 557      58779877 
 557      D8774448 
 557      33212030 
 557      01707047 
 558 1db6 1084E407 		.ascii	"\020\204\344\007\344\017r\266\001\360m\376\000,\000"
 558      E40F72B6 
 558      01F06DFE 
 558      002C00
 559 1dc5 D162B610 		.ascii	"\321b\266\020\275\020\265\001$<H\244\006\004`\000!;"
 559      BD10B501 
ARM GAS  /tmp/ccaEXnhx.s 			page 40


 559      243C48A4 
 559      06046000 
 559      213B
 560 1dd7 4801F066 		.ascii	"H\001\360f\376:I\007 \210a:H\004`6H\2008\004``\023\001"
 560      FE3A4907 
 560      2088613A 
 560      48046036 
 560      48803804 
 561 1def F061FE10 		.ascii	"\360a\376\020\275\020\265\001$1Hd\006\004`\000!3H\001"
 561      BD10B501 
 561      24314864 
 561      06046000 
 561      21334801 
 562 1e03 F051FE33 		.ascii	"\360Q\3763I\007 \210a/H\004`+H\2008\004` \023\001\360"
 562      49072088 
 562      612F4804 
 562      602B4880 
 562      38046020 
 563 1e1a 4CFE10BD 		.ascii	"L\376\020\275.I.J\020\265AC\213\030\032F\007$\344\001"
 563      2E492E4A 
 563      10B54143 
 563      8B181A46 
 563      0724E401 
 564 1e2e 40321B19 		.ascii	"@2\033\031\321}\033}\211\010\233\007\211\000\233\017"
 564      D17D1B7D 
 564      89089B07 
 564      89009B0F 
 565 1e3e 1943D175 		.ascii	"\031C\321u\001\360=\376\020\275\377\265\205\260\026"
 565      01F03DFE 
 565      10BDFFB5 
 565      85B016
 566 1e4d 466A460E 		.ascii	"FjF\016\231\004F\020pF Pp\220x\347\"\300\010\300\000"
 566      99044610 
 566      70462050 
 566      709078E7 
 566      22C008C0 
 567 1e62 10401030 		.ascii	"\020@\0200jF\220p\010x\200\"\020CjF\320pHxPq\210x\220"
 567      6A469070 
 567      08788022 
 567      10436A46 
 567      D0704878 
 568 1e7b 71184804 		.ascii	"q\030H\004\220\035FhF\001\360\"\376\000(\003\320\025"
 568      901D4668 
 568      4601F022 
 568      FE002803 
 568      D015
 569 1e8d 4F387800 		.ascii	"O8x\000(\002\320\003 \011\260\360\275+F2F F\006\231"
 569      2802D003 
 569      2009B0F0 
 569      BD2B4632 
 569      46204606 
 570 1ea2 01F019FE 		.ascii	"\001\360\031\376\020M\244\000(Q\001 8p\001\360\030\376"
 570      104DA400 
 570      28510120 
 570      387001F0 
 570      18FE
 571 1eb4 2859EEE7 		.ascii	"(Y\356\347\230&\002 x\000\002 \200\341\000\340\000\000"
ARM GAS  /tmp/ccaEXnhx.s 			page 41


 571      98260220 
 571      78000220 
 571      80E100E0 
 571      0000
 572 1ec6 0B400008 		.ascii	"\013@\000\010\013@\200\342\000\340\000\000\003@\000"
 572      0B4080E2 
 572      00E00000 
 572      034000
 573 1ed5 080340E4 		.ascii	"\010\003@\344\004\000\000,\020\002 \271\313\001\000"
 573      0400002C 
 573      100220B9 
 573      CB0100
 574 1ee4 B9200220 		.ascii	"\271 \002  \036\002 \370\265\007F\010x\000$\016F\000"
 574      201E0220 
 574      F8B50746 
 574      08780024 
 574      0E4600
 575 1ef7 2828D008 		.ascii	"((\320\010(\002\331\010%\0108\001\340\005F\000 0p8y"
 575      2802D908 
 575      25083801 
 575      E0054600 
 575      20307038 
 576 1f0c 3178401A 		.ascii	"1x@\032@\033\300\262\000\220\010\340\000\230\000\031"
 576      401BC0B2 
 576      009008E0 
 576      00980019 
 577 1f1c C0194179 		.ascii	"\300\031Ay\013H\001\360\345\375d\034\344\262\254B\364"
 577      0B4801F0 
 577      E5FD641C 
 577      E4B2AC42 
 577      F4
 578 1f2d D3012107 		.ascii	"\323\001!\007H\211\002\301a\002i\012C\002a0x\000(\001"
 578      488902C1 
 578      6102690A 
 578      43026130 
 578      78002801 
 579 1f41 D0022000 		.ascii	"\320\002 \000\340\003 \002I\010p\370\275\000\000\000"
 579      E0032002 
 579      490870F8 
 579      BD000000 
 580 1f51 000740B9 		.ascii	"\000\007@\271 \002 \020\265\357\363\020\204\344\007"
 580      20022010 
 580      B5EFF310 
 580      84E407
 581 1f60 E40F72B6 		.ascii	"\344\017r\266\001\360\312\375\000,\000\321b\266\020"
 581      01F0CAFD 
 581      002C00D1 
 581      62B610
 582 1f6f BDF7B506 		.ascii	"\275\367\265\006F\357\363\020\200\305\007\355\017r\266"
 582      46EFF310 
 582      80C507ED 
 582      0F72B6
 583 1f7e 01981928 		.ascii	"\001\230\031(&\321{H|IpCD\030`4 x\200\006\021\325\001"
 583      26D17B48 
 583      7C497043 
 583      44186034 
 583      20788006 
ARM GAS  /tmp/ccaEXnhx.s 			page 42


 584 1f95 21304600 		.ascii	"!0F\000\360\007\372\337'\000(\002\321 x8@ p0F\001\360"
 584      F007FADF 
 584      27002802 
 584      D1207838 
 584      40207030 
 585 1fac ADFD0128 		.ascii	"\255\375\001(\002\321 x8@ p x\300\006\011\325\000!0"
 585      02D12078 
 585      38402070 
 585      2078C006 
 585      09D50021 
 586 1fc1 4600F0F2 		.ascii	"F\000\360\362\371\000(\003\321 x\357!\010@ p0F\002\232"
 586      F9002803 
 586      D12078EF 
 586      21084020 
 586      70304602 
 587 1fd6 019901F0 		.ascii	"\001\231\001\360\234\375\000-\000\321b\266\376\275\020"
 587      9CFD002D 
 587      00D162B6 
 587      FEBD10
 588 1fe5 B5EFF310 		.ascii	"\265\357\363\020\203\334\007\344\017r\266\001\360\226"
 588      83DC07E4 
 588      0F72B601 
 588      F096
 589 1ff3 FD002C00 		.ascii	"\375\000,\000\321b\266\020\275\376\265\005F\001#hF\003"
 589      D162B610 
 589      BDFEB505 
 589      46012368 
 589      4603
 590 2005 700C4600 		.ascii	"p\014F\000 \001\220YIZHiC\012\030\031,\002\3203,\032"
 590      20019059 
 590      495A4869 
 590      430A1819 
 590      2C02D033 
 591 201b D01FE016 		.ascii	"\320\037\340\026F`6\260x\001\007\006\325\021F@1\217"
 591      466036B0 
 591      78010706 
 591      D5114640 
 591      318F
 592 202d 7FBF07BF 		.ascii	"\177\277\007\277\017\037C\217w\006!PKiC\311\030\011"
 592      0F1F438F 
 592      77062150 
 592      4B6943C9 
 592      1809
 593 203f 79012926 		.ascii	"y\001)&\320Q~\311\007\011\320\277!\010@\260p\005\340"
 593      D0517EC9 
 593      0709D0BF 
 593      210840B0 
 593      7005E0
 594 2052 11204001 		.ascii	"\021 @\001\020\030\000x\300\006\031\325!F(F\001\360"
 594      10180078 
 594      C00619D5 
 594      21462846 
 594      01F0
 595 2064 63FD572C 		.ascii	"c\375W,\023\322jF!F(F\377\367\270\377jF!F(F\377\367"
 595      13D26A46 
 595      21462846 
 595      FFF7B8FF 
ARM GAS  /tmp/ccaEXnhx.s 			page 43


 595      6A462146 
 596 207c 79FF6846 		.ascii	"y\377hF\000x\000(\005\320kF\001\252!F(F\377\367c\377"
 596      00780028 
 596      05D06B46 
 596      01AA2146 
 596      2846FFF7 
 597 2092 FEBDF0B5 		.ascii	"\376\275\360\265\006F9H\017F\001F\207\260\016\311\004"
 597      06463948 
 597      0F460146 
 597      87B00EC9 
 597      04
 598 20a3 AC0EC443 		.ascii	"\254\016\304Ci\002i\301h\200i\000$\004\255\002\223\001"
 598      690269C1 
 598      68806900 
 598      2404AD02 
 598      9301
 599 20b5 92009103 		.ascii	"\222\000\221\003\220`\000A\031Ix(\\3F\001\"\001\360"
 599      90600041 
 599      19497828 
 599      5C334601 
 599      2201F0
 600 20c8 37FD641C 		.ascii	"7\375d\034\344\262\006,\363\323(H(JpC\200\030\007\""
 600      E4B2062C 
 600      F3D32848 
 600      284A7043 
 600      80180722 
 601 20dc D2010021 		.ascii	"\322\001\000!\200\030\201u\012F3F\001!C \001\360$\375"
 601      80188175 
 601      0A463346 
 601      01214320 
 601      01F024FD 
 602 20f0 002F1DD1 		.ascii	"\000/\035\3210F\001\360%\3750F\001\360(\375\000$mF`"
 602      304601F0 
 602      25FD3046 
 602      01F028FD 
 602      00246D46 
 603 2105 00411949 		.ascii	"\000A\031Ix(\\3F\001\"\001\360\022\375d\034\344\262"
 603      78285C33 
 603      46012201 
 603      F012FD64 
 603      1CE4B2
 604 2118 072CF3D3 		.ascii	"\007,\363\323\031H\300n\300\006\005\3253F\001\"\000"
 604      1948C06E 
 604      C00605D5 
 604      33460122 
 604      00
 605 2129 213F2001 		.ascii	"!? \001\360\004\375\007\260\360\275\370\265\025F\017"
 605      F004FD07 
 605      B0F0BDF8 
 605      B515460F 
 606 2139 46044601 		.ascii	"F\004F\001)\001\321@\031\304\262 F\001\360\011\375\006"
 606      2901D140 
 606      19C4B220 
 606      4601F009 
 606      FD06
 607 214b 462A4639 		.ascii	"F*F9F F\001\360\011\375/,\013\321\377(\011\320\011I"
 607      46204601 
ARM GAS  /tmp/ccaEXnhx.s 			page 44


 607      F009FD2F 
 607      2C0BD1FF 
 607      2809D009 
 608 2160 01230A6D 		.ascii	"\001#\012m\031F\261@\012@\322\004\001\320\030\032\030"
 608      1946B140 
 608      0A40D204 
 608      01D0181A 
 608      18
 609 2171 40F8BDE4 		.ascii	"@\370\275\344\004\000\000,\020\002 @O\002 \024O\002"
 609      0400002C 
 609      10022040 
 609      4F022014 
 609      4F02
 610 2183 20C81902 		.ascii	" \310\031\002 \370\265\004F\374M\372J\372H\021#eC\021"
 610      20F8B504 
 610      46FC4DFA 
 610      4AFA4811 
 610      23654311 
 611 2197 5D5B0128 		.ascii	"][\001(\030\377&\305\030\000)\030\321)x\357#\031@)p"
 611      18FF26C5 
 611      18002918 
 611      D12978EF 
 611      23194029 
 612 21ac C17C4906 		.ascii	"\301|I\006\021\325\001m\311\003\005\324\027!I\001@\030"
 612      11D5016D 
 612      C90305D4 
 612      17214901 
 612      4018
 613 21be 407C1628 		.ascii	"@|\026(\030\321\002 \020U\356H\357I\002] F\001\360\320"
 613      18D10220 
 613      1055EE48 
 613      EF49025D 
 613      204601F0 
 614 21d3 FC0FE028 		.ascii	"\374\017\340(x\300\006\307\017 F\001\360\317\374\006"
 614      78C006C7 
 614      0F204601 
 614      F0CFFC06 
 615 21e3 46002F06 		.ascii	"F\000/\006\321(x\300\006\003\3253! F\377\367\003\377"
 615      D12878C0 
 615      0603D533 
 615      212046FF 
 615      F703FF
 616 21f6 3046F8BD 		.ascii	"0F\370\275\006!\343K\020\265AC\000\"\311\030\312p\001"
 616      0621E34B 
 616      10B54143 
 616      0022C918 
 616      CA7001
 617 2209 F0C0FC10 		.ascii	"\360\300\374\020\275p\265\004F\337H\000x\300\007\013"
 617      BD70B504 
 617      46DF4800 
 617      78C0070B 
 618 2219 D00620DB 		.ascii	"\320\006 \333J`C\200\030\001!\301p\333Kd\"!! F\001\360"
 618      4A604380 
 618      180121C1 
 618      70DB4B64 
 618      22212120 
 619 2230 B3FCD348 		.ascii	"\263\374\323H\321I`CF\030\035 @\0011\030Hy\300\011\006"
ARM GAS  /tmp/ccaEXnhx.s 			page 45


 619      D1496043 
 619      46181D20 
 619      40013118 
 619      4879C009 
 620 2245 D0087940 		.ascii	"\320\010y@\007\003\325\001! F\377\367\352\374 F\001"
 620      0703D501 
 620      212046FF 
 620      F7EAFC20 
 620      4601
 621 2257 F0A5FC05 		.ascii	"\360\245\374\005F\027 @\0012\030\021{\014 \001C\021"
 621      46172040 
 621      01321811 
 621      7B0C2001 
 621      4311
 622 2269 73080781 		.ascii	"s\010\007\201\017 F\001\360\250\372(Fp\275\020\265\004"
 622      0F204601 
 622      F0A8FA28 
 622      4670BD10 
 622      B504
 623 227b 4601F098 		.ascii	"F\001\360\230\374\000(\004\320\000! F\001\360\230\374"
 623      FC002804 
 623      D0002120 
 623      4601F098 
 623      FC
 624 228c 04E07022 		.ascii	"\004\340p\"\301I F\001\360n\374\300H\000]\020\275\020"
 624      C1492046 
 624      01F06EFC 
 624      C048005D 
 624      10BD10
 625 229f B50446B7 		.ascii	"\265\004F\267H\265J`C\200\030\021\"R\001\000!\200\030"
 625      48B54A60 
 625      43801811 
 625      22520100 
 625      218018
 626 22b2 41741121 		.ascii	"At\021! F\001\360\206\374\031! F\377\367\234\376 F\001"
 626      204601F0 
 626      86FC1921 
 626      2046FFF7 
 626      9CFE2046 
 627 22c7 F085FCB4 		.ascii	"\360\205\374\264H\000]\020\275\020\265\004F\252H\251"
 627      48005D10 
 627      BD10B504 
 627      46AA48A9 
 628 22d7 49604341 		.ascii	"I`CA\030\021 @\001\011\030\000\"Jt\001 \010u F\001\360"
 628      18112040 
 628      01091800 
 628      224A7401 
 628      20087520 
 629 22ee 72FCAA48 		.ascii	"r\374\252H\000]\020\275p\265\004F\251H\005] F\001\360"
 629      005D10BD 
 629      70B50446 
 629      A948055D 
 629      204601F0 
 630 2302 6EFC0646 		.ascii	"n\374\006F\245H\000]\250B\005\321\235H\241I\002] F\001"
 630      A548005D 
 630      A84205D1 
 630      9D48A149 
ARM GAS  /tmp/ccaEXnhx.s 			page 46


 630      025D2046 
 631 2317 F02DFC30 		.ascii	"\360-\3740Fp\275\020\265}!\004FI\001\001\360a\374 F"
 631      4670BD10 
 631      B57D2104 
 631      46490101 
 631      F061FC20 
 632 232c 01F064FC 		.ascii	"\001\360d\374\227 \300\000\233I`CA\030\007 \300\001"
 632      9720C000 
 632      9B496043 
 632      41180720 
 632      C001
 633 233e 09180122 		.ascii	"\011\030\001\"\210h\022\007\220C\215J\017#TC\213J\233"
 633      88681207 
 633      90438D4A 
 633      0F235443 
 633      8B4A9B
 634 2351 01A218D2 		.ascii	"\001\242\030\322\030\322h\322\000\322\017\022\007\020"
 634      18D268D2 
 634      00D20F12 
 634      0710
 635 235f 43886010 		.ascii	"C\210`\020\275\206I\205KAC\311\030\020\265\3771\000"
 635      BD864985 
 635      4B4143C9 
 635      1810B5FF 
 635      3100
 636 2371 22C131CA 		.ascii	"\"\3011\312r\006!\204KACZT\311\030\312p\001\360?\374"
 636      72062184 
 636      4B41435A 
 636      54C918CA 
 636      7001F03F 
 637 2386 10BD7D49 		.ascii	"\020\275}I|JAC\211\030\020\265\3771\3011\312z\004*\003"
 637      7C4A4143 
 637      891810B5 
 637      FF31C131 
 637      CA7A042A 
 638 239b D1CA7BBF 		.ascii	"\321\312{\277#\032@\312s\001\3604\374\020\275uK\002"
 638      231A40CA 
 638      7301F034 
 638      FC10BD75 
 638      4B02
 639 23ad 465A4372 		.ascii	"FZCrK0\265\322\030\377#\0253\001 \235\\\203\002\324"
 639      4B30B5D2 
 639      18FF2315 
 639      3301209D 
 639      5C8302D4 
 640 23c1 18E36801 		.ascii	"\030\343h\001-\020\320\233\000[\017\001+\001\320\002"
 640      2D10D09B 
 640      005B0F01 
 640      2B01D002 
 641 23d1 2B26D1E3 		.ascii	"+&\321\343z[\007[\017\003+!\331\203#\333\000\322\030"
 641      7A5B075B 
 641      0F032B21 
 641      D98323DB 
 641      00D218
 642 23e4 01291DD0 		.ascii	"\001)\035\320\022\340\233\001[\017\001+\001\320\002"
 642      12E09B01 
 642      5B0F012B 
ARM GAS  /tmp/ccaEXnhx.s 			page 47


 642      01D002
 643 23f3 2B15D1E3 		.ascii	"+\025\321\343z[\007[\017\034\037\003,\017\322\233\000"
 643      7A5B075B 
 643      0F1C1F03 
 643      2C0FD29B 
 643      00
 644 2404 D2188123 		.ascii	"\322\030\201#\333\000\322\030\001)\004\320\000)\006"
 644      DB00D218 
 644      012904D0 
 644      002906
 645 2413 D11168C9 		.ascii	"\321\021h\311\001\006\340\021h\211\001\003\340\000 "
 645      0106E011 
 645      68890103 
 645      E00020
 646 2422 30BD1168 		.ascii	"0\275\021hI\001\000)\371\3320\275\367\265\204\260\004"
 646      49010029 
 646      F9DA30BD 
 646      F7B584B0 
 646      04
 647 2433 98602148 		.ascii	"\230`!HC[I\000$E\030PI\004\230\026FHCMI\002\224@\030"
 647      435B4900 
 647      24451850 
 647      49049816 
 647      4648434D 
 648 244c 11218901 		.ascii	"\021!\211\001@\030\000\224\003\220H\340\005\230\000"
 648      40180094 
 648      039048E0 
 648      059800
 649 245b 68000C01 		.ascii	"h\000\014\001\220]\320\001F\004\230\001\360\331\373"
 649      905DD001 
 649      46049801 
 649      F0D9FB
 650 246a 07460199 		.ascii	"\007F\001\231\004\230\001\360\332\373\006/\007\322\000"
 650      049801F0 
 650      DAFB062F 
 650      07D200
 651 2479 2E53D001 		.ascii	".S\320\001.V\320\001 9\001i\030\310q2F!F\001\233\004"
 651      2E56D001 
 651      20390169 
 651      18C87132 
 651      46214601 
 652 248f 9801F0D0 		.ascii	"\230\001\360\320\373\005\230d\034\000\210\344\262\000"
 652      FB059864 
 652      1C0088E4 
 652      B200
 653 249d 04000C01 		.ascii	"\004\000\014\001\220<\320\001F\004\230\001\360\270\373"
 653      903CD001 
 653      46049801 
 653      F0B8FB
 654 24ac 07460199 		.ascii	"\007F\001\231\004\230\001\360\271\373\006/\007\322\000"
 654      049801F0 
 654      B9FB062F 
 654      07D200
 655 24bb 2E3CD001 		.ascii	".<\320\001.?\320\001 9\001i\030\310q2F!F\001\233\004"
 655      2E3FD001 
 655      20390169 
 655      18C87132 
ARM GAS  /tmp/ccaEXnhx.s 			page 48


 655      46214601 
 656 24d1 9801F0AF 		.ascii	"\230\001\360\257\373\005\230d\034\000\035\005\220\000"
 656      FB059864 
 656      1C001D05 
 656      9000
 657 24df 98E4B240 		.ascii	"\230\344\262@\034\300\262\000\220\003\230\000\231@\177"
 657      1CC0B200 
 657      90039800 
 657      99407F
 658 24ee 401E8842 		.ascii	"@\036\210B\261\334\"I\004\230HC I@\030\3770A0\301z\002"
 658      B1DC2249 
 658      04984843 
 658      20494018 
 658      FF304130 
 659 2505 2E21D209 		.ascii	".!\322\011\011\011\001\010,\000\331\010$\"\007\022\017"
 659      09090108 
 659      2C00D908 
 659      24220712 
 659      0F
 660 2516 1143C172 		.ascii	"\021C\301r\000!\037\340\001 \002\220\347\347\001 9\001"
 660      00211FE0 
 660      01200290 
 660      E7E70120 
 660      3901
 661 2528 69188871 		.ascii	"i\030\210q\254\347\001 9\001i\030\010r\247\347\001 "
 661      ACE70120 
 661      39016918 
 661      0872A7E7 
 661      0120
 662 253a 39016918 		.ascii	"9\001i\030\210q\303\347\001 9\001i\030\010r\276\347"
 662      8871C3E7 
 662      01203901 
 662      69180872 
 662      BEE7
 663 254c 0907090F 		.ascii	"\011\007\011\017\010,\000\331\010$\"\001\021C\301r\001"
 663      082C00D9 
 663      08242201 
 663      1143C172 
 663      01
 664 255d 21049801 		.ascii	"!\004\230\001\360n\373\000\230\006(\002\321\002\230"
 664      F06EFB00 
 664      98062802 
 664      D10298
 665 256c 00281DD0 		.ascii	"\000(\035\320\000 \007\260\360\275\000\000\353\035\002"
 665      002007B0 
 665      F0BD0000 
 665      EB1D02
 666 257b 202C1002 		.ascii	" ,\020\002 \344\004\000\000\366\035\002  N\000\000@"
 666      20E40400 
 666      00F61D02 
 666      20204E00 
 666      0040
 667 258d 4F022050 		.ascii	"O\002 PO\002 \2230\002 \374l\000\000\365\035\002 \250"
 667      4F022093 
 667      300220FC 
 667      6C0000F5 
 667      1D0220A8 
ARM GAS  /tmp/ccaEXnhx.s 			page 49


 668 25a1 00022010 		.ascii	"\000\002 \020\025\002 \010\000\002 \001 \340\347p\265"
 668      15022008 
 668      00022001 
 668      20E0E770 
 668      B5
 669 25b2 F04D0120 		.ascii	"\360M\001 (p\001\360H\373\000$(]\000(\013\321\000\""
 669      287001F0 
 669      48FB0024 
 669      285D0028 
 669      0BD10022 
 670 25c6 05212046 		.ascii	"\005! F\001\360E\373 F\001\360H\373\003! F\000\360s"
 670      01F045FB 
 670      204601F0 
 670      48FB0321 
 670      204600F0 
 671 25db FE641C24 		.ascii	"\376d\034$\006$\016\354\320p\275\020\265\004F\001\360"
 671      06240EEC 
 671      D070BD10 
 671      B5044601 
 671      F0
 672 25ec 41FBE14A 		.ascii	"A\373\341J\001!\021U\020\275\020\265\001\360@\373\020"
 672      01211155 
 672      10BD10B5 
 672      01F040FB 
 672      10
 673 25fd BDDE49DE 		.ascii	"\275\336I\336JAC\211\030\020\265\377\"\0352RX\003$\322"
 673      4A414389 
 673      1810B5FF 
 673      221D3252 
 673      580324D2 
 674 2611 00930F01 		.ascii	"\000\223\017\001\"\222\002\212\030\321hd\005\241C\002"
 674      2292028A 
 674      18D16864 
 674      05A14302 
 675 2621 2B01D15B 		.ascii	"+\001\321[\005\311\030\321`\001\360-\373\020\275\020"
 675      05C918D1 
 675      6001F02D 
 675      FB10BD10 
 676 2631 B5044601 		.ascii	"\265\004F\001\360.\373\000(\023\320\006!\320JaC\211"
 676      F02EFB00 
 676      2813D006 
 676      21D04A61 
 676      4389
 677 2643 18C97801 		.ascii	"\030\311x\001)\014\321\313ILC\313Ib\030\027!I\001Q\030"
 677      290CD1CB 
 677      494C43CB 
 677      49621817 
 677      21490151 
 678 2658 497C0829 		.ascii	"I|\010)\002\320\011)\000\320\000 \020\275\020\265\004"
 678      02D00929 
 678      00D00020 
 678      10BD10B5 
 678      04
 679 2669 4601F019 		.ascii	"F\001\360\031\373\005! F\001\360\033\373\000(\020\321"
 679      FB052120 
 679      4601F01B 
 679      FB002810 
ARM GAS  /tmp/ccaEXnhx.s 			page 50


 679      D1
 680 267a BF48BF49 		.ascii	"\277H\277I`C@\030\027!I\001@\030@|\013(\006\321\031"
 680      60434018 
 680      17214901 
 680      4018407C 
 680      0B2806D1 
 681 268f 21204601 		.ascii	"! F\001\360\021\373\273I! \010U\020\275\020\265\004"
 681      F011FBBB 
 681      49212008 
 681      5510BD10 
 681      B504
 682 26a1 4601F00F 		.ascii	"F\001\360\017\373\021(\017\321\263I\263JaC\211\030@"
 682      FB11280F 
 682      D1B349B3 
 682      4A614389 
 682      1840
 683 26b3 31C97D89 		.ascii	"1\311}\211\007\211\017\002)\005\321,! F\001\360\005"
 683      07890F02 
 683      2905D12C 
 683      21204601 
 683      F005
 684 26c5 FBB04800 		.ascii	"\373\260H\000]\020\275p\265\005F\001\360\004\373\004"
 684      5D10BD70 
 684      B5054601 
 684      F004FB04 
 685 26d5 4611280A 		.ascii	"F\021(\012\321(F\001\360\004\373\000(\005\320,!(F\001"
 685      D1284601 
 685      F004FB00 
 685      2805D02C 
 685      21284601 
 686 26e9 F0F2FAA6 		.ascii	"\360\362\372\246HD] Fp\275\202\017\001*\013\320\244"
 686      48445D20 
 686      4670BD82 
 686      0F012A0B 
 686      D0A4
 687 26fb 4A024083 		.ascii	"J\002@\203\017\013\320\200\000\203\015\030\005\002C"
 687      0F0BD080 
 687      00830D18 
 687      050243
 688 270a 002907D0 		.ascii	"\000)\007\320\220\000\006\340\200\005\200\015\236I\010"
 688      900006E0 
 688      8005800D 
 688      9E4908
 689 2719 E00003F2 		.ascii	"\340\000\003\362\347\020\003\221\005\200\015\211\015"
 689      E7100391 
 689      05800D89 
 689      0D
 690 2726 4843FF21 		.ascii	"HC\377!\3651HCpG\367\265\202\260\204F\003\230\000\220"
 690      F5314843 
 690      7047F7B5 
 690      82B08446 
 690      03980090 
 691 273a 800F0190 		.ascii	"\200\017\001\220\001\"@\000\021F\201@`F\207\017x\000"
 691      01224000 
 691      11468140 
 691      6046870F 
 691      7800
ARM GAS  /tmp/ccaEXnhx.s 			page 51


 692 274c 401C8240 		.ascii	"@\034\202@\012C\325\262\001!`F\377\367\314\377\006F"
 692      0A43D5B2 
 692      01216046 
 692      FFF7CCFF 
 692      0646
 693 275e 01210098 		.ascii	"\001!\000\230\377\367\307\377\004F\001\230\207B\027"
 693      FFF7C7FF 
 693      04460198 
 693      874217
 694 276d D0A80708 		.ascii	"\320\250\007\010\320\350\007\001\320\246B\014\330\250"
 694      D0E80701 
 694      D0A6420C 
 694      D8A8
 695 277b 0707E0A6 		.ascii	"\007\007\340\246B\010\322\012\340\350\006\001\325\246"
 695      4208D20A 
 695      E0E80601 
 695      D5A6
 696 2789 4203D8A8 		.ascii	"B\003\330\250\006\000(\365\333\002\340\001 \005\260"
 696      060028F5 
 696      DB02E001 
 696      2005B0
 697 2798 ECE60020 		.ascii	"\354\346\000 \373\347\250\006\001\220\200\017\011\320"
 697      FBE7A806 
 697      0190800F 
 697      09D0
 698 27a6 00216046 		.ascii	"\000!`F\377\367\243\377\007F\000!\000\230\377\367\236"
 698      FFF7A3FF 
 698      07460021 
 698      0098FFF7 
 698      9E
 699 27b7 FF01E037 		.ascii	"\377\001\3407F F\246B\350\330\246B\351\321\001\231\211"
 699      462046A6 
 699      42E8D8A6 
 699      42E9D101 
 699      9989
 700 27c9 0F03D087 		.ascii	"\017\003\320\207B\341\330\207B\342\321hI\004\230HCh"
 700      42E1D887 
 700      42E2D168 
 700      49049848 
 700      4368
 701 27db 49085CC2 		.ascii	"I\010\\\302\007`F\000\003\201\015\003\230\000\003\200"
 701      07604600 
 701      03810D03 
 701      98000380 
 702 27eb 0D002A04 		.ascii	"\015\000*\004\320\252\007\005\320\201B\320\322\314\347"
 702      D0AA0705 
 702      D08142D0 
 702      D2CCE7
 703 27fa 8142CDD9 		.ascii	"\201B\315\331\311\347`F\200\000\201\015\000\230\200"
 703      C9E76046 
 703      8000810D 
 703      009880
 704 2809 00800DF2 		.ascii	"\000\200\015\362\347\367\265\202\260iF\311{\000$\211"
 704      E7F7B582 
 704      B06946C9 
 704      7B002489 
 705 2819 090DD16D 		.ascii	"\011\015\321mF\351\211\\K\031@\253{m{\033\002+C\033"
ARM GAS  /tmp/ccaEXnhx.s 			page 52


 705      46E9895C 
 705      4B1940AB 
 705      7B6D7B1B 
 705      022B431B 
 706 282d 059B0D1B 		.ascii	"\005\233\015\033\001\031CmF\351\201\201\017\005\321"
 706      0119436D 
 706      46E98181 
 706      0F05D1
 707 283c 53490140 		.ascii	"SI\001@\000\003\200\015\000\005\010C\007F\000\003\201"
 707      0003800D 
 707      00050843 
 707      07460003 
 707      81
 708 284d 0D4A4800 		.ascii	"\015JH\000\221BCIH\020\030@h\002\003\222\015\221B)\323"
 708      91424349 
 708      48101840 
 708      68020392 
 708      0D914229 
 709 2862 B9008005 		.ascii	"\271\000\200\005\216\015\200\015\206B#\330\003\230\001"
 709      8E0D800D 
 709      864223D8 
 709      039801
 710 2871 F040FA05 		.ascii	"\360@\372\005F\000!8F\377\367;\377\001F\270\017\004"
 710      46002138 
 710      46FFF73B 
 710      FF0146B8 
 710      0F04
 711 2883 D001280D 		.ascii	"\320\001(\015\320\002(\024\321\012\340kF\232{[{\022"
 711      D0022814 
 711      D10AE06B 
 711      469A7B5B 
 711      7B12
 712 2895 021A4312 		.ascii	"\002\032C\022\005\000\230\222\015\220B\006\331\010\340"
 712      05009892 
 712      0D904206 
 712      D908E0
 713 28a4 6846C089 		.ascii	"hF\300\211\200\004\200\015\206B\002\330\251B\000\330"
 713      8004800D 
 713      864202D8 
 713      A94200D8 
 714 28b4 01242046 		.ascii	"\001$ Fm\347\361\265\204\260\004\230\001\360\036\372"
 714      6DE7F1B5 
 714      84B00498 
 714      01F01EFA 
 715 28c4 2C4A0499 		.ascii	",J\004\231\003\220,KQC@\000\316\030@\017\200\0000\030"
 715      03902C4B 
 715      51434000 
 715      CE18400F 
 715      80003018 
 716 28d8 80304068 		.ascii	"\2000@h\001\220\002\220hF\300y\000$7F\344C\202\011@"
 716      01900290 
 716      6846C079 
 716      00243746 
 716      E4438209 
 717 28ed 37032A07 		.ascii	"7\003*\007\320XX\000(\020\320XX\000(1\320\000%,\340"
 717      D0585800 
 717      2810D058 
ARM GAS  /tmp/ccaEXnhx.s 			page 53


 717      58002831 
 717      D000252C 
 718 2902 00203978 		.ascii	"\000 9x\003\340\003*\004\320@\034\300\262\201B\371\330"
 718      03E0032A 
 718      04D0401C 
 718      C0B28142 
 718      F9D8
 719 2914 25E044B2 		.ascii	"%\340D\262#\340\000$!\340\250\000\017!0\030\211\001"
 719      23E00024 
 719      21E0A800 
 719      0F213018 
 719      8901
 720 2926 4018C068 		.ascii	"@\030\300h\001\220`\034\003\320\240\0000\030@\030\300"
 720      0190601C 
 720      03D0A000 
 720      30184018 
 720      C0
 721 2937 68009004 		.ascii	"h\000\220\004\232\002\231\001\230\377\367e\377\000("
 721      9A029901 
 721      98FFF765 
 721      FF0028
 722 2946 07D0049A 		.ascii	"\007\320\004\232\000\231\001\230\377\367\357\376\000"
 722      00990198 
 722      FFF7EFFE 
 722      00
 723 2953 2800D02C 		.ascii	"(\000\320,Fm\034m\2628x\250B\335\334`\034\000\321\000"
 723      466D1C6D 
 723      B23878A8 
 723      42DDDC60 
 723      1C00D100 
 724 2967 24641CFF 		.ascii	"$d\034\3776a6\364u\003\230\020\347XO\002 \344\004\000"
 724      366136F4 
 724      75039810 
 724      E7584F02 
 724      20E40400 
 725 297b 002C1002 		.ascii	"\000,\020\002 @O\002 \353\035\002 \365\035\002 \377"
 725      20404F02 
 725      20EB1D02 
 725      20F51D02 
 725      20FF
 726 298d FF0FC090 		.ascii	"\377\017\300\220\320\003\000\017\300\377\377|\265KM"
 726      D003000F 
 726      C0FFFF7C 
 726      B54B4D
 727 299c 2C466E6E 		.ascii	",Fnn`4\255n\000\226\001\225\001\360\260\371r\266\240"
 727      6034AD6E 
 727      00960195 
 727      01F0B0F9 
 727      72B6A0
 728 29af 88C00540 		.ascii	"\210\300\005@\017\002(\024\321hF\000\210\300\005@\017"
 728      0F022814 
 728      D1684600 
 728      88C00540 
 728      0F
 729 29c0 022804D0 		.ascii	"\002(\004\320AI\000 \010`AI\010`AH\000m\300\002\005"
 729      41490020 
 729      08604149 
ARM GAS  /tmp/ccaEXnhx.s 			page 54


 729      08604148 
 729      006DC002 
 730 29d5 D5404A50 		.ascii	"\325@JP!\011 \001\360(\370\002\340\011 \001\360\230"
 730      21092001 
 730      F028F802 
 730      E0092001 
 730      F098
 731 29e7 F962B67C 		.ascii	"\371b\266|\275p\265\006F:H\201]4)=\3207);\320\242)9"
 731      BD70B506 
 731      463A4881 
 731      5D34293D 
 731      D037293B 
 732 29ff D0062937 		.ascii	"\320\006)7\320\012)5\320\013)3\3204J\260\000\023X4M"
 732      D00A2935 
 732      D00B2933 
 732      D0344AB0 
 732      00135834 
 733 2a14 2F4C7543 		.ascii	"/LuC,\031%F`5\000+\021\320X\001+\324()$\320 m\200\002"
 733      2C192546 
 733      6035002B 
 733      11D05801 
 733      2BD42829 
 734 2a2e 19D50022 		.ascii	"\031\325\000\"\021F+ \001\360\037\370\000(\037\321 "
 734      11462B20 
 734      01F01FF8 
 734      00281FD1 
 734      20
 735 2a3f 6D80020F 		.ascii	"m\200\002\017\324\033\340`h\200\000\201\015\240o\000"
 735      D41BE060 
 735      68800081 
 735      0DA06F00 
 736 2a4f 07800F03 		.ascii	"\007\200\017\003(\017\320\002(\017\320\001(\012\321"
 736      280FD002 
 736      280FD001 
 736      280AD1
 737 2a5e 12208842 		.ascii	"\022 \210B\014\323(\177\377(\004\321\000\"\021F0F\001"
 737      0CD3287F 
 737      FF2804D1 
 737      00221146 
 737      304601
 738 2a71 F058F970 		.ascii	"\360X\371p\275< \362\347\036 \360\347)\177\377)\367"
 738      BD3C20F2 
 738      E71E20F0 
 738      E7297FFF 
 738      29F7
 739 2a83 D0304601 		.ascii	"\3200F\001\360S\371\377 (wp\275p\265\004F\015F\000x"
 739      F053F9FF 
 739      20287770 
 739      BD70B504 
 739      460D4600 
 740 2a98 13490002 		.ascii	"\023I\000\002@\030\006k\007 \000\003\006@)F F\001\360"
 740      4018066B 
 740      07200003 
 740      06402946 
 740      204601F0 
 741 2aac 47F96078 		.ascii	"G\371`x\000(\007\321\340x\000(\004\321@!\350h\016C0"
 741      002807D1 
ARM GAS  /tmp/ccaEXnhx.s 			page 55


 741      E0780028 
 741      04D14021 
 741      E8680E43 
 742 2ac1 43E86070 		.ascii	"C\350`p\275\000\000\310\031\002 LO\002 HO\002 ,\020"
 742      BD0000C8 
 742      1902204C 
 742      4F022048 
 742      4F02202C 
 743 2ad6 02203B2A 		.ascii	"\002 ;*\002 \365\035\002 \354\035\002 \344\004\000\000"
 743      0220F51D 
 743      0220EC1D 
 743      0220E404 
 743      0000
 744 2ae8 40090940 		.ascii	"@\011\011@p\265\015F\004F\001\360)\371\011I\011xH\007"
 744      70B50D46 
 744      044601F0 
 744      29F90949 
 744      09784807 
 745 2afc 0DD50848 		.ascii	"\015\325\010HDC\010H \030\3770\0010\301|\000)\004\321"
 745      44430848 
 745      2018FF30 
 745      0130C17C 
 745      002904D1 
 746 2b10 002D02D0 		.ascii	"\000-\002\320A}\211\034Aup\275PO\002 \344\004\000\000"
 746      417D891C 
 746      417570BD 
 746      504F0220 
 746      E4040000 
 747 2b24 2C100220 		.ascii	",\020\002 \020\265\004F\001\360\022\371\373I\210B\010"
 747      10B50446 
 747      01F012F9 
 747      FB498842 
 747      08
 748 2b35 D1FB4A00 		.ascii	"\321\373J\000!\213\000\323X\243B\003\321\010F\3770G"
 748      218B00D3 
 748      58A34203 
 748      D10846FF 
 748      3047
 749 2b47 3010BD49 		.ascii	"0\020\275I\034\003)\364\323\020\275\377\265\203\260"
 749      1C0329F4 
 749      D310BDFF 
 749      B583B0
 750 2b56 1446FF22 		.ascii	"\024F\377\"\004\230\0312\001%\000'\201\032\220B%\320"
 750      04981932 
 750      01250027 
 750      811A9042 
 750      25D0
 751 2b68 0DDCF04B 		.ascii	"\015\334\360K\003\231\356J\3778YC\0058\216\030\000("
 751      0399EE4A 
 751      FF385943 
 751      05388E18 
 751      0028
 752 2b7a 7CD00328 		.ascii	"|\320\003(,\320\012('\321\034\340\352H\352J/)\002\320"
 752      2CD00A28 
 752      27D11CE0 
 752      EA48EA4A 
 752      2F2902D0 
ARM GAS  /tmp/ccaEXnhx.s 			page 56


 753 2b8e 302920D1 		.ascii	"0) \321\005\340\301j#x\001 \230@\001C\004\340\301j#"
 753      05E0C16A 
 753      23780120 
 753      98400143 
 753      04E0C16A 
 754 2ba3 78012098 		.ascii	"x\001 \230@\201C\021`\015\230\000%\007`\017\340\340"
 754      40814311 
 754      600D9800 
 754      2507600F 
 754      E0E0
 755 2bb5 48039940 		.ascii	"H\003\231@\\'(D\320\011\340\003\230\001\360\315\370"
 755      5C272844 
 755      D009E003 
 755      9801F0CD 
 755      F8
 756 2bc6 00283ED0 		.ascii	"\000(>\320\333H\003\231@\\((9\320(F\007\260\360\275"
 756      DB480399 
 756      405C2828 
 756      39D02846 
 756      07B0F0BD 
 757 2bda 97210398 		.ascii	"\227!\003\230\311\000HC\326I@\030\321IP9A\030\001\221"
 757      C9004843 
 757      D6494018 
 757      D1495039 
 757      41180191 
 758 2bee 21784D07 		.ascii	"!xM\007\377!y1\211Ym\017\000)$\320\000-\"\320\011!\311"
 758      FF217931 
 758      89596D0F 
 758      002924D0 
 758      002D22D0 
 759 2c05 014718B8 		.ascii	"\001G\030\270\212\007!@\011@\001\0170\011\003\210C)"
 759      8A072140 
 759      0940010F 
 759      30090388 
 759      4329
 760 2c17 030843B8 		.ascii	"\003\010C\270\202\001\230\252\000a\034\000\222\000\035"
 760      820198AA 
 760      00611C00 
 760      92001D
 761 2c26 01F0A1F8 		.ascii	"\001\360\241\370\007 @\033\201\000\000\232\001\230\020"
 761      0720401B 
 761      8100009A 
 761      019810
 762 2c35 18001D01 		.ascii	"\030\000\035\001\360\236\370 x\200\006\200\017\003("
 762      F09EF820 
 762      78800680 
 762      0F0328
 763 2c44 02D007E0 		.ascii	"\002\320\007\340\003'\257\347\377!\0241\211]\000)\000"
 763      0327AFE7 
 763      FF211431 
 763      895D0029 
 763      00
 764 2c55 D1042038 		.ascii	"\321\004 8t x\000\007\301\017\007 \300\0010\030\201"
 764      74207800 
 764      07C10F07 
 764      20C00130 
 764      1881
ARM GAS  /tmp/ccaEXnhx.s 			page 57


 765 2c67 73617FC9 		.ascii	"sa\177\311\007\311\017\301s\241\177\001t\000\340\021"
 765      07C90FC1 
 765      73A17F01 
 765      7400E011 
 766 2c77 E0EFF310 		.ascii	"\340\357\363\020\201\314\007\344\017r\266\001!As\030"
 766      81CC07E4 
 766      0F72B601 
 766      21417318 
 767 2c87 21069B04 		.ascii	"!\006\233\004\232\003\230\000\360#\377\007F\000,\211"
 767      9A039800 
 767      F023FF07 
 767      46002C89 
 768 2c97 D162B687 		.ascii	"\321b\266\207\347\003\230\001\360q\370\003%\000(\022"
 768      E7039801 
 768      F071F803 
 768      25002812 
 769 2ca7 D001F072 		.ascii	"\320\001\360r\370\000(6\320\243H\000h\243I\210B\014"
 769      F8002836 
 769      D0A34800 
 769      68A34988 
 769      420C
 770 2cb9 D0A14801 		.ascii	"\320\241H\001xD)\005\321AxS)\002\321\200xC(\002\320"
 770      78442905 
 770      D1417853 
 770      2902D180 
 770      78432802 
 771 2cce 0D980560 		.ascii	"\015\230\005`k\347\003!\011\002& q\030\210s\004!\003"
 771      6BE70321 
 771      09022620 
 771      71188873 
 771      042103
 772 2ce1 9801F05B 		.ascii	"\230\001\360[\3700F@0\301})C\301u\"x\000*\007\320} "
 772      F8304640 
 772      30C17D29 
 772      43C17522 
 772      78002A07 
 773 2cf8 40014243 		.ascii	"@\001BC\222K\013!\003\230\000\360I\377\216H\220I\001"
 773      924B0B21 
 773      039800F0 
 773      49FF8E48 
 773      904901
 774 2d0b 60039931 		.ascii	"`\003\23111\301p\031!\001 I\001q\030HuF\347\015\230"
 774      31C17019 
 774      21012049 
 774      01711848 
 774      7546E70D 
 775 2d20 7F490160 		.ascii	"\177I\001`B\347\010\265\211H\000j\000\220\010\275\010"
 775      42E708B5 
 775      8948006A 
 775      009008BD 
 775      08
 776 2d31 B57C4A6B 		.ascii	"\265|JkF\022\037\022h\000\222\000\"\200\000\033X\012"
 776      46121F12 
 776      68009200 
 776      2280001B 
 776      580A
 777 2d43 E0884206 		.ascii	"\340\210B\006\321\220\000\020\030@\034\030\030\001\360"
ARM GAS  /tmp/ccaEXnhx.s 			page 58


 777      D1900010 
 777      18401C18 
 777      1801F0
 778 2d52 2AF808BD 		.ascii	"*\370\010\275R\034\322\262\220\000\020\030\030\\\377"
 778      521CD2B2 
 778      90001018 
 778      185CFF
 779 2d61 28EFD100 		.ascii	"(\357\321\000 \010\275\367\265zI\006F\015FHn\202\260"
 779      2008BDF7 
 779      B57A4906 
 779      460D4648 
 779      6E82B0
 780 2d74 6035896E 		.ascii	"`5\211nwO\001\221\000\2208}\003\231D\007d\0170F\001"
 780      774F0191 
 780      0090387D 
 780      03994407 
 780      640F3046 
 781 2d89 F014F801 		.ascii	"\360\024\370\001\220\003\230 (\002\320)(5\321\024\340"
 781      90039820 
 781      2802D029 
 781      2835D114 
 781      E0
 782 2d9a 70480078 		.ascii	"pH\000x\000\007\006\325\002,\001\320\003,\002\3218}"
 782      000706D5 
 782      022C01D0 
 782      032C02D1 
 782      387D
 783 2dac 400704D0 		.ascii	"@\007\004\320\004!0F\001\360\004\370$\340\011!0F\001"
 783      04213046 
 783      01F004F8 
 783      24E00921 
 783      304601
 784 2dbf F005F81F 		.ascii	"\360\005\370\037\340YI\250\210NCWI\300\005q\030\011"
 784      E05949A8 
 784      884E4357 
 784      49C00571 
 784      1809
 785 2dd1 6D400FC9 		.ascii	"m@\017\311\002\022\325\002(\023\321hF\000\210\300\005"
 785      0212D502 
 785      2813D168 
 785      460088C0 
 785      05
 786 2de2 400F0228 		.ascii	"@\017\002(\004\320]I\000 \010`]I\010`]JP!\011 \000\360"
 786      04D05D49 
 786      00200860 
 786      5D490860 
 786      5D4A5021 
 787 2dfa 1AFE02E0 		.ascii	"\032\376\002\340\011 \000\360\212\377\001\230\005\260"
 787      092000F0 
 787      8AFF0198 
 787      05B0
 788 2e08 F0BD4849 		.ascii	"\360\275HI\020\265FJAC\214\030\340!\011Y\313\006\012"
 788      10B5464A 
 788      41438C18 
 788      E0210959 
 788      CB060A
 789 2e1b 0C0906DB 		.ascii	"\014\011\006\333\016\211\017\001+\024\321\377#\033\002"
ARM GAS  /tmp/ccaEXnhx.s 			page 59


 789      0E890F01 
 789      2B14D1FF 
 789      231B02
 790 2e2a 9A4210D1 		.ascii	"\232B\020\321\002)\001\320\003)\014\321@I\011\\`)\010"
 790      022901D0 
 790      03290CD1 
 790      4049095C 
 790      602908
 791 2e3d D000F0CB 		.ascii	"\320\000\360\313\377\000(\004\321\3774A4\340x\002(\001"
 791      FF002804 
 791      D1FF3441 
 791      34E07802 
 791      2801
 792 2e4f D0012010 		.ascii	"\320\001 \020\275\000 \020\275\370\265\334!\002FJCB"
 792      BD002010 
 792      BDF8B5DC 
 792      2102464A 
 792      4342
 793 2e61 4955182C 		.ascii	"IU\030,F 4'y.|!~\000\221\000\360\270\377h~\001(\000"
 793      46203427 
 793      792E7C21 
 793      7E009100 
 793      F0B8FF68 
 794 2e79 D1277168 		.ascii	"\321'qhy\001(\000\321.t`{\001(\001\321\000\230 v\370"
 794      79012800 
 794      D12E7460 
 794      7B012801 
 794      D1009820 
 795 2e8f BDFFB581 		.ascii	"\275\377\265\201\260\007F\003\230\002(\001\320\001 "
 795      B0074603 
 795      98022801 
 795      D00120
 796 2e9e B2E79720 		.ascii	"\262\347\227 \300\0009FAC$H\010\0300IE\030/I\0139A\030"
 796      C0003946 
 796      41432448 
 796      08183049 
 796      45182F49 
 797 2eb6 00910721 		.ascii	"\000\221\007!\311\001D\030\012\231\311\003\311\035\341"
 797      C9014418 
 797      0A99C903 
 797      C91DE1
 798 2ec5 80A28807 		.ascii	"\200\242\210\007!\011\003\212C\012\231\000)\000\320"
 798      2109038A 
 798      430A9900 
 798      2900D0
 799 2ed4 02210903 		.ascii	"\002!\011\003\012C\242\200\023I:FJC\021IV\030q\"\322"
 799      0A43A280 
 799      13493A46 
 799      4A431149 
 799      56187122 
 800 2ee9 00314680 		.ascii	"\0001F\200\030B1\006\"\000\360;\377\006!\036JyC\211"
 800      18423106 
 800      2200F03B 
 800      FF06211E 
 800      4A794389 
 801 2efd 18009849 		.ascii	"\030\000\230Iy\001s\377 \0240\200]\001(4\320\000 (p"
 801      790173FF 
ARM GAS  /tmp/ccaEXnhx.s 			page 60


 801      20143080 
 801      5D012834 
 801      D0002028 
 802 2f12 0A980028 		.ascii	"\012\230\000(6\320\240\210@\004C\0175\340!CMD4O\002"
 802      36D0A088 
 802      4004430F 
 802      35E02143 
 802      4D44344F 
 803 2f27 202C1002 		.ascii	" ,\020\002 \344\004\000\000\000\007\006@\000\006\006"
 803      20E40400 
 803      00000706 
 803      40000606 
 804 2f37 40F51D02 		.ascii	"@\365\035\002 \020\025\002 \240\000\002 APP \261\312"
 804      20101502 
 804      20A00002 
 804      20415050 
 804      20B1CA
 805 2f4a 01004453 		.ascii	"\001\000DSC \000\200\003 \310\031\002 \350\032\002 "
 805      43200080 
 805      0320C819 
 805      0220E81A 
 805      0220
 806 2f5c 504F0220 		.ascii	"PO\002 LO\002 HO\002 ;*\002 \014\035\002 \215\003\000"
 806      4C4F0220 
 806      484F0220 
 806      3B2A0220 
 806      0C1D0220 
 807 2f73 00404F02 		.ascii	"\000@O\002 \031!I\001q\030(x\211}\010C\304\347\340\210"
 807      20192149 
 807      01711828 
 807      78897D08 
 807      43C4E7E0 
 808 2f88 C305DB0D 		.ascii	"\303\005\333\015\001 \000\2208F\003\232\002\231\000"
 808      01200090 
 808      3846039A 
 808      029900
 809 2f97 F02BFF00 		.ascii	"\360+\377\000 3\347\000\000\203\007\377\"\333\016\232"
 809      2033E700 
 809      008307FF 
 809      22DB0E9A 
 810 2fa7 40890709 		.ascii	"@\211\007\011\016\231@\000(\013\332\000\007\000\017"
 810      0E994000 
 810      280BDA00 
 810      07000F
 811 2fb6 08388308 		.ascii	"\0108\203\010\016H\233\000\030\030\303i\223C\013C\303"
 811      0E489B00 
 811      1818C369 
 811      93430B43 
 811      C3
 812 2fc7 61704783 		.ascii	"apG\203\010\012H\233\000\030\030\003h\223C\013C\003"
 812      080A489B 
 812      00181803 
 812      6893430B 
 812      4303
 813 2fd9 60704710 		.ascii	"`pG\020\265\000\360\015\377\000!\031 \377\367\333\377"
 813      B500F00D 
 813      FF002119 
ARM GAS  /tmp/ccaEXnhx.s 			page 61


 813      20FFF7DB 
 813      FF
 814 2fea 00211A20 		.ascii	"\000!\032 \377\367\327\377\020\275\000\355\000\340\000"
 814      FFF7D7FF 
 814      10BD00ED 
 814      00E000
 815 2ff9 E400E010 		.ascii	"\344\000\340\020\2651H\201iI\034\000$\201a\001! F\000"
 815      B5314881 
 815      69491C00 
 815      24816101 
 815      21204600 
 816 300d F0FCFE64 		.ascii	"\360\374\376d\034$\006$\016\367\320+H\000\360\373\376"
 816      1C240624 
 816      0EF7D02B 
 816      4800F0FB 
 816      FE
 817 301e 00F0FFFE 		.ascii	"\000\360\377\376\020\275p\265\006F\377 \2210\000\360"
 817      10BD70B5 
 817      0646FF20 
 817      913000F0 
 818 302e F2FE2648 		.ascii	"\362\376&H1\002\015\030lh`\000\200\017\004\320\344\000"
 818      31020D18 
 818      6C686000 
 818      800F04D0 
 818      E400
 819 3040 E4083046 		.ascii	"\344\0100F\000\360\362\376\000\360\366\376\011 \300"
 819      00F0F2FE 
 819      00F0F6FE 
 819      0920C0
 820 304f 06044223 		.ascii	"\006\004B#\320\001!0F\000\360\364\376\034I0FHC\034I"
 820      D0012130 
 820      4600F0F4 
 820      FE1C4930 
 820      4648431C 
 821 3064 22014018 		.ascii	"\"\001@\030\003!\011\002A\030\000*\001\332\007 \002"
 821      03210902 
 821      4118002A 
 821      01DA0720 
 821      02
 822 3075 E0600001 		.ascii	"\340`\000\001\325\010 \210s\377!0F\000\360\345\376\024"
 822      D5082088 
 822      73FF2130 
 822      4600F0E5 
 822      FE14
 823 3087 4B144A28 		.ascii	"K\024J(!0F\000\360\203\375\001 \300\006h`\300\000h`"
 823      21304600 
 823      F083FD01 
 823      20C00668 
 823      60C00068 
 824 309c 600102D5 		.ascii	"`\001\002\325\001 \200\006h`\240\000\002\325\001 @\007"
 824      01208006 
 824      6860A000 
 824      02D50120 
 824      4007
 825 30ae 6860E001 		.ascii	"h`\340\001\005\3250F\000\360\321\376\001 \000\006h`"
 825      05D53046 
 825      00F0D1FE 
ARM GAS  /tmp/ccaEXnhx.s 			page 62


 825      01200006 
 825      6860
 826 30c0 70BD0000 		.ascii	"p\275\000\000|&\002 \000q\002\000\000\011\011@\344\004"
 826      7C260220 
 826      00710200 
 826      00090940 
 826      E404
 827 30d2 00002C10 		.ascii	"\000\000,\020\002 a\327\001\000\270\010\000\000\020"
 827      022061D7 
 827      0100B808 
 827      000010
 828 30e1 B50C490D 		.ascii	"\265\014I\015L\012\\\013I\001#AC\011\031\3771a1?*\004"
 828      4C0A5C0B 
 828      49012341 
 828      430919FF 
 828      3161313F 
 829 30f7 D0322A04 		.ascii	"\3202*\004\320J*\004\320\004\340\013u\002\340\213t\000"
 829      D04A2A04 
 829      D004E00B 
 829      7502E08B 
 829      7400
 830 3109 E0CB7400 		.ascii	"\340\313t\000\360\254\376\020\275\000\000\365\035\002"
 830      F0ACFE10 
 830      BD0000F5 
 830      1D02
 831 3117 20E40400 		.ascii	" \344\004\000\000,\020\002 \377\265\007F1I0H\035xyC"
 831      002C1002 
 831      20FFB507 
 831      46314930 
 831      481D7879 
 832 312c 0E1883B0 		.ascii	"\016\030\203\260\034F\020-\015\321\010\"\241\034hF\000"
 832      1C46102D 
 832      0DD10822 
 832      A11C6846 
 832      00
 833 313d F016FE68 		.ascii	"\360\026\376hF\000\210\000\006\004\325\377 \0170\200"
 833      46008800 
 833      0604D5FF 
 833      200F3080 
 834 314d 5D002808 		.ascii	"]\000(\010\320#F8F\005\232\004\231\000\360\213\376\006"
 834      D0234638 
 834      46059A04 
 834      9900F08B 
 834      FE06
 835 315f 000ED03F 		.ascii	"\000\016\320?\340\022! F\000\360\006\376\015 \200\001"
 835      E0122120 
 835      4600F006 
 835      FE0D2080 
 835      01
 836 3170 30180169 		.ascii	"0\030\001i\010\"\021C\001a\003 \007\260\360\275\032"
 836      08221143 
 836      01610320 
 836      07B0F0BD 
 836      1A
 837 3181 48611C47 		.ascii	"Ha\034GC\030H8\030@0\007-\002\320\022-'\321\015\340"
 837      43184838 
 837      18403007 
ARM GAS  /tmp/ccaEXnhx.s 			page 63


 837      2D02D012 
 837      2D27D10D 
 838 3196 C07D8007 		.ascii	"\300}\200\007\200\017\002(!\321`x\242xkFZp\001\"\020"
 838      800F0228 
 838      21D16078 
 838      A2786B46 
 838      5A700122 
 839 31ab 43187008 		.ascii	"C\030p\010p\030\340\200~\301\007\003\320\000\007@\017"
 839      7018E080 
 839      7EC10703 
 839      D0000740 
 839      0F
 840 31bc 042811D1 		.ascii	"\004(\021\321\000 \000\220\001\220iF\002\220\210x\367"
 840      00200090 
 840      01906946 
 840      02908878 
 840      F7
 841 31cd 21084069 		.ascii	"!\010@iF\210p`x\010p\240xHp\011\"`\034\000\360\304\375"
 841      46887060 
 841      780870A0 
 841      78487009 
 841      22601C00 
 842 31e4 3046C9E7 		.ascii	"0F\311\347,\020\002 \344\004\000\000\020\265\004F\006"
 842      2C100220 
 842      E4040000 
 842      10B50446 
 842      06
 843 31f5 49002008 		.ascii	"I\000 \010U F\000\360@\376\000,\004\321\003H\001y\211"
 843      55204600 
 843      F040FE00 
 843      2C04D103 
 843      48017989 
 844 3209 08890001 		.ascii	"\010\211\000\001q\020\275XO\002 (\032\002 \203\007\377"
 844      7110BD58 
 844      4F022028 
 844      1A022083 
 844      07FF
 845 321b 22DB0E9A 		.ascii	"\"\333\016\232@\211\007\011\016\231@\000(\013\332\000"
 845      40890709 
 845      0E994000 
 845      280BDA00 
 846 322b 07000F08 		.ascii	"\007\000\017\0108\203\010\226H\233\000\030\030\303i"
 846      38830896 
 846      489B0018 
 846      18C369
 847 323a 93430B43 		.ascii	"\223C\013C\303apG\203\010\222H\233\000\030\030\003h"
 847      C3617047 
 847      83089248 
 847      9B001818 
 847      0368
 848 324c 93430B43 		.ascii	"\223C\013C\003`pG\217I\220JAC\211\030\031\"\020\265"
 848      03607047 
 848      8F49904A 
 848      41438918 
 848      192210B5 
 849 3260 52018A18 		.ascii	"R\001\212\030\022x`*\002\320\000\360\017\376\020\275"
 849      1278602A 
ARM GAS  /tmp/ccaEXnhx.s 			page 64


 849      02D000F0 
 849      0FFE10BD 
 850 3270 03221202 		.ascii	"\003\"\022\002\211\030\312}\001*\010\320\002*\366\321"
 850      8918CA7D 
 850      012A08D0 
 850      022AF6D1 
 851 3280 897E0029 		.ascii	"\211~\000)\363\321\033!\000\360\006\376\020\275I~\367"
 851      F3D11B21 
 851      00F006FE 
 851      10BD497E 
 851      F7
 852 3291 E710B504 		.ascii	"\347\020\265\004F\000\360\005\376~I FHC}IA\030\031 "
 852      4600F005 
 852      FE7E4920 
 852      4648437D 
 852      49411819 
 853 32a6 40010818 		.ascii	"@\001\010\030\000xN(\007\321\000! F\000\360\374\375"
 853      00784E28 
 853      07D10021 
 853      204600F0 
 853      FCFD
 854 32b8 01212046 		.ascii	"\001! F\000\360\376\375\020\275\020\265\357\363\020"
 854      00F0FEFD 
 854      10BD10B5 
 854      EFF310
 855 32c7 82D407E4 		.ascii	"\202\324\007\344\017r\266\014)\015\320\006\334\011)"
 855      0F72B60C 
 855      290DD006 
 855      DC0929
 856 32d6 0AD00A29 		.ascii	"\012\320\012)\010\320\013)\016\321\005\340\015)\003"
 856      08D00B29 
 856      0ED105E0 
 856      0D2903
 857 32e5 D01E2901 		.ascii	"\320\036)\001\320\037)\007\321iJiKBC\322\030@2\222~"
 857      D01F2907 
 857      D1694A69 
 857      4B4243D2 
 857      18403292 
 858 32fa D20701D0 		.ascii	"\322\007\001\320\000\360\343\375\000,\000\321b\266\020"
 858      00F0E3FD 
 858      002C00D1 
 858      62B610
 859 3309 BD70B50C 		.ascii	"\275p\265\014F\005F\012!\000\360\321\374!F(F\000\360"
 859      4605460A 
 859      2100F0D1 
 859      FC214628 
 859      4600F0
 860 331c DBFD70BD 		.ascii	"\333\375p\275p\265\005F[H)FAC[H\016\030\003 \000\002"
 860      70B50546 
 860      5B482946 
 860      41435B48 
 860      0E180320 
 861 3332 3018817E 		.ascii	"0\030\201~B~\221B\001\331\001$\000\340\000$\000,\001"
 861      427E9142 
 861      01D90124 
 861      00E00024 
 861      002C01
ARM GAS  /tmp/ccaEXnhx.s 			page 65


 862 3345 D0022100 		.ascii	"\320\002!\000\340\001!\301u(F\000\360\306\375OHPIhC"
 862      E00121C1 
 862      75284600 
 862      F0C6FD4F 
 862      48504968 
 863 335a 41184031 		.ascii	"A\030@1\210~\000,\006\320\020\"\020C\210v\001\"+F\021"
 863      887E002C 
 863      06D01022 
 863      10438876 
 863      01222B46 
 864 336f 4605E0EF 		.ascii	"F\005\340\357\"\020@\210v\001\"+F\000!\003 \000\360"
 864      22104088 
 864      7601222B 
 864      46002103 
 864      2000F0
 865 3382 DAFB1720 		.ascii	"\332\373\027 @\0010\030\000{\000\007\201\017(F\000\360"
 865      40013018 
 865      007B0007 
 865      810F2846 
 865      00F0
 866 3394 17FA70BD 		.ascii	"\027\372p\275\020\265@I\011~I\006\013\325<J=IPC;J\300"
 866      10B54049 
 866      097E4906 
 866      0BD53C4A 
 866      3D495043 
 867 33ab 31801819 		.ascii	"1\200\030\031\"R\001\011y\200\030\001r\020\275\000\360"
 867      22520109 
 867      79801801 
 867      7210BD00 
 867      F0
 868 33bc 97FD10BD 		.ascii	"\227\375\020\275\020\265\004F\000\360\230\3752H3I`C"
 868      10B50446 
 868      00F098FD 
 868      32483349 
 868      6043
 869 33ce 4118086D 		.ascii	"A\030\010m\200\000\027\324\3771\3011\310{\300C\200\007"
 869      800017D4 
 869      FF31C131 
 869      C87BC043 
 869      8007
 870 33e0 11D10A69 		.ascii	"\021\321\012iP\000@\017\002(\003\320\001(\003\320P!"
 870      5000400F 
 870      022803D0 
 870      012803D0 
 870      5021
 871 33f2 04E05421 		.ascii	"\004\340T!\000\340R!\220\004\003\325\001\" F\000\360"
 871      00E05221 
 871      900403D5 
 871      01222046 
 871      00F0
 872 3404 7FFD10BD 		.ascii	"\177\375\020\275\020\265\004F\000\360\200\375\000(\011"
 872      10B50446 
 872      00F080FD 
 872      002809
 873 3413 D01F494C 		.ascii	"\320\037ILC\037Ia\030\3771\0011\211{\000)\000\321\000"
 873      431F4961 
 873      18FF3101 
ARM GAS  /tmp/ccaEXnhx.s 			page 66


 873      31897B00 
 873      2900D100 
 874 3427 2010BD10 		.ascii	" \020\275\020\265\004F\000\360u\375\030H\030I`C@\030"
 874      B5044600 
 874      F075FD18 
 874      48184960 
 874      434018
 875 343a 17214901 		.ascii	"\027!I\001@\030\000{\000\007\201\017 F\000\360\274\371"
 875      4018007B 
 875      0007810F 
 875      204600F0 
 875      BCF9
 876 344c 10BD70B5 		.ascii	"\020\275p\265\005Fr\266\000!\032 \377\367\336\376b\266"
 876      054672B6 
 876      00211A20 
 876      FFF7DEFE 
 876      62B6
 877 345e 01220620 		.ascii	"\001\"\006 \017IhCD\030\"q(F\000\360\\\375\000  q\031"
 877      0F496843 
 877      44182271 
 877      284600F0 
 877      5CFD0020 
 878 3475 212846FE 		.ascii	"!(F\376\367\300\375r\266\003!\032 \377\367\311\376b"
 878      F7C0FD72 
 878      B603211A 
 878      20FFF7C9 
 878      FE62
 879 3487 B670BD00 		.ascii	"\266p\275\000\000\000\355\000\340\000\344\000\340\344"
 879      0000ED00 
 879      E000E400 
 879      E0E4
 880 3495 0400002C 		.ascii	"\004\000\000,\020\002 \310\031\002 @O\002 |\265\004"
 880      100220C8 
 880      19022040 
 880      4F02207C 
 880      B504
 881 34a7 462AA205 		.ascii	"F*\242\005\312\003&\001\222\000\220\000)$\320)H)J`C"
 881      CA032601 
 881      92009000 
 881      2924D029 
 881      48294A60 
 882 34bc 8018FF22 		.ascii	"\200\030\377\"\0242\022\\\000*\010\321&K\242\000\232"
 882      1432125C 
 882      002A08D1 
 882      264BA200 
 882      9A
 883 34cd 58520052 		.ascii	"XR\000R\017\001*\001\330$M\024\340\3770a0\300~\200\011"
 883      0F012A01 
 883      D8244D14 
 883      E0FF3061 
 883      30C07E80 
 884 34e2 032800D0 		.ascii	"\003(\000\320\0129\006  J`C\200\030\200xjF@\007@\017"
 884      0A390620 
 884      204A6043 
 884      80188078 
 884      6A464007 
 885 34f8 105C4843 		.ascii	"\020\\HCE\010\001\340\000%\002&\002! F\000\360\024\375"
ARM GAS  /tmp/ccaEXnhx.s 			page 67


 885      450801E0 
 885      00250226 
 885      02212046 
 885      00F014FD 
 886 350c 032E0DD1 		.ascii	"\003.\015\321\027HEC\250\014\377(\000\331\377 \025J"
 886      17484543 
 886      A80CFF28 
 886      00D9FF20 
 886      154A
 887 351e 21028918 		.ascii	"!\002\211\030Ha1F F\000\360\004\375|\275\013I\013JA"
 887      48613146 
 887      204600F0 
 887      04FD7CBD 
 887      0B490B4A 
 888 3533 43891810 		.ascii	"C\211\030\020\265\3771\0011\312|\016I\001*\004\320\010"
 888      B5FF3101 
 888      31CA7C0E 
 888      49012A04 
 888      D008
 889 3545 220A7000 		.ascii	"\"\012p\000\360\372\374\020\275\005\"\371\347\000\000"
 889      F0FAFC10 
 889      BD0522F9 
 889      E70000
 890 3554 5F5A5550 		.ascii	"_ZUPKF<2\344\004\000\000,\020\002 \354\035\002 \023"
 890      4B463C32 
 890      E4040000 
 890      2C100220 
 890      EC1D0220 
 891 3569 0D000040 		.ascii	"\015\000\000@O\002 g\012\000\000\200\011\011@\004\000"
 891      4F022067 
 891      0A000080 
 891      09094004 
 891      00
 892 357a 022010B5 		.ascii	"\002 \020\265\004F\000\360\344\374MH\013!DCMH\211\001"
 892      044600F0 
 892      E4FC4D48 
 892      0B214443 
 892      4D488901 
 893 358e 20184118 		.ascii	" \030A\030\011\215\211\007\012\321\021!I\001A\030I|"
 893      098D8907 
 893      0AD11121 
 893      49014118 
 893      497C
 894 35a0 002904D0 		.ascii	"\000)\004\320\027\"\000!R\001\200\030Ar\020\275\020"
 894      17220021 
 894      52018018 
 894      417210BD 
 894      10
 895 35b1 B5044600 		.ascii	"\265\004F\000\360\320\374@HDC@H!\030\312\035\3772\372"
 895      F0D0FC40 
 895      48444340 
 895      482118CA 
 895      1DFF32FA 
 896 35c5 32D36B10 		.ascii	"2\323k\020 \203C 1\010y\300\007\300\016\003C\323c\020"
 896      20834320 
 896      310879C0 
 896      07C00E03 
ARM GAS  /tmp/ccaEXnhx.s 			page 68


 896      43D36310 
 897 35d9 BD384A38 		.ascii	"\2758J8KBC\322\030\020\265\377#\0253\233\\\001+\002"
 897      4B4243D2 
 897      1810B5FF 
 897      2315339B 
 897      5C012B02 
 898 35ed D000F0B9 		.ascii	"\320\000\360\271\374\020\275\217!\211\000Q\030\013h"
 898      FC10BD8F 
 898      21890051 
 898      180B68
 899 35fc 80218B43 		.ascii	"\200!\213C0I\000\"\011\\\311\007\011\016\013C\377!\001"
 899      30490022 
 899      095CC907 
 899      090E0B43 
 899      FF2101
 900 360f 318B432D 		.ascii	"1\213C-I\011\\\311\007\311\015\013Cx!\213C\020!\000"
 900      49095CC9 
 900      07C90D0B 
 900      4378218B 
 900      43102100 
 901 3623 F0A5FC10 		.ascii	"\360\245\374\020\275\376\265\006FiF\000\360\245\374"
 901      BDFEB506 
 901      46694600 
 901      F0A5FC
 902 3632 22482249 		.ascii	"\"H\"IpCD\030a \000]\300\007'\320\036H\341\035\036J"
 902      70434418 
 902      6120005D 
 902      C00727D0 
 902      1E48E11D 
 903 3648 F9317043 		.ascii	"\3711pC\001\221\205\030\011}\3775\3015\001)\014\321"
 903      01918518 
 903      097DFF35 
 903      C1350129 
 903      0CD1
 904 365a EFF31080 		.ascii	"\357\363\020\200\307\007\377\017r\266\351k\002\2210"
 904      C707FF0F 
 904      72B6E96B 
 904      029130
 905 3669 4600F08D 		.ascii	"F\000\360\215\374\000/\000\321b\266\001\230\000}\000"
 905      FC002F00 
 905      D162B601 
 905      98007D00 
 906 3679 280AD1A8 		.ascii	"(\012\321\250k\000\231\210B\006\320\021 @\001 \030\201"
 906      6B009988 
 906      4206D011 
 906      20400120 
 906      1881
 907 368b 7C042211 		.ascii	"|\004\"\021C\201t0F\000\360z\372\376\275\010I\010JA"
 907      43817430 
 907      4600F07A 
 907      FAFEBD08 
 907      49084A41 
 908 369f 43891811 		.ascii	"C\211\030\021\"\020\265\222\001\211\030Ih\211\000I\017"
 908      2210B592 
 908      01891849 
 908      68890049 
 908      0F
ARM GAS  /tmp/ccaEXnhx.s 			page 69


 909 36b0 042901D1 		.ascii	"\004)\001\321\000\360n\374\020\275\000\000\344\004\000"
 909      00F06EFC 
 909      10BD0000 
 909      E40400
 910 36bf 002C1002 		.ascii	"\000,\020\002 \225%\002 \226%\002 p\265\005F\000)\003"
 910      20952502 
 910      20962502 
 910      2070B505 
 910      46002903 
 911 36d3 D0012100 		.ascii	"\320\001!\000\360c\374p\275\377\367\224\376\000(\372"
 911      F063FC70 
 911      BDFFF794 
 911      FE0028FA 
 912 36e3 D0C0482C 		.ascii	"\320\300H,FDC\300H!\030\011m\211\002\362\325\000]@\006"
 912      464443C0 
 912      48211809 
 912      6D8902F2 
 912      D5005D40 
 913 36f8 04D5BD49 		.ascii	"\004\325\275I\250\000\010X@\001\352\324\000!(F\000\360"
 913      A8000858 
 913      4001EAD4 
 913      00212846 
 913      00F0
 914 370a 50FC70BD 		.ascii	"P\374p\275\370\265\034F\025F\000)\"\320\001) \320\002"
 914      F8B51C46 
 914      15460029 
 914      22D00129 
 914      20D002
 915 371d 291ED0B1 		.ascii	")\036\320\261I\264KAC\261J\206\000\230Y\217\030A\000"
 915      49B44B41 
 915      43B14A86 
 915      0098598F 
 915      184100
 916 3730 490F8900 		.ascii	"I\017\211\000z\030\207!\211\\\211\011\036\320\002)\034"
 916      7A188721 
 916      895C8909 
 916      1ED00229 
 916      1C
 917 3741 D0012921 		.ascii	"\320\001)!\320@\006@\0162!HC(`\230Y\000\003@\015\024"
 917      D0400640 
 917      0E322148 
 917      43286098 
 917      59000340 
 918 3757 21484320 		.ascii	"!HC `\370\275J\000H\036\001\325\000!\000\340I\036P\030"
 918      60F8BD4A 
 918      00481E01 
 918      D5002100 
 918      E0491E50 
 919 376c 401CFF21 		.ascii	"@\034\377!\3651HC(`\240H\030`\370\275\000\003\200\015"
 919      F5314843 
 919      2860A048 
 919      1860F8BD 
 919      0003800D 
 920 3780 0A214843 		.ascii	"\012!HC(`\230Y\017\340\2012Qy\022y\011\002\021C\000"
 920      28609859 
 920      0FE08132 
 920      51791279 
ARM GAS  /tmp/ccaEXnhx.s 			page 70


 920      09021143 
 921 3795 03984A09 		.ascii	"\003\230J\011\005\200\015\211\015PC\000\360\012\374"
 921      05800D89 
 921      0D504300 
 921      F00AFC
 922 37a4 28609348 		.ascii	"(`\223H\200Y@\000@\017\200\0008\030\2010Ay\002y\010"
 922      80594000 
 922      400F8000 
 922      38188130 
 922      41790279 
 923 37b9 02104300 		.ascii	"\002\020C\000\005\200\0152!\311\347\360\265\215\260"
 923      05800D32 
 923      21C9E7F0 
 923      B58DB0
 924 37c8 07460020 		.ascii	"\007F\000 \004F\012\220\012\253\013\2528F\377\367\232"
 924      04460A90 
 924      0AAB0BAA 
 924      3846FFF7 
 924      9A
 925 37d9 FF69460F 		.ascii	"\377iF\017pV Hp\211x\312\010\322\000iF\212p\017uHu\210"
 925      70562048 
 925      708978CA 
 925      08D20069 
 925      468A700F 
 926 37f1 7DC008C0 		.ascii	"}\300\010\300\000\210uk \310p\310u\177H\003&\000y\002"
 926      0088756B 
 926      20C870C8 
 926      757F4803 
 926      26007902 
 927 3805 25400740 		.ascii	"%@\007@\017\000(T\320\001(x\320\002(N\321\002\"\010"
 927      0F002854 
 927      D0012878 
 927      D002284E 
 927      D1022208 
 928 3819 21384600 		.ascii	"!8F\000\360\034\372\006 iFHq\005 Hv\013\230d!HC}!\311"
 928      F01CFA06 
 928      20694648 
 928      71052048 
 928      760B9864 
 929 3833 0000F0C0 		.ascii	"\000\000\360\300\373\013\220d!\012\230\000\360\273\373"
 929      FB0B9064 
 929      210A9800 
 929      F0BBFB
 930 3842 5C214843 		.ascii	"\\!HCd!\000\360\266\373iF\012\220\001$\016q\015v\010"
 930      642100F0 
 930      B6FB6946 
 930      0A900124 
 930      0E710D76 
 931 3857 79022877 		.ascii	"y\002(w\320\010\252\010\031\022{\202q\010\252R{\302"
 931      D008AA08 
 931      19127B82 
 931      7108AA52 
 931      7BC2
 932 3869 71C0792A 		.ascii	"q\300y*\033Q\030HqhF\000~\002(k\320\005\251\010\252"
 932      1B511848 
 932      71684600 
 932      7E02286B 
ARM GAS  /tmp/ccaEXnhx.s 			page 71


 932      D005A908 
 933 387e 0819127A 		.ascii	"\010\031\022z\202q\010\252Rz\302q\300y*\033Q\030Hqh"
 933      827108AA 
 933      527AC271 
 933      C0792A1B 
 933      51184871 
 934 3893 4600F01A 		.ascii	"F\000\360\032\371\004F\005\250\000\360\026\371\004C"
 934      F9044605 
 934      A800F016 
 934      F90443
 935 38a2 07D05648 		.ascii	"\007\320VH\001x\000)\003\321\001!\001p\000\360\030\371"
 935      01780029 
 935      03D10121 
 935      017000F0 
 935      18F9
 936 38b4 0DB0F0BD 		.ascii	"\015\260\360\275\000\"\010!8F\000\360\313\371\017 i"
 936      00220821 
 936      384600F0 
 936      CBF90F20 
 936      69
 937 38c5 4648710A 		.ascii	"FHq\012 Hv\013\230d!HCLI\000\360p\373\3778\3778\002"
 937      2048760B 
 937      98642148 
 937      434C4900 
 937      F070FBFF 
 938 38dd 380B9019 		.ascii	"8\013\220\031 \012\231\300\001\010\032\\!HCd!\000\360"
 938      200A99C0 
 938      01081A5C 
 938      21484364 
 938      2100F0
 939 38f0 63FBFF21 		.ascii	"c\373\377!\211\001\010@iF\012\220\016v\015q\251\347"
 939      89010840 
 939      69460A90 
 939      0E760D71 
 939      A9E7
 940 3902 FFE70122 		.ascii	"\377\347\001\"\010!8F\000\360\245\371\017 iFHq\012 "
 940      08213846 
 940      00F0A5F9 
 940      0F206946 
 940      48710A20 
 941 3916 48760B98 		.ascii	"Hv\013\230d!HC6I\000\360J\373\013\220\031 \012\231\300"
 941      64214843 
 941      364900F0 
 941      4AFB0B90 
 941      19200A99 
 942 392b 01081A5C 		.ascii	"\001\010\032\\!HCd!\000\360@\373\377!\211\001\010@i"
 942      21484364 
 942      2100F040 
 942      FBFF2189 
 942      01084069 
 943 393f 460A900D 		.ascii	"F\012\220\015q\016v\206\347\000\340\002\340\210\215"
 943      710E7686 
 943      E700E002 
 943      E0888D
 944 394e C8808FE7 		.ascii	"\310\200\217\347iF\010\215H\203\233\347\377\265\201"
 944      6946088D 
 944      48839BE7 
ARM GAS  /tmp/ccaEXnhx.s 			page 72


 944      FFB581
 945 395d B02A4E40 		.ascii	"\260*N@\000\012\235\017F0`\001)\004\320\020F\000\360"
 945      000A9D0F 
 945      46306001 
 945      2904D010 
 945      4600F0
 946 3970 29FB0128 		.ascii	")\373\001('\3200h\001!\010C0`\013 \002/\002\321\001"
 946      27D03068 
 946      01210843 
 946      30600B20 
 946      022F02D1 
 947 3985 2D00D107 		.ascii	"-\000\321\007 p`\000\360 \373\000(\002\320\004 p`\024"
 947      20706000 
 947      F020FB00 
 947      2802D004 
 947      20706014 
 948 3999 E0B06804 		.ascii	"\340\260h\004\231\001$\010p\001-\006\320o\036\254B\032"
 948      99012408 
 948      70012D06 
 948      D06F1EAC 
 948      421A
 949 39ab D2BC420C 		.ascii	"\322\274B\014\332\011 \013\340\002/\024\320\004 p`\000"
 949      DA09200B 
 949      E0022F14 
 949      D0042070 
 949      6000
 950 39bd F008FB00 		.ascii	"\360\010\373\000(\016\320\001 \005\260\360\275\005 "
 950      280ED001 
 950      2005B0F0 
 950      BD0520
 951 39cc 706000F0 		.ascii	"p`\000\360\377\372\000(\336\321\260h\004\231\010Ud\034"
 951      FFFA0028 
 951      DED1B068 
 951      04990855 
 951      641C
 952 39de E4B2E2E7 		.ascii	"\344\262\342\347\000 \357\347\000\000\344\004\000\000"
 952      0020EFE7 
 952      0000E404 
 952      0000
 953 39ec 2C100220 		.ascii	",\020\002 \354\035\002 \360\035\002 \210\023\000\000"
 953      EC1D0220 
 953      F01D0220 
 953      88130000 
 954 39fc 504F0220 		.ascii	"PO\002 \271 \002 \020'\000\000\000\000\007@\003\264"
 954      B9200220 
 954      10270000 
 954      00000740 
 954      03B4
 955 3a0e 01480190 		.ascii	"\001H\001\220\001\275\241\264\001\000\003\264\001H\001"
 955      01BDA1B4 
 955      010003B4 
 955      014801
 956 3a1d 9001BD3F 		.ascii	"\220\001\275?\270\001\000\003\264\001H\001\220\001\275"
 956      B8010003 
 956      B4014801 
 956      9001BD
 957 3a2c EBC50100 		.ascii	"\353\305\001\000\003\264\001H\001\220\001\275\371\333"
ARM GAS  /tmp/ccaEXnhx.s 			page 73


 957      03B40148 
 957      019001BD 
 957      F9DB
 958 3a3a 010003B4 		.ascii	"\001\000\003\264\001H\001\220\001\275\177\034\000\000"
 958      01480190 
 958      01BD7F1C 
 958      0000
 959 3a48 03B40148 		.ascii	"\003\264\001H\001\220\001\275\031\035\000\000\003\264"
 959      019001BD 
 959      191D0000 
 959      03B4
 960 3a56 01480190 		.ascii	"\001H\001\220\001\275\221\035\000\000\003\264\001H\001"
 960      01BD911D 
 960      000003B4 
 960      014801
 961 3a65 9001BDB7 		.ascii	"\220\001\275\267\353\001\000\003\264\001H\001\220\001"
 961      EB010003 
 961      B4014801 
 961      9001
 962 3a73 BDF1C901 		.ascii	"\275\361\311\001\000\003\264\001H\001\220\001\275\303"
 962      0003B401 
 962      48019001 
 962      BDC3
 963 3a81 CE010003 		.ascii	"\316\001\000\003\264\001H\001\220\001\275c\316\001\000"
 963      B4014801 
 963      9001BD63 
 963      CE0100
 964 3a90 03B40148 		.ascii	"\003\264\001H\001\220\001\275\265!\000\000\003\264\001"
 964      019001BD 
 964      B5210000 
 964      03B401
 965 3a9f 48019001 		.ascii	"H\001\220\001\275a)\000\000\003\264\001H\001\220\001"
 965      BD612900 
 965      0003B401 
 965      48019001 
 966 3aaf BD75CA01 		.ascii	"\275u\312\001\000\003\264\001H\001\220\001\275s\331"
 966      0003B401 
 966      48019001 
 966      BD73D9
 967 3abe 010003B4 		.ascii	"\001\000\003\264\001H\001\220\001\275\2315\000\000\003"
 967      01480190 
 967      01BD9935 
 967      000003
 968 3acd B4014801 		.ascii	"\264\001H\001\220\001\275i\315\001\000\003\264\001H"
 968      9001BD69 
 968      CD010003 
 968      B40148
 969 3adc 019001BD 		.ascii	"\001\220\001\275\371\312\001\000\003\264\001H\001\220"
 969      F9CA0100 
 969      03B40148 
 969      0190
 970 3aea 01BD05CD 		.ascii	"\001\275\005\315\001\000\003\264\001H\001\220\001\275"
 970      010003B4 
 970      01480190 
 970      01BD
 971 3af8 A5CC0100 		.ascii	"\245\314\001\000\003\264\001H\001\220\001\275\205]\000"
 971      03B40148 
ARM GAS  /tmp/ccaEXnhx.s 			page 74


 971      019001BD 
 971      855D00
 972 3b07 0003B401 		.ascii	"\000\003\264\001H\001\220\001\275W\325\001\000\003\264"
 972      48019001 
 972      BD57D501 
 972      0003B4
 973 3b16 01480190 		.ascii	"\001H\001\220\001\275/^\000\000\003\264\001H\001\220"
 973      01BD2F5E 
 973      000003B4 
 973      01480190 
 974 3b26 01BDC55F 		.ascii	"\001\275\305_\000\000\003\264\001H\001\220\001\275\253"
 974      000003B4 
 974      01480190 
 974      01BDAB
 975 3b35 CE010003 		.ascii	"\316\001\000\003\264\001H\001\220\001\275\267\316\001"
 975      B4014801 
 975      9001BDB7 
 975      CE01
 976 3b43 0003B401 		.ascii	"\000\003\264\001H\001\220\001\275\333\316\001\000\003"
 976      48019001 
 976      BDDBCE01 
 976      0003
 977 3b51 B4014801 		.ascii	"\264\001H\001\220\001\275\025\312\001\000\003\264\001"
 977      9001BD15 
 977      CA010003 
 977      B401
 978 3b5f 48019001 		.ascii	"H\001\220\001\2753\311\001\000\003\264\001H\001\220"
 978      BD33C901 
 978      0003B401 
 978      480190
 979 3b6e 01BD2767 		.ascii	"\001\275'g\000\000\003\264\001H\001\220\001\275!\333"
 979      000003B4 
 979      01480190 
 979      01BD21DB 
 980 3b7e 010003B4 		.ascii	"\001\000\003\264\001H\001\220\001\275\011\256\000\000"
 980      01480190 
 980      01BD09AE 
 980      0000
 981 3b8c 03B40148 		.ascii	"\003\264\001H\001\220\001\2751\345\001\000\003\264\001"
 981      019001BD 
 981      31E50100 
 981      03B401
 982 3b9b 48019001 		.ascii	"H\001\220\001\275\355\333\001\000\003\264\001H\001\220"
 982      BDEDDB01 
 982      0003B401 
 982      480190
 983 3baa 01BD39D8 		.ascii	"\001\2759\330\000\000\003\264\001H\001\220\001\275/"
 983      000003B4 
 983      01480190 
 983      01BD2F
 984 3bb9 CF010003 		.ascii	"\317\001\000\003\264\001H\001\220\001\275?\342\001\000"
 984      B4014801 
 984      9001BD3F 
 984      E20100
 985 3bc8 03B40148 		.ascii	"\003\264\001H\001\220\001\275\367\321\001\000\003\264"
 985      019001BD 
 985      F7D10100 
ARM GAS  /tmp/ccaEXnhx.s 			page 75


 985      03B4
 986 3bd6 01480190 		.ascii	"\001H\001\220\001\275\215i\000\000\003\264\001H\001"
 986      01BD8D69 
 986      000003B4 
 986      014801
 987 3be5 9001BDA9 		.ascii	"\220\001\275\251\355\000\000\003\264\001H\001\220\001"
 987      ED000003 
 987      B4014801 
 987      9001
 988 3bf3 BD81DB01 		.ascii	"\275\201\333\001\000\003\264\001H\001\220\001\275\207"
 988      0003B401 
 988      48019001 
 988      BD87
 989 3c01 71000003 		.ascii	"q\000\000\003\264\001H\001\220\001\275\227\243\000\000"
 989      B4014801 
 989      9001BD97 
 989      A30000
 990 3c10 03B40148 		.ascii	"\003\264\001H\001\220\001\275\005\274\000\000\003\264"
 990      019001BD 
 990      05BC0000 
 990      03B4
 991 3c1e 01480190 		.ascii	"\001H\001\220\001\275\367\320\001\000\003\264\001H\001"
 991      01BDF7D0 
 991      010003B4 
 991      014801
 992 3c2d 9001BDBF 		.ascii	"\220\001\275\277\322\001\000\003\264\001H\001\220\001"
 992      D2010003 
 992      B4014801 
 992      9001
 993 3c3b BDCBD001 		.ascii	"\275\313\320\001\000\003\264\001H\001\220\001\275\217"
 993      0003B401 
 993      48019001 
 993      BD8F
 994 3c49 DC010003 		.ascii	"\334\001\000\003\264\001H\001\220\001\275\357\300\000"
 994      B4014801 
 994      9001BDEF 
 994      C000
 995 3c57 0003B401 		.ascii	"\000\003\264\001H\001\220\001\275\257\307\001\000\003"
 995      48019001 
 995      BDAFC701 
 995      0003
 996 3c65 B4014801 		.ascii	"\264\001H\001\220\001\275\355\334\001\000\003\264\001"
 996      9001BDED 
 996      DC010003 
 996      B401
 997 3c73 48019001 		.ascii	"H\001\220\001\275\375\366\000\000\003\264\001H\001\220"
 997      BDFDF600 
 997      0003B401 
 997      480190
 998 3c82 01BD13EC 		.ascii	"\001\275\023\354\000\000\003\264\001H\001\220\001\275"
 998      000003B4 
 998      01480190 
 998      01BD
 999 3c90 D1780000 		.ascii	"\321x\000\000\003\264\001H\001\220\001\275\275\244\000"
 999      03B40148 
 999      019001BD 
 999      BDA400
ARM GAS  /tmp/ccaEXnhx.s 			page 76


 1000 3c9f 0003B401 		.ascii	"\000\003\264\001H\001\220\001\275_\265\000\000\003\264"
 1000      48019001 
 1000      BD5FB500 
 1000      0003B4
 1001 3cae 01480190 		.ascii	"\001H\001\220\001\275_\340\001\000\003\264\001H\001"
 1001      01BD5FE0 
 1001      010003B4 
 1001      014801
 1002 3cbd 9001BDBD 		.ascii	"\220\001\275\275\333\001\000\003\264\001H\001\220\001"
 1002      DB010003 
 1002      B4014801 
 1002      9001
 1003 3ccb BD3DD900 		.ascii	"\275=\331\000\000\003\264\001H\001\220\001\275_\317"
 1003      0003B401 
 1003      48019001 
 1003      BD5FCF
 1004 3cda 010003B4 		.ascii	"\001\000\003\264\001H\001\220\001\275\247\337\000\000"
 1004      01480190 
 1004      01BDA7DF 
 1004      0000
 1005 3ce8 03B40148 		.ascii	"\003\264\001H\001\220\001\275\313\317\001\000\003\264"
 1005      019001BD 
 1005      CBCF0100 
 1005      03B4
 1006 3cf6 01480190 		.ascii	"\001H\001\220\001\275\027\317\001\000\003\264\001H\001"
 1006      01BD17CF 
 1006      010003B4 
 1006      014801
 1007 3d05 9001BD2F 		.ascii	"\220\001\275/u\000\000\003\264\001H\001\220\001\275"
 1007      75000003 
 1007      B4014801 
 1007      9001BD
 1008 3d14 37100100 		.ascii	"7\020\001\000\003\264\001H\001\220\001\275\311\333\001"
 1008      03B40148 
 1008      019001BD 
 1008      C9DB01
 1009 3d23 0003B401 		.ascii	"\000\003\264\001H\001\220\001\275I\327\001\000\003\264"
 1009      48019001 
 1009      BD49D701 
 1009      0003B4
 1010 3d32 01480190 		.ascii	"\001H\001\220\001\275\001\327\001\000\003\264\001H\001"
 1010      01BD01D7 
 1010      010003B4 
 1010      014801
 1011 3d41 9001BDA3 		.ascii	"\220\001\275\243\015\001\000\003\264\001H\001\220\001"
 1011      0D010003 
 1011      B4014801 
 1011      9001
 1012 3d4f BDEF1A01 		.ascii	"\275\357\032\001\000\003\264\001H\001\220\001\275g;"
 1012      0003B401 
 1012      48019001 
 1012      BD673B
 1013 3d5e 000003B4 		.ascii	"\000\000\003\264\001H\001\220\001\275K\336\001\000\003"
 1013      01480190 
 1013      01BD4BDE 
 1013      010003
 1014 3d6d B4014801 		.ascii	"\264\001H\001\220\001\275\361\350\001\000\003\264\001"
ARM GAS  /tmp/ccaEXnhx.s 			page 77


 1014      9001BDF1 
 1014      E8010003 
 1014      B401
 1015 3d7b 48019001 		.ascii	"H\001\220\001\275'\351\001\000\003\264\001H\001\220"
 1015      BD27E901 
 1015      0003B401 
 1015      480190
 1016 3d8a 01BD13E0 		.ascii	"\001\275\023\340\001\000\003\264\001H\001\220\001\275"
 1016      010003B4 
 1016      01480190 
 1016      01BD
 1017 3d98 21CA0100 		.ascii	"!\312\001\000\003\264\001H\001\220\001\275O\345\001"
 1017      03B40148 
 1017      019001BD 
 1017      4FE501
 1018 3da7 0003B401 		.ascii	"\000\003\264\001H\001\220\001\275=\351\001\000\003\264"
 1018      48019001 
 1018      BD3DE901 
 1018      0003B4
 1019 3db6 01480190 		.ascii	"\001H\001\220\001\275\021*\000\000\003\264\001H\001"
 1019      01BD112A 
 1019      000003B4 
 1019      014801
 1020 3dc5 9001BD45 		.ascii	"\220\001\275E\306\001\000\003\264\001H\001\220\001\275"
 1020      C6010003 
 1020      B4014801 
 1020      9001BD
 1021 3dd4 7FDD0100 		.ascii	"\177\335\001\000\003\264\001H\001\220\001\275\205\334"
 1021      03B40148 
 1021      019001BD 
 1021      85DC
 1022 3de2 010003B4 		.ascii	"\001\000\003\264\001H\001\220\001\275\027\242\000\000"
 1022      01480190 
 1022      01BD17A2 
 1022      0000
 1023 3df0 03B40148 		.ascii	"\003\264\001H\001\220\001\2759\330\001\000\003\264\001"
 1023      019001BD 
 1023      39D80100 
 1023      03B401
 1024 3dff 48019001 		.ascii	"H\001\220\001\275W'\001\000\003\264\001H\001\220\001"
 1024      BD572701 
 1024      0003B401 
 1024      48019001 
 1025 3e0f BD7BDE01 		.ascii	"\275{\336\001\000\003\264\001H\001\220\001\275\325\000"
 1025      0003B401 
 1025      48019001 
 1025      BDD500
 1026 3e1e 000003B4 		.ascii	"\000\000\003\264\001H\001\220\001\275\241.\001\000\003"
 1026      01480190 
 1026      01BDA12E 
 1026      010003
 1027 3e2d B4014801 		.ascii	"\264\001H\001\220\001\275\021\335\001\000\003\264\001"
 1027      9001BD11 
 1027      DD010003 
 1027      B401
 1028 3e3b 48019001 		.ascii	"H\001\220\001\275\245\331\001\000\003\264\001H\001\220"
 1028      BDA5D901 
ARM GAS  /tmp/ccaEXnhx.s 			page 78


 1028      0003B401 
 1028      480190
 1029 3e4a 01BD97E5 		.ascii	"\001\275\227\345\001\000\003\264\001H\001\220\001\275"
 1029      010003B4 
 1029      01480190 
 1029      01BD
 1030 3e58 6DD70100 		.ascii	"m\327\001\000\003\264\001H\001\220\001\275\307\306\001"
 1030      03B40148 
 1030      019001BD 
 1030      C7C601
 1031 3e67 0003B401 		.ascii	"\000\003\264\001H\001\220\001\275\2552\001\000\003\264"
 1031      48019001 
 1031      BDAD3201 
 1031      0003B4
 1032 3e76 01480190 		.ascii	"\001H\001\220\001\275\317=\001\000\003\264\001H\001"
 1032      01BDCF3D 
 1032      010003B4 
 1032      014801
 1033 3e85 9001BD93 		.ascii	"\220\001\275\223K\001\000\003\264\001H\001\220\001\275"
 1033      4B010003 
 1033      B4014801 
 1033      9001BD
 1034 3e94 C75C0100 		.ascii	"\307\\\001\000\003\264\001H\001\220\001\275s\335\001"
 1034      03B40148 
 1034      019001BD 
 1034      73DD01
 1035 3ea3 0003B401 		.ascii	"\000\003\264\001H\001\220\001\275!N\001\000\003\264"
 1035      48019001 
 1035      BD214E01 
 1035      0003B4
 1036 3eb2 01480190 		.ascii	"\001H\001\220\001\275\245\341\001\000\003\264\001H\001"
 1036      01BDA5E1 
 1036      010003B4 
 1036      014801
 1037 3ec1 9001BDAF 		.ascii	"\220\001\275\257\341\001\000\003\264\001H\001\220\001"
 1037      E1010003 
 1037      B4014801 
 1037      9001
 1038 3ecf BDC1A001 		.ascii	"\275\301\240\001\000\003\264\001H\001\220\001\275\365"
 1038      0003B401 
 1038      48019001 
 1038      BDF5
 1039 3edd 51010003 		.ascii	"Q\001\000\003\264\001H\001\220\001\275\311Z\001\000"
 1039      B4014801 
 1039      9001BDC9 
 1039      5A0100
 1040 3eec 03B40148 		.ascii	"\003\264\001H\001\220\001\275\237c\001\000\003\264\001"
 1040      019001BD 
 1040      9F630100 
 1040      03B401
 1041 3efb 48019001 		.ascii	"H\001\220\001\275\235V\001\000\003\264\001H\001\220"
 1041      BD9D5601 
 1041      0003B401 
 1041      480190
 1042 3f0a 01BD11CD 		.ascii	"\001\275\021\315\001\000\003\264\001H\001\220\001\275"
 1042      010003B4 
 1042      01480190 
ARM GAS  /tmp/ccaEXnhx.s 			page 79


 1042      01BD
 1043 3f18 45730100 		.ascii	"Es\001\000\003\264\001H\001\220\001\275\267X\001\000"
 1043      03B40148 
 1043      019001BD 
 1043      B7580100 
 1044 3f28 03B40148 		.ascii	"\003\264\001H\001\220\001\275\361N\001\000\003\264\001"
 1044      019001BD 
 1044      F14E0100 
 1044      03B401
 1045 3f37 48019001 		.ascii	"H\001\220\001\275K\341\001\000\003\264\001H\001\220"
 1045      BD4BE101 
 1045      0003B401 
 1045      480190
 1046 3f46 01BDED7E 		.ascii	"\001\275\355~\001\000\003\264\001H\001\220\001\275#"
 1046      010003B4 
 1046      01480190 
 1046      01BD23
 1047 3f55 8A010003 		.ascii	"\212\001\000\003\264\001H\001\220\001\275\347\213\001"
 1047      B4014801 
 1047      9001BDE7 
 1047      8B01
 1048 3f63 0003B401 		.ascii	"\000\003\264\001H\001\220\001\275\241\210\001\000\003"
 1048      48019001 
 1048      BDA18801 
 1048      0003
 1049 3f71 B4014801 		.ascii	"\264\001H\001\220\001\2753\342\001\000\003\264\001H"
 1049      9001BD33 
 1049      E2010003 
 1049      B40148
 1050 3f80 019001BD 		.ascii	"\001\220\001\275/\343\001\000\003\264\001H\001\220\001"
 1050      2FE30100 
 1050      03B40148 
 1050      019001
 1051 3f8f BD23E301 		.ascii	"\275#\343\001\000\003\264\001H\001\220\001\275\323\222"
 1051      0003B401 
 1051      48019001 
 1051      BDD392
 1052 3f9e 010003B4 		.ascii	"\001\000\003\264\001H\001\220\001\275u\242\001\000\003"
 1052      01480190 
 1052      01BD75A2 
 1052      010003
 1053 3fad B4014801 		.ascii	"\264\001H\001\220\001\275\243\324\001\000\003\264\001"
 1053      9001BDA3 
 1053      D4010003 
 1053      B401
 1054 3fbb 48019001 		.ascii	"H\001\220\001\275\305\350\001\000\003\264\001H\001\220"
 1054      BDC5E801 
 1054      0003B401 
 1054      480190
 1055 3fca 01BDC9CC 		.ascii	"\001\275\311\314\001\000\003\264\001H\001\220\001\275"
 1055      010003B4 
 1055      01480190 
 1055      01BD
 1056 3fd8 BDCC0100 		.ascii	"\275\314\001\000j\222N\002 (\340N\002 U\354N\002 y\004"
 1056      6A924E02 
 1056      2028E04E 
 1056      022055EC 
ARM GAS  /tmp/ccaEXnhx.s 			page 80


 1056      4E022079 
 1057 3fed 4F02202B 		.ascii	"O\002 +\370N\002 \377\000\000\000\000\244\000\011@\001"
 1057      F84E0220 
 1057      FF000000 
 1057      00A40009 
 1057      4001
 1058 3fff 01       		.ascii	"\001"
 1059 4000 A8000940 		.ascii	"\250\000\011@\001\001\254\000\011@\001\001\260\000\011"
 1059      0101AC00 
 1059      09400101 
 1059      B00009
 1060 400f 400101B4 		.ascii	"@\001\001\264\000\011@\001\001GO\002 \001\001\020O\002"
 1060      00094001 
 1060      01474F02 
 1060      20010110 
 1060      4F02
 1061 4021 200101C0 		.ascii	" \001\001\300\000\011@\001\001\304\000\011@\001\001"
 1061      00094001 
 1061      01C40009 
 1061      400101
 1062 4030 C8000940 		.ascii	"\310\000\011@\001\001\314\000\011@\001\001FO\002 \001"
 1062      0101CC00 
 1062      09400101 
 1062      464F0220 
 1062      01
 1063 4041 01104F02 		.ascii	"\001\020O\002 \001\201\203\020\002 \003\002BO\002 \001"
 1063      20018183 
 1063      10022003 
 1063      02424F02 
 1063      2001
 1064 4053 81EA1902 		.ascii	"\201\352\031\002 \001\002PO\002 \001\202\364\031\002"
 1064      20010250 
 1064      4F022001 
 1064      82F41902 
 1065 4063 20040254 		.ascii	" \004\002TO\002 \004\202n\020\002 \006\002EO\002 \001"
 1065      4F022004 
 1065      826E1002 
 1065      20060245 
 1065      4F022001 
 1066 4077 82000000 		.ascii	"\202\000\000\000\000\035\000\027\000\037\001#\0019\000"
 1066      001D0017 
 1066      001F0123 
 1066      013900
 1067 4086 4C003200 		.ascii	"L\0002\0000\0006\000\025\000\025\004;\000I\000\000\000"
 1067      30003600 
 1067      15001504 
 1067      3B004900 
 1067      0000
 1068 4098 744E0220 		.ascii	"tN\002 XXXXGPshGPsl\000\000\000\000\000\000\000\000"
 1068      58585858 
 1068      47507368 
 1068      4750736C 
 1068      00000000 
 1069 40b0 00000000 		.ascii	"\000\000\000\000\000\000\000\000\000\000\000\000\000"
 1069      00000000 
 1069      00000000 
 1069      00
ARM GAS  /tmp/ccaEXnhx.s 			page 81


 1070 40bd 00000000 		.ascii	"\000\000\000\000\000\000\000\000\000\000\000\000\000"
 1070      00000000 
 1070      00000000 
 1070      00
 1071 40ca 00000000 		.ascii	"\000\000\000\000\000\000\000\000\000\000\000\000\000"
 1071      00000000 
 1071      00000000 
 1071      00
 1072 40d7 00000000 		.ascii	"\000\000\000\000\000\000\000\000\000\000\000\000\000"
 1072      00000000 
 1072      00000000 
 1072      00
 1073 40e4 00000000 		.ascii	"\000\000\000\000\000\000\000\000\000\000\000\000\000"
 1073      00000000 
 1073      00000000 
 1073      00
 1074 40f1 00000000 		.ascii	"\000\000\000\000\000\000\000\000\000\000\000\000\000"
 1074      00000000 
 1074      00000000 
 1074      00
 1075 40fe 0000FFFF 		.ascii	"\000\000\377\377\377\377\377\377\377\377\377\377\377"
 1075      FFFFFFFF 
 1075      FFFFFFFF 
 1075      FF
 1076 410b FFFFFFFF 		.ascii	"\377\377\377\377\377\377\377\377\377\377\377\377\377"
 1076      FFFFFFFF 
 1076      FFFFFFFF 
 1076      FF
 1077 4118 FFFFFFFF 		.ascii	"\377\377\377\377\377\377\377\377\377\377\377\377\377"
 1077      FFFFFFFF 
 1077      FFFFFFFF 
 1077      FF
 1078 4125 FFFFFFFF 		.ascii	"\377\377\377\377\377\377\377\377\377\377\377\377\377"
 1078      FFFFFFFF 
 1078      FFFFFFFF 
 1078      FF
 1079 4132 FFFFFFFF 		.ascii	"\377\377\377\377\377\377\377\377\377\377\377\377\377"
 1079      FFFFFFFF 
 1079      FFFFFFFF 
 1079      FF
 1080 413f FFFFFFFF 		.ascii	"\377\377\377\377\377\377\377\377\377\377\377\377\377"
 1080      FFFFFFFF 
 1080      FFFFFFFF 
 1080      FF
 1081 414c FFFFFFFF 		.ascii	"\377\377\377\377\377\377\377\377\377\377\377\377\377"
 1081      FFFFFFFF 
 1081      FFFFFFFF 
 1081      FF
 1082 4159 FFFFFFFF 		.ascii	"\377\377\377\377\377\377\377\377\377\377\377\377\377"
 1082      FFFFFFFF 
 1082      FFFFFFFF 
 1082      FF
 1083 4166 FFFFFFFF 		.ascii	"\377\377\377\377\377\377\377\377\377\377\377\377\377"
 1083      FFFFFFFF 
 1083      FFFFFFFF 
 1083      FF
 1084 4173 FFFFFFFF 		.ascii	"\377\377\377\377\377\377\377\377\377\377\377\377\377"
ARM GAS  /tmp/ccaEXnhx.s 			page 82


 1084      FFFFFFFF 
 1084      FFFFFFFF 
 1084      FF
 1085 4180 FFFFFFFF 		.ascii	"\377\377\377\377\377\377\377\377\377\377\377\377\377"
 1085      FFFFFFFF 
 1085      FFFFFFFF 
 1085      FF
 1086 418d FFFFFFFF 		.ascii	"\377\377\377\377\377\377\377\377\377\377\377\377\377"
 1086      FFFFFFFF 
 1086      FFFFFFFF 
 1086      FF
 1087 419a FFFFFFFF 		.ascii	"\377\377\377\377\377\377\377\377\377\377\377\377\377"
 1087      FFFFFFFF 
 1087      FFFFFFFF 
 1087      FF
 1088 41a7 FFFFFFFF 		.ascii	"\377\377\377\377\377\377\377\377\377\377\377\377\377"
 1088      FFFFFFFF 
 1088      FFFFFFFF 
 1088      FF
 1089 41b4 FFFFFFFF 		.ascii	"\377\377\377\377\377\377\377\377\377\377\377\377\377"
 1089      FFFFFFFF 
 1089      FFFFFFFF 
 1089      FF
 1090 41c1 FFFFFFFF 		.ascii	"\377\377\377\377\377\377\377\377\377\377\377\377\377"
 1090      FFFFFFFF 
 1090      FFFFFFFF 
 1090      FF
 1091 41ce FFFFFFFF 		.ascii	"\377\377\377\377\377\377\377\377\377\377\377\377\377"
 1091      FFFFFFFF 
 1091      FFFFFFFF 
 1091      FF
 1092 41db FFFFFFFF 		.ascii	"\377\377\377\377\377\377\377\377\377\377\377\377\377"
 1092      FFFFFFFF 
 1092      FFFFFFFF 
 1092      FF
 1093 41e8 FFFFFFFF 		.ascii	"\377\377\377\377\377\377\377\377\377\377\377\377\377"
 1093      FFFFFFFF 
 1093      FFFFFFFF 
 1093      FF
 1094 41f5 FFFFFFFF 		.ascii	"\377\377\377\377\377\377\377\377\377\377\377\377\377"
 1094      FFFFFFFF 
 1094      FFFFFFFF 
 1094      FF
 1095 4202 FFFFFFFF 		.ascii	"\377\377\377\377\377\377\377\377\377\377\377\377\377"
 1095      FFFFFFFF 
 1095      FFFFFFFF 
 1095      FF
 1096 420f FFFFFFFF 		.ascii	"\377\377\377\377\377\377\377\377\377\377\377\377\377"
 1096      FFFFFFFF 
 1096      FFFFFFFF 
 1096      FF
 1097 421c FFFFFFFF 		.ascii	"\377\377\377\377\377\377\377\377\377\377\377\377\377"
 1097      FFFFFFFF 
 1097      FFFFFFFF 
 1097      FF
 1098 4229 FFFFFFFF 		.ascii	"\377\377\377\377\377\377\377\377\377\377\377\377\377"
 1098      FFFFFFFF 
ARM GAS  /tmp/ccaEXnhx.s 			page 83


 1098      FFFFFFFF 
 1098      FF
 1099 4236 FFFFFFFF 		.ascii	"\377\377\377\377\377\377\377\377\377\377\377\377\377"
 1099      FFFFFFFF 
 1099      FFFFFFFF 
 1099      FF
 1100 4243 FFFFFFFF 		.ascii	"\377\377\377\377\377\377\377\377\377\377\377\377\377"
 1100      FFFFFFFF 
 1100      FFFFFFFF 
 1100      FF
 1101 4250 FFFFFFFF 		.ascii	"\377\377\377\377\377\377\377\377\377\377\377\377\377"
 1101      FFFFFFFF 
 1101      FFFFFFFF 
 1101      FF
 1102 425d FFFFFFFF 		.ascii	"\377\377\377\377\377\377\377\377\377\377\377\377\377"
 1102      FFFFFFFF 
 1102      FFFFFFFF 
 1102      FF
 1103 426a FFFFFFFF 		.ascii	"\377\377\377\377\377\377\377\377\377\377\377\377\377"
 1103      FFFFFFFF 
 1103      FFFFFFFF 
 1103      FF
 1104 4277 FFFFFFFF 		.ascii	"\377\377\377\377\377\377\377\377\377\377\377\377\377"
 1104      FFFFFFFF 
 1104      FFFFFFFF 
 1104      FF
 1105 4284 FFFFFFFF 		.ascii	"\377\377\377\377\377\377\377\377\377\377\377\377\377"
 1105      FFFFFFFF 
 1105      FFFFFFFF 
 1105      FF
 1106 4291 FFFFFFFF 		.ascii	"\377\377\377\377\377\377\377\377\377\377\377\377\377"
 1106      FFFFFFFF 
 1106      FFFFFFFF 
 1106      FF
 1107 429e FFFFFFFF 		.ascii	"\377\377\377\377\377\377\377\377\377\377\377\377\377"
 1107      FFFFFFFF 
 1107      FFFFFFFF 
 1107      FF
 1108 42ab FFFFFFFF 		.ascii	"\377\377\377\377\377\377\377\377\377\377\377\377\377"
 1108      FFFFFFFF 
 1108      FFFFFFFF 
 1108      FF
 1109 42b8 FFFFFFFF 		.ascii	"\377\377\377\377\377\377\377\377\377\377\377\377\377"
 1109      FFFFFFFF 
 1109      FFFFFFFF 
 1109      FF
 1110 42c5 FFFFFFFF 		.ascii	"\377\377\377\377\377\377\377\377\377\377\377\377\377"
 1110      FFFFFFFF 
 1110      FFFFFFFF 
 1110      FF
 1111 42d2 FFFFFFFF 		.ascii	"\377\377\377\377\377\377\377\377\377\377\377\377\377"
 1111      FFFFFFFF 
 1111      FFFFFFFF 
 1111      FF
 1112 42df FFFFFFFF 		.ascii	"\377\377\377\377\377\377\377\377\377\377\377\377\377"
 1112      FFFFFFFF 
 1112      FFFFFFFF 
ARM GAS  /tmp/ccaEXnhx.s 			page 84


 1112      FF
 1113 42ec FFFFFFFF 		.ascii	"\377\377\377\377\377\377\377\377\377\377\377\377\377"
 1113      FFFFFFFF 
 1113      FFFFFFFF 
 1113      FF
 1114 42f9 FFFFFFFF 		.ascii	"\377\377\377\377\377\377\377\377\377\377\377\377\377"
 1114      FFFFFFFF 
 1114      FFFFFFFF 
 1114      FF
 1115 4306 FFFFFFFF 		.ascii	"\377\377\377\377\377\377\377\377\377\377\377\377\377"
 1115      FFFFFFFF 
 1115      FFFFFFFF 
 1115      FF
 1116 4313 FFFFFFFF 		.ascii	"\377\377\377\377\377\377\377\377\377\377\377\377\377"
 1116      FFFFFFFF 
 1116      FFFFFFFF 
 1116      FF
 1117 4320 FFFFFFFF 		.ascii	"\377\377\377\377\377\377\377\377\377\377\377\377\377"
 1117      FFFFFFFF 
 1117      FFFFFFFF 
 1117      FF
 1118 432d FFFFFFFF 		.ascii	"\377\377\377\377\377\377\377\377\377\377\377\377\377"
 1118      FFFFFFFF 
 1118      FFFFFFFF 
 1118      FF
 1119 433a FFFFFFFF 		.ascii	"\377\377\377\377\377\377\377\377\377\377\377\377\377"
 1119      FFFFFFFF 
 1119      FFFFFFFF 
 1119      FF
 1120 4347 FFFFFFFF 		.ascii	"\377\377\377\377\377\377\377\377\377\377\377\377\377"
 1120      FFFFFFFF 
 1120      FFFFFFFF 
 1120      FF
 1121 4354 FFFFFFFF 		.ascii	"\377\377\377\377\377\377\377\377\377\377\377\377\377"
 1121      FFFFFFFF 
 1121      FFFFFFFF 
 1121      FF
 1122 4361 FFFFFFFF 		.ascii	"\377\377\377\377\377\377\377\377\377\377\377\377\377"
 1122      FFFFFFFF 
 1122      FFFFFFFF 
 1122      FF
 1123 436e FFFFFFFF 		.ascii	"\377\377\377\377\377\377\377\377\377\377\377\377\377"
 1123      FFFFFFFF 
 1123      FFFFFFFF 
 1123      FF
 1124 437b FFFFFFFF 		.ascii	"\377\377\377\377\377\377\377\377\377\377\377\377\377"
 1124      FFFFFFFF 
 1124      FFFFFFFF 
 1124      FF
 1125 4388 FFFFFFFF 		.ascii	"\377\377\377\377\377\377\377\377\377\377\377\377\377"
 1125      FFFFFFFF 
 1125      FFFFFFFF 
 1125      FF
 1126 4395 FFFFFFFF 		.ascii	"\377\377\377\377\377\377\377\377\377\377\377\377\377"
 1126      FFFFFFFF 
 1126      FFFFFFFF 
 1126      FF
ARM GAS  /tmp/ccaEXnhx.s 			page 85


 1127 43a2 FFFFFFFF 		.ascii	"\377\377\377\377\377\377\377\377\377\377\377\377\377"
 1127      FFFFFFFF 
 1127      FFFFFFFF 
 1127      FF
 1128 43af FFFFFFFF 		.ascii	"\377\377\377\377\377\377\377\377\377\377\377\377\377"
 1128      FFFFFFFF 
 1128      FFFFFFFF 
 1128      FF
 1129 43bc FFFFFFFF 		.ascii	"\377\377\377\377\377\377\377\377\377\377\377\377\377"
 1129      FFFFFFFF 
 1129      FFFFFFFF 
 1129      FF
 1130 43c9 FFFFFFFF 		.ascii	"\377\377\377\377\377\377\377\377\377\377\377\377\377"
 1130      FFFFFFFF 
 1130      FFFFFFFF 
 1130      FF
 1131 43d6 FFFFFFFF 		.ascii	"\377\377\377\377\377\377\377\377\377\377\377\377\377"
 1131      FFFFFFFF 
 1131      FFFFFFFF 
 1131      FF
 1132 43e3 FFFFFFFF 		.ascii	"\377\377\377\377\377\377\377\377\377\377\377\377\377"
 1132      FFFFFFFF 
 1132      FFFFFFFF 
 1132      FF
 1133 43f0 FFFFFFFF 		.ascii	"\377\377\377\377\377\377\377\377\377\377\377\377\377"
 1133      FFFFFFFF 
 1133      FFFFFFFF 
 1133      FF
 1134 43fd FFFFFF01 		.ascii	"\377\377\377\001\000\340\254\376\377\377\377\000\020"
 1134      00E0ACFE 
 1134      FFFFFF00 
 1134      10
 1135 440a 00000029 		.ascii	"\000\000\000)\000\0006\231d\021\000\000\000\000\377"
 1135      00003699 
 1135      64110000 
 1135      0000FF
 1136 4419 FFFFFFFF 		.ascii	"\377\377\377\377\377\377\377\377\377\377\377\377\377"
 1136      FFFFFFFF 
 1136      FFFFFFFF 
 1136      FF
 1137 4426 FFFFFFFF 		.ascii	"\377\377\377\377\377\377\377\377\377\377\377\377\377"
 1137      FFFFFFFF 
 1137      FFFFFFFF 
 1137      FF
 1138 4433 FF610509 		.ascii	"\377a\005\011\365\377\377\377\377\377\377\377\377\377"
 1138      F5FFFFFF 
 1138      FFFFFFFF 
 1138      FFFF
 1139 4441 FFFFFF00 		.ascii	"\377\377\377\000\004\000\000\200\000\000\000\377\377"
 1139      04000080 
 1139      000000FF 
 1139      FF
 1140 444e FFFFFFFF 		.ascii	"\377\377\377\377\377\377\377\377\377\377\377\377\377"
 1140      FFFFFFFF 
 1140      FFFFFFFF 
 1140      FF
 1141 445b FFFFFFFF 		.ascii	"\377\377\377\377\377\377\377\377\377\377\377\377\377"
ARM GAS  /tmp/ccaEXnhx.s 			page 86


 1141      FFFFFFFF 
 1141      FFFFFFFF 
 1141      FF
 1142 4468 FFFFFFFF 		.ascii	"\377\377\377\377\377\377\377\377\377\377\377\377\377"
 1142      FFFFFFFF 
 1142      FFFFFFFF 
 1142      FF
 1143 4475 FFFFFFFF 		.ascii	"\377\377\377\377\377\377\377\377\377\377\377\001\000"
 1143      FFFFFFFF 
 1143      FFFFFF01 
 1143      00
 1144 4482 CC0287D8 		.ascii	"\314\002\207\330\315\365\000\000\000\000\000\000\000"
 1144      CDF50000 
 1144      00000000 
 1144      00
 1145 448f 00312020 		.ascii	"\0001   \372U2\000\032\004\017\026\000\012\01200M\000"
 1145      20FA5532 
 1145      001A040F 
 1145      16000A0A 
 1145      30304D00 
 1146 44a3 00000000 		.ascii	"\000\000\000\000\000\003\017\027\000\012\010\004\000"
 1146      00030F17 
 1146      000A0804 
 1146      00
 1147 44b0 02000000 		.ascii	"\002\000\000\000\000\000\000\000\017#\000\003\000\340"
 1147      00000000 
 1147      0F230003 
 1147      00E0
 1148 44be 01000F27 		.ascii	"\001\000\017'\000\011\005\011\024\000\034\007\000\000"
 1148      00090509 
 1148      14001C07 
 1148      0000
 1149 44cc 50510F28 		.ascii	"PQ\017(\000\003\002\010/\000\017)\000\003\322P\311\000"
 1149      00030208 
 1149      2F000F29 
 1149      0003D250 
 1149      C900
 1150 44de 0F2B0007 		.ascii	"\017+\000\007\000\002\000\000\001\000\000\000\0172\000"
 1150      00020000 
 1150      01000000 
 1150      0F3200
 1151 44ed 1E01A82A 		.ascii	"\036\001\250*,\221\001&,\321\002\000,\261\004\000\364"
 1151      2C910126 
 1151      2CD10200 
 1151      2CB10400 
 1151      F4
 1152 44fe 41060000 		.ascii	"A\006\000\000\000\000\000\000\000\000\000\000\000\000"
 1152      00000000 
 1152      00000000 
 1152      0000
 1153 450c 000F3300 		.ascii	"\000\0173\000\034\004,\221\001\020,\321\002\000,\261"
 1153      1C042C91 
 1153      01102CD1 
 1153      02002CB1 
 1154 451c 0400F441 		.ascii	"\004\000\364A\006\000EA\006\000\000\000\000\000\000"
 1154      06004541 
 1154      06000000 
ARM GAS  /tmp/ccaEXnhx.s 			page 87


 1154      000000
 1155 452b 0000000F 		.ascii	"\000\000\000\0177\000\017;@\037d\220\221\001\000\000"
 1155      37000F3B 
 1155      401F6490 
 1155      91010000 
 1156 453b 00000000 		.ascii	"\000\000\000\000\000\000\000\017B\000\002\012\000\000"
 1156      0000000F 
 1156      4200020A 
 1156      0000
 1157 4549 0F470018 		.ascii	"\017G\000\030\006Q\004@\225Q\004\000\000\005\011\000"
 1157      06510440 
 1157      95510400 
 1157      00050900 
 1158 4559 00000000 		.ascii	"\000\000\000\000h\000\000\000\000\000\000\000G\017Q"
 1158      68000000 
 1158      00000000 
 1158      470F51
 1159 4568 00050006 		.ascii	"\000\005\000\006\000\000\000\000\017R\000\006\000\200"
 1159      00000000 
 1159      0F520006 
 1159      0080
 1160 4576 00000000 		.ascii	"\000\000\000\000\000\017V\000\001?\200\017\\\00000\000"
 1160      000F5600 
 1160      013F800F 
 1160      5C003030 
 1160      00
 1161 4587 00000000 		.ascii	"\000\000\000\000\000\000\000\020\000\000\000\000\000"
 1161      00000010 
 1161      00000000 
 1161      00
 1162 4594 00300000 		.ascii	"\0000\000\000\000\000\000\000\000\000\014\000\000\000"
 1162      00000000 
 1162      00000C00 
 1162      0000
 1163 45a2 00000000 		.ascii	"\000\000\000\000\000\000\000\000\000\000\000\000\000"
 1163      00000000 
 1163      00000000 
 1163      00
 1164 45af 00000000 		.ascii	"\000\000\000\000\000\000\000\017b\000\007\000\000\001"
 1164      0000000F 
 1164      62000700 
 1164      0001
 1165 45bd 2D000000 		.ascii	"-\000\000\000\000\017d\000\012k\000\000\000\000\000"
 1165      000F6400 
 1165      0A6B0000 
 1165      000000
 1166 45cc 00000000 		.ascii	"\000\000\000\000\000\017w\000\015\000\000\000\000\000"
 1166      000F7700 
 1166      0D000000 
 1166      0000
 1167 45da 00000000 		.ascii	"\000\000\000\000\000\000\000\000\177\017{\000\017\000"
 1167      00000000 
 1167      7F0F7B00 
 1167      0F00
 1168 45e8 02FFFF00 		.ascii	"\002\377\377\000\000\000\000\000\000\000\000\000\000"
 1168      00000000 
 1168      00000000 
ARM GAS  /tmp/ccaEXnhx.s 			page 88


 1168      00
 1169 45f5 00006400 		.ascii	"\000\000d\000d\000j\000p\000v\000|\000\202\000\210\000"
 1169      64006A00 
 1169      70007600 
 1169      7C008200 
 1169      8800
 1170 4607 8E009400 		.ascii	"\216\000\224\000\232\000\240\000\246\000\254\000\261"
 1170      9A00A000 
 1170      A600AC00 
 1170      B1
 1171 4614 00B700BC 		.ascii	"\000\267\000\274\000\302\000\307\000\315\000\323\000"
 1171      00C200C7 
 1171      00CD00D3 
 1171      00
 1172 4621 D900DF00 		.ascii	"\331\000\337\000\345\000\352\000\360\000\365\000\372"
 1172      E500EA00 
 1172      F000F500 
 1172      FA
 1173 462e 00FF0005 		.ascii	"\000\377\000\005\001\012\001\017\001\024\001\032\001"
 1173      010A010F 
 1173      0114011A 
 1173      01
 1174 463b 1F012501 		.ascii	"\037\001%\001*\001/\0015\001:\001?\001D\001J\001J\001"
 1174      2A012F01 
 1174      35013A01 
 1174      3F014401 
 1174      4A014A01 
 1175 464f 4A014F01 		.ascii	"J\001O\001U\001U\001U\001U\001#\003\000\000\016\202"
 1175      55015501 
 1175      55015501 
 1175      23030000 
 1175      0E82
 1176 4661 23030032 		.ascii	"#\003\00027\002#\003\000\004\240A#\003\000\002\000\017"
 1176      37022303 
 1176      0004A041 
 1176      23030002 
 1176      000F
 1177 4673 23030034 		.ascii	"#\003\00040\020\001\003\000\004\240A\001\003\000\002"
 1177      30100103 
 1177      0004A041 
 1177      01030002 
 1178 4683 000F0203 		.ascii	"\000\017\002\003\000\004\240A\002\003\000\002\000\017"
 1178      0004A041 
 1178      02030002 
 1178      000F
 1179 4691 3C030004 		.ascii	"<\003\000\004\240A<\003\000\002\000\017'\003\000\006"
 1179      A0413C03 
 1179      0002000F 
 1179      27030006 
 1180 46a1 D40E2702 		.ascii	"\324\016'\002\000\011@(\003\000\006\\\032(\002\000\011"
 1180      00094028 
 1180      0300065C 
 1180      1A280200 
 1180      09
 1181 46b2 40290300 		.ascii	"@)\003\000\006\364#)\002\000\011@%\003\000\000\016\202"
 1181      06F42329 
 1181      02000940 
ARM GAS  /tmp/ccaEXnhx.s 			page 89


 1181      25030000 
 1181      0E82
 1182 46c4 25030032 		.ascii	"%\003\00027\002%\003\000\004\240A%\003\000\002\000\017"
 1182      37022503 
 1182      0004A041 
 1182      25030002 
 1182      000F
 1183 46d6 25030034 		.ascii	"%\003\00040\020'\002\000\015K'\003\000\013\002l'\002"
 1183      30102702 
 1183      000D4B27 
 1183      03000B02 
 1183      6C2702
 1184 46e9 00124028 		.ascii	"\000\022@(\002\000\024\030(\002\000\015K(\003\000\013"
 1184      02001418 
 1184      2802000D 
 1184      4B280300 
 1184      0B
 1185 46fa 04C42802 		.ascii	"\004\304(\002\000\022@)\002\000\024\030)\002\000\015"
 1185      00124029 
 1185      02001418 
 1185      2902000D 
 1186 470a 4B290300 		.ascii	"K)\003\000\013\006\270)\002\000\022\004%\003\000\001"
 1186      0B06B829 
 1186      02001204 
 1186      25030001 
 1187 471a 04EC2502 		.ascii	"\004\354%\002\000\020\200%\003\000\003\000%\002\000"
 1187      00108025 
 1187      03000300 
 1187      250200
 1188 4729 14D40E25 		.ascii	"\024\324\016%\002\000\021\000%\002\000\010\303%\002"
 1188      02001100 
 1188      25020008 
 1188      C32502
 1189 4738 00090000 		.ascii	"\000\011\000\000\000\000\000X\032\000\000\000\0002\000"
 1189      00000058 
 1189      1A000000 
 1189      003200
 1190 4747 000000F4 		.ascii	"\000\000\000\364#\000\000\000\000\000\000\000\000\000"
 1190      23000000 
 1190      00000000 
 1190      0000
 1191 4755 00000000 		.ascii	"\000\000\000\000\000\000\000\000\000\000\000\000\000"
 1191      00000000 
 1191      00000000 
 1191      00
 1192 4762 00000000 		.ascii	"\000\000\000\000\000\000\000\000\000\000\000\000\000"
 1192      00000000 
 1192      00000000 
 1192      00
 1193 476f 00000000 		.ascii	"\000\000\000\000\000\000\000\000\000\000\000\000\000"
 1193      00000000 
 1193      00000000 
 1193      00
 1194 477c 00000000 		.ascii	"\000\000\000\000\000\000\000\000\000\000\000\000\000"
 1194      00000000 
 1194      00000000 
 1194      00
ARM GAS  /tmp/ccaEXnhx.s 			page 90


 1195 4789 00000000 		.ascii	"\000\000\000\000\000\000\000\000\000\000\000\000\000"
 1195      00000000 
 1195      00000000 
 1195      00
 1196 4796 00000000 		.ascii	"\000\000\000\000\000\000\000\000\000\000\000\000\000"
 1196      00000000 
 1196      00000000 
 1196      00
 1197 47a3 00000000 		.ascii	"\000\000\000\000\000\000\000\000\000\000\000\000\000"
 1197      00000000 
 1197      00000000 
 1197      00
 1198 47b0 00000000 		.ascii	"\000\000\000\000\000\000\000\000\000\000\000\000\000"
 1198      00000000 
 1198      00000000 
 1198      00
 1199 47bd 00000000 		.ascii	"\000\000\000\000\000\000\000\000\000\000\000\000\000"
 1199      00000000 
 1199      00000000 
 1199      00
 1200 47ca 00000000 		.ascii	"\000\000\000\000\000\000\000\000\000\000\000\000\000"
 1200      00000000 
 1200      00000000 
 1200      00
 1201 47d7 00000000 		.ascii	"\000\000\000\000\000\000\000\000\000\000\000\000\000"
 1201      00000000 
 1201      00000000 
 1201      00
 1202 47e4 00000000 		.ascii	"\000\000\000\000\000\000\000\000\000\000\000\000\000"
 1202      00000000 
 1202      00000000 
 1202      00
 1203 47f1 00000000 		.ascii	"\000\000\000\000\000\000\000\000\000\000\000\000\000"
 1203      00000000 
 1203      00000000 
 1203      00
 1204 47fe 00000000 		.ascii	"\000\000\000\000\000\000\000\000\000\000\000\000\000"
 1204      00000000 
 1204      00000000 
 1204      00
 1205 480b 00000000 		.ascii	"\000\000\000\000\000\000\000\000\000\000\000\000\000"
 1205      00000000 
 1205      00000000 
 1205      00
 1206 4818 00000000 		.ascii	"\000\000\000\000\000\000\000\000\000\000\000\000\000"
 1206      00000000 
 1206      00000000 
 1206      00
 1207 4825 00000000 		.ascii	"\000\000\000\000\000\000\000\000\000\000\000\000\000"
 1207      00000000 
 1207      00000000 
 1207      00
 1208 4832 00000000 		.ascii	"\000\000\000\000\000\000\000\000\000\000\000\000\000"
 1208      00000000 
 1208      00000000 
 1208      00
 1209 483f 00000000 		.ascii	"\000\000\000\000\000\000\000\000\000\000\000\000\000"
ARM GAS  /tmp/ccaEXnhx.s 			page 91


 1209      00000000 
 1209      00000000 
 1209      00
 1210 484c 00000000 		.ascii	"\000\000\000\000\000\000\000\000\000\000\000\000\000"
 1210      00000000 
 1210      00000000 
 1210      00
 1211 4859 00000000 		.ascii	"\000\000\000\000\000\000\000\000\000\000\000\000\000"
 1211      00000000 
 1211      00000000 
 1211      00
 1212 4866 00000000 		.ascii	"\000\000\000\000\000\000\000\000\000\000\000\000\000"
 1212      00000000 
 1212      00000000 
 1212      00
 1213 4873 00000000 		.ascii	"\000\000\000\000\000\000\000\000\000\000\000\000\000"
 1213      00000000 
 1213      00000000 
 1213      00
 1214 4880 00000000 		.ascii	"\000\000\000\000\000\000\000\000\000\000\000\000\000"
 1214      00000000 
 1214      00000000 
 1214      00
 1215 488d 00000000 		.ascii	"\000\000\000\000\000\000\000\000\000\000\000\000\000"
 1215      00000000 
 1215      00000000 
 1215      00
 1216 489a 00000000 		.ascii	"\000\000\000\000\000\000\000\000\000\000\000\000\000"
 1216      00000000 
 1216      00000000 
 1216      00
 1217 48a7 00000000 		.ascii	"\000\000\000\000\000\000\000\000\000\000\000\000\000"
 1217      00000000 
 1217      00000000 
 1217      00
 1218 48b4 00000000 		.ascii	"\000\000\000\000\000\000\000\000\000\000\000\000\000"
 1218      00000000 
 1218      00000000 
 1218      00
 1219 48c1 00000000 		.ascii	"\000\000\000\000\000\000\000\000\000\000\000\000\000"
 1219      00000000 
 1219      00000000 
 1219      00
 1220 48ce 00000000 		.ascii	"\000\000\000\000\000\000\000\000\000\000\000\000\000"
 1220      00000000 
 1220      00000000 
 1220      00
 1221 48db 00000000 		.ascii	"\000\000\000\000\000\000\000\000\000\000\000\000\000"
 1221      00000000 
 1221      00000000 
 1221      00
 1222 48e8 00000000 		.ascii	"\000\000\000\000\000\000\000\000\000\000\000\000\000"
 1222      00000000 
 1222      00000000 
 1222      00
 1223 48f5 00000000 		.ascii	"\000\000\000\000\000\000\000\000\000\000\000\000\000"
 1223      00000000 
ARM GAS  /tmp/ccaEXnhx.s 			page 92


 1223      00000000 
 1223      00
 1224 4902 00000000 		.ascii	"\000\000\000\000\000\000\000\000\000\000\000\000\000"
 1224      00000000 
 1224      00000000 
 1224      00
 1225 490f 00000000 		.ascii	"\000\000\000\000\000\000\000\000\000\000\000\000\000"
 1225      00000000 
 1225      00000000 
 1225      00
 1226 491c 00000000 		.ascii	"\000\000\000\000\000\000\000\000\000\000\000\000\000"
 1226      00000000 
 1226      00000000 
 1226      00
 1227 4929 00000000 		.ascii	"\000\000\000\000\000\000\000\000\000\000\000\000\000"
 1227      00000000 
 1227      00000000 
 1227      00
 1228 4936 00000000 		.ascii	"\000\000\000\000\000\000\000\000\000\000\000\000\000"
 1228      00000000 
 1228      00000000 
 1228      00
 1229 4943 00000000 		.ascii	"\000\000\000\000\000\000\000\000\000\000\000\000\000"
 1229      00000000 
 1229      00000000 
 1229      00
 1230 4950 00000000 		.ascii	"\000\000\000\000\000\000\000\000\000\000\000\000\000"
 1230      00000000 
 1230      00000000 
 1230      00
 1231 495d 00000000 		.ascii	"\000\000\000\000\000\000\000\000\000\000\000\000\000"
 1231      00000000 
 1231      00000000 
 1231      00
 1232 496a 00000000 		.ascii	"\000\000\000\000\000\000\000\000\000\000\000\000\000"
 1232      00000000 
 1232      00000000 
 1232      00
 1233 4977 00000000 		.ascii	"\000\000\000\000\000\000\000\000\000\000\000\000\000"
 1233      00000000 
 1233      00000000 
 1233      00
 1234 4984 00000000 		.ascii	"\000\000\000\000\000\000\000\000\000\000\000\000\000"
 1234      00000000 
 1234      00000000 
 1234      00
 1235 4991 00000000 		.ascii	"\000\000\000\000\000\000\000\000\000\000\000\000\000"
 1235      00000000 
 1235      00000000 
 1235      00
 1236 499e 00000000 		.ascii	"\000\000\000\000\000\000\000\000\000\000\000\000\000"
 1236      00000000 
 1236      00000000 
 1236      00
 1237 49ab 00000000 		.ascii	"\000\000\000\000\000\000\000\000\000\000\000\000\000"
 1237      00000000 
 1237      00000000 
ARM GAS  /tmp/ccaEXnhx.s 			page 93


 1237      00
 1238 49b8 00000000 		.ascii	"\000\000\000\000\000\000\000\000\000\000\000\000\000"
 1238      00000000 
 1238      00000000 
 1238      00
 1239 49c5 00000000 		.ascii	"\000\000\000\000\000\000\000\000\000\000\000\000\000"
 1239      00000000 
 1239      00000000 
 1239      00
 1240 49d2 00000000 		.ascii	"\000\000\000\000\000\000\000\000\000\000\000\000\000"
 1240      00000000 
 1240      00000000 
 1240      00
 1241 49df 00000000 		.ascii	"\000\000\000\000\000\000\000\000\000\000\000\000\000"
 1241      00000000 
 1241      00000000 
 1241      00
 1242 49ec 00000000 		.ascii	"\000\000\000\000\000\000\000\000\000\000\000\000\000"
 1242      00000000 
 1242      00000000 
 1242      00
 1243 49f9 00000000 		.ascii	"\000\000\000\000\000\000\000\000\000\000\000\000\000"
 1243      00000000 
 1243      00000000 
 1243      00
 1244 4a06 00000000 		.ascii	"\000\000\000\000\000\000\000\000\000\000\000\000\000"
 1244      00000000 
 1244      00000000 
 1244      00
 1245 4a13 00000000 		.ascii	"\000\000\000\000\000\000\000\000\000\000\000\000\000"
 1245      00000000 
 1245      00000000 
 1245      00
 1246 4a20 00000000 		.ascii	"\000\000\000\000\000\000\000\000\000\000\000\000\000"
 1246      00000000 
 1246      00000000 
 1246      00
 1247 4a2d 00000000 		.ascii	"\000\000\000\000\000\000\000\000\000\000\000\000\000"
 1247      00000000 
 1247      00000000 
 1247      00
 1248 4a3a 00000000 		.ascii	"\000\000\000\000\000\000\000\000\000\000\000\000\000"
 1248      00000000 
 1248      00000000 
 1248      00
 1249 4a47 00000000 		.ascii	"\000\000\000\000\000\000\000\000\000\000\000\000\000"
 1249      00000000 
 1249      00000000 
 1249      00
 1250 4a54 00000000 		.ascii	"\000\000\000\000\000\000\000\000\000\000\000\000\000"
 1250      00000000 
 1250      00000000 
 1250      00
 1251 4a61 00000000 		.ascii	"\000\000\000\000\000\000\000\000\000\000\000\000\000"
 1251      00000000 
 1251      00000000 
 1251      00
ARM GAS  /tmp/ccaEXnhx.s 			page 94


 1252 4a6e 00000000 		.ascii	"\000\000\000\000\000\000\000\000\000\000\000\000\000"
 1252      00000000 
 1252      00000000 
 1252      00
 1253 4a7b 00000000 		.ascii	"\000\000\000\000\000\000\000\000\000\000\000\000\000"
 1253      00000000 
 1253      00000000 
 1253      00
 1254 4a88 00000000 		.ascii	"\000\000\000\000\000\000\000\000\000\000\000\000\000"
 1254      00000000 
 1254      00000000 
 1254      00
 1255 4a95 00000000 		.ascii	"\000\000\000\000\000\000\000\000\000\000\000\000\000"
 1255      00000000 
 1255      00000000 
 1255      00
 1256 4aa2 00000000 		.ascii	"\000\000\000\000\000\000\000\000\000\000\000\000\000"
 1256      00000000 
 1256      00000000 
 1256      00
 1257 4aaf 00000000 		.ascii	"\000\000\000\000\000\000\000\000\000\000\000\000\000"
 1257      00000000 
 1257      00000000 
 1257      00
 1258 4abc 00000000 		.ascii	"\000\000\000\000\000\000\000\000\000\000\000\000\000"
 1258      00000000 
 1258      00000000 
 1258      00
 1259 4ac9 00000000 		.ascii	"\000\000\000\000\000\000\000\000\000\000\000\000\000"
 1259      00000000 
 1259      00000000 
 1259      00
 1260 4ad6 00000000 		.ascii	"\000\000\000\000\000\000\000\000\000\000\000\000\000"
 1260      00000000 
 1260      00000000 
 1260      00
 1261 4ae3 00000000 		.ascii	"\000\000\000\000\000\000\000\000\000\000\000\000\000"
 1261      00000000 
 1261      00000000 
 1261      00
 1262 4af0 00000000 		.ascii	"\000\000\000\000\000\000\000\000\000\000\000\000\000"
 1262      00000000 
 1262      00000000 
 1262      00
 1263 4afd 00000000 		.ascii	"\000\000\000\000\000\000\000\000\000\000\000\000\000"
 1263      00000000 
 1263      00000000 
 1263      00
 1264 4b0a 00000000 		.ascii	"\000\000\000\000\000\000\000\000\000\000\000\000\000"
 1264      00000000 
 1264      00000000 
 1264      00
 1265 4b17 00000000 		.ascii	"\000\000\000\000\000\000\000\000\000\000\000\000\000"
 1265      00000000 
 1265      00000000 
 1265      00
 1266 4b24 00000000 		.ascii	"\000\000\000\000\000\000\000\000\000\000\000\000\000"
ARM GAS  /tmp/ccaEXnhx.s 			page 95


 1266      00000000 
 1266      00000000 
 1266      00
 1267 4b31 00000000 		.ascii	"\000\000\000\000\000\000\000\000\000\000\000\000\000"
 1267      00000000 
 1267      00000000 
 1267      00
 1268 4b3e 00000000 		.ascii	"\000\000\000\000\000\000\000\000\000\000\000\000\000"
 1268      00000000 
 1268      00000000 
 1268      00
 1269 4b4b 00000000 		.ascii	"\000\000\000\000\000\000\000\000\000\000\000\000\000"
 1269      00000000 
 1269      00000000 
 1269      00
 1270 4b58 00000000 		.ascii	"\000\000\000\000\000\000\000\000\000\000\000\000\000"
 1270      00000000 
 1270      00000000 
 1270      00
 1271 4b65 00000000 		.ascii	"\000\000\000\000\000\000\000\000\000\000\000\000\000"
 1271      00000000 
 1271      00000000 
 1271      00
 1272 4b72 00000000 		.ascii	"\000\000\000\000\000\000\000\000\000\000\000\000\000"
 1272      00000000 
 1272      00000000 
 1272      00
 1273 4b7f 00000000 		.ascii	"\000\000\000\000\000\000\000\000\000\000\000\000\000"
 1273      00000000 
 1273      00000000 
 1273      00
 1274 4b8c 00000000 		.ascii	"\000\000\000\000\000\000\000\000\000\000\000\000\000"
 1274      00000000 
 1274      00000000 
 1274      00
 1275 4b99 00000000 		.ascii	"\000\000\000\000\000\000\000\000\000\000\000\000\000"
 1275      00000000 
 1275      00000000 
 1275      00
 1276 4ba6 00000000 		.ascii	"\000\000\000\000\000\000\000\000\000\000\000\000\000"
 1276      00000000 
 1276      00000000 
 1276      00
 1277 4bb3 00000000 		.ascii	"\000\000\000\000\000\000\000\000\000\000\000\000\000"
 1277      00000000 
 1277      00000000 
 1277      00
 1278 4bc0 00000000 		.ascii	"\000\000\000\000\000\000\000\000\000\000\000\000\000"
 1278      00000000 
 1278      00000000 
 1278      00
 1279 4bcd 00000000 		.ascii	"\000\000\000\000\000\000\000\000\000\000\000\000\000"
 1279      00000000 
 1279      00000000 
 1279      00
 1280 4bda 00000000 		.ascii	"\000\000\000\000\000\000\000\000\000\000\000\000\000"
 1280      00000000 
ARM GAS  /tmp/ccaEXnhx.s 			page 96


 1280      00000000 
 1280      00
 1281 4be7 00000000 		.ascii	"\000\000\000\000\000\000\000\000\000\000\000\000\000"
 1281      00000000 
 1281      00000000 
 1281      00
 1282 4bf4 00000000 		.ascii	"\000\000\000\000\000\000\000\000\000\000\000\000\000"
 1282      00000000 
 1282      00000000 
 1282      00
 1283 4c01 00000000 		.ascii	"\000\000\000\000\000\000\000\000\000\000\000\000\000"
 1283      00000000 
 1283      00000000 
 1283      00
 1284 4c0e 00000000 		.ascii	"\000\000\000\000\000\000\000\000\000\000\000\000\000"
 1284      00000000 
 1284      00000000 
 1284      00
 1285 4c1b 00000000 		.ascii	"\000\000\000\000\000\000\000\000\000\000\000\000\000"
 1285      00000000 
 1285      00000000 
 1285      00
 1286 4c28 00000000 		.ascii	"\000\000\000\000\000\000\000\000\000\000\000\000\000"
 1286      00000000 
 1286      00000000 
 1286      00
 1287 4c35 00000000 		.ascii	"\000\000\000\000\000\000\000\000\000\000\000\000\000"
 1287      00000000 
 1287      00000000 
 1287      00
 1288 4c42 00000000 		.ascii	"\000\000\000\000\000\000\000\000\000\000\000\000\000"
 1288      00000000 
 1288      00000000 
 1288      00
 1289 4c4f 00000000 		.ascii	"\000\000\000\000\000\000\000\000\000\000\000\000\000"
 1289      00000000 
 1289      00000000 
 1289      00
 1290 4c5c 00000000 		.ascii	"\000\000\000\000\000\000\000\000\000\000\000\000\000"
 1290      00000000 
 1290      00000000 
 1290      00
 1291 4c69 00000000 		.ascii	"\000\000\000\000\000\000\000\000\000\000\000\000\000"
 1291      00000000 
 1291      00000000 
 1291      00
 1292 4c76 00000000 		.ascii	"\000\000\000\000\000\000\000\000\000\000\000\000\000"
 1292      00000000 
 1292      00000000 
 1292      00
 1293 4c83 00000000 		.ascii	"\000\000\000\000\000\000\000\000\000\000\000\000\000"
 1293      00000000 
 1293      00000000 
 1293      00
 1294 4c90 00000000 		.ascii	"\000\000\000\000\000\000\000\000\000\000\000\000\000"
 1294      00000000 
 1294      00000000 
ARM GAS  /tmp/ccaEXnhx.s 			page 97


 1294      00
 1295 4c9d 00000000 		.ascii	"\000\000\000\000\000\000\000\000\000\000\000\000\000"
 1295      00000000 
 1295      00000000 
 1295      00
 1296 4caa 00000000 		.ascii	"\000\000\000\000\000\000\000\000\000\000\000\000\000"
 1296      00000000 
 1296      00000000 
 1296      00
 1297 4cb7 00000000 		.ascii	"\000\000\000\000\000\000\000\000\000\000\000\000\000"
 1297      00000000 
 1297      00000000 
 1297      00
 1298 4cc4 00000000 		.ascii	"\000\000\000\000\000\000\000\000\000\000\000\000\000"
 1298      00000000 
 1298      00000000 
 1298      00
 1299 4cd1 00000000 		.ascii	"\000\000\000\000\000\000\000\000\000\000\000\000\000"
 1299      00000000 
 1299      00000000 
 1299      00
 1300 4cde 00000000 		.ascii	"\000\000\000\000\000\000\000\000\000\000\000\000\000"
 1300      00000000 
 1300      00000000 
 1300      00
 1301 4ceb 00000000 		.ascii	"\000\000\000\000\000\000\000\000\000\000\000\000\000"
 1301      00000000 
 1301      00000000 
 1301      00
 1302 4cf8 00000000 		.ascii	"\000\000\000\000\000\000\000\000\000\000\000\000\000"
 1302      00000000 
 1302      00000000 
 1302      00
 1303 4d05 00000000 		.ascii	"\000\000\000\000\000\000\000\000\000\000\000\000\000"
 1303      00000000 
 1303      00000000 
 1303      00
 1304 4d12 00000000 		.ascii	"\000\000\000\000\000\000\000\000\000\000\000\000\000"
 1304      00000000 
 1304      00000000 
 1304      00
 1305 4d1f 00000000 		.ascii	"\000\000\000\000\000\000\000\000\000\000\000\000\000"
 1305      00000000 
 1305      00000000 
 1305      00
 1306 4d2c 00000000 		.ascii	"\000\000\000\000\000\000\000\000\000\000\000\000\000"
 1306      00000000 
 1306      00000000 
 1306      00
 1307 4d39 00000000 		.ascii	"\000\000\000\000\000\000\000\000\000\000\000\000\000"
 1307      00000000 
 1307      00000000 
 1307      00
 1308 4d46 00000000 		.ascii	"\000\000\000\000\000\000\000\000\000\000\000\000\000"
 1308      00000000 
 1308      00000000 
 1308      00
ARM GAS  /tmp/ccaEXnhx.s 			page 98


 1309 4d53 00000000 		.ascii	"\000\000\000\000\000\000\000\000\000\000\000\000\000"
 1309      00000000 
 1309      00000000 
 1309      00
 1310 4d60 00000000 		.ascii	"\000\000\000\000\000\000\000\000\000\000\000\000\000"
 1310      00000000 
 1310      00000000 
 1310      00
 1311 4d6d 00000000 		.ascii	"\000\000\000\000\000\000\000\000\000\000\000\000\000"
 1311      00000000 
 1311      00000000 
 1311      00
 1312 4d7a 00000000 		.ascii	"\000\000\000\000\000\000\000\000\000\000\000\000\000"
 1312      00000000 
 1312      00000000 
 1312      00
 1313 4d87 00000000 		.ascii	"\000\000\000\000\000\000\000\000\000\000\000\000\000"
 1313      00000000 
 1313      00000000 
 1313      00
 1314 4d94 00000000 		.ascii	"\000\000\000\000\000\000\000\000\000\000\000\000\000"
 1314      00000000 
 1314      00000000 
 1314      00
 1315 4da1 00000000 		.ascii	"\000\000\000\000\000\000\000\000\000\000\000\000\000"
 1315      00000000 
 1315      00000000 
 1315      00
 1316 4dae 00000000 		.ascii	"\000\000\000\000\000\000\000\000\000\000\000\000\000"
 1316      00000000 
 1316      00000000 
 1316      00
 1317 4dbb 00000000 		.ascii	"\000\000\000\000\000\000\000\000\000\000\000\000\000"
 1317      00000000 
 1317      00000000 
 1317      00
 1318 4dc8 00000000 		.ascii	"\000\000\000\000\000\000\000\000\000\000\000\000\000"
 1318      00000000 
 1318      00000000 
 1318      00
 1319 4dd5 00000000 		.ascii	"\000\000\000\000\000\000\000\000\000\000\000\000\000"
 1319      00000000 
 1319      00000000 
 1319      00
 1320 4de2 00000000 		.ascii	"\000\000\000\000\000\000\000\000\000\000\000\000\000"
 1320      00000000 
 1320      00000000 
 1320      00
 1321 4def 00000000 		.ascii	"\000\000\000\000\000\000\000\000\000\000\000\000\000"
 1321      00000000 
 1321      00000000 
 1321      00
 1322 4dfc 00000000 		.ascii	"\000\000\000\000\000\000\000\000\000\000\000\000\000"
 1322      00000000 
 1322      00000000 
 1322      00
 1323 4e09 00000000 		.ascii	"\000\000\000\000\000\000\000\000\000\000\000\000\000"
ARM GAS  /tmp/ccaEXnhx.s 			page 99


 1323      00000000 
 1323      00000000 
 1323      00
 1324 4e16 00000000 		.ascii	"\000\000\000\000\000\000\000\000\000\000\000\000\000"
 1324      00000000 
 1324      00000000 
 1324      00
 1325 4e23 00000000 		.ascii	"\000\000\000\000\000\000\000\000\000\000\000\000\000"
 1325      00000000 
 1325      00000000 
 1325      00
 1326 4e30 00000000 		.ascii	"\000\000\000\000\000\000\000\000\000\000\000\000\000"
 1326      00000000 
 1326      00000000 
 1326      00
 1327 4e3d 00000000 		.ascii	"\000\000\000\000\000\000\000\000\000\000\000\000\000"
 1327      00000000 
 1327      00000000 
 1327      00
 1328 4e4a 00000000 		.ascii	"\000\000\000\000\000\000\000\000\000\000\000\000\000"
 1328      00000000 
 1328      00000000 
 1328      00
 1329 4e57 00000000 		.ascii	"\000\000\000\000\000\000\000\000\000\000\000\000\000"
 1329      00000000 
 1329      00000000 
 1329      00
 1330 4e64 00000000 		.ascii	"\000\000\000\000\000\000\000\000\000\000\000\000\000"
 1330      00000000 
 1330      00000000 
 1330      00
 1331 4e71 00000000 		.ascii	"\000\000\000\000\000\000\000\000\000\000\000\000\000"
 1331      00000000 
 1331      00000000 
 1331      00
 1332 4e7e 00000000 		.ascii	"\000\000\000\000\000\000\000\000\000\000\000\000\000"
 1332      00000000 
 1332      00000000 
 1332      00
 1333 4e8b 00000000 		.ascii	"\000\000\000\000\000\000\000\000\000\000\000\000\000"
 1333      00000000 
 1333      00000000 
 1333      00
 1334 4e98 00000000 		.ascii	"\000\000\000\000\000\000\000\000\000\000\000\000\000"
 1334      00000000 
 1334      00000000 
 1334      00
 1335 4ea5 00000000 		.ascii	"\000\000\000\000\000\000\000\000\000\000\000\000\000"
 1335      00000000 
 1335      00000000 
 1335      00
 1336 4eb2 00000000 		.ascii	"\000\000\000\000\000\000\000\000\000\000\000\000\000"
 1336      00000000 
 1336      00000000 
 1336      00
 1337 4ebf 00000000 		.ascii	"\000\000\000\000\000\000\000\000\000\000\000\000\000"
 1337      00000000 
ARM GAS  /tmp/ccaEXnhx.s 			page 100


 1337      00000000 
 1337      00
 1338 4ecc 00000000 		.ascii	"\000\000\000\000\000\000\000\000\000\000\000\000\000"
 1338      00000000 
 1338      00000000 
 1338      00
 1339 4ed9 00000000 		.ascii	"\000\000\000\000\000\000\000\000\000\000\000\000\000"
 1339      00000000 
 1339      00000000 
 1339      00
 1340 4ee6 00000000 		.ascii	"\000\000\000\000\000\000\000\000\000\000\000\000\000"
 1340      00000000 
 1340      00000000 
 1340      00
 1341 4ef3 00000000 		.ascii	"\000\000\000\000\000\000\000\000\000\000\000\000\000"
 1341      00000000 
 1341      00000000 
 1341      00
 1342 4f00 00000000 		.ascii	"\000\000\000\000\000\000\000\000\000\000\000\000\000"
 1342      00000000 
 1342      00000000 
 1342      00
 1343 4f0d 00000000 		.ascii	"\000\000\000\000\000\000\000\000\000\000\000\000\000"
 1343      00000000 
 1343      00000000 
 1343      00
 1344 4f1a 00000000 		.ascii	"\000\000\000\000\000\000\000\000\000\000\000\000\000"
 1344      00000000 
 1344      00000000 
 1344      00
 1345 4f27 00000000 		.ascii	"\000\000\000\000\000\000\000\000\000\000\000\000\000"
 1345      00000000 
 1345      00000000 
 1345      00
 1346 4f34 00000000 		.ascii	"\000\000\000\000\000\000\000\000\000\000\000\000\000"
 1346      00000000 
 1346      00000000 
 1346      00
 1347 4f41 00000000 		.ascii	"\000\000\000\000\000\000\000\000\000\000\000\000\000"
 1347      00000000 
 1347      00000000 
 1347      00
 1348 4f4e 00000000 		.ascii	"\000\000\000\000\000\000\000\000\000\000\000\000\000"
 1348      00000000 
 1348      00000000 
 1348      00
 1349 4f5b 00000000 		.ascii	"\000\000\000\000\000\000\000\000\000\000\000\000\000"
 1349      00000000 
 1349      00000000 
 1349      00
 1350 4f68 00000000 		.ascii	"\000\000\000\000\000\000\000\000\000\000\000\000\000"
 1350      00000000 
 1350      00000000 
 1350      00
 1351 4f75 00000000 		.ascii	"\000\000\000\000\000\000\000\000\000\000\000\000\000"
 1351      00000000 
 1351      00000000 
ARM GAS  /tmp/ccaEXnhx.s 			page 101


 1351      00
 1352 4f82 00000000 		.ascii	"\000\000\000\000\000\000\000\000\000\000\000\000\000"
 1352      00000000 
 1352      00000000 
 1352      00
 1353 4f8f 00000000 		.ascii	"\000\000\000\000\000\000\000\000\000\000\000\000\000"
 1353      00000000 
 1353      00000000 
 1353      00
 1354 4f9c 00000000 		.ascii	"\000\000\000\000\000\000\000\000\000\000\000\000\000"
 1354      00000000 
 1354      00000000 
 1354      00
 1355 4fa9 00000000 		.ascii	"\000\000\000\000\000\000\000\000\000\000\000\000\000"
 1355      00000000 
 1355      00000000 
 1355      00
 1356 4fb6 00000000 		.ascii	"\000\000\000\000\000\000\000\000\000\000\000\000\000"
 1356      00000000 
 1356      00000000 
 1356      00
 1357 4fc3 00000000 		.ascii	"\000\000\000\000\000\000\000\000\000\000\000\000\000"
 1357      00000000 
 1357      00000000 
 1357      00
 1358 4fd0 00000000 		.ascii	"\000\000\000\000\000\000\000\000\000\000\000\000\000"
 1358      00000000 
 1358      00000000 
 1358      00
 1359 4fdd 00000000 		.ascii	"\000\000\000\000\000\000\000\000\000\000\000\000\000"
 1359      00000000 
 1359      00000000 
 1359      00
 1360 4fea 00000000 		.ascii	"\000\000\000\000\000\000\000\000\000\000\000\000\000"
 1360      00000000 
 1360      00000000 
 1360      00
 1361 4ff7 00000000 		.ascii	"\000\000\000\000\000\000\000\000\000\000\000\000\000"
 1361      00000000 
 1361      00000000 
 1361      00
 1362 5004 00000000 		.ascii	"\000\000\000\000\000\000\000\000\000\000\000\000\000"
 1362      00000000 
 1362      00000000 
 1362      00
 1363 5011 00000000 		.ascii	"\000\000\000\000\000\000\000\000\000\000\000\000\000"
 1363      00000000 
 1363      00000000 
 1363      00
 1364 501e 00000000 		.ascii	"\000\000\000\000\000\000\000\000\000\000\000\000\000"
 1364      00000000 
 1364      00000000 
 1364      00
 1365 502b 00000000 		.ascii	"\000\000\000\000\000\000\000\000\000\000\000\000\000"
 1365      00000000 
 1365      00000000 
 1365      00
ARM GAS  /tmp/ccaEXnhx.s 			page 102


 1366 5038 00000000 		.ascii	"\000\000\000\000\000\000\000\000\000\000\000\000\000"
 1366      00000000 
 1366      00000000 
 1366      00
 1367 5045 00000000 		.ascii	"\000\000\000\000\000\000\000\000\000\000\000\000\000"
 1367      00000000 
 1367      00000000 
 1367      00
 1368 5052 00000000 		.ascii	"\000\000\000\000\000\000\000\000\000\000\000\000\000"
 1368      00000000 
 1368      00000000 
 1368      00
 1369 505f 00000000 		.ascii	"\000\000\000\000\000\000\000\000\000\000\000\000\000"
 1369      00000000 
 1369      00000000 
 1369      00
 1370 506c 00000000 		.ascii	"\000\000\000\000\000\000\000\000\000\000\000\000\000"
 1370      00000000 
 1370      00000000 
 1370      00
 1371 5079 00000000 		.ascii	"\000\000\000\000\000\000\000\000\000\000\000\000\000"
 1371      00000000 
 1371      00000000 
 1371      00
 1372 5086 00000000 		.ascii	"\000\000\000\000\000\000\000\000\000\000\000\000\000"
 1372      00000000 
 1372      00000000 
 1372      00
 1373 5093 00000000 		.ascii	"\000\000\000\000\000\000\000\000\000\000\000\000\000"
 1373      00000000 
 1373      00000000 
 1373      00
 1374 50a0 00000000 		.ascii	"\000\000\000\000\000\000\000\000\000\000\000\000\000"
 1374      00000000 
 1374      00000000 
 1374      00
 1375 50ad 00000000 		.ascii	"\000\000\000\000\000\000\000\000\000\000\000\000\000"
 1375      00000000 
 1375      00000000 
 1375      00
 1376 50ba 00000000 		.ascii	"\000\000\000\000\000\000\000\000\000\000\000\000\000"
 1376      00000000 
 1376      00000000 
 1376      00
 1377 50c7 00000000 		.ascii	"\000\000\000\000\000\000\000\000\000\000\000\000\000"
 1377      00000000 
 1377      00000000 
 1377      00
 1378 50d4 00000000 		.ascii	"\000\000\000\000\000\000\000\000\000\000\000\000\000"
 1378      00000000 
 1378      00000000 
 1378      00
 1379 50e1 00000000 		.ascii	"\000\000\000\000\000\000\000\000\000\000\000\000\000"
 1379      00000000 
 1379      00000000 
 1379      00
 1380 50ee 00000000 		.ascii	"\000\000\000\000\000\000\000\000\000\000\000\000\000"
ARM GAS  /tmp/ccaEXnhx.s 			page 103


 1380      00000000 
 1380      00000000 
 1380      00
 1381 50fb 00000000 		.ascii	"\000\000\000\000\000\000\000\000\000\000\000\000\000"
 1381      00000000 
 1381      00000000 
 1381      00
 1382 5108 00000000 		.ascii	"\000\000\000\000\000\000\000\000\000\000\000\000\000"
 1382      00000000 
 1382      00000000 
 1382      00
 1383 5115 00000000 		.ascii	"\000\000\000\000\000\000\000\000\000\000\000\000\000"
 1383      00000000 
 1383      00000000 
 1383      00
 1384 5122 00000000 		.ascii	"\000\000\000\000\000\000\000\000\000\000\000\000\000"
 1384      00000000 
 1384      00000000 
 1384      00
 1385 512f 00000000 		.ascii	"\000\000\000\000\000\000\000\000\000\000\000\000\000"
 1385      00000000 
 1385      00000000 
 1385      00
 1386 513c 00000000 		.ascii	"\000\000\000\000\000\000\000\000\000\000\000\000\000"
 1386      00000000 
 1386      00000000 
 1386      00
 1387 5149 00000000 		.ascii	"\000\000\000\000\000\000\000\000\000\000\000\000\000"
 1387      00000000 
 1387      00000000 
 1387      00
 1388 5156 00000000 		.ascii	"\000\000\000\000\000\000\000\000\000\000\000\000\000"
 1388      00000000 
 1388      00000000 
 1388      00
 1389 5163 00000000 		.ascii	"\000\000\000\000\000\000\000\000\000\000\000\000\000"
 1389      00000000 
 1389      00000000 
 1389      00
 1390 5170 00000000 		.ascii	"\000\000\000\000\000\000\000\000\000\000\000\000\000"
 1390      00000000 
 1390      00000000 
 1390      00
 1391 517d 00000000 		.ascii	"\000\000\000\000\000\000\000\000\000\000\000\000\000"
 1391      00000000 
 1391      00000000 
 1391      00
 1392 518a 00000000 		.ascii	"\000\000\000\000\000\000\000\000\000\000\000\000\000"
 1392      00000000 
 1392      00000000 
 1392      00
 1393 5197 00000000 		.ascii	"\000\000\000\000\000\000\000\000\000\000\000\000\000"
 1393      00000000 
 1393      00000000 
 1393      00
 1394 51a4 00000000 		.ascii	"\000\000\000\000\000\000\000\000\000\000\000\000\000"
 1394      00000000 
ARM GAS  /tmp/ccaEXnhx.s 			page 104


 1394      00000000 
 1394      00
 1395 51b1 00000000 		.ascii	"\000\000\000\000\000\000\000\000\000\000\000\000\000"
 1395      00000000 
 1395      00000000 
 1395      00
 1396 51be 00000000 		.ascii	"\000\000\000\000\000\000\000\000\000\000\000\000\000"
 1396      00000000 
 1396      00000000 
 1396      00
 1397 51cb 00000000 		.ascii	"\000\000\000\000\000\000\000\000\000\000\000\000\000"
 1397      00000000 
 1397      00000000 
 1397      00
 1398 51d8 00000000 		.ascii	"\000\000\000\000\000\000\000\000\000\000\000\000\000"
 1398      00000000 
 1398      00000000 
 1398      00
 1399 51e5 00000000 		.ascii	"\000\000\000\000\000\000\000\000\000\000\000\000\000"
 1399      00000000 
 1399      00000000 
 1399      00
 1400 51f2 00000000 		.ascii	"\000\000\000\000\000\000\000\000\000\000\000\000\000"
 1400      00000000 
 1400      00000000 
 1400      00
 1401 51ff 00000000 		.ascii	"\000\000\000\000\000\000\000\000\000\000\000\000\000"
 1401      00000000 
 1401      00000000 
 1401      00
 1402 520c 00000000 		.ascii	"\000\000\000\000\000\000\000\000\000\000\000\000\000"
 1402      00000000 
 1402      00000000 
 1402      00
 1403 5219 00000000 		.ascii	"\000\000\000\000\000\000\000\000\000\000\000\000\000"
 1403      00000000 
 1403      00000000 
 1403      00
 1404 5226 00000000 		.ascii	"\000\000\000\000\000\000\000\000\000\000\000\000\000"
 1404      00000000 
 1404      00000000 
 1404      00
 1405 5233 00000000 		.ascii	"\000\000\000\000\000\000\000\000\000\000\000\000\000"
 1405      00000000 
 1405      00000000 
 1405      00
 1406 5240 00000000 		.ascii	"\000\000\000\000\000\000\000\000\000\000\000\000\000"
 1406      00000000 
 1406      00000000 
 1406      00
 1407 524d 00000000 		.ascii	"\000\000\000\000\000\000\000\000\000\000\000\000\000"
 1407      00000000 
 1407      00000000 
 1407      00
 1408 525a 00000000 		.ascii	"\000\000\000\000\000\000\000\000\000\000\000\000\000"
 1408      00000000 
 1408      00000000 
ARM GAS  /tmp/ccaEXnhx.s 			page 105


 1408      00
 1409 5267 00000000 		.ascii	"\000\000\000\000\000\000\000\000\000\000\000\000\000"
 1409      00000000 
 1409      00000000 
 1409      00
 1410 5274 00000000 		.ascii	"\000\000\000\000\000\000\000\000\000\000\000\000\000"
 1410      00000000 
 1410      00000000 
 1410      00
 1411 5281 00000000 		.ascii	"\000\000\000\000\000\000\000\000\000\000\000\000\000"
 1411      00000000 
 1411      00000000 
 1411      00
 1412 528e 00000000 		.ascii	"\000\000\000\000\000\000\000\000\000\000\000\000\000"
 1412      00000000 
 1412      00000000 
 1412      00
 1413 529b 00000000 		.ascii	"\000\000\000\000\000\000\000\000\000\000\000\000\000"
 1413      00000000 
 1413      00000000 
 1413      00
 1414 52a8 00000000 		.ascii	"\000\000\000\000\000\000\000\000\000\000\000\000\000"
 1414      00000000 
 1414      00000000 
 1414      00
 1415 52b5 00000000 		.ascii	"\000\000\000\000\000\000\000\000\000\000\000\000\000"
 1415      00000000 
 1415      00000000 
 1415      00
 1416 52c2 00000000 		.ascii	"\000\000\000\000\000\000\000\000\000\000\000\000\000"
 1416      00000000 
 1416      00000000 
 1416      00
 1417 52cf 00000000 		.ascii	"\000\000\000\000\000\000\000\000\000\000\000\000\000"
 1417      00000000 
 1417      00000000 
 1417      00
 1418 52dc 00000000 		.ascii	"\000\000\000\000\000\000\000\000\000\000\000\000\000"
 1418      00000000 
 1418      00000000 
 1418      00
 1419 52e9 00000000 		.ascii	"\000\000\000\000\000\000\000\000\000\000\000\000\000"
 1419      00000000 
 1419      00000000 
 1419      00
 1420 52f6 00000000 		.ascii	"\000\000\000\000\000\000\000\000\000\000\000\000\000"
 1420      00000000 
 1420      00000000 
 1420      00
 1421 5303 00000000 		.ascii	"\000\000\000\000\000\000\000\000\000\000\000\000\000"
 1421      00000000 
 1421      00000000 
 1421      00
 1422 5310 00000000 		.ascii	"\000\000\000\000\000\000\000\000\000\000\000\000\000"
 1422      00000000 
 1422      00000000 
 1422      00
ARM GAS  /tmp/ccaEXnhx.s 			page 106


 1423 531d 00000000 		.ascii	"\000\000\000\000\000\000\000\000\000\000\000\000\000"
 1423      00000000 
 1423      00000000 
 1423      00
 1424 532a 00000000 		.ascii	"\000\000\000\000\000\000\000\000\000\000\000\000\000"
 1424      00000000 
 1424      00000000 
 1424      00
 1425 5337 00000000 		.ascii	"\000\000\000\000\000\000\000\000\000\000\000\000\000"
 1425      00000000 
 1425      00000000 
 1425      00
 1426 5344 00000000 		.ascii	"\000\000\000\000\000\000\000\000\000\000\000\000\000"
 1426      00000000 
 1426      00000000 
 1426      00
 1427 5351 00000000 		.ascii	"\000\000\000\000\000\000\000\000\000\000\000\000\000"
 1427      00000000 
 1427      00000000 
 1427      00
 1428 535e 00000000 		.ascii	"\000\000\000\000\000\000\000\000\000\000\000\000\000"
 1428      00000000 
 1428      00000000 
 1428      00
 1429 536b 00000000 		.ascii	"\000\000\000\000\000\000\000\000\000\000\000\000\000"
 1429      00000000 
 1429      00000000 
 1429      00
 1430 5378 00000000 		.ascii	"\000\000\000\000\000\000\000\000\000\000\000\000\000"
 1430      00000000 
 1430      00000000 
 1430      00
 1431 5385 00000000 		.ascii	"\000\000\000\000\000\000\000\000\000\000\000\000\000"
 1431      00000000 
 1431      00000000 
 1431      00
 1432 5392 00000000 		.ascii	"\000\000\000\000\000\000\000\000\000\000\000\000\000"
 1432      00000000 
 1432      00000000 
 1432      00
 1433 539f 00000000 		.ascii	"\000\000\000\000\000\000\000\000\000\000\000\000\000"
 1433      00000000 
 1433      00000000 
 1433      00
 1434 53ac 00000000 		.ascii	"\000\000\000\000\000\000\000\000\000\000\000\000\000"
 1434      00000000 
 1434      00000000 
 1434      00
 1435 53b9 00000000 		.ascii	"\000\000\000\000\000\000\000\000\000\000\000\000\000"
 1435      00000000 
 1435      00000000 
 1435      00
 1436 53c6 00000000 		.ascii	"\000\000\000\000\000\000\000\000\000\000\000\000\000"
 1436      00000000 
 1436      00000000 
 1436      00
 1437 53d3 00000000 		.ascii	"\000\000\000\000\000\000\000\000\000\000\000\000\000"
ARM GAS  /tmp/ccaEXnhx.s 			page 107


 1437      00000000 
 1437      00000000 
 1437      00
 1438 53e0 00000000 		.ascii	"\000\000\000\000\000\000\000\000\000\000\000\000\000"
 1438      00000000 
 1438      00000000 
 1438      00
 1439 53ed 00000000 		.ascii	"\000\000\000\000\000\000\000\000\000\000\000\000\000"
 1439      00000000 
 1439      00000000 
 1439      00
 1440 53fa 00000000 		.ascii	"\000\000\000\000\000\000h(\031\000\000\000\000\000\\"
 1440      00006828 
 1440      19000000 
 1440      00005C
 1441 5409 4F022040 		.ascii	"O\002 @O\002 \\O\002 \331&\002 \005\261a\000\000\005"
 1441      4F02205C 
 1441      4F0220D9 
 1441      26022005 
 1441      B1610000 
 1442 541e 09F57E3D 		.ascii	"\011\365~=\307\012\255\0064\002\000\000\000\000\000"
 1442      C70AAD06 
 1442      34020000 
 1442      000000
 1443 542d 29022000 		.ascii	")\002 \000\000\000\000\000\000\000\000\000\000\000\000"
 1443      00000000 
 1443      00000000 
 1443      000000
 1444 543c 84C4625F 		.ascii	"\204\304b_\360\265\213\260\000\360\230\372{IzH\010`"
 1444      F0B58BB0 
 1444      00F098FA 
 1444      7B497A48 
 1444      0860
 1445 544e 7C487A49 		.ascii	"|HzI\001b|J{IQ`}O{I~K\371b|I\331cxI|J\3401\212c|J\312"
 1445      01627C4A 
 1445      7B495160 
 1445      7D4F7B49 
 1445      7E4BF962 
 1446 5471 637C4A40 		.ascii	"c|J@1\012`\234F|JzK\011\222\323c:F\2002zK\010\222\023"
 1446      310A609C 
 1446      467C4A7A 
 1446      4B0992D3 
 1446      633A4680 
 1447 548b 61794A3A 		.ascii	"ayJ:czLyJ\242`zJ\012atJyI\2002\221a\001F\2001xJ\001"
 1447      637A4C79 
 1447      4AA2607A 
 1447      4A0A6174 
 1447      4A794980 
 1448 54a9 914A6279 		.ascii	"\221JbyJ\006FvI\3006\361avIQ`\305\037\323\035vI\371"
 1448      4A064676 
 1448      49C036F1 
 1448      61764951 
 1448      60C51FD3 
 1449 54c1 3D6963F9 		.ascii	"=ic\3713uI\231b)F@9tJ\007\221Ja`JsI@2\236F\006\222Q"
 1449      33754999 
 1449      62294640 
 1449      39744A07 
ARM GAS  /tmp/ccaEXnhx.s 			page 108


 1449      914A6160 
 1450 54df 60714963 		.ascii	"`qIcF\031bqI\331bqI\301cqI\201bqIAbqI\301bqI\361cqI"
 1450      46196271 
 1450      49D96271 
 1450      49C16371 
 1450      49816271 
 1451 5500 41637148 		.ascii	"AcqHsF\030c\021FpH\340a\3001oH\000\221\010`1FnH\300"
 1451      73461863 
 1451      11467048 
 1451      E061C031 
 1451      6F480091 
 1452 551b 31C8636F 		.ascii	"1\310coImHH`\"F\300:mH\320a\021F\2001lH\005\221\010"
 1452      496D4848 
 1452      602246C0 
 1452      3A6D48D0 
 1452      61114680 
 1453 5535 62FF3101 		.ascii	"b\3771\0011kH\004\221HbjHXbjH\220a1FjH\2009\010`iHh"
 1453      316B4804 
 1453      9148626A 
 1453      4858626A 
 1453      48906131 
 1454 5553 614F4869 		.ascii	"aOHiI\2008\003\220\001a\3000gI\002\220\301c\006\232"
 1454      49803803 
 1454      900161C0 
 1454      30674902 
 1454      90C16306 
 1455 5568 66485061 		.ascii	"fHPa)FfH\2001\010b!FeH\2009HbdH\200x\000(\011\320cH"
 1455      29466648 
 1455      80310862 
 1455      21466548 
 1455      80394862 
 1456 5586 C1680029 		.ascii	"\301h\000)\002\320\200h\002\360=\370aI\007 \010p\002"
 1456      02D08068 
 1456      02F03DF8 
 1456      61490720 
 1456      087002
 1457 5599 F03EF85F 		.ascii	"\360>\370_H\240c\004\230_I\001a\001\230^I\301c\011\230"
 1457      48A06304 
 1457      985F4901 
 1457      6101985E 
 1457      49C16309 
 1458 55ae 5E490161 		.ascii	"^I\001a^Hpa-H]I\2008\001a\002\231\\J\012c-J\\I@2Qc["
 1458      5E487061 
 1458      2D485D49 
 1458      80380161 
 1458      02995C4A 
 1459 55cd 4961625B 		.ascii	"Iab[I!b[I\261b[I\201b\005\230[IAc[H\250`\007\230ZI\001"
 1459      4921625B 
 1459      49B1625B 
 1459      49816205 
 1459      985B4941 
 1460 55eb 6008985A 		.ascii	"`\010\230ZI\301c\000\230YI\301a\034IYH\3001\210`\003"
 1460      49C16300 
 1460      985949C1 
 1460      611C4959 
 1460      48C03188 
 1461 5601 98584901 		.ascii	"\230XI\001`\031IWH@1\310c\016IVH 1H`VH\\1\010`\001\230"
ARM GAS  /tmp/ccaEXnhx.s 			page 109


 1461      60194957 
 1461      484031C8 
 1461      630E4956 
 1461      48203148 
 1462 561e 5549C162 		.ascii	"UI\301bUH\370c\000\230TI\001bTH(c\013\260\360\275!0"
 1462      5548F863 
 1462      00985449 
 1462      01625448 
 1462      28630BB0 
 1463 5636 0220DC08 		.ascii	"\002 \334\010\002 \225.\002 \234\007\002 \2470\002 "
 1463      0220952E 
 1463      02209C07 
 1463      0220A730 
 1463      0220
 1464 5648 50010220 		.ascii	"P\001\002 \301*\002 \234\005\002 \025D\002 \234\016"
 1464      C12A0220 
 1464      9C050220 
 1464      15440220 
 1464      9C0E
 1465 565a 02201131 		.ascii	"\002 \0211\002 71\002 i1\002 u>\002 \\\013\002 \335"
 1465      02203731 
 1465      02206931 
 1465      0220753E 
 1465      02205C0B 
 1466 5671 2A0220EF 		.ascii	"*\002 \357*\002 \355@\002 \\\015\002 \2171\002 \225"
 1466      2A0220ED 
 1466      4002205C 
 1466      0D02208F 
 1466      31022095 
 1467 5685 3E0220B7 		.ascii	">\002 \2671\002 \3751\002 !2\002 \034\012\002 \3019"
 1467      310220FD 
 1467      31022021 
 1467      3202201C 
 1467      0A0220C1 
 1468 569a 0220EB39 		.ascii	"\002 \3539\002 \267,\002 \301D\002 sD\002 ID\002 9+"
 1468      0220B72C 
 1468      0220C144 
 1468      02207344 
 1468      02204944 
 1469 56b2 0220092E 		.ascii	"\002 \011.\002 }.\002 \361-\002 \3072\002 -/\002 \277"
 1469      02207D2E 
 1469      0220F12D 
 1469      0220C732 
 1469      02202D2F 
 1470 56c9 3B02202B 		.ascii	";\002 +A\002 [A\002 I4\002 \1774\002 \360\002\002 \211"
 1470      4102205B 
 1470      41022049 
 1470      3402207F 
 1470      340220F0 
 1471 56e1 400220A3 		.ascii	"@\002 \243A\002 =C\002 \311;\002 \271?\002 \315/\002"
 1471      4102203D 
 1471      430220C9 
 1471      3B0220B9 
 1471      3F0220CD 
 1472 56f7 20013C02 		.ascii	" \001<\002 \2174\002 18\002 3E\002 \205-\002 YB\002"
 1472      208F3402 
 1472      20313802 
ARM GAS  /tmp/ccaEXnhx.s 			page 110


 1472      20334502 
 1472      20852D02 
 1473 570f 20A82502 		.ascii	" \250%\002 |&\002 \304%\002 1B\002 \307C\002 \2274\002"
 1473      207C2602 
 1473      20C42502 
 1473      20314202 
 1473      20C74302 
 1474 5727 20A33C02 		.ascii	" \243<\002 \361<\002 \2058\002 )9\002 \241B\002 \303"
 1474      20F13C02 
 1474      20853802 
 1474      20293902 
 1474      20A14202 
 1475 573d 420220B9 		.ascii	"B\002 \271A\002 \3114\002 \2059\002 \347B\002 K,\002"
 1475      410220C9 
 1475      34022085 
 1475      390220E7 
 1475      4202204B 
 1476 5753 20632C02 		.ascii	" c,\002 \215,\002 eE\002 y?\002 \3774\002 \275>\002"
 1476      208D2C02 
 1476      20654502 
 1476      20793F02 
 1476      20FF3402 
 1477 576b 20373502 		.ascii	" 75\002 e5\002 S7\002 \337+\002 \363G\002 \341,\002"
 1477      20653502 
 1477      20533702 
 1477      20DF2B02 
 1477      20F34702 
 1478 5783 2010B50B 		.ascii	" \020\265\013h\300\001\034\032$\022\033\033\013`\021"
 1478      68C0011C 
 1478      1A24121B 
 1478      1B0B6011 
 1479 5793 68814202 		.ascii	"h\201B\002\333\010\032\200\022\010\032\020`\020\275"
 1479      DB081A80 
 1479      12081A10 
 1479      6010BD
 1480 57a2 F8B50026 		.ascii	"\370\265\000&4F\030H!FAC\030H\010\030\031!I\001A\030"
 1480      34461848 
 1480      21464143 
 1480      18480818 
 1480      19214901 
 1481 57b8 09786029 		.ascii	"\011x`)\030\321\000m\300\002\025\325\001&\000,\036\320"
 1481      18D1006D 
 1481      C00215D5 
 1481      0126002C 
 1481      1ED0
 1482 57ca 062001F0 		.ascii	"\006 \001\360*\377\020I\245\000\020Oj\030\351\031\377"
 1482      2AFF1049 
 1482      A500104F 
 1482      6A18E919 
 1482      FF
 1483 57db F7D3FF78 		.ascii	"\367\323\377x[\016I\300\021\010U\013H\015I@[\300\021"
 1483      5B0E49C0 
 1483      1108550B 
 1483      480D4940 
 1483      5BC011
 1484 57ee 0855641C 		.ascii	"\010Ud\034$\006$\016\327\320\000.\004\320\011JP!\011"
 1484      2406240E 
ARM GAS  /tmp/ccaEXnhx.s 			page 111


 1484      D7D0002E 
 1484      04D0094A 
 1484      502109
 1485 5801 2001F015 		.ascii	" \001\360\025\377\370\275\005 \337\347\344\004\000\000"
 1485      FFF8BD05 
 1485      20DFE7E4 
 1485      040000
 1486 5810 2C100220 		.ascii	",\020\002 HO\002 LO\002 GO\002 FO\002 ;*\002 \020\265"
 1486      484F0220 
 1486      4C4F0220 
 1486      474F0220 
 1486      464F0220 
 1487 582a 012904D1 		.ascii	"\001)\004\321\004K\202\000\232X\000*\001\320\001\360"
 1487      044B8200 
 1487      9A58002A 
 1487      01D001F0 
 1488 583a 00FF10BD 		.ascii	"\000\377\020\275\000\000\354\035\002 \002F\020\265\000"
 1488      0000EC1D 
 1488      02200246 
 1488      10B500
 1489 5849 202B2A02 		.ascii	" +*\002\320\020F\001\360\372\376\020\275\020\265\001"
 1489      D0104601 
 1489      F0FAFE10 
 1489      BD10B501 
 1490 5859 F0FCFE41 		.ascii	"\360\374\376AH\001h\300\"\221C\001`@HAj@\"\221CAb\020"
 1490      480168C0 
 1490      22914301 
 1490      60404841 
 1490      6A402291 
 1491 5871 BD30B504 		.ascii	"\2750\265\004F=K\000 \002F\235\030 5-ym\006m\016\245"
 1491      463D4B00 
 1491      2002469D 
 1491      1820352D 
 1491      796D066D 
 1492 5887 4202D10A 		.ascii	"B\002\321\012T@\034\300\262R\034\322\262\015*\361\323"
 1492      54401CC0 
 1492      B2521CD2 
 1492      B20D2AF1 
 1492      D3
 1493 5898 002800D1 		.ascii	"\000(\000\321\377 0\275\360\265\205\260\015F\001*\001"
 1493      FF2030BD 
 1493      F0B585B0 
 1493      0D46012A 
 1493      01
 1494 58a9 D1C018C0 		.ascii	"\321\300\030\300\262iF\377\367\337\377\007F\377(1\320"
 1494      B26946FF 
 1494      F7DFFF07 
 1494      46FF2831 
 1494      D0
 1495 58ba 00242C4E 		.ascii	"\000$,N,\340*H)F08\002mhF\003]\001 \230@\002@\322\004"
 1495      2CE02A48 
 1495      29463038 
 1495      026D6846 
 1495      035D0120 
 1496 58d4 04D0012D 		.ascii	"\004\320\001-\002\330\001!I\033\311\262\013\000\001"
 1496      02D80121 
 1496      491BC9B2 
ARM GAS  /tmp/ccaEXnhx.s 			page 112


 1496      0B0001
 1497 58e3 F0BDFE05 		.ascii	"\360\275\376\005\004\007\014\022\026\030\000\361j\201"
 1497      04070C12 
 1497      161800F1 
 1497      6A81
 1498 58f1 4301E0F1 		.ascii	"C\001\340\361j\001C\036H\001`\013\3401h\201C1`\261j"
 1498      6A01431E 
 1498      4801600B 
 1498      E0316881 
 1498      433160B1 
 1499 5906 014301E0 		.ascii	"\001C\001\340\261j\201C\261b\001\340\001\360\253\376"
 1499      B16A8143 
 1499      B16201E0 
 1499      01F0ABFE 
 1500 5916 641CE4B2 		.ascii	"d\034\344\262\274B\320\323\005\260\360\275\020\265\014"
 1500      BC42D0D3 
 1500      05B0F0BD 
 1500      10B50C
 1501 5925 46204206 		.ascii	"F B\006\320\000\"\021FO \001\360\242\376\000(\005\321"
 1501      D0002211 
 1501      464F2001 
 1501      F0A2FE00 
 1501      2805D1
 1502 5938 002C03D0 		.ascii	"\000,\003\320\026!\000 \001\360\240\376\020\275\020"
 1502      16210020 
 1502      01F0A0FE 
 1502      10BD10
 1503 5947 B501240B 		.ascii	"\265\001$\013FO(\004\320\001\360\236\376\004F F\020"
 1503      464F2804 
 1503      D001F09E 
 1503      FE044620 
 1503      4610
 1504 5959 BD114618 		.ascii	"\275\021F\030F\377\367\340\377\370\347\000\005\006@"
 1504      46FFF7E0 
 1504      FFF8E700 
 1504      050640
 1505 5968 00410940 		.ascii	"\000A\011@\370\031\002 \000\007\006@\000\006\006@OH"
 1505      F8190220 
 1505      00070640 
 1505      00060640 
 1505      4F48
 1506 597a 504BC17E 		.ascii	"PK\301~\200~\011\002\001C\033 \012\007\022\017\011*"
 1506      807E0902 
 1506      01431B20 
 1506      0A07120F 
 1506      092A
 1507 598c 01D93732 		.ascii	"\001\33172\000\34002\032T@\036\011\011\300\262\031("
 1507      00E03032 
 1507      1A54401E 
 1507      0909C0B2 
 1507      1928
 1508 599e F2D83020 		.ascii	"\362\3300 Xw\230w\330wDH3! 0\001ppG\020\265\357\363"
 1508      58779877 
 1508      D8774448 
 1508      33212030 
 1508      01707047 
 1509 59b6 1084E407 		.ascii	"\020\204\344\007\344\017r\266\001\360m\376\000,\000"
ARM GAS  /tmp/ccaEXnhx.s 			page 113


 1509      E40F72B6 
 1509      01F06DFE 
 1509      002C00
 1510 59c5 D162B610 		.ascii	"\321b\266\020\275\020\265\001$<H\244\006\004`\000!;"
 1510      BD10B501 
 1510      243C48A4 
 1510      06046000 
 1510      213B
 1511 59d7 4801F066 		.ascii	"H\001\360f\376:I\007 \210a:H\004`6H\2008\004``\023\001"
 1511      FE3A4907 
 1511      2088613A 
 1511      48046036 
 1511      48803804 
 1512 59ef F061FE10 		.ascii	"\360a\376\020\275\020\265\001$1Hd\006\004`\000!3H\001"
 1512      BD10B501 
 1512      24314864 
 1512      06046000 
 1512      21334801 
 1513 5a03 F051FE33 		.ascii	"\360Q\3763I\007 \210a/H\004`+H\2008\004` \023\001\360"
 1513      49072088 
 1513      612F4804 
 1513      602B4880 
 1513      38046020 
 1514 5a1a 4CFE10BD 		.ascii	"L\376\020\275.I.J\020\265AC\213\030\032F\007$\344\001"
 1514      2E492E4A 
 1514      10B54143 
 1514      8B181A46 
 1514      0724E401 
 1515 5a2e 40321B19 		.ascii	"@2\033\031\321}\033}\211\010\233\007\211\000\233\017"
 1515      D17D1B7D 
 1515      89089B07 
 1515      89009B0F 
 1516 5a3e 1943D175 		.ascii	"\031C\321u\001\360=\376\020\275\377\265\205\260\026"
 1516      01F03DFE 
 1516      10BDFFB5 
 1516      85B016
 1517 5a4d 466A460E 		.ascii	"FjF\016\231\004F\020pF Pp\220x\347\"\300\010\300\000"
 1517      99044610 
 1517      70462050 
 1517      709078E7 
 1517      22C008C0 
 1518 5a62 10401030 		.ascii	"\020@\0200jF\220p\010x\200\"\020CjF\320pHxPq\210x\220"
 1518      6A469070 
 1518      08788022 
 1518      10436A46 
 1518      D0704878 
 1519 5a7b 71184804 		.ascii	"q\030H\004\220\035FhF\001\360\"\376\000(\003\320\025"
 1519      901D4668 
 1519      4601F022 
 1519      FE002803 
 1519      D015
 1520 5a8d 4F387800 		.ascii	"O8x\000(\002\320\003 \011\260\360\275+F2F F\006\231"
 1520      2802D003 
 1520      2009B0F0 
 1520      BD2B4632 
 1520      46204606 
 1521 5aa2 01F019FE 		.ascii	"\001\360\031\376\020M\244\000(Q\001 8p\001\360\030\376"
ARM GAS  /tmp/ccaEXnhx.s 			page 114


 1521      104DA400 
 1521      28510120 
 1521      387001F0 
 1521      18FE
 1522 5ab4 2859EEE7 		.ascii	"(Y\356\347\230&\002 x\000\002 \200\341\000\340\000\000"
 1522      98260220 
 1522      78000220 
 1522      80E100E0 
 1522      0000
 1523 5ac6 0B400008 		.ascii	"\013@\000\010\013@\200\342\000\340\000\000\003@\000"
 1523      0B4080E2 
 1523      00E00000 
 1523      034000
 1524 5ad5 080340E4 		.ascii	"\010\003@\344\004\000\000,\020\002 \271\313\001\000"
 1524      0400002C 
 1524      100220B9 
 1524      CB0100
 1525 5ae4 B9200220 		.ascii	"\271 \002  \036\002 \370\265\007F\010x\000$\016F\000"
 1525      201E0220 
 1525      F8B50746 
 1525      08780024 
 1525      0E4600
 1526 5af7 2828D008 		.ascii	"((\320\010(\002\331\010%\0108\001\340\005F\000 0p8y"
 1526      2802D908 
 1526      25083801 
 1526      E0054600 
 1526      20307038 
 1527 5b0c 3178401A 		.ascii	"1x@\032@\033\300\262\000\220\010\340\000\230\000\031"
 1527      401BC0B2 
 1527      009008E0 
 1527      00980019 
 1528 5b1c C0194179 		.ascii	"\300\031Ay\013H\001\360\345\375d\034\344\262\254B\364"
 1528      0B4801F0 
 1528      E5FD641C 
 1528      E4B2AC42 
 1528      F4
 1529 5b2d D3012107 		.ascii	"\323\001!\007H\211\002\301a\002i\012C\002a0x\000(\001"
 1529      488902C1 
 1529      6102690A 
 1529      43026130 
 1529      78002801 
 1530 5b41 D0022000 		.ascii	"\320\002 \000\340\003 \002I\010p\370\275\000\000\000"
 1530      E0032002 
 1530      490870F8 
 1530      BD000000 
 1531 5b51 000740B9 		.ascii	"\000\007@\271 \002 \020\265\357\363\020\204\344\007"
 1531      20022010 
 1531      B5EFF310 
 1531      84E407
 1532 5b60 E40F72B6 		.ascii	"\344\017r\266\001\360\312\375\000,\000\321b\266\020"
 1532      01F0CAFD 
 1532      002C00D1 
 1532      62B610
 1533 5b6f BDF7B506 		.ascii	"\275\367\265\006F\357\363\020\200\305\007\355\017r\266"
 1533      46EFF310 
 1533      80C507ED 
 1533      0F72B6
ARM GAS  /tmp/ccaEXnhx.s 			page 115


 1534 5b7e 01981928 		.ascii	"\001\230\031(&\321{H|IpCD\030`4 x\200\006\021\325\001"
 1534      26D17B48 
 1534      7C497043 
 1534      44186034 
 1534      20788006 
 1535 5b95 21304600 		.ascii	"!0F\000\360\007\372\337'\000(\002\321 x8@ p0F\001\360"
 1535      F007FADF 
 1535      27002802 
 1535      D1207838 
 1535      40207030 
 1536 5bac ADFD0128 		.ascii	"\255\375\001(\002\321 x8@ p x\300\006\011\325\000!0"
 1536      02D12078 
 1536      38402070 
 1536      2078C006 
 1536      09D50021 
 1537 5bc1 4600F0F2 		.ascii	"F\000\360\362\371\000(\003\321 x\357!\010@ p0F\002\232"
 1537      F9002803 
 1537      D12078EF 
 1537      21084020 
 1537      70304602 
 1538 5bd6 019901F0 		.ascii	"\001\231\001\360\234\375\000-\000\321b\266\376\275\020"
 1538      9CFD002D 
 1538      00D162B6 
 1538      FEBD10
 1539 5be5 B5EFF310 		.ascii	"\265\357\363\020\203\334\007\344\017r\266\001\360\226"
 1539      83DC07E4 
 1539      0F72B601 
 1539      F096
 1540 5bf3 FD002C00 		.ascii	"\375\000,\000\321b\266\020\275\376\265\005F\001#hF\003"
 1540      D162B610 
 1540      BDFEB505 
 1540      46012368 
 1540      4603
 1541 5c05 700C4600 		.ascii	"p\014F\000 \001\220YIZHiC\012\030\031,\002\3203,\032"
 1541      20019059 
 1541      495A4869 
 1541      430A1819 
 1541      2C02D033 
 1542 5c1b D01FE016 		.ascii	"\320\037\340\026F`6\260x\001\007\006\325\021F@1\217"
 1542      466036B0 
 1542      78010706 
 1542      D5114640 
 1542      318F
 1543 5c2d 7FBF07BF 		.ascii	"\177\277\007\277\017\037C\217w\006!PKiC\311\030\011"
 1543      0F1F438F 
 1543      77062150 
 1543      4B6943C9 
 1543      1809
 1544 5c3f 79012926 		.ascii	"y\001)&\320Q~\311\007\011\320\277!\010@\260p\005\340"
 1544      D0517EC9 
 1544      0709D0BF 
 1544      210840B0 
 1544      7005E0
 1545 5c52 11204001 		.ascii	"\021 @\001\020\030\000x\300\006\031\325!F(F\001\360"
 1545      10180078 
 1545      C00619D5 
 1545      21462846 
ARM GAS  /tmp/ccaEXnhx.s 			page 116


 1545      01F0
 1546 5c64 63FD572C 		.ascii	"c\375W,\023\322jF!F(F\377\367\270\377jF!F(F\377\367"
 1546      13D26A46 
 1546      21462846 
 1546      FFF7B8FF 
 1546      6A462146 
 1547 5c7c 79FF6846 		.ascii	"y\377hF\000x\000(\005\320kF\001\252!F(F\377\367c\377"
 1547      00780028 
 1547      05D06B46 
 1547      01AA2146 
 1547      2846FFF7 
 1548 5c92 FEBDF0B5 		.ascii	"\376\275\360\265\006F9H\017F\001F\207\260\016\311\004"
 1548      06463948 
 1548      0F460146 
 1548      87B00EC9 
 1548      04
 1549 5ca3 AC0EC443 		.ascii	"\254\016\304Ci\002i\301h\200i\000$\004\255\002\223\001"
 1549      690269C1 
 1549      68806900 
 1549      2404AD02 
 1549      9301
 1550 5cb5 92009103 		.ascii	"\222\000\221\003\220`\000A\031Ix(\\3F\001\"\001\360"
 1550      90600041 
 1550      19497828 
 1550      5C334601 
 1550      2201F0
 1551 5cc8 37FD641C 		.ascii	"7\375d\034\344\262\006,\363\323(H(JpC\200\030\007\""
 1551      E4B2062C 
 1551      F3D32848 
 1551      284A7043 
 1551      80180722 
 1552 5cdc D2010021 		.ascii	"\322\001\000!\200\030\201u\012F3F\001!C \001\360$\375"
 1552      80188175 
 1552      0A463346 
 1552      01214320 
 1552      01F024FD 
 1553 5cf0 002F1DD1 		.ascii	"\000/\035\3210F\001\360%\3750F\001\360(\375\000$mF`"
 1553      304601F0 
 1553      25FD3046 
 1553      01F028FD 
 1553      00246D46 
 1554 5d05 00411949 		.ascii	"\000A\031Ix(\\3F\001\"\001\360\022\375d\034\344\262"
 1554      78285C33 
 1554      46012201 
 1554      F012FD64 
 1554      1CE4B2
 1555 5d18 072CF3D3 		.ascii	"\007,\363\323\031H\300n\300\006\005\3253F\001\"\000"
 1555      1948C06E 
 1555      C00605D5 
 1555      33460122 
 1555      00
 1556 5d29 213F2001 		.ascii	"!? \001\360\004\375\007\260\360\275\370\265\025F\017"
 1556      F004FD07 
 1556      B0F0BDF8 
 1556      B515460F 
 1557 5d39 46044601 		.ascii	"F\004F\001)\001\321@\031\304\262 F\001\360\011\375\006"
 1557      2901D140 
ARM GAS  /tmp/ccaEXnhx.s 			page 117


 1557      19C4B220 
 1557      4601F009 
 1557      FD06
 1558 5d4b 462A4639 		.ascii	"F*F9F F\001\360\011\375/,\013\321\377(\011\320\011I"
 1558      46204601 
 1558      F009FD2F 
 1558      2C0BD1FF 
 1558      2809D009 
 1559 5d60 01230A6D 		.ascii	"\001#\012m\031F\261@\012@\322\004\001\320\030\032\030"
 1559      1946B140 
 1559      0A40D204 
 1559      01D0181A 
 1559      18
 1560 5d71 40F8BDE4 		.ascii	"@\370\275\344\004\000\000,\020\002 @O\002 \024O\002"
 1560      0400002C 
 1560      10022040 
 1560      4F022014 
 1560      4F02
 1561 5d83 20C81902 		.ascii	" \310\031\002 \370\265\004F\374M\372J\372H\021#eC\021"
 1561      20F8B504 
 1561      46FC4DFA 
 1561      4AFA4811 
 1561      23654311 
 1562 5d97 5D5B0128 		.ascii	"][\001(\030\377&\305\030\000)\030\321)x\357#\031@)p"
 1562      18FF26C5 
 1562      18002918 
 1562      D12978EF 
 1562      23194029 
 1563 5dac C17C4906 		.ascii	"\301|I\006\021\325\001m\311\003\005\324\027!I\001@\030"
 1563      11D5016D 
 1563      C90305D4 
 1563      17214901 
 1563      4018
 1564 5dbe 407C1628 		.ascii	"@|\026(\030\321\002 \020U\356H\357I\002] F\001\360\320"
 1564      18D10220 
 1564      1055EE48 
 1564      EF49025D 
 1564      204601F0 
 1565 5dd3 FC0FE028 		.ascii	"\374\017\340(x\300\006\307\017 F\001\360\317\374\006"
 1565      78C006C7 
 1565      0F204601 
 1565      F0CFFC06 
 1566 5de3 46002F06 		.ascii	"F\000/\006\321(x\300\006\003\3253! F\377\367\003\377"
 1566      D12878C0 
 1566      0603D533 
 1566      212046FF 
 1566      F703FF
 1567 5df6 3046F8BD 		.ascii	"0F\370\275\006!\343K\020\265AC\000\"\311\030\312p\001"
 1567      0621E34B 
 1567      10B54143 
 1567      0022C918 
 1567      CA7001
 1568 5e09 F0C0FC10 		.ascii	"\360\300\374\020\275p\265\004F\337H\000x\300\007\013"
 1568      BD70B504 
 1568      46DF4800 
 1568      78C0070B 
 1569 5e19 D00620DB 		.ascii	"\320\006 \333J`C\200\030\001!\301p\333Kd\"!! F\001\360"
ARM GAS  /tmp/ccaEXnhx.s 			page 118


 1569      4A604380 
 1569      180121C1 
 1569      70DB4B64 
 1569      22212120 
 1570 5e30 B3FCD348 		.ascii	"\263\374\323H\321I`CF\030\035 @\0011\030Hy\300\011\006"
 1570      D1496043 
 1570      46181D20 
 1570      40013118 
 1570      4879C009 
 1571 5e45 D0087940 		.ascii	"\320\010y@\007\003\325\001! F\377\367\352\374 F\001"
 1571      0703D501 
 1571      212046FF 
 1571      F7EAFC20 
 1571      4601
 1572 5e57 F0A5FC05 		.ascii	"\360\245\374\005F\027 @\0012\030\021{\014 \001C\021"
 1572      46172040 
 1572      01321811 
 1572      7B0C2001 
 1572      4311
 1573 5e69 73080781 		.ascii	"s\010\007\201\017 F\001\360\250\372(Fp\275\020\265\004"
 1573      0F204601 
 1573      F0A8FA28 
 1573      4670BD10 
 1573      B504
 1574 5e7b 4601F098 		.ascii	"F\001\360\230\374\000(\004\320\000! F\001\360\230\374"
 1574      FC002804 
 1574      D0002120 
 1574      4601F098 
 1574      FC
 1575 5e8c 04E07022 		.ascii	"\004\340p\"\301I F\001\360n\374\300H\000]\020\275\020"
 1575      C1492046 
 1575      01F06EFC 
 1575      C048005D 
 1575      10BD10
 1576 5e9f B50446B7 		.ascii	"\265\004F\267H\265J`C\200\030\021\"R\001\000!\200\030"
 1576      48B54A60 
 1576      43801811 
 1576      22520100 
 1576      218018
 1577 5eb2 41741121 		.ascii	"At\021! F\001\360\206\374\031! F\377\367\234\376 F\001"
 1577      204601F0 
 1577      86FC1921 
 1577      2046FFF7 
 1577      9CFE2046 
 1578 5ec7 F085FCB4 		.ascii	"\360\205\374\264H\000]\020\275\020\265\004F\252H\251"
 1578      48005D10 
 1578      BD10B504 
 1578      46AA48A9 
 1579 5ed7 49604341 		.ascii	"I`CA\030\021 @\001\011\030\000\"Jt\001 \010u F\001\360"
 1579      18112040 
 1579      01091800 
 1579      224A7401 
 1579      20087520 
 1580 5eee 72FCAA48 		.ascii	"r\374\252H\000]\020\275p\265\004F\251H\005] F\001\360"
 1580      005D10BD 
 1580      70B50446 
 1580      A948055D 
ARM GAS  /tmp/ccaEXnhx.s 			page 119


 1580      204601F0 
 1581 5f02 6EFC0646 		.ascii	"n\374\006F\245H\000]\250B\005\321\235H\241I\002] F\001"
 1581      A548005D 
 1581      A84205D1 
 1581      9D48A149 
 1581      025D2046 
 1582 5f17 F02DFC30 		.ascii	"\360-\3740Fp\275\020\265}!\004FI\001\001\360a\374 F"
 1582      4670BD10 
 1582      B57D2104 
 1582      46490101 
 1582      F061FC20 
 1583 5f2c 01F064FC 		.ascii	"\001\360d\374\227 \300\000\233I`CA\030\007 \300\001"
 1583      9720C000 
 1583      9B496043 
 1583      41180720 
 1583      C001
 1584 5f3e 09180122 		.ascii	"\011\030\001\"\210h\022\007\220C\215J\017#TC\213J\233"
 1584      88681207 
 1584      90438D4A 
 1584      0F235443 
 1584      8B4A9B
 1585 5f51 01A218D2 		.ascii	"\001\242\030\322\030\322h\322\000\322\017\022\007\020"
 1585      18D268D2 
 1585      00D20F12 
 1585      0710
 1586 5f5f 43886010 		.ascii	"C\210`\020\275\206I\205KAC\311\030\020\265\3771\000"
 1586      BD864985 
 1586      4B4143C9 
 1586      1810B5FF 
 1586      3100
 1587 5f71 22C131CA 		.ascii	"\"\3011\312r\006!\204KACZT\311\030\312p\001\360?\374"
 1587      72062184 
 1587      4B41435A 
 1587      54C918CA 
 1587      7001F03F 
 1588 5f86 10BD7D49 		.ascii	"\020\275}I|JAC\211\030\020\265\3771\3011\312z\004*\003"
 1588      7C4A4143 
 1588      891810B5 
 1588      FF31C131 
 1588      CA7A042A 
 1589 5f9b D1CA7BBF 		.ascii	"\321\312{\277#\032@\312s\001\3604\374\020\275uK\002"
 1589      231A40CA 
 1589      7301F034 
 1589      FC10BD75 
 1589      4B02
 1590 5fad 465A4372 		.ascii	"FZCrK0\265\322\030\377#\0253\001 \235\\\203\002\324"
 1590      4B30B5D2 
 1590      18FF2315 
 1590      3301209D 
 1590      5C8302D4 
 1591 5fc1 18E36801 		.ascii	"\030\343h\001-\020\320\233\000[\017\001+\001\320\002"
 1591      2D10D09B 
 1591      005B0F01 
 1591      2B01D002 
 1592 5fd1 2B26D1E3 		.ascii	"+&\321\343z[\007[\017\003+!\331\203#\333\000\322\030"
 1592      7A5B075B 
 1592      0F032B21 
ARM GAS  /tmp/ccaEXnhx.s 			page 120


 1592      D98323DB 
 1592      00D218
 1593 5fe4 01291DD0 		.ascii	"\001)\035\320\022\340\233\001[\017\001+\001\320\002"
 1593      12E09B01 
 1593      5B0F012B 
 1593      01D002
 1594 5ff3 2B15D1E3 		.ascii	"+\025\321\343z[\007[\017\034\037\003,\017\322\233\000"
 1594      7A5B075B 
 1594      0F1C1F03 
 1594      2C0FD29B 
 1594      00
 1595 6004 D2188123 		.ascii	"\322\030\201#\333\000\322\030\001)\004\320\000)\006"
 1595      DB00D218 
 1595      012904D0 
 1595      002906
 1596 6013 D11168C9 		.ascii	"\321\021h\311\001\006\340\021h\211\001\003\340\000 "
 1596      0106E011 
 1596      68890103 
 1596      E00020
 1597 6022 30BD1168 		.ascii	"0\275\021hI\001\000)\371\3320\275\367\265\204\260\004"
 1597      49010029 
 1597      F9DA30BD 
 1597      F7B584B0 
 1597      04
 1598 6033 98602148 		.ascii	"\230`!HC[I\000$E\030PI\004\230\026FHCMI\002\224@\030"
 1598      435B4900 
 1598      24451850 
 1598      49049816 
 1598      4648434D 
 1599 604c 11218901 		.ascii	"\021!\211\001@\030\000\224\003\220H\340\005\230\000"
 1599      40180094 
 1599      039048E0 
 1599      059800
 1600 605b 68000C01 		.ascii	"h\000\014\001\220]\320\001F\004\230\001\360\331\373"
 1600      905DD001 
 1600      46049801 
 1600      F0D9FB
 1601 606a 07460199 		.ascii	"\007F\001\231\004\230\001\360\332\373\006/\007\322\000"
 1601      049801F0 
 1601      DAFB062F 
 1601      07D200
 1602 6079 2E53D001 		.ascii	".S\320\001.V\320\001 9\001i\030\310q2F!F\001\233\004"
 1602      2E56D001 
 1602      20390169 
 1602      18C87132 
 1602      46214601 
 1603 608f 9801F0D0 		.ascii	"\230\001\360\320\373\005\230d\034\000\210\344\262\000"
 1603      FB059864 
 1603      1C0088E4 
 1603      B200
 1604 609d 04000C01 		.ascii	"\004\000\014\001\220<\320\001F\004\230\001\360\270\373"
 1604      903CD001 
 1604      46049801 
 1604      F0B8FB
 1605 60ac 07460199 		.ascii	"\007F\001\231\004\230\001\360\271\373\006/\007\322\000"
 1605      049801F0 
 1605      B9FB062F 
ARM GAS  /tmp/ccaEXnhx.s 			page 121


 1605      07D200
 1606 60bb 2E3CD001 		.ascii	".<\320\001.?\320\001 9\001i\030\310q2F!F\001\233\004"
 1606      2E3FD001 
 1606      20390169 
 1606      18C87132 
 1606      46214601 
 1607 60d1 9801F0AF 		.ascii	"\230\001\360\257\373\005\230d\034\000\035\005\220\000"
 1607      FB059864 
 1607      1C001D05 
 1607      9000
 1608 60df 98E4B240 		.ascii	"\230\344\262@\034\300\262\000\220\003\230\000\231@\177"
 1608      1CC0B200 
 1608      90039800 
 1608      99407F
 1609 60ee 401E8842 		.ascii	"@\036\210B\261\334\"I\004\230HC I@\030\3770A0\301z\002"
 1609      B1DC2249 
 1609      04984843 
 1609      20494018 
 1609      FF304130 
 1610 6105 2E21D209 		.ascii	".!\322\011\011\011\001\010,\000\331\010$\"\007\022\017"
 1610      09090108 
 1610      2C00D908 
 1610      24220712 
 1610      0F
 1611 6116 1143C172 		.ascii	"\021C\301r\000!\037\340\001 \002\220\347\347\001 9\001"
 1611      00211FE0 
 1611      01200290 
 1611      E7E70120 
 1611      3901
 1612 6128 69188871 		.ascii	"i\030\210q\254\347\001 9\001i\030\010r\247\347\001 "
 1612      ACE70120 
 1612      39016918 
 1612      0872A7E7 
 1612      0120
 1613 613a 39016918 		.ascii	"9\001i\030\210q\303\347\001 9\001i\030\010r\276\347"
 1613      8871C3E7 
 1613      01203901 
 1613      69180872 
 1613      BEE7
 1614 614c 0907090F 		.ascii	"\011\007\011\017\010,\000\331\010$\"\001\021C\301r\001"
 1614      082C00D9 
 1614      08242201 
 1614      1143C172 
 1614      01
 1615 615d 21049801 		.ascii	"!\004\230\001\360n\373\000\230\006(\002\321\002\230"
 1615      F06EFB00 
 1615      98062802 
 1615      D10298
 1616 616c 00281DD0 		.ascii	"\000(\035\320\000 \007\260\360\275\000\000\353\035\002"
 1616      002007B0 
 1616      F0BD0000 
 1616      EB1D02
 1617 617b 202C1002 		.ascii	" ,\020\002 \344\004\000\000\366\035\002  N\000\000@"
 1617      20E40400 
 1617      00F61D02 
 1617      20204E00 
 1617      0040
ARM GAS  /tmp/ccaEXnhx.s 			page 122


 1618 618d 4F022050 		.ascii	"O\002 PO\002 \2230\002 \374l\000\000\365\035\002 \250"
 1618      4F022093 
 1618      300220FC 
 1618      6C0000F5 
 1618      1D0220A8 
 1619 61a1 00022010 		.ascii	"\000\002 \020\025\002 \010\000\002 \001 \340\347p\265"
 1619      15022008 
 1619      00022001 
 1619      20E0E770 
 1619      B5
 1620 61b2 F04D0120 		.ascii	"\360M\001 (p\001\360H\373\000$(]\000(\013\321\000\""
 1620      287001F0 
 1620      48FB0024 
 1620      285D0028 
 1620      0BD10022 
 1621 61c6 05212046 		.ascii	"\005! F\001\360E\373 F\001\360H\373\003! F\000\360s"
 1621      01F045FB 
 1621      204601F0 
 1621      48FB0321 
 1621      204600F0 
 1622 61db FE641C24 		.ascii	"\376d\034$\006$\016\354\320p\275\020\265\004F\001\360"
 1622      06240EEC 
 1622      D070BD10 
 1622      B5044601 
 1622      F0
 1623 61ec 41FBE14A 		.ascii	"A\373\341J\001!\021U\020\275\020\265\001\360@\373\020"
 1623      01211155 
 1623      10BD10B5 
 1623      01F040FB 
 1623      10
 1624 61fd BDDE49DE 		.ascii	"\275\336I\336JAC\211\030\020\265\377\"\0352RX\003$\322"
 1624      4A414389 
 1624      1810B5FF 
 1624      221D3252 
 1624      580324D2 
 1625 6211 00930F01 		.ascii	"\000\223\017\001\"\222\002\212\030\321hd\005\241C\002"
 1625      2292028A 
 1625      18D16864 
 1625      05A14302 
 1626 6221 2B01D15B 		.ascii	"+\001\321[\005\311\030\321`\001\360-\373\020\275\020"
 1626      05C918D1 
 1626      6001F02D 
 1626      FB10BD10 
 1627 6231 B5044601 		.ascii	"\265\004F\001\360.\373\000(\023\320\006!\320JaC\211"
 1627      F02EFB00 
 1627      2813D006 
 1627      21D04A61 
 1627      4389
 1628 6243 18C97801 		.ascii	"\030\311x\001)\014\321\313ILC\313Ib\030\027!I\001Q\030"
 1628      290CD1CB 
 1628      494C43CB 
 1628      49621817 
 1628      21490151 
 1629 6258 497C0829 		.ascii	"I|\010)\002\320\011)\000\320\000 \020\275\020\265\004"
 1629      02D00929 
 1629      00D00020 
 1629      10BD10B5 
ARM GAS  /tmp/ccaEXnhx.s 			page 123


 1629      04
 1630 6269 4601F019 		.ascii	"F\001\360\031\373\005! F\001\360\033\373\000(\020\321"
 1630      FB052120 
 1630      4601F01B 
 1630      FB002810 
 1630      D1
 1631 627a BF48BF49 		.ascii	"\277H\277I`C@\030\027!I\001@\030@|\013(\006\321\031"
 1631      60434018 
 1631      17214901 
 1631      4018407C 
 1631      0B2806D1 
 1632 628f 21204601 		.ascii	"! F\001\360\021\373\273I! \010U\020\275\020\265\004"
 1632      F011FBBB 
 1632      49212008 
 1632      5510BD10 
 1632      B504
 1633 62a1 4601F00F 		.ascii	"F\001\360\017\373\021(\017\321\263I\263JaC\211\030@"
 1633      FB11280F 
 1633      D1B349B3 
 1633      4A614389 
 1633      1840
 1634 62b3 31C97D89 		.ascii	"1\311}\211\007\211\017\002)\005\321,! F\001\360\005"
 1634      07890F02 
 1634      2905D12C 
 1634      21204601 
 1634      F005
 1635 62c5 FBB04800 		.ascii	"\373\260H\000]\020\275p\265\005F\001\360\004\373\004"
 1635      5D10BD70 
 1635      B5054601 
 1635      F004FB04 
 1636 62d5 4611280A 		.ascii	"F\021(\012\321(F\001\360\004\373\000(\005\320,!(F\001"
 1636      D1284601 
 1636      F004FB00 
 1636      2805D02C 
 1636      21284601 
 1637 62e9 F0F2FAA6 		.ascii	"\360\362\372\246HD] Fp\275\202\017\001*\013\320\244"
 1637      48445D20 
 1637      4670BD82 
 1637      0F012A0B 
 1637      D0A4
 1638 62fb 4A024083 		.ascii	"J\002@\203\017\013\320\200\000\203\015\030\005\002C"
 1638      0F0BD080 
 1638      00830D18 
 1638      050243
 1639 630a 002907D0 		.ascii	"\000)\007\320\220\000\006\340\200\005\200\015\236I\010"
 1639      900006E0 
 1639      8005800D 
 1639      9E4908
 1640 6319 E00003F2 		.ascii	"\340\000\003\362\347\020\003\221\005\200\015\211\015"
 1640      E7100391 
 1640      05800D89 
 1640      0D
 1641 6326 4843FF21 		.ascii	"HC\377!\3651HCpG\367\265\202\260\204F\003\230\000\220"
 1641      F5314843 
 1641      7047F7B5 
 1641      82B08446 
 1641      03980090 
ARM GAS  /tmp/ccaEXnhx.s 			page 124


 1642 633a 800F0190 		.ascii	"\200\017\001\220\001\"@\000\021F\201@`F\207\017x\000"
 1642      01224000 
 1642      11468140 
 1642      6046870F 
 1642      7800
 1643 634c 401C8240 		.ascii	"@\034\202@\012C\325\262\001!`F\377\367\314\377\006F"
 1643      0A43D5B2 
 1643      01216046 
 1643      FFF7CCFF 
 1643      0646
 1644 635e 01210098 		.ascii	"\001!\000\230\377\367\307\377\004F\001\230\207B\027"
 1644      FFF7C7FF 
 1644      04460198 
 1644      874217
 1645 636d D0A80708 		.ascii	"\320\250\007\010\320\350\007\001\320\246B\014\330\250"
 1645      D0E80701 
 1645      D0A6420C 
 1645      D8A8
 1646 637b 0707E0A6 		.ascii	"\007\007\340\246B\010\322\012\340\350\006\001\325\246"
 1646      4208D20A 
 1646      E0E80601 
 1646      D5A6
 1647 6389 4203D8A8 		.ascii	"B\003\330\250\006\000(\365\333\002\340\001 \005\260"
 1647      060028F5 
 1647      DB02E001 
 1647      2005B0
 1648 6398 ECE60020 		.ascii	"\354\346\000 \373\347\250\006\001\220\200\017\011\320"
 1648      FBE7A806 
 1648      0190800F 
 1648      09D0
 1649 63a6 00216046 		.ascii	"\000!`F\377\367\243\377\007F\000!\000\230\377\367\236"
 1649      FFF7A3FF 
 1649      07460021 
 1649      0098FFF7 
 1649      9E
 1650 63b7 FF01E037 		.ascii	"\377\001\3407F F\246B\350\330\246B\351\321\001\231\211"
 1650      462046A6 
 1650      42E8D8A6 
 1650      42E9D101 
 1650      9989
 1651 63c9 0F03D087 		.ascii	"\017\003\320\207B\341\330\207B\342\321hI\004\230HCh"
 1651      42E1D887 
 1651      42E2D168 
 1651      49049848 
 1651      4368
 1652 63db 49085CC2 		.ascii	"I\010\\\302\007`F\000\003\201\015\003\230\000\003\200"
 1652      07604600 
 1652      03810D03 
 1652      98000380 
 1653 63eb 0D002A04 		.ascii	"\015\000*\004\320\252\007\005\320\201B\320\322\314\347"
 1653      D0AA0705 
 1653      D08142D0 
 1653      D2CCE7
 1654 63fa 8142CDD9 		.ascii	"\201B\315\331\311\347`F\200\000\201\015\000\230\200"
 1654      C9E76046 
 1654      8000810D 
 1654      009880
ARM GAS  /tmp/ccaEXnhx.s 			page 125


 1655 6409 00800DF2 		.ascii	"\000\200\015\362\347\367\265\202\260iF\311{\000$\211"
 1655      E7F7B582 
 1655      B06946C9 
 1655      7B002489 
 1656 6419 090DD16D 		.ascii	"\011\015\321mF\351\211\\K\031@\253{m{\033\002+C\033"
 1656      46E9895C 
 1656      4B1940AB 
 1656      7B6D7B1B 
 1656      022B431B 
 1657 642d 059B0D1B 		.ascii	"\005\233\015\033\001\031CmF\351\201\201\017\005\321"
 1657      0119436D 
 1657      46E98181 
 1657      0F05D1
 1658 643c 53490140 		.ascii	"SI\001@\000\003\200\015\000\005\010C\007F\000\003\201"
 1658      0003800D 
 1658      00050843 
 1658      07460003 
 1658      81
 1659 644d 0D4A4800 		.ascii	"\015JH\000\221BCIH\020\030@h\002\003\222\015\221B)\323"
 1659      91424349 
 1659      48101840 
 1659      68020392 
 1659      0D914229 
 1660 6462 B9008005 		.ascii	"\271\000\200\005\216\015\200\015\206B#\330\003\230\001"
 1660      8E0D800D 
 1660      864223D8 
 1660      039801
 1661 6471 F040FA05 		.ascii	"\360@\372\005F\000!8F\377\367;\377\001F\270\017\004"
 1661      46002138 
 1661      46FFF73B 
 1661      FF0146B8 
 1661      0F04
 1662 6483 D001280D 		.ascii	"\320\001(\015\320\002(\024\321\012\340kF\232{[{\022"
 1662      D0022814 
 1662      D10AE06B 
 1662      469A7B5B 
 1662      7B12
 1663 6495 021A4312 		.ascii	"\002\032C\022\005\000\230\222\015\220B\006\331\010\340"
 1663      05009892 
 1663      0D904206 
 1663      D908E0
 1664 64a4 6846C089 		.ascii	"hF\300\211\200\004\200\015\206B\002\330\251B\000\330"
 1664      8004800D 
 1664      864202D8 
 1664      A94200D8 
 1665 64b4 01242046 		.ascii	"\001$ Fm\347\361\265\204\260\004\230\001\360\036\372"
 1665      6DE7F1B5 
 1665      84B00498 
 1665      01F01EFA 
 1666 64c4 2C4A0499 		.ascii	",J\004\231\003\220,KQC@\000\316\030@\017\200\0000\030"
 1666      03902C4B 
 1666      51434000 
 1666      CE18400F 
 1666      80003018 
 1667 64d8 80304068 		.ascii	"\2000@h\001\220\002\220hF\300y\000$7F\344C\202\011@"
 1667      01900290 
 1667      6846C079 
ARM GAS  /tmp/ccaEXnhx.s 			page 126


 1667      00243746 
 1667      E4438209 
 1668 64ed 37032A07 		.ascii	"7\003*\007\320XX\000(\020\320XX\000(1\320\000%,\340"
 1668      D0585800 
 1668      2810D058 
 1668      58002831 
 1668      D000252C 
 1669 6502 00203978 		.ascii	"\000 9x\003\340\003*\004\320@\034\300\262\201B\371\330"
 1669      03E0032A 
 1669      04D0401C 
 1669      C0B28142 
 1669      F9D8
 1670 6514 25E044B2 		.ascii	"%\340D\262#\340\000$!\340\250\000\017!0\030\211\001"
 1670      23E00024 
 1670      21E0A800 
 1670      0F213018 
 1670      8901
 1671 6526 4018C068 		.ascii	"@\030\300h\001\220`\034\003\320\240\0000\030@\030\300"
 1671      0190601C 
 1671      03D0A000 
 1671      30184018 
 1671      C0
 1672 6537 68009004 		.ascii	"h\000\220\004\232\002\231\001\230\377\367e\377\000("
 1672      9A029901 
 1672      98FFF765 
 1672      FF0028
 1673 6546 07D0049A 		.ascii	"\007\320\004\232\000\231\001\230\377\367\357\376\000"
 1673      00990198 
 1673      FFF7EFFE 
 1673      00
 1674 6553 2800D02C 		.ascii	"(\000\320,Fm\034m\2628x\250B\335\334`\034\000\321\000"
 1674      466D1C6D 
 1674      B23878A8 
 1674      42DDDC60 
 1674      1C00D100 
 1675 6567 24641CFF 		.ascii	"$d\034\3776a6\364u\003\230\020\347XO\002 \344\004\000"
 1675      366136F4 
 1675      75039810 
 1675      E7584F02 
 1675      20E40400 
 1676 657b 002C1002 		.ascii	"\000,\020\002 @O\002 \353\035\002 \365\035\002 \377"
 1676      20404F02 
 1676      20EB1D02 
 1676      20F51D02 
 1676      20FF
 1677 658d FF0FC090 		.ascii	"\377\017\300\220\320\003\000\017\300\377\377|\265KM"
 1677      D003000F 
 1677      C0FFFF7C 
 1677      B54B4D
 1678 659c 2C466E6E 		.ascii	",Fnn`4\255n\000\226\001\225\001\360\260\371r\266\240"
 1678      6034AD6E 
 1678      00960195 
 1678      01F0B0F9 
 1678      72B6A0
 1679 65af 88C00540 		.ascii	"\210\300\005@\017\002(\024\321hF\000\210\300\005@\017"
 1679      0F022814 
 1679      D1684600 
ARM GAS  /tmp/ccaEXnhx.s 			page 127


 1679      88C00540 
 1679      0F
 1680 65c0 022804D0 		.ascii	"\002(\004\320AI\000 \010`AI\010`AH\000m\300\002\005"
 1680      41490020 
 1680      08604149 
 1680      08604148 
 1680      006DC002 
 1681 65d5 D5404A50 		.ascii	"\325@JP!\011 \001\360(\370\002\340\011 \001\360\230"
 1681      21092001 
 1681      F028F802 
 1681      E0092001 
 1681      F098
 1682 65e7 F962B67C 		.ascii	"\371b\266|\275p\265\006F:H\201]4)=\3207);\320\242)9"
 1682      BD70B506 
 1682      463A4881 
 1682      5D34293D 
 1682      D037293B 
 1683 65ff D0062937 		.ascii	"\320\006)7\320\012)5\320\013)3\3204J\260\000\023X4M"
 1683      D00A2935 
 1683      D00B2933 
 1683      D0344AB0 
 1683      00135834 
 1684 6614 2F4C7543 		.ascii	"/LuC,\031%F`5\000+\021\320X\001+\324()$\320 m\200\002"
 1684      2C192546 
 1684      6035002B 
 1684      11D05801 
 1684      2BD42829 
 1685 662e 19D50022 		.ascii	"\031\325\000\"\021F+ \001\360\037\370\000(\037\321 "
 1685      11462B20 
 1685      01F01FF8 
 1685      00281FD1 
 1685      20
 1686 663f 6D80020F 		.ascii	"m\200\002\017\324\033\340`h\200\000\201\015\240o\000"
 1686      D41BE060 
 1686      68800081 
 1686      0DA06F00 
 1687 664f 07800F03 		.ascii	"\007\200\017\003(\017\320\002(\017\320\001(\012\321"
 1687      280FD002 
 1687      280FD001 
 1687      280AD1
 1688 665e 12208842 		.ascii	"\022 \210B\014\323(\177\377(\004\321\000\"\021F0F\001"
 1688      0CD3287F 
 1688      FF2804D1 
 1688      00221146 
 1688      304601
 1689 6671 F058F970 		.ascii	"\360X\371p\275< \362\347\036 \360\347)\177\377)\367"
 1689      BD3C20F2 
 1689      E71E20F0 
 1689      E7297FFF 
 1689      29F7
 1690 6683 D0304601 		.ascii	"\3200F\001\360S\371\377 (wp\275p\265\004F\015F\000x"
 1690      F053F9FF 
 1690      20287770 
 1690      BD70B504 
 1690      460D4600 
 1691 6698 13490002 		.ascii	"\023I\000\002@\030\006k\007 \000\003\006@)F F\001\360"
 1691      4018066B 
ARM GAS  /tmp/ccaEXnhx.s 			page 128


 1691      07200003 
 1691      06402946 
 1691      204601F0 
 1692 66ac 47F96078 		.ascii	"G\371`x\000(\007\321\340x\000(\004\321@!\350h\016C0"
 1692      002807D1 
 1692      E0780028 
 1692      04D14021 
 1692      E8680E43 
 1693 66c1 43E86070 		.ascii	"C\350`p\275\000\000\310\031\002 LO\002 HO\002 ,\020"
 1693      BD0000C8 
 1693      1902204C 
 1693      4F022048 
 1693      4F02202C 
 1694 66d6 02203B2A 		.ascii	"\002 ;*\002 \365\035\002 \354\035\002 \344\004\000\000"
 1694      0220F51D 
 1694      0220EC1D 
 1694      0220E404 
 1694      0000
 1695 66e8 40090940 		.ascii	"@\011\011@p\265\015F\004F\001\360)\371\011I\011xH\007"
 1695      70B50D46 
 1695      044601F0 
 1695      29F90949 
 1695      09784807 
 1696 66fc 0DD50848 		.ascii	"\015\325\010HDC\010H \030\3770\0010\301|\000)\004\321"
 1696      44430848 
 1696      2018FF30 
 1696      0130C17C 
 1696      002904D1 
 1697 6710 002D02D0 		.ascii	"\000-\002\320A}\211\034Aup\275PO\002 \344\004\000\000"
 1697      417D891C 
 1697      417570BD 
 1697      504F0220 
 1697      E4040000 
 1698 6724 2C100220 		.ascii	",\020\002 \020\265\004F\001\360\022\371\373I\210B\010"
 1698      10B50446 
 1698      01F012F9 
 1698      FB498842 
 1698      08
 1699 6735 D1FB4A00 		.ascii	"\321\373J\000!\213\000\323X\243B\003\321\010F\3770G"
 1699      218B00D3 
 1699      58A34203 
 1699      D10846FF 
 1699      3047
 1700 6747 3010BD49 		.ascii	"0\020\275I\034\003)\364\323\020\275\377\265\203\260"
 1700      1C0329F4 
 1700      D310BDFF 
 1700      B583B0
 1701 6756 1446FF22 		.ascii	"\024F\377\"\004\230\0312\001%\000'\201\032\220B%\320"
 1701      04981932 
 1701      01250027 
 1701      811A9042 
 1701      25D0
 1702 6768 0DDCF04B 		.ascii	"\015\334\360K\003\231\356J\3778YC\0058\216\030\000("
 1702      0399EE4A 
 1702      FF385943 
 1702      05388E18 
 1702      0028
ARM GAS  /tmp/ccaEXnhx.s 			page 129


 1703 677a 7CD00328 		.ascii	"|\320\003(,\320\012('\321\034\340\352H\352J/)\002\320"
 1703      2CD00A28 
 1703      27D11CE0 
 1703      EA48EA4A 
 1703      2F2902D0 
 1704 678e 302920D1 		.ascii	"0) \321\005\340\301j#x\001 \230@\001C\004\340\301j#"
 1704      05E0C16A 
 1704      23780120 
 1704      98400143 
 1704      04E0C16A 
 1705 67a3 78012098 		.ascii	"x\001 \230@\201C\021`\015\230\000%\007`\017\340\340"
 1705      40814311 
 1705      600D9800 
 1705      2507600F 
 1705      E0E0
 1706 67b5 48039940 		.ascii	"H\003\231@\\'(D\320\011\340\003\230\001\360\315\370"
 1706      5C272844 
 1706      D009E003 
 1706      9801F0CD 
 1706      F8
 1707 67c6 00283ED0 		.ascii	"\000(>\320\333H\003\231@\\((9\320(F\007\260\360\275"
 1707      DB480399 
 1707      405C2828 
 1707      39D02846 
 1707      07B0F0BD 
 1708 67da 97210398 		.ascii	"\227!\003\230\311\000HC\326I@\030\321IP9A\030\001\221"
 1708      C9004843 
 1708      D6494018 
 1708      D1495039 
 1708      41180191 
 1709 67ee 21784D07 		.ascii	"!xM\007\377!y1\211Ym\017\000)$\320\000-\"\320\011!\311"
 1709      FF217931 
 1709      89596D0F 
 1709      002924D0 
 1709      002D22D0 
 1710 6805 014718B8 		.ascii	"\001G\030\270\212\007!@\011@\001\0170\011\003\210C)"
 1710      8A072140 
 1710      0940010F 
 1710      30090388 
 1710      4329
 1711 6817 030843B8 		.ascii	"\003\010C\270\202\001\230\252\000a\034\000\222\000\035"
 1711      820198AA 
 1711      00611C00 
 1711      92001D
 1712 6826 01F0A1F8 		.ascii	"\001\360\241\370\007 @\033\201\000\000\232\001\230\020"
 1712      0720401B 
 1712      8100009A 
 1712      019810
 1713 6835 18001D01 		.ascii	"\030\000\035\001\360\236\370 x\200\006\200\017\003("
 1713      F09EF820 
 1713      78800680 
 1713      0F0328
 1714 6844 02D007E0 		.ascii	"\002\320\007\340\003'\257\347\377!\0241\211]\000)\000"
 1714      0327AFE7 
 1714      FF211431 
 1714      895D0029 
 1714      00
ARM GAS  /tmp/ccaEXnhx.s 			page 130


 1715 6855 D1042038 		.ascii	"\321\004 8t x\000\007\301\017\007 \300\0010\030\201"
 1715      74207800 
 1715      07C10F07 
 1715      20C00130 
 1715      1881
 1716 6867 73617FC9 		.ascii	"sa\177\311\007\311\017\301s\241\177\001t\000\340\021"
 1716      07C90FC1 
 1716      73A17F01 
 1716      7400E011 
 1717 6877 E0EFF310 		.ascii	"\340\357\363\020\201\314\007\344\017r\266\001!As\030"
 1717      81CC07E4 
 1717      0F72B601 
 1717      21417318 
 1718 6887 21069B04 		.ascii	"!\006\233\004\232\003\230\000\360#\377\007F\000,\211"
 1718      9A039800 
 1718      F023FF07 
 1718      46002C89 
 1719 6897 D162B687 		.ascii	"\321b\266\207\347\003\230\001\360q\370\003%\000(\022"
 1719      E7039801 
 1719      F071F803 
 1719      25002812 
 1720 68a7 D001F072 		.ascii	"\320\001\360r\370\000(6\320\243H\000h\243I\210B\014"
 1720      F8002836 
 1720      D0A34800 
 1720      68A34988 
 1720      420C
 1721 68b9 D0A14801 		.ascii	"\320\241H\001xD)\005\321AxS)\002\321\200xC(\002\320"
 1721      78442905 
 1721      D1417853 
 1721      2902D180 
 1721      78432802 
 1722 68ce 0D980560 		.ascii	"\015\230\005`k\347\003!\011\002& q\030\210s\004!\003"
 1722      6BE70321 
 1722      09022620 
 1722      71188873 
 1722      042103
 1723 68e1 9801F05B 		.ascii	"\230\001\360[\3700F@0\301})C\301u\"x\000*\007\320} "
 1723      F8304640 
 1723      30C17D29 
 1723      43C17522 
 1723      78002A07 
 1724 68f8 40014243 		.ascii	"@\001BC\222K\013!\003\230\000\360I\377\216H\220I\001"
 1724      924B0B21 
 1724      039800F0 
 1724      49FF8E48 
 1724      904901
 1725 690b 60039931 		.ascii	"`\003\23111\301p\031!\001 I\001q\030HuF\347\015\230"
 1725      31C17019 
 1725      21012049 
 1725      01711848 
 1725      7546E70D 
 1726 6920 7F490160 		.ascii	"\177I\001`B\347\010\265\211H\000j\000\220\010\275\010"
 1726      42E708B5 
 1726      8948006A 
 1726      009008BD 
 1726      08
 1727 6931 B57C4A6B 		.ascii	"\265|JkF\022\037\022h\000\222\000\"\200\000\033X\012"
ARM GAS  /tmp/ccaEXnhx.s 			page 131


 1727      46121F12 
 1727      68009200 
 1727      2280001B 
 1727      580A
 1728 6943 E0884206 		.ascii	"\340\210B\006\321\220\000\020\030@\034\030\030\001\360"
 1728      D1900010 
 1728      18401C18 
 1728      1801F0
 1729 6952 2AF808BD 		.ascii	"*\370\010\275R\034\322\262\220\000\020\030\030\\\377"
 1729      521CD2B2 
 1729      90001018 
 1729      185CFF
 1730 6961 28EFD100 		.ascii	"(\357\321\000 \010\275\367\265zI\006F\015FHn\202\260"
 1730      2008BDF7 
 1730      B57A4906 
 1730      460D4648 
 1730      6E82B0
 1731 6974 6035896E 		.ascii	"`5\211nwO\001\221\000\2208}\003\231D\007d\0170F\001"
 1731      774F0191 
 1731      0090387D 
 1731      03994407 
 1731      640F3046 
 1732 6989 F014F801 		.ascii	"\360\024\370\001\220\003\230 (\002\320)(5\321\024\340"
 1732      90039820 
 1732      2802D029 
 1732      2835D114 
 1732      E0
 1733 699a 70480078 		.ascii	"pH\000x\000\007\006\325\002,\001\320\003,\002\3218}"
 1733      000706D5 
 1733      022C01D0 
 1733      032C02D1 
 1733      387D
 1734 69ac 400704D0 		.ascii	"@\007\004\320\004!0F\001\360\004\370$\340\011!0F\001"
 1734      04213046 
 1734      01F004F8 
 1734      24E00921 
 1734      304601
 1735 69bf F005F81F 		.ascii	"\360\005\370\037\340YI\250\210NCWI\300\005q\030\011"
 1735      E05949A8 
 1735      884E4357 
 1735      49C00571 
 1735      1809
 1736 69d1 6D400FC9 		.ascii	"m@\017\311\002\022\325\002(\023\321hF\000\210\300\005"
 1736      0212D502 
 1736      2813D168 
 1736      460088C0 
 1736      05
 1737 69e2 400F0228 		.ascii	"@\017\002(\004\320]I\000 \010`]I\010`]JP!\011 \000\360"
 1737      04D05D49 
 1737      00200860 
 1737      5D490860 
 1737      5D4A5021 
 1738 69fa 1AFE02E0 		.ascii	"\032\376\002\340\011 \000\360\212\377\001\230\005\260"
 1738      092000F0 
 1738      8AFF0198 
 1738      05B0
 1739 6a08 F0BD4849 		.ascii	"\360\275HI\020\265FJAC\214\030\340!\011Y\313\006\012"
ARM GAS  /tmp/ccaEXnhx.s 			page 132


 1739      10B5464A 
 1739      41438C18 
 1739      E0210959 
 1739      CB060A
 1740 6a1b 0C0906DB 		.ascii	"\014\011\006\333\016\211\017\001+\024\321\377#\033\002"
 1740      0E890F01 
 1740      2B14D1FF 
 1740      231B02
 1741 6a2a 9A4210D1 		.ascii	"\232B\020\321\002)\001\320\003)\014\321@I\011\\`)\010"
 1741      022901D0 
 1741      03290CD1 
 1741      4049095C 
 1741      602908
 1742 6a3d D000F0CB 		.ascii	"\320\000\360\313\377\000(\004\321\3774A4\340x\002(\001"
 1742      FF002804 
 1742      D1FF3441 
 1742      34E07802 
 1742      2801
 1743 6a4f D0012010 		.ascii	"\320\001 \020\275\000 \020\275\370\265\334!\002FJCB"
 1743      BD002010 
 1743      BDF8B5DC 
 1743      2102464A 
 1743      4342
 1744 6a61 4955182C 		.ascii	"IU\030,F 4'y.|!~\000\221\000\360\270\377h~\001(\000"
 1744      46203427 
 1744      792E7C21 
 1744      7E009100 
 1744      F0B8FF68 
 1745 6a79 D1277168 		.ascii	"\321'qhy\001(\000\321.t`{\001(\001\321\000\230 v\370"
 1745      79012800 
 1745      D12E7460 
 1745      7B012801 
 1745      D1009820 
 1746 6a8f BDFFB581 		.ascii	"\275\377\265\201\260\007F\003\230\002(\001\320\001 "
 1746      B0074603 
 1746      98022801 
 1746      D00120
 1747 6a9e B2E79720 		.ascii	"\262\347\227 \300\0009FAC$H\010\0300IE\030/I\0139A\030"
 1747      C0003946 
 1747      41432448 
 1747      08183049 
 1747      45182F49 
 1748 6ab6 00910721 		.ascii	"\000\221\007!\311\001D\030\012\231\311\003\311\035\341"
 1748      C9014418 
 1748      0A99C903 
 1748      C91DE1
 1749 6ac5 80A28807 		.ascii	"\200\242\210\007!\011\003\212C\012\231\000)\000\320"
 1749      2109038A 
 1749      430A9900 
 1749      2900D0
 1750 6ad4 02210903 		.ascii	"\002!\011\003\012C\242\200\023I:FJC\021IV\030q\"\322"
 1750      0A43A280 
 1750      13493A46 
 1750      4A431149 
 1750      56187122 
 1751 6ae9 00314680 		.ascii	"\0001F\200\030B1\006\"\000\360;\377\006!\036JyC\211"
 1751      18423106 
ARM GAS  /tmp/ccaEXnhx.s 			page 133


 1751      2200F03B 
 1751      FF06211E 
 1751      4A794389 
 1752 6afd 18009849 		.ascii	"\030\000\230Iy\001s\377 \0240\200]\001(4\320\000 (p"
 1752      790173FF 
 1752      20143080 
 1752      5D012834 
 1752      D0002028 
 1753 6b12 0A980028 		.ascii	"\012\230\000(6\320\240\210@\004C\0175\340!CMD4O\002"
 1753      36D0A088 
 1753      4004430F 
 1753      35E02143 
 1753      4D44344F 
 1754 6b27 202C1002 		.ascii	" ,\020\002 \344\004\000\000\000\007\006@\000\006\006"
 1754      20E40400 
 1754      00000706 
 1754      40000606 
 1755 6b37 40F51D02 		.ascii	"@\365\035\002 \020\025\002 \240\000\002 APP \261\312"
 1755      20101502 
 1755      20A00002 
 1755      20415050 
 1755      20B1CA
 1756 6b4a 01004453 		.ascii	"\001\000DSC \000\200\003 \310\031\002 \350\032\002 "
 1756      43200080 
 1756      0320C819 
 1756      0220E81A 
 1756      0220
 1757 6b5c 504F0220 		.ascii	"PO\002 LO\002 HO\002 ;*\002 \014\035\002 \215\003\000"
 1757      4C4F0220 
 1757      484F0220 
 1757      3B2A0220 
 1757      0C1D0220 
 1758 6b73 00404F02 		.ascii	"\000@O\002 \031!I\001q\030(x\211}\010C\304\347\340\210"
 1758      20192149 
 1758      01711828 
 1758      78897D08 
 1758      43C4E7E0 
 1759 6b88 C305DB0D 		.ascii	"\303\005\333\015\001 \000\2208F\003\232\002\231\000"
 1759      01200090 
 1759      3846039A 
 1759      029900
 1760 6b97 F02BFF00 		.ascii	"\360+\377\000 3\347\000\000\203\007\377\"\333\016\232"
 1760      2033E700 
 1760      008307FF 
 1760      22DB0E9A 
 1761 6ba7 40890709 		.ascii	"@\211\007\011\016\231@\000(\013\332\000\007\000\017"
 1761      0E994000 
 1761      280BDA00 
 1761      07000F
 1762 6bb6 08388308 		.ascii	"\0108\203\010\016H\233\000\030\030\303i\223C\013C\303"
 1762      0E489B00 
 1762      1818C369 
 1762      93430B43 
 1762      C3
 1763 6bc7 61704783 		.ascii	"apG\203\010\012H\233\000\030\030\003h\223C\013C\003"
 1763      080A489B 
 1763      00181803 
ARM GAS  /tmp/ccaEXnhx.s 			page 134


 1763      6893430B 
 1763      4303
 1764 6bd9 60704710 		.ascii	"`pG\020\265\000\360\015\377\000!\031 \377\367\333\377"
 1764      B500F00D 
 1764      FF002119 
 1764      20FFF7DB 
 1764      FF
 1765 6bea 00211A20 		.ascii	"\000!\032 \377\367\327\377\020\275\000\355\000\340\000"
 1765      FFF7D7FF 
 1765      10BD00ED 
 1765      00E000
 1766 6bf9 E400E010 		.ascii	"\344\000\340\020\2651H\201iI\034\000$\201a\001! F\000"
 1766      B5314881 
 1766      69491C00 
 1766      24816101 
 1766      21204600 
 1767 6c0d F0FCFE64 		.ascii	"\360\374\376d\034$\006$\016\367\320+H\000\360\373\376"
 1767      1C240624 
 1767      0EF7D02B 
 1767      4800F0FB 
 1767      FE
 1768 6c1e 00F0FFFE 		.ascii	"\000\360\377\376\020\275p\265\006F\377 \2210\000\360"
 1768      10BD70B5 
 1768      0646FF20 
 1768      913000F0 
 1769 6c2e F2FE2648 		.ascii	"\362\376&H1\002\015\030lh`\000\200\017\004\320\344\000"
 1769      31020D18 
 1769      6C686000 
 1769      800F04D0 
 1769      E400
 1770 6c40 E4083046 		.ascii	"\344\0100F\000\360\362\376\000\360\366\376\011 \300"
 1770      00F0F2FE 
 1770      00F0F6FE 
 1770      0920C0
 1771 6c4f 06044223 		.ascii	"\006\004B#\320\001!0F\000\360\364\376\034I0FHC\034I"
 1771      D0012130 
 1771      4600F0F4 
 1771      FE1C4930 
 1771      4648431C 
 1772 6c64 22014018 		.ascii	"\"\001@\030\003!\011\002A\030\000*\001\332\007 \002"
 1772      03210902 
 1772      4118002A 
 1772      01DA0720 
 1772      02
 1773 6c75 E0600001 		.ascii	"\340`\000\001\325\010 \210s\377!0F\000\360\345\376\024"
 1773      D5082088 
 1773      73FF2130 
 1773      4600F0E5 
 1773      FE14
 1774 6c87 4B144A28 		.ascii	"K\024J(!0F\000\360\203\375\001 \300\006h`\300\000h`"
 1774      21304600 
 1774      F083FD01 
 1774      20C00668 
 1774      60C00068 
 1775 6c9c 600102D5 		.ascii	"`\001\002\325\001 \200\006h`\240\000\002\325\001 @\007"
 1775      01208006 
 1775      6860A000 
ARM GAS  /tmp/ccaEXnhx.s 			page 135


 1775      02D50120 
 1775      4007
 1776 6cae 6860E001 		.ascii	"h`\340\001\005\3250F\000\360\321\376\001 \000\006h`"
 1776      05D53046 
 1776      00F0D1FE 
 1776      01200006 
 1776      6860
 1777 6cc0 70BD0000 		.ascii	"p\275\000\000|&\002 \000q\002\000\000\011\011@\344\004"
 1777      7C260220 
 1777      00710200 
 1777      00090940 
 1777      E404
 1778 6cd2 00002C10 		.ascii	"\000\000,\020\002 a\327\001\000\270\010\000\000\020"
 1778      022061D7 
 1778      0100B808 
 1778      000010
 1779 6ce1 B50C490D 		.ascii	"\265\014I\015L\012\\\013I\001#AC\011\031\3771a1?*\004"
 1779      4C0A5C0B 
 1779      49012341 
 1779      430919FF 
 1779      3161313F 
 1780 6cf7 D0322A04 		.ascii	"\3202*\004\320J*\004\320\004\340\013u\002\340\213t\000"
 1780      D04A2A04 
 1780      D004E00B 
 1780      7502E08B 
 1780      7400
 1781 6d09 E0CB7400 		.ascii	"\340\313t\000\360\254\376\020\275\000\000\365\035\002"
 1781      F0ACFE10 
 1781      BD0000F5 
 1781      1D02
 1782 6d17 20E40400 		.ascii	" \344\004\000\000,\020\002 \377\265\007F1I0H\035xyC"
 1782      002C1002 
 1782      20FFB507 
 1782      46314930 
 1782      481D7879 
 1783 6d2c 0E1883B0 		.ascii	"\016\030\203\260\034F\020-\015\321\010\"\241\034hF\000"
 1783      1C46102D 
 1783      0DD10822 
 1783      A11C6846 
 1783      00
 1784 6d3d F016FE68 		.ascii	"\360\026\376hF\000\210\000\006\004\325\377 \0170\200"
 1784      46008800 
 1784      0604D5FF 
 1784      200F3080 
 1785 6d4d 5D002808 		.ascii	"]\000(\010\320#F8F\005\232\004\231\000\360\213\376\006"
 1785      D0234638 
 1785      46059A04 
 1785      9900F08B 
 1785      FE06
 1786 6d5f 000ED03F 		.ascii	"\000\016\320?\340\022! F\000\360\006\376\015 \200\001"
 1786      E0122120 
 1786      4600F006 
 1786      FE0D2080 
 1786      01
 1787 6d70 30180169 		.ascii	"0\030\001i\010\"\021C\001a\003 \007\260\360\275\032"
 1787      08221143 
 1787      01610320 
ARM GAS  /tmp/ccaEXnhx.s 			page 136


 1787      07B0F0BD 
 1787      1A
 1788 6d81 48611C47 		.ascii	"Ha\034GC\030H8\030@0\007-\002\320\022-'\321\015\340"
 1788      43184838 
 1788      18403007 
 1788      2D02D012 
 1788      2D27D10D 
 1789 6d96 C07D8007 		.ascii	"\300}\200\007\200\017\002(!\321`x\242xkFZp\001\"\020"
 1789      800F0228 
 1789      21D16078 
 1789      A2786B46 
 1789      5A700122 
 1790 6dab 43187008 		.ascii	"C\030p\010p\030\340\200~\301\007\003\320\000\007@\017"
 1790      7018E080 
 1790      7EC10703 
 1790      D0000740 
 1790      0F
 1791 6dbc 042811D1 		.ascii	"\004(\021\321\000 \000\220\001\220iF\002\220\210x\367"
 1791      00200090 
 1791      01906946 
 1791      02908878 
 1791      F7
 1792 6dcd 21084069 		.ascii	"!\010@iF\210p`x\010p\240xHp\011\"`\034\000\360\304\375"
 1792      46887060 
 1792      780870A0 
 1792      78487009 
 1792      22601C00 
 1793 6de4 3046C9E7 		.ascii	"0F\311\347,\020\002 \344\004\000\000\020\265\004F\006"
 1793      2C100220 
 1793      E4040000 
 1793      10B50446 
 1793      06
 1794 6df5 49002008 		.ascii	"I\000 \010U F\000\360@\376\000,\004\321\003H\001y\211"
 1794      55204600 
 1794      F040FE00 
 1794      2C04D103 
 1794      48017989 
 1795 6e09 08890001 		.ascii	"\010\211\000\001q\020\275XO\002 (\032\002 \203\007\377"
 1795      7110BD58 
 1795      4F022028 
 1795      1A022083 
 1795      07FF
 1796 6e1b 22DB0E9A 		.ascii	"\"\333\016\232@\211\007\011\016\231@\000(\013\332\000"
 1796      40890709 
 1796      0E994000 
 1796      280BDA00 
 1797 6e2b 07000F08 		.ascii	"\007\000\017\0108\203\010\226H\233\000\030\030\303i"
 1797      38830896 
 1797      489B0018 
 1797      18C369
 1798 6e3a 93430B43 		.ascii	"\223C\013C\303apG\203\010\222H\233\000\030\030\003h"
 1798      C3617047 
 1798      83089248 
 1798      9B001818 
 1798      0368
 1799 6e4c 93430B43 		.ascii	"\223C\013C\003`pG\217I\220JAC\211\030\031\"\020\265"
 1799      03607047 
ARM GAS  /tmp/ccaEXnhx.s 			page 137


 1799      8F49904A 
 1799      41438918 
 1799      192210B5 
 1800 6e60 52018A18 		.ascii	"R\001\212\030\022x`*\002\320\000\360\017\376\020\275"
 1800      1278602A 
 1800      02D000F0 
 1800      0FFE10BD 
 1801 6e70 03221202 		.ascii	"\003\"\022\002\211\030\312}\001*\010\320\002*\366\321"
 1801      8918CA7D 
 1801      012A08D0 
 1801      022AF6D1 
 1802 6e80 897E0029 		.ascii	"\211~\000)\363\321\033!\000\360\006\376\020\275I~\367"
 1802      F3D11B21 
 1802      00F006FE 
 1802      10BD497E 
 1802      F7
 1803 6e91 E710B504 		.ascii	"\347\020\265\004F\000\360\005\376~I FHC}IA\030\031 "
 1803      4600F005 
 1803      FE7E4920 
 1803      4648437D 
 1803      49411819 
 1804 6ea6 40010818 		.ascii	"@\001\010\030\000xN(\007\321\000! F\000\360\374\375"
 1804      00784E28 
 1804      07D10021 
 1804      204600F0 
 1804      FCFD
 1805 6eb8 01212046 		.ascii	"\001! F\000\360\376\375\020\275\020\265\357\363\020"
 1805      00F0FEFD 
 1805      10BD10B5 
 1805      EFF310
 1806 6ec7 82D407E4 		.ascii	"\202\324\007\344\017r\266\014)\015\320\006\334\011)"
 1806      0F72B60C 
 1806      290DD006 
 1806      DC0929
 1807 6ed6 0AD00A29 		.ascii	"\012\320\012)\010\320\013)\016\321\005\340\015)\003"
 1807      08D00B29 
 1807      0ED105E0 
 1807      0D2903
 1808 6ee5 D01E2901 		.ascii	"\320\036)\001\320\037)\007\321iJiKBC\322\030@2\222~"
 1808      D01F2907 
 1808      D1694A69 
 1808      4B4243D2 
 1808      18403292 
 1809 6efa D20701D0 		.ascii	"\322\007\001\320\000\360\343\375\000,\000\321b\266\020"
 1809      00F0E3FD 
 1809      002C00D1 
 1809      62B610
 1810 6f09 BD70B50C 		.ascii	"\275p\265\014F\005F\012!\000\360\321\374!F(F\000\360"
 1810      4605460A 
 1810      2100F0D1 
 1810      FC214628 
 1810      4600F0
 1811 6f1c DBFD70BD 		.ascii	"\333\375p\275p\265\005F[H)FAC[H\016\030\003 \000\002"
 1811      70B50546 
 1811      5B482946 
 1811      41435B48 
 1811      0E180320 
ARM GAS  /tmp/ccaEXnhx.s 			page 138


 1812 6f32 3018817E 		.ascii	"0\030\201~B~\221B\001\331\001$\000\340\000$\000,\001"
 1812      427E9142 
 1812      01D90124 
 1812      00E00024 
 1812      002C01
 1813 6f45 D0022100 		.ascii	"\320\002!\000\340\001!\301u(F\000\360\306\375OHPIhC"
 1813      E00121C1 
 1813      75284600 
 1813      F0C6FD4F 
 1813      48504968 
 1814 6f5a 41184031 		.ascii	"A\030@1\210~\000,\006\320\020\"\020C\210v\001\"+F\021"
 1814      887E002C 
 1814      06D01022 
 1814      10438876 
 1814      01222B46 
 1815 6f6f 4605E0EF 		.ascii	"F\005\340\357\"\020@\210v\001\"+F\000!\003 \000\360"
 1815      22104088 
 1815      7601222B 
 1815      46002103 
 1815      2000F0
 1816 6f82 DAFB1720 		.ascii	"\332\373\027 @\0010\030\000{\000\007\201\017(F\000\360"
 1816      40013018 
 1816      007B0007 
 1816      810F2846 
 1816      00F0
 1817 6f94 17FA70BD 		.ascii	"\027\372p\275\020\265@I\011~I\006\013\325<J=IPC;J\300"
 1817      10B54049 
 1817      097E4906 
 1817      0BD53C4A 
 1817      3D495043 
 1818 6fab 31801819 		.ascii	"1\200\030\031\"R\001\011y\200\030\001r\020\275\000\360"
 1818      22520109 
 1818      79801801 
 1818      7210BD00 
 1818      F0
 1819 6fbc 97FD10BD 		.ascii	"\227\375\020\275\020\265\004F\000\360\230\3752H3I`C"
 1819      10B50446 
 1819      00F098FD 
 1819      32483349 
 1819      6043
 1820 6fce 4118086D 		.ascii	"A\030\010m\200\000\027\324\3771\3011\310{\300C\200\007"
 1820      800017D4 
 1820      FF31C131 
 1820      C87BC043 
 1820      8007
 1821 6fe0 11D10A69 		.ascii	"\021\321\012iP\000@\017\002(\003\320\001(\003\320P!"
 1821      5000400F 
 1821      022803D0 
 1821      012803D0 
 1821      5021
 1822 6ff2 04E05421 		.ascii	"\004\340T!\000\340R!\220\004\003\325\001\" F\000\360"
 1822      00E05221 
 1822      900403D5 
 1822      01222046 
 1822      00F0
 1823 7004 7FFD10BD 		.ascii	"\177\375\020\275\020\265\004F\000\360\200\375\000(\011"
 1823      10B50446 
ARM GAS  /tmp/ccaEXnhx.s 			page 139


 1823      00F080FD 
 1823      002809
 1824 7013 D01F494C 		.ascii	"\320\037ILC\037Ia\030\3771\0011\211{\000)\000\321\000"
 1824      431F4961 
 1824      18FF3101 
 1824      31897B00 
 1824      2900D100 
 1825 7027 2010BD10 		.ascii	" \020\275\020\265\004F\000\360u\375\030H\030I`C@\030"
 1825      B5044600 
 1825      F075FD18 
 1825      48184960 
 1825      434018
 1826 703a 17214901 		.ascii	"\027!I\001@\030\000{\000\007\201\017 F\000\360\274\371"
 1826      4018007B 
 1826      0007810F 
 1826      204600F0 
 1826      BCF9
 1827 704c 10BD70B5 		.ascii	"\020\275p\265\005Fr\266\000!\032 \377\367\336\376b\266"
 1827      054672B6 
 1827      00211A20 
 1827      FFF7DEFE 
 1827      62B6
 1828 705e 01220620 		.ascii	"\001\"\006 \017IhCD\030\"q(F\000\360\\\375\000  q\031"
 1828      0F496843 
 1828      44182271 
 1828      284600F0 
 1828      5CFD0020 
 1829 7075 212846FE 		.ascii	"!(F\376\367\300\375r\266\003!\032 \377\367\311\376b"
 1829      F7C0FD72 
 1829      B603211A 
 1829      20FFF7C9 
 1829      FE62
 1830 7087 B670BD00 		.ascii	"\266p\275\000\000\000\355\000\340\000\344\000\340\344"
 1830      0000ED00 
 1830      E000E400 
 1830      E0E4
 1831 7095 0400002C 		.ascii	"\004\000\000,\020\002 \310\031\002 @O\002 |\265\004"
 1831      100220C8 
 1831      19022040 
 1831      4F02207C 
 1831      B504
 1832 70a7 462AA205 		.ascii	"F*\242\005\312\003&\001\222\000\220\000)$\320)H)J`C"
 1832      CA032601 
 1832      92009000 
 1832      2924D029 
 1832      48294A60 
 1833 70bc 8018FF22 		.ascii	"\200\030\377\"\0242\022\\\000*\010\321&K\242\000\232"
 1833      1432125C 
 1833      002A08D1 
 1833      264BA200 
 1833      9A
 1834 70cd 58520052 		.ascii	"XR\000R\017\001*\001\330$M\024\340\3770a0\300~\200\011"
 1834      0F012A01 
 1834      D8244D14 
 1834      E0FF3061 
 1834      30C07E80 
 1835 70e2 032800D0 		.ascii	"\003(\000\320\0129\006  J`C\200\030\200xjF@\007@\017"
ARM GAS  /tmp/ccaEXnhx.s 			page 140


 1835      0A390620 
 1835      204A6043 
 1835      80188078 
 1835      6A464007 
 1836 70f8 105C4843 		.ascii	"\020\\HCE\010\001\340\000%\002&\002! F\000\360\024\375"
 1836      450801E0 
 1836      00250226 
 1836      02212046 
 1836      00F014FD 
 1837 710c 032E0DD1 		.ascii	"\003.\015\321\027HEC\250\014\377(\000\331\377 \025J"
 1837      17484543 
 1837      A80CFF28 
 1837      00D9FF20 
 1837      154A
 1838 711e 21028918 		.ascii	"!\002\211\030Ha1F F\000\360\004\375|\275\013I\013JA"
 1838      48613146 
 1838      204600F0 
 1838      04FD7CBD 
 1838      0B490B4A 
 1839 7133 43891810 		.ascii	"C\211\030\020\265\3771\0011\312|\016I\001*\004\320\010"
 1839      B5FF3101 
 1839      31CA7C0E 
 1839      49012A04 
 1839      D008
 1840 7145 220A7000 		.ascii	"\"\012p\000\360\372\374\020\275\005\"\371\347\000\000"
 1840      F0FAFC10 
 1840      BD0522F9 
 1840      E70000
 1841 7154 5F5A5550 		.ascii	"_ZUPKF<2\344\004\000\000,\020\002 \354\035\002 \023"
 1841      4B463C32 
 1841      E4040000 
 1841      2C100220 
 1841      EC1D0220 
 1842 7169 0D000040 		.ascii	"\015\000\000@O\002 g\012\000\000\200\011\011@\004\000"
 1842      4F022067 
 1842      0A000080 
 1842      09094004 
 1842      00
 1843 717a 022010B5 		.ascii	"\002 \020\265\004F\000\360\344\374MH\013!DCMH\211\001"
 1843      044600F0 
 1843      E4FC4D48 
 1843      0B214443 
 1843      4D488901 
 1844 718e 20184118 		.ascii	" \030A\030\011\215\211\007\012\321\021!I\001A\030I|"
 1844      098D8907 
 1844      0AD11121 
 1844      49014118 
 1844      497C
 1845 71a0 002904D0 		.ascii	"\000)\004\320\027\"\000!R\001\200\030Ar\020\275\020"
 1845      17220021 
 1845      52018018 
 1845      417210BD 
 1845      10
 1846 71b1 B5044600 		.ascii	"\265\004F\000\360\320\374@HDC@H!\030\312\035\3772\372"
 1846      F0D0FC40 
 1846      48444340 
 1846      482118CA 
ARM GAS  /tmp/ccaEXnhx.s 			page 141


 1846      1DFF32FA 
 1847 71c5 32D36B10 		.ascii	"2\323k\020 \203C 1\010y\300\007\300\016\003C\323c\020"
 1847      20834320 
 1847      310879C0 
 1847      07C00E03 
 1847      43D36310 
 1848 71d9 BD384A38 		.ascii	"\2758J8KBC\322\030\020\265\377#\0253\233\\\001+\002"
 1848      4B4243D2 
 1848      1810B5FF 
 1848      2315339B 
 1848      5C012B02 
 1849 71ed D000F0B9 		.ascii	"\320\000\360\271\374\020\275\217!\211\000Q\030\013h"
 1849      FC10BD8F 
 1849      21890051 
 1849      180B68
 1850 71fc 80218B43 		.ascii	"\200!\213C0I\000\"\011\\\311\007\011\016\013C\377!\001"
 1850      30490022 
 1850      095CC907 
 1850      090E0B43 
 1850      FF2101
 1851 720f 318B432D 		.ascii	"1\213C-I\011\\\311\007\311\015\013Cx!\213C\020!\000"
 1851      49095CC9 
 1851      07C90D0B 
 1851      4378218B 
 1851      43102100 
 1852 7223 F0A5FC10 		.ascii	"\360\245\374\020\275\376\265\006FiF\000\360\245\374"
 1852      BDFEB506 
 1852      46694600 
 1852      F0A5FC
 1853 7232 22482249 		.ascii	"\"H\"IpCD\030a \000]\300\007'\320\036H\341\035\036J"
 1853      70434418 
 1853      6120005D 
 1853      C00727D0 
 1853      1E48E11D 
 1854 7248 F9317043 		.ascii	"\3711pC\001\221\205\030\011}\3775\3015\001)\014\321"
 1854      01918518 
 1854      097DFF35 
 1854      C1350129 
 1854      0CD1
 1855 725a EFF31080 		.ascii	"\357\363\020\200\307\007\377\017r\266\351k\002\2210"
 1855      C707FF0F 
 1855      72B6E96B 
 1855      029130
 1856 7269 4600F08D 		.ascii	"F\000\360\215\374\000/\000\321b\266\001\230\000}\000"
 1856      FC002F00 
 1856      D162B601 
 1856      98007D00 
 1857 7279 280AD1A8 		.ascii	"(\012\321\250k\000\231\210B\006\320\021 @\001 \030\201"
 1857      6B009988 
 1857      4206D011 
 1857      20400120 
 1857      1881
 1858 728b 7C042211 		.ascii	"|\004\"\021C\201t0F\000\360z\372\376\275\010I\010JA"
 1858      43817430 
 1858      4600F07A 
 1858      FAFEBD08 
 1858      49084A41 
ARM GAS  /tmp/ccaEXnhx.s 			page 142


 1859 729f 43891811 		.ascii	"C\211\030\021\"\020\265\222\001\211\030Ih\211\000I\017"
 1859      2210B592 
 1859      01891849 
 1859      68890049 
 1859      0F
 1860 72b0 042901D1 		.ascii	"\004)\001\321\000\360n\374\020\275\000\000\344\004\000"
 1860      00F06EFC 
 1860      10BD0000 
 1860      E40400
 1861 72bf 002C1002 		.ascii	"\000,\020\002 \225%\002 \226%\002 p\265\005F\000)\003"
 1861      20952502 
 1861      20962502 
 1861      2070B505 
 1861      46002903 
 1862 72d3 D0012100 		.ascii	"\320\001!\000\360c\374p\275\377\367\224\376\000(\372"
 1862      F063FC70 
 1862      BDFFF794 
 1862      FE0028FA 
 1863 72e3 D0C0482C 		.ascii	"\320\300H,FDC\300H!\030\011m\211\002\362\325\000]@\006"
 1863      464443C0 
 1863      48211809 
 1863      6D8902F2 
 1863      D5005D40 
 1864 72f8 04D5BD49 		.ascii	"\004\325\275I\250\000\010X@\001\352\324\000!(F\000\360"
 1864      A8000858 
 1864      4001EAD4 
 1864      00212846 
 1864      00F0
 1865 730a 50FC70BD 		.ascii	"P\374p\275\370\265\034F\025F\000)\"\320\001) \320\002"
 1865      F8B51C46 
 1865      15460029 
 1865      22D00129 
 1865      20D002
 1866 731d 291ED0B1 		.ascii	")\036\320\261I\264KAC\261J\206\000\230Y\217\030A\000"
 1866      49B44B41 
 1866      43B14A86 
 1866      0098598F 
 1866      184100
 1867 7330 490F8900 		.ascii	"I\017\211\000z\030\207!\211\\\211\011\036\320\002)\034"
 1867      7A188721 
 1867      895C8909 
 1867      1ED00229 
 1867      1C
 1868 7341 D0012921 		.ascii	"\320\001)!\320@\006@\0162!HC(`\230Y\000\003@\015\024"
 1868      D0400640 
 1868      0E322148 
 1868      43286098 
 1868      59000340 
 1869 7357 21484320 		.ascii	"!HC `\370\275J\000H\036\001\325\000!\000\340I\036P\030"
 1869      60F8BD4A 
 1869      00481E01 
 1869      D5002100 
 1869      E0491E50 
 1870 736c 401CFF21 		.ascii	"@\034\377!\3651HC(`\240H\030`\370\275\000\003\200\015"
 1870      F5314843 
 1870      2860A048 
 1870      1860F8BD 
ARM GAS  /tmp/ccaEXnhx.s 			page 143


 1870      0003800D 
 1871 7380 0A214843 		.ascii	"\012!HC(`\230Y\017\340\2012Qy\022y\011\002\021C\000"
 1871      28609859 
 1871      0FE08132 
 1871      51791279 
 1871      09021143 
 1872 7395 03984A09 		.ascii	"\003\230J\011\005\200\015\211\015PC\000\360\012\374"
 1872      05800D89 
 1872      0D504300 
 1872      F00AFC
 1873 73a4 28609348 		.ascii	"(`\223H\200Y@\000@\017\200\0008\030\2010Ay\002y\010"
 1873      80594000 
 1873      400F8000 
 1873      38188130 
 1873      41790279 
 1874 73b9 02104300 		.ascii	"\002\020C\000\005\200\0152!\311\347\360\265\215\260"
 1874      05800D32 
 1874      21C9E7F0 
 1874      B58DB0
 1875 73c8 07460020 		.ascii	"\007F\000 \004F\012\220\012\253\013\2528F\377\367\232"
 1875      04460A90 
 1875      0AAB0BAA 
 1875      3846FFF7 
 1875      9A
 1876 73d9 FF69460F 		.ascii	"\377iF\017pV Hp\211x\312\010\322\000iF\212p\017uHu\210"
 1876      70562048 
 1876      708978CA 
 1876      08D20069 
 1876      468A700F 
 1877 73f1 7DC008C0 		.ascii	"}\300\010\300\000\210uk \310p\310u\177H\003&\000y\002"
 1877      0088756B 
 1877      20C870C8 
 1877      757F4803 
 1877      26007902 
 1878 7405 25400740 		.ascii	"%@\007@\017\000(T\320\001(x\320\002(N\321\002\"\010"
 1878      0F002854 
 1878      D0012878 
 1878      D002284E 
 1878      D1022208 
 1879 7419 21384600 		.ascii	"!8F\000\360\034\372\006 iFHq\005 Hv\013\230d!HC}!\311"
 1879      F01CFA06 
 1879      20694648 
 1879      71052048 
 1879      760B9864 
 1880 7433 0000F0C0 		.ascii	"\000\000\360\300\373\013\220d!\012\230\000\360\273\373"
 1880      FB0B9064 
 1880      210A9800 
 1880      F0BBFB
 1881 7442 5C214843 		.ascii	"\\!HCd!\000\360\266\373iF\012\220\001$\016q\015v\010"
 1881      642100F0 
 1881      B6FB6946 
 1881      0A900124 
 1881      0E710D76 
 1882 7457 79022877 		.ascii	"y\002(w\320\010\252\010\031\022{\202q\010\252R{\302"
 1882      D008AA08 
 1882      19127B82 
 1882      7108AA52 
ARM GAS  /tmp/ccaEXnhx.s 			page 144


 1882      7BC2
 1883 7469 71C0792A 		.ascii	"q\300y*\033Q\030HqhF\000~\002(k\320\005\251\010\252"
 1883      1B511848 
 1883      71684600 
 1883      7E02286B 
 1883      D005A908 
 1884 747e 0819127A 		.ascii	"\010\031\022z\202q\010\252Rz\302q\300y*\033Q\030Hqh"
 1884      827108AA 
 1884      527AC271 
 1884      C0792A1B 
 1884      51184871 
 1885 7493 4600F01A 		.ascii	"F\000\360\032\371\004F\005\250\000\360\026\371\004C"
 1885      F9044605 
 1885      A800F016 
 1885      F90443
 1886 74a2 07D05648 		.ascii	"\007\320VH\001x\000)\003\321\001!\001p\000\360\030\371"
 1886      01780029 
 1886      03D10121 
 1886      017000F0 
 1886      18F9
 1887 74b4 0DB0F0BD 		.ascii	"\015\260\360\275\000\"\010!8F\000\360\313\371\017 i"
 1887      00220821 
 1887      384600F0 
 1887      CBF90F20 
 1887      69
 1888 74c5 4648710A 		.ascii	"FHq\012 Hv\013\230d!HCLI\000\360p\373\3778\3778\002"
 1888      2048760B 
 1888      98642148 
 1888      434C4900 
 1888      F070FBFF 
 1889 74dd 380B9019 		.ascii	"8\013\220\031 \012\231\300\001\010\032\\!HCd!\000\360"
 1889      200A99C0 
 1889      01081A5C 
 1889      21484364 
 1889      2100F0
 1890 74f0 63FBFF21 		.ascii	"c\373\377!\211\001\010@iF\012\220\016v\015q\251\347"
 1890      89010840 
 1890      69460A90 
 1890      0E760D71 
 1890      A9E7
 1891 7502 FFE70122 		.ascii	"\377\347\001\"\010!8F\000\360\245\371\017 iFHq\012 "
 1891      08213846 
 1891      00F0A5F9 
 1891      0F206946 
 1891      48710A20 
 1892 7516 48760B98 		.ascii	"Hv\013\230d!HC6I\000\360J\373\013\220\031 \012\231\300"
 1892      64214843 
 1892      364900F0 
 1892      4AFB0B90 
 1892      19200A99 
 1893 752b 01081A5C 		.ascii	"\001\010\032\\!HCd!\000\360@\373\377!\211\001\010@i"
 1893      21484364 
 1893      2100F040 
 1893      FBFF2189 
 1893      01084069 
 1894 753f 460A900D 		.ascii	"F\012\220\015q\016v\206\347\000\340\002\340\210\215"
 1894      710E7686 
ARM GAS  /tmp/ccaEXnhx.s 			page 145


 1894      E700E002 
 1894      E0888D
 1895 754e C8808FE7 		.ascii	"\310\200\217\347iF\010\215H\203\233\347\377\265\201"
 1895      6946088D 
 1895      48839BE7 
 1895      FFB581
 1896 755d B02A4E40 		.ascii	"\260*N@\000\012\235\017F0`\001)\004\320\020F\000\360"
 1896      000A9D0F 
 1896      46306001 
 1896      2904D010 
 1896      4600F0
 1897 7570 29FB0128 		.ascii	")\373\001('\3200h\001!\010C0`\013 \002/\002\321\001"
 1897      27D03068 
 1897      01210843 
 1897      30600B20 
 1897      022F02D1 
 1898 7585 2D00D107 		.ascii	"-\000\321\007 p`\000\360 \373\000(\002\320\004 p`\024"
 1898      20706000 
 1898      F020FB00 
 1898      2802D004 
 1898      20706014 
 1899 7599 E0B06804 		.ascii	"\340\260h\004\231\001$\010p\001-\006\320o\036\254B\032"
 1899      99012408 
 1899      70012D06 
 1899      D06F1EAC 
 1899      421A
 1900 75ab D2BC420C 		.ascii	"\322\274B\014\332\011 \013\340\002/\024\320\004 p`\000"
 1900      DA09200B 
 1900      E0022F14 
 1900      D0042070 
 1900      6000
 1901 75bd F008FB00 		.ascii	"\360\010\373\000(\016\320\001 \005\260\360\275\005 "
 1901      280ED001 
 1901      2005B0F0 
 1901      BD0520
 1902 75cc 706000F0 		.ascii	"p`\000\360\377\372\000(\336\321\260h\004\231\010Ud\034"
 1902      FFFA0028 
 1902      DED1B068 
 1902      04990855 
 1902      641C
 1903 75de E4B2E2E7 		.ascii	"\344\262\342\347\000 \357\347\000\000\344\004\000\000"
 1903      0020EFE7 
 1903      0000E404 
 1903      0000
 1904 75ec 2C100220 		.ascii	",\020\002 \354\035\002 \360\035\002 \210\023\000\000"
 1904      EC1D0220 
 1904      F01D0220 
 1904      88130000 
 1905 75fc 504F0220 		.ascii	"PO\002 \271 \002 \020'\000\000\000\000\007@\003\264"
 1905      B9200220 
 1905      10270000 
 1905      00000740 
 1905      03B4
 1906 760e 01480190 		.ascii	"\001H\001\220\001\275\241\264\001\000\003\264\001H\001"
 1906      01BDA1B4 
 1906      010003B4 
 1906      014801
ARM GAS  /tmp/ccaEXnhx.s 			page 146


 1907 761d 9001BD3F 		.ascii	"\220\001\275?\270\001\000\003\264\001H\001\220\001\275"
 1907      B8010003 
 1907      B4014801 
 1907      9001BD
 1908 762c EBC50100 		.ascii	"\353\305\001\000\003\264\001H\001\220\001\275\371\333"
 1908      03B40148 
 1908      019001BD 
 1908      F9DB
 1909 763a 010003B4 		.ascii	"\001\000\003\264\001H\001\220\001\275\177\034\000\000"
 1909      01480190 
 1909      01BD7F1C 
 1909      0000
 1910 7648 03B40148 		.ascii	"\003\264\001H\001\220\001\275\031\035\000\000\003\264"
 1910      019001BD 
 1910      191D0000 
 1910      03B4
 1911 7656 01480190 		.ascii	"\001H\001\220\001\275\221\035\000\000\003\264\001H\001"
 1911      01BD911D 
 1911      000003B4 
 1911      014801
 1912 7665 9001BDB7 		.ascii	"\220\001\275\267\353\001\000\003\264\001H\001\220\001"
 1912      EB010003 
 1912      B4014801 
 1912      9001
 1913 7673 BDF1C901 		.ascii	"\275\361\311\001\000\003\264\001H\001\220\001\275\303"
 1913      0003B401 
 1913      48019001 
 1913      BDC3
 1914 7681 CE010003 		.ascii	"\316\001\000\003\264\001H\001\220\001\275c\316\001\000"
 1914      B4014801 
 1914      9001BD63 
 1914      CE0100
 1915 7690 03B40148 		.ascii	"\003\264\001H\001\220\001\275\265!\000\000\003\264\001"
 1915      019001BD 
 1915      B5210000 
 1915      03B401
 1916 769f 48019001 		.ascii	"H\001\220\001\275a)\000\000\003\264\001H\001\220\001"
 1916      BD612900 
 1916      0003B401 
 1916      48019001 
 1917 76af BD75CA01 		.ascii	"\275u\312\001\000\003\264\001H\001\220\001\275s\331"
 1917      0003B401 
 1917      48019001 
 1917      BD73D9
 1918 76be 010003B4 		.ascii	"\001\000\003\264\001H\001\220\001\275\2315\000\000\003"
 1918      01480190 
 1918      01BD9935 
 1918      000003
 1919 76cd B4014801 		.ascii	"\264\001H\001\220\001\275i\315\001\000\003\264\001H"
 1919      9001BD69 
 1919      CD010003 
 1919      B40148
 1920 76dc 019001BD 		.ascii	"\001\220\001\275\371\312\001\000\003\264\001H\001\220"
 1920      F9CA0100 
 1920      03B40148 
 1920      0190
 1921 76ea 01BD05CD 		.ascii	"\001\275\005\315\001\000\003\264\001H\001\220\001\275"
ARM GAS  /tmp/ccaEXnhx.s 			page 147


 1921      010003B4 
 1921      01480190 
 1921      01BD
 1922 76f8 A5CC0100 		.ascii	"\245\314\001\000\003\264\001H\001\220\001\275\205]\000"
 1922      03B40148 
 1922      019001BD 
 1922      855D00
 1923 7707 0003B401 		.ascii	"\000\003\264\001H\001\220\001\275W\325\001\000\003\264"
 1923      48019001 
 1923      BD57D501 
 1923      0003B4
 1924 7716 01480190 		.ascii	"\001H\001\220\001\275/^\000\000\003\264\001H\001\220"
 1924      01BD2F5E 
 1924      000003B4 
 1924      01480190 
 1925 7726 01BDC55F 		.ascii	"\001\275\305_\000\000\003\264\001H\001\220\001\275\253"
 1925      000003B4 
 1925      01480190 
 1925      01BDAB
 1926 7735 CE010003 		.ascii	"\316\001\000\003\264\001H\001\220\001\275\267\316\001"
 1926      B4014801 
 1926      9001BDB7 
 1926      CE01
 1927 7743 0003B401 		.ascii	"\000\003\264\001H\001\220\001\275\333\316\001\000\003"
 1927      48019001 
 1927      BDDBCE01 
 1927      0003
 1928 7751 B4014801 		.ascii	"\264\001H\001\220\001\275\025\312\001\000\003\264\001"
 1928      9001BD15 
 1928      CA010003 
 1928      B401
 1929 775f 48019001 		.ascii	"H\001\220\001\2753\311\001\000\003\264\001H\001\220"
 1929      BD33C901 
 1929      0003B401 
 1929      480190
 1930 776e 01BD2767 		.ascii	"\001\275'g\000\000\003\264\001H\001\220\001\275!\333"
 1930      000003B4 
 1930      01480190 
 1930      01BD21DB 
 1931 777e 010003B4 		.ascii	"\001\000\003\264\001H\001\220\001\275\011\256\000\000"
 1931      01480190 
 1931      01BD09AE 
 1931      0000
 1932 778c 03B40148 		.ascii	"\003\264\001H\001\220\001\2751\345\001\000\003\264\001"
 1932      019001BD 
 1932      31E50100 
 1932      03B401
 1933 779b 48019001 		.ascii	"H\001\220\001\275\355\333\001\000\003\264\001H\001\220"
 1933      BDEDDB01 
 1933      0003B401 
 1933      480190
 1934 77aa 01BD39D8 		.ascii	"\001\2759\330\000\000\003\264\001H\001\220\001\275/"
 1934      000003B4 
 1934      01480190 
 1934      01BD2F
 1935 77b9 CF010003 		.ascii	"\317\001\000\003\264\001H\001\220\001\275?\342\001\000"
 1935      B4014801 
ARM GAS  /tmp/ccaEXnhx.s 			page 148


 1935      9001BD3F 
 1935      E20100
 1936 77c8 03B40148 		.ascii	"\003\264\001H\001\220\001\275\367\321\001\000\003\264"
 1936      019001BD 
 1936      F7D10100 
 1936      03B4
 1937 77d6 01480190 		.ascii	"\001H\001\220\001\275\215i\000\000\003\264\001H\001"
 1937      01BD8D69 
 1937      000003B4 
 1937      014801
 1938 77e5 9001BDA9 		.ascii	"\220\001\275\251\355\000\000\003\264\001H\001\220\001"
 1938      ED000003 
 1938      B4014801 
 1938      9001
 1939 77f3 BD81DB01 		.ascii	"\275\201\333\001\000\003\264\001H\001\220\001\275\207"
 1939      0003B401 
 1939      48019001 
 1939      BD87
 1940 7801 71000003 		.ascii	"q\000\000\003\264\001H\001\220\001\275\227\243\000\000"
 1940      B4014801 
 1940      9001BD97 
 1940      A30000
 1941 7810 03B40148 		.ascii	"\003\264\001H\001\220\001\275\005\274\000\000\003\264"
 1941      019001BD 
 1941      05BC0000 
 1941      03B4
 1942 781e 01480190 		.ascii	"\001H\001\220\001\275\367\320\001\000\003\264\001H\001"
 1942      01BDF7D0 
 1942      010003B4 
 1942      014801
 1943 782d 9001BDBF 		.ascii	"\220\001\275\277\322\001\000\003\264\001H\001\220\001"
 1943      D2010003 
 1943      B4014801 
 1943      9001
 1944 783b BDCBD001 		.ascii	"\275\313\320\001\000\003\264\001H\001\220\001\275\217"
 1944      0003B401 
 1944      48019001 
 1944      BD8F
 1945 7849 DC010003 		.ascii	"\334\001\000\003\264\001H\001\220\001\275\357\300\000"
 1945      B4014801 
 1945      9001BDEF 
 1945      C000
 1946 7857 0003B401 		.ascii	"\000\003\264\001H\001\220\001\275\257\307\001\000\003"
 1946      48019001 
 1946      BDAFC701 
 1946      0003
 1947 7865 B4014801 		.ascii	"\264\001H\001\220\001\275\355\334\001\000\003\264\001"
 1947      9001BDED 
 1947      DC010003 
 1947      B401
 1948 7873 48019001 		.ascii	"H\001\220\001\275\375\366\000\000\003\264\001H\001\220"
 1948      BDFDF600 
 1948      0003B401 
 1948      480190
 1949 7882 01BD13EC 		.ascii	"\001\275\023\354\000\000\003\264\001H\001\220\001\275"
 1949      000003B4 
 1949      01480190 
ARM GAS  /tmp/ccaEXnhx.s 			page 149


 1949      01BD
 1950 7890 D1780000 		.ascii	"\321x\000\000\003\264\001H\001\220\001\275\275\244\000"
 1950      03B40148 
 1950      019001BD 
 1950      BDA400
 1951 789f 0003B401 		.ascii	"\000\003\264\001H\001\220\001\275_\265\000\000\003\264"
 1951      48019001 
 1951      BD5FB500 
 1951      0003B4
 1952 78ae 01480190 		.ascii	"\001H\001\220\001\275_\340\001\000\003\264\001H\001"
 1952      01BD5FE0 
 1952      010003B4 
 1952      014801
 1953 78bd 9001BDBD 		.ascii	"\220\001\275\275\333\001\000\003\264\001H\001\220\001"
 1953      DB010003 
 1953      B4014801 
 1953      9001
 1954 78cb BD3DD900 		.ascii	"\275=\331\000\000\003\264\001H\001\220\001\275_\317"
 1954      0003B401 
 1954      48019001 
 1954      BD5FCF
 1955 78da 010003B4 		.ascii	"\001\000\003\264\001H\001\220\001\275\247\337\000\000"
 1955      01480190 
 1955      01BDA7DF 
 1955      0000
 1956 78e8 03B40148 		.ascii	"\003\264\001H\001\220\001\275\313\317\001\000\003\264"
 1956      019001BD 
 1956      CBCF0100 
 1956      03B4
 1957 78f6 01480190 		.ascii	"\001H\001\220\001\275\027\317\001\000\003\264\001H\001"
 1957      01BD17CF 
 1957      010003B4 
 1957      014801
 1958 7905 9001BD2F 		.ascii	"\220\001\275/u\000\000\003\264\001H\001\220\001\275"
 1958      75000003 
 1958      B4014801 
 1958      9001BD
 1959 7914 37100100 		.ascii	"7\020\001\000\003\264\001H\001\220\001\275\311\333\001"
 1959      03B40148 
 1959      019001BD 
 1959      C9DB01
 1960 7923 0003B401 		.ascii	"\000\003\264\001H\001\220\001\275I\327\001\000\003\264"
 1960      48019001 
 1960      BD49D701 
 1960      0003B4
 1961 7932 01480190 		.ascii	"\001H\001\220\001\275\001\327\001\000\003\264\001H\001"
 1961      01BD01D7 
 1961      010003B4 
 1961      014801
 1962 7941 9001BDA3 		.ascii	"\220\001\275\243\015\001\000\003\264\001H\001\220\001"
 1962      0D010003 
 1962      B4014801 
 1962      9001
 1963 794f BDEF1A01 		.ascii	"\275\357\032\001\000\003\264\001H\001\220\001\275g;"
 1963      0003B401 
 1963      48019001 
 1963      BD673B
ARM GAS  /tmp/ccaEXnhx.s 			page 150


 1964 795e 000003B4 		.ascii	"\000\000\003\264\001H\001\220\001\275K\336\001\000\003"
 1964      01480190 
 1964      01BD4BDE 
 1964      010003
 1965 796d B4014801 		.ascii	"\264\001H\001\220\001\275\361\350\001\000\003\264\001"
 1965      9001BDF1 
 1965      E8010003 
 1965      B401
 1966 797b 48019001 		.ascii	"H\001\220\001\275'\351\001\000\003\264\001H\001\220"
 1966      BD27E901 
 1966      0003B401 
 1966      480190
 1967 798a 01BD13E0 		.ascii	"\001\275\023\340\001\000\003\264\001H\001\220\001\275"
 1967      010003B4 
 1967      01480190 
 1967      01BD
 1968 7998 21CA0100 		.ascii	"!\312\001\000\003\264\001H\001\220\001\275O\345\001"
 1968      03B40148 
 1968      019001BD 
 1968      4FE501
 1969 79a7 0003B401 		.ascii	"\000\003\264\001H\001\220\001\275=\351\001\000\003\264"
 1969      48019001 
 1969      BD3DE901 
 1969      0003B4
 1970 79b6 01480190 		.ascii	"\001H\001\220\001\275\021*\000\000\003\264\001H\001"
 1970      01BD112A 
 1970      000003B4 
 1970      014801
 1971 79c5 9001BD45 		.ascii	"\220\001\275E\306\001\000\003\264\001H\001\220\001\275"
 1971      C6010003 
 1971      B4014801 
 1971      9001BD
 1972 79d4 7FDD0100 		.ascii	"\177\335\001\000\003\264\001H\001\220\001\275\205\334"
 1972      03B40148 
 1972      019001BD 
 1972      85DC
 1973 79e2 010003B4 		.ascii	"\001\000\003\264\001H\001\220\001\275\027\242\000\000"
 1973      01480190 
 1973      01BD17A2 
 1973      0000
 1974 79f0 03B40148 		.ascii	"\003\264\001H\001\220\001\2759\330\001\000\003\264\001"
 1974      019001BD 
 1974      39D80100 
 1974      03B401
 1975 79ff 48019001 		.ascii	"H\001\220\001\275W'\001\000\003\264\001H\001\220\001"
 1975      BD572701 
 1975      0003B401 
 1975      48019001 
 1976 7a0f BD7BDE01 		.ascii	"\275{\336\001\000\003\264\001H\001\220\001\275\325\000"
 1976      0003B401 
 1976      48019001 
 1976      BDD500
 1977 7a1e 000003B4 		.ascii	"\000\000\003\264\001H\001\220\001\275\241.\001\000\003"
 1977      01480190 
 1977      01BDA12E 
 1977      010003
 1978 7a2d B4014801 		.ascii	"\264\001H\001\220\001\275\021\335\001\000\003\264\001"
ARM GAS  /tmp/ccaEXnhx.s 			page 151


 1978      9001BD11 
 1978      DD010003 
 1978      B401
 1979 7a3b 48019001 		.ascii	"H\001\220\001\275\245\331\001\000\003\264\001H\001\220"
 1979      BDA5D901 
 1979      0003B401 
 1979      480190
 1980 7a4a 01BD97E5 		.ascii	"\001\275\227\345\001\000\003\264\001H\001\220\001\275"
 1980      010003B4 
 1980      01480190 
 1980      01BD
 1981 7a58 6DD70100 		.ascii	"m\327\001\000\003\264\001H\001\220\001\275\307\306\001"
 1981      03B40148 
 1981      019001BD 
 1981      C7C601
 1982 7a67 0003B401 		.ascii	"\000\003\264\001H\001\220\001\275\2552\001\000\003\264"
 1982      48019001 
 1982      BDAD3201 
 1982      0003B4
 1983 7a76 01480190 		.ascii	"\001H\001\220\001\275\317=\001\000\003\264\001H\001"
 1983      01BDCF3D 
 1983      010003B4 
 1983      014801
 1984 7a85 9001BD93 		.ascii	"\220\001\275\223K\001\000\003\264\001H\001\220\001\275"
 1984      4B010003 
 1984      B4014801 
 1984      9001BD
 1985 7a94 C75C0100 		.ascii	"\307\\\001\000\003\264\001H\001\220\001\275s\335\001"
 1985      03B40148 
 1985      019001BD 
 1985      73DD01
 1986 7aa3 0003B401 		.ascii	"\000\003\264\001H\001\220\001\275!N\001\000\003\264"
 1986      48019001 
 1986      BD214E01 
 1986      0003B4
 1987 7ab2 01480190 		.ascii	"\001H\001\220\001\275\245\341\001\000\003\264\001H\001"
 1987      01BDA5E1 
 1987      010003B4 
 1987      014801
 1988 7ac1 9001BDAF 		.ascii	"\220\001\275\257\341\001\000\003\264\001H\001\220\001"
 1988      E1010003 
 1988      B4014801 
 1988      9001
 1989 7acf BDC1A001 		.ascii	"\275\301\240\001\000\003\264\001H\001\220\001\275\365"
 1989      0003B401 
 1989      48019001 
 1989      BDF5
 1990 7add 51010003 		.ascii	"Q\001\000\003\264\001H\001\220\001\275\311Z\001\000"
 1990      B4014801 
 1990      9001BDC9 
 1990      5A0100
 1991 7aec 03B40148 		.ascii	"\003\264\001H\001\220\001\275\237c\001\000\003\264\001"
 1991      019001BD 
 1991      9F630100 
 1991      03B401
 1992 7afb 48019001 		.ascii	"H\001\220\001\275\235V\001\000\003\264\001H\001\220"
 1992      BD9D5601 
ARM GAS  /tmp/ccaEXnhx.s 			page 152


 1992      0003B401 
 1992      480190
 1993 7b0a 01BD11CD 		.ascii	"\001\275\021\315\001\000\003\264\001H\001\220\001\275"
 1993      010003B4 
 1993      01480190 
 1993      01BD
 1994 7b18 45730100 		.ascii	"Es\001\000\003\264\001H\001\220\001\275\267X\001\000"
 1994      03B40148 
 1994      019001BD 
 1994      B7580100 
 1995 7b28 03B40148 		.ascii	"\003\264\001H\001\220\001\275\361N\001\000\003\264\001"
 1995      019001BD 
 1995      F14E0100 
 1995      03B401
 1996 7b37 48019001 		.ascii	"H\001\220\001\275K\341\001\000\003\264\001H\001\220"
 1996      BD4BE101 
 1996      0003B401 
 1996      480190
 1997 7b46 01BDED7E 		.ascii	"\001\275\355~\001\000\003\264\001H\001\220\001\275#"
 1997      010003B4 
 1997      01480190 
 1997      01BD23
 1998 7b55 8A010003 		.ascii	"\212\001\000\003\264\001H\001\220\001\275\347\213\001"
 1998      B4014801 
 1998      9001BDE7 
 1998      8B01
 1999 7b63 0003B401 		.ascii	"\000\003\264\001H\001\220\001\275\241\210\001\000\003"
 1999      48019001 
 1999      BDA18801 
 1999      0003
 2000 7b71 B4014801 		.ascii	"\264\001H\001\220\001\2753\342\001\000\003\264\001H"
 2000      9001BD33 
 2000      E2010003 
 2000      B40148
 2001 7b80 019001BD 		.ascii	"\001\220\001\275/\343\001\000\003\264\001H\001\220\001"
 2001      2FE30100 
 2001      03B40148 
 2001      019001
 2002 7b8f BD23E301 		.ascii	"\275#\343\001\000\003\264\001H\001\220\001\275\323\222"
 2002      0003B401 
 2002      48019001 
 2002      BDD392
 2003 7b9e 010003B4 		.ascii	"\001\000\003\264\001H\001\220\001\275u\242\001\000\003"
 2003      01480190 
 2003      01BD75A2 
 2003      010003
 2004 7bad B4014801 		.ascii	"\264\001H\001\220\001\275\243\324\001\000\003\264\001"
 2004      9001BDA3 
 2004      D4010003 
 2004      B401
 2005 7bbb 48019001 		.ascii	"H\001\220\001\275\305\350\001\000\003\264\001H\001\220"
 2005      BDC5E801 
 2005      0003B401 
 2005      480190
 2006 7bca 01BDC9CC 		.ascii	"\001\275\311\314\001\000\003\264\001H\001\220\001\275"
 2006      010003B4 
 2006      01480190 
ARM GAS  /tmp/ccaEXnhx.s 			page 153


 2006      01BD
 2007 7bd8 BDCC0100 		.ascii	"\275\314\001\000j\222N\002 (\340N\002 U\354N\002 y\004"
 2007      6A924E02 
 2007      2028E04E 
 2007      022055EC 
 2007      4E022079 
 2008 7bed 4F02202B 		.ascii	"O\002 +\370N\002 \377\000\000\000\000\244\000\011@\001"
 2008      F84E0220 
 2008      FF000000 
 2008      00A40009 
 2008      4001
 2009 7bff 01A80009 		.ascii	"\001\250\000\011@\001\001\254\000\011@\001\001\260\000"
 2009      400101AC 
 2009      00094001 
 2009      01B000
 2010 7c0e 09400101 		.ascii	"\011@\001\001\264\000\011@\001\001GO\002 \001\001\020"
 2010      B4000940 
 2010      0101474F 
 2010      02200101 
 2010      10
 2011 7c1f 4F022001 		.ascii	"O\002 \001\001\300\000\011@\001\001\304\000\011@\001"
 2011      01C00009 
 2011      400101C4 
 2011      00094001 
 2012 7c2f 01C80009 		.ascii	"\001\310\000\011@\001\001\314\000\011@\001\001FO\002"
 2012      400101CC 
 2012      00094001 
 2012      01464F02 
 2013 7c3f 20010110 		.ascii	" \001\001\020O\002 \001\201\203\020\002 \003\002BO\002"
 2013      4F022001 
 2013      81831002 
 2013      20030242 
 2013      4F02
 2014 7c51 200181EA 		.ascii	" \001\201\352\031\002 \001\002PO\002 \001\202\364\031"
 2014      19022001 
 2014      02504F02 
 2014      200182F4 
 2014      19
 2015 7c62 02200402 		.ascii	"\002 \004\002TO\002 \004\202n\020\002 \006\002EO\002"
 2015      544F0220 
 2015      04826E10 
 2015      02200602 
 2015      454F02
 2016 7c75 20018200 		.ascii	" \001\202\000\000\000\000\035\000\027\000\037\001#\001"
 2016      0000001D 
 2016      0017001F 
 2016      012301
 2017 7c84 39004C00 		.ascii	"9\000L\0002\0000\0006\000\025\000\025\004;\000I\000"
 2017      32003000 
 2017      36001500 
 2017      15043B00 
 2017      4900
 2018 7c96 0000744E 		.ascii	"\000\000tN\002 XXXXGPshGPsl\000\000\000\000\000\000"
 2018      02205858 
 2018      58584750 
 2018      73684750 
 2018      736C0000 
ARM GAS  /tmp/ccaEXnhx.s 			page 154


 2019 7cae 00000000 		.ascii	"\000\000\000\000\000\000\000\000\000\000\000\000\000"
 2019      00000000 
 2019      00000000 
 2019      00
 2020 7cbb 00000000 		.ascii	"\000\000\000\000\000\000\000\000\000\000\000\000\000"
 2020      00000000 
 2020      00000000 
 2020      00
 2021 7cc8 00000000 		.ascii	"\000\000\000\000\000\000\000\000\000\000\000\000\000"
 2021      00000000 
 2021      00000000 
 2021      00
 2022 7cd5 00000000 		.ascii	"\000\000\000\000\000\000\000\000\000\000\000\000\000"
 2022      00000000 
 2022      00000000 
 2022      00
 2023 7ce2 00000000 		.ascii	"\000\000\000\000\000\000\000\000\000\000\000\000\000"
 2023      00000000 
 2023      00000000 
 2023      00
 2024 7cef 00000000 		.ascii	"\000\000\000\000\000\000\000\000\000\000\000\000\000"
 2024      00000000 
 2024      00000000 
 2024      00
 2025 7cfc 00000000 		.ascii	"\000\000\000\000"
 2026              		.global	tps25750_bundle_size
 2027              		.section	.rodata.tps25750_bundle_size,"a"
 2028              		.align	2
 2031              	tps25750_bundle_size:
 2032 0000 007D0000 		.word	32000
 2033              		.text
 2034              	.Letext0:
 2035              		.file 2 "/usr/arm-none-eabi/include/machine/_default_types.h"
 2036              		.file 3 "/usr/arm-none-eabi/include/sys/_stdint.h"
ARM GAS  /tmp/ccaEXnhx.s 			page 155


DEFINED SYMBOLS
                            *ABS*:00000000 tps25750_bundle.c
     /tmp/ccaEXnhx.s:25     .rodata.tps25750_bundle:00000000 tps25750_bundle
     /tmp/ccaEXnhx.s:22     .rodata.tps25750_bundle:00000000 $d
     /tmp/ccaEXnhx.s:2031   .rodata.tps25750_bundle_size:00000000 tps25750_bundle_size
     /tmp/ccaEXnhx.s:2028   .rodata.tps25750_bundle_size:00000000 $d

NO UNDEFINED SYMBOLS
