:400000000020002011000000910300009103000010B50C4A0C4B1A600C4B1A68102313400B4A00D113601368802B09D10023136000F096F8002803D000F092F800F0A8F84A
:4000400000F0A6FE6588EDAC3800034054000340800000200000000000000000000000000000000000000000000000000000000000000000000000000000000000000000B4
:400080000000000000000000000000000000000000000000000000000000000000000000000000000000000000000000000000000000000000000000000000000000000040
:4000C00000000000000000000000000000000000000000000000000000000000000000004C0A003561700000B01102200000000000000000000000000000000000000000C1
:4001000010B5064C2378002B07D1054B002B02D0044800E000BF0123237010BD8001002000000000940E0000084B10B5002B03D00749084800E000BF07480368002B00D100
:4001400010BD064B002BFBD09847F9E70000000084010020940E00008800002000000000074B1A78074B1878074B000219780B04184303001343054A107800061843704760
:40018000C1FF0000C2FF0000C3FF0000C4FF00000047000070B51D491D4BCC58002C34D00C3BCC5063052BD5C86D1A4BCA6D40041A600022400F824208DA15001835AD002B
:4001C0004E59013295005E51D2B2F4E707200F211A68550A05401140012902D1120B02420ED05A1CD27F002A03D09A1CD27F954206D001215A1CD1779A1CD57740225A6200
:40020000A30502D50122034B5A6270BD00000A400C05000000020020031E0CD00023994209D04118814204D0027801309B18DBB2F8E75B42DBB2180070470000F8B5040030
:40024000A37A407AE17A1B02034309041A000B00217B1343090619430626002935D0A57963792D021D43ED012800194F803043189C46BB4229D8A278637812021A43E3784D
:400280001B041A4323791B06134398421DD89C451BD9FFF7C1FF2378834216D12C008134FF34BC4211D80B4B22889A420DD12800E179A379090219438B300A39FF30FFF731
:4002C000ABFF237A834200D100263000F8BDC046FFFF00005943000070B5802504002D02AC4205D9054800F077FD054BE418F7E70448604300F070FD70BDC0460000E02E45
:400300000080FFFFC05D0000F8B5070001200E001500FFF7E1FF174C4020230028331B782A03384310435B021843134B134AD8601278D9685001802252000A430243DA60FE
:400340000022AA4206D291007058111D890058500132F6E780210A4A8902136803200B431360FFF7B9FF072228342378013313402370F8BD0002002000000A408C0000203B
:40038000C4000A40002210B51100FFF7BDFF10BD10B500F031FD03680C2B00D1FEE7FEE7002370B52E482F4C2F4D9A002100032B00D8A958013381501F2BF6D172B6DD22E4
:4003C00007252A4B2A4C1A602A4BA73A1A602A4B243A1A6000F009FD2368284AAB432360274B28491B780600DBB21360264A1368AB431360254B0A6818787F239A430340EF
:4004000013430B60322000F0E7FC052223683220AB431343236000F0DFFC062223683000AB431343236000F0E4FC9E22C021184BD2011A60174B184A89001A60174A1160DC
:40044000174A1A604022174B1A60174B1A68002A00D11A600121154A13680B43136070BD00000020910300000000000000000240080F034008000440300010400C0F0340A6
:40048000FDF1FF0F180F0340100F0340E4F1FF0F040201400000014001FF00800002014000FF0080280003408000002000001040F0B5C74C00232500A9B03135C5482B7005
:4004C000FFF7BCFE002801D004232B702300082131331A78C0480A43C0491A700A68019192B2BF4F824206D100220A6001211A780A431A7007E0019A12681A780423134057
:4005000001D100F0F6FB202201250026B54BB6495A809980D980E139FF391981B34B96209A65B34BC122DE611D623B68D200AB40EB403B6080231B063B60BB5816398B433C
:400540002B43BB50000100F047FC9622A94B52001A60A94AA94BD2211A60C022D200BB58C900AB40EB40BB507B58AB40EB407B50D623A349DB00F950BB58A2490B43142113
:40058000BB501032BB588B43BB509F4B0D311A68FF310A431A609D4A9D4916609D4A11608E211A68FF3115431D609B4A9B4B1A609B4A13685B0A5B020B4313608023994AE2
:4005C000DB0013609849994A1160994A99491360A1220133FF33F950D200BB580B438021BB50D932FF32BB5809050B43BB5062B6220032321578002D51D1C026F6000023C0
:4006000004AAD3719D4203D1BA598B4B134003E08822BB5952001343BB51F02000F0DCFBAD239B00FA58A0235B01134080225201934202D1012304AAD37104ABDA79AB001E
:40064000D2B2002A25D0E218516B01315163516B7A4A91421FD90022A11CEDB2E5636263A263CA77210028310A70611CCA772200012132321170C0220420D200B958814397
:40068000B950B9580B43BB50F8236D4A5B00FA5024E0E3185A630135022D1FD0AFE7AD239B00F9584D33FF331940E36B9B00E318002912D0596B01315963E36B9B00E3185E
:4006C000596B5E4B994209D9F8210023444849006363A3634350137000E05963666A012E23D1002500F081FB656200F082FBA31CDD77230028331D70631CDD77F8235B0022
:40070000FD50F2259620DE3BED00FF3B7B514000FFF7E2FDF8227B595200B3437B51484BBB50230032331E70B2E2636A402B00D0AEE200F05AFB0023636200F05AFB0F23F8
:4007400025682B406D046D0F00D18AE2022B0DD10320FFF717FE3220FFF7BEFD0620FFF711FE2300032232331A7091E20F2B00D08EE21C4B1A78012A00D139E76279D20901
:400780006ED02079C006C00E0138032800D97FE200F05EFB020E121A2A4B210023642A4B403163640023A364284B0422E36454E2274B2364274B02E0274B23640123210016
:4007C00063644031022248E2244B236442E2C04600020020C0FF00004C4200008000002000000A408C000020FF01000000FF0A40FC000140D0000A400A404101D4000A4004
:4008000061643D008A0E304FC4000A40A8000A400B410000BC000A400F020000B4000A40E4000A4080E100E0950100006800002000E100E003060100EFFEFFFFC40900002E
:4008400020002000418000FFB4040092000060F6428000FF0000B4044380B4044480B404E288C6498A4200D0E6E1210026792000F206D20E0292C14A603103914A8018210D
:400880006130027876098A4310390A4302701F20039972010978013D0840039902430A70029AAD00501EEDB20C2800D9C4E100F0D9FA0D0014003E007000C3019200A50094
:4008C000BF002701430191019A01A401002D06D11F236566A366032229E2002D09D022001821613213788B4308390B43137001221DE22200E023643203CB03C2230021009E
:4009000031331B7829315B0707D49D4B5B681902090CC90161310393FF31200008226C3000F0AAFA002307226367A367FFE1042DD5D1237A532BD2D1924B00209B6CA36610
:40094000914B1A78914BD1B2E1661B781B020B431A00E3668E4B1B781B0413438D4AE366127812061343E3668B4B1A788B4BD1B221671B781B020B431A002367884B1B786F
:400980001B041343874A23671278120613432367DAE1042DA3D1237A522BA0D172B6019B019A1B68F2251360F823002296205B00FA50DE3BED00FF3B7B514000FFF78CFC2C
:4009C00001227B5978499343784A7B5113689BB20B4313605CE1042D81D12300227A7C33502A07D118784E3A904300D0AAE11A70033DA9E1002001251870A5E1701EC3B2E1
:400A0000052B00D96BE718235843C0B2062E03D09D4200D063E702E0082D00D05FE72100634B0830181808312A0000F025FA2FE1042D00D053E75F4A127A002A00D04EE78E
:400A4000227A462A00D04AE7A27A0E201102627A0A43160022007C321278002A45D05A880738B24241D89A88B24202D2DB88B3423BD1514B07209E4237D830224F4D4C4983
:400A8000AB6A08319343203A1343AB62703208A800F0F2F94A4B4B4906937F23079306AB8B60494B4B60C046C046C0468B681B0F1A070A2B10D1454833040343069306AB95
:400AC0008B60434B4B60C046C046C0468B6800211B0F1B07934200D00C213022AB6A08009343AB62002900D00520334B9E4200D094E022000421313213780B4313708DE009
:400B0000002D00D0EBE6711ECBB2052B00D9E6E6182359430822C9B2062E00D01A002000234B08316430591800F0A6F90722062E00D0FCE0043AFAE0042D00D0CFE6227A9E
:400B4000462A00D0CBE6A17A627A0902114322007C3212780E20002A60D01B8907388B425CD2154B994259D88140114880220830033D00F081F92800E6E0C046B4040000B8
:400B8000C0FF0000FCF0FF0F78F1FF0F79F1FF0F7AF1FF0F7BF1FF0F7CF1FF0F7DF1FF0F7EF1FF0F7FF1FF0F0400FA050CED00E08002002000030020FF01000000000340C4
:400BC000B6D700000000104004000080B6D8000005000080042D00D081E6267A012E00D193E007201AE0002D00D078E6230031331A78230060331A710EE0082D00D06EE6E9
:400C0000A068E168554B42189A4200D967E6FFF703FB230060331871022288E022001F210125603213788B4302990B43137001350230EAB2606682E062684949130C8B4255
:400C400026D1E723110A22640B402200102141320B4313702100012240310F20FFF754FB16E0092B14D123003233187803280FD13C4E3378002B03D10130FFF783FB07E0D5
:400C8000FFF780FB2021384A13688B4313603570210032310A78012A13D12025324803682B4303602F4B1A7002230B7000212F4B2F4A99502F49304A995005212F4A99508B
:400CC00096E4022A00D093E4284D2C4EAB59DB0300D48DE42349013A10000C31FFF714FB0022234BEA50244B224AEA500523AB517EE4234A234953728023019A1360224AD8
:400D000013689BB20B43136072E42048FFF796FA21003131002804D10B78AB430B70350012E00A78062015430D7035000CE021001F2060310B788343029803430B702100FF
:400D400060318AE70125032022001F21603213788B4302990B43137069E7C046FFFF0000B40400008C000020C4000A40001000E018D00000FFEA410014D0000010D00000E3
:400D8000000300200400FA050CED00E0C0FF0000F8B500250E490F4B01394A1C14D000221F685C689E68A018B24203D0B858A0500432F8E70200DE68141AA64201D020C256
:400DC000FAE710330139E8E700F01CF8FFF770FB01000000C00E00000230800803D00138FDD1C046C046C0467047EFF3108072B6704780F310887047014B18687047C04699
:400E0000000100200E4B70B500251E000D4CE41AA410A54204D0AB00F35898470135F8E700F03CF8084B00251E00084CE41AA410A54204D0AB00F35898470135F8E770BD8E
:400E4000A80E0000A80E0000A80E0000B00E000002B4714649084900095C49008E4402BC7047C04603B47146490840004900095A49008E4403BC7047002310B59A4203D0BD
:400E8000CC5CC4540133F9E710BD000089000000800F00000000000043000000F8B5C046F8BC08BC9E46704729010000A1030000F8B5C046F8BC08BC9E467047010100005A
:400EC000D00E0000880000208000000008020000000000000100000200020002000200005A90010A32000000000000000000000000000000000000000000000000000000B2
:400F00000000000000000000980E0000000000000000000000000000000000000000000000000000000000000000000000000000000000000000000000000000000000000B
:400F40000000000000000000A000002000000000000000000000000000000000000000000000000000000000000000000000000000000000000000000000000000000000B1
:400F80000000000000000000000000000000000000000000000000000000000000000000000000000000000000000000000000000000000000000000000000000000000031
:400FC00000000000000000000000000000000000000000000000000000000000000000000000000000000000000000000000000000000000000000000000000000000000F1
:401000000020002001150000B94E0000B94E00000000000000000000000000000000000000000000000000000000000000000000000000000000000000000000000000004C
:401040000000000000000000000000000000000000000000000000000000000000000000000000000000000000000000000000000000000000000000000000000000000070
:401080000000000000000000000000000000000000000000000000000000000000000000000000000000000000000000000000000000000000000000000000000000000030
:4010C0000000000000000000000000000000000000000000000000000000000000000000590A003561700000B01102200000000000000000000000000000000000000000A4
:401100005943000401200004933BB4040100010000020B000000000000000000000000000C02180024020000240200002402180000000000000000000000000000000000A5
:40114000010102000000000C0007FF0000070100010001000000000000000000000000002C9101032CD102002CC103002CB10400454106003C2140C14121A4C90000000005
:401180000000000000000000000000000000000000000000000000000000000000000000000000000000000007003C02400248024C020000500260029C02000000000000BE
:4011C00000000000000000000000000000000000000000000000000000000000000000000000000000000000000000000000000000000000000000000000000000000000EF
:4012000000000000000000000000000000000000000000000000000000000000000000000000000000000000000000000000000000000000000000000000000000000000AE
:40124000000000000000000000000000000000000000000000000000000000000000000000000000000000000000000000000000000000000000000000000000000000006E
:40128000000000000000000000000000000000000000000000000000000000000000000000000000000000000000000000000000000000000000000000000000000000002E
:4012C00000000000000000000000000000000000000000000000000000000000000000000000000000000000000000000000000000000000000000000000000000000000EE
:40130000B40462F643797072657373001800000041A000FFB404800100000000000062F600000000B40462F6000000000101000000020000000000000001004104140A02B1
:4013400008140A020000000004460A0204000101100000000000000000000000000000003C02000000000000400D0300A00901000000000039000000000000000000000068
:4013800000000000030000000000000000000000000000000000000000000000181D0000000200030F4F7F0000000000000000000000000000000000000000000000000013
:4013C00000000000000000000000000000000000000000000000000000000000000000000000000000000000000000000000000000000000000000000000000000000000ED
:4014000000000000000000000000000000000000000000000000000000000000000000000000000000000000000000000000000000000000000000000000000000000000AC
:40144000000000000000000000000000000000000000000000000000000000000000000000000000000000000000000000000000000000000000000000000000000000006C
:40148000000000000000000000000000000000000000000000000000000000000000000000000000000000000000000000000000000000000000000000000000000000002C
:4014C00000000000000000000000000000000000000000000000000000000000000000000000000000000000000000000000000000000000000000000000000000000000EC
:4015000010B5044B83F30888034A044B1A6004F017FBC046002000206588EDAC3800034010B5064C2378002B07D1054B002B02D0044800E000BF0123237010BD800100201C
:4015400000000000D8CE0000084B10B5002B03D00749084800E000BF07480368002B00D110BD064B002BFBD09847F9E70000000084010020D8CE00008800002000000000F4
:401580007047704770B570244443064E0500A359002B02D098470023A3510122024B5A5570BDC0468C080020FC08002010B500280DD1F22303240649DB00CA580230A243A1
:4015C0000243CA50034A8B58A34303438B5010BD00000A409407000000280AD1F222054BD200995803300143995003495A5802435A50704700000A409407000070B5040067
:4016000015000BF013F870236343074A0321D318002800D00421197370216143083151182000A84770BDC0468C08002010B50AF043FD10BDF7B50C000092050008F0A2FDCE
:40164000B8235B006B43234F0098FB18FE33604364211E8B0BF002FB0019C343DB1718401D4B400019780BF0F9FAB6B280B2000231000BF069FA0400032803D9FE2802D9A8
:40168000FE2400E004240AF048FEB8235B006B43FF18FF377B7D0190002B02D080231B031C43D0260D4FF600BB590A2000930C4B1C43BC5107F0F4FF2800009A0021BC592B
:4016C00003F008FF01980AF02CFE0120E40BA043FEBDC04608070020A600002000000A400002020010B504000AF004FF763002780C4B002A02D11A5D012A03D10A4A125DC9
:40170000002A03D01A195278002A09D0002201211B195A70044B2000195503310AF062FF10BDC0469C0100206003002010B50400042905D1074B1B1899780BF067F908E046
:40174000032906D10AF0D6FE024B9C301C190378A37010BD9C010020F7B570244443324B05001C1945342378002B5CD10AF040FDFA222E4B5200C3189BB2934213D92C4BCA
:40178000984202D92800FFF727FF2A4C322223005E21280009F0E4FF230001225D21280009F0DEFF3FE001262670002D3BD10A2007F076FF204B214C1A780193B24219D078
:4017C000E8277F003220E55107F06AFFE651642007F066FFE0593040FCD10522184B5B211A80184B043A1870174B09F0B9FFA8235B0101E0FF231B02E8225200A350012350
:40180000F821019A49001370022263580F48134363506358934363506358625810430C4A134003436350F7BD8C08002072EDFFFF82140000A52100008C04002000000A4020
:40184000A8000020780A002061C1000020002000FFFF7FFFF0235843034BC01898300088024BC0187047C0462011000000110000F0235843034BC01896300088024BC01891
:401880007047C0462011000000110000F022044B50435B5CC018034B185A034BC0187047DCCE0000201100000011000070B50400FFF7DEFF70236343354A0600D318C8228E
:4018C0001D8E9200954201D1324A1A8620000AF011FE5C233F22FF33C35C9343C02B01D0738AED182C4B1B5D002B03D02B4B6200D35AED182A4EB54210D8002C47D1200046
:40190000572109F009FF07F0EFFFC823A8B29B009D420CD8200007F0DFFA38E0002C36D12000572109F0F8FE07F0DEFF300014210BF00AF9142358431A4A83B21A49108847
:40194000884204D800200131118018490880184908780C00052806D014490888142141430C48091811800020124912880B80124908709A4207D104230122237057210F4B83
:4019800009F0EEFE03E05721207006F0A5FD70BD8C080020881300008008002084080020FC530000FA0600201F0300000007002061030020F8060020FC060020D984000016
:4019C00070B5702444430A4B05001C194B342378002B0BD003F060FB002128000AF0E8FF002323212370280009F096FE70BDC0468C080020F7B504000E000AF07BFD702327
:401A000063435A4D0090EB181E86594B1A78002A2AD1DC215748C9004758574B3B4002273B43564F4350564B3A80564A20001A800AF0DEFB534B984210D01A1A984201D9FF
:401A4000514A821892B2F92A08D800B2181A14210BF004F900B2388003F002FD0122444B1A704A4B04321A70494B1F5D002F14D12000FFF7FDFE038A002B0ED001231421C8
:401A8000434A1355434A63009952434A43499F52434AA3009950434B1F553100200008F0CFFC20000AF026FD5C223F21FF32835C01928B432000C02B32D108F0C1FD2000AD
:401AC0000AF018FD0300FC33DA6C9B6C9A4229D0A22305225B00C35C64275B065B0E5343632B00DD1F00019BC35C1B070DD58423FF33C05C2C4B584370236343EB18198EFF
:401B00000BF022F8874200D907003900200003F045FB702301226343EB184B331A7001E0FFF74EFF200003F035F870236343ED18C823298E6A8E9B00914205D39E4211D0B1
:401B4000200002F04DFF0DE09E420BD0009B72331B78002B06D045352B78002B02D0200002F0F0FE2000FFF7A1FEF7BD8C0800200607002000000A400700C0FF00070020F0
:401B8000FA0600208813000078ECFFFF610300208008002082080020840800208115000088080020FC080020A0860100F0B504008FB00D001700002821D1162918D00AD8C6
:401BC000022913D002D8012914D018E0032911D00B290FD013E01A290CD002D818290BD90DE00B001F3B012B06D908E0012004E0022002E0002000E003200AF059FB2000E7
:401C00000AF062FD0600681E392800D93BE10BF059F9790062007900C500C5003A013A013A013A0179006C003A013A013A013A013A018A016E003A0132016E00D8003A015E
:401C40003A013A0179003A013A013A01FA003A013A013A013A013A003A013A013A013A012E013A013A013A013A018A013A0127013A013A013A013A013A013A018A013A0187
:401C80003A016E00D4005A21200009F02BFDBD4F002803D03B195B78002B0AD15A21200009F03AFDFA22B84B92005A21200009F057FD6F363B193278DB789A4207D009227F
:401CC00010006043B14B0021C0180BF0E8F833783F19FB7027E170236343AD4AD318190000223A310A703933CBE0012700E00027763633780126002B06D02E00153E7342B5
:401D00005E4101E00026370070236343A04A0021D318180039333A30017019700192032D01D01A2D13D15A21200009F0DBFC002804D0944B1B195B78002B03D15A21200009
:401D400009F0EAFC0023934A13558E4A1355002F05D1002E03D12921200009F0DDFC012D0FD10923002263438B4988485918C318985C8E5C864200D2A8E00132092AF7D179
:401D800098E0032D01D01A2D7DD1F02280208349D2008B58000603438B5074E0702363437B4A0121D3181A003A32117019000022393144330A701A7065E0724B01221B19DC
:401DC0001FE070239436327871496343012A03D9CB183B33012202E00022CB183B331A7002223B799343012B00D09CE05A21200009F092FC634B1B195A78002A00D192E0BA
:401E000000225A708FE0FB79B978DA091DD01A205B061B0F01335843FA88D205D20D824213D903AA5170002151800F310B40DB0075310B433878D370524B10700433936062
:401E40001B2377391373564B06E002239943092969D0002312211A0020000AF065FB62E0702363434A4AD3183A33002209E00122444B1A5557E070236343454AD318012271
:401E800049331A704FE0172D47D006D8032D2BD0122D29D0012D46D118E01A2D24D003D80221182D3CD03EE01F2D38D00321202D36D038E070236343019AD31842331B78C2
:401EC0005BB2002B02DB20000AF094FD09230022634331492D485918C318985C8E5C864221D30132092AF8D170236343284AD31842331B785BB2002B02DB20000AF07AFDE6
:401F0000032D01D01A2D0ED10922100060431F4B0021C0180AF0C3FF05E0002100E00121200009F071FD2000FFF794FC0600002C52D11A2D42D004D8032D3FD0162D41D02B
:401F40004AE0232D02D0282D2ED045E020000AF0D1FA67300378012B3ED10F2573782B423AD02000FFF776FC43782B4202D183789B0731D000220B4B1A731A7001325A7028
:401F80005A6029E09C010020E51600006D0A00208C08002060030020A801002000000A402D1700004403002020000AF0A3FA67300378012B10D173781B070DD0002002F048
:401FC00055FA09E020000AF095FA67300378002B02D1B3789B07F1D10FB0F0BD70231A00424370B50D00214904008A184B321278002A1DD0002D1BD1013520000AF07AFA86
:402000005C233F22FF33C35C9343C02B04D080212000C9040AF0C0FC00221F212000FFF7C5FD002D20D00121200002F007FE1BE0C82263439200CB1820001A86FFF736FC1E
:402040000121200002F0FAFD002DD6D080212000C9050AF0A1FC172120000022FFF7A6FD0349200002F0BAFE70BDC0468C080020831500001E39F8B504000800062900D97C
:4020800086E00AF057FD048521464F74690020221F21200009F0E0FA702363433D4A0121D318C82292005A86200002F0C7FDF0236343394AD318A8331B785B0768D5002187
:4020C0002000FFF78BFF63E070252F0067431E21200009F021FB2F4E2000F7193B8E7B864837FFF763FA3B782000002B02D102F077FC01E002F026FC654375194B352B784E
:40210000002B30D0254B64222321200009F028FB29E02000222109F0FFFA0121200002F08DFD35E01E490A222000FFF783FA011E02D1200002F082FD1422C82152428900E8
:402140002000FFF777FA154B002802D10A2224211BE00122222118E02000212109F0DCFA2000FFF723FA2000FFF70CFA10E070236343084AD3184B331B78002B08D0200099
:402180000AF074FC64222321044B200009F0E8FAF8BDC0468C08002000110000752000008813000070B504000E000AF021F805005E2E0FD15D21200009F0AEFA2000FFF7E1
:4021C000F5F9124B00219D4200D901212000FFF705FF19E05D2E17D10D4BC518FA23ADB25B009D4206D90B4B01223100200009F0B7FA09E05E21200009F08EFA2000FFF7B6
:40220000D5F92000FFF7A8FA70BDC0468D12000072EDFFFFA521000010B5040020221E2109F01AFA2000FFF7ADF92000012102F005FD80212000C9040AF0AEFB0022202146
:402240002000FFF7B3FC10BD10B5040020221E2109F002FA2000FFF795F92000012102F0EDFC80212000C9040AF096FB002218212000FFF79BFC10BDDC218020F0B59F4BB2
:40228000C9005A58000502435A509D499D4A8BB003939D4B914201D8012200E002229B4C1A70200009F090FB994E051E00D09BE32300B6331A782300B7331B781B02134338
:4022C00000D191E3FFF7D4FA03783B2B00D88BE34778022F00D087E32300AA331A782300AB331B781B02134300D17DE329002800FFF7CCFAC37833702300AC331A78230018
:40230000AD331B781B02134300D16DE301212800FFF7BCFAC378B3702300AE331A782300AF331B781B02134300D15DE31B19DB7873702300B0331A782300B1331B781B02D7
:40234000134300D150E339002800FFF79FFAC378F3702300B8331A782300B9331B781B02134300D140E32800FFF774FA0378172B00D839E300214023664AD16113623E3B3B
:4023800053623F33D3623E3B13633F3353630133D3630F22604B1B689343D8B25F4B1B681B09134003430C205D4A113B13700B00FF3102005A430133B21891751F2BF8D104
:4023C000002040218026574B574A1870574D58701160574A3F39AA63EA6C36060A43EA64EA6A3243EA626964524A5349534E1160534A544950509051534E54481650544895
:4024000006680595B6B20768BFB2BE42FBD0504E3668B7B204970527575080277F0255583D42FCD00068049D80B2854202D980277F023843861B00205E80505062B6454AE8
:40244000454E17680100B74206D19168434D5068401947427841091800201660506091603F49404A11602200B63211782200B732127812020A43A218117D3B4A1170E21CED
:40248000D17F221DD27F12020A43042A03D9043A92101A7100E01871621CD17FA21CD27F12020A430432A2189A60E21DD17F22000832D27F12020A43042A57D9043A92103A
:4024C0001A73621DD17FA21DD27F12020A430432A2181A6122002A32117822002B32127812020A439A8222002832117822002932127812020A43A2189A613AE000000A4091
:40250000E0100000FF7F00008C00002000110000A8010020FC000140E80F00F0EC0F00F0A80400202803002080E100E0000003406588EDAC58000020C1B4000018D00000A2
:40254000001000E010D00000BF5D000014D000003C00034000180020EFBEADDEF4CFFC3FB1B3000094040020A400002000221A739A822200C2321178D24A00263C32117023
:40258000D14AD249FC3251638E21039AC9005058CF4A0240039842505E772300DB34DA331A7823781B021343B34212D007213000FFF76CF9417804004B1E99413000C9B2D5
:4025C0000AF0ACFAA17830004B1E9941C9B20AF0ABFA1021BF4A0024136820008B4313609168BD4B0B40C021C9010B439360BB4ABB4B11680B401360BA4BBB491C70BB4B46
:402600001C7009F091FEC221B94BBA4A200009F0A7F8059B20009C6309F0ECFE642120000AF03CFAA74B42330493002009F040FF0222049B1B78134213D0AF4A032100204B
:4026400009F0D0FF0F280CD00222049B1B789343049A13701378802252421343049ADBB21370A64C230038331B78012B09D1002009F040FFA2300378072B02D100200AF090
:402680006DF9002009F036FF71300078C0B2002802D101F0EBFE71E0637F063B022B5FD80020FFF7D7F800250226954A09AB05901A800023320000931900180007F0B2FC7C
:4026C00009AF002801D178550CE000230021009332000533080007F0A5FC0123002800D002237B550026012D01D00125E1E7638D3D88AB4207D1638D49219BB2A3853000F1
:4027000009F00AF82CE0A38D9D4211D0638D7D4A9BB2934201D1012D07D8002328224921180009F01DF8A5851AE0628D9A4217D04921002008F0D6FF002811D1A38D9BB239
:402740006385638D9BB2002B03D180211800090104E0059B5B785B0702D5082101F0D8FD6648203007F040FC01000B2806D8637F5D4A9B00D3189B6C00209847624C237852
:40278000002B10D05D4B39331B78052B0BD12321002008F0A7FF002805D1202108F0A2FF002800D128E1554C25003A352B780023E36309F04DFE002800D136E709F0ADFD41
:4027C0002B780490002B00D0EAE102223D4B42331B78134200D0E3E1206A002800D0DFE1472108F07FFF002800D0D9E1482108F079FF002800D0D3E1492108F073FF0028EC
:4028000000D0CDE1627F072A08D1C021039B49005B580130FF300343039843508E21F020039BC9005B580003034303980126435088203649039B40045B5803430398435039
:402840002000039B0C392A305B5800781B0C0238454268413340984200D0A1E12C4B595823002B331B78090A023B5842434131408B4200D094E1063AB24259D80223658DF7
:40288000FF33ADB29D4245D00ED8B54250D10023022219001800009507F0C4FB02230093002329001A0040E081235B009D4238D0144B9D423CD10023009602221900180055
:4028C00034E0C0468C08002008070020634400001818FFFF00010440FF8FFFFF00010240FFFFF0FF770A0020E8CE0000760A002099B80000EE020000E9B8000028030020E1
:402900000303000001020000FC0800209C04000000000A400023009602221900180007F081FB002331001A000096100007F07AFBA84B1D78EDB2002D00D133E101240025FC
:4029400031E06378002B09D0A34B02341B6CE28F9BB2934202D0322006F0A2FED2251827C52602229D4CED006359F600BB436351A3591343A35109F0D0FC0421984B994AFA
:402980001B889BB21360984A13680B43136030BF09F0C7FC0222A3599343A35163591F43675101242500049809F0BBFC002D01D009F078FD002C00D134E68C4B5B7F063B20
:4029C000012B00D92EE60021080002F0CBFC0221002001F08BFC0121002002F0C3FC0421002001F083FC1DE6814A824913680B43136006F06DFFBDE47F4B20701B78002B89
:402A000000D1D0E67D4B0B261D8809F086FC7C4BF021FC330593059A7A4B0690D366F022039B52009B58E03AFF3A1343039A4900535006ABF618ADB209AF681D3A00310037
:402A400002F03EFBD620E8211F25039BC0001A586D4BC9001A403B78604C1B041343039A51586A4A0A4031782940E82589020A430399ED004A51039AF0211350F022039B49
:402A8000D2009B58039A5B005B08C9005350FD220121039BD2009B580A205B005B080B430399FC258B5006F0FBFDE522039B92009B5803999B0A9B028B50039B54499B5819
:402AC000AD000B4303998B50FA212022039B89005A50039B5B591343039A5351069809F020FCF822039B92009B58444B1B88192B00D858E6414B1B889BB2069309F00DFCBA
:402B0000059A444B07909366F02302225B00E35831001343DF32FF32A350069B3A00581F02F0CEFAD822FF21D200A3588B4339781943E823DB00E058374B184033781F2698
:402B400033401B050343E820C0002350F023A1500121DB00E358C0325B005B08A3503032A3580A205B005B080B43A350E6229200A3582A499B0A9B02A350A3580B43A35063
:402B800006F08EFDFA2340229B00E250635913436351079809F0C5FBF8239B00E35802E60024FFE609F06CFC002800D1C6E6280009F0A0FC72300378002B00D1C1E609F0CC
:402BC000ACFB0421084A13688B43136030BF09F0A8FBE6E6FC0800200000034000000A4052F1FF0F0400034010ED00E028030020800000204C4200008008002082080020B3
:402C00000807002001A60000FFFF00FFFF83FFFFE5030000C1A50000FFFF0FFEEB030000022906D1002804D1A623024A01395B00D154704708090020704710B5022905D1C7
:402C4000C8220731920006F0F9FA04E0082902D1043906F023FF10BDF8B5040009F034FD93239B0063431D4D1D4AEE18B61832780700002A0FD102005B5999329B7A2000C5
:402C8000DB09137009F020FD01233370030099331B7898300370932392229B0063439200EE18B6183278002A17D1EB5897371B7920009B093B7009F007FD3378002B0CD1A2
:402CC000013333700300943097331B7802789A4200D90370200003F0B3FDF8BDAC04002049020000F8B5050009F0EEFC93239B006B43284E284AF3189B1800221A70037C3F
:402D00000400934235D0030066331B78012B04D0030094331B78012B2BD9230081331B78002B26D023007D331B78002B08D193239B006B43184AF3189B1801221A7018E040
:402D40002700C0373B682800DB699847002810D1230079331B78002B05D02300B9331A7818231A4205D03B68703421785B692800984793239B005D43483B7619F2180023F4
:402D80001380064AB218137082229200B6183370F8BDC046AC040020070200000902000010B5040009F090FC030000219C33197093239B006343084A8430D318074A9B18E7
:402DC00019700378062B02D0200006F05BFC1021200006F063FE10BDAC0400200A02000070B5050009F070FC0300002677331E7004000A21280009F015FE3100280006F06C
:402E000041FC2800022106F049FE0423A434236070BD000070B50D00040009F055FC022D1AD101237A3003700021200002F018FD8022124D52032B68322013432B6006F0E9
:402E40002FFC80222B68520213432B6037220921200006F0F3F910E0082D0ED1074B084A19687A300A401A601968064A0A401A60002303702000FFF7B3FF70BDC4000A4073
:402E8000FFFFFEFFFFFFEFFF70B5050009F01CFC03000026040075331E700E223100280008F0DAFB230084331B78052B03D03100280006F0E7FB2800012106F0EFFD042343
:402EC000A434236070BD0000F8B50D00040009F0FBFB0700A81E08286AD809F02BFE051855555569696959002000FFF7B5FE93239B0063432F4A20009A583B009168FC33DE
:402F00009964C0373B682C4ADB6A984750E09325AD006543274A294B5519EB181B781600032B04D10E21200006F0B8FD40E03A008F23FC32926C9B00EB181A609022753779
:402F40003B789200AD18002B02D10821297006E0200009F0F3FC002805D117212870200006F09CFD04E0042320002B70FFF78CFF93228F23920062439B00B218D2181621B1
:402F8000200009F05DFD13E02000FFF709FF0FE093239B006343074A0849D3181A008532FF3212785B181A700021200003F002FCF8BDC046AC0400204991000022020000D6
:402FC000F0B585B00E00040009F07EFB03000090FC33B01E9D6C062800D9ABE009F0AAFD048996969EAAA60093239B006343524AD318524A03939B181A78012A06D10021E9
:4030000001321970200003F0D5FB93E06B005B0F4133009A9B00D3185E683F23370E9F430297C02F26D1464A0A21200006F006F980212000490209F047FD642233041B0E48
:403040005A43019214222B035B0D5A43052317003C4A6D0694466D0E5D43039BF93A63441B78FF3A9343C02B24D10F21200006F015FD24E00A21200008F04EFB80212000E7
:40308000490209F021FD0022009B02999B331A7033039B0D323253430193B3009B0D019F002901D05A4317002B0101D52D0300E0AD05AD0D1C220921200006F0BFF8932380
:4030C0009B005C431C4B6A461C198A2392889B00E3181A801C4BE3181F8089239B00E3181D808D239B00E418009B2660FC33DE6520E00321200006F0C5FA200006F038F85A
:403100001C220921200006F099F813E02000002106F0B8FA2000FFF743FE0BE02000002106F0B0FA2000FFF7AFFE03E00F21200006F0B4FC05B0F0BDAC04002006020000AB
:40314000B0360000370200002602000037B50400881E0A2854D809F0EDFC062B39393153535353533900200009F0AEFA030095331A78244B1900012A03D97C300178490368
:40318000194393229200130063431F48C5182A0001237D32FF3211602000009219000F2203F0E0FA194BED182B7801332B7027E01B220121200006F041F821E093239B0025
:4031C0006343114A2000995806F07AF80121200008F0A2FA80212000490109F075FC0921200008F07FFA002806D0200009F06CFA0C23A230037003E00B21200006F04EFCEF
:4032000037BDC046018000FFAC04002002020000F8B5040009F058FA00210500200002F01FFB932292006243214FBB18214A991800220A70204959180A70204959180A7063
:403240008221890059180A701D4959180A708121890059180A801B4959180A708D2189005B181A602B00FC339A64DA65873B1A701A71944203D1144B4D33FF331C700A216D
:40328000200008F049FA2B000026A4331E60083B1E70D6235B00EE54A03363430B4AFB189B181E70200006F0D7F8094B1E55F8BDAC0400200302000006020000070200003D
:4032C000090200000A02000008090020490200006A03002037B50400881E062828D809F029FC040E1414162714000121200003F095FA0D220121200003F05CFA18E01B228E
:403300000921200005F09AFF12E00B210DE09320002280006043074D009201210823405905F094FF414241410A31200006F0B6FB37BDC046AC040020F0B585B0040001911D
:4033400009F0C2F9037C93250293030079331B78AD006543DBB203935D4B019A5D195D4B0600EB181F78022A00D08AE0200009F0ABF9020000239B3213702D3A1370564AF0
:403380000121AA181370554AAA181370020081321170013A137081229200AD180200FC322B8093648A22FF3283549C421AD12100200003F033FA0121200003F02FFA01992C
:4033C000200003F02BFA464B1A00FC3254651A005532FF3214701A0044334D32FF32FF3314701C70200003F02BFAB8235B0063433C4A3D4DD31800222A33FF331A70A0231D
:403400003A4ADB00EA50200009F05EF9E022A2239200DB00EA5094300378012B05D980219932FF32AB580B43AB50A123DB00EA582F490A430221EA50EA580A43EA50002FE8
:4034400002D03722073107E0029B002B08D0039B002B05D132220921200005F0EFFE34E03200BE321388002B2BD093239B0063431749CB181F495B180121197012880831B9
:40348000EAE7019A082A20D1002F0FD000221A70029B0B21934215D0039B934212D103007D331B7893420DD002390BE0114B0A21ED182B78002B05D02F700131200006F0B6
:4034C000EDFA0B21200006F0E9FA05B0F0BDC046AC040020030200000102000002020000080900200807002000000A407F060904000609044602000070B5040009F0E4F8E7
:4035000005008178200003F0C5FC0121200002F0A7F920000E22002108F09EF82B000022A4331A60012377352B701521200009F079FA70BD70B50E00040009F0C5F80500FC
:40354000B01E0B2842D809F0F5FA0641414127412B414141413EB4220921200005F06EFE2B7C012B32D12B0079331B78002B2DD193239B006343164AD318164A9B181E78D5
:4035800008F0C0FF864221D20A23A2352B700421200009F08DFA19E02000FFF701FC15E093239B0063430A4AD3180B4A9B181B78312B04D80B21200006F070FA06E0200079
:4035C000FFF79AFF02E02000FFF75EFC70BDC046AC040020020200000102000073B50E00040009F071F80500B01E0B2800D9A0E009F0A0FA06214253719C8A9F9F9F9F92F1
:403600002B0074331B78062B06D1C0352B6849491B69200098478CE0200009F05DF82B000D35FF357E331B78012200950021200003F098F87DE00221200008F06DF88021A7
:403640002000890109F040FA012376352B7093239B006343384A2000D31880229200991800220A7035495B18F9391A70FF391B3205F0E4FD28212AE02B0075331B78012B11
:403680000BD193239B0063432B4A1721D3182C4A9B181B78012B2CD132E076352978C9B200292DD19325AD006543234B20005D19224BED182B7801332B7003F0AFF80C21FE
:4036C000200006F0EBF92B78062B32D12721200009F0A8F92DE09320012280006043164D009204230021405905F0B0FD002804D00D21200006F0D2F91BE02000FFF7ACFAB7
:403700002000FFF74DFB14E02000102109F08AF92000FFF7B9FB0CE076352B78002B08D180212000890109F0C3F902E02000FFF7E3FE73BD0D910000AC04002001020000E8
:403740000A02000070B5040008F0BEFF05000021200005F097FF2B0000226E331A70AD7C2000012D06D105F092FF2900200009F0B7F901E0FFF7C0FE70BD0000F8B50400DD
:403780000F0008F0A1FF0300C03305001E68072F23D0082F35D0022F4BD18178200003F079FB2B0070331978200073699847002376352B703621200009F034F908F0AEFECB
:4037C000002824D008F0AAFE09210200200005F035FD0122174B1A552BE0200008F074FF020000239A32763013700B210370200009F018F93900200006F050F90E4A02211A
:4038000010E00C4B1A5D002A10D000221A550A492000736898470949F3682000984714220921FF32200005F009FD02E02000FFF789FFF8BD6A030020881300000D910000AF
:4038400070B50D00040008F03FFF072D24D0082D27D0022D40D1200008F036FF05002000FFF7D6FC2B007033197850331B6820009B6998472B0001227D331A70174B18495B
:403880001A5593239B006343CB18164966355B182A701A701A3217E00321200006F0FEF81AE093239B0063430D4AD3180D4A9B181A78002A0DD00022C0301A7003680A498B
:4038C0001B6920009847094A0921200005F0B6FC02E02000FFF736FF70BDC046340C0020AC040020450200000D91000071020000F7B504000F0008F0E7FE0300A1331E7810
:403900000500F6B2022F04D000D299E0052F7ED996E04C4B4C491A1952780193002A09D193228023920062439B008A18D218137801331370932380229B0063439200CB18C2
:403940009B181A78032A10D9032276351A702B782000002B02D0FFF7F5FE01E0FFF7CCFD0121200005F08EFE6AE0019B1B195A78002A02D000225A7002E02000FFF748FC76
:40398000002C04D00121019B1B19597055E008F0C4FC05210700200007F0BEFE0421200007F0BAFE0721200007F0B6FEA121274BC9002933FF331C70254B264A5858264D5E
:4039C00002405A50A0222549D2002E0099502B004436FF36FC3334705C652B00380005275533FF3345351C70FF3508F09AFC1C4B07212F701422200007F0B2FE01233900BB
:403A00003370200001F0DCFE002819D0BAE71221200009F007F8002E07D076352B78002B03D12000FFF78EFE0AE00321200005F029FE200005F09CFB0221200006F02EF8B2
:403A4000F7BDC0466A030020AC0400200807002000000A40770FEBFF0809002088F01400D16200001C2300225843014BC25470474403002070470000F0B585B00E00070034
:403A8000039208F037FD94300378C74A019370237B43D3181900002080242D3108703189C248240208401100A04200D0F1E0B2681A61727A3B335206920F1878D4B2031C8F
:403AC000A04200D9131CDAB2009270227A438A1811003B310B70130001212C3319703F23107C03408020404203431374B04BD85DAD4B002803D00198884200D8BAE07278B6
:403B0000012A00D0B8E0307AC006C00E0138052800D9B1E009F00EF8034E75B0B0A8FF2271891202914200D0A6E0A24AD15D002900D1A1E0702078431A182C3211709E4AE6
:403B4000BD00AA58984E94468A000192002264468518A458AD192C61019C0432A242F6D1009A002A76D170327A43B6187069F27D924D92062840924D520FD606284030431D
:403B8000360E182E00D1009A07263240D20628401043120E283A54425441221D8A4204D27021794359182C310A7070227A439A1850614FE0FF227189120291425CD1814AE0
:403BC000D25D002A58D07020784319182C310A707D49BD006958744E8C4600219200644645186458AD1904312C619142F7D170227A43B6183F22317C0A4040210A433274B7
:403C00003AE072497A00895C042935D9704AB80080587589C6880278AE420DD170257D43043A591992102C310A705F4CD2B2013292000021A44605E080188A1AD1B20029ED
:403C4000E8D119E004318A4204D04E1944586644F460F7E770227A4399183F22087C0240402002430A7407E070227A439A182D32012100E02D32117070227A439B18032244
:403C80006021009C144062015C7C8C4314435C74A8E2504A937AD27A12021A4316D14D4B71899A7ADB7A404D1B021343994200D0F7E170237B43B168ED18296118216B7CF6
:403CC0008B4308390B436B742C3589E273899342E5D1307A3100C206D20E029272683E4C55044209009218226381637A6D0F9343103A13436372009B17325801237A013DAA
:403D0000134003432372029BAD00581E0C31EDB21328C4D809F0CCF81400210068009A00AC00C600E10001012A0147015601C3FF64018801A902C3FFA902C3FF91019A0118
:403D4000002D0CD1254B1B78E360002B00D08EE21F3323610335213B8BE1002D07D01822637A01259343083A134363727FE12200E0230C3203CB03C2194B21001B785B075E
:403D800006D4184B59680902090CC9016131FF3120000822143009F079F800230725E3612362023B65E1C0468C080020C080FFFF340C00202C03002030030020FFFF7FFC53
:403DC000FFFFFFC734030020380300203C0300204003002000110000800300208C0000206C0A0020C0FF0000042DB8D1337B532BB5D1D24B9B6C2361D14B1A78D14BD1B275
:403E000061611B781B020B431A006361CE4B1B781B041343CD4A63611278120613436361CB4B1A78CB4BD1B2A1611B781B020B431A00A361C84B1B781B041343C74AA3619D
:403E4000127812061343A361002312E1042D86D1337B522B83D1C24A0321002008F0C2FB033D0C23002800D003E1BE4B186010E1042D00D073E7327B09234A2A00D0BCE152
:403E80000321E33318780B00084000D0B5E1B44A08F0A8FB0C23002800D0AEE1B24AB14B1A60F6E0042D00D059E7337B0222611D502B08D1CB7F033D934300D0D9E10634DF
:403EC000CA77E577D5E0C87F0323104200D1FBE10023A21DCB77D377F6E1009B5E1EF3B2052B00D93BE7009B062B03D0182D00D035E702E0082D00D031E7182070439B4B38
:403F0000C0B2083018182A0008F0C0FF0122B24097490B8893430B80BBE0042D00D01EE7944B1B7A002B00D019E7337B462B00D015E78F4A1388002B00D09CE1B37B717BDC
:403F400005341B02E07F0B4319B20723002800D1DB183F201080884A0125914200D088E086493B380A7802430A7082E0002D00D0F5E6009B591ECBB2052B00D9EFE6182306
:403F800059430098C9B20822062800D01A002000764B083159180C3008F078FF009B0725062B64D16AE1042D00D0D8E6337B462B00D0D4E60534E27F3F3B002A00D01CE1EF
:403FC00007331AE1042D00D0C9E66D4B347B1B78A34200D110E1012C00D110E107230CE1082D00D0BBE6737B317BB07B1B020B4300041A000300F07B134300061843737C2D
:40400000357CB17C1B022B4309041A000B00F17C1343090619435B4B42189A4200D99EE607F008FB207322E1002D00D097E607F0B9FC2561E060033519E0002D00D08EE660
:40404000EC23E5601B780235237310E0009D013DEBB2012B00D913E107F0A4FC2B01C0330C3419181022200008F010FF052502235B421F2044490A7A8243029802430A724F
:404080009A1C00D1FFE0404A01350233EDB2D360F9E070237B433D4AD31802222D331A70A0E0380008F026FA02903800FDF7D2FB4378DB0600D48BE0354B72899A4200D0CC
:4040C00086E0314CB368A360A023237273685B045B0F012B76D12F4AD25D0092002A71D1727A317A5206520C0A432B498A425DD004DC2A498A420AD0294903E029498A4217
:404100005AD029498A425DD150222272CEE0029B3800C0331B681B6C98470A2108F014FD6B461B7880B223736B4660730005000FA0731B78E3730223B8E0C046FCF0FF0FF3
:4041400078F1FF0F79F1FF0F7AF1FF0F7BF1FF0F7CF1FF0F7DF1FF0F7EF1FF0F7FF1FF0F25B40000640A00204C420000000400208E00002080040020FF0100006C0A00206A
:404180008C000020FFFF0000800300208C080020C6050000340C0020030C000003060000030B0000030E000003100000009BE36004232373023B79E0009BE3603023237391
:4041C0002E3B73E070237B43ED182D35022308E070237B43019AED182D350323012A00D801232B7070237B433B49103359183800039B984705B0F0BD0023012539E7374B78
:404200009A68197B120A0906114326D05A681002000CC20110008030009242189446304A94451AD81A681E79120A36063243904213D8944511D91E7807F0FCF986420CD178
:4042400000988130FF3007F0BFFB002805D1254B1A78AA431A702500F6E50421214A012513780B431370062303E7012501E00225FDE60323FDE601250523FAE60325F6E62D
:4042800001250723F5E67021002279431248164E43182C331D70AD00340008348B181459C31804321C61AA42F6D19BE770227A43AD182A002C321370A2682A61022B00D0BE
:4042C00090E7E3686B618DE71F21227A01258A4319390A432272D6E68C080020C0FF0000FFFF00006C0A00208003002070B505000C0008F012F81C236B43044AD3185A6834
:40430000A2435A6008F00DF870BDC0464403002070B505000C0008F000F81C236B43044AD3185A6814435C6007F0FBFF70BDC0464403002073B504000D00FDF78BFA0600E3
:40434000002D15D0012D73D11C2300216343394A2000D618995496235B007381B57601F001F80223290073702000FFF7D1FF5FE02900200000F0F6FF0121200000F0F2FF71
:40438000472120004A2207F067F9012120004942FFF7ACFF002C0FD1E0220121264BD20099501F311032995080211A6889040A431A60322005F074F9022372781D4D1A406F
:4043C00011D03179200001F009F81C23317963431A484900095AEA1851810121917611730522EA5412E01C236343E95C012902D0EA54EB189A760521200000F0EFFF0222EC
:40440000002300921900200005F00CFE002C08D020000B49FDF7EEFA0A49200000F04AFA06E0200008F066F877300378002BEFD173BDC0464403002000000A4054CF000021
:4044400088130000753A000010B5472902D1BA31FF3103E0482903D18021C900FFF758FF10BD10B5FFF754FF10BD00001C2370B543431C4E0400F3185B78002B30D00021C6
:4044800000F070FF4B224721200007F0E5F8002C1AD1E2238022144DDB00EC501206103BEA500423114A5B42A95820000B40AB5003220F4BEA5000F02FFF200000F0DAFEBC
:4044C0002A680C4B13402B601C2300225C4333195A605A701A739A763255C82292001A81002070BD4403002000000A409C04000094040000FFFFFFFD70234343034A400014
:40450000D3181A8E024BC35AD01870478C0800208408002070B504000D0007F0EBFF943003780422012B00D90C32702363430449C8180833027359182000A84770BDC046F7
:404540008C08002010B50C0007F0D4FF0C21022C0CD0032C04D0614261410423591A05E0943003780421012B00D90C31080010BD70B504000D0007F0BDFF02007D3212784F
:4045800003000320012A05D0D979090901402000FFF7D8FF70236343034AD1180833087399182000A84770BD8C08002070B504000D0007F09FFF702262430C498A1843320F
:4045C00013780E000122002B06D1C179033319402000FFF7B7FF020070236343F11808330A732000F118A84770BDC0468C080020F0B587B0040007F07DFF030075331B78DC
:40460000002B12D05C233F22FF33C35C93431A32FF32C02B05D1855C05206D066D0E454315E0855AAD05AD0D11E083788D4A9B009D581C22130063438B495A5C002A06D098
:40464000062A04D0CB185B899D4200D21D00F0236343864AD318A83300931B789B077CD570236343824AD3184B331B78002B74D180488149A200505004AA961DD71D3370FC
:404680003B705A2D00D25A2501212000FDF7FEF84078642140B2684308F0E0FA774B4019984200D976483200390000F009FD01212000FDF7EBF83B78857801933378102674
:4046C000029307F02AFE03226E4BE8211A556E4B6E4F1D551F236E4D03903E55C9006A5801989A4303401343F0226B50D200AB5890395B005B08AB506A58664B0A201340F7
:40470000029A12021343C5226B500821D200AB580B43AB50604A0739AB580B43AB50AB588B40CB40AB5004F0BBFFE42189006B589B0A9B026B503B5D6A5858010523134353
:4047400003436B50FA23FC229B00EE509200AB581E43AE50039807F0E4FD009B1B781B077ED54E494E4AA300995020000221FDF78DF883782025402B02D801335B10DDB2F0
:40478000FA264078B60040B26421704308F066FA444B80191B784343009307F0BEFD02223A4B0321070020005A7005F011FDF022374CD200A35831005B005B08A3500098C6
:4047C00008F0C2F90A235843812800D88220D626FF22F600A3590A2193438238009308F0B3F9C5220421009BD2001843A051A3580B43A350B932FF32A35803390B43A35085
:40480000A3588B40CB40A350E3229200A3589B0A9B02A350A358002D06D0234A013D13436D01253A154000E014251D43E3230822FC219B00E5505C33E250890063581343DB
:404840006350F82149006058184B03401848034363501031635838001343635007F061FD07B0F0BD5CCF000044030020001100008C080020492200009004002025020000D9
:404880002602000098040020990400208904002000000A40FF00FFFFE4070000192200009C040020A400002005040000FFFFEFFF01004000F7B50E00040007F01BFE0500B0
:4048C00007F02BFD242207001E21200006F0C4FE2B0087331B78002B2CD0A1352D78EDB2002D27D1962120004900FFF781FE2000FCF75CFE2000FCF72FFF002E1AD0702369
:4049000063430E490120CB181A0048321070588E1B8E0191984203D915702000FCF75CFE70236343019A1E21D6502000044BFA2206F016FF380007F0F4FCF7BD8C08002043
:4049400075200000F0B5F0244443234E2034A419230088331B7885B005005B073AD5702343431E4A8E34D3181B8E029323889B199B7801335B10DBB21A1C202B00D920221E
:40498000D7B207F0CAFC0390280007F0B3FD5C233F22FF33C35C9343C02B0ED1280007F0A9FD23880122F6185A236421FF33C35CB25659430097012306E023880122F61869
:4049C00002230299B2560097280005F059FC039807F0A7FC05B0F0BD001100008C080020F0234343F0B5584A85B0D318A8331B780500DB0700D4A5E070234343534AD3183B
:404A00001C8E07F08AFC002103902800FCF73EFF837801335B10DBB21A1C202B00D920220126D3B200934A4B86575A1992780193022A03D10121280005F0CAFB0222019BFA
:404A400044495B199A70444AAB00995030000121424A60439950633108F000F9404B0419A0B2404F404C984213D8404B984200D83F48E6593F4B334002933F4B98420AD865
:404A80000521802608F060F8029BB60180B21E4309E01800E6590A237D21584308F0DEF8364B80B21E40E651D4270A21C83808F04BF8FF00E65900063602360A0643E6519A
:404AC00001262F4A0A20A3583343A350A358B340F340A35004F0E4FDE1239B00E258B243E250E258274B1340009A002A08D0F821254A89001343009A013A52010A4000E04B
:404B00001022E121134389006350FA2302209B00E0506C316358144A03436350019B5D19A87802280BD1F82149005458174B2340174C23435350103153580343535003980F
:404B400007F0EFFB05B0F0BD001100008C08002089040020DD1F0000A4040020A0040020C05D00002C06000000000A406F17000070170000F7FDFFFF28230000F7DDFFFF43
:404B8000D407000001F8FFFF05040000FFFFEFFF01004000F023434370B5214A0400D318A8331B789B0739D507F0B7FB0500FC2010211C4B80001A588A431A50FA220120EF
:404BC00092009950184A99588143802099509958000601439950D621C9005858134A02405A50E42189005858114A02405A50114B1A5D1E00022A03D10421200005F0E8FA2B
:404C0000335D032B03D11921200006F085FD280007F087FB0022084BA400E25070BDC0460011000000000A40E4070000FF00FFFF08FCFFFF9804002090040020F8B57023FC
:404C400043435B4A0400D318002245330D001A7090421DD15B2106F05FFDF822554B5200985855490140A020C0030143022099509958014399509958814399504F4AD17810
:404C8000002905D0E821FF30FF3049005850D470002D02D02000FCF789FCF02501272000654305F0CDFC200004F016F9444B5D19A8352B783B423AD007F02FFB3F4B060020
:404CC0001B199B78022B03D13900200005F080FA0120384B3B4A99588143802099509958000601439950E12189005858364A0240FC205A50022180001A588A431A50FA22EE
:404D0000802092009950314980015A580243C8205A5074315A58C0051202120A02435A5000212B4AA3003000995007F0FAFA0826200005F067FA2000FFF72CFF2B7833425F
:404D400031D007F0EAFAFC211A4B89005A580500B2435A50FA2292009E50FC220120D20099588143802099509958000601439950D621FF20C9005A5882435A50E32189005A
:404D80005858144A02405A500C4B5B78022B03D10321200005F01CFA280007F0C2FA00210D4AA30099502000FCF70AFEF8BDC0468C08002000000A40DFFF0FFF8904002033
:404DC00000110000D407000008F8FFFF2C060000A404002008FCFFFF9C040020F7B504000F0007F09AFA1E2124220190200006F033FC2000FCF7E4FD200005F003FA7023CF
:404E00006343264E2649F3185B8E8B420CD805222000FCF70FFC011E06D12000FFF70EFF142004F03DFC0EE07025654375192A8E6B8E9A4203D0200007F03EF968861849CF
:404E40002000FCF7D7FD7025C8226543920073195A86002F19D0200007F04CFB87300378002B12D02000FCF7B7FB962277510D4D92002B002121200006F072FC2B00012201
:404E80002221200006F06CFC03E001212000FFF7D5FE019807F045FAF7BDC0468C080020881300007520000010B5024B8200D358984710BD9004002010B507F0BBFF0368D6
:404EC0000C2B00D1FEE7064B5B68002B02D0012100209847034A044B5A6004F0F9FCFEE7900400200C3003C000180020F8B517000C0007F0E9FB030067331B78274A012B0C
:404F000036D00021012C01D1882149003C000025D219537B127B5B02520113430B43C022FF211F4ED200B058090101408B4209D0B0581C490140B150B15832200B43B350C9
:404F400004F0AEFBAD239B00F3585A0503D50237002D06D01FE0DB0405D50124002D1AD13F19FCB217E06B425D416D422C4012E0012C0ED1882464008B3001780125890022
:404F8000535C521852785B015202134323430224C5E70024F0E72000F8BDC04684CF000000000A400FF0FFFFB8235B004343144A70B5D218150013005A355B33FF35FF338C
:404FC00029781E78B14219D24B1C5418DBB239342B70FF3424789E4201D8A3B207E0D318023139332970FF331B781B0223435C30044A80008350022004F052FB70BDC04642
:405000000807002000000A4010B507F086F98021FD220E4B0906D2009950D6211024C9005A58A2435A50E52189005C58084A2240FC245A502021A4001A598A431A51FA2237
:405040009200995007F06DF910BDC04600000A4008FCFFFF10B507F060F98021F6220C4B0906D2009950F03A99589950E62189005C58084A2240FC245A504021A4001A590C
:405080008A431A51FA229200995007F04AF910BD00000A4008FCFFFF10B507F03EF9DC210124064BC9005A58A2435A5060315A585F3422435A5007F034F910BD00000A403E
:4050C000F8B5304B0E001B78642158431700962407F03AFDA400A04208D804000A2801D20A2406E08C2804D99F2805D90325232004E01C25962001E018257D20002E00D010
:405100003570002F3CD060430A2107F01DFD0600952C02D8C820001B12E03220C72C0FD92C23FF339C4205D80A21200007F00CFD462304E01421200007F006FD3723181A3E
:4051400010231D4204D1104B1B7858430F4B03E00F4B1B7858430F4B1B785A1E9341DBB2002B00D040420C49081A704307F0ECFC822800DA822082380A2107F06FFD387018
:40518000F8BDC046A4000020A1F2FF0FA0F2FF0FA3F2FF0FA2F2FF0F50C30000F7B50F00040007F0BAF80600B82040006043184B18186B46FC3007663800D8279D1DDC1DE7
:4051C0002A002100FFF77CFF124BFF00D959124A247811402A78E8251204ED0058590A430E4901401F202040400101435951F0210120DA51C9005A58520052085A50A039FF
:405200005A5802435A50300007F08BF8F7BDC0460807002000000A40FFFF00FF1FFCFFFFF8B5B82305005B006B430F48C41826005B36FF36327000265A34FF3426700B4CAF
:40524000AE003619776C0A4C39333C4057033C43FF337464181807F019FE002D02D12800FFF7A2FEF8BDC04608070020FC000A40FF1FFCFF002801D0064A00E0064AA520AA
:40528000064BC000195891431950A421C90000205A507047022022220110111100000A40164A830070B59C18154A05009B18154A0A205A6604F0F4F9A422104BD200002D20
:4052C00001D1114900E01149A5209950104AC000AA401958FC340A431A50B8235B006B4318000C4B80221B1800205933FF331870636E12061343636670BDC04600000A402B
:40530000FC000A404A43052001101111022022220010100108070020B82330B50024C0215B0043430C4A4900D318FC330B4A9C6383009B185D580A4A2A405A501123A72586
:405340008340064AED005159200099435151A621C900535030BDC0460807002000000A40FFFEFFFFF0B58300174E184A184C4000184D002911D1E0279B18FF00D9590E400F
:40538000DE510126370087401159B94311518E215751C9005A58B24312E00C495B18E221C9005F583E405E5002211659814030008843105151518E21C9005858064A024096
:4053C00000205A50F0BDC046FFFFEFFF00000A409C04000094040000FFFEFFFF1E4A83009B18E02210B5D20098581C4C04409C50E2242020E400185107292AD8080007F044
:4054000099FB040C141C1C1F2823D02019598000014319519958102019E098201959C000014319519958082011E0A8201959C000014319519958182009E09958882001E092
:4054400084209958000102E0A0209958800001439950002010BDC04600000A4001E0FFFFDC2330B51449DB00CB58144A144C1A4000280CDB134B45012B401343002801D076
:40548000082213432278002A11D00F4A0BE010231A43FE234042C0039B03034013432278002A04D0094A12780948D2B28265DC22D2008B5030BDC04600000A400700C0FF77
:4054C000A8040020E07F0000A5F2FF0FA4F2FF0F00FF0A40F8B5D025154B8C00E418ED0062510A200F00160004F0DAF80123D221BB400F4A890053500221D423B9409B006B
:40550000D358194213D0002E11DBC1239B00E35860595B079B0F000407D4012B07D1D320800013581943115001E0022BF7D0F8BD00000A400023F0B50C00D02787B0050010
:405540000292059306F0E9FE264BA200D218FF00D35903900193230001201B339840A0232049DB00C850B8235B006B431E4EF3181B19FF335B7D9C46029B5E046346002BFC
:4055800004D0C023DB023340184E04E0C023DB0233408026B6003343E026D3510127760093593B439351A026F6008B59034206D1059BC72B03D8059B01330593F5E7E0230B
:4055C0005B00D658A023DB00C850019A21002800FFF780FF039806F0A4FE360CF0B207B0F0BDC04600000A400807002000020800F7B5070007F068F803006F331E78213376
:405600001B8801AC2380030072331A780500002A04D0244A11680622114240D12A0067321278012A0DD1951BE9B200223800FFF75DFC0022605531003800FFF757FCA055FF
:405640002DE01B78DBB2002B16D0A35D012B05D9012231003800FFF749FCA055A35D012B05D8002231003800FFF740FCA055002270352B78E25412E01D00EEB200223100C9
:405680003800FFF733FC6055002805D0012231003800FFF72BFC60550135022DEDD12088FEBDC046A4000A40C02210B50948D200835804001000002904D1074A1340802206
:4056C000520303E0054A1340802292031343235010BDC04600000A40FFFFBFFFFFFF7FFF70B500282ED1C2201425174CC0002358AB432350154B164DD65C1038154B00294F
:405700000AD16E60022A10D020580340900603431A0000290ED00FE0AE60022AF4D122581340C02212051A4306E0C021225809051A400A43822300E08423DB051A43C023A9
:40574000DB00E25070BDC04600000A4088F2FF0F00FF0A40FFFFFFF3C0218020084BC9005A580006024314205A5010315A5802435A5008395A580C3802435A500020704787
:4057800000000A40C12108200B4BC9005A5882435A50C022D20099580230490049089950995801439950985804490140F0200004014399507047C04600000A40FFFFFFBF5B
:4057C00070B50C0005290CD102221C4DFF322B68080013432B6003F063FF2A68184B13402B60A022A121174B1748D2009850C9005A5802435A50154BA200D258144B1A609D
:40580000052C07D08021134AC902136800200B43136011E00A24104B104E1A681D00324206D0013C0A20E4B203F03AFF002CF2D12B680F203342E5D070BDC046DC000A401D
:40584000FEFEFFFF00000A400001020068CF0000CC000A40C4000A40A4000A4007200000A32010B5184BC0001C58184A22401A50A2229938FF38D200985000290AD114493D
:40588000144A086802400A60A121C9005858124A024011E0012910D10D490E4A086802408020C00102430A60A121C90058580A4A02408020800002435A50A0220749D20065
:4058C0000020995010BDC04600000A407FFEFFFFBC000A40FF80FFFFFFF9F6FB00060904F0B51E4B1E4C1A68B8235B004343E3182533FF331B78002B01D100202DE0002967
:4059000006D11F2308241340072B03D8210001E010240021B8220B0052005043104A10180A19934218DA050006002635FF352A78FC367669920097591A1D0A4E920097515D
:405940002A78013D0132D2B26A706A782D789542D3D90133DBB2E3E70120F0BDA0000A400807002000000A40F7B5A125414BED005959414A04000A405A51A0223F49D200B3
:405980009950B82252004243944601923C4A1E00944460462830FF300278394F52B2002A06DA8020374980015A5802435A505EE0354A12681100354A0A400FD0027800215A
:4059C000013A52B2027080205A59400102435A51019B2B4A20009B58984748E063462633FF331A7001212000FFF77AFF002804D080227359D20213437351A122D200B358E0
:405A000023481C490343B350B8235B001A006243BA182732FF3212780220012A02D14A68024301E04A6882436343FB184A6028331849FF330A681B78002B03D080231B03EE
:405A40001A4301E0144B1A4080239B021A43B8235B005C433F193B0000202933FF3328371870FF373B78013B5BB23B700A600120FEBDC04600000A40FFEFFFFF98F014009A
:405A80000807002004050000A4000A400120000088E00000C4000A40FFFFF7FF0221024A53688B435360704700000A4070B50D0006F020FDC0221D4CD200A1581C4B0B407C
:405AC00010210B43A350002D0AD08B30037819489B001B5CA15858025B0103430B43A350AA239B00E158144A0A200A40E250E25812490E4D0A43E25003F0D2FDAE23702215
:405B00009B00E250B02260219200A3580B43A350AD239B00E258A0235B011A4205D0AF229200AB5840390B43AB5070BD00000A400FF0FFFF84CF0000E8A3FFFF05140000F1
:405B4000F8B500250E490F4B01394A1C14D000221F685C689E68A018B24203D0B858A0500432F8E70200DE68141AA64201D020C2FAE710330139E8E707F062F9FCF77CFB1D
:405B80000100000078D00000F8B5B021B123A44C9B008900E2586358012593436350AE239B00E2509C33E25802231A4213D0903162589A436250D2229200A350D023DB0036
:405BC000E358DB0B9D43974BFC331B6A002B02D0290000209847D5229200A1580422904B114218D0D4208000195891431950D22189005A508C4A9A5880231B021A4053426C
:405C000053415B421D40874BFC335B6A002B02D0290000209847FD239B00E258804D002A00D1C3E01022EB58804F134251D0E426B600AB595B079B0F022B27D1FC2210218D
:405C40009200AB588B43AB50FA239B00E9503B7A591E012903D800203B68984739E0032B37D10121AB5900208B43AB51AB5905318B4305310B43AB51AB5805310B43AB5099
:405C80007A7A6B4B093105F06BFD22E0FA2310229B00EA501921002005F024FD002812D01921002005F038FDFA2310229B00EA50AB590F3A9343AB51AB590D329343093AE0
:405CC0001343AB5105E0FC2210219200AB588B43AB50FD229200A1580822514B11420CD0FC208000195891431950FA2189005A50FB68002B01D000209847FD220121920058
:405D0000A0580A003D69464BAA4002420CD0FC25AD00585990435851FA2080001A507B69002B01D000209847FD229200A15801223B4B11420ED0FC20800019589143195074
:405D4000FA2189005A503B4B1B68002B02D0002108009847FD229200A1582022304B11420ED0F821FA208900800059581A502D4BFC33DB6E002B03D08903C90F0020984787
:405D8000FD229200A1584022254B11420ED0F821FA208900800059581A50224BFC339B6E002B03D04903C90F002098479422CC21D200A25889041A4B0A4206D01E481F4AC7
:405DC0001D582A401A501E4A99509422D200A1580122134B11420DD0174819589143195017495A500F4BFC335B6B002B02D00221002098479422D200A1580222084B114207
:405E00000DD00D481958914319500D495A50054BFC335B6B002B02D0042100209847F8BD00000A40080700208406000090040020A94E00007C0800209C040000FFFFCFFCAC
:405E400094040000F0B50B7889B00293AC235B0043430E004E490792CA18039010000025FC3045650298022800D98FE04D32FF321278012A00D189E003244443E318CC18EE
:405E8000A379444FDBB2069363792A000593802300979B012900300003F0D8F90497A84200D0A571AC24039964006143384D72796B1812074133520FFF331A700323029840
:405EC000D7B25843411869188979002902D00599B9425BD0029930004B4303994C4301211B19EB185A7100229971049B11000093202303F0ABF9002805D02C194434FF3405
:405F00002378012B42D0029B013B012B13D8049B002200930721204B300003F097F9002834D11C4B0122009307211C4B300003F08DF900282AD1AC24039D64006543144F7A
:405F40006A467D192B00127A4233FF331A70049B00220093802311009B01300003F076F9FC350223002800D140236B65079B002B0CD1029A03335343039A54431C196B460F
:405F80001B7E3F19BB716B461B7D7B7109B0F0BD08090020FFFF0000F7FFFEFFFF7FFFFFF0B58BB005000E00170006F08DFB03008133019304001878022811D1731E012B5B
:405FC00009D9002E09D12200823213780133DBB21370052B4DD903204BE0042E49D1FAE7032846D1042EF6D13F223B7A9343402BF1D13900280003F063F9061E34D02700EE
:4060000000237E373E78B200934207D019000D31FF31605803A958500433F5E7280006F05BFB2300FC331B69039A53409B020ED12200113204A9FF320133B34208D201C9C8
:40604000844601CA844509D10133DBB2F5E70023B34203D13A7800209A420AD028000B2103F01CFD002004E02800052106F0DAFC3000002380342370019B18700BB0F0BD33
:4060800070B54E4C00287BD180224D494D484E4BD2000A6018604D4B4D481A6020220A604C4908601A608022236812061343C0222360D200A35808215B005B08A350C1233E
:4060C000DB00E25864208A43E250E25807390A43E25003F0E5FA10222368182113432360D223DB00E258802052005208E250E25880050A43E250DC22D200A1580143032078
:40610000A1503549C8658020A15840050143E020A1506032A15880050143A1502F4908782F4900280FD0C025A0582D062843A05002207C25E2580243E2500133FF33E25875
:406140003E30AA4305E0F2237C250420DB00E258AA430243E2506358FA22AB4303436350D023204DDB00E5501F4B002019001F4EFF31FE33D20048751A83A55188755A83F1
:40618000C023DB00E1581A4A0A40E250E258E250AA229200A158174B0B400121A3505C32A3588B43A3500432A3588B43A350C222D200A35813318B43A35070BD00000A401A
:4061C00080E100E0E5BA00006800002000E100E0895B00005400002000FF0A40A804002094070000000200800807002084060000FFFFF1CFFEFBFFFFAC235B004343F7B522
:406200001F4C1F00E3181A004432FF32019111780500012932D14533FF331E78002303311370052205F018FA032E08D8032307217343DB19E3181A7901320A401A71AC2216
:4062400052006A43A3184A33FF331E70B8235B006B430C49A120CB1800212933FF331970094BC0001E58094931401950A0210848C9005850A358019928009847F7BDC04684
:40628000080900200807002000000A40770FEBFF88F0140010B5040006F016FAA4300268094B1A4205D020001021FFF7A5FF012009E0AC2040006043044B1818FC30406DAA
:4062C000431E9841C0B210BD43C000000809002010B50400081F03282FD806F02BFC022A1E15AC235B006343144AD3184433FF331B78012B21D12000FFF7CCFF00281CD1EA
:406300002000FFF731FB18E0AC235B0063430B4A20219B58200098470FE0AC235B006343064AD318190000225531FF31FC330A705A6520212000FFF75FFF10BD08090020C5
:40634000F0B58BB00400089106F0BEF9AC235B006343B5490500CB181A004532FF321278684600921A004C32FF3212782F0001921A004732FF321288943706926A46128B8E
:4063800082811A004932FF32127856330592069AFF33D20B04923F78069A07972F009537D2053F781B78D20D16000997002B28D0079B012B25D902230293059B002B08D033
:4063C000049B002B05D1049F1A3393427F417B000293009B002B16D02B007D331B78002B0CD101225933FF336343CB184433FF331A7020212000FFF7FFFEA1E1099B012B03
:4064000001D803230293AC235B0019006143864F79184331FF310878012802D10020087002906343FF185637FF373B78DBB2002B00D1C8E0059B002B2BD01A2A08D82B00B8
:4064400098331B78002B03D1784B06990B430393039B1B04D90F049100210191D90F19D05B010BD41A26039B5B041B0F591C71438A4208D25E43961BB6B204E00026039BE8
:406480005B0A5B020393B01C03F096FFC3B2019300E0059E099B9901009B002B0BD12B006635673319782B7809025B0119430D00079B990129430322009B5B485A43AC23E9
:4064C0005B006343D21882181579059A6D02D2031543C2184B32FF32127810331543019A1F18120315430D4320220021380006F0D6FC0022019B05999B00DBB2914209D07F
:406500000499914206D06A469289F3B23A70120A7A700222D3180899DBB29A4205D008780131B8540132D2B2F7E76B4600229888059B93420BD0049B934208D1039B300056
:406540001B041D4303F038FF0122089F80B2AC235B0063433449CB181D63B8235B0063433349CB1819002733FF33FC311A70009B4F6128310870022B05D180212D4AC9002F
:4065800013680B431360009B9A002B4BD2582B4B1A60E0231B012B401A00009B0133190401231343264A0B431360264B0822DD606B469A56B8235B0063431D49CB182833A6
:4065C000FF331A7081E01A00009B002B07D12B00663567331A782B7812025B011A43AC200323009940004B4360430F4D1B18EB181E79019B76021B031E432B184B33FF33B9
:40660000197840230B4333431343019A290096000022B24218D0089DAD580395039F15184D192F610432F4E7080900200080FFFF08070020BC000A4068CF0000C8000A40AF
:40664000AC000A4000000A40AC20400060430A181363B822520062433A4D1030AA1815000918FC3569616846110000792531FF31087000212732FF321170009A022A05D10A
:4066800080203149C0000A6802430A60009A91002E4A89582E4A1160E02212011A401100009A0132100401220A432A4902430A60294A2449D360B8226B46520062431B7A55
:4066C0008A1828325BB2FF321370AC256D00654305F023FE214E012275192B004433FF3307001A702000FFF7D5FD002825D12B004233FF331B78013B012B04D94A35FF35F9
:406700002B78062B16D1009B013B012B12D8AC235B006343F6185636FF363378002B02D0079B012B06D80E4B02220421200005F017F802E02000FFF717F9380005F0F1FDD5
:406740000BB0F0BD08070020BC000A4068CF0000C8000A40AC000A4000000A4008090020D162000070B505000220002D1FD144200F4CFF30265C3538FF38012E17D0562086
:40678000FF30205CA22040002154A52149006254072213404C22FF32A354A3235B00E55202332800E5540499FFF7CAFD280070BD0809002070B504000220002C1CD144204A
:4067C0000E4BFF301D5C3538FF38012D14D05620FF30185CA22040001954A52149005A544C22FF329C54053A9C52023220009C542100FFF7A5FD200070BDC0460809002060
:4068000002000220002A05D1032310005943024B59188A717047C0460809002002000220002A09D10323594342230448FF334118C25410008A710A717047C046080900200B
:40684000F8B5022300285BD105F03EFF03002D4D943329681E782C4A2C4B0A402C49012E07D90C682B4F3C430C6001245968214306E00F68284C3C400C6003245968A143F2
:406880005960822304000100077CDB01134367346631002F22D0070075373F78002F09D12778012F1AD1012E13D97D300078002814D00EE0012E05D906007D363678002E64
:4068C00003D10BE00E78012E08D179300378002B01D1862300E08E23DB01134341220F482B6003681B0C1B041A4323781C020B785B01234313430360094A0A4B1A6000236F
:406900001800F8BDBC000A40FF80FFFF00000A40E8000A4000001080FFFFEF7FC4000A4041004100C0000A4070B504000D0005F0CBFE030001226E3383301A701021057057
:40694000200004F0E9FE2000202106F0D5F80221200006F0C5F870BDF8B504000D1E05D1FFF79CF8954B0F2205215CE001290CD1052104F0D1FE2000FFF78CFC002800D0A0
:406980001AE12000FEF7F0FF16E1022903D1FFF785F8202104E0032906D1FFF77FF808212000FFF729FC07E1042917D1AC235B0043438349CA184532FF321578052D0AD1D9
:4069C000072104F08FFE002800D1F5E029002000FEF7F6FEF0E05B581021EBE0052903D1072104F099FEDAE7062920D1FFF756F8AC235B006343724A0421D318012255334E
:406A0000FF331A702000043204F026FEB821490061436C4B0022C91804312000FFF712FA03222900654B200004F09AFEC4E007295FD1062104F070FEAC235B006343604DA1
:406A4000EB185533FF331B78002B09D0B821490061435C4B0122C91804312000FFF7F2F9AC235B006343EB181A004432FF321278012A16D11A004532FF321278022A10D88B
:406A8000FC335B6D002B04D010212000FFF7B4FB07E02000FFF7FEFB002802D12000FEF763FFAC277F006743EE1933005533FF331B78002B14D0FC36736D002B10D0B821FA
:406AC000490061433F4BE819C91804313430432204F0A6FDEB59716D2000984700237365AC235B005C4300232D195535FF352B7062E008292DD1AC235B001A004243304D4A
:406B0000AA185632FF321278002A05D01A004243AA185832FF3212786343EB181A005632FF321278002A02D05733FF331B7810212000FFF761FBAC235B006343EA181000D5
:406B400000215532FC30FF324165EB581170013130E0092916D11021FFF74EFB0621200004F0DAFDAC235B00634315490020CA1815005B5880215532FC35FF326865C901B0
:406B8000107017E00A2917D11021FFF735FB0621200004F0C1FDAC235B00634308490020CA1815005B5880215532FC35FF3268650902107020009847F8BDC046D162000039
:406BC0000809002008070020F8B50F001500040005F07AFD6E22060008212000AD7804F055FE042F2CD1EB1E1E4F012B01D9102D1DD10821200004F08FFD93239B00634312
:406C0000194A8320FB189918002280001B180A701A70042D06D1813632700521200005F001FF04E0032D02D101230B7018E093239B005C430D4B3F19FF1800233B700FE023
:406C4000032F04D10821200004F066FD08E093239B005C43034B1C19044BE41800232370F8BDC046A80400200B0200000D0200007047000009235843024B181800230372DB
:406C80007047C046FD08002010B5040005F01CFD030072331B78002B0BD0030067331B78012B06D19621C030036849009B682000984710BDF8B506000F0005F005FD0200C2
:406CC00086321378012B0AD10025C830036804001570AB4203D03900300098472560F8BD70B505000E0003292AD105F0EDFC030080228E331B880400520093423DD005D89C
:406D0000002B0ED00022012B39D034E00222FF3293420ED0013293422DD1023A0023FF3A2DE0280005F0F4FE002824D1042605210CE0280005F0ECFE0621002806D01AE09E
:406D400001291FD1212105F06DFE1BE000231A0020006F3002700120424020007030027022007432137116702800FFF7DDFD00236E34237006E0002300E001231A000126A9
:406D80000721E5E770BD10B5102105F0A9FE10BD10B50400102909D1103105F0A1FE09206043054B18180023037104E00F2902D1313105F095FE10BDFD08002010B504002B
:406DC00005F082FC0200094B923213802B3A1278002A00D0064B020090308E321380112103801422200004F037FC10BD0404000002020000F8B5050017000C0005F064FCEF
:406E0000030006008B331F703A0028002100FEF767FC210028003419FEF746FC220002238E32903413702370F8BD0000F8B506000F00012929D105F047FC09237343134A61
:406E40000024D318020005005C709A325C71104B14702100220030009F55FFF7CBFF220039003000FFF7C6FFC82002F019FC2B0067331F70013B1F703000FFF79FFF2B004E
:406E800072356E331C70DC702C70F8BDFD080020340C002070B504000D0005F015FC030067331E78012E16D124331D701A3B1978C9B2002906D12A002000FEF711FC2A009C
:406EC000310002E02A006F3001782000FEF708FC322002F0E5FB70BDF8B5002005F0F4FB030087331B78002B32D0B0217C22194C8900635893436350AE239B00E250030063
:406F000071331D78EDB2002D22D10A3B1E78012E0BD18B300700027829002800FEF7E0FB3A7831002800FEF7DBFBA9200A4A0B4BA15880000B40A3502258094B09491A409C
:406F40000A432250AA229200A05803400B43A350F8BDC04600000A4004060000FFFBFFFFFEFBFFFF10400000F7B5070005F0ACFB030087331B78002B00D1A8E00300010003
:406F800071331B78524C6731012B27D1AE251026B022AD0066519200A3583343AA26A3500978B600A359012900D090E074300078042800D188E007218B4303390B431C3150
:406FC000A3516151A3580B43A350AD239B00E3585B057CD5AF229200A35872E0C026F600A2593C4B134010221343A3510D780021012D69D1A259384B8B301340A351037872
:4070000036499B005B5CA25959025B010B431343A3510A2002F044FBAD2380219B00E3582F4A0193A358C9000B43A350A2592D4B80201340A351A023019A5B011A404001D2
:407040000226824208D0019A13408B4202D12E00013501E0022635000A2002F021FBA92189006258204B680013406350F302625818431E4B134303436350AE237C229B0032
:40708000E250B0220C219200A3580B43A350AD239B00E3580193019A1023022D02D11A4202D00AE01A4208D04023019A022E02D11A420CD001E01A4209D1AF2204219200A3
:4070C000A3580B43A35002E03800FEF7EFFCF7BD00000A40EFFEFFFF1FF1FFFF84CF000004060000FFFFFFFCE8A3FFFF01040000F0B5160087B005AF3980050005F0E4FA48
:40710000092334006B432C4A113CE4B2D3181B19029300230100029A8E319371274B3F5D1A68274B04911A4242D1A023254ADB00D3589B053CD40419230022008E3303930A
:407140001B7890320192BB4209D1019A31001370280004F0E1FA0123029A937128E0019B1B78BB421AD00300713319788C2201290DD1010074310978032908D81B78813AB9
:40718000012B04D167300378012B00D1093A31002800903404F07AFB277009E03100280004F0A0FA002803D1019B039A1B781370049B188807B0F0BDFD080020A4000A408E
:4071C0000720000000000A40F0B58BB0040005F07BFA0490200005F077FA03006E331B780500DBB2029303007A331E78F6B2002E00D0A2E046331F683D3B1B780593030044
:407200006F331B7820000693FEF7F2F96B4618802B0082B28C331A8001230793059B032B0BD081B211222000FFF762FF6B46122219882000FFF75CFF07966B461978009BCA
:407240001B041B0E012907D01E00012B0CD06A4600261288B24207D10126994204D1200005F056FC4640F6B22B008E331B8809AA13802B00713303931B78002B3FD1029B52
:40728000002B5AD1079B002B24D0002E55D0059B032B14D1200005F017FA029982782000FFF7A8FD200005F00FFA012182782000FFF7A0FD0A221521200004F0E7FA2000D7
:4072C0000221FFF731FB00236E352B702000FFF775FD32E01388D9B21A0A012905D0012A00D1BDE0002B00D096E0914200D0B7E0200005F00DFC002800D1B1E08CE0029B10
:40730000002B1AD1069BD35C022B0BD074352978042912D1002B05D1069B59424B41D35C002B0AD00F21200004F0F6F900230421039A1370200005F0D3FB0498A83002F024
:4073400053FE0100072800D9DDE054D1200005F0BBF9050004F0E1FF2B008A331B780600042B44D8180005F0E5FB030303383E00664AD3182A001B7C8332AB701278032A14
:4073800026D02A0075321278002A21D12A0072321278002A18D02A0067321278012A13D12A008B3212789A4206D9594B8C221621200004F0D5F907E02B009621C0331B68C4
:4073C00049009B6820009847A9782000FFF762FD01212000FFF76EFC09E0092363434D4AD31801229A700121200005F079FB300004F097FF87E0002804D101312000FFF78F
:4074000093FA80E0049B414A83331B7820009B00D3185B69984776E0002E8ED11521200004F060F9002804D06A463B4B12889A4283D1200005F048F983300378022B04D19B
:4074400003212000FFF770FA05E01021200004F049F90028F4D02221200005F0E3FA6CE71521200004F058F909AB1A882B0090331B889A4200D060E7C82100223B6A8900DA
:40748000200098470923234A6343002816D1D3185871BB6A200098471421200004F03CF90123039A13702B00A1331B78002B03D0072383352B7040E708213BE7D5186B7896
:4074C000002B00D039E76B79002B0AD101336B7120007B6A984732221421200004F0D6F92BE71421200004F0FDF8061E00D024E7BB6A6871200098473100200005F092FA09
:4075000001236B7019E70BB0F0BDC04684CF0000896C0000FD0800200202000070B5050005F0D2F80300A8331B680400002B01D001201FE003001521833328001E7804F062
:40754000D1F80028F4D1731E012BF1D9053E022E10D812221021280004F0A4F80028E7D109236B436F3404482278C018801883790120584070BDC046FD080020F8B50400E5
:407580000E0005F0A1F803000500C03320001F6802F07DF8002C1BD1C022C021204BD2009A58204BC90013401D4A200053502100FEF77AF8C022C021194BD2009A581A4B93
:4075C000C9001340164A200053500121FEF76CF8164A134B20009958154B0B4010498B50BB690021984701212000BB699847002E14D13B6931002000984718220F21200049
:4076000004F02AF82B0083331E7025331E60363B1E70013B1E7001236E352B70F8BDC04600000A40FFFFFFFEFFFFFFFD04060000FFFBFFFF10B50400FEF78EF82000002143
:40764000FFF79CFF00212000FFF734FB10BD0000F8B5070005F038F8C1220821C0263E4CD200A358F6008B43A350A35952185B005B08A351A3580C318B430500A350322005
:4076800002F00EF80A228021A35909021343334AA351A35801260B430221A350304A1820A3580B43A350C43AA35805318B4333432C49A3506358334363504D39FF3963588B
:4076C000B340F340635063580343D620635020316358C0051B021B0A03436350A158224B32200B40802109010B43A35001F0D8FF20221E4BA9209A65DC22D200A1581C4BA1
:4077000080000B40802109040B43A3502258194B19491A400A432250AA229200A05803400B43C021A350083AA35889030B43A3502B006E331E70053B1E70380001F0A7FF7A
:407740002B00032283331A700223A8352B6038001B2105F067F9F8BD00000A400406000094070000DC070000FFF1FFFF00FF0A40FFFF3FFFFEFBFFFF10400000F8B5040031
:407780000E0004F0A1FF0500012E22D103000F21C03320001F6803F0BFFF09236343294AD3189B78002B06D12A00723213703100200005F037F901216E3529702000FFF702
:4077C000DDFE3B69204920009847204B204A102129E0331F012B2AD800212000FFF7CEFE09236343174AD3189A78012A15D100229A702B00A1331B78934202D12000FDF755
:40780000ABFF01212000FFF755FA1A21200005F009F9002387352B7012E0012332220F2183352B70094B200003F09AFF08E0062E06D120000121FFF73DFA2000FFF708FFDF
:40784000F8BDC046FD080020876D0000916D000071020000F8B59324A4004443164D02272C19164D6619002535708326B600A6193770134EA6193170124961180D80124975
:4078800061180D708521890061180B6084239B00E3181A8086239B00E3181D7087239B00E3181D6088239B00E41801235B422380182102F0F3F8F8BDAC0400200B02000011
:4078C0000D020000120200000E02000010B5092902D1023102F0E2F810BD000070B593240500A4006C43FEF7ABFF0E4E2800A259042101F071FC00210B4A33199A181170F5
:407900008E2292009B1803221A708E239B00E218921928000F3105F093F82800172102F0BDF870BDAC0400200702000070B504000E0004F0C9FE0500062E09D0082E23D090
:40794000022E24D164220921200001F077FC1EE04021200001F01CFD002815D02B007033197850331B6820009B69984700237D352B7093239B006343054A20009B580322C2
:407980009A70FFF7ABFF02E02000FBF77DFA70BDAC04002010B5040004F096FE93239B006343114AD318114A9B181B78092B02D00B2B0FD017E0663002780D4B002A01D110
:4079C000013200E00022027020001A55FEF738FF162105E07D3003781321012B00D01221200002F05BF810BDAC04002047020000340C0020F8B50F00040004F065FE932306
:407A00009B00010018006043424D434A281880180678B81E08287BD805F08CF805315252527A7A7A56000B003000C03309381B680A286DD805F07EF806080D6C6C6C6C6CB0
:407A40006C6C0F001B6B00E05B6B3449200098475EE09B6BF9E79322920062439431AD180B788535FF35012B01D9102300E0042380212B70C900200005F01AF848E0634332
:407A8000274AEB189B181B78032B15D00D210A2E04D00B3E711E8E410F23991B9322920062431F4BAA182000D21804F0C9FF1721200001F0F3FF2BE02000FFF76BFF27E087
:407AC0002000FBF76DF923E06343EA1811008531FF311348097812181170092E07D1012905D1EB181A180D31200004F0A9FF9322920062430A4BAD18ED182A78012A03D1FB
:407B00002000FBF7C1F903E000212000FEF752FEF8BDC046AC04002047020000499100002202000070B50D00040004F0CDFD022D2AD1030066331B78144D012B0CD1020085
:407B400081321370932300229B0063431049EB1880305B1802701A702000FBF7C3F893238E219B0063438900EA185218032111708E2292009A180B312000AA1804F060FFC9
:407B80001721200001F08AFF70BDC046AC04002002020000F8B50E00040004F095FD93239B006343404A4149D31807005B18B01E1D781600062876D804F0BCFF040A14165B
:407BC000187563002A0000212000FEF7F3FD6AE02000032101F056FD1B220921200001F02DFB60E0002157E0012143E00821200001F0CEFB00280BD093239B0063432000D9
:407C0000F258042101F0E8FA2000FFF7C3FE4AE02749200001F0BCFB011E2BD00B2D16D193239B006343F35804359B78102B12D13B007033197850331B6820005B699847AC
:407C400001237D373B702000FEF7FAFD03E00A3D6B1E9D410D359327BF0067432000F259042101F0B9FAF25929000232200004F0E7FE14E0200001F005FD2000FBF790F809
:407C800011E0132D03D12000FBF75CFD0BE01021200004F0C7FE0221200001F0F3FC1721200001F0FBFEF8BDAC040020470200001010010093239B004343174A10B5D31823
:407CC000164A9C18002222708324A4001C192270134C1C192170134959180A80124959180A708521890059180A608421890059180A808621890059180A70872189005918F8
:407D00000A60882292009B18012252421A80182101F0C4FE10BDC046AC0400200B0200000D020000120200000E020000F7B5040004F0CAFC93239B006343274A01909E5871
:407D40001500B7780F2F35D801210800B840234F384240D11827384226D1163F40062AD5D3181F4A9B1819701E498B7C002B04D110212000FFF79EFF2DE0F388DB05DB0DD9
:407D8000022B0AD1B368DBB2002B06D14B7C087C1B0203438A7C5B1801E01222124B07212000FFF757FD16E0D3180D4A0F009B18197000E0022701981B229C300770092117
:407DC000200001F03BFA93239B0063431E21EA58200004F035FEF7BDAC040020A6F000000A020000001100009000002010B5040004F06AFC943003780421012B00D90C31CE
:407E00002000FFF757FF10BD70B59324A4004443164D2C19164D6619002535708326B600A6193570134EA61931701B26124961180E80124961180D708521890061180D6021
:407E40008421890061180D808621890061180A7087229200A218136088239B00E41801235B422380182101F019FE70BDAC0400200B0200000D020000120200000E0200001F
:407E8000F0B585B0040004F01FFC00210390200001F0F8FB0921200003F03EFC802193274900200004F010FE17220021BF00039B6743A233AE4D1A70AE4AEB199B181970ED
:407EC000200001F065FA2E00011E00D1A3E0200004F0FAFBBB5905009B78981E142800D93BE104F0EFFF7D0020012A012A01200115007D0024002400240020013A013A01C9
:407F00003A012A0130004A007D0086003A017D0093239B006343F618964B6735F61801232A780B2133709A4200D016E107E09322142192006243B6188F4AB618337020009E
:407F400001F0ACFDF9E093239B006343F618894B0221F618012333708223AA7AFF337F2A02D9EA5C0A4301E0EA5C8A43EA542B006D33FF33182201212EE093239B0063431B
:407F8000F6187C4B2900F618012385313370FF31200001F08BFB6821FF316A5C102013002A0083436B549B321278002A01D003436B546A21FF316A5C022013008A22834381
:407FC0006B54FF32AA5C002A01D003436B542B00062202216533FF332000FFF73BFCACE093239B006343F618624BF61801233370B3E093239B006343F6185E4B8535F618E2
:408000000123FF3533702900200001F04FFB2B0004220C21E0E77E59584B012200930300300001F013F9002800D180E0200004F04BFB03007F590600B878673301381B78F2
:408040000E2800D989E004F075FD6E080F6E6A8888888888888888882F00012B7DD17B780D21012B79D16AE7320075321278012A63D13200733212789A425ED13200513289
:40808000FF32002B00D0043A7023D2781340102B53D10F22FB7A05219343802B00D14EE70621502B49D14AE73A78002A45D1932583210420AD0065432D4B89005B195918DA
:4080C00008702F49023059180A802E49113559180870284920005B1880211A70090104F0F3FC234BFF35ED1824223900280004F0CDFE3300C0331B68234ADB6B29002000EF
:40810000984714220921200001F098F880212000490004F0D9FC1823A23633700DE094363378012B19D92000FAF73AFE05E03378002B02D17379DB0913D1039BA2331B78C5
:40814000172B12D10921200003F0CCFA00280CD10421200004F0ACFC07E02000FFF746FEEBE72000FFF7E2FDE7E705B0F0BDC046AC0400200A02000047020000FFFF000090
:40818000120200000B02000021910000F8B50D00040004F099FA02000300C032A81E126806284BD804F0C6FC040F1616164A1A00703319782000536998470A22092120004B
:4081C00001F03CF83AE001227D331A702000FFF785FB33E02000FAF757FE2FE0D36920009847011E23D093250026AD006543062200212000FEF7DEFA114B20005D19114BC1
:40820000EB181E70104BEB181E7004F05DFA070037220321200003F039FB3B00012281331A700A4B8037ED183E702E7006E0200001F028FA1721200001F030FCF8BDC04669
:40824000AC04002007020000090200000202000010B50400881E04281AD804F06BFC030D1616160000212000FEF7D8FA032200212000FEF79FFA0BE02000042101F002FAC3
:408280000B21200001F00AFC02E02000FAF7FCFD10BD000010B50400881E06284ED804F049FC04122F31334D42002000402104F00BFC00212000FEF7B1FA0D2200212000C1
:4082C000FEF778FA3AE0932391209B0063431C491A008000CB181B180020187091238A189B00D2182000132104F0AAFB2000032101F0C8F91B220921200000F09FFF1DE0C8
:40830000002115E0012113E00821200001F040F8002810D02000042101F0B4F90B21200001F0BCFB0AE01021200004F07BFB0221200001F0A7F92000FAF7A6FD10BDC046C1
:40834000AC040020F8B50D00040004F0BDF90600A81E062800D9B5E004F0ECFB041C85858589980093239B006343574AC036D318564A35689B18198820006B6898472000B6
:40838000EB6853499847C82209215200200000F055FF97E09325AD0065434B4933004D198D21FC339A6C89001A65691809682000D965DA6404F088F9444B0700EB181A884B
:4083C0000300AE331A808A239B00EB181A880300B0331A80892302009B00EB181988AC3211800121373A11700E3A1278364D8A4206D119880300C0331B6820009B6898470E
:40840000200000F0BFFE2000FEF71AFA9322920013009021012063438900EB185918FC370870386D8F27BF00DB191860430101D503230B708F2362439B00AD18EA1816219B
:40844000200004F0FDFA2000FAF74CFC8B361721200001F023FB3378002B33D101212000FEF718FD2EE02000FAF70EFD2AE02000092103F051F980212000490004F024FB72
:40848000062200212000FEF795F91BE09323902018259B0063430C491A008000CB18181805708F20FC3680001B18B06C8A1818608F239B002000D218162104F0C1FA200053
:4084C000FBF740F9F8BDC046AC040020260200000D91000070470000F0B5C44B0500C44C187885B027880193042800D943E104F021FB0361A6C4D30066881421BB1B1BB2D8
:408500003800019304F0AAFB019BDA179B185340834205D81C236B43B64A9B5C032B3AD12379002B37D1019B002B02DD3E1AB6B201E0381886B2280003F0DCFF9B3003786A
:40854000002B04D00222A35E38B2C01A26E00222A35E30B203901421C01A04F07FFB03B202936B46A44A1B899446E380039B14216344180004F072FB2389C01A019B00B265
:40858000002B03DD029B98420DDA02E0029B984209DDE08007E038B236B2801B142104F05DFBE08057E1002E00D154E1668001228E4B1A700823E05E0623E65E002803DCC9
:4085C0000FD1002E02DC1AE0002E02DD331CB2B211E0012273429BB2934200D942E11AB240E1002E0BDD83193200002B01DD424212B2131C92B2052A08D9052306E0012317
:40860000724292B29A4200D813B25B421BB29FB2381800B22081FCF723FFF31B1BB2E380002B00D0A7E02179638123736F4A002903D00421237111709DE002239AE028004F
:4086400003F03AFD6389984201D21B1A00E0C31A1BB2C82B03DD0023608123738BE0237B0133DBB22373042B00D884E06388BB4201D003237DE004237BE0280003F03AFF2E
:408680009B300378002B03D1280003F015FD60800123237100236CE01E21280003F022F8002865D070236B43544EF3181A004B321278002A3AD003F030FE0C23BA210022E0
:4086C0009C464900694307004D48634653435B18C618B67A1E2E04D001321F2AF5D1002616E01858474B1B889AB2474BDB6B99B21B048A4200D3B0E01B0C9B1A9BB2002618
:40870000984205D9C01A414B198804F01DFA0600380003F006FEFA22921B92B20E2A01D9052220E014239A1A92B21CE048331B78002B07D170236B43F61848363378002B15
:4087400019D108E01422390052422800F8F772FF0028E5D1EEE7218814222800F8F76AFF002808D1DCE72A4B2021280002F0F8FF0523019A13701D4B1E78012E62D18025B4
:40878000244B2D01244A1D60244BDA6603F0C5FDC023234A1B0611680B43136003F0C1FD204B1D60637B002B0ED181211E4A890411600C211D4A11601D4ABC3116601D4A63
:4087C00011601D4A1360667303F0A7FD01211B4A13680B43136003F0A4FD03F09EFD8022174B52041A6003F09CFD41E061030020F80600204403002078ECFFFF8C08002039
:40880000B4010020680A0020000003402A0300207520000080E100E0798800000000002008E400E000E100E00001094024010940380109401401094008010940000009408A
:4088400008000940052E13D00A4B01225721280002F086FF0CE06780A9E680211B0C49025B184AE7131C824200DCCEE6031CCCE605B0F0BDD9840000012210B5034B572128
:408880001A600020FFF728FE10BDC0463001094070B51C244443184B05001C19E37C022B26D90023227E154EE3742376012A13D9FA23E17D9B0009095943114BC918F9F783
:4088C00099F80F22E37D3100134053434B3363812800FBF7EFFF0BE009492181F9F78AF896235B00638131002800FBF7E3FF02E02800FCF7D5FC70BD44030020753A00004B
:4089000088130000F0B50400481F85B0062800D999E004F00FF952116885989804002000FCF7A8FC1C2301216343484A2000D3185970FBF7EDFC86E0B8235B006343444A88
:408940004933FF33D55C200002ABDD71F8F782FF1C220100C379012062439C463B4B08319A1850760A00624400920F272A0008003A400192009A904213D02A0006787240D3
:40898000BA430CD1019A3E40B24208DC1C2262439B1801225D751A7502ABD91D09E00130E8E71C2262439B1800221A75DA741A7662462000FCF734FC45E01C256543200008
:4089C000FCF758FC214B23495D1929812000F9F711F821492000FBF76DFF0023EB742B762B756B762CE01C22624318498B181A7D002A0DD0DA7C987D0132DA745A7D90426D
:408A000006D11A7E0132D2B21A76022A00D1D8751C2300226343CB185A765A7D9A750BE01C236343094AD3185A7E012A08D100225A76DA7C0132DA742000FFF729FF02E0C3
:408A40002000FCF72DFC05B0F0BDC046440300200807002088130000753A000073B504000D00F8F7F7FE0600002D02D0012D1CD034E01C2363431A4A0C21D31801221A7311
:408A80004078084208D0DA8109391A822000FCF7A5FC642000F004FE01230093002320001A00190001F0BEFA18E000212000FCF759FC02212000FBF719FC1C230C22707883
:408AC00007496343104203D00622CB185A7001E0CB185D7001212000FBF71AFC73BDC0464403002010B5002808D103F003FD77300078C0B2002801D103F098FC10BD000076
:408B0000F7B504000D00F8F7A5FE0700042D00D1A3E00B2D03D0032D00D0F6E01BE02000FCF7FAFB1C2301266343964A2000D3185E70FCF7B1FA0021200003F039FF702314
:408B400000256343904A3100D3184B331D702000FBF7DEFBDCE01C2363438A4E8B49F218D2898A4208D0022220009A55FCF7D4FB10212000FBF7BAFB1C252B006343F318DE
:408B8000DB89824A934202D02000FFF7ABFF812365437619F5895B00ADB29D4212D008D8012D0DD00223FF339D4200D0AFE0784909E0764B9D421ED0764B9D420BD0A6E091
:408BC000754910E075492000F8F714FF74492000FBF770FE9BE0022201257B799343AB4200D095E06F492000F8F704FF6C492000FBF760FE8CE001257B79AB4200D887E048
:408C0000B8235B006343684A8020D3180022FC339A63664AA3009B18C0225200995840000143995099582943995099582942FCD1D821490058585E4A02405E485A50024355
:408C40005A501123A621A340A720584AC9005350C00011580B43135059E003F05EFBB8235B006343504DEB18FC339E6B03F059FB0195C825002E07DD70236343424A75432B
:408C8000D318198E4D190BE0702363433E4A7142D3184D43198E484BCB189D4203D84D1B464B9D4200D8464D7B79022B04D1384B9D4206D91D0004E0032B02D1394B9D422C
:408CC00003D8354B9D4204D900E01D002000FFF709FF702363432C4AD3181B8EAB4207D0A9B22000F8F786FE2D492000FBF7E2FDB8256D00654303F010FB019B5D19FC35B3
:408D0000AB6B9E1BAE6303F00CFB002500E00125702363431C4EF3184B331B78002B01D0002D2DD0F0236343264A9B18DA892423002A05D0200003F0DDFB8423FF33C35CE1
:408D400021486200584370236343F318198E1F4BD35AC91803F0F8FE96235B001900984200D881B21C236343064A2000D3185981FCF714FA70235C4334194B346F3B2370D9
:408D8000F7BDC046440300208C08002001020000E02E0000020200008813000028230000753A0000204E00000807002000000A4004F006F001050305B8F2FFFF470D000059
:408DC000480D000020110000A08601008408002070B504000D00F8F73DFD03000B2D6DD8280003F0A7FE066B6B376B5C486B686B6B305B781B0761D51C236343304AD3180B
:408E000000221A75DA741A762E4AA30099182E4A9B18586C2D4A02408020400102435A64586D2B4A0240A020400002435A65D8235B00C858274A02408020CA50CA58400284
:408E40000243CA5037E01C23012163431C4AD31859700CE02000FCF70DFA1C221300634317491A3A5A54CB18082105325A702000FBF74EFA22E01C2304216343104A20000F
:408E80009954D318962252005A81253AFF3A5A703C31FBF73DFA2000FFF724FE0EE02000FCF7E8F91C236343054AD3180022DA741A761A755A762000FCF7F2F970BDC04634
:408EC0004403002000000A40FC000A40FE1FFCFF01FEFFFFFFFF07F010B5572102F01CFC00F002FDDC220849D2008858074B03408B50074B074A05205A80002206491A811C
:408F000008709A7310BDC04600000A400500C0FFF8060020881300006103002037B504000D00F8F797FC02000A2D00D9D8E0280003F000FE06215CD6D6D6D6D6D68EAF0068
:408F40001C23002101256343664A2000D318597302220B00009501F065F80222290000920523200001F05EF85F4B604A4721200002F0F6FBB4E01C2363435A4DEB185B7B06
:408F8000002B25D1527809331A420BD080212000C900FBF7ABF9544B96224821200002F0DFFB08E04721200002F0B6FB802120008900FBF79BF90023022219002000009292
:408FC00001F030F81C235C431B3B2C19637387E02000482102F0A0FB80212000C900FBF785F900212000FCF7BDF950E04721200002F078FB002821D02000472102F08CFB71
:40900000802120008900FBF771F92000482102F083FB80212000C900FBF768F900212000FCF7A0F920000221FBF760F90121052300910222200000F0F5FF51E001212000E3
:40904000FCF790F91C236343264AD31802221DE000212000FCF786F902212000FBF746F901212000FCF77EF904212000FBF73EF94821200002F050FB80212000C900FBF790
:4090800035F91C236343174AD31805225A70012123E000212000FCF765F902212000FBF725F901212000FCF75DF904212000FBF71DF94721200002F02FFB80212000890090
:4090C000FBF714F91C23012163430648C218195496235B001173538151702000FBF718F937BDC04644030020494400004C0400000139CBB210B50021092B02D8024A9B00B5
:40910000995803F0D5FC10BDB8CF000010B5802103F0CEFC10BD10B503F0CAFC10BD000093239B00434310B5893304000548FF331818202203F0AAFE80212000090103F045
:40914000B7FC10BDAC04002093239B00434310B5813304000548FF331818082203F096FE80212000C90003F0A3FC10BDAC04002010B503F0A9FA020000238532C430137084
:40918000036010BD70B5060003F09EFA0300050075331B7804009535012B04D1030094331B782B7003E0300003F0D6FB2870963423782A789A4200D92B7070BD93239B007B
:4091C0005843044B181880239B00C018002303707047C046AC040020F7B5060001920D0003F072FA030085331A78012A23D1C430026807000092032D01D000221A70009BC0
:40920000002B18D0019B019A002B0CD09324A4007443094B24221C193534FF340199200003F034FE220029003000009B9847032D01D000233B60F7BDAC04002010B5024B37
:4092400002F08EFA10BDC046F190000070B504AC2588072903D0067800248E422CD1012A0ED0002A02D0022A0FD013E041781400002921D100244279D209A2421CD109E0CD
:4092800000244278A242F5D116E000244279D209A24211D0002B06D002790024D206D20ED340DB0708D5054B01249D4204D043785C1B60424441E4B2200070BDFFFF000025
:4092C000F7B50F00060003F0FFF9304B01220093802304001B0211003800FFF7B7FF002801D1002550E07B78042BFAD92300002581331D70FB7B9A06520FD1B2C81E012802
:409300003ED820005B07DB0FBC30037023007B331A70BA693D331A60042906D17B78052B03D9C623FA695B00E25022007B7A7C325B069B0F13702300012579331D70300003
:40934000FDF77EFA22003B7996329B0913703000FFF718FF0421300003F064FB637D002B12D12300B9331A7818231A420CD12300C03470331978236830009B69984703E009
:409380000629AED1743422702800FEBDFFFF0000932213B50B00002192005043034C00910A000059FFF752FF16BDC046AC04002070B5060003F088F90300A2331C780500D3
:4093C000002C01D100203EE00300A4331B68002B01D0012037E00921300002F083F90028F7D1002E1AD1184B1A00FC32526D002AEFD15532FF329A5C002AEAD14422FF3251
:409400009B5C012BE5D0114B1A68114B1A42E0D1A023104ADB00D3589B05DAD4300003F053F9C023803002889B009A42D1D077352B78012BC6D0172CC4D0200008380400AC
:40944000601E8441E0B270BD08090020A4000A400720000000000A4070B5050003F034F90400280003F078FA2300943318705870987093200123800068437C342370044BA9
:40948000181892239B00C0180023037070BDC046AC040020F8B5070003F016F9002105003800FCF7DDF9A121354BC9005858354A932602405A50A02200243349B6007E4326
:4094C000D200995038000E22002102F0C5F82F4B38009E192E4BF3181C7080239B00F3181C702C4BF3181C702B4BF3181C702B4BF3181C702A4BF3181C7082239B00F318AC
:409500001C70284BF3181C7081239B00F3181C808D239B00F3181C602B0081331C70013B1C700A3B1C70DC70013B1C7043331C60C6235B00EC502B00BC331C70453B1C70A1
:409540002B331C7002331C602A3B1C708233DC651C659C641C66C4235B00EC54FFF77CFF114BF6182B0099333470013B5C701C711C70D6235B00EC540C4BDC55F8BDC04676
:4095800000000A40770EE9FF88F11600AC0400200202000003020000060200000A0200000702000009020000490200006A03002093239B004343204930B55A1804325A5015
:4095C000AC22520042431D4901258B181C005634FF3425701D00002457355833FF35FF332C701C70A04225D1154B5350154A164B16491A60164A174B1060174A5A60174A21
:4096000011600F21164A1160164A1E31FF3111601549164A1160A121C9005858144A02405A50144A144913689BB20B431360134A134B1A6030BDC046AC0400200809002047
:409640001791000059690000080700200F020000A8000A4000000A40000FF103B4000A40BC000A40D0000A400A404101D4000A40000408C0E8000A4002000F7E410041002A
:40968000C0000A4010B50022FFF7A6FD10BD10B50400FFF7FFFE00212000FFF7F3FF10BD182310B5584302F02FFE10BDF0B58DB006000F0003F008F8C030036805005B6C09
:4096C000300098472B6804001B6C300098471421050000B203F0C2FA00B2C3B200120393C3B2049393239B007343734AD318734A9B181A783F239A430023C02A00D0CEE03D
:40970000032023B2641B019323B20293019B6421584303F0A3FA282100B203F09FFA2825C8216843890004B2019803F097FAFA2245432BB205935200231C944200DD131C18
:409740001AB2782A00DA7823029A1BB2934205DB029B059A934200DD96E09BE0DC23584CDB00E358DB07F3D5B8235B007343554AD3189622FC331B6E5200591F019193428F
:4097800001D90A3B019302F0C8FDF022012109905200A3580B43A350E823DB00E35801980693D623DB00E3580793FD23DB00E35808930AAB9D1DDA1D2900FBF781FCD62320
:4097C000DB00E258404B1F211A400AABDB791B041343E822D200A0583C4A10402A780A40E82192020243C9006250D622D200A350D032A35832205B005B08A350FD230122BE
:40980000DB00E3585B005B081343FD22D200A350FFF746FFF8239B00E55801236D091D40E823069ADB00E250079A903BE250089A3933FF33E2500A20FFF732FFFC239B0022
:40984000E3589B061AD5E52301211D4A9B00D2580A4213D01A4A1A48D25808318A43C250C058012303435A07920F012A01D10B000343E5229200A1580B43A350099802F058
:4098800050FD002D00D163E70121300003F090F8082304E00021300003F08AF80023002F08D06A46127BFB703A706A46127C7A70FF22BA700DB0F0BDAC040020370200000F
:4098C00000000A4008070020FFFF00FFFF83FFFF034A044913689BB20B4313607047C0460CED00E00400FA0510B502F016FD0121034A13688B43136002F013FD10BDC046EC
:4099000000000940002370B54048414C414D9A002100032B00D8A958013381501F2BF6D172B600233C4A072513603C4A3C4C136003223C4B1A603C4B21321A603B4B123ADE
:409940001A6002F0EAFC2368394AAB432360394B39491B780600DBB21360384A1368AB431360374B0A6818787F239A43034013430B60322002F0C8FC052223683220AB4318
:409980001343236002F0C0FC062223683000AB431343236002F0C5FCBE212A4A2A4BC9011A602A4B2A4AC0201A602A4A80001160294A2A491A609E22D2010A6028491960C8
:4099C00028490A60284A29491A60BC2292010A602749196027490A6027491960274908602749196027490A60274A1A604022274B1A600123264A1360264A1168002900D1E9
:409A0000116025490A6813430B6070BD00000020B94E0000001000000000024008000440080F03400001044008010440300010400C0F0340FDF1FF0F180F0340100F034090
:409A4000E4F1FF0F00DF01000C0301400000014043FF00800803014042FF00800403014041FF00800003014040FF00800C02014003FF00800802014002FF008000020140D8
:409A800000FF00800402014001FF00802800034008010140800000200000104070B50D00040002F011FE172D08D193239B0063430A4AD3180A4A9B1800221A70A230057037
:409AC0000921200001F028FE80212000490002F0FBFF0421200002F0EBFF70BDAC0400200A020000F0B593B0040002F0EDFD0300A2331B780500002B00D124E20600A436CB
:409B00003368002B00D1BAE033689B0507D5030084331B78052B02D12000F9F7B5F9300000F062FA0290012801D006285CD1AC2702F0F3FB00217F006743CE4E0490F319B3
:409B400034330393009120230A000398FFF77EFB002810D02B00F61966331A783100012337315A400A702021303613405A01337A8B4313433372AC235B006343BD4AD31835
:409B80001A0034321278002A0DD12A003733663212781B789A4206D1049802F0C2FB2000F9F7D0FDCFE19327BF006743B24E43220399B85901F034FD049802F0B2FBBA591A
:409BC0001378013B012B07D813792A009B09963213702000FFF7D6FA93239B0063430C21F258200002F02CFF029B102B02D12000F9F74AF9200002F067FD029B002B03D14D
:409C00002000F9F7EDF830E0029B012B22D1A230037820000E3B052B02D8F9F735F924E002F052FD932300269B006343924A9C30D318924A06709B181E702000302102F09A
:409C400043FF31002000FFF71DFD11212000FFF725FF0AE0029B092B07D1A2300378172B03D000212000FFF70DFD2B00A2331B78834A9B00D3189B6A0299200098472B00EF
:409C800094331B78012B0ED92E00B4363368002B09D00B9307AA00231121200002F090FC002800D130602B7C012B00D04BE1200002F00AFD93239B0063436F4A7149D31878
:409CC0005D1829781700002940D07D300278002A3CD16D4A99180A78002A37D1822080001B181878022826D8002803D10821200001F012FD0821200001F0F4FC002825D1EA
:409D000093239B0063431A00A932FF321D00BA185E4B0B21200002F053FC002816D10121594A7B199A181170822292009B181A7852181A700AE01A70554B2A701B5D0A7037
:409D4000012B03D10521200002F06CFE200002F0BBFC0600813633780500002B00D1F2E0030075331B78002B00D1ECE093239B006343444AFB189B181B78002B00D0E2E09C
:409D80000300793304931B78002B00D0DBE003007D331B78002B00D1D5E00300020094331B7880320292012B07D8030066331B78002B02D133701370C5E0029B1B78012B19
:409DC00000D1C0E00321200001F08CFC0390002800D0B8E02B00C0331B682000DB699847002803D1029B307018706CE03378022B1FD0032B30D0012B00D0A4E093239B005B
:409E00006343244AFB189B181B78002B05D12A0082321370023333700BE0049B1B78002B20D12B220321200001F030FD0323337089E09322012692006243BB18D533FF3341
:409E40001E701A000821144B200002F0B9FB002879D180352E7076E0049B1B78DBB20493002B1BD06B466A461B7B127B3370029B1A7068E008090020AC0400200A020000C2
:409E8000B8CF00000702000009020000C96B0000340C002002020000A15F000093239B0063432A4AFB1803939B181B78059302F029FB059B83420BD36B466A461B7C127C9E
:409EC0003370029B1A700521200002F0ABFD3AE00123039A2000D532FF321370039AD932FF3213701B22039BE133FF331A7002F0EBFB030095331978154A1300012903D94F
:409F00007C3003785B031343932292006243BE1831003200E531FF31D5320B60FF320D4B0C21200002F04CFB00280CD1074B8035F6183378312201333370012303212B7088
:409F4000200001F0A3FC13B0F0BDC04602020000018000FFA15F000010B504000321FCF7E3FC0321200002F05DFD10BDF0B585B004000E0002F0A8FB03000190C0332000F3
:409F80001F68FBF735FB03AD2880012E02D0052E0BD024E000212000BB6998472000BB69310098473220FFF77BFB2000FBF720FB019B2880703319786A5C002A09D1019B2C
:409FC000200071331A70FBF76FFB2000FFF7C4FF05E0044B01221021200001F0C1FB05B0F0BDC046916D000070B50400202502F094F9002C12D02368002B0FD00023012649
:40A00000216832009A40DDB2114203D023689343236003E00133202BF3D11D0002F081F9280070BDF0B501258DB007922A008A40089312AB1B780400019343009A400E00AB
:40A04000059202F06AF94A4F0B902300002E17D1C133FF339B00DA190692FB58019A0093AA4205D041230493313B0293039505E049230493393B0293019B0393EF2615E038
:40A08000C533FF333A4A9B009A180692FB58019A00938223012A00D19223DB01049380235B010293EF26092336020393304BA400E4188E238022DB00E3582E4909937B58B6
:40A0C00092010A93089B00985B041343079A0791D2031343284A02401343089A002A02D08022520301E0D82252041343069A0A201360FFF7D5FA214B019AFD58059B1D405B
:40A100006B1E9D418E23EDB2DB00002A0FD1069A00990A201160E258B243E250099AE250FFF7BEFA124B079A0A99995016E00299E2580E43B243E2500398019AE1588240CD
:40A140000A43E250E25804990A43E250079A084B07999B58059A1343054A5350084B059AFA500B9802F0DDF828000DB0F0BDC04600000A409C040000FF1F10FE8C040000B8
:40A180009404000070B5B8240600640074430F4804192300FF335B7D0500002B0DD0002102223000FBF7C6F9011E06D09620C00202F0CAFCFE3480B22083B820400070431A
:40A1C0002818FE30008B80B270BDC04608070020F0B501252F00F82280248F40074B5200A40098581E59BE43311E03D1044E304200D1A84319519850F0BDC04600000A40A9
:40A20000DCFF0F00F023434370B5194A0400D318A8331B785B072AD502F07FF8154D06002B0070331B78022B03D100212000FFF7CFFFFA22012180240F4BD20098582406F5
:40A2400088439850985820439850E02080001C580A4A22401A5070301A588A431A50FA2292009950002330006B6702F05AF870BD001100000808002000000A4008FCFFFFD9
:40A28000F7B5404C1F0008AB1D78230070331B780E000192022B02D10021FFF799FF230070331F700198384B70436367642102F0D5FC364B80B2984200D83548354B364E3A
:40A2C000364AF7580193904209D8052102F03CFC44239F4380235B0180B21F4305E00A2102F032FC2E4B80B21F40019B0A21F750D427FF00F2592B4BC8381A40019202F03A
:40A30000ADFC019BFA2200041843F0510127D200B3580A203B43B350B358BB40FB40B350FFF7BEF9E0239B00F258BA43F250F2581D4B1340002D06D01C4A013D13436D01E4
:40A340002B3A154000E018251D43E0230121FC209B00F5506833F1508000335870340B43335023780C4A022B0BD1F820400014580F4B23400F4C23431350103013580B4391
:40A380001350F7BD08080020DD1F00001B0C00001C0C00002C06000000000A4028230000BBEFFFFFFFFF00FF09F8FFFF0B040000FFFFEFFF01004000002382B00330009349
:40A3C00001930090009B032B06D9009B043B0093019B01330193F5E7019802B0704700009622F0B5144B52009A5C2C20D2B214009525124E0834FF306D00A24213DA1F5CBC
:40A40000595D8F4216D21700195C1837BF000231BF59890059184F60195C01320131C9B21954D2B2E9E7962149005A5C50424241D2005A54F0BDC0460807002000000A4092
:40A44000F0B5584B85B078331B5C05000291002B00D1A4E0FAF7D8FD2800FAF7FBFD01F05CFFF0227821E8264F4C0390D200A358F6005B005B08A350A35832208B436039F3
:40A480000B43A350A359494A7D271340C02212031343A351FFF704F9012228001100FBF749F8B8235B006B43414AD318FE3301935B8B58433F4B000A984213D9A3593B4A97
:40A4C00032201340C02252021343A351FFF7E8F8012228001100FBF72DF8019B5A3F5B8B5843000AFA239B005843334B197802F02BFB390002F028FBF02278210600D200E3
:40A50000A3580A208B43A350FFF7CAF8039801F008FFB0B2052102F017FB0523214E584333006C007A33E25A80B2E35A904201D9C31A00E01B1A9BB2322B02D933007A3332
:40A540001853330037007A331A5B7C37142A0DD9185B83B228000193F7F78AF9019B008A6421584302F0F0FA385303E014221A5300233B530A21029802F0E6FA33007C33DB
:40A580001A5B80B2824200D918530C4BAA00D358002B04D07A36315B280089B2984705B0F0BDC0460808002000000A40FF7FF0FF080700203A070000A40000208808002010
:40A5C00070B50D4D04002B0078331B5C002B12D070234343094E7A35F318998EFFF730FF2000F7F763F96200535B7436053B9BB253530123335570BD0808002088080020F8
:40A6000070B50D4D04002B0078331B5C002B12D070234343094E7A35F318998EFFF710FF2000F7F743F96200535B743605339BB253530123335570BD0808002088080020FF
:40A6400070B50D4D04002E007836335C002B11D0FAF7DAFC2000FAF7FDFC2900002362007A317C3553525353044AA1008B5074323355135570BDC046080800208808002047
:40A68000F7B50400019102F01FF8030005000198C0331E680138593B1F78052800D91CE102F010FC0600BB001B01680058002F002B0073331F702321200002F0B3F92B0077
:40A6C00001227D331A700D3B1978C023834ADB00D058002901D1824900E082490140D15001F01CFF002808D001F018FF7E4B02000F21200001F034F8EFE00F21200001F042
:40A700000BF8012F00D0E8E02B0078331B78012B05D12B0070331978200073699847012720007368714972359847200002212F7002F078F92000F3686D4998476A4B20001C
:40A74000FA22102101F00CF809235C43694B7533E754C2E009226243664B7533D35C012B17D1AB7C0321012B00D101212000FCF7DBF8B2E01021200000F0CEFF20212000D6
:40A7800002F0BAF9092262435A4B7533D55C012D03D02000FFF7E0FB9FE0200001F094FF1422C030036852421B6A5049200098470028DAD0336A14224C49200098470028EE
:40A7C000D3D1200001F080FF837B012B22D1C0236F300178414ADB000420002902D1D158814301E0D1580143D150200001F06CFF05002000FEF74EFE2B000722A2331A7096
:40A800000423A4352B60002C67D13B4B4433FF331C7062E0773005705FE0F3692000984700210190B3692000984701212000B36998472B0000270122B4331F604A3B1F707D
:40A8400020001A711F72FEF722FF2C4A1521200001F01CF809236343264A102175329F54200000F059FF1621200000F055FF7021200002F041F92B781E4F012B1DD1019B02
:40A88000002B1AD0C2227035287814251349D2008B582B438B50103A8B58002802D1A020C00301E0A02000040343154803408B5020000421FCF738F805E00B4B01221021BF
:40A8C000200000F04DFF092363437537FF1801230C493B72200033699847F7BD00000A40FFFFFFFEFFFFFFFD916D000088130000876D00008808002008090020D50200006E
:40A90000FFFFFFBF756C000070B50D00040001F0DBFE012D17D1030072331D7074305D710378042B05D101F0F3FD01002000FCF7B1FA2000022102F075F81422152120006F
:40A9400000F0A4FF0FE0022D0DD10200002372327730137003210370200002F063F803212000FBF7E1FF70BDF0B58DB00400089101F0AAFE93239B001A0083210F2762430C
:40A98000CB4E8900B21851180D78CA490390511809780491C84951180978059108A97F186946097D3970C549511809780991852189005118096807918421890052181288FC
:40A9C0000692089A022A26D1059B013B012B02D9032D00D063E1039B94331B78012B0BD8039B66331B78012B00D158E1C4230121039A5B00D1545FE0039B7D331B78002B5B
:40AA0000F4D0039B2000C0331B68DB699847002800D044E1EAE7089803380B2800D9EAE102F050FA0C003A0046004E00E9018B00E901E901CD00E901E9011101032D03D145
:40AA40001421200001F0EEFF3B78013B012B09D8002D07D1049B0D2B04D13A001321200001F0EEFF03212000FEF70CFE93239B006343F618924BF6183288002A04D0092175
:40AA80002000FEF7DBFBB6E12000FEF771FB17212000FFF703F8AEE16343F618894B0021F6183378012B07D12000F8F779F9A2E1059B0121002BF7D02000FEF7E3FDE6E7DB
:40AAC000634388218622F518F758872389006918098892009B00AA181278EB1800911B6805993800FEF7B2FB021E07D100900599754B3800FEF7AAFB011E12D093277F259F
:40AB0000BF00674317212000FEF7C8FFF25904212000FEF761FBF3595B79AB4300D0A5E069E12000FEF7AEFD664BED182B78022BBAD02000FDF7A4F95DE102212000FEF713
:40AB4000A1FD012D03D1049B11210F2B00D01021200001F067FF3B78013B012B97D8002D95D1049B0D2B92D193239B006343F618514B0322F3181D7083239B00F3181A7027
:40AB80004C4B1821F3181D704D4BF3181D804B4BF3181D7085239B00F3181D6084239B00F3181D8086239B00F3181D7087239B00F3181D6088239B00F618358068E70921DF
:40ABC000200000F0A9FD80212000490001F07CFF932292006243B3181900A631FF310978012900D153E700290ED1A533FF331B78002B00D14BE78932FF32B6180F22009648
:40AC00002000FBF7AFFDF6E0032904D10D312000FDF750F8EFE0200001F056FD030094331B780500012B00D831E7030002229C331A70200019320921FEF700FB28001723CD
:40AC4000A2300370D7E00921200000F065FD80212000490001F038FF17228021039BC901A2331A70200001F023FFC4E00421200001F02AFF2000FDF759F8F159CB791A0026
:40AC8000AA430AD01A225B061B0F01335343CA88D205D20D934200D2ADE00421E2E7032D00D9A8E0280001F045FF11171D80C046AC0400200D0200000B0200000E0200005D
:40ACC000120200000A020000100001003978049A2000FBF76FFD8EE0079B3978049A0093099B8DE76B463E781D8B002C00D082E0424C23004433FF331B78012B7BD0220059
:40AD00005632069BFF321278D9055B04C90D1B0F002A27D0079A002A0CD101F0FEFA012305004434FF34002023701021FBF764FA28005EE0822252009142EED8069AD802C9
:40AD4000550A6D022E4A0D432A4002437B20151C120A8243802A05D1002B03D0663A5A439142DAD922004532FF32167022006E464B32367CFF321670220000204C32FF32A3
:40AD80006D0A10706D02DA021D4B294319400B00134322004732FF32138001234934FF3423700799FBF7CCFA25E001212000FBF735FD02212000FBF731FD002C1BD10F4B65
:40ADC0001D004435FF352A78012A14D006264533FF331E7001F0A1FA012307002B702000FBF758FA002803D131002000FAF7E8FC380001F096FA0DB0F0BDC0460809002042
:40AE0000FF87FFFFF0B585B00D00040001F05CFC0600A81E072800D9BDE202F053F80800BC02BC02BC024000BC0226007B00330094331B78012B00D8ADE2330067331B7849
:40AE4000012B00D0A7E233008B331B78012B00D0A1E2AC33FF33F35C002B00D09BE2052209212000FEF7EAF995E233009C331A78002A03D0002204211A707EE03300A433E8
:40AE80001B689B0500D586E2D6235B00F35C002B00D080E202212000FBF7FCFF7BE235009C352B78012B06D10921200000F01AFC002800D0F4E00021200029700A00FEF704
:40AEC0008BF9330094331B78012B16D9330067331B78012B11D133008B331B78012B0CD10B21200000F018FCD6235B00F35C002B03D102212000FBF7CDFF2000092100F0FE
:40AF00000BFCC0212000890001F0DEFD2000FCF7B7FF40E2200001F0D7FB030084331B780700019303009C3303931B78060009212000CC3702933D6800F0EEFB80212000DC
:40AF4000490001F0C1FD330094331B78012B1FD9019B052B1CD0029B002B1CD18B363378012B0ED001212000FBF794FF12220B21200000F08BFC80218900200001F098FDB7
:40AF800009E20B21200000F0ADFB002811D0F2E7029B002B0DD093239B006343D84AD318D84A9B186A46127A1A700023039A137008E093239B006343D14AD318D14A9B18A6
:40AFC00000221A70019B162B00D9E4E1180001F079FF1700E20158002300E201630067006B009600CC00D500DA00E500320130004C001301A901DE01E201E201E2013F00F2
:40B0000020000B21FEF74AFD20000321FEF73AFB2000FEF7ADF8BEE193239B006343B84A0821D318B84A9B1802221A701023013A0AE093239B006343B14A1121D318B24AEE
:40B040009B1802221A7013002000FCF7DDFEA2E193239B006343AA4A1621D318AA4A9B1802221A7080231B02EEE793239B006343A34A1221D318A44A9B1802221A7004237C
:40B08000E2E793239B0063439D4A0E21D3189F4A9B1801221A7076E12000F7F7F5FE7AE12000F7F77DFE76E193239B006343944A0320D318964A991800220A7083218900B6
:40B0C00059180870934959180A70934959180A80924959180A708521890059180A608421890059180A808621890059180A708721890059180A60882189005B1841E1297841
:40B100002000FBF78BFB93239B0063437C4A2978D3187F4A0D209A18117083229200991800220A707B49591808707B490E30591808807A4959180A708521890059180A6021
:40B140008421890059180A808621890059180A708722082192009A181160882292009B18012252421A8010310DE193239B006343634AD3186A4A9B1809220CE00121200046
:40B18000FEF780FA07E193239B0063435C4AD318634A9B180B221A701521F4E093239B006343574A2978D318594A28799A182E7B117083229200991801220F270A705549F2
:40B1C000103559180F70544959180E805349591808708521890059180D60842100208900591808808621890059180A708722802192009A18090281E093239B006343404A0F
:40B200002879D318424A0126991800220A708321890059180E703F49043659180E703E49103559180A803D49591808708521890059180D6094E03B6858780338082829D81F
:40B2400093232F499B0001F075FC091025192505052121008021022289001DE063432A4ACB189B1802221A7006E06343264ACB189B1802221A70013A20210DE06343224A77
:40B28000CB189B18022280211A7005E080210222090101E0022200216B886E780193AB6817480293932384469B0063431848634484469C4460462F782D7B0770832080005A
:40B2C0001F180220387013481F1813483E701E183580002611481D1806302E701D180298286084206D468000AD88181805808620800018180270872292009A1811603BE0E6
:40B30000AC0400204B0200000A020000060200000B0200000D020000120200000E0200004702000093239B0063431C4A3968D3181B4A0626981800220270832080001D183D
:40B3400001202870174D10315D192E70164D5D192A80164D5D19287085208000181801608421890059180A808621890059180A708721890059180A60882292009B1801224F
:40B38000524218211A802000FEF788FB03E010212000FCF78FFC05B0F0BDC046AC0400200B0200000D020000120200000E0200007047000005480268002901D1023100E0E8
:40B3C00001218A43D3B20B4303607047000104400C2359436933FF334343C9180C4B0D4A5918FF238B72135C013BDBB213540A4A1378013BDBB213701378002B06D1074B45
:40B400001B78002B02D14022054B1A607047C046B40100202803002029030020600A002080E100E010B572B6044A054B11685B680B431360FEF74CFA10BDC0468000002025
:40B44000600A002010B501F055F870300178054A01231068002900D1D84018400123584010BDC0460401044010B50A4B0400002902D11968FD2201E0FE2219680A401A60F9
:40B480000121200001F07AFA0221200001F076FA012010BD0001044070B5074D074A2B6811889BB2040016008B4202D06420FEF7F7F82C60348070BD40000340680300202F
:40B4C0000123F7B53C4E3D4D73642B700096009BDC6B2B89A2B29BB22404240C9A4202D88021490264180027E41AA4B22A81344ABB18997A0192C9B2FF2920D01868621D04
:40B50000904202D91A68121B00E000221A601868002814D1FF229A722A4A944666461278013AD2B23270284A944666461278013AD2B232705A68002A01D05B689847BA2375
:40B540000C375B009F42D2D11F4C2378DBB2002B1ED000231D48019AD218917AFF2903D01168814200D21068BA220C3352009342F1D1009A2B89D26B9BB291B21204120C11
:40B580008B4202D3802149025218D31A9BB200E00E48053383429AD880B268812B89C01880B2FFF779FF00232B702378002B02D14022074B1A60F7BD00000340600A002067
:40B5C000B40100202803002029030020C0FF000080E100E0F0235843014B2030C018704700110000004870470011000070B504000D0000F092FE002C02D02368AB43236035
:40B6000000F08FFE70BD70B504000D0000F085FE002C02D023681D43256000F082FE70BD002310B59200934203D0CC58C4500433F9E710BD031E0CD00023994209D0411841
:40B64000814204D0027801309B18DBB2F8E75B42DBB2180070470000F7B505000F00009200F05BFEBA23060000245B006B4301930C236343019AE1B29B18094AD3189B7A28
:40B68000DBB2BB4205D3009A934202D82800FFF79FFE01341F2CEBD1300000F042FEF7BDB4010020BA2370B50C265B0058430C4D91420DD8FF290FD00024330063431B188D
:40B6C000EB189B7A994205D001341F2CF5D103E0002004E0012002E00131C9B2E8E770BDB401002030B50023FF2911D0BA220C2552005043074C2A005A431218A218927AC7
:40B70000914204D001331F2BF5D1002300E00123180030BDB4010020F8B504000D0000F0FCFD0600FF2D11D00C22BA200023944640006043094F62465A431218BA18927AD6
:40B74000D9B2954206D001331F2BF4D1300000F0E8FDF8BD2000FFF73BFEF7E7B4010020F0B585B005000F00160002930020FF297AD0824278D0BA235B006B433B4A9B183D
:40B78000019300F0CAFDFF231E22019903906931FF31887AFF2800D1D3B2887A87420BD13349D3B24A5D013AD2B24A5531490A78013AD2B20A7007E0013A52B20C39501CAD
:40B7C000E7D10024FF2B4BD00C225343019A2A49D318029A1E815A60284A9F721288254C56431E600A78002A30D1254AD26B207897B200281BD00E891204B6B2120CBE4251
:40B8000002D3802040021218921B1E6892B292191A6018684A89904218D21B689BB24B8108894B89C01880B2FFF736FE0EE00F811868144B984200D9180080B2C719488144
:40B84000B8B2FFF729FE40220F4B1A60084A535D0133DBB2535523780133DBB223700124039800F05EFD200005B0F0BDB40100202803002029030020600A00202A030020E1
:40B8800000000340C0FF000000E100E010B50023FFF766FF10BD000010B50D4B1A6801321A601B68012B0BD90A4B1B68002B02D0002108009847084A084B5A60FEF708F8A5
:40B8C000074B084AC2210020FFF74AFF10BDC04664030020940400200C3003C00018002099B80000EE020000C82110B5002289000400F5F79FFE002805D12000F9F742FFA3
:40B90000FA22520009E0702308216343064AD31842331A780A431A706422044B2E212000FFF71EFF10BDC0468C08002031B90000C82170B5002289000400F5F77BFE002823
:40B9400024D1702308216343144AD31842331D780D4008D01A7820008A431A70F9F712FFFA22520013E07F22197820000A401A7001F040F829002000F9F796FE200001212F
:40B98000F9F792FE200000F035FD05E06422044B2E212000FFF7E4FE70BDC0468C08002031B90000064B1B7B5B0706D4054B58680002000CC001803001E0802040017047C8
:40B9C000600A0020C0FF00000D4B70B504000625984212D8437802780A491B0213438B420BD1C1798379090219430A390A30FFF721FE237A834200D10025280070BDC04608
:40BA0000FFFF000059430000F7B504000D002A4F2A4E022904D00623019305290FD001E007230193200000F0D9FF012D07D170236343234AD3184B331B78002B0CD1092392
:40BA40006343FA18525DFF2A06D032000D32D3185A5D0132D2B25A55092363430D36F618FF18725D7B5D200093420DDB00F0ACFF0199200000F0F2FF00281CD00022042198
:40BA8000200000F0AFFD16E000F034FD030072331B78002B03D067300378002B08D1702302216343064AD31842331A780A431A70200000F067FFF7BDA8010020600A002072
:40BAC0008C080020054B10211870054B1A68002801D00A4300E08A431A607047760A002000010440F7B5002000F0EEFDAA4CAB4B0190E2581F00002A00D1E5E1E3589B0595
:40BB00000CD594220020A64B5200985408211B6898478822A0239200DB00E2508023E2591A4207D0A0229C49D2008B5001219C4AA833D1549B4A984BA258120624D5A22284
:40BB40002A21D2009858FF31954AC00501D5002314E0012050549521DB6D4900DB01DB0D03339B10DBB25354535C412B01D9412353542C210023FF31535401315354C02210
:40BB8000A2235200DB00E2508025E3592D032B4205D0FEF725FCA0237F4ADB00D550E2597D4B520171D5A022D20094469A587C4D009212071DD5302200990A40102A18D1B2
:40BBC0001932FF32A95C012913D1002080267649A8540A68360332430A60A121C9005E58724A32405A506146714A5A502B68032198472A26009BFF36DB073BD52023009A01
:40BC00001A4037D10933FF33EA54A122D200A158684B0B40A3508022A0235201DB00E250654B019A1B6894329B065B0F013B2B71E16DA9601378012B02D8604B0B40AB6052
:40BC40006B7A5B065B0F6B71DAB22B7AD9069B06DB0FC90EA971EB71AB5D002B04D158495848FFF7DDFC01E0FEF7BAFB062100202B689847A023544ADB00E2500023E02261
:40BC8000AB55A2239200DB00E2508025E359ED002B4208D0424B07211B6800209847A0233D4ADB00D5508025E3596D022B4208D03B4B07211B6800209847A023364ADB00A9
:40BCC000D5508021E2594901334B0A420DD0A120C0001D58374A2A401A50A022D20099502F4B01211B68002098470225E3592B4208D02B4B0B211B6800209847A023264A6D
:40BD0000DB00D5508025E359ED02234E2B420ED000210800F9F7E4FD002805D1A122D200B1582A4B0B40B350A023DB00E550E359194D9B0463D5942200202821184B5200FE
:40BD4000FF3198545A5C009152B2824209DAA121C9006E58154A32406A501B680221984748E00F4B009A9B5C002B3BD0A0238022DB005203EA500520FDF792FC8022144E91
:40BD800012033368134225D0A1228021D200AB5849030B43AB5025E000000A400C050000080700201C050000AC000A40771FFFFF88E00000FFEFFFFFA4000A40EF7FFFFFD3
:40BDC00060000A40140700207F000804FFFFFBFFC4000A400520FDF763FC80223368120313433360009A984B00999B5C964A013B5BB253548022A0239201DB00E250802692
:40BE0000E3597603914D334211D00520FDF748FC80218F4A090313680B431360A122D200A9588C4B0B40AB50A023DB00EE50C023E2591B02854D1A421AD0D022A02312024F
:40BE4000DB00EA50A1228026D200AB5876013343AB500A20FDF724FC7F4B1A687F4B1A4201D17F4BEE500021774B08001B689847E359764DDB0511D594220020724B520006
:40BE8000985405211B689847A122D200A958754B0B40AB50A023744ADB00EA50E2596B4B920311D594220020A125674952008854ED005E596B4A32405A51A0226A4DD20035
:40BEC0009D500B6804219847684A604BA258002A10D0664A99582022114202D0A221C9005A50624BE25840231A4203D0A2225749D2008B505E4D554B6259002A78D05A598A
:40BF0000D20132D5D02252009B581B011B0F042B03D10020F9F748F822E0AC214A4B49005A5C0F2A07D8501C585452499A18496F4932FF321170AC2149005A5C0F2A08D8AD
:40BF4000501C58544B499A18496F4932FF32090A1170FC335B6B002B02D04021002098478022A4235204DB00E250802362599B041A4203D0A4223549D2008B506359DB0495
:40BF800014D5A423314ADB00D2583B4B80211A4200D049002C4BFC335B6B002B01D0002098478022A4235201DB00E250802362599B011A4203D0A4222449D2008B508026D6
:40BFC0006359760333420AD01F4BFC335B6B002B02D0202100209847A423DB00E650802362599B031A4203D0A4221849D2008B50224D16496359002B24D011234A591A426E
:40C000001FD0A622D2008B5001227033FF33C8581043C850E0581040FCD1C0231F210B4A5B00D658084B720AFC33B60B9F6B0A403140511ACF199F635B6B002B01D01021F7
:40C0400098476359F7BDC0460807002000000A40C4000A40FFFFEFFFA4000A400720000004050000FFFEFDFF000102001C0500002C050000FC000A40000001103C050000F4
:40C0800010B50B4B5A78012A03D03E24032A01D00CE0FA24187843425841C0B2FFF712FD044B220090210020FFF75AFB10BDC046760A002081C00000F7B50600FEF762F8C4
:40C0C000012200213000F9F735FAB8235B0073431D4A1E4FD318FE3300931B8B43431C003B785C431A4B640AA4B29C422AD800F014F98022174D184B0190EB58D201134338
:40C10000154A0A20AB500A233B70FDF7C9FA012200213000F9F70EFA009B1B8B43431C003B780A205C430C4B640AEA580B4BA4B21340094AAB5019233B70FDF7B1FA0198AE
:40C1400000F0EFF82000FEBD08070020A60000202723000000000A402C060000FFBFFFFFF8B51E4E04003718BB781D4D002B09D0E82280215200AB5889000B43AB50002394
:40C18000BB702AE0FFF798FF164A174B904205D801225B212000FFF7E3FA06E005225B212000FFF7DDFA0123BB70104962008818438802339BB23F2B01D8438004E03F2301
:40C1C000341943803E3BA3708A18538880229B0652001B0C1343D032AB50F8BD760A002000000A409311000061C10000A6000020F0B585B0019000F090F89022264E274D6F
:40C2000003907359142013437351FDF749FA012200210198F9F78EF9B823019A5B0053431F4A204FD318FE3302931B8B43431C003B785C431C4B640AA4B29C421FD880229A
:40C240007359D201134373510A230A203B70FDF727FA012200210198F9F76CF9029B1B8B725943431C003B780A205C430F4B640A134073511923A4B23B70FDF711FA9022C3
:40C280007359142093437351FDF70AFA039800F048F8200005B0F0BD00000A402C06000008070020A600002027230000FFBFFFFF10B5124B04005A7882421DD05870902106
:40C2C0000020FFF729FA032C16D8200000F032FC04080208012000E00020FFF7F3FB0BE00120FFF7EFFBFA22012C00D0BC3A044B90210020FFF734FA10BDC046760A0020DD
:40C3000081C00000000000000230800803D00138FDD1C046C046C0467047EFF3108072B6704780F310887047F8B505000220002D55D1002953D02A4C2A4A2300CC331A6053
:40C340002300C03319602800FFF744F9010066222031200000F09AFD2800FFF73BF9C189214E00290CD0FFF73DF907002800FFF731F9818918227918300000F087FD03E06B
:40C380001822300000F08BFD0020FFF723F9418A164D00290CD0FFF725F906000020FFF719F9018A15227118280000F06FFD03E01522280000F073FD2378022B00D0637018
:40C3C0000020F9F75DFE0020FDF7F2F82300012288331A70D4230020054A5B00E250F8BD800A0020500B0020EC0B0020100C00200789341410B50222002813D10A4B1900EE
:40C400008831097800290DD0DC7C0A32002C09D11A0089321470012287331A702000FBF717F92200100010BD800A002010B504000220002C08D1054B88331B78002B03D00B
:40C440002000F7F759F8200010BDC046800A002010B50A4B87331B78002B01D101200BE00020FBF75BF8002801D0002004E0FCF79FFF0028F2D0F8E710BDC046800A002017
:40C4800010B5FFF7E5FF041E07D0054B87331B78002B02D00020FAF767FD200010BDC046800A002010B5FAF717FD012010BD000070B505000224002817D10D4B1A008732F5
:40C4C0001478002C06D0FAF77FFE2800FDF70AFB2C000AE089331A78012A06D120001C70FBF7A8F82000FDF7D2F8200070BDC046800A0020DA235B005843014BC0187047D2
:40C50000800A0020014B98787047C046AA000020014B18787047C0467A0A0020014B58887047C0467A0A002070B5050014000720002D40D1204A1000873005780B20002DFB
:40C5400039D0150072352D78002D34D0100085300078002804D11000A4300068002802D00F20052927D11000A2300078172806D0082801D1002902D00B2005291BD110008A
:40C580000125853005701000843001701100C4310B60C42300215B00D1548C4205D0CC32106821002C2200F071FC802103488900FFF729F8002070BD800A0020240B002046
:40C5C00010B504000720002C08D105489C3004780F20002C02D12000FFF7A6FF10BDC046800A0020030070B50720002B18D10D4B1800873004780B20002C11D01D00863535
:40C600002C780430002C0BD11800C8338A3001701A6005488021FEF7F6FF012320002B7070BDC046800A0020280B002070B50224002844D14B005B0F0A34002B3FD0214A5B
:40C6400015007E352D78AB4239D841339B00D318DD79AD09032D20D1150094352D78012D06D8C03213683A211B680200984726E01A794D065206520E6D0EAA421FDB05253E
:40C68000DA880903D205120E6A43490D8A4216DB5B795D43A94212DB0AE09B880A0E9B0522409B0D002A05D00903890D8B4206DB040004E08905890D8B4200DB1400200003
:40C6C00070BDC046800A0020DA235B005843014BC0187047800A0020F0B5914B914A1D88DA235B004343D3181900793109788FB0019000291CD06020B833197896250840F3
:40C70000402800D1FA25DA23019C5B006343D3181C007B3424786D00042C09D1B8339B783F2B02D9002800D15A25C906C9170D40DA2301995B004B43D31867331B78002BC3
:40C7400001D1FA256D006B00052128000B9300F0FBF983B209937F23099A01991A400C923633019AFF335A43089217006E4A6D4B51430022039205920492089A2037FF18FC
:40C780009B18029309330A910D930D9B049A1B789A4200D390E0029B049A9B7A13410122134200D183E00A9B089ADB199C58FA783B6892091B030692029A9B0D0793943239
:40C7C000BB7812789B069B0F012A08D9069A1E00032A51D8100000F0ADF90B2B3943069AA4009207A4081443120EC02AEED15EE0A005800DA84206DDAB05A40A9B0DA40227
:40C800001C43002636E04949079A0C409202484914430C401A0514431E00002A2CD06E236421584300F01AFAA84225D9002623E007990B9A1E004A43A105890D8A421BD2B1
:40C840009205A40A920DA402144313E0A205920D1E00954210DAAB05A40A9B0DA40208E01E00099B6206520E934205D27F239C430C9B1C43012303932C4A079B14409B02AB
:40C880001C432B4B36051C403443069BA4009B07A4081C436D23019A5343059A9B184233204A9B00D3185C60059B01330593049B04370133049368E70820029B02999B7A9A
:40C8C0000931FF31DB09DA00CB7983431343CB71029B94331A78029BFC33012A04D81969144A0A401A6107E01869134A02401A610122CB791343CB71DA23019A5B00534302
:40C90000084A6946D3181A00097D7E3211706A460120127B8A33FF331A700FB0F0BDC046AA000020800A00204CFEFFFFFF03F0FFFFFFCFFFFFFF3FFEFFFF3FFFDA235B00A9
:40C94000434310B5034AD318FC33196DFFF76EFE10BDC046800A002002207047DA235B005843054B1B1894331A780C20012A02D9012200201A707047800A002010B5F9F7E3
:40C980003FFF10BD10B504000220002C03D12000FCF77DFE200010BD0223002803D1034BB4331960030018007047C046800A00200223002803D1034B9B33197003001800D4
:40C9C0007047C046800A002010B504000220002C03D12000FCF7F2FB200010BD0223002804D10122024BA1331A70030018007047800A002003000220002B03D11800024A04
:40CA0000A13213707047C046800A00200223002803D1034B9C331970030018007047C046800A0020DA235B00434310B5034AD318C0331B6800221B68984710BD800A0020A4
:40CA4000DA235B00434310B5034CE318C0331B681B68984710BDC046800A0020002310B51A000521FFF7ACFD10BD000070B5DA2464004443084B00211C199B3405002678B7
:40CA8000FCF714FE2378B34204D0802128004905FFF782FF70BDC046800A0020DA235B005843024B1818BE3001807047800A0020DA235B00584310B5024B1818A430FEF764
:40CAC000A2FD10BD800A0020DA235B00584310B5024B1818A430FEF789FD10BD800A0020DA235B00584310B5024BA830C018FEF78AFD10BD800A0020DA235B00584310B5C5
:40CB0000024BA830C018FEF771FD10BD800A0020014B1818007970477A0A0020014B1818017170477A0A0020014B1818417170477A0A002002B4714649084900095C490047
:40CB40008E4402BC7047C046002243088B4274D303098B425FD3030A8B4244D3030B8B4228D3030C8B420DD3FF22090212BA030C8B4202D31212090265D0030B8B4219D385
:40CB800000E0090AC30B8B4201D3CB03C01A5241830B8B4201D38B03C01A5241430B8B4201D34B03C01A5241030B8B4201D30B03C01A5241C30A8B4201D3CB02C01A524132
:40CBC000830A8B4201D38B02C01A5241430A8B4201D34B02C01A5241030A8B4201D30B02C01A5241CDD2C3098B4201D3CB01C01A524183098B4201D38B01C01A5241430986
:40CC00008B4201D34B01C01A524103098B4201D30B01C01A5241C3088B4201D3CB00C01A524183088B4201D38B00C01A524143088B4201D34B00C01A5241411A00D2014694
:40CC4000524110467047FFE701B5002000F0F0F802BDC0460029F7D076E7704703460B437FD4002243088B4274D303098B425FD3030A8B4244D3030B8B4228D3030C8B429E
:40CC80000DD3FF22090212BA030C8B4202D31212090265D0030B8B4219D300E0090AC30B8B4201D3CB03C01A5241830B8B4201D38B03C01A5241430B8B4201D34B03C01AE2
:40CCC0005241030B8B4201D30B03C01A5241C30A8B4201D3CB02C01A5241830A8B4201D38B02C01A5241430A8B4201D34B02C01A5241030A8B4201D30B02C01A5241CDD238
:40CD0000C3098B4201D3CB01C01A524183098B4201D38B01C01A524143098B4201D34B01C01A524103098B4201D30B01C01A5241C3088B4201D3CB00C01A524183088B425F
:40CD400001D38B00C01A524143088B4201D34B00C01A5241411A00D201465241104670475DE0CA0F00D04942031000D34042534000229C4603098B422DD3030A8B4212D327
:40CD8000FC22890112BA030A8B420CD3890192118B4208D3890192118B4204D389013AD0921100E08909C3098B4201D3CB01C01A524183098B4201D38B01C01A52414309DF
:40CDC0008B4201D34B01C01A524103098B4201D30B01C01A5241C3088B4201D3CB00C01A524183088B4201D38B00C01A5241D9D243088B4201D34B00C01A5241411A00D26F
:40CE00000146634652415B10104601D34042002B00D54942704763465B1000D3404201B5002000F005F802BD0029F8D016E770477047C046014B18687047C046100100200F
:40CE40000E4B70B500251E000D4CE41AA410A54204D0AB00F35898470135F8E700F0FAF8084B00251E00084CE41AA410A54204D0AB00F35898470135F8E770BD60D00000C1
:40CE800060D0000060D0000068D00000002310B59A4203D0CC5CC4540133F9E710BD03008218934202D019700133FAE77047000003B47146490840004900095E49008E44BF
:40CEC00003BC704703B47146490840004900095A49008E4403BC7047000000008A8C909C9492BCBAB6BEB800AD1B0000F5190000F1450000B5480000DD4D000069B4000026
:40CF0000B5B3000045B4000035160000D9150000AD150000FD150000AD4500001545000071450000793A00002D160000F9440000653A0000354300001D8F0000D584000032
:40CF4000653A00005D8A0000D18D0000018B0000058900006400D200F00000005A000000960000002C01000018E30800181B0300D860030038670300389B080093730E006B
:40CF80008C0F0E000006000001060000040700000003050700010200716C00007D770000E16C00002D6E00006D9F000009A9000009A9000081A6000000100000002000001E
:40CFC0000000000000000000000000000000000000000000000000000001000000000100392C0000F1380000413800003B2C00007D370000212C0000152E00003933000011
:40D00000CD780000D53200004D310000DD35000035350000C92E0000C12F00004583000095820000518200008D8100002D790000F5790000957B0000257B000005AE00008C
:40D0400069A9000000000000000000000000000043000000F8B5C046F8BC08BC9E4670474915000005990000F8B5C046F8BC08BC9E4670472115000088D00000880000209D
:40D0800090000000200B00000000000003003F00FFFF00004E6F7420537570706F727465640000003200190005002C011400000000000000000000000000000000000000CD
:40D0C0000000000000000000000000000000000050D00000000000000000000000000000000000000000000000000000000000000000000000000000000000000000000010
:40D1000000000000000000000000000000000000B000002000000000000000000000000000000000000000000000000000000000000000000000000000000000000000001F
:40D1400000000000000000000000000000000000000000000000000000000000000000000000000000000000000000000000000000000000000000000000000000000000AF
:40D18000000000000000000000000000000000000000000000000000000000000000000000000000000000000000000000000000000000000000000000000000000000006F
:40D1C000000000000000000000000000000000000000000000000000000000000000000000000000000000000000000000000000000000000000000000000000000000002F
:40D2000000000000000000000000000000000000000000000000000000000000000000000000000000000000000000000000000000000000000000000000000000000000EE
:40D2400000000000000000000000000000000000000000000000000000000000000000000000000000000000000000000000000000000000000000000000000000000000AE
:40D28000000000000000000000000000000000000000000000000000000000000000000000000000000000000000000000000000000000000000000000000000000000006E
:40D2C000000000000000000000000000000000000000000000000000000000000000000000000000000000000000000000000000000000000000000000000000000000002E
:40D3000000000000000000000000000000000000000000000000000000000000000000000000000000000000000000000000000000000000000000000000000000000000ED
:40D3400000000000000000000000000000000000000000000000000000000000000000000000000000000000000000000000000000000000000000000000000000000000AD
:40D38000000000000000000000000000000000000000000000000000000000000000000000000000000000000000000000000000000000000000000000000000000000006D
:40D3C000000000000000000000000000000000000000000000000000000000000000000000000000000000000000000000000000000000000000000000000000000000002D
:40D4000000000000000000000000000000000000000000000000000000000000000000000000000000000000000000000000000000000000000000000000000000000000EC
:40D4400000000000000000000000000000000000000000000000000000000000000000000000000000000000000000000000000000000000000000000000000000000000AC
:40D48000000000000000000000000000000000000000000000000000000000000000000000000000000000000000000000000000000000000000000000000000000000006C
:40D4C000000000000000000000000000000000000000000000000000000000000000000000000000000000000000000000000000000000000000000000000000000000002C
:40D5000000000000000000000000000000000000000000000000000000000000000000000000000000000000000000000000000000000000000000000000000000000000EB
:40D5400000000000000000000000000000000000000000000000000000000000000000000000000000000000000000000000000000000000000000000000000000000000AB
:40D58000000000000000000000000000000000000000000000000000000000000000000000000000000000000000000000000000000000000000000000000000000000006B
:40D5C000000000000000000000000000000000000000000000000000000000000000000000000000000000000000000000000000000000000000000000000000000000002B
:40D6000000000000000000000000000000000000000000000000000000000000000000000000000000000000000000000000000000000000000000000000000000000000EA
:40D6400000000000000000000000000000000000000000000000000000000000000000000000000000000000000000000000000000000000000000000000000000000000AA
:40D68000000000000000000000000000000000000000000000000000000000000000000000000000000000000000000000000000000000000000000000000000000000006A
:40D6C000000000000000000000000000000000000000000000000000000000000000000000000000000000000000000000000000000000000000000000000000000000002A
:40D7000000000000000000000000000000000000000000000000000000000000000000000000000000000000000000000000000000000000000000000000000000000000E9
:40D7400000000000000000000000000000000000000000000000000000000000000000000000000000000000000000000000000000000000000000000000000000000000A9
:40D780000000000000000000000000000000000000000000000000000000000000000000000000000000000000000000000000000000000000000000000000000000000069
:40D7C0000000000000000000000000000000000000000000000000000000000000000000000000000000000000000000000000000000000000000000000000000000000029
:40D8000000000000000000000000000000000000000000000000000000000000000000000000000000000000000000000000000000000000000000000000000000000000E8
:40D8400000000000000000000000000000000000000000000000000000000000000000000000000000000000000000000000000000000000000000000000000000000000A8
:40D880000000000000000000000000000000000000000000000000000000000000000000000000000000000000000000000000000000000000000000000000000000000068
:40D8C0000000000000000000000000000000000000000000000000000000000000000000000000000000000000000000000000000000000000000000000000000000000028
:40D9000000000000000000000000000000000000000000000000000000000000000000000000000000000000000000000000000000000000000000000000000000000000E7
:40D9400000000000000000000000000000000000000000000000000000000000000000000000000000000000000000000000000000000000000000000000000000000000A7
:40D980000000000000000000000000000000000000000000000000000000000000000000000000000000000000000000000000000000000000000000000000000000000067
:40D9C0000000000000000000000000000000000000000000000000000000000000000000000000000000000000000000000000000000000000000000000000000000000027
:40DA000000000000000000000000000000000000000000000000000000000000000000000000000000000000000000000000000000000000000000000000000000000000E6
:40DA400000000000000000000000000000000000000000000000000000000000000000000000000000000000000000000000000000000000000000000000000000000000A6
:40DA80000000000000000000000000000000000000000000000000000000000000000000000000000000000000000000000000000000000000000000000000000000000066
:40DAC0000000000000000000000000000000000000000000000000000000000000000000000000000000000000000000000000000000000000000000000000000000000026
:40DB000000000000000000000000000000000000000000000000000000000000000000000000000000000000000000000000000000000000000000000000000000000000E5
:40DB400000000000000000000000000000000000000000000000000000000000000000000000000000000000000000000000000000000000000000000000000000000000A5
:40DB80000000000000000000000000000000000000000000000000000000000000000000000000000000000000000000000000000000000000000000000000000000000065
:40DBC0000000000000000000000000000000000000000000000000000000000000000000000000000000000000000000000000000000000000000000000000000000000025
:40DC000000000000000000000000000000000000000000000000000000000000000000000000000000000000000000000000000000000000000000000000000000000000E4
:40DC400000000000000000000000000000000000000000000000000000000000000000000000000000000000000000000000000000000000000000000000000000000000A4
:40DC80000000000000000000000000000000000000000000000000000000000000000000000000000000000000000000000000000000000000000000000000000000000064
:40DCC0000000000000000000000000000000000000000000000000000000000000000000000000000000000000000000000000000000000000000000000000000000000024
:40DD000000000000000000000000000000000000000000000000000000000000000000000000000000000000000000000000000000000000000000000000000000000000E3
:40DD400000000000000000000000000000000000000000000000000000000000000000000000000000000000000000000000000000000000000000000000000000000000A3
:40DD80000000000000000000000000000000000000000000000000000000000000000000000000000000000000000000000000000000000000000000000000000000000063
:40DDC0000000000000000000000000000000000000000000000000000000000000000000000000000000000000000000000000000000000000000000000000000000000023
:40DE000000000000000000000000000000000000000000000000000000000000000000000000000000000000000000000000000000000000000000000000000000000000E2
:40DE400000000000000000000000000000000000000000000000000000000000000000000000000000000000000000000000000000000000000000000000000000000000A2
:40DE80000000000000000000000000000000000000000000000000000000000000000000000000000000000000000000000000000000000000000000000000000000000062
:40DEC0000000000000000000000000000000000000000000000000000000000000000000000000000000000000000000000000000000000000000000000000000000000022
:40DF000000000000000000000000000000000000000000000000000000000000000000000000000000000000000000000000000000000000000000000000000000000000E1
:40DF400000000000000000000000000000000000000000000000000000000000000000000000000000000000000000000000000000000000000000000000000000000000A1
:40DF80000000000000000000000000000000000000000000000000000000000000000000000000000000000000000000000000000000000000000000000000000000000061
:40DFC0000000000000000000000000000000000000000000000000000000000000000000000000000000000000000000000000000000000000000000000000000000000021
:40E0000000000000000000000000000000000000000000000000000000000000000000000000000000000000000000000000000000000000000000000000000000000000E0
:40E0400000000000000000000000000000000000000000000000000000000000000000000000000000000000000000000000000000000000000000000000000000000000A0
:40E080000000000000000000000000000000000000000000000000000000000000000000000000000000000000000000000000000000000000000000000000000000000060
:40E0C0000000000000000000000000000000000000000000000000000000000000000000000000000000000000000000000000000000000000000000000000000000000020
:40E1000000000000000000000000000000000000000000000000000000000000000000000000000000000000000000000000000000000000000000000000000000000000DF
:40E14000000000000000000000000000000000000000000000000000000000000000000000000000000000000000000000000000000000000000000000000000000000009F
:40E18000000000000000000000000000000000000000000000000000000000000000000000000000000000000000000000000000000000000000000000000000000000005F
:40E1C000000000000000000000000000000000000000000000000000000000000000000000000000000000000000000000000000000000000000000000000000000000001F
:40E2000000000000000000000000000000000000000000000000000000000000000000000000000000000000000000000000000000000000000000000000000000000000DE
:40E24000000000000000000000000000000000000000000000000000000000000000000000000000000000000000000000000000000000000000000000000000000000009E
:40E28000000000000000000000000000000000000000000000000000000000000000000000000000000000000000000000000000000000000000000000000000000000005E
:40E2C000000000000000000000000000000000000000000000000000000000000000000000000000000000000000000000000000000000000000000000000000000000001E
:40E3000000000000000000000000000000000000000000000000000000000000000000000000000000000000000000000000000000000000000000000000000000000000DD
:40E34000000000000000000000000000000000000000000000000000000000000000000000000000000000000000000000000000000000000000000000000000000000009D
:40E38000000000000000000000000000000000000000000000000000000000000000000000000000000000000000000000000000000000000000000000000000000000005D
:40E3C000000000000000000000000000000000000000000000000000000000000000000000000000000000000000000000000000000000000000000000000000000000001D
:40E4000000000000000000000000000000000000000000000000000000000000000000000000000000000000000000000000000000000000000000000000000000000000DC
:40E44000000000000000000000000000000000000000000000000000000000000000000000000000000000000000000000000000000000000000000000000000000000009C
:40E48000000000000000000000000000000000000000000000000000000000000000000000000000000000000000000000000000000000000000000000000000000000005C
:40E4C000000000000000000000000000000000000000000000000000000000000000000000000000000000000000000000000000000000000000000000000000000000001C
:40E5000000000000000000000000000000000000000000000000000000000000000000000000000000000000000000000000000000000000000000000000000000000000DB
:40E54000000000000000000000000000000000000000000000000000000000000000000000000000000000000000000000000000000000000000000000000000000000009B
:40E58000000000000000000000000000000000000000000000000000000000000000000000000000000000000000000000000000000000000000000000000000000000005B
:40E5C000000000000000000000000000000000000000000000000000000000000000000000000000000000000000000000000000000000000000000000000000000000001B
:40E6000000000000000000000000000000000000000000000000000000000000000000000000000000000000000000000000000000000000000000000000000000000000DA
:40E64000000000000000000000000000000000000000000000000000000000000000000000000000000000000000000000000000000000000000000000000000000000009A
:40E68000000000000000000000000000000000000000000000000000000000000000000000000000000000000000000000000000000000000000000000000000000000005A
:40E6C000000000000000000000000000000000000000000000000000000000000000000000000000000000000000000000000000000000000000000000000000000000001A
:40E7000000000000000000000000000000000000000000000000000000000000000000000000000000000000000000000000000000000000000000000000000000000000D9
:40E740000000000000000000000000000000000000000000000000000000000000000000000000000000000000000000000000000000000000000000000000000000000099
:40E780000000000000000000000000000000000000000000000000000000000000000000000000000000000000000000000000000000000000000000000000000000000059
:40E7C0000000000000000000000000000000000000000000000000000000000000000000000000000000000000000000000000000000000000000000000000000000000019
:40E8000000000000000000000000000000000000000000000000000000000000000000000000000000000000000000000000000000000000000000000000000000000000D8
:40E840000000000000000000000000000000000000000000000000000000000000000000000000000000000000000000000000000000000000000000000000000000000098
:40E880000000000000000000000000000000000000000000000000000000000000000000000000000000000000000000000000000000000000000000000000000000000058
:40E8C0000000000000000000000000000000000000000000000000000000000000000000000000000000000000000000000000000000000000000000000000000000000018
:40E9000000000000000000000000000000000000000000000000000000000000000000000000000000000000000000000000000000000000000000000000000000000000D7
:40E940000000000000000000000000000000000000000000000000000000000000000000000000000000000000000000000000000000000000000000000000000000000097
:40E980000000000000000000000000000000000000000000000000000000000000000000000000000000000000000000000000000000000000000000000000000000000057
:40E9C0000000000000000000000000000000000000000000000000000000000000000000000000000000000000000000000000000000000000000000000000000000000017
:40EA000000000000000000000000000000000000000000000000000000000000000000000000000000000000000000000000000000000000000000000000000000000000D6
:40EA40000000000000000000000000000000000000000000000000000000000000000000000000000000000000000000000000000000000000000000000000000000000096
:40EA80000000000000000000000000000000000000000000000000000000000000000000000000000000000000000000000000000000000000000000000000000000000056
:40EAC0000000000000000000000000000000000000000000000000000000000000000000000000000000000000000000000000000000000000000000000000000000000016
:40EB000000000000000000000000000000000000000000000000000000000000000000000000000000000000000000000000000000000000000000000000000000000000D5
:40EB40000000000000000000000000000000000000000000000000000000000000000000000000000000000000000000000000000000000000000000000000000000000095
:40EB80000000000000000000000000000000000000000000000000000000000000000000000000000000000000000000000000000000000000000000000000000000000055
:40EBC0000000000000000000000000000000000000000000000000000000000000000000000000000000000000000000000000000000000000000000000000000000000015
:40EC000000000000000000000000000000000000000000000000000000000000000000000000000000000000000000000000000000000000000000000000000000000000D4
:40EC40000000000000000000000000000000000000000000000000000000000000000000000000000000000000000000000000000000000000000000000000000000000094
:40EC80000000000000000000000000000000000000000000000000000000000000000000000000000000000000000000000000000000000000000000000000000000000054
:40ECC0000000000000000000000000000000000000000000000000000000000000000000000000000000000000000000000000000000000000000000000000000000000014
:40ED000000000000000000000000000000000000000000000000000000000000000000000000000000000000000000000000000000000000000000000000000000000000D3
:40ED40000000000000000000000000000000000000000000000000000000000000000000000000000000000000000000000000000000000000000000000000000000000093
:40ED80000000000000000000000000000000000000000000000000000000000000000000000000000000000000000000000000000000000000000000000000000000000053
:40EDC0000000000000000000000000000000000000000000000000000000000000000000000000000000000000000000000000000000000000000000000000000000000013
:40EE000000000000000000000000000000000000000000000000000000000000000000000000000000000000000000000000000000000000000000000000000000000000D2
:40EE40000000000000000000000000000000000000000000000000000000000000000000000000000000000000000000000000000000000000000000000000000000000092
:40EE80000000000000000000000000000000000000000000000000000000000000000000000000000000000000000000000000000000000000000000000000000000000052
:40EEC0000000000000000000000000000000000000000000000000000000000000000000000000000000000000000000000000000000000000000000000000000000000012
:40EF000000000000000000000000000000000000000000000000000000000000000000000000000000000000000000000000000000000000000000000000000000000000D1
:40EF40000000000000000000000000000000000000000000000000000000000000000000000000000000000000000000000000000000000000000000000000000000000091
:40EF80000000000000000000000000000000000000000000000000000000000000000000000000000000000000000000000000000000000000000000000000000000000051
:40EFC0000000000000000000000000000000000000000000000000000000000000000000000000000000000000000000000000000000000000000000000000000000000011
:40F0000000000000000000000000000000000000000000000000000000000000000000000000000000000000000000000000000000000000000000000000000000000000D0
:40F040000000000000000000000000000000000000000000000000000000000000000000000000000000000000000000000000000000000000000000000000000000000090
:40F080000000000000000000000000000000000000000000000000000000000000000000000000000000000000000000000000000000000000000000000000000000000050
:40F0C0000000000000000000000000000000000000000000000000000000000000000000000000000000000000000000000000000000000000000000000000000000000010
:40F1000000000000000000000000000000000000000000000000000000000000000000000000000000000000000000000000000000000000000000000000000000000000CF
:40F14000000000000000000000000000000000000000000000000000000000000000000000000000000000000000000000000000000000000000000000000000000000008F
:40F18000000000000000000000000000000000000000000000000000000000000000000000000000000000000000000000000000000000000000000000000000000000004F
:40F1C000000000000000000000000000000000000000000000000000000000000000000000000000000000000000000000000000000000000000000000000000000000000F
:40F2000000000000000000000000000000000000000000000000000000000000000000000000000000000000000000000000000000000000000000000000000000000000CE
:40F24000000000000000000000000000000000000000000000000000000000000000000000000000000000000000000000000000000000000000000000000000000000008E
:40F28000000000000000000000000000000000000000000000000000000000000000000000000000000000000000000000000000000000000000000000000000000000004E
:40F2C000000000000000000000000000000000000000000000000000000000000000000000000000000000000000000000000000000000000000000000000000000000000E
:40F3000000000000000000000000000000000000000000000000000000000000000000000000000000000000000000000000000000000000000000000000000000000000CD
:40F34000000000000000000000000000000000000000000000000000000000000000000000000000000000000000000000000000000000000000000000000000000000008D
:40F38000000000000000000000000000000000000000000000000000000000000000000000000000000000000000000000000000000000000000000000000000000000004D
:40F3C000000000000000000000000000000000000000000000000000000000000000000000000000000000000000000000000000000000000000000000000000000000000D
:40F4000000000000000000000000000000000000000000000000000000000000000000000000000000000000000000000000000000000000000000000000000000000000CC
:40F44000000000000000000000000000000000000000000000000000000000000000000000000000000000000000000000000000000000000000000000000000000000008C
:40F48000000000000000000000000000000000000000000000000000000000000000000000000000000000000000000000000000000000000000000000000000000000004C
:40F4C000000000000000000000000000000000000000000000000000000000000000000000000000000000000000000000000000000000000000000000000000000000000C
:40F5000000000000000000000000000000000000000000000000000000000000000000000000000000000000000000000000000000000000000000000000000000000000CB
:40F54000000000000000000000000000000000000000000000000000000000000000000000000000000000000000000000000000000000000000000000000000000000008B
:40F58000000000000000000000000000000000000000000000000000000000000000000000000000000000000000000000000000000000000000000000000000000000004B
:40F5C000000000000000000000000000000000000000000000000000000000000000000000000000000000000000000000000000000000000000000000000000000000000B
:40F6000000000000000000000000000000000000000000000000000000000000000000000000000000000000000000000000000000000000000000000000000000000000CA
:40F64000000000000000000000000000000000000000000000000000000000000000000000000000000000000000000000000000000000000000000000000000000000008A
:40F68000000000000000000000000000000000000000000000000000000000000000000000000000000000000000000000000000000000000000000000000000000000004A
:40F6C000000000000000000000000000000000000000000000000000000000000000000000000000000000000000000000000000000000000000000000000000000000000A
:40F7000000000000000000000000000000000000000000000000000000000000000000000000000000000000000000000000000000000000000000000000000000000000C9
:40F740000000000000000000000000000000000000000000000000000000000000000000000000000000000000000000000000000000000000000000000000000000000089
:40F780000000000000000000000000000000000000000000000000000000000000000000000000000000000000000000000000000000000000000000000000000000000049
:40F7C0000000000000000000000000000000000000000000000000000000000000000000000000000000000000000000000000000000000000000000000000000000000009
:40F8000000000000000000000000000000000000000000000000000000000000000000000000000000000000000000000000000000000000000000000000000000000000C8
:40F840000000000000000000000000000000000000000000000000000000000000000000000000000000000000000000000000000000000000000000000000000000000088
:40F880000000000000000000000000000000000000000000000000000000000000000000000000000000000000000000000000000000000000000000000000000000000048
:40F8C0000000000000000000000000000000000000000000000000000000000000000000000000000000000000000000000000000000000000000000000000000000000008
:40F9000000000000000000000000000000000000000000000000000000000000000000000000000000000000000000000000000000000000000000000000000000000000C7
:40F940000000000000000000000000000000000000000000000000000000000000000000000000000000000000000000000000000000000000000000000000000000000087
:40F980000000000000000000000000000000000000000000000000000000000000000000000000000000000000000000000000000000000000000000000000000000000047
:40F9C0000000000000000000000000000000000000000000000000000000000000000000000000000000000000000000000000000000000000000000000000000000000007
:40FA000000000000000000000000000000000000000000000000000000000000000000000000000000000000000000000000000000000000000000000000000000000000C6
:40FA40000000000000000000000000000000000000000000000000000000000000000000000000000000000000000000000000000000000000000000000000000000000086
:40FA80000000000000000000000000000000000000000000000000000000000000000000000000000000000000000000000000000000000000000000000000000000000046
:40FAC0000000000000000000000000000000000000000000000000000000000000000000000000000000000000000000000000000000000000000000000000000000000006
:40FB000000000000000000000000000000000000000000000000000000000000000000000000000000000000000000000000000000000000000000000000000000000000C5
:40FB40000000000000000000000000000000000000000000000000000000000000000000000000000000000000000000000000000000000000000000000000000000000085
:40FB80000000000000000000000000000000000000000000000000000000000000000000000000000000000000000000000000000000000000000000000000000000000045
:40FBC0000000000000000000000000000000000000000000000000000000000000000000000000000000000000000000000000000000000000000000000000000000000005
:40FC000000000000000000000000000000000000000000000000000000000000000000000000000000000000000000000000000000000000000000000000000000000000C4
:40FC40000000000000000000000000000000000000000000000000000000000000000000000000000000000000000000000000000000000000000000000000000000000084
:40FC80000000000000000000000000000000000000000000000000000000000000000000000000000000000000000000000000000000000000000000000000000000000044
:40FCC0000000000000000000000000000000000000000000000000000000000000000000000000000000000000000000000000000000000000000000000000000000000004
:40FD000000000000000000000000000000000000000000000000000000000000000000000000000000000000000000000000000000000000000000000000000000000000C3
:40FD40000000000000000000000000000000000000000000000000000000000000000000000000000000000000000000000000000000000000000000000000000000000083
:40FD80000000000000000000000000000000000000000000000000000000000000000000000000000000000000000000000000000000000000000000000000000000000043
:40FDC0000000000000000000000000000000000000000000000000000000000000000000000000000000000000000000000000000000000000000000000000000000000003
:40FE000000000000000000000000000000000000000000000000000000000000000000000000000000000000000000000000000000000000000000000000000000000000C2
:40FE40000000000000000000000000000000000000000000000000000000000000000000000000000000000000000000000000000000000000000000000000000000000082
:40FE80000000000000000000000000000000000000000000000000000000000000000000000000000000000000000000000000000000000000000000000000000000000042
:40FEC0000000000000000000000000000000000000000000000000000000000000000000000000000000000000000000000000000000000000000000000000000000000002
:40FF000000000000000000000000000000000000000000000000000000000000000000000000000000000000000000000000000000000000000000000000000000000000C1
:40FF40000000000000000000000000000000000000000000000000000000000000000000000000000000000000000000000000000000000000000000000000000000000081
:40FF80000000000000000000000000000000000000000000000000000000000000000000000000000000000000000000000000000000000000000000000000000000000041
:40FFC000BD011500001F00000080C1000000000000000000FFFF59430200000000000000000000000000000000000000000000000000000000000000000000000000000032
:0200000490303A
:020000008A5420
:0200000490402A
:40000000FFFFFFFF000000000000000000000000000000000000000000000000000000000000000000000000000000000000000000000000000000000000000000000000C4
:0200000490501A
:0C0000000002200211B0000120459C0409
:0200000490600A
:0100000001FE
:00000001FF