/**
 * @file    tps25750_bundle.c
 * @brief   TPS25750 patch/configuration bundle, streamed to the device
 *          over I2C at every boot (the TPS25750 has no user NVM).
 *
 * Generated from firmware/TPS25750/TPS25750D_DuckerCharger.bin
 * (32000 bytes) — the binary produced by TI's USB-C Application
 * Customization web tool already present in the repository.
 * Regenerate with tools/bin2c.py if the .bin changes.
 */

#include <stdint.h>

const uint32_t tps25750_bundle_size = 32000u;

const uint8_t tps25750_bundle[32000] = {
    0x00, 0x08, 0x00, 0x00, 0xFF, 0xFF, 0xFF, 0xFF, 0xFF, 0xFF, 0xFF, 0xFF,
    0xFF, 0xFF, 0xFF, 0xFF, 0xFF, 0xFF, 0xFF, 0xFF, 0xFF, 0xFF, 0xFF, 0xFF,
    0xFF, 0xFF, 0xFF, 0xFF, 0xFF, 0xFF, 0xFF, 0xFF, 0xFF, 0xFF, 0xFF, 0xFF,
    0xFF, 0xFF, 0xFF, 0xFF, 0xFF, 0xFF, 0xFF, 0xFF, 0xFF, 0xFF, 0xFF, 0xFF,
    0xFF, 0xFF, 0xFF, 0xFF, 0xFF, 0xFF, 0xFF, 0xFF, 0xFF, 0xFF, 0xFF, 0xFF,
    0xFF, 0xFF, 0xFF, 0xFF, 0xFF, 0xFF, 0xFF, 0xFF, 0xFF, 0xFF, 0xFF, 0xFF,
    0xFF, 0xFF, 0xFF, 0xFF, 0xFF, 0xFF, 0xFF, 0xFF, 0xFF, 0xFF, 0xFF, 0xFF,
    0xFF, 0xFF, 0xFF, 0xFF, 0xFF, 0xFF, 0xFF, 0xFF, 0xFF, 0xFF, 0xFF, 0xFF,
    0xFF, 0xFF, 0xFF, 0xFF, 0xFF, 0xFF, 0xFF, 0xFF, 0xFF, 0xFF, 0xFF, 0xFF,
    0xFF, 0xFF, 0xFF, 0xFF, 0xFF, 0xFF, 0xFF, 0xFF, 0xFF, 0xFF, 0xFF, 0xFF,
    0xFF, 0xFF, 0xFF, 0xFF, 0xFF, 0xFF, 0xFF, 0xFF, 0xFF, 0xFF, 0xFF, 0xFF,
    0xFF, 0xFF, 0xFF, 0xFF, 0xFF, 0xFF, 0xFF, 0xFF, 0xFF, 0xFF, 0xFF, 0xFF,
    0xFF, 0xFF, 0xFF, 0xFF, 0xFF, 0xFF, 0xFF, 0xFF, 0xFF, 0xFF, 0xFF, 0xFF,
    0xFF, 0xFF, 0xFF, 0xFF, 0xFF, 0xFF, 0xFF, 0xFF, 0xFF, 0xFF, 0xFF, 0xFF,
    0xFF, 0xFF, 0xFF, 0xFF, 0xFF, 0xFF, 0xFF, 0xFF, 0xFF, 0xFF, 0xFF, 0xFF,
    0xFF, 0xFF, 0xFF, 0xFF, 0xFF, 0xFF, 0xFF, 0xFF, 0xFF, 0xFF, 0xFF, 0xFF,
    0xFF, 0xFF, 0xFF, 0xFF, 0xFF, 0xFF, 0xFF, 0xFF, 0xFF, 0xFF, 0xFF, 0xFF,
    0xFF, 0xFF, 0xFF, 0xFF, 0xFF, 0xFF, 0xFF, 0xFF, 0xFF, 0xFF, 0xFF, 0xFF,
    0xFF, 0xFF, 0xFF, 0xFF, 0xFF, 0xFF, 0xFF, 0xFF, 0xFF, 0xFF, 0xFF, 0xFF,
    0xFF, 0xFF, 0xFF, 0xFF, 0xFF, 0xFF, 0xFF, 0xFF, 0xFF, 0xFF, 0xFF, 0xFF,
    0xFF, 0xFF, 0xFF, 0xFF, 0xFF, 0xFF, 0xFF, 0xFF, 0xFF, 0xFF, 0xFF, 0xFF,
    0xFF, 0xFF, 0xFF, 0xFF, 0xFF, 0xFF, 0xFF, 0xFF, 0xFF, 0xFF, 0xFF, 0xFF,
    0xFF, 0xFF, 0xFF, 0xFF, 0xFF, 0xFF, 0xFF, 0xFF, 0xFF, 0xFF, 0xFF, 0xFF,
    0xFF, 0xFF, 0xFF, 0xFF, 0xFF, 0xFF, 0xFF, 0xFF, 0xFF, 0xFF, 0xFF, 0xFF,
    0xFF, 0xFF, 0xFF, 0xFF, 0xFF, 0xFF, 0xFF, 0xFF, 0xFF, 0xFF, 0xFF, 0xFF,
    0xFF, 0xFF, 0xFF, 0xFF, 0xFF, 0xFF, 0xFF, 0xFF, 0xFF, 0xFF, 0xFF, 0xFF,
    0xFF, 0xFF, 0xFF, 0xFF, 0xFF, 0xFF, 0xFF, 0xFF, 0xFF, 0xFF, 0xFF, 0xFF,
    0xFF, 0xFF, 0xFF, 0xFF, 0xFF, 0xFF, 0xFF, 0xFF, 0xFF, 0xFF, 0xFF, 0xFF,
    0xFF, 0xFF, 0xFF, 0xFF, 0xFF, 0xFF, 0xFF, 0xFF, 0xFF, 0xFF, 0xFF, 0xFF,
    0xFF, 0xFF, 0xFF, 0xFF, 0xFF, 0xFF, 0xFF, 0xFF, 0xFF, 0xFF, 0xFF, 0xFF,
    0xFF, 0xFF, 0xFF, 0xFF, 0xFF, 0xFF, 0xFF, 0xFF, 0xFF, 0xFF, 0xFF, 0xFF,
    0xFF, 0xFF, 0xFF, 0xFF, 0xFF, 0xFF, 0xFF, 0xFF, 0xFF, 0xFF, 0xFF, 0xFF,
    0xFF, 0xFF, 0xFF, 0xFF, 0xFF, 0xFF, 0xFF, 0xFF, 0xFF, 0xFF, 0xFF, 0xFF,
    0xFF, 0xFF, 0xFF, 0xFF, 0xFF, 0xFF, 0xFF, 0xFF, 0xFF, 0xFF, 0xFF, 0xFF,
    0xFF, 0xFF, 0xFF, 0xFF, 0xFF, 0xFF, 0xFF, 0xFF, 0xFF, 0xFF, 0xFF, 0xFF,
    0xFF, 0xFF, 0xFF, 0xFF, 0xFF, 0xFF, 0xFF, 0xFF, 0xFF, 0xFF, 0xFF, 0xFF,
    0xFF, 0xFF, 0xFF, 0xFF, 0xFF, 0xFF, 0xFF, 0xFF, 0xFF, 0xFF, 0xFF, 0xFF,
    0xFF, 0xFF, 0xFF, 0xFF, 0xFF, 0xFF, 0xFF, 0xFF, 0xFF, 0xFF, 0xFF, 0xFF,
    0xFF, 0xFF, 0xFF, 0xFF, 0xFF, 0xFF, 0xFF, 0xFF, 0xFF, 0xFF, 0xFF, 0xFF,
    0xFF, 0xFF, 0xFF, 0xFF, 0xFF, 0xFF, 0xFF, 0xFF, 0xFF, 0xFF, 0xFF, 0xFF,
    0xFF, 0xFF, 0xFF, 0xFF, 0xFF, 0xFF, 0xFF, 0xFF, 0xFF, 0xFF, 0xFF, 0xFF,
    0xFF, 0xFF, 0xFF, 0xFF, 0xFF, 0xFF, 0xFF, 0xFF, 0xFF, 0xFF, 0xFF, 0xFF,
    0xFF, 0xFF, 0xFF, 0xFF, 0xFF, 0xFF, 0xFF, 0xFF, 0xFF, 0xFF, 0xFF, 0xFF,
    0xFF, 0xFF, 0xFF, 0xFF, 0xFF, 0xFF, 0xFF, 0xFF, 0xFF, 0xFF, 0xFF, 0xFF,
    0xFF, 0xFF, 0xFF, 0xFF, 0xFF, 0xFF, 0xFF, 0xFF, 0xFF, 0xFF, 0xFF, 0xFF,
    0xFF, 0xFF, 0xFF, 0xFF, 0xFF, 0xFF, 0xFF, 0xFF, 0xFF, 0xFF, 0xFF, 0xFF,
    0xFF, 0xFF, 0xFF, 0xFF, 0xFF, 0xFF, 0xFF, 0xFF, 0xFF, 0xFF, 0xFF, 0xFF,
    0xFF, 0xFF, 0xFF, 0xFF, 0xFF, 0xFF, 0xFF, 0xFF, 0xFF, 0xFF, 0xFF, 0xFF,
    0xFF, 0xFF, 0xFF, 0xFF, 0xFF, 0xFF, 0xFF, 0xFF, 0xFF, 0xFF, 0xFF, 0xFF,
    0xFF, 0xFF, 0xFF, 0xFF, 0xFF, 0xFF, 0xFF, 0xFF, 0xFF, 0xFF, 0xFF, 0xFF,
    0xFF, 0xFF, 0xFF, 0xFF, 0xFF, 0xFF, 0xFF, 0xFF, 0xFF, 0xFF, 0xFF, 0xFF,
    0xFF, 0xFF, 0xFF, 0xFF, 0xFF, 0xFF, 0xFF, 0xFF, 0xFF, 0xFF, 0xFF, 0xFF,
    0xFF, 0xFF, 0xFF, 0xFF, 0xFF, 0xFF, 0xFF, 0xFF, 0xFF, 0xFF, 0xFF, 0xFF,
    0xFF, 0xFF, 0xFF, 0xFF, 0xFF, 0xFF, 0xFF, 0xFF, 0xFF, 0xFF, 0xFF, 0xFF,
    0xFF, 0xFF, 0xFF, 0xFF, 0xFF, 0xFF, 0xFF, 0xFF, 0xFF, 0xFF, 0xFF, 0xFF,
    0xFF, 0xFF, 0xFF, 0xFF, 0xFF, 0xFF, 0xFF, 0xFF, 0xFF, 0xFF, 0xFF, 0xFF,
    0xFF, 0xFF, 0xFF, 0xFF, 0xFF, 0xFF, 0xFF, 0xFF, 0xFF, 0xFF, 0xFF, 0xFF,
    0xFF, 0xFF, 0xFF, 0xFF, 0xFF, 0xFF, 0xFF, 0xFF, 0xFF, 0xFF, 0xFF, 0xFF,
    0xFF, 0xFF, 0xFF, 0xFF, 0xFF, 0xFF, 0xFF, 0xFF, 0xFF, 0xFF, 0xFF, 0xFF,
    0xFF, 0xFF, 0xFF, 0xFF, 0xFF, 0xFF, 0xFF, 0xFF, 0xFF, 0xFF, 0xFF, 0xFF,
    0xFF, 0xFF, 0xFF, 0xFF, 0xFF, 0xFF, 0xFF, 0xFF, 0xFF, 0xFF, 0xFF, 0xFF,
    0xFF, 0xFF, 0xFF, 0xFF, 0xFF, 0xFF, 0xFF, 0xFF, 0xFF, 0xFF, 0xFF, 0xFF,
    0xFF, 0xFF, 0xFF, 0xFF, 0xFF, 0xFF, 0xFF, 0xFF, 0xFF, 0xFF, 0xFF, 0xFF,
    0xFF, 0xFF, 0xFF, 0xFF, 0xFF, 0xFF, 0xFF, 0xFF, 0xFF, 0xFF, 0xFF, 0xFF,
    0xFF, 0xFF, 0xFF, 0xFF, 0xFF, 0xFF, 0xFF, 0xFF, 0xFF, 0xFF, 0xFF, 0xFF,
    0xFF, 0xFF, 0xFF, 0xFF, 0xFF, 0xFF, 0xFF, 0xFF, 0xFF, 0xFF, 0xFF, 0xFF,
    0xFF, 0xFF, 0xFF, 0xFF, 0xFF, 0xFF, 0xFF, 0xFF, 0xFF, 0xFF, 0xFF, 0xFF,
    0xFF, 0xFF, 0xFF, 0xFF, 0xFF, 0xFF, 0xFF, 0xFF, 0xFF, 0xFF, 0xFF, 0xFF,
    0xFF, 0xFF, 0xFF, 0xFF, 0xFF, 0xFF, 0xFF, 0xFF, 0xFF, 0xFF, 0xFF, 0xFF,
    0xFF, 0xFF, 0xFF, 0xFF, 0xFF, 0xFF, 0xFF, 0xFF, 0xFF, 0xFF, 0xFF, 0xFF,
    0xFF, 0xFF, 0xFF, 0xFF, 0xFF, 0xFF, 0xFF, 0xFF, 0xFF, 0xFF, 0xFF, 0xFF,
    0xFF, 0xFF, 0xFF, 0xFF, 0xFF, 0xFF, 0xFF, 0xFF, 0xFF, 0xFF, 0xFF, 0xFF,
    0xFF, 0xFF, 0xFF, 0xFF, 0xFF, 0xFF, 0xFF, 0xFF, 0xFF, 0xFF, 0xFF, 0xFF,
    0xFF, 0xFF, 0xFF, 0xFF, 0xFF, 0xFF, 0xFF, 0xFF, 0xFF, 0xFF, 0xFF, 0xFF,
    0xFF, 0xFF, 0xFF, 0xFF, 0xFF, 0xFF, 0xFF, 0xFF, 0xFF, 0xFF, 0xFF, 0xFF,
    0xFF, 0xFF, 0xFF, 0xFF, 0xFF, 0xFF, 0xFF, 0xFF, 0xFF, 0xFF, 0xFF, 0xFF,
    0xFF, 0xFF, 0xFF, 0xFF, 0xFF, 0xFF, 0xFF, 0xFF, 0xFF, 0xFF, 0xFF, 0xFF,
    0xFF, 0xFF, 0xFF, 0xFF, 0xFF, 0xFF, 0xFF, 0xFF, 0xFF, 0xFF, 0xFF, 0xFF,
    0xFF, 0xFF, 0xFF, 0xFF, 0xFF, 0xFF, 0xFF, 0xFF, 0xFF, 0xFF, 0xFF, 0xFF,
    0xFF, 0xFF, 0xFF, 0xFF, 0xFF, 0xFF, 0xFF, 0xFF, 0xFF, 0xFF, 0xFF, 0xFF,
    0xFF, 0xFF, 0xFF, 0xFF, 0xFF, 0xFF, 0xFF, 0xFF, 0xFF, 0xFF, 0xFF, 0xFF,
    0xFF, 0xFF, 0xFF, 0xFF, 0xFF, 0xFF, 0xFF, 0xFF, 0xFF, 0xFF, 0xFF, 0xFF,
    0xFF, 0xFF, 0xFF, 0xFF, 0xFF, 0xFF, 0xFF, 0xFF, 0xFF, 0xFF, 0xFF, 0xFF,
    0xFF, 0xFF, 0xFF, 0xFF, 0xFF, 0xFF, 0xFF, 0xFF, 0xFF, 0xFF, 0xFF, 0xFF,
    0xFF, 0xFF, 0xFF, 0xFF, 0xFF, 0xFF, 0xFF, 0xFF, 0xFF, 0xFF, 0xFF, 0xFF,
    0x00, 0x00, 0x00, 0x00, 0x00, 0x44, 0x00, 0x00, 0xFF, 0xFF, 0xFF, 0xFF,
    0xFF, 0xFF, 0xFF, 0xFF, 0xFF, 0xFF, 0xFF, 0xFF, 0xFF, 0xFF, 0xFF, 0xFF,
    0xFF, 0xFF, 0xFF, 0xFF, 0xFF, 0xFF, 0xFF, 0xFF, 0xFF, 0xFF, 0xFF, 0xFF,
    0xFF, 0xFF, 0xFF, 0xFF, 0xFF, 0xFF, 0xFF, 0xFF, 0xFF, 0xFF, 0xFF, 0xFF,
    0xFF, 0xFF, 0xFF, 0xFF, 0xFF, 0xFF, 0xFF, 0xFF, 0xFF, 0xFF, 0xFF, 0xFF,
    0xFF, 0xFF, 0xFF, 0xFF, 0xFF, 0xFF, 0xFF, 0xFF, 0xFF, 0xFF, 0xFF, 0xFF,
    0xFF, 0xFF, 0xFF, 0xFF, 0xFF, 0xFF, 0xFF, 0xFF, 0xFF, 0xFF, 0xFF, 0xFF,
    0xFF, 0xFF, 0xFF, 0xFF, 0xFF, 0xFF, 0xFF, 0xFF, 0xFF, 0xFF, 0xFF, 0xFF,
    0xFF, 0xFF, 0xFF, 0xFF, 0xFF, 0xFF, 0xFF, 0xFF, 0xFF, 0xFF, 0xFF, 0xFF,
    0xFF, 0xFF, 0xFF, 0xFF, 0xFF, 0xFF, 0xFF, 0xFF, 0xFF, 0xFF, 0xFF, 0xFF,
    0xFF, 0xFF, 0xFF, 0xFF, 0xFF, 0xFF, 0xFF, 0xFF, 0xFF, 0xFF, 0xFF, 0xFF,
    0xFF, 0xFF, 0xFF, 0xFF, 0xFF, 0xFF, 0xFF, 0xFF, 0xFF, 0xFF, 0xFF, 0xFF,
    0xFF, 0xFF, 0xFF, 0xFF, 0xFF, 0xFF, 0xFF, 0xFF, 0xFF, 0xFF, 0xFF, 0xFF,
    0xFF, 0xFF, 0xFF, 0xFF, 0xFF, 0xFF, 0xFF, 0xFF, 0xFF, 0xFF, 0xFF, 0xFF,
    0xFF, 0xFF, 0xFF, 0xFF, 0xFF, 0xFF, 0xFF, 0xFF, 0xFF, 0xFF, 0xFF, 0xFF,
    0xFF, 0xFF, 0xFF, 0xFF, 0xFF, 0xFF, 0xFF, 0xFF, 0xFF, 0xFF, 0xFF, 0xFF,
    0xFF, 0xFF, 0xFF, 0xFF, 0xFF, 0xFF, 0xFF, 0xFF, 0xFF, 0xFF, 0xFF, 0xFF,
    0xFF, 0xFF, 0xFF, 0xFF, 0xFF, 0xFF, 0xFF, 0xFF, 0xFF, 0xFF, 0xFF, 0xFF,
    0xFF, 0xFF, 0xFF, 0xFF, 0xFF, 0xFF, 0xFF, 0xFF, 0xFF, 0xFF, 0xFF, 0xFF,
    0xFF, 0xFF, 0xFF, 0xFF, 0xFF, 0xFF, 0xFF, 0xFF, 0xFF, 0xFF, 0xFF, 0xFF,
    0xFF, 0xFF, 0xFF, 0xFF, 0xFF, 0xFF, 0xFF, 0xFF, 0xFF, 0xFF, 0xFF, 0xFF,
    0xFF, 0xFF, 0xFF, 0xFF, 0xFF, 0xFF, 0xFF, 0xFF, 0xFF, 0xFF, 0xFF, 0xFF,
    0xFF, 0xFF, 0xFF, 0xFF, 0xFF, 0xFF, 0xFF, 0xFF, 0xFF, 0xFF, 0xFF, 0xFF,
    0xFF, 0xFF, 0xFF, 0xFF, 0xFF, 0xFF, 0xFF, 0xFF, 0xFF, 0xFF, 0xFF, 0xFF,
    0xFF, 0xFF, 0xFF, 0xFF, 0xFF, 0xFF, 0xFF, 0xFF, 0xFF, 0xFF, 0xFF, 0xFF,
    0xFF, 0xFF, 0xFF, 0xFF, 0xFF, 0xFF, 0xFF, 0xFF, 0xFF, 0xFF, 0xFF, 0xFF,
    0xFF, 0xFF, 0xFF, 0xFF, 0xFF, 0xFF, 0xFF, 0xFF, 0xFF, 0xFF, 0xFF, 0xFF,
    0xFF, 0xFF, 0xFF, 0xFF, 0xFF, 0xFF, 0xFF, 0xFF, 0xFF, 0xFF, 0xFF, 0xFF,
    0xFF, 0xFF, 0xFF, 0xFF, 0xFF, 0xFF, 0xFF, 0xFF, 0xFF, 0xFF, 0xFF, 0xFF,
    0xFF, 0xFF, 0xFF, 0xFF, 0xFF, 0xFF, 0xFF, 0xFF, 0xFF, 0xFF, 0xFF, 0xFF,
    0xFF, 0xFF, 0xFF, 0xFF, 0xFF, 0xFF, 0xFF, 0xFF, 0xFF, 0xFF, 0xFF, 0xFF,
    0xFF, 0xFF, 0xFF, 0xFF, 0xFF, 0xFF, 0xFF, 0xFF, 0xFF, 0xFF, 0xFF, 0xFF,
    0xFF, 0xFF, 0xFF, 0xFF, 0xFF, 0xFF, 0xFF, 0xFF, 0xFF, 0xFF, 0xFF, 0xFF,
    0xFF, 0xFF, 0xFF, 0xFF, 0xFF, 0xFF, 0xFF, 0xFF, 0xFF, 0xFF, 0xFF, 0xFF,
    0xFF, 0xFF, 0xFF, 0xFF, 0xFF, 0xFF, 0xFF, 0xFF, 0xFF, 0xFF, 0xFF, 0xFF,
    0xFF, 0xFF, 0xFF, 0xFF, 0xFF, 0xFF, 0xFF, 0xFF, 0xFF, 0xFF, 0xFF, 0xFF,
    0xFF, 0xFF, 0xFF, 0xFF, 0xFF, 0xFF, 0xFF, 0xFF, 0xFF, 0xFF, 0xFF, 0xFF,
    0xFF, 0xFF, 0xFF, 0xFF, 0xFF, 0xFF, 0xFF, 0xFF, 0xFF, 0xFF, 0xFF, 0xFF,
    0xFF, 0xFF, 0xFF, 0xFF, 0xFF, 0xFF, 0xFF, 0xFF, 0xFF, 0xFF, 0xFF, 0xFF,
    0xFF, 0xFF, 0xFF, 0xFF, 0xFF, 0xFF, 0xFF, 0xFF, 0xFF, 0xFF, 0xFF, 0xFF,
    0xFF, 0xFF, 0xFF, 0xFF, 0xFF, 0xFF, 0xFF, 0xFF, 0xFF, 0xFF, 0xFF, 0xFF,
    0xFF, 0xFF, 0xFF, 0xFF, 0xFF, 0xFF, 0xFF, 0xFF, 0xFF, 0xFF, 0xFF, 0xFF,
    0xFF, 0xFF, 0xFF, 0xFF, 0xFF, 0xFF, 0xFF, 0xFF, 0xFF, 0xFF, 0xFF, 0xFF,
    0xFF, 0xFF, 0xFF, 0xFF, 0xFF, 0xFF, 0xFF, 0xFF, 0xFF, 0xFF, 0xFF, 0xFF,
    0xFF, 0xFF, 0xFF, 0xFF, 0xFF, 0xFF, 0xFF, 0xFF, 0xFF, 0xFF, 0xFF, 0xFF,
    0xFF, 0xFF, 0xFF, 0xFF, 0xFF, 0xFF, 0xFF, 0xFF, 0xFF, 0xFF, 0xFF, 0xFF,
    0xFF, 0xFF, 0xFF, 0xFF, 0xFF, 0xFF, 0xFF, 0xFF, 0xFF, 0xFF, 0xFF, 0xFF,
    0xFF, 0xFF, 0xFF, 0xFF, 0xFF, 0xFF, 0xFF, 0xFF, 0xFF, 0xFF, 0xFF, 0xFF,
    0xFF, 0xFF, 0xFF, 0xFF, 0xFF, 0xFF, 0xFF, 0xFF, 0xFF, 0xFF, 0xFF, 0xFF,
    0xFF, 0xFF, 0xFF, 0xFF, 0xFF, 0xFF, 0xFF, 0xFF, 0xFF, 0xFF, 0xFF, 0xFF,
    0xFF, 0xFF, 0xFF, 0xFF, 0xFF, 0xFF, 0xFF, 0xFF, 0xFF, 0xFF, 0xFF, 0xFF,
    0xFF, 0xFF, 0xFF, 0xFF, 0xFF, 0xFF, 0xFF, 0xFF, 0xFF, 0xFF, 0xFF, 0xFF,
    0xFF, 0xFF, 0xFF, 0xFF, 0xFF, 0xFF, 0xFF, 0xFF, 0xFF, 0xFF, 0xFF, 0xFF,
    0xFF, 0xFF, 0xFF, 0xFF, 0xFF, 0xFF, 0xFF, 0xFF, 0xFF, 0xFF, 0xFF, 0xFF,
    0xFF, 0xFF, 0xFF, 0xFF, 0xFF, 0xFF, 0xFF, 0xFF, 0xFF, 0xFF, 0xFF, 0xFF,
    0xFF, 0xFF, 0xFF, 0xFF, 0xFF, 0xFF, 0xFF, 0xFF, 0xFF, 0xFF, 0xFF, 0xFF,
    0xFF, 0xFF, 0xFF, 0xFF, 0xFF, 0xFF, 0xFF, 0xFF, 0xFF, 0xFF, 0xFF, 0xFF,
    0xFF, 0xFF, 0xFF, 0xFF, 0xFF, 0xFF, 0xFF, 0xFF, 0xFF, 0xFF, 0xFF, 0xFF,
    0xFF, 0xFF, 0xFF, 0xFF, 0xFF, 0xFF, 0xFF, 0xFF, 0xFF, 0xFF, 0xFF, 0xFF,
    0xFF, 0xFF, 0xFF, 0xFF, 0xFF, 0xFF, 0xFF, 0xFF, 0xFF, 0xFF, 0xFF, 0xFF,
    0xFF, 0xFF, 0xFF, 0xFF, 0xFF, 0xFF, 0xFF, 0xFF, 0xFF, 0xFF, 0xFF, 0xFF,
    0xFF, 0xFF, 0xFF, 0xFF, 0xFF, 0xFF, 0xFF, 0xFF, 0xFF, 0xFF, 0xFF, 0xFF,
    0xFF, 0xFF, 0xFF, 0xFF, 0xFF, 0xFF, 0xFF, 0xFF, 0xFF, 0xFF, 0xFF, 0xFF,
    0xFF, 0xFF, 0xFF, 0xFF, 0xFF, 0xFF, 0xFF, 0xFF, 0xFF, 0xFF, 0xFF, 0xFF,
    0xFF, 0xFF, 0xFF, 0xFF, 0xFF, 0xFF, 0xFF, 0xFF, 0xFF, 0xFF, 0xFF, 0xFF,
    0xFF, 0xFF, 0xFF, 0xFF, 0xFF, 0xFF, 0xFF, 0xFF, 0xFF, 0xFF, 0xFF, 0xFF,
    0xFF, 0xFF, 0xFF, 0xFF, 0xFF, 0xFF, 0xFF, 0xFF, 0xFF, 0xFF, 0xFF, 0xFF,
    0xFF, 0xFF, 0xFF, 0xFF, 0xFF, 0xFF, 0xFF, 0xFF, 0xFF, 0xFF, 0xFF, 0xFF,
    0xFF, 0xFF, 0xFF, 0xFF, 0xFF, 0xFF, 0xFF, 0xFF, 0xFF, 0xFF, 0xFF, 0xFF,
    0xFF, 0xFF, 0xFF, 0xFF, 0xFF, 0xFF, 0xFF, 0xFF, 0xFF, 0xFF, 0xFF, 0xFF,
    0xFF, 0xFF, 0xFF, 0xFF, 0xFF, 0xFF, 0xFF, 0xFF, 0xFF, 0xFF, 0xFF, 0xFF,
    0xFF, 0xFF, 0xFF, 0xFF, 0xFF, 0xFF, 0xFF, 0xFF, 0xFF, 0xFF, 0xFF, 0xFF,
    0xFF, 0xFF, 0xFF, 0xFF, 0xFF, 0xFF, 0xFF, 0xFF, 0xFF, 0xFF, 0xFF, 0xFF,
    0xFF, 0xFF, 0xFF, 0xFF, 0xFF, 0xFF, 0xFF, 0xFF, 0xFF, 0xFF, 0xFF, 0xFF,
    0xFF, 0xFF, 0xFF, 0xFF, 0xFF, 0xFF, 0xFF, 0xFF, 0xFF, 0xFF, 0xFF, 0xFF,
    0xFF, 0xFF, 0xFF, 0xFF, 0xFF, 0xFF, 0xFF, 0xFF, 0xFF, 0xFF, 0xFF, 0xFF,
    0xFF, 0xFF, 0xFF, 0xFF, 0xFF, 0xFF, 0xFF, 0xFF, 0xFF, 0xFF, 0xFF, 0xFF,
    0xFF, 0xFF, 0xFF, 0xFF, 0xFF, 0xFF, 0xFF, 0xFF, 0xFF, 0xFF, 0xFF, 0xFF,
    0xFF, 0xFF, 0xFF, 0xFF, 0xFF, 0xFF, 0xFF, 0xFF, 0xFF, 0xFF, 0xFF, 0xFF,
    0xFF, 0xFF, 0xFF, 0xFF, 0xFF, 0xFF, 0xFF, 0xFF, 0xFF, 0xFF, 0xFF, 0xFF,
    0xFF, 0xFF, 0xFF, 0xFF, 0xFF, 0xFF, 0xFF, 0xFF, 0xFF, 0xFF, 0xFF, 0xFF,
    0xFF, 0xFF, 0xFF, 0xFF, 0xFF, 0xFF, 0xFF, 0xFF, 0xFF, 0xFF, 0xFF, 0xFF,
    0xFF, 0xFF, 0xFF, 0xFF, 0xFF, 0xFF, 0xFF, 0xFF, 0xFF, 0xFF, 0xFF, 0xFF,
    0xFF, 0xFF, 0xFF, 0xFF, 0xFF, 0xFF, 0xFF, 0xFF, 0xFF, 0xFF, 0xFF, 0xFF,
    0xFF, 0xFF, 0xFF, 0xFF, 0xFF, 0xFF, 0xFF, 0xFF, 0xFF, 0xFF, 0xFF, 0xFF,
    0xFF, 0xFF, 0xFF, 0xFF, 0x00, 0x00, 0x00, 0x00, 0x01, 0x00, 0xE0, 0xAC,
    0xFE, 0xFF, 0xFF, 0xFF, 0x00, 0x10, 0x00, 0x00, 0x00, 0x29, 0x00, 0x00,
    0x36, 0x99, 0x64, 0x11, 0x00, 0x00, 0x00, 0x00, 0xFF, 0xFF, 0xFF, 0xFF,
    0xFF, 0xFF, 0xFF, 0xFF, 0xFF, 0xFF, 0xFF, 0xFF, 0xFF, 0xFF, 0xFF, 0xFF,
    0xFF, 0xFF, 0xFF, 0xFF, 0xFF, 0xFF, 0xFF, 0xFF, 0xFF, 0xFF, 0xFF, 0xFF,
    0x61, 0x05, 0x09, 0xF5, 0xFF, 0xFF, 0xFF, 0xFF, 0xFF, 0xFF, 0xFF, 0xFF,
    0xFF, 0xFF, 0xFF, 0xFF, 0x00, 0x04, 0x00, 0x00, 0x80, 0x00, 0x00, 0x00,
    0xFF, 0xFF, 0xFF, 0xFF, 0xFF, 0xFF, 0xFF, 0xFF, 0xFF, 0xFF, 0xFF, 0xFF,
    0xFF, 0xFF, 0xFF, 0xFF, 0xFF, 0xFF, 0xFF, 0xFF, 0xFF, 0xFF, 0xFF, 0xFF,
    0xFF, 0xFF, 0xFF, 0xFF, 0xFF, 0xFF, 0xFF, 0xFF, 0xFF, 0xFF, 0xFF, 0xFF,
    0xFF, 0xFF, 0xFF, 0xFF, 0xFF, 0xFF, 0xFF, 0xFF, 0xFF, 0xFF, 0xFF, 0xFF,
    0xFF, 0xFF, 0xFF, 0xFF, 0x01, 0x00, 0xCC, 0x02, 0x87, 0xD8, 0xCD, 0xF5,
    0x00, 0x00, 0x00, 0x00, 0x00, 0x00, 0x00, 0x00, 0x31, 0x20, 0x20, 0x20,
    0xFA, 0x55, 0x32, 0x00, 0x1A, 0x04, 0x0F, 0x16, 0x00, 0x0A, 0x0A, 0x30,
    0x30, 0x4D, 0x00, 0x00, 0x00, 0x00, 0x00, 0x00, 0x03, 0x0F, 0x17, 0x00,
    0x0A, 0x08, 0x04, 0x00, 0x02, 0x00, 0x00, 0x00, 0x00, 0x00, 0x00, 0x00,
    0x0F, 0x23, 0x00, 0x03, 0x00, 0xE0, 0x01, 0x00, 0x0F, 0x27, 0x00, 0x09,
    0x05, 0x09, 0x14, 0x00, 0x1C, 0x07, 0x00, 0x00, 0x50, 0x51, 0x0F, 0x28,
    0x00, 0x03, 0x02, 0x08, 0x2F, 0x00, 0x0F, 0x29, 0x00, 0x03, 0xD2, 0x50,
    0xC9, 0x00, 0x0F, 0x2B, 0x00, 0x07, 0x00, 0x02, 0x00, 0x00, 0x01, 0x00,
    0x00, 0x00, 0x0F, 0x32, 0x00, 0x1E, 0x01, 0xA8, 0x2A, 0x2C, 0x91, 0x01,
    0x26, 0x2C, 0xD1, 0x02, 0x00, 0x2C, 0xB1, 0x04, 0x00, 0xF4, 0x41, 0x06,
    0x00, 0x00, 0x00, 0x00, 0x00, 0x00, 0x00, 0x00, 0x00, 0x00, 0x00, 0x00,
    0x00, 0x0F, 0x33, 0x00, 0x1C, 0x04, 0x2C, 0x91, 0x01, 0x10, 0x2C, 0xD1,
    0x02, 0x00, 0x2C, 0xB1, 0x04, 0x00, 0xF4, 0x41, 0x06, 0x00, 0x45, 0x41,
    0x06, 0x00, 0x00, 0x00, 0x00, 0x00, 0x00, 0x00, 0x00, 0x00, 0x0F, 0x37,
    0x00, 0x0F, 0x3B, 0x40, 0x1F, 0x64, 0x90, 0x91, 0x01, 0x00, 0x00, 0x00,
    0x00, 0x00, 0x00, 0x00, 0x00, 0x00, 0x0F, 0x42, 0x00, 0x02, 0x0A, 0x00,
    0x00, 0x0F, 0x47, 0x00, 0x18, 0x06, 0x51, 0x04, 0x40, 0x95, 0x51, 0x04,
    0x00, 0x00, 0x05, 0x09, 0x00, 0x00, 0x00, 0x00, 0x00, 0x68, 0x00, 0x00,
    0x00, 0x00, 0x00, 0x00, 0x00, 0x47, 0x0F, 0x51, 0x00, 0x05, 0x00, 0x06,
    0x00, 0x00, 0x00, 0x00, 0x0F, 0x52, 0x00, 0x06, 0x00, 0x80, 0x00, 0x00,
    0x00, 0x00, 0x00, 0x0F, 0x56, 0x00, 0x01, 0x3F, 0x80, 0x0F, 0x5C, 0x00,
    0x30, 0x30, 0x00, 0x00, 0x00, 0x00, 0x00, 0x00, 0x00, 0x00, 0x10, 0x00,
    0x00, 0x00, 0x00, 0x00, 0x00, 0x30, 0x00, 0x00, 0x00, 0x00, 0x00, 0x00,
    0x00, 0x00, 0x0C, 0x00, 0x00, 0x00, 0x00, 0x00, 0x00, 0x00, 0x00, 0x00,
    0x00, 0x00, 0x00, 0x00, 0x00, 0x00, 0x00, 0x00, 0x00, 0x00, 0x00, 0x00,
    0x00, 0x00, 0x0F, 0x62, 0x00, 0x07, 0x00, 0x00, 0x01, 0x2D, 0x00, 0x00,
    0x00, 0x00, 0x0F, 0x64, 0x00, 0x0A, 0x6B, 0x00, 0x00, 0x00, 0x00, 0x00,
    0x00, 0x00, 0x00, 0x00, 0x00, 0x0F, 0x77, 0x00, 0x0D, 0x00, 0x00, 0x00,
    0x00, 0x00, 0x00, 0x00, 0x00, 0x00, 0x00, 0x00, 0x00, 0x00, 0x7F, 0x0F,
    0x7B, 0x00, 0x0F, 0x00, 0x02, 0xFF, 0xFF, 0x00, 0x00, 0x00, 0x00, 0x00,
    0x00, 0x00, 0x00, 0x00, 0x00, 0x00, 0x00, 0x64, 0x00, 0x64, 0x00, 0x6A,
    0x00, 0x70, 0x00, 0x76, 0x00, 0x7C, 0x00, 0x82, 0x00, 0x88, 0x00, 0x8E,
    0x00, 0x94, 0x00, 0x9A, 0x00, 0xA0, 0x00, 0xA6, 0x00, 0xAC, 0x00, 0xB1,
    0x00, 0xB7, 0x00, 0xBC, 0x00, 0xC2, 0x00, 0xC7, 0x00, 0xCD, 0x00, 0xD3,
    0x00, 0xD9, 0x00, 0xDF, 0x00, 0xE5, 0x00, 0xEA, 0x00, 0xF0, 0x00, 0xF5,
    0x00, 0xFA, 0x00, 0xFF, 0x00, 0x05, 0x01, 0x0A, 0x01, 0x0F, 0x01, 0x14,
    0x01, 0x1A, 0x01, 0x1F, 0x01, 0x25, 0x01, 0x2A, 0x01, 0x2F, 0x01, 0x35,
    0x01, 0x3A, 0x01, 0x3F, 0x01, 0x44, 0x01, 0x4A, 0x01, 0x4A, 0x01, 0x4A,
    0x01, 0x4F, 0x01, 0x55, 0x01, 0x55, 0x01, 0x55, 0x01, 0x55, 0x01, 0x23,
    0x03, 0x00, 0x00, 0x0E, 0x82, 0x23, 0x03, 0x00, 0x32, 0x37, 0x02, 0x23,
    0x03, 0x00, 0x04, 0xA0, 0x41, 0x23, 0x03, 0x00, 0x02, 0x00, 0x0F, 0x23,
    0x03, 0x00, 0x34, 0x30, 0x10, 0x01, 0x03, 0x00, 0x04, 0xA0, 0x41, 0x01,
    0x03, 0x00, 0x02, 0x00, 0x0F, 0x02, 0x03, 0x00, 0x04, 0xA0, 0x41, 0x02,
    0x03, 0x00, 0x02, 0x00, 0x0F, 0x3C, 0x03, 0x00, 0x04, 0xA0, 0x41, 0x3C,
    0x03, 0x00, 0x02, 0x00, 0x0F, 0x27, 0x03, 0x00, 0x06, 0xD4, 0x0E, 0x27,
    0x02, 0x00, 0x09, 0x40, 0x28, 0x03, 0x00, 0x06, 0x5C, 0x1A, 0x28, 0x02,
    0x00, 0x09, 0x40, 0x29, 0x03, 0x00, 0x06, 0xF4, 0x23, 0x29, 0x02, 0x00,
    0x09, 0x40, 0x25, 0x03, 0x00, 0x00, 0x0E, 0x82, 0x25, 0x03, 0x00, 0x32,
    0x37, 0x02, 0x25, 0x03, 0x00, 0x04, 0xA0, 0x41, 0x25, 0x03, 0x00, 0x02,
    0x00, 0x0F, 0x25, 0x03, 0x00, 0x34, 0x30, 0x10, 0x27, 0x02, 0x00, 0x0D,
    0x4B, 0x27, 0x03, 0x00, 0x0B, 0x02, 0x6C, 0x27, 0x02, 0x00, 0x12, 0x40,
    0x28, 0x02, 0x00, 0x14, 0x18, 0x28, 0x02, 0x00, 0x0D, 0x4B, 0x28, 0x03,
    0x00, 0x0B, 0x04, 0xC4, 0x28, 0x02, 0x00, 0x12, 0x40, 0x29, 0x02, 0x00,
    0x14, 0x18, 0x29, 0x02, 0x00, 0x0D, 0x4B, 0x29, 0x03, 0x00, 0x0B, 0x06,
    0xB8, 0x29, 0x02, 0x00, 0x12, 0x04, 0x25, 0x03, 0x00, 0x01, 0x04, 0xEC,
    0x25, 0x02, 0x00, 0x10, 0x80, 0x25, 0x03, 0x00, 0x03, 0x00, 0x25, 0x02,
    0x00, 0x14, 0xD4, 0x0E, 0x25, 0x02, 0x00, 0x11, 0x00, 0x25, 0x02, 0x00,
    0x08, 0xC3, 0x25, 0x02, 0x00, 0x09, 0x00, 0x00, 0x00, 0x00, 0x00, 0x58,
    0x1A, 0x00, 0x00, 0x00, 0x00, 0x32, 0x00, 0x00, 0x00, 0x00, 0xF4, 0x23,
    0x00, 0x00, 0x00, 0x00, 0x00, 0x00, 0x00, 0x00, 0x00, 0x00, 0x00, 0x00,
    0x00, 0x00, 0x00, 0x00, 0x00, 0x00, 0x00, 0x00, 0x00, 0x00, 0x00, 0x00,
    0x00, 0x00, 0x00, 0x00, 0x00, 0x00, 0x00, 0x00, 0x00, 0x00, 0x00, 0x00,
    0x00, 0x00, 0x00, 0x00, 0x00, 0x00, 0x00, 0x00, 0x00, 0x00, 0x00, 0x00,
    0x00, 0x00, 0x00, 0x00, 0x00, 0x00, 0x00, 0x00, 0x00, 0x00, 0x00, 0x00,
    0x00, 0x00, 0x00, 0x00, 0x00, 0x00, 0x00, 0x00, 0x00, 0x00, 0x00, 0x00,
    0x00, 0x00, 0x00, 0x00, 0x00, 0x00, 0x00, 0x00, 0x00, 0x00, 0x00, 0x00,
    0x00, 0x00, 0x00, 0x00, 0x00, 0x00, 0x00, 0x00, 0x00, 0x00, 0x00, 0x00,
    0x00, 0x00, 0x00, 0x00, 0x00, 0x00, 0x00, 0x00, 0x00, 0x00, 0x00, 0x00,
    0x00, 0x00, 0x00, 0x00, 0x00, 0x00, 0x00, 0x00, 0x00, 0x00, 0x00, 0x00,
    0x00, 0x00, 0x00, 0x00, 0x00, 0x00, 0x00, 0x00, 0x00, 0x00, 0x00, 0x00,
    0x00, 0x00, 0x00, 0x00, 0x00, 0x00, 0x00, 0x00, 0x00, 0x00, 0x00, 0x00,
    0x00, 0x00, 0x00, 0x00, 0x00, 0x00, 0x00, 0x00, 0x00, 0x00, 0x00, 0x00,
    0x00, 0x00, 0x00, 0x00, 0x00, 0x00, 0x00, 0x00, 0x00, 0x00, 0x00, 0x00,
    0x00, 0x00, 0x00, 0x00, 0x00, 0x00, 0x00, 0x00, 0x00, 0x00, 0x00, 0x00,
    0x00, 0x00, 0x00, 0x00, 0x00, 0x00, 0x00, 0x00, 0x00, 0x00, 0x00, 0x00,
    0x00, 0x00, 0x00, 0x00, 0x00, 0x00, 0x00, 0x00, 0x00, 0x00, 0x00, 0x00,
    0x00, 0x00, 0x00, 0x00, 0x00, 0x00, 0x00, 0x00, 0x00, 0x00, 0x00, 0x00,
    0x00, 0x00, 0x00, 0x00, 0x00, 0x00, 0x00, 0x00, 0x00, 0x00, 0x00, 0x00,
    0x00, 0x00, 0x00, 0x00, 0x00, 0x00, 0x00, 0x00, 0x00, 0x00, 0x00, 0x00,
    0x00, 0x00, 0x00, 0x00, 0x00, 0x00, 0x00, 0x00, 0x00, 0x00, 0x00, 0x00,
    0x00, 0x00, 0x00, 0x00, 0x00, 0x00, 0x00, 0x00, 0x00, 0x00, 0x00, 0x00,
    0x00, 0x00, 0x00, 0x00, 0x00, 0x00, 0x00, 0x00, 0x00, 0x00, 0x00, 0x00,
    0x00, 0x00, 0x00, 0x00, 0x00, 0x00, 0x00, 0x00, 0x00, 0x00, 0x00, 0x00,
    0x00, 0x00, 0x00, 0x00, 0x00, 0x00, 0x00, 0x00, 0x00, 0x00, 0x00, 0x00,
    0x00, 0x00, 0x00, 0x00, 0x00, 0x00, 0x00, 0x00, 0x00, 0x00, 0x00, 0x00,
    0x00, 0x00, 0x00, 0x00, 0x00, 0x00, 0x00, 0x00, 0x00, 0x00, 0x00, 0x00,
    0x00, 0x00, 0x00, 0x00, 0x00, 0x00, 0x00, 0x00, 0x00, 0x00, 0x00, 0x00,
    0x00, 0x00, 0x00, 0x00, 0x00, 0x00, 0x00, 0x00, 0x00, 0x00, 0x00, 0x00,
    0x00, 0x00, 0x00, 0x00, 0x00, 0x00, 0x00, 0x00, 0x00, 0x00, 0x00, 0x00,
    0x00, 0x00, 0x00, 0x00, 0x00, 0x00, 0x00, 0x00, 0x00, 0x00, 0x00, 0x00,
    0x00, 0x00, 0x00, 0x00, 0x00, 0x00, 0x00, 0x00, 0x00, 0x00, 0x00, 0x00,
    0x00, 0x00, 0x00, 0x00, 0x00, 0x00, 0x00, 0x00, 0x00, 0x00, 0x00, 0x00,
    0x00, 0x00, 0x00, 0x00, 0x00, 0x00, 0x00, 0x00, 0x00, 0x00, 0x00, 0x00,
    0x00, 0x00, 0x00, 0x00, 0x00, 0x00, 0x00, 0x00, 0x00, 0x00, 0x00, 0x00,
    0x00, 0x00, 0x00, 0x00, 0x00, 0x00, 0x00, 0x00, 0x00, 0x00, 0x00, 0x00,
    0x00, 0x00, 0x00, 0x00, 0x00, 0x00, 0x00, 0x00, 0x00, 0x00, 0x00, 0x00,
    0x00, 0x00, 0x00, 0x00, 0x00, 0x00, 0x00, 0x00, 0x00, 0x00, 0x00, 0x00,
    0x00, 0x00, 0x00, 0x00, 0x00, 0x00, 0x00, 0x00, 0x00, 0x00, 0x00, 0x00,
    0x00, 0x00, 0x00, 0x00, 0x00, 0x00, 0x00, 0x00, 0x00, 0x00, 0x00, 0x00,
    0x00, 0x00, 0x00, 0x00, 0x00, 0x00, 0x00, 0x00, 0x00, 0x00, 0x00, 0x00,
    0x00, 0x00, 0x00, 0x00, 0x00, 0x00, 0x00, 0x00, 0x00, 0x00, 0x00, 0x00,
    0x00, 0x00, 0x00, 0x00, 0x00, 0x00, 0x00, 0x00, 0x00, 0x00, 0x00, 0x00,
    0x00, 0x00, 0x00, 0x00, 0x00, 0x00, 0x00, 0x00, 0x00, 0x00, 0x00, 0x00,
    0x00, 0x00, 0x00, 0x00, 0x00, 0x00, 0x00, 0x00, 0x00, 0x00, 0x00, 0x00,
    0x00, 0x00, 0x00, 0x00, 0x00, 0x00, 0x00, 0x00, 0x00, 0x00, 0x00, 0x00,
    0x00, 0x00, 0x00, 0x00, 0x00, 0x00, 0x00, 0x00, 0x00, 0x00, 0x00, 0x00,
    0x00, 0x00, 0x00, 0x00, 0x00, 0x00, 0x00, 0x00, 0x00, 0x00, 0x00, 0x00,
    0x00, 0x00, 0x00, 0x00, 0x00, 0x00, 0x00, 0x00, 0x00, 0x00, 0x00, 0x00,
    0x00, 0x00, 0x00, 0x00, 0x00, 0x00, 0x00, 0x00, 0x00, 0x00, 0x00, 0x00,
    0x00, 0x00, 0x00, 0x00, 0x00, 0x00, 0x00, 0x00, 0x00, 0x00, 0x00, 0x00,
    0x00, 0x00, 0x00, 0x00, 0x00, 0x00, 0x00, 0x00, 0x00, 0x00, 0x00, 0x00,
    0x00, 0x00, 0x00, 0x00, 0x00, 0x00, 0x00, 0x00, 0x00, 0x00, 0x00, 0x00,
    0x00, 0x00, 0x00, 0x00, 0x00, 0x00, 0x00, 0x00, 0x00, 0x00, 0x00, 0x00,
    0x00, 0x00, 0x00, 0x00, 0x00, 0x00, 0x00, 0x00, 0x00, 0x00, 0x00, 0x00,
    0x00, 0x00, 0x00, 0x00, 0x00, 0x00, 0x00, 0x00, 0x00, 0x00, 0x00, 0x00,
    0x00, 0x00, 0x00, 0x00, 0x00, 0x00, 0x00, 0x00, 0x00, 0x00, 0x00, 0x00,
    0x00, 0x00, 0x00, 0x00, 0x00, 0x00, 0x00, 0x00, 0x00, 0x00, 0x00, 0x00,
    0x00, 0x00, 0x00, 0x00, 0x00, 0x00, 0x00, 0x00, 0x00, 0x00, 0x00, 0x00,
    0x00, 0x00, 0x00, 0x00, 0x00, 0x00, 0x00, 0x00, 0x00, 0x00, 0x00, 0x00,
    0x00, 0x00, 0x00, 0x00, 0x00, 0x00, 0x00, 0x00, 0x00, 0x00, 0x00, 0x00,
    0x00, 0x00, 0x00, 0x00, 0x00, 0x00, 0x00, 0x00, 0x00, 0x00, 0x00, 0x00,
    0x00, 0x00, 0x00, 0x00, 0x00, 0x00, 0x00, 0x00, 0x00, 0x00, 0x00, 0x00,
    0x00, 0x00, 0x00, 0x00, 0x00, 0x00, 0x00, 0x00, 0x00, 0x00, 0x00, 0x00,
    0x00, 0x00, 0x00, 0x00, 0x00, 0x00, 0x00, 0x00, 0x00, 0x00, 0x00, 0x00,
    0x00, 0x00, 0x00, 0x00, 0x00, 0x00, 0x00, 0x00, 0x00, 0x00, 0x00, 0x00,
    0x00, 0x00, 0x00, 0x00, 0x00, 0x00, 0x00, 0x00, 0x00, 0x00, 0x00, 0x00,
    0x00, 0x00, 0x00, 0x00, 0x00, 0x00, 0x00, 0x00, 0x00, 0x00, 0x00, 0x00,
    0x00, 0x00, 0x00, 0x00, 0x00, 0x00, 0x00, 0x00, 0x00, 0x00, 0x00, 0x00,
    0x00, 0x00, 0x00, 0x00, 0x00, 0x00, 0x00, 0x00, 0x00, 0x00, 0x00, 0x00,
    0x00, 0x00, 0x00, 0x00, 0x00, 0x00, 0x00, 0x00, 0x00, 0x00, 0x00, 0x00,
    0x00, 0x00, 0x00, 0x00, 0x00, 0x00, 0x00, 0x00, 0x00, 0x00, 0x00, 0x00,
    0x00, 0x00, 0x00, 0x00, 0x00, 0x00, 0x00, 0x00, 0x00, 0x00, 0x00, 0x00,
    0x00, 0x00, 0x00, 0x00, 0x00, 0x00, 0x00, 0x00, 0x00, 0x00, 0x00, 0x00,
    0x00, 0x00, 0x00, 0x00, 0x00, 0x00, 0x00, 0x00, 0x00, 0x00, 0x00, 0x00,
    0x00, 0x00, 0x00, 0x00, 0x00, 0x00, 0x00, 0x00, 0x00, 0x00, 0x00, 0x00,
    0x00, 0x00, 0x00, 0x00, 0x00, 0x00, 0x00, 0x00, 0x00, 0x00, 0x00, 0x00,
    0x00, 0x00, 0x00, 0x00, 0x00, 0x00, 0x00, 0x00, 0x00, 0x00, 0x00, 0x00,
    0x00, 0x00, 0x00, 0x00, 0x00, 0x00, 0x00, 0x00, 0x00, 0x00, 0x00, 0x00,
    0x00, 0x00, 0x00, 0x00, 0x00, 0x00, 0x00, 0x00, 0x00, 0x00, 0x00, 0x00,
    0x00, 0x00, 0x00, 0x00, 0x00, 0x00, 0x00, 0x00, 0x00, 0x00, 0x00, 0x00,
    0x00, 0x00, 0x00, 0x00, 0x00, 0x00, 0x00, 0x00, 0x00, 0x00, 0x00, 0x00,
    0x00, 0x00, 0x00, 0x00, 0x00, 0x00, 0x00, 0x00, 0x00, 0x00, 0x00, 0x00,
    0x00, 0x00, 0x00, 0x00, 0x00, 0x00, 0x00, 0x00, 0x00, 0x00, 0x00, 0x00,
    0x00, 0x00, 0x00, 0x00, 0x00, 0x00, 0x00, 0x00, 0x00, 0x00, 0x00, 0x00,
    0x00, 0x00, 0x00, 0x00, 0x00, 0x00, 0x00, 0x00, 0x00, 0x00, 0x00, 0x00,
    0x00, 0x00, 0x00, 0x00, 0x00, 0x00, 0x00, 0x00, 0x00, 0x00, 0x00, 0x00,
    0x00, 0x00, 0x00, 0x00, 0x00, 0x00, 0x00, 0x00, 0x00, 0x00, 0x00, 0x00,
    0x00, 0x00, 0x00, 0x00, 0x00, 0x00, 0x00, 0x00, 0x00, 0x00, 0x00, 0x00,
    0x00, 0x00, 0x00, 0x00, 0x00, 0x00, 0x00, 0x00, 0x00, 0x00, 0x00, 0x00,
    0x00, 0x00, 0x00, 0x00, 0x00, 0x00, 0x00, 0x00, 0x00, 0x00, 0x00, 0x00,
    0x00, 0x00, 0x00, 0x00, 0x00, 0x00, 0x00, 0x00, 0x00, 0x00, 0x00, 0x00,
    0x00, 0x00, 0x00, 0x00, 0x00, 0x00, 0x00, 0x00, 0x00, 0x00, 0x00, 0x00,
    0x00, 0x00, 0x00, 0x00, 0x00, 0x00, 0x00, 0x00, 0x00, 0x00, 0x00, 0x00,
    0x00, 0x00, 0x00, 0x00, 0x00, 0x00, 0x00, 0x00, 0x00, 0x00, 0x00, 0x00,
    0x00, 0x00, 0x00, 0x00, 0x00, 0x00, 0x00, 0x00, 0x00, 0x00, 0x00, 0x00,
    0x00, 0x00, 0x00, 0x00, 0x00, 0x00, 0x00, 0x00, 0x00, 0x00, 0x00, 0x00,
    0x00, 0x00, 0x00, 0x00, 0x00, 0x00, 0x00, 0x00, 0x00, 0x00, 0x00, 0x00,
    0x00, 0x00, 0x00, 0x00, 0x00, 0x00, 0x00, 0x00, 0x00, 0x00, 0x00, 0x00,
    0x00, 0x00, 0x00, 0x00, 0x00, 0x00, 0x00, 0x00, 0x00, 0x00, 0x00, 0x00,
    0x00, 0x00, 0x00, 0x00, 0x00, 0x00, 0x00, 0x00, 0x00, 0x00, 0x00, 0x00,
    0x00, 0x00, 0x00, 0x00, 0x00, 0x00, 0x00, 0x00, 0x00, 0x00, 0x00, 0x00,
    0x00, 0x00, 0x00, 0x00, 0x00, 0x00, 0x00, 0x00, 0x00, 0x00, 0x00, 0x00,
    0x00, 0x00, 0x00, 0x00, 0x00, 0x00, 0x00, 0x00, 0x00, 0x00, 0x00, 0x00,
    0x00, 0x00, 0x00, 0x00, 0x00, 0x00, 0x00, 0x00, 0x00, 0x00, 0x00, 0x00,
    0x00, 0x00, 0x00, 0x00, 0x00, 0x00, 0x00, 0x00, 0x00, 0x00, 0x00, 0x00,
    0x00, 0x00, 0x00, 0x00, 0x00, 0x00, 0x00, 0x00, 0x00, 0x00, 0x00, 0x00,
    0x00, 0x00, 0x00, 0x00, 0x00, 0x00, 0x00, 0x00, 0x00, 0x00, 0x00, 0x00,
    0x00, 0x00, 0x00, 0x00, 0x00, 0x00, 0x00, 0x00, 0x00, 0x00, 0x00, 0x00,
    0x00, 0x00, 0x00, 0x00, 0x00, 0x00, 0x00, 0x00, 0x00, 0x00, 0x00, 0x00,
    0x00, 0x00, 0x00, 0x00, 0x00, 0x00, 0x00, 0x00, 0x00, 0x00, 0x00, 0x00,
    0x00, 0x00, 0x00, 0x00, 0x00, 0x00, 0x00, 0x00, 0x00, 0x00, 0x00, 0x00,
    0x00, 0x00, 0x00, 0x00, 0x00, 0x00, 0x00, 0x00, 0x00, 0x00, 0x00, 0x00,
    0x00, 0x00, 0x00, 0x00, 0x00, 0x00, 0x00, 0x00, 0x00, 0x00, 0x00, 0x00,
    0x00, 0x00, 0x00, 0x00, 0x00, 0x00, 0x00, 0x00, 0x00, 0x00, 0x00, 0x00,
    0x00, 0x00, 0x00, 0x00, 0x00, 0x00, 0x00, 0x00, 0x00, 0x00, 0x00, 0x00,
    0x00, 0x00, 0x00, 0x00, 0x00, 0x00, 0x00, 0x00, 0x00, 0x00, 0x00, 0x00,
    0x00, 0x00, 0x00, 0x00, 0x00, 0x00, 0x00, 0x00, 0x00, 0x00, 0x00, 0x00,
    0x00, 0x00, 0x00, 0x00, 0x00, 0x00, 0x00, 0x00, 0x00, 0x00, 0x00, 0x00,
    0x00, 0x00, 0x00, 0x00, 0x00, 0x00, 0x00, 0x00, 0x00, 0x00, 0x00, 0x00,
    0x00, 0x00, 0x00, 0x00, 0x00, 0x00, 0x00, 0x00, 0x00, 0x00, 0x00, 0x00,
    0x00, 0x00, 0x00, 0x00, 0x00, 0x00, 0x00, 0x00, 0x00, 0x00, 0x00, 0x00,
    0x00, 0x00, 0x00, 0x00, 0x00, 0x00, 0x00, 0x00, 0x00, 0x00, 0x00, 0x00,
    0x00, 0x00, 0x00, 0x00, 0x00, 0x00, 0x00, 0x00, 0x00, 0x00, 0x00, 0x00,
    0x00, 0x00, 0x00, 0x00, 0x00, 0x00, 0x00, 0x00, 0x00, 0x00, 0x00, 0x00,
    0x00, 0x00, 0x00, 0x00, 0x00, 0x00, 0x00, 0x00, 0x00, 0x00, 0x00, 0x00,
    0x00, 0x00, 0x00, 0x00, 0x00, 0x00, 0x00, 0x00, 0x00, 0x00, 0x00, 0x00,
    0x00, 0x00, 0x00, 0x00, 0x00, 0x00, 0x00, 0x00, 0x00, 0x00, 0x00, 0x00,
    0x00, 0x00, 0x00, 0x00, 0x00, 0x00, 0x00, 0x00, 0x00, 0x00, 0x00, 0x00,
    0x00, 0x00, 0x00, 0x00, 0x00, 0x00, 0x00, 0x00, 0x00, 0x00, 0x00, 0x00,
    0x00, 0x00, 0x00, 0x00, 0x00, 0x00, 0x00, 0x00, 0x00, 0x00, 0x00, 0x00,
    0x00, 0x00, 0x00, 0x00, 0x00, 0x00, 0x00, 0x00, 0x00, 0x00, 0x00, 0x00,
    0x00, 0x00, 0x00, 0x00, 0x00, 0x00, 0x00, 0x00, 0x00, 0x00, 0x00, 0x00,
    0x00, 0x00, 0x00, 0x00, 0x00, 0x00, 0x00, 0x00, 0x00, 0x00, 0x00, 0x00,
    0x00, 0x00, 0x00, 0x00, 0x00, 0x00, 0x00, 0x00, 0x00, 0x00, 0x00, 0x00,
    0x00, 0x00, 0x00, 0x00, 0x00, 0x00, 0x00, 0x00, 0x00, 0x00, 0x00, 0x00,
    0x00, 0x00, 0x00, 0x00, 0x00, 0x00, 0x00, 0x00, 0x00, 0x00, 0x00, 0x00,
    0x00, 0x00, 0x00, 0x00, 0x00, 0x00, 0x00, 0x00, 0x00, 0x00, 0x00, 0x00,
    0x00, 0x00, 0x00, 0x00, 0x00, 0x00, 0x00, 0x00, 0x00, 0x00, 0x00, 0x00,
    0x00, 0x00, 0x00, 0x00, 0x00, 0x00, 0x00, 0x00, 0x00, 0x00, 0x00, 0x00,
    0x00, 0x00, 0x00, 0x00, 0x00, 0x00, 0x00, 0x00, 0x00, 0x00, 0x00, 0x00,
    0x00, 0x00, 0x00, 0x00, 0x00, 0x00, 0x00, 0x00, 0x00, 0x00, 0x00, 0x00,
    0x00, 0x00, 0x00, 0x00, 0x00, 0x00, 0x00, 0x00, 0x00, 0x00, 0x00, 0x00,
    0x00, 0x00, 0x00, 0x00, 0x00, 0x00, 0x00, 0x00, 0x00, 0x00, 0x00, 0x00,
    0x00, 0x00, 0x00, 0x00, 0x00, 0x00, 0x00, 0x00, 0x00, 0x00, 0x00, 0x00,
    0x00, 0x00, 0x00, 0x00, 0x00, 0x00, 0x00, 0x00, 0x00, 0x00, 0x00, 0x00,
    0x00, 0x00, 0x00, 0x00, 0x00, 0x00, 0x00, 0x00, 0x00, 0x00, 0x00, 0x00,
    0x00, 0x00, 0x00, 0x00, 0x00, 0x00, 0x00, 0x00, 0x00, 0x00, 0x00, 0x00,
    0x00, 0x00, 0x00, 0x00, 0x00, 0x00, 0x00, 0x00, 0x00, 0x00, 0x00, 0x00,
    0x00, 0x00, 0x00, 0x00, 0x00, 0x00, 0x00, 0x00, 0x00, 0x00, 0x00, 0x00,
    0x00, 0x00, 0x00, 0x00, 0x00, 0x00, 0x00, 0x00, 0x00, 0x00, 0x00, 0x00,
    0x00, 0x00, 0x00, 0x00, 0x00, 0x00, 0x00, 0x00, 0x00, 0x00, 0x00, 0x00,
    0x00, 0x00, 0x00, 0x00, 0x00, 0x00, 0x00, 0x00, 0x00, 0x00, 0x00, 0x00,
    0x00, 0x00, 0x00, 0x00, 0x00, 0x00, 0x00, 0x00, 0x00, 0x00, 0x00, 0x00,
    0x00, 0x00, 0x00, 0x00, 0x00, 0x00, 0x00, 0x00, 0x00, 0x00, 0x00, 0x00,
    0x00, 0x00, 0x00, 0x00, 0x00, 0x00, 0x00, 0x00, 0x00, 0x00, 0x00, 0x00,
    0x00, 0x00, 0x00, 0x00, 0x00, 0x00, 0x00, 0x00, 0x00, 0x00, 0x00, 0x00,
    0x00, 0x00, 0x00, 0x00, 0x00, 0x00, 0x00, 0x00, 0x00, 0x00, 0x00, 0x00,
    0x00, 0x00, 0x00, 0x00, 0x00, 0x00, 0x00, 0x00, 0x00, 0x00, 0x00, 0x00,
    0x00, 0x00, 0x00, 0x00, 0x00, 0x00, 0x00, 0x00, 0x00, 0x00, 0x00, 0x00,
    0x00, 0x00, 0x00, 0x00, 0x00, 0x00, 0x00, 0x00, 0x00, 0x00, 0x00, 0x00,
    0x00, 0x00, 0x00, 0x00, 0x00, 0x00, 0x00, 0x00, 0x00, 0x00, 0x00, 0x00,
    0x00, 0x00, 0x00, 0x00, 0x00, 0x00, 0x00, 0x00, 0x00, 0x00, 0x00, 0x00,
    0x00, 0x00, 0x00, 0x00, 0x00, 0x00, 0x00, 0x00, 0x00, 0x00, 0x00, 0x00,
    0x00, 0x00, 0x00, 0x00, 0x00, 0x00, 0x00, 0x00, 0x00, 0x00, 0x00, 0x00,
    0x00, 0x00, 0x00, 0x00, 0x00, 0x00, 0x00, 0x00, 0x00, 0x00, 0x00, 0x00,
    0x00, 0x00, 0x00, 0x00, 0x00, 0x00, 0x00, 0x00, 0x00, 0x00, 0x00, 0x00,
    0x00, 0x00, 0x00, 0x00, 0x00, 0x00, 0x00, 0x00, 0x00, 0x00, 0x00, 0x00,
    0x00, 0x00, 0x00, 0x00, 0x00, 0x00, 0x00, 0x00, 0x00, 0x00, 0x00, 0x00,
    0x00, 0x00, 0x00, 0x00, 0x00, 0x00, 0x00, 0x00, 0x00, 0x00, 0x00, 0x00,
    0x00, 0x00, 0x00, 0x00, 0x00, 0x00, 0x00, 0x00, 0x00, 0x00, 0x00, 0x00,
    0x00, 0x00, 0x00, 0x00, 0x00, 0x00, 0x00, 0x00, 0x00, 0x00, 0x00, 0x00,
    0x00, 0x00, 0x00, 0x00, 0x00, 0x00, 0x00, 0x00, 0x00, 0x00, 0x00, 0x00,
    0x00, 0x00, 0x00, 0x00, 0x00, 0x00, 0x00, 0x00, 0x00, 0x00, 0x00, 0x00,
    0x00, 0x00, 0x00, 0x00, 0x00, 0x00, 0x00, 0x00, 0x00, 0x00, 0x00, 0x00,
    0x00, 0x00, 0x00, 0x00, 0x00, 0x00, 0x00, 0x00, 0x00, 0x00, 0x00, 0x00,
    0x00, 0x00, 0x00, 0x00, 0x00, 0x00, 0x00, 0x00, 0x00, 0x00, 0x00, 0x00,
    0x00, 0x00, 0x00, 0x00, 0x00, 0x00, 0x00, 0x00, 0x00, 0x00, 0x00, 0x00,
    0x00, 0x00, 0x00, 0x00, 0x00, 0x00, 0x00, 0x00, 0x00, 0x00, 0x00, 0x00,
    0x00, 0x00, 0x00, 0x00, 0x00, 0x00, 0x00, 0x00, 0x00, 0x00, 0x00, 0x00,
    0x00, 0x00, 0x00, 0x00, 0x00, 0x00, 0x00, 0x00, 0x00, 0x00, 0x00, 0x00,
    0x00, 0x00, 0x00, 0x00, 0x00, 0x00, 0x00, 0x00, 0x00, 0x00, 0x00, 0x00,
    0x00, 0x00, 0x00, 0x00, 0x00, 0x00, 0x00, 0x00, 0x00, 0x00, 0x00, 0x00,
    0x00, 0x00, 0x00, 0x00, 0x00, 0x00, 0x00, 0x00, 0x00, 0x00, 0x00, 0x00,
    0x00, 0x00, 0x00, 0x00, 0x00, 0x00, 0x00, 0x00, 0x00, 0x00, 0x00, 0x00,
    0x00, 0x00, 0x00, 0x00, 0x00, 0x00, 0x00, 0x00, 0x00, 0x00, 0x00, 0x00,
    0x00, 0x00, 0x00, 0x00, 0x00, 0x00, 0x00, 0x00, 0x00, 0x00, 0x00, 0x00,
    0x00, 0x00, 0x00, 0x00, 0x00, 0x00, 0x00, 0x00, 0x00, 0x00, 0x00, 0x00,
    0x00, 0x00, 0x00, 0x00, 0x00, 0x00, 0x00, 0x00, 0x00, 0x00, 0x00, 0x00,
    0x00, 0x00, 0x00, 0x00, 0x00, 0x00, 0x00, 0x00, 0x00, 0x00, 0x00, 0x00,
    0x00, 0x00, 0x00, 0x00, 0x00, 0x00, 0x00, 0x00, 0x00, 0x00, 0x00, 0x00,
    0x00, 0x00, 0x00, 0x00, 0x00, 0x00, 0x00, 0x00, 0x00, 0x00, 0x00, 0x00,
    0x00, 0x00, 0x00, 0x00, 0x00, 0x00, 0x00, 0x00, 0x00, 0x00, 0x00, 0x00,
    0x00, 0x00, 0x00, 0x00, 0x00, 0x00, 0x00, 0x00, 0x00, 0x00, 0x00, 0x00,
    0x00, 0x00, 0x00, 0x00, 0x00, 0x00, 0x00, 0x00, 0x00, 0x00, 0x00, 0x00,
    0x00, 0x00, 0x00, 0x00, 0x00, 0x00, 0x00, 0x00, 0x00, 0x00, 0x00, 0x00,
    0x00, 0x00, 0x00, 0x00, 0x00, 0x00, 0x00, 0x00, 0x00, 0x00, 0x00, 0x00,
    0x00, 0x00, 0x00, 0x00, 0x00, 0x00, 0x00, 0x00, 0x00, 0x00, 0x00, 0x00,
    0x00, 0x00, 0x00, 0x00, 0x00, 0x00, 0x00, 0x00, 0x00, 0x00, 0x00, 0x00,
    0x00, 0x00, 0x00, 0x00, 0x00, 0x00, 0x00, 0x00, 0x00, 0x00, 0x00, 0x00,
    0x00, 0x00, 0x00, 0x00, 0x00, 0x00, 0x00, 0x00, 0x00, 0x00, 0x00, 0x00,
    0x00, 0x00, 0x00, 0x00, 0x00, 0x00, 0x00, 0x00, 0x00, 0x00, 0x00, 0x00,
    0x00, 0x00, 0x00, 0x00, 0x00, 0x00, 0x00, 0x00, 0x00, 0x00, 0x00, 0x00,
    0x00, 0x00, 0x00, 0x00, 0x00, 0x00, 0x00, 0x00, 0x00, 0x00, 0x00, 0x00,
    0x00, 0x00, 0x00, 0x00, 0x00, 0x00, 0x00, 0x00, 0x00, 0x00, 0x00, 0x00,
    0x00, 0x00, 0x00, 0x00, 0x00, 0x00, 0x00, 0x00, 0x00, 0x00, 0x00, 0x00,
    0x00, 0x00, 0x00, 0x00, 0x00, 0x00, 0x00, 0x00, 0x00, 0x00, 0x00, 0x00,
    0x00, 0x00, 0x00, 0x00, 0x00, 0x00, 0x00, 0x00, 0x00, 0x00, 0x00, 0x00,
    0x00, 0x00, 0x00, 0x00, 0x00, 0x00, 0x00, 0x00, 0x00, 0x00, 0x00, 0x00,
    0x00, 0x00, 0x00, 0x00, 0x00, 0x00, 0x00, 0x00, 0x00, 0x00, 0x00, 0x00,
    0x00, 0x00, 0x00, 0x00, 0x00, 0x00, 0x00, 0x00, 0x00, 0x00, 0x00, 0x00,
    0x00, 0x00, 0x00, 0x00, 0x00, 0x00, 0x00, 0x00, 0x00, 0x00, 0x00, 0x00,
    0x00, 0x00, 0x00, 0x00, 0x00, 0x00, 0x00, 0x00, 0x00, 0x00, 0x00, 0x00,
    0x00, 0x00, 0x00, 0x00, 0x00, 0x00, 0x00, 0x00, 0x00, 0x00, 0x00, 0x00,
    0x00, 0x00, 0x00, 0x00, 0x00, 0x00, 0x00, 0x00, 0x00, 0x00, 0x00, 0x00,
    0x00, 0x00, 0x00, 0x00, 0x00, 0x00, 0x00, 0x00, 0x00, 0x00, 0x00, 0x00,
    0x00, 0x00, 0x00, 0x00, 0x00, 0x00, 0x00, 0x00, 0x00, 0x00, 0x00, 0x00,
    0x00, 0x00, 0x00, 0x00, 0x00, 0x00, 0x00, 0x00, 0x00, 0x00, 0x00, 0x00,
    0x00, 0x00, 0x00, 0x00, 0x00, 0x00, 0x00, 0x00, 0x00, 0x00, 0x00, 0x00,
    0x00, 0x00, 0x00, 0x00, 0x00, 0x00, 0x00, 0x00, 0x00, 0x00, 0x00, 0x00,
    0x00, 0x00, 0x00, 0x00, 0x00, 0x00, 0x00, 0x00, 0x00, 0x00, 0x00, 0x00,
    0x00, 0x00, 0x00, 0x00, 0x00, 0x00, 0x00, 0x00, 0x00, 0x00, 0x00, 0x00,
    0x00, 0x00, 0x00, 0x00, 0x00, 0x00, 0x00, 0x00, 0x00, 0x00, 0x00, 0x00,
    0x00, 0x00, 0x00, 0x00, 0x00, 0x00, 0x00, 0x00, 0x00, 0x00, 0x00, 0x00,
    0x00, 0x00, 0x00, 0x00, 0x00, 0x00, 0x00, 0x00, 0x00, 0x00, 0x00, 0x00,
    0x00, 0x00, 0x00, 0x00, 0x00, 0x00, 0x00, 0x00, 0x00, 0x00, 0x00, 0x00,
    0x00, 0x00, 0x00, 0x00, 0x00, 0x00, 0x00, 0x00, 0x00, 0x00, 0x00, 0x00,
    0x00, 0x00, 0x00, 0x00, 0x00, 0x00, 0x00, 0x00, 0x00, 0x00, 0x00, 0x00,
    0x00, 0x00, 0x00, 0x00, 0x00, 0x00, 0x00, 0x00, 0x00, 0x00, 0x00, 0x00,
    0x00, 0x00, 0x00, 0x00, 0x00, 0x00, 0x00, 0x00, 0x00, 0x00, 0x00, 0x00,
    0x00, 0x00, 0x00, 0x00, 0x00, 0x00, 0x00, 0x00, 0x00, 0x00, 0x00, 0x00,
    0x00, 0x00, 0x00, 0x00, 0x00, 0x00, 0x00, 0x00, 0x00, 0x00, 0x00, 0x00,
    0x00, 0x00, 0x00, 0x00, 0x00, 0x00, 0x00, 0x00, 0x00, 0x00, 0x00, 0x00,
    0x00, 0x00, 0x00, 0x00, 0x00, 0x00, 0x00, 0x00, 0x00, 0x00, 0x00, 0x00,
    0x00, 0x00, 0x00, 0x00, 0x00, 0x00, 0x00, 0x00, 0x00, 0x00, 0x00, 0x00,
    0x00, 0x00, 0x00, 0x00, 0x00, 0x00, 0x00, 0x00, 0x00, 0x00, 0x00, 0x00,
    0x00, 0x00, 0x00, 0x00, 0x00, 0x00, 0x00, 0x00, 0x00, 0x00, 0x00, 0x00,
    0x00, 0x00, 0x00, 0x00, 0x00, 0x00, 0x00, 0x00, 0x00, 0x00, 0x00, 0x00,
    0x00, 0x00, 0x00, 0x00, 0x00, 0x00, 0x00, 0x00, 0x00, 0x00, 0x00, 0x00,
    0x00, 0x00, 0x00, 0x00, 0x00, 0x00, 0x00, 0x00, 0x00, 0x00, 0x00, 0x00,
    0x00, 0x00, 0x00, 0x00, 0x00, 0x00, 0x00, 0x00, 0x00, 0x00, 0x00, 0x00,
    0x00, 0x00, 0x00, 0x00, 0x00, 0x00, 0x00, 0x00, 0x00, 0x00, 0x00, 0x00,
    0x00, 0x00, 0x00, 0x00, 0x00, 0x00, 0x00, 0x00, 0x00, 0x00, 0x00, 0x00,
    0x00, 0x00, 0x00, 0x00, 0x00, 0x00, 0x00, 0x00, 0x00, 0x00, 0x00, 0x00,
    0x00, 0x00, 0x00, 0x00, 0x00, 0x00, 0x00, 0x00, 0x00, 0x00, 0x00, 0x00,
    0x00, 0x00, 0x00, 0x00, 0x00, 0x00, 0x00, 0x00, 0x00, 0x00, 0x00, 0x00,
    0x00, 0x00, 0x00, 0x00, 0x00, 0x00, 0x00, 0x00, 0x00, 0x00, 0x00, 0x00,
    0x00, 0x00, 0x00, 0x00, 0x00, 0x00, 0x00, 0x00, 0x00, 0x00, 0x00, 0x00,
    0x00, 0x00, 0x00, 0x00, 0x00, 0x00, 0x00, 0x00, 0x00, 0x00, 0x00, 0x00,
    0x00, 0x00, 0x00, 0x00, 0x00, 0x00, 0x00, 0x00, 0x00, 0x00, 0x00, 0x00,
    0x00, 0x00, 0x00, 0x00, 0x00, 0x00, 0x00, 0x00, 0x00, 0x00, 0x00, 0x00,
    0x00, 0x00, 0x00, 0x00, 0x00, 0x00, 0x00, 0x00, 0x00, 0x00, 0x00, 0x00,
    0x00, 0x00, 0x00, 0x00, 0x00, 0x00, 0x00, 0x00, 0x00, 0x00, 0x00, 0x00,
    0x00, 0x00, 0x00, 0x00, 0x00, 0x00, 0x00, 0x00, 0x00, 0x00, 0x00, 0x00,
    0x00, 0x00, 0x00, 0x00, 0x00, 0x00, 0x00, 0x00, 0x00, 0x00, 0x00, 0x00,
    0x00, 0x00, 0x00, 0x00, 0x00, 0x00, 0x00, 0x00, 0x00, 0x00, 0x00, 0x00,
    0x00, 0x00, 0x00, 0x00, 0x00, 0x00, 0x00, 0x00, 0x00, 0x00, 0x00, 0x00,
    0x00, 0x00, 0x00, 0x00, 0x00, 0x00, 0x00, 0x00, 0x00, 0x00, 0x00, 0x00,
    0x00, 0x00, 0x00, 0x00, 0x00, 0x00, 0x00, 0x00, 0x00, 0x00, 0x00, 0x00,
    0x00, 0x00, 0x00, 0x00, 0x00, 0x00, 0x00, 0x00, 0x00, 0x00, 0x00, 0x00,
    0x00, 0x00, 0x00, 0x00, 0x00, 0x00, 0x00, 0x00, 0x00, 0x00, 0x00, 0x00,
    0x00, 0x00, 0x00, 0x00, 0x00, 0x00, 0x00, 0x00, 0x00, 0x00, 0x00, 0x00,
    0x00, 0x00, 0x00, 0x00, 0x00, 0x00, 0x00, 0x00, 0x00, 0x00, 0x00, 0x00,
    0x00, 0x00, 0x00, 0x00, 0x00, 0x00, 0x00, 0x00, 0x00, 0x00, 0x00, 0x00,
    0x00, 0x00, 0x00, 0x00, 0x00, 0x00, 0x00, 0x00, 0x00, 0x00, 0x00, 0x00,
    0x00, 0x00, 0x00, 0x00, 0x00, 0x00, 0x00, 0x00, 0x00, 0x00, 0x00, 0x00,
    0x00, 0x00, 0x00, 0x00, 0x00, 0x00, 0x00, 0x00, 0x00, 0x00, 0x00, 0x00,
    0x00, 0x00, 0x00, 0x00, 0x00, 0x00, 0x00, 0x00, 0x00, 0x00, 0x00, 0x00,
    0x00, 0x00, 0x00, 0x00, 0x00, 0x00, 0x00, 0x00, 0x00, 0x00, 0x00, 0x00,
    0x00, 0x00, 0x00, 0x00, 0x00, 0x00, 0x00, 0x00, 0x00, 0x00, 0x00, 0x00,
    0x00, 0x00, 0x00, 0x00, 0x00, 0x00, 0x00, 0x00, 0x00, 0x00, 0x00, 0x00,
    0x68, 0x28, 0x19, 0x00, 0x00, 0x00, 0x00, 0x00, 0x5C, 0x4F, 0x02, 0x20,
    0x40, 0x4F, 0x02, 0x20, 0x5C, 0x4F, 0x02, 0x20, 0xD9, 0x26, 0x02, 0x20,
    0x05, 0xB1, 0x61, 0x00, 0x00, 0x05, 0x09, 0xF5, 0x7E, 0x3D, 0xC7, 0x0A,
    0xAD, 0x06, 0x34, 0x02, 0x00, 0x00, 0x00, 0x00, 0x00, 0x29, 0x02, 0x20,
    0x00, 0x00, 0x00, 0x00, 0x00, 0x00, 0x00, 0x00, 0x00, 0x00, 0x00, 0x00,
    0x84, 0xC4, 0x62, 0x5F, 0xF0, 0xB5, 0x8B, 0xB0, 0x00, 0xF0, 0x98, 0xFA,
    0x7B, 0x49, 0x7A, 0x48, 0x08, 0x60, 0x7C, 0x48, 0x7A, 0x49, 0x01, 0x62,
    0x7C, 0x4A, 0x7B, 0x49, 0x51, 0x60, 0x7D, 0x4F, 0x7B, 0x49, 0x7E, 0x4B,
    0xF9, 0x62, 0x7C, 0x49, 0xD9, 0x63, 0x78, 0x49, 0x7C, 0x4A, 0xE0, 0x31,
    0x8A, 0x63, 0x7C, 0x4A, 0xCA, 0x63, 0x7C, 0x4A, 0x40, 0x31, 0x0A, 0x60,
    0x9C, 0x46, 0x7C, 0x4A, 0x7A, 0x4B, 0x09, 0x92, 0xD3, 0x63, 0x3A, 0x46,
    0x80, 0x32, 0x7A, 0x4B, 0x08, 0x92, 0x13, 0x61, 0x79, 0x4A, 0x3A, 0x63,
    0x7A, 0x4C, 0x79, 0x4A, 0xA2, 0x60, 0x7A, 0x4A, 0x0A, 0x61, 0x74, 0x4A,
    0x79, 0x49, 0x80, 0x32, 0x91, 0x61, 0x01, 0x46, 0x80, 0x31, 0x78, 0x4A,
    0x01, 0x91, 0x4A, 0x62, 0x79, 0x4A, 0x06, 0x46, 0x76, 0x49, 0xC0, 0x36,
    0xF1, 0x61, 0x76, 0x49, 0x51, 0x60, 0xC5, 0x1F, 0xD3, 0x1D, 0x76, 0x49,
    0xF9, 0x3D, 0x69, 0x63, 0xF9, 0x33, 0x75, 0x49, 0x99, 0x62, 0x29, 0x46,
    0x40, 0x39, 0x74, 0x4A, 0x07, 0x91, 0x4A, 0x61, 0x60, 0x4A, 0x73, 0x49,
    0x40, 0x32, 0x9E, 0x46, 0x06, 0x92, 0x51, 0x60, 0x71, 0x49, 0x63, 0x46,
    0x19, 0x62, 0x71, 0x49, 0xD9, 0x62, 0x71, 0x49, 0xC1, 0x63, 0x71, 0x49,
    0x81, 0x62, 0x71, 0x49, 0x41, 0x62, 0x71, 0x49, 0xC1, 0x62, 0x71, 0x49,
    0xF1, 0x63, 0x71, 0x49, 0x41, 0x63, 0x71, 0x48, 0x73, 0x46, 0x18, 0x63,
    0x11, 0x46, 0x70, 0x48, 0xE0, 0x61, 0xC0, 0x31, 0x6F, 0x48, 0x00, 0x91,
    0x08, 0x60, 0x31, 0x46, 0x6E, 0x48, 0xC0, 0x31, 0xC8, 0x63, 0x6F, 0x49,
    0x6D, 0x48, 0x48, 0x60, 0x22, 0x46, 0xC0, 0x3A, 0x6D, 0x48, 0xD0, 0x61,
    0x11, 0x46, 0x80, 0x31, 0x6C, 0x48, 0x05, 0x91, 0x08, 0x62, 0xFF, 0x31,
    0x01, 0x31, 0x6B, 0x48, 0x04, 0x91, 0x48, 0x62, 0x6A, 0x48, 0x58, 0x62,
    0x6A, 0x48, 0x90, 0x61, 0x31, 0x46, 0x6A, 0x48, 0x80, 0x39, 0x08, 0x60,
    0x69, 0x48, 0x68, 0x61, 0x4F, 0x48, 0x69, 0x49, 0x80, 0x38, 0x03, 0x90,
    0x01, 0x61, 0xC0, 0x30, 0x67, 0x49, 0x02, 0x90, 0xC1, 0x63, 0x06, 0x9A,
    0x66, 0x48, 0x50, 0x61, 0x29, 0x46, 0x66, 0x48, 0x80, 0x31, 0x08, 0x62,
    0x21, 0x46, 0x65, 0x48, 0x80, 0x39, 0x48, 0x62, 0x64, 0x48, 0x80, 0x78,
    0x00, 0x28, 0x09, 0xD0, 0x63, 0x48, 0xC1, 0x68, 0x00, 0x29, 0x02, 0xD0,
    0x80, 0x68, 0x02, 0xF0, 0x3D, 0xF8, 0x61, 0x49, 0x07, 0x20, 0x08, 0x70,
    0x02, 0xF0, 0x3E, 0xF8, 0x5F, 0x48, 0xA0, 0x63, 0x04, 0x98, 0x5F, 0x49,
    0x01, 0x61, 0x01, 0x98, 0x5E, 0x49, 0xC1, 0x63, 0x09, 0x98, 0x5E, 0x49,
    0x01, 0x61, 0x5E, 0x48, 0x70, 0x61, 0x2D, 0x48, 0x5D, 0x49, 0x80, 0x38,
    0x01, 0x61, 0x02, 0x99, 0x5C, 0x4A, 0x0A, 0x63, 0x2D, 0x4A, 0x5C, 0x49,
    0x40, 0x32, 0x51, 0x63, 0x5B, 0x49, 0x61, 0x62, 0x5B, 0x49, 0x21, 0x62,
    0x5B, 0x49, 0xB1, 0x62, 0x5B, 0x49, 0x81, 0x62, 0x05, 0x98, 0x5B, 0x49,
    0x41, 0x63, 0x5B, 0x48, 0xA8, 0x60, 0x07, 0x98, 0x5A, 0x49, 0x01, 0x60,
    0x08, 0x98, 0x5A, 0x49, 0xC1, 0x63, 0x00, 0x98, 0x59, 0x49, 0xC1, 0x61,
    0x1C, 0x49, 0x59, 0x48, 0xC0, 0x31, 0x88, 0x60, 0x03, 0x98, 0x58, 0x49,
    0x01, 0x60, 0x19, 0x49, 0x57, 0x48, 0x40, 0x31, 0xC8, 0x63, 0x0E, 0x49,
    0x56, 0x48, 0x20, 0x31, 0x48, 0x60, 0x56, 0x48, 0x5C, 0x31, 0x08, 0x60,
    0x01, 0x98, 0x55, 0x49, 0xC1, 0x62, 0x55, 0x48, 0xF8, 0x63, 0x00, 0x98,
    0x54, 0x49, 0x01, 0x62, 0x54, 0x48, 0x28, 0x63, 0x0B, 0xB0, 0xF0, 0xBD,
    0x21, 0x30, 0x02, 0x20, 0xDC, 0x08, 0x02, 0x20, 0x95, 0x2E, 0x02, 0x20,
    0x9C, 0x07, 0x02, 0x20, 0xA7, 0x30, 0x02, 0x20, 0x50, 0x01, 0x02, 0x20,
    0xC1, 0x2A, 0x02, 0x20, 0x9C, 0x05, 0x02, 0x20, 0x15, 0x44, 0x02, 0x20,
    0x9C, 0x0E, 0x02, 0x20, 0x11, 0x31, 0x02, 0x20, 0x37, 0x31, 0x02, 0x20,
    0x69, 0x31, 0x02, 0x20, 0x75, 0x3E, 0x02, 0x20, 0x5C, 0x0B, 0x02, 0x20,
    0xDD, 0x2A, 0x02, 0x20, 0xEF, 0x2A, 0x02, 0x20, 0xED, 0x40, 0x02, 0x20,
    0x5C, 0x0D, 0x02, 0x20, 0x8F, 0x31, 0x02, 0x20, 0x95, 0x3E, 0x02, 0x20,
    0xB7, 0x31, 0x02, 0x20, 0xFD, 0x31, 0x02, 0x20, 0x21, 0x32, 0x02, 0x20,
    0x1C, 0x0A, 0x02, 0x20, 0xC1, 0x39, 0x02, 0x20, 0xEB, 0x39, 0x02, 0x20,
    0xB7, 0x2C, 0x02, 0x20, 0xC1, 0x44, 0x02, 0x20, 0x73, 0x44, 0x02, 0x20,
    0x49, 0x44, 0x02, 0x20, 0x39, 0x2B, 0x02, 0x20, 0x09, 0x2E, 0x02, 0x20,
    0x7D, 0x2E, 0x02, 0x20, 0xF1, 0x2D, 0x02, 0x20, 0xC7, 0x32, 0x02, 0x20,
    0x2D, 0x2F, 0x02, 0x20, 0xBF, 0x3B, 0x02, 0x20, 0x2B, 0x41, 0x02, 0x20,
    0x5B, 0x41, 0x02, 0x20, 0x49, 0x34, 0x02, 0x20, 0x7F, 0x34, 0x02, 0x20,
    0xF0, 0x02, 0x02, 0x20, 0x89, 0x40, 0x02, 0x20, 0xA3, 0x41, 0x02, 0x20,
    0x3D, 0x43, 0x02, 0x20, 0xC9, 0x3B, 0x02, 0x20, 0xB9, 0x3F, 0x02, 0x20,
    0xCD, 0x2F, 0x02, 0x20, 0x01, 0x3C, 0x02, 0x20, 0x8F, 0x34, 0x02, 0x20,
    0x31, 0x38, 0x02, 0x20, 0x33, 0x45, 0x02, 0x20, 0x85, 0x2D, 0x02, 0x20,
    0x59, 0x42, 0x02, 0x20, 0xA8, 0x25, 0x02, 0x20, 0x7C, 0x26, 0x02, 0x20,
    0xC4, 0x25, 0x02, 0x20, 0x31, 0x42, 0x02, 0x20, 0xC7, 0x43, 0x02, 0x20,
    0x97, 0x34, 0x02, 0x20, 0xA3, 0x3C, 0x02, 0x20, 0xF1, 0x3C, 0x02, 0x20,
    0x85, 0x38, 0x02, 0x20, 0x29, 0x39, 0x02, 0x20, 0xA1, 0x42, 0x02, 0x20,
    0xC3, 0x42, 0x02, 0x20, 0xB9, 0x41, 0x02, 0x20, 0xC9, 0x34, 0x02, 0x20,
    0x85, 0x39, 0x02, 0x20, 0xE7, 0x42, 0x02, 0x20, 0x4B, 0x2C, 0x02, 0x20,
    0x63, 0x2C, 0x02, 0x20, 0x8D, 0x2C, 0x02, 0x20, 0x65, 0x45, 0x02, 0x20,
    0x79, 0x3F, 0x02, 0x20, 0xFF, 0x34, 0x02, 0x20, 0xBD, 0x3E, 0x02, 0x20,
    0x37, 0x35, 0x02, 0x20, 0x65, 0x35, 0x02, 0x20, 0x53, 0x37, 0x02, 0x20,
    0xDF, 0x2B, 0x02, 0x20, 0xF3, 0x47, 0x02, 0x20, 0xE1, 0x2C, 0x02, 0x20,
    0x10, 0xB5, 0x0B, 0x68, 0xC0, 0x01, 0x1C, 0x1A, 0x24, 0x12, 0x1B, 0x1B,
    0x0B, 0x60, 0x11, 0x68, 0x81, 0x42, 0x02, 0xDB, 0x08, 0x1A, 0x80, 0x12,
    0x08, 0x1A, 0x10, 0x60, 0x10, 0xBD, 0xF8, 0xB5, 0x00, 0x26, 0x34, 0x46,
    0x18, 0x48, 0x21, 0x46, 0x41, 0x43, 0x18, 0x48, 0x08, 0x18, 0x19, 0x21,
    0x49, 0x01, 0x41, 0x18, 0x09, 0x78, 0x60, 0x29, 0x18, 0xD1, 0x00, 0x6D,
    0xC0, 0x02, 0x15, 0xD5, 0x01, 0x26, 0x00, 0x2C, 0x1E, 0xD0, 0x06, 0x20,
    0x01, 0xF0, 0x2A, 0xFF, 0x10, 0x49, 0xA5, 0x00, 0x10, 0x4F, 0x6A, 0x18,
    0xE9, 0x19, 0xFF, 0xF7, 0xD3, 0xFF, 0x78, 0x5B, 0x0E, 0x49, 0xC0, 0x11,
    0x08, 0x55, 0x0B, 0x48, 0x0D, 0x49, 0x40, 0x5B, 0xC0, 0x11, 0x08, 0x55,
    0x64, 0x1C, 0x24, 0x06, 0x24, 0x0E, 0xD7, 0xD0, 0x00, 0x2E, 0x04, 0xD0,
    0x09, 0x4A, 0x50, 0x21, 0x09, 0x20, 0x01, 0xF0, 0x15, 0xFF, 0xF8, 0xBD,
    0x05, 0x20, 0xDF, 0xE7, 0xE4, 0x04, 0x00, 0x00, 0x2C, 0x10, 0x02, 0x20,
    0x48, 0x4F, 0x02, 0x20, 0x4C, 0x4F, 0x02, 0x20, 0x47, 0x4F, 0x02, 0x20,
    0x46, 0x4F, 0x02, 0x20, 0x3B, 0x2A, 0x02, 0x20, 0x10, 0xB5, 0x01, 0x29,
    0x04, 0xD1, 0x04, 0x4B, 0x82, 0x00, 0x9A, 0x58, 0x00, 0x2A, 0x01, 0xD0,
    0x01, 0xF0, 0x00, 0xFF, 0x10, 0xBD, 0x00, 0x00, 0xEC, 0x1D, 0x02, 0x20,
    0x02, 0x46, 0x10, 0xB5, 0x00, 0x20, 0x2B, 0x2A, 0x02, 0xD0, 0x10, 0x46,
    0x01, 0xF0, 0xFA, 0xFE, 0x10, 0xBD, 0x10, 0xB5, 0x01, 0xF0, 0xFC, 0xFE,
    0x41, 0x48, 0x01, 0x68, 0xC0, 0x22, 0x91, 0x43, 0x01, 0x60, 0x40, 0x48,
    0x41, 0x6A, 0x40, 0x22, 0x91, 0x43, 0x41, 0x62, 0x10, 0xBD, 0x30, 0xB5,
    0x04, 0x46, 0x3D, 0x4B, 0x00, 0x20, 0x02, 0x46, 0x9D, 0x18, 0x20, 0x35,
    0x2D, 0x79, 0x6D, 0x06, 0x6D, 0x0E, 0xA5, 0x42, 0x02, 0xD1, 0x0A, 0x54,
    0x40, 0x1C, 0xC0, 0xB2, 0x52, 0x1C, 0xD2, 0xB2, 0x0D, 0x2A, 0xF1, 0xD3,
    0x00, 0x28, 0x00, 0xD1, 0xFF, 0x20, 0x30, 0xBD, 0xF0, 0xB5, 0x85, 0xB0,
    0x0D, 0x46, 0x01, 0x2A, 0x01, 0xD1, 0xC0, 0x18, 0xC0, 0xB2, 0x69, 0x46,
    0xFF, 0xF7, 0xDF, 0xFF, 0x07, 0x46, 0xFF, 0x28, 0x31, 0xD0, 0x00, 0x24,
    0x2C, 0x4E, 0x2C, 0xE0, 0x2A, 0x48, 0x29, 0x46, 0x30, 0x38, 0x02, 0x6D,
    0x68, 0x46, 0x03, 0x5D, 0x01, 0x20, 0x98, 0x40, 0x02, 0x40, 0xD2, 0x04,
    0x04, 0xD0, 0x01, 0x2D, 0x02, 0xD8, 0x01, 0x21, 0x49, 0x1B, 0xC9, 0xB2,
    0x0B, 0x00, 0x01, 0xF0, 0xBD, 0xFE, 0x05, 0x04, 0x07, 0x0C, 0x12, 0x16,
    0x18, 0x00, 0xF1, 0x6A, 0x81, 0x43, 0x01, 0xE0, 0xF1, 0x6A, 0x01, 0x43,
    0x1E, 0x48, 0x01, 0x60, 0x0B, 0xE0, 0x31, 0x68, 0x81, 0x43, 0x31, 0x60,
    0xB1, 0x6A, 0x01, 0x43, 0x01, 0xE0, 0xB1, 0x6A, 0x81, 0x43, 0xB1, 0x62,
    0x01, 0xE0, 0x01, 0xF0, 0xAB, 0xFE, 0x64, 0x1C, 0xE4, 0xB2, 0xBC, 0x42,
    0xD0, 0xD3, 0x05, 0xB0, 0xF0, 0xBD, 0x10, 0xB5, 0x0C, 0x46, 0x20, 0x42,
    0x06, 0xD0, 0x00, 0x22, 0x11, 0x46, 0x4F, 0x20, 0x01, 0xF0, 0xA2, 0xFE,
    0x00, 0x28, 0x05, 0xD1, 0x00, 0x2C, 0x03, 0xD0, 0x16, 0x21, 0x00, 0x20,
    0x01, 0xF0, 0xA0, 0xFE, 0x10, 0xBD, 0x10, 0xB5, 0x01, 0x24, 0x0B, 0x46,
    0x4F, 0x28, 0x04, 0xD0, 0x01, 0xF0, 0x9E, 0xFE, 0x04, 0x46, 0x20, 0x46,
    0x10, 0xBD, 0x11, 0x46, 0x18, 0x46, 0xFF, 0xF7, 0xE0, 0xFF, 0xF8, 0xE7,
    0x00, 0x05, 0x06, 0x40, 0x00, 0x41, 0x09, 0x40, 0xF8, 0x19, 0x02, 0x20,
    0x00, 0x07, 0x06, 0x40, 0x00, 0x06, 0x06, 0x40, 0x4F, 0x48, 0x50, 0x4B,
    0xC1, 0x7E, 0x80, 0x7E, 0x09, 0x02, 0x01, 0x43, 0x1B, 0x20, 0x0A, 0x07,
    0x12, 0x0F, 0x09, 0x2A, 0x01, 0xD9, 0x37, 0x32, 0x00, 0xE0, 0x30, 0x32,
    0x1A, 0x54, 0x40, 0x1E, 0x09, 0x09, 0xC0, 0xB2, 0x19, 0x28, 0xF2, 0xD8,
    0x30, 0x20, 0x58, 0x77, 0x98, 0x77, 0xD8, 0x77, 0x44, 0x48, 0x33, 0x21,
    0x20, 0x30, 0x01, 0x70, 0x70, 0x47, 0x10, 0xB5, 0xEF, 0xF3, 0x10, 0x84,
    0xE4, 0x07, 0xE4, 0x0F, 0x72, 0xB6, 0x01, 0xF0, 0x6D, 0xFE, 0x00, 0x2C,
    0x00, 0xD1, 0x62, 0xB6, 0x10, 0xBD, 0x10, 0xB5, 0x01, 0x24, 0x3C, 0x48,
    0xA4, 0x06, 0x04, 0x60, 0x00, 0x21, 0x3B, 0x48, 0x01, 0xF0, 0x66, 0xFE,
    0x3A, 0x49, 0x07, 0x20, 0x88, 0x61, 0x3A, 0x48, 0x04, 0x60, 0x36, 0x48,
    0x80, 0x38, 0x04, 0x60, 0x60, 0x13, 0x01, 0xF0, 0x61, 0xFE, 0x10, 0xBD,
    0x10, 0xB5, 0x01, 0x24, 0x31, 0x48, 0x64, 0x06, 0x04, 0x60, 0x00, 0x21,
    0x33, 0x48, 0x01, 0xF0, 0x51, 0xFE, 0x33, 0x49, 0x07, 0x20, 0x88, 0x61,
    0x2F, 0x48, 0x04, 0x60, 0x2B, 0x48, 0x80, 0x38, 0x04, 0x60, 0x20, 0x13,
    0x01, 0xF0, 0x4C, 0xFE, 0x10, 0xBD, 0x2E, 0x49, 0x2E, 0x4A, 0x10, 0xB5,
    0x41, 0x43, 0x8B, 0x18, 0x1A, 0x46, 0x07, 0x24, 0xE4, 0x01, 0x40, 0x32,
    0x1B, 0x19, 0xD1, 0x7D, 0x1B, 0x7D, 0x89, 0x08, 0x9B, 0x07, 0x89, 0x00,
    0x9B, 0x0F, 0x19, 0x43, 0xD1, 0x75, 0x01, 0xF0, 0x3D, 0xFE, 0x10, 0xBD,
    0xFF, 0xB5, 0x85, 0xB0, 0x16, 0x46, 0x6A, 0x46, 0x0E, 0x99, 0x04, 0x46,
    0x10, 0x70, 0x46, 0x20, 0x50, 0x70, 0x90, 0x78, 0xE7, 0x22, 0xC0, 0x08,
    0xC0, 0x00, 0x10, 0x40, 0x10, 0x30, 0x6A, 0x46, 0x90, 0x70, 0x08, 0x78,
    0x80, 0x22, 0x10, 0x43, 0x6A, 0x46, 0xD0, 0x70, 0x48, 0x78, 0x50, 0x71,
    0x88, 0x78, 0x90, 0x71, 0x18, 0x48, 0x04, 0x90, 0x1D, 0x46, 0x68, 0x46,
    0x01, 0xF0, 0x22, 0xFE, 0x00, 0x28, 0x03, 0xD0, 0x15, 0x4F, 0x38, 0x78,
    0x00, 0x28, 0x02, 0xD0, 0x03, 0x20, 0x09, 0xB0, 0xF0, 0xBD, 0x2B, 0x46,
    0x32, 0x46, 0x20, 0x46, 0x06, 0x99, 0x01, 0xF0, 0x19, 0xFE, 0x10, 0x4D,
    0xA4, 0x00, 0x28, 0x51, 0x01, 0x20, 0x38, 0x70, 0x01, 0xF0, 0x18, 0xFE,
    0x28, 0x59, 0xEE, 0xE7, 0x98, 0x26, 0x02, 0x20, 0x78, 0x00, 0x02, 0x20,
    0x80, 0xE1, 0x00, 0xE0, 0x00, 0x00, 0x0B, 0x40, 0x00, 0x08, 0x0B, 0x40,
    0x80, 0xE2, 0x00, 0xE0, 0x00, 0x00, 0x03, 0x40, 0x00, 0x08, 0x03, 0x40,
    0xE4, 0x04, 0x00, 0x00, 0x2C, 0x10, 0x02, 0x20, 0xB9, 0xCB, 0x01, 0x00,
    0xB9, 0x20, 0x02, 0x20, 0x20, 0x1E, 0x02, 0x20, 0xF8, 0xB5, 0x07, 0x46,
    0x08, 0x78, 0x00, 0x24, 0x0E, 0x46, 0x00, 0x28, 0x28, 0xD0, 0x08, 0x28,
    0x02, 0xD9, 0x08, 0x25, 0x08, 0x38, 0x01, 0xE0, 0x05, 0x46, 0x00, 0x20,
    0x30, 0x70, 0x38, 0x79, 0x31, 0x78, 0x40, 0x1A, 0x40, 0x1B, 0xC0, 0xB2,
    0x00, 0x90, 0x08, 0xE0, 0x00, 0x98, 0x00, 0x19, 0xC0, 0x19, 0x41, 0x79,
    0x0B, 0x48, 0x01, 0xF0, 0xE5, 0xFD, 0x64, 0x1C, 0xE4, 0xB2, 0xAC, 0x42,
    0xF4, 0xD3, 0x01, 0x21, 0x07, 0x48, 0x89, 0x02, 0xC1, 0x61, 0x02, 0x69,
    0x0A, 0x43, 0x02, 0x61, 0x30, 0x78, 0x00, 0x28, 0x01, 0xD0, 0x02, 0x20,
    0x00, 0xE0, 0x03, 0x20, 0x02, 0x49, 0x08, 0x70, 0xF8, 0xBD, 0x00, 0x00,
    0x00, 0x00, 0x07, 0x40, 0xB9, 0x20, 0x02, 0x20, 0x10, 0xB5, 0xEF, 0xF3,
    0x10, 0x84, 0xE4, 0x07, 0xE4, 0x0F, 0x72, 0xB6, 0x01, 0xF0, 0xCA, 0xFD,
    0x00, 0x2C, 0x00, 0xD1, 0x62, 0xB6, 0x10, 0xBD, 0xF7, 0xB5, 0x06, 0x46,
    0xEF, 0xF3, 0x10, 0x80, 0xC5, 0x07, 0xED, 0x0F, 0x72, 0xB6, 0x01, 0x98,
    0x19, 0x28, 0x26, 0xD1, 0x7B, 0x48, 0x7C, 0x49, 0x70, 0x43, 0x44, 0x18,
    0x60, 0x34, 0x20, 0x78, 0x80, 0x06, 0x11, 0xD5, 0x01, 0x21, 0x30, 0x46,
    0x00, 0xF0, 0x07, 0xFA, 0xDF, 0x27, 0x00, 0x28, 0x02, 0xD1, 0x20, 0x78,
    0x38, 0x40, 0x20, 0x70, 0x30, 0x46, 0x01, 0xF0, 0xAD, 0xFD, 0x01, 0x28,
    0x02, 0xD1, 0x20, 0x78, 0x38, 0x40, 0x20, 0x70, 0x20, 0x78, 0xC0, 0x06,
    0x09, 0xD5, 0x00, 0x21, 0x30, 0x46, 0x00, 0xF0, 0xF2, 0xF9, 0x00, 0x28,
    0x03, 0xD1, 0x20, 0x78, 0xEF, 0x21, 0x08, 0x40, 0x20, 0x70, 0x30, 0x46,
    0x02, 0x9A, 0x01, 0x99, 0x01, 0xF0, 0x9C, 0xFD, 0x00, 0x2D, 0x00, 0xD1,
    0x62, 0xB6, 0xFE, 0xBD, 0x10, 0xB5, 0xEF, 0xF3, 0x10, 0x83, 0xDC, 0x07,
    0xE4, 0x0F, 0x72, 0xB6, 0x01, 0xF0, 0x96, 0xFD, 0x00, 0x2C, 0x00, 0xD1,
    0x62, 0xB6, 0x10, 0xBD, 0xFE, 0xB5, 0x05, 0x46, 0x01, 0x23, 0x68, 0x46,
    0x03, 0x70, 0x0C, 0x46, 0x00, 0x20, 0x01, 0x90, 0x59, 0x49, 0x5A, 0x48,
    0x69, 0x43, 0x0A, 0x18, 0x19, 0x2C, 0x02, 0xD0, 0x33, 0x2C, 0x1A, 0xD0,
    0x1F, 0xE0, 0x16, 0x46, 0x60, 0x36, 0xB0, 0x78, 0x01, 0x07, 0x06, 0xD5,
    0x11, 0x46, 0x40, 0x31, 0x8F, 0x7F, 0xBF, 0x07, 0xBF, 0x0F, 0x1F, 0x43,
    0x8F, 0x77, 0x06, 0x21, 0x50, 0x4B, 0x69, 0x43, 0xC9, 0x18, 0x09, 0x79,
    0x01, 0x29, 0x26, 0xD0, 0x51, 0x7E, 0xC9, 0x07, 0x09, 0xD0, 0xBF, 0x21,
    0x08, 0x40, 0xB0, 0x70, 0x05, 0xE0, 0x11, 0x20, 0x40, 0x01, 0x10, 0x18,
    0x00, 0x78, 0xC0, 0x06, 0x19, 0xD5, 0x21, 0x46, 0x28, 0x46, 0x01, 0xF0,
    0x63, 0xFD, 0x57, 0x2C, 0x13, 0xD2, 0x6A, 0x46, 0x21, 0x46, 0x28, 0x46,
    0xFF, 0xF7, 0xB8, 0xFF, 0x6A, 0x46, 0x21, 0x46, 0x28, 0x46, 0xFF, 0xF7,
    0x79, 0xFF, 0x68, 0x46, 0x00, 0x78, 0x00, 0x28, 0x05, 0xD0, 0x6B, 0x46,
    0x01, 0xAA, 0x21, 0x46, 0x28, 0x46, 0xFF, 0xF7, 0x63, 0xFF, 0xFE, 0xBD,
    0xF0, 0xB5, 0x06, 0x46, 0x39, 0x48, 0x0F, 0x46, 0x01, 0x46, 0x87, 0xB0,
    0x0E, 0xC9, 0x04, 0xAC, 0x0E, 0xC4, 0x43, 0x69, 0x02, 0x69, 0xC1, 0x68,
    0x80, 0x69, 0x00, 0x24, 0x04, 0xAD, 0x02, 0x93, 0x01, 0x92, 0x00, 0x91,
    0x03, 0x90, 0x60, 0x00, 0x41, 0x19, 0x49, 0x78, 0x28, 0x5C, 0x33, 0x46,
    0x01, 0x22, 0x01, 0xF0, 0x37, 0xFD, 0x64, 0x1C, 0xE4, 0xB2, 0x06, 0x2C,
    0xF3, 0xD3, 0x28, 0x48, 0x28, 0x4A, 0x70, 0x43, 0x80, 0x18, 0x07, 0x22,
    0xD2, 0x01, 0x00, 0x21, 0x80, 0x18, 0x81, 0x75, 0x0A, 0x46, 0x33, 0x46,
    0x01, 0x21, 0x43, 0x20, 0x01, 0xF0, 0x24, 0xFD, 0x00, 0x2F, 0x1D, 0xD1,
    0x30, 0x46, 0x01, 0xF0, 0x25, 0xFD, 0x30, 0x46, 0x01, 0xF0, 0x28, 0xFD,
    0x00, 0x24, 0x6D, 0x46, 0x60, 0x00, 0x41, 0x19, 0x49, 0x78, 0x28, 0x5C,
    0x33, 0x46, 0x01, 0x22, 0x01, 0xF0, 0x12, 0xFD, 0x64, 0x1C, 0xE4, 0xB2,
    0x07, 0x2C, 0xF3, 0xD3, 0x19, 0x48, 0xC0, 0x6E, 0xC0, 0x06, 0x05, 0xD5,
    0x33, 0x46, 0x01, 0x22, 0x00, 0x21, 0x3F, 0x20, 0x01, 0xF0, 0x04, 0xFD,
    0x07, 0xB0, 0xF0, 0xBD, 0xF8, 0xB5, 0x15, 0x46, 0x0F, 0x46, 0x04, 0x46,
    0x01, 0x29, 0x01, 0xD1, 0x40, 0x19, 0xC4, 0xB2, 0x20, 0x46, 0x01, 0xF0,
    0x09, 0xFD, 0x06, 0x46, 0x2A, 0x46, 0x39, 0x46, 0x20, 0x46, 0x01, 0xF0,
    0x09, 0xFD, 0x2F, 0x2C, 0x0B, 0xD1, 0xFF, 0x28, 0x09, 0xD0, 0x09, 0x49,
    0x01, 0x23, 0x0A, 0x6D, 0x19, 0x46, 0xB1, 0x40, 0x0A, 0x40, 0xD2, 0x04,
    0x01, 0xD0, 0x18, 0x1A, 0x18, 0x40, 0xF8, 0xBD, 0xE4, 0x04, 0x00, 0x00,
    0x2C, 0x10, 0x02, 0x20, 0x40, 0x4F, 0x02, 0x20, 0x14, 0x4F, 0x02, 0x20,
    0xC8, 0x19, 0x02, 0x20, 0xF8, 0xB5, 0x04, 0x46, 0xFC, 0x4D, 0xFA, 0x4A,
    0xFA, 0x48, 0x11, 0x23, 0x65, 0x43, 0x11, 0x5D, 0x5B, 0x01, 0x28, 0x18,
    0xFF, 0x26, 0xC5, 0x18, 0x00, 0x29, 0x18, 0xD1, 0x29, 0x78, 0xEF, 0x23,
    0x19, 0x40, 0x29, 0x70, 0xC1, 0x7C, 0x49, 0x06, 0x11, 0xD5, 0x01, 0x6D,
    0xC9, 0x03, 0x05, 0xD4, 0x17, 0x21, 0x49, 0x01, 0x40, 0x18, 0x40, 0x7C,
    0x16, 0x28, 0x18, 0xD1, 0x02, 0x20, 0x10, 0x55, 0xEE, 0x48, 0xEF, 0x49,
    0x02, 0x5D, 0x20, 0x46, 0x01, 0xF0, 0xD0, 0xFC, 0x0F, 0xE0, 0x28, 0x78,
    0xC0, 0x06, 0xC7, 0x0F, 0x20, 0x46, 0x01, 0xF0, 0xCF, 0xFC, 0x06, 0x46,
    0x00, 0x2F, 0x06, 0xD1, 0x28, 0x78, 0xC0, 0x06, 0x03, 0xD5, 0x33, 0x21,
    0x20, 0x46, 0xFF, 0xF7, 0x03, 0xFF, 0x30, 0x46, 0xF8, 0xBD, 0x06, 0x21,
    0xE3, 0x4B, 0x10, 0xB5, 0x41, 0x43, 0x00, 0x22, 0xC9, 0x18, 0xCA, 0x70,
    0x01, 0xF0, 0xC0, 0xFC, 0x10, 0xBD, 0x70, 0xB5, 0x04, 0x46, 0xDF, 0x48,
    0x00, 0x78, 0xC0, 0x07, 0x0B, 0xD0, 0x06, 0x20, 0xDB, 0x4A, 0x60, 0x43,
    0x80, 0x18, 0x01, 0x21, 0xC1, 0x70, 0xDB, 0x4B, 0x64, 0x22, 0x21, 0x21,
    0x20, 0x46, 0x01, 0xF0, 0xB3, 0xFC, 0xD3, 0x48, 0xD1, 0x49, 0x60, 0x43,
    0x46, 0x18, 0x1D, 0x20, 0x40, 0x01, 0x31, 0x18, 0x48, 0x79, 0xC0, 0x09,
    0x06, 0xD0, 0x08, 0x79, 0x40, 0x07, 0x03, 0xD5, 0x01, 0x21, 0x20, 0x46,
    0xFF, 0xF7, 0xEA, 0xFC, 0x20, 0x46, 0x01, 0xF0, 0xA5, 0xFC, 0x05, 0x46,
    0x17, 0x20, 0x40, 0x01, 0x32, 0x18, 0x11, 0x7B, 0x0C, 0x20, 0x01, 0x43,
    0x11, 0x73, 0x08, 0x07, 0x81, 0x0F, 0x20, 0x46, 0x01, 0xF0, 0xA8, 0xFA,
    0x28, 0x46, 0x70, 0xBD, 0x10, 0xB5, 0x04, 0x46, 0x01, 0xF0, 0x98, 0xFC,
    0x00, 0x28, 0x04, 0xD0, 0x00, 0x21, 0x20, 0x46, 0x01, 0xF0, 0x98, 0xFC,
    0x04, 0xE0, 0x70, 0x22, 0xC1, 0x49, 0x20, 0x46, 0x01, 0xF0, 0x6E, 0xFC,
    0xC0, 0x48, 0x00, 0x5D, 0x10, 0xBD, 0x10, 0xB5, 0x04, 0x46, 0xB7, 0x48,
    0xB5, 0x4A, 0x60, 0x43, 0x80, 0x18, 0x11, 0x22, 0x52, 0x01, 0x00, 0x21,
    0x80, 0x18, 0x41, 0x74, 0x11, 0x21, 0x20, 0x46, 0x01, 0xF0, 0x86, 0xFC,
    0x19, 0x21, 0x20, 0x46, 0xFF, 0xF7, 0x9C, 0xFE, 0x20, 0x46, 0x01, 0xF0,
    0x85, 0xFC, 0xB4, 0x48, 0x00, 0x5D, 0x10, 0xBD, 0x10, 0xB5, 0x04, 0x46,
    0xAA, 0x48, 0xA9, 0x49, 0x60, 0x43, 0x41, 0x18, 0x11, 0x20, 0x40, 0x01,
    0x09, 0x18, 0x00, 0x22, 0x4A, 0x74, 0x01, 0x20, 0x08, 0x75, 0x20, 0x46,
    0x01, 0xF0, 0x72, 0xFC, 0xAA, 0x48, 0x00, 0x5D, 0x10, 0xBD, 0x70, 0xB5,
    0x04, 0x46, 0xA9, 0x48, 0x05, 0x5D, 0x20, 0x46, 0x01, 0xF0, 0x6E, 0xFC,
    0x06, 0x46, 0xA5, 0x48, 0x00, 0x5D, 0xA8, 0x42, 0x05, 0xD1, 0x9D, 0x48,
    0xA1, 0x49, 0x02, 0x5D, 0x20, 0x46, 0x01, 0xF0, 0x2D, 0xFC, 0x30, 0x46,
    0x70, 0xBD, 0x10, 0xB5, 0x7D, 0x21, 0x04, 0x46, 0x49, 0x01, 0x01, 0xF0,
    0x61, 0xFC, 0x20, 0x46, 0x01, 0xF0, 0x64, 0xFC, 0x97, 0x20, 0xC0, 0x00,
    0x9B, 0x49, 0x60, 0x43, 0x41, 0x18, 0x07, 0x20, 0xC0, 0x01, 0x09, 0x18,
    0x01, 0x22, 0x88, 0x68, 0x12, 0x07, 0x90, 0x43, 0x8D, 0x4A, 0x0F, 0x23,
    0x54, 0x43, 0x8B, 0x4A, 0x9B, 0x01, 0xA2, 0x18, 0xD2, 0x18, 0xD2, 0x68,
    0xD2, 0x00, 0xD2, 0x0F, 0x12, 0x07, 0x10, 0x43, 0x88, 0x60, 0x10, 0xBD,
    0x86, 0x49, 0x85, 0x4B, 0x41, 0x43, 0xC9, 0x18, 0x10, 0xB5, 0xFF, 0x31,
    0x00, 0x22, 0xC1, 0x31, 0xCA, 0x72, 0x06, 0x21, 0x84, 0x4B, 0x41, 0x43,
    0x5A, 0x54, 0xC9, 0x18, 0xCA, 0x70, 0x01, 0xF0, 0x3F, 0xFC, 0x10, 0xBD,
    0x7D, 0x49, 0x7C, 0x4A, 0x41, 0x43, 0x89, 0x18, 0x10, 0xB5, 0xFF, 0x31,
    0xC1, 0x31, 0xCA, 0x7A, 0x04, 0x2A, 0x03, 0xD1, 0xCA, 0x7B, 0xBF, 0x23,
    0x1A, 0x40, 0xCA, 0x73, 0x01, 0xF0, 0x34, 0xFC, 0x10, 0xBD, 0x75, 0x4B,
    0x02, 0x46, 0x5A, 0x43, 0x72, 0x4B, 0x30, 0xB5, 0xD2, 0x18, 0xFF, 0x23,
    0x15, 0x33, 0x01, 0x20, 0x9D, 0x5C, 0x83, 0x02, 0xD4, 0x18, 0xE3, 0x68,
    0x01, 0x2D, 0x10, 0xD0, 0x9B, 0x00, 0x5B, 0x0F, 0x01, 0x2B, 0x01, 0xD0,
    0x02, 0x2B, 0x26, 0xD1, 0xE3, 0x7A, 0x5B, 0x07, 0x5B, 0x0F, 0x03, 0x2B,
    0x21, 0xD9, 0x83, 0x23, 0xDB, 0x00, 0xD2, 0x18, 0x01, 0x29, 0x1D, 0xD0,
    0x12, 0xE0, 0x9B, 0x01, 0x5B, 0x0F, 0x01, 0x2B, 0x01, 0xD0, 0x02, 0x2B,
    0x15, 0xD1, 0xE3, 0x7A, 0x5B, 0x07, 0x5B, 0x0F, 0x1C, 0x1F, 0x03, 0x2C,
    0x0F, 0xD2, 0x9B, 0x00, 0xD2, 0x18, 0x81, 0x23, 0xDB, 0x00, 0xD2, 0x18,
    0x01, 0x29, 0x04, 0xD0, 0x00, 0x29, 0x06, 0xD1, 0x11, 0x68, 0xC9, 0x01,
    0x06, 0xE0, 0x11, 0x68, 0x89, 0x01, 0x03, 0xE0, 0x00, 0x20, 0x30, 0xBD,
    0x11, 0x68, 0x49, 0x01, 0x00, 0x29, 0xF9, 0xDA, 0x30, 0xBD, 0xF7, 0xB5,
    0x84, 0xB0, 0x04, 0x98, 0x60, 0x21, 0x48, 0x43, 0x5B, 0x49, 0x00, 0x24,
    0x45, 0x18, 0x50, 0x49, 0x04, 0x98, 0x16, 0x46, 0x48, 0x43, 0x4D, 0x49,
    0x02, 0x94, 0x40, 0x18, 0x11, 0x21, 0x89, 0x01, 0x40, 0x18, 0x00, 0x94,
    0x03, 0x90, 0x48, 0xE0, 0x05, 0x98, 0x00, 0x68, 0x00, 0x0C, 0x01, 0x90,
    0x5D, 0xD0, 0x01, 0x46, 0x04, 0x98, 0x01, 0xF0, 0xD9, 0xFB, 0x07, 0x46,
    0x01, 0x99, 0x04, 0x98, 0x01, 0xF0, 0xDA, 0xFB, 0x06, 0x2F, 0x07, 0xD2,
    0x00, 0x2E, 0x53, 0xD0, 0x01, 0x2E, 0x56, 0xD0, 0x01, 0x20, 0x39, 0x01,
    0x69, 0x18, 0xC8, 0x71, 0x32, 0x46, 0x21, 0x46, 0x01, 0x9B, 0x04, 0x98,
    0x01, 0xF0, 0xD0, 0xFB, 0x05, 0x98, 0x64, 0x1C, 0x00, 0x88, 0xE4, 0xB2,
    0x00, 0x04, 0x00, 0x0C, 0x01, 0x90, 0x3C, 0xD0, 0x01, 0x46, 0x04, 0x98,
    0x01, 0xF0, 0xB8, 0xFB, 0x07, 0x46, 0x01, 0x99, 0x04, 0x98, 0x01, 0xF0,
    0xB9, 0xFB, 0x06, 0x2F, 0x07, 0xD2, 0x00, 0x2E, 0x3C, 0xD0, 0x01, 0x2E,
    0x3F, 0xD0, 0x01, 0x20, 0x39, 0x01, 0x69, 0x18, 0xC8, 0x71, 0x32, 0x46,
    0x21, 0x46, 0x01, 0x9B, 0x04, 0x98, 0x01, 0xF0, 0xAF, 0xFB, 0x05, 0x98,
    0x64, 0x1C, 0x00, 0x1D, 0x05, 0x90, 0x00, 0x98, 0xE4, 0xB2, 0x40, 0x1C,
    0xC0, 0xB2, 0x00, 0x90, 0x03, 0x98, 0x00, 0x99, 0x40, 0x7F, 0x40, 0x1E,
    0x88, 0x42, 0xB1, 0xDC, 0x22, 0x49, 0x04, 0x98, 0x48, 0x43, 0x20, 0x49,
    0x40, 0x18, 0xFF, 0x30, 0x41, 0x30, 0xC1, 0x7A, 0x02, 0x2E, 0x21, 0xD2,
    0x09, 0x09, 0x09, 0x01, 0x08, 0x2C, 0x00, 0xD9, 0x08, 0x24, 0x22, 0x07,
    0x12, 0x0F, 0x11, 0x43, 0xC1, 0x72, 0x00, 0x21, 0x1F, 0xE0, 0x01, 0x20,
    0x02, 0x90, 0xE7, 0xE7, 0x01, 0x20, 0x39, 0x01, 0x69, 0x18, 0x88, 0x71,
    0xAC, 0xE7, 0x01, 0x20, 0x39, 0x01, 0x69, 0x18, 0x08, 0x72, 0xA7, 0xE7,
    0x01, 0x20, 0x39, 0x01, 0x69, 0x18, 0x88, 0x71, 0xC3, 0xE7, 0x01, 0x20,
    0x39, 0x01, 0x69, 0x18, 0x08, 0x72, 0xBE, 0xE7, 0x09, 0x07, 0x09, 0x0F,
    0x08, 0x2C, 0x00, 0xD9, 0x08, 0x24, 0x22, 0x01, 0x11, 0x43, 0xC1, 0x72,
    0x01, 0x21, 0x04, 0x98, 0x01, 0xF0, 0x6E, 0xFB, 0x00, 0x98, 0x06, 0x28,
    0x02, 0xD1, 0x02, 0x98, 0x00, 0x28, 0x1D, 0xD0, 0x00, 0x20, 0x07, 0xB0,
    0xF0, 0xBD, 0x00, 0x00, 0xEB, 0x1D, 0x02, 0x20, 0x2C, 0x10, 0x02, 0x20,
    0xE4, 0x04, 0x00, 0x00, 0xF6, 0x1D, 0x02, 0x20, 0x20, 0x4E, 0x00, 0x00,
    0x40, 0x4F, 0x02, 0x20, 0x50, 0x4F, 0x02, 0x20, 0x93, 0x30, 0x02, 0x20,
    0xFC, 0x6C, 0x00, 0x00, 0xF5, 0x1D, 0x02, 0x20, 0xA8, 0x00, 0x02, 0x20,
    0x10, 0x15, 0x02, 0x20, 0x08, 0x00, 0x02, 0x20, 0x01, 0x20, 0xE0, 0xE7,
    0x70, 0xB5, 0xF0, 0x4D, 0x01, 0x20, 0x28, 0x70, 0x01, 0xF0, 0x48, 0xFB,
    0x00, 0x24, 0x28, 0x5D, 0x00, 0x28, 0x0B, 0xD1, 0x00, 0x22, 0x05, 0x21,
    0x20, 0x46, 0x01, 0xF0, 0x45, 0xFB, 0x20, 0x46, 0x01, 0xF0, 0x48, 0xFB,
    0x03, 0x21, 0x20, 0x46, 0x00, 0xF0, 0x73, 0xFE, 0x64, 0x1C, 0x24, 0x06,
    0x24, 0x0E, 0xEC, 0xD0, 0x70, 0xBD, 0x10, 0xB5, 0x04, 0x46, 0x01, 0xF0,
    0x41, 0xFB, 0xE1, 0x4A, 0x01, 0x21, 0x11, 0x55, 0x10, 0xBD, 0x10, 0xB5,
    0x01, 0xF0, 0x40, 0xFB, 0x10, 0xBD, 0xDE, 0x49, 0xDE, 0x4A, 0x41, 0x43,
    0x89, 0x18, 0x10, 0xB5, 0xFF, 0x22, 0x1D, 0x32, 0x52, 0x58, 0x03, 0x24,
    0xD2, 0x00, 0x93, 0x0F, 0x01, 0x22, 0x92, 0x02, 0x8A, 0x18, 0xD1, 0x68,
    0x64, 0x05, 0xA1, 0x43, 0x02, 0x2B, 0x01, 0xD1, 0x5B, 0x05, 0xC9, 0x18,
    0xD1, 0x60, 0x01, 0xF0, 0x2D, 0xFB, 0x10, 0xBD, 0x10, 0xB5, 0x04, 0x46,
    0x01, 0xF0, 0x2E, 0xFB, 0x00, 0x28, 0x13, 0xD0, 0x06, 0x21, 0xD0, 0x4A,
    0x61, 0x43, 0x89, 0x18, 0xC9, 0x78, 0x01, 0x29, 0x0C, 0xD1, 0xCB, 0x49,
    0x4C, 0x43, 0xCB, 0x49, 0x62, 0x18, 0x17, 0x21, 0x49, 0x01, 0x51, 0x18,
    0x49, 0x7C, 0x08, 0x29, 0x02, 0xD0, 0x09, 0x29, 0x00, 0xD0, 0x00, 0x20,
    0x10, 0xBD, 0x10, 0xB5, 0x04, 0x46, 0x01, 0xF0, 0x19, 0xFB, 0x05, 0x21,
    0x20, 0x46, 0x01, 0xF0, 0x1B, 0xFB, 0x00, 0x28, 0x10, 0xD1, 0xBF, 0x48,
    0xBF, 0x49, 0x60, 0x43, 0x40, 0x18, 0x17, 0x21, 0x49, 0x01, 0x40, 0x18,
    0x40, 0x7C, 0x0B, 0x28, 0x06, 0xD1, 0x19, 0x21, 0x20, 0x46, 0x01, 0xF0,
    0x11, 0xFB, 0xBB, 0x49, 0x21, 0x20, 0x08, 0x55, 0x10, 0xBD, 0x10, 0xB5,
    0x04, 0x46, 0x01, 0xF0, 0x0F, 0xFB, 0x11, 0x28, 0x0F, 0xD1, 0xB3, 0x49,
    0xB3, 0x4A, 0x61, 0x43, 0x89, 0x18, 0x40, 0x31, 0xC9, 0x7D, 0x89, 0x07,
    0x89, 0x0F, 0x02, 0x29, 0x05, 0xD1, 0x2C, 0x21, 0x20, 0x46, 0x01, 0xF0,
    0x05, 0xFB, 0xB0, 0x48, 0x00, 0x5D, 0x10, 0xBD, 0x70, 0xB5, 0x05, 0x46,
    0x01, 0xF0, 0x04, 0xFB, 0x04, 0x46, 0x11, 0x28, 0x0A, 0xD1, 0x28, 0x46,
    0x01, 0xF0, 0x04, 0xFB, 0x00, 0x28, 0x05, 0xD0, 0x2C, 0x21, 0x28, 0x46,
    0x01, 0xF0, 0xF2, 0xFA, 0xA6, 0x48, 0x44, 0x5D, 0x20, 0x46, 0x70, 0xBD,
    0x82, 0x0F, 0x01, 0x2A, 0x0B, 0xD0, 0xA4, 0x4A, 0x02, 0x40, 0x83, 0x0F,
    0x0B, 0xD0, 0x80, 0x00, 0x83, 0x0D, 0x18, 0x05, 0x02, 0x43, 0x00, 0x29,
    0x07, 0xD0, 0x90, 0x00, 0x06, 0xE0, 0x80, 0x05, 0x80, 0x0D, 0x9E, 0x49,
    0x08, 0xE0, 0x00, 0x03, 0xF2, 0xE7, 0x10, 0x03, 0x91, 0x05, 0x80, 0x0D,
    0x89, 0x0D, 0x48, 0x43, 0xFF, 0x21, 0xF5, 0x31, 0x48, 0x43, 0x70, 0x47,
    0xF7, 0xB5, 0x82, 0xB0, 0x84, 0x46, 0x03, 0x98, 0x00, 0x90, 0x80, 0x0F,
    0x01, 0x90, 0x01, 0x22, 0x40, 0x00, 0x11, 0x46, 0x81, 0x40, 0x60, 0x46,
    0x87, 0x0F, 0x78, 0x00, 0x40, 0x1C, 0x82, 0x40, 0x0A, 0x43, 0xD5, 0xB2,
    0x01, 0x21, 0x60, 0x46, 0xFF, 0xF7, 0xCC, 0xFF, 0x06, 0x46, 0x01, 0x21,
    0x00, 0x98, 0xFF, 0xF7, 0xC7, 0xFF, 0x04, 0x46, 0x01, 0x98, 0x87, 0x42,
    0x17, 0xD0, 0xA8, 0x07, 0x08, 0xD0, 0xE8, 0x07, 0x01, 0xD0, 0xA6, 0x42,
    0x0C, 0xD8, 0xA8, 0x07, 0x07, 0xE0, 0xA6, 0x42, 0x08, 0xD2, 0x0A, 0xE0,
    0xE8, 0x06, 0x01, 0xD5, 0xA6, 0x42, 0x03, 0xD8, 0xA8, 0x06, 0x00, 0x28,
    0xF5, 0xDB, 0x02, 0xE0, 0x01, 0x20, 0x05, 0xB0, 0xEC, 0xE6, 0x00, 0x20,
    0xFB, 0xE7, 0xA8, 0x06, 0x01, 0x90, 0x80, 0x0F, 0x09, 0xD0, 0x00, 0x21,
    0x60, 0x46, 0xFF, 0xF7, 0xA3, 0xFF, 0x07, 0x46, 0x00, 0x21, 0x00, 0x98,
    0xFF, 0xF7, 0x9E, 0xFF, 0x01, 0xE0, 0x37, 0x46, 0x20, 0x46, 0xA6, 0x42,
    0xE8, 0xD8, 0xA6, 0x42, 0xE9, 0xD1, 0x01, 0x99, 0x89, 0x0F, 0x03, 0xD0,
    0x87, 0x42, 0xE1, 0xD8, 0x87, 0x42, 0xE2, 0xD1, 0x68, 0x49, 0x04, 0x98,
    0x48, 0x43, 0x68, 0x49, 0x08, 0x5C, 0xC2, 0x07, 0x60, 0x46, 0x00, 0x03,
    0x81, 0x0D, 0x03, 0x98, 0x00, 0x03, 0x80, 0x0D, 0x00, 0x2A, 0x04, 0xD0,
    0xAA, 0x07, 0x05, 0xD0, 0x81, 0x42, 0xD0, 0xD2, 0xCC, 0xE7, 0x81, 0x42,
    0xCD, 0xD9, 0xC9, 0xE7, 0x60, 0x46, 0x80, 0x00, 0x81, 0x0D, 0x00, 0x98,
    0x80, 0x00, 0x80, 0x0D, 0xF2, 0xE7, 0xF7, 0xB5, 0x82, 0xB0, 0x69, 0x46,
    0xC9, 0x7B, 0x00, 0x24, 0x89, 0x09, 0x0D, 0xD1, 0x6D, 0x46, 0xE9, 0x89,
    0x5C, 0x4B, 0x19, 0x40, 0xAB, 0x7B, 0x6D, 0x7B, 0x1B, 0x02, 0x2B, 0x43,
    0x1B, 0x05, 0x9B, 0x0D, 0x1B, 0x01, 0x19, 0x43, 0x6D, 0x46, 0xE9, 0x81,
    0x81, 0x0F, 0x05, 0xD1, 0x53, 0x49, 0x01, 0x40, 0x00, 0x03, 0x80, 0x0D,
    0x00, 0x05, 0x08, 0x43, 0x07, 0x46, 0x00, 0x03, 0x81, 0x0D, 0x4A, 0x48,
    0x00, 0x91, 0x42, 0x43, 0x49, 0x48, 0x10, 0x18, 0x40, 0x68, 0x02, 0x03,
    0x92, 0x0D, 0x91, 0x42, 0x29, 0xD3, 0xB9, 0x00, 0x80, 0x05, 0x8E, 0x0D,
    0x80, 0x0D, 0x86, 0x42, 0x23, 0xD8, 0x03, 0x98, 0x01, 0xF0, 0x40, 0xFA,
    0x05, 0x46, 0x00, 0x21, 0x38, 0x46, 0xFF, 0xF7, 0x3B, 0xFF, 0x01, 0x46,
    0xB8, 0x0F, 0x04, 0xD0, 0x01, 0x28, 0x0D, 0xD0, 0x02, 0x28, 0x14, 0xD1,
    0x0A, 0xE0, 0x6B, 0x46, 0x9A, 0x7B, 0x5B, 0x7B, 0x12, 0x02, 0x1A, 0x43,
    0x12, 0x05, 0x00, 0x98, 0x92, 0x0D, 0x90, 0x42, 0x06, 0xD9, 0x08, 0xE0,
    0x68, 0x46, 0xC0, 0x89, 0x80, 0x04, 0x80, 0x0D, 0x86, 0x42, 0x02, 0xD8,
    0xA9, 0x42, 0x00, 0xD8, 0x01, 0x24, 0x20, 0x46, 0x6D, 0xE7, 0xF1, 0xB5,
    0x84, 0xB0, 0x04, 0x98, 0x01, 0xF0, 0x1E, 0xFA, 0x2C, 0x4A, 0x04, 0x99,
    0x03, 0x90, 0x2C, 0x4B, 0x51, 0x43, 0x40, 0x00, 0xCE, 0x18, 0x40, 0x0F,
    0x80, 0x00, 0x30, 0x18, 0x80, 0x30, 0x40, 0x68, 0x01, 0x90, 0x02, 0x90,
    0x68, 0x46, 0xC0, 0x79, 0x00, 0x24, 0x37, 0x46, 0xE4, 0x43, 0x82, 0x09,
    0x40, 0x37, 0x03, 0x2A, 0x07, 0xD0, 0x58, 0x58, 0x00, 0x28, 0x10, 0xD0,
    0x58, 0x58, 0x00, 0x28, 0x31, 0xD0, 0x00, 0x25, 0x2C, 0xE0, 0x00, 0x20,
    0x39, 0x78, 0x03, 0xE0, 0x03, 0x2A, 0x04, 0xD0, 0x40, 0x1C, 0xC0, 0xB2,
    0x81, 0x42, 0xF9, 0xD8, 0x25, 0xE0, 0x44, 0xB2, 0x23, 0xE0, 0x00, 0x24,
    0x21, 0xE0, 0xA8, 0x00, 0x0F, 0x21, 0x30, 0x18, 0x89, 0x01, 0x40, 0x18,
    0xC0, 0x68, 0x01, 0x90, 0x60, 0x1C, 0x03, 0xD0, 0xA0, 0x00, 0x30, 0x18,
    0x40, 0x18, 0xC0, 0x68, 0x00, 0x90, 0x04, 0x9A, 0x02, 0x99, 0x01, 0x98,
    0xFF, 0xF7, 0x65, 0xFF, 0x00, 0x28, 0x07, 0xD0, 0x04, 0x9A, 0x00, 0x99,
    0x01, 0x98, 0xFF, 0xF7, 0xEF, 0xFE, 0x00, 0x28, 0x00, 0xD0, 0x2C, 0x46,
    0x6D, 0x1C, 0x6D, 0xB2, 0x38, 0x78, 0xA8, 0x42, 0xDD, 0xDC, 0x60, 0x1C,
    0x00, 0xD1, 0x00, 0x24, 0x64, 0x1C, 0xFF, 0x36, 0x61, 0x36, 0xF4, 0x75,
    0x03, 0x98, 0x10, 0xE7, 0x58, 0x4F, 0x02, 0x20, 0xE4, 0x04, 0x00, 0x00,
    0x2C, 0x10, 0x02, 0x20, 0x40, 0x4F, 0x02, 0x20, 0xEB, 0x1D, 0x02, 0x20,
    0xF5, 0x1D, 0x02, 0x20, 0xFF, 0xFF, 0x0F, 0xC0, 0x90, 0xD0, 0x03, 0x00,
    0x0F, 0xC0, 0xFF, 0xFF, 0x7C, 0xB5, 0x4B, 0x4D, 0x2C, 0x46, 0x6E, 0x6E,
    0x60, 0x34, 0xAD, 0x6E, 0x00, 0x96, 0x01, 0x95, 0x01, 0xF0, 0xB0, 0xF9,
    0x72, 0xB6, 0xA0, 0x88, 0xC0, 0x05, 0x40, 0x0F, 0x02, 0x28, 0x14, 0xD1,
    0x68, 0x46, 0x00, 0x88, 0xC0, 0x05, 0x40, 0x0F, 0x02, 0x28, 0x04, 0xD0,
    0x41, 0x49, 0x00, 0x20, 0x08, 0x60, 0x41, 0x49, 0x08, 0x60, 0x41, 0x48,
    0x00, 0x6D, 0xC0, 0x02, 0x05, 0xD5, 0x40, 0x4A, 0x50, 0x21, 0x09, 0x20,
    0x01, 0xF0, 0x28, 0xF8, 0x02, 0xE0, 0x09, 0x20, 0x01, 0xF0, 0x98, 0xF9,
    0x62, 0xB6, 0x7C, 0xBD, 0x70, 0xB5, 0x06, 0x46, 0x3A, 0x48, 0x81, 0x5D,
    0x34, 0x29, 0x3D, 0xD0, 0x37, 0x29, 0x3B, 0xD0, 0xA2, 0x29, 0x39, 0xD0,
    0x06, 0x29, 0x37, 0xD0, 0x0A, 0x29, 0x35, 0xD0, 0x0B, 0x29, 0x33, 0xD0,
    0x34, 0x4A, 0xB0, 0x00, 0x13, 0x58, 0x34, 0x4D, 0x2F, 0x4C, 0x75, 0x43,
    0x2C, 0x19, 0x25, 0x46, 0x60, 0x35, 0x00, 0x2B, 0x11, 0xD0, 0x58, 0x01,
    0x2B, 0xD4, 0x28, 0x29, 0x24, 0xD0, 0x20, 0x6D, 0x80, 0x02, 0x19, 0xD5,
    0x00, 0x22, 0x11, 0x46, 0x2B, 0x20, 0x01, 0xF0, 0x1F, 0xF8, 0x00, 0x28,
    0x1F, 0xD1, 0x20, 0x6D, 0x80, 0x02, 0x0F, 0xD4, 0x1B, 0xE0, 0x60, 0x68,
    0x80, 0x00, 0x81, 0x0D, 0xA0, 0x6F, 0x00, 0x07, 0x80, 0x0F, 0x03, 0x28,
    0x0F, 0xD0, 0x02, 0x28, 0x0F, 0xD0, 0x01, 0x28, 0x0A, 0xD1, 0x12, 0x20,
    0x88, 0x42, 0x0C, 0xD3, 0x28, 0x7F, 0xFF, 0x28, 0x04, 0xD1, 0x00, 0x22,
    0x11, 0x46, 0x30, 0x46, 0x01, 0xF0, 0x58, 0xF9, 0x70, 0xBD, 0x3C, 0x20,
    0xF2, 0xE7, 0x1E, 0x20, 0xF0, 0xE7, 0x29, 0x7F, 0xFF, 0x29, 0xF7, 0xD0,
    0x30, 0x46, 0x01, 0xF0, 0x53, 0xF9, 0xFF, 0x20, 0x28, 0x77, 0x70, 0xBD,
    0x70, 0xB5, 0x04, 0x46, 0x0D, 0x46, 0x00, 0x78, 0x13, 0x49, 0x00, 0x02,
    0x40, 0x18, 0x06, 0x6B, 0x07, 0x20, 0x00, 0x03, 0x06, 0x40, 0x29, 0x46,
    0x20, 0x46, 0x01, 0xF0, 0x47, 0xF9, 0x60, 0x78, 0x00, 0x28, 0x07, 0xD1,
    0xE0, 0x78, 0x00, 0x28, 0x04, 0xD1, 0x40, 0x21, 0xE8, 0x68, 0x0E, 0x43,
    0x30, 0x43, 0xE8, 0x60, 0x70, 0xBD, 0x00, 0x00, 0xC8, 0x19, 0x02, 0x20,
    0x4C, 0x4F, 0x02, 0x20, 0x48, 0x4F, 0x02, 0x20, 0x2C, 0x10, 0x02, 0x20,
    0x3B, 0x2A, 0x02, 0x20, 0xF5, 0x1D, 0x02, 0x20, 0xEC, 0x1D, 0x02, 0x20,
    0xE4, 0x04, 0x00, 0x00, 0x40, 0x09, 0x09, 0x40, 0x70, 0xB5, 0x0D, 0x46,
    0x04, 0x46, 0x01, 0xF0, 0x29, 0xF9, 0x09, 0x49, 0x09, 0x78, 0x48, 0x07,
    0x0D, 0xD5, 0x08, 0x48, 0x44, 0x43, 0x08, 0x48, 0x20, 0x18, 0xFF, 0x30,
    0x01, 0x30, 0xC1, 0x7C, 0x00, 0x29, 0x04, 0xD1, 0x00, 0x2D, 0x02, 0xD0,
    0x41, 0x7D, 0x89, 0x1C, 0x41, 0x75, 0x70, 0xBD, 0x50, 0x4F, 0x02, 0x20,
    0xE4, 0x04, 0x00, 0x00, 0x2C, 0x10, 0x02, 0x20, 0x10, 0xB5, 0x04, 0x46,
    0x01, 0xF0, 0x12, 0xF9, 0xFB, 0x49, 0x88, 0x42, 0x08, 0xD1, 0xFB, 0x4A,
    0x00, 0x21, 0x8B, 0x00, 0xD3, 0x58, 0xA3, 0x42, 0x03, 0xD1, 0x08, 0x46,
    0xFF, 0x30, 0x47, 0x30, 0x10, 0xBD, 0x49, 0x1C, 0x03, 0x29, 0xF4, 0xD3,
    0x10, 0xBD, 0xFF, 0xB5, 0x83, 0xB0, 0x14, 0x46, 0xFF, 0x22, 0x04, 0x98,
    0x19, 0x32, 0x01, 0x25, 0x00, 0x27, 0x81, 0x1A, 0x90, 0x42, 0x25, 0xD0,
    0x0D, 0xDC, 0xF0, 0x4B, 0x03, 0x99, 0xEE, 0x4A, 0xFF, 0x38, 0x59, 0x43,
    0x05, 0x38, 0x8E, 0x18, 0x00, 0x28, 0x7C, 0xD0, 0x03, 0x28, 0x2C, 0xD0,
    0x0A, 0x28, 0x27, 0xD1, 0x1C, 0xE0, 0xEA, 0x48, 0xEA, 0x4A, 0x2F, 0x29,
    0x02, 0xD0, 0x30, 0x29, 0x20, 0xD1, 0x05, 0xE0, 0xC1, 0x6A, 0x23, 0x78,
    0x01, 0x20, 0x98, 0x40, 0x01, 0x43, 0x04, 0xE0, 0xC1, 0x6A, 0x23, 0x78,
    0x01, 0x20, 0x98, 0x40, 0x81, 0x43, 0x11, 0x60, 0x0D, 0x98, 0x00, 0x25,
    0x07, 0x60, 0x0F, 0xE0, 0xE0, 0x48, 0x03, 0x99, 0x40, 0x5C, 0x27, 0x28,
    0x44, 0xD0, 0x09, 0xE0, 0x03, 0x98, 0x01, 0xF0, 0xCD, 0xF8, 0x00, 0x28,
    0x3E, 0xD0, 0xDB, 0x48, 0x03, 0x99, 0x40, 0x5C, 0x28, 0x28, 0x39, 0xD0,
    0x28, 0x46, 0x07, 0xB0, 0xF0, 0xBD, 0x97, 0x21, 0x03, 0x98, 0xC9, 0x00,
    0x48, 0x43, 0xD6, 0x49, 0x40, 0x18, 0xD1, 0x49, 0x50, 0x39, 0x41, 0x18,
    0x01, 0x91, 0x21, 0x78, 0x4D, 0x07, 0xFF, 0x21, 0x79, 0x31, 0x89, 0x59,
    0x6D, 0x0F, 0x00, 0x29, 0x24, 0xD0, 0x00, 0x2D, 0x22, 0xD0, 0x09, 0x21,
    0xC9, 0x01, 0x47, 0x18, 0xB8, 0x8A, 0x07, 0x21, 0x40, 0x09, 0x40, 0x01,
    0x0F, 0x30, 0x09, 0x03, 0x88, 0x43, 0x29, 0x03, 0x08, 0x43, 0xB8, 0x82,
    0x01, 0x98, 0xAA, 0x00, 0x61, 0x1C, 0x00, 0x92, 0x00, 0x1D, 0x01, 0xF0,
    0xA1, 0xF8, 0x07, 0x20, 0x40, 0x1B, 0x81, 0x00, 0x00, 0x9A, 0x01, 0x98,
    0x10, 0x18, 0x00, 0x1D, 0x01, 0xF0, 0x9E, 0xF8, 0x20, 0x78, 0x80, 0x06,
    0x80, 0x0F, 0x03, 0x28, 0x02, 0xD0, 0x07, 0xE0, 0x03, 0x27, 0xAF, 0xE7,
    0xFF, 0x21, 0x14, 0x31, 0x89, 0x5D, 0x00, 0x29, 0x00, 0xD1, 0x04, 0x20,
    0x38, 0x74, 0x20, 0x78, 0x00, 0x07, 0xC1, 0x0F, 0x07, 0x20, 0xC0, 0x01,
    0x30, 0x18, 0x81, 0x73, 0x61, 0x7F, 0xC9, 0x07, 0xC9, 0x0F, 0xC1, 0x73,
    0xA1, 0x7F, 0x01, 0x74, 0x00, 0xE0, 0x11, 0xE0, 0xEF, 0xF3, 0x10, 0x81,
    0xCC, 0x07, 0xE4, 0x0F, 0x72, 0xB6, 0x01, 0x21, 0x41, 0x73, 0x18, 0x21,
    0x06, 0x9B, 0x04, 0x9A, 0x03, 0x98, 0x00, 0xF0, 0x23, 0xFF, 0x07, 0x46,
    0x00, 0x2C, 0x89, 0xD1, 0x62, 0xB6, 0x87, 0xE7, 0x03, 0x98, 0x01, 0xF0,
    0x71, 0xF8, 0x03, 0x25, 0x00, 0x28, 0x12, 0xD0, 0x01, 0xF0, 0x72, 0xF8,
    0x00, 0x28, 0x36, 0xD0, 0xA3, 0x48, 0x00, 0x68, 0xA3, 0x49, 0x88, 0x42,
    0x0C, 0xD0, 0xA1, 0x48, 0x01, 0x78, 0x44, 0x29, 0x05, 0xD1, 0x41, 0x78,
    0x53, 0x29, 0x02, 0xD1, 0x80, 0x78, 0x43, 0x28, 0x02, 0xD0, 0x0D, 0x98,
    0x05, 0x60, 0x6B, 0xE7, 0x03, 0x21, 0x09, 0x02, 0x26, 0x20, 0x71, 0x18,
    0x88, 0x73, 0x04, 0x21, 0x03, 0x98, 0x01, 0xF0, 0x5B, 0xF8, 0x30, 0x46,
    0x40, 0x30, 0xC1, 0x7D, 0x29, 0x43, 0xC1, 0x75, 0x22, 0x78, 0x00, 0x2A,
    0x07, 0xD0, 0x7D, 0x20, 0x40, 0x01, 0x42, 0x43, 0x92, 0x4B, 0x0B, 0x21,
    0x03, 0x98, 0x00, 0xF0, 0x49, 0xFF, 0x8E, 0x48, 0x90, 0x49, 0x01, 0x60,
    0x03, 0x99, 0x31, 0x31, 0xC1, 0x70, 0x19, 0x21, 0x01, 0x20, 0x49, 0x01,
    0x71, 0x18, 0x48, 0x75, 0x46, 0xE7, 0x0D, 0x98, 0x7F, 0x49, 0x01, 0x60,
    0x42, 0xE7, 0x08, 0xB5, 0x89, 0x48, 0x00, 0x6A, 0x00, 0x90, 0x08, 0xBD,
    0x08, 0xB5, 0x7C, 0x4A, 0x6B, 0x46, 0x12, 0x1F, 0x12, 0x68, 0x00, 0x92,
    0x00, 0x22, 0x80, 0x00, 0x1B, 0x58, 0x0A, 0xE0, 0x88, 0x42, 0x06, 0xD1,
    0x90, 0x00, 0x10, 0x18, 0x40, 0x1C, 0x18, 0x18, 0x01, 0xF0, 0x2A, 0xF8,
    0x08, 0xBD, 0x52, 0x1C, 0xD2, 0xB2, 0x90, 0x00, 0x10, 0x18, 0x18, 0x5C,
    0xFF, 0x28, 0xEF, 0xD1, 0x00, 0x20, 0x08, 0xBD, 0xF7, 0xB5, 0x7A, 0x49,
    0x06, 0x46, 0x0D, 0x46, 0x48, 0x6E, 0x82, 0xB0, 0x60, 0x35, 0x89, 0x6E,
    0x77, 0x4F, 0x01, 0x91, 0x00, 0x90, 0x38, 0x7D, 0x03, 0x99, 0x44, 0x07,
    0x64, 0x0F, 0x30, 0x46, 0x01, 0xF0, 0x14, 0xF8, 0x01, 0x90, 0x03, 0x98,
    0x20, 0x28, 0x02, 0xD0, 0x29, 0x28, 0x35, 0xD1, 0x14, 0xE0, 0x70, 0x48,
    0x00, 0x78, 0x00, 0x07, 0x06, 0xD5, 0x02, 0x2C, 0x01, 0xD0, 0x03, 0x2C,
    0x02, 0xD1, 0x38, 0x7D, 0x40, 0x07, 0x04, 0xD0, 0x04, 0x21, 0x30, 0x46,
    0x01, 0xF0, 0x04, 0xF8, 0x24, 0xE0, 0x09, 0x21, 0x30, 0x46, 0x01, 0xF0,
    0x05, 0xF8, 0x1F, 0xE0, 0x59, 0x49, 0xA8, 0x88, 0x4E, 0x43, 0x57, 0x49,
    0xC0, 0x05, 0x71, 0x18, 0x09, 0x6D, 0x40, 0x0F, 0xC9, 0x02, 0x12, 0xD5,
    0x02, 0x28, 0x13, 0xD1, 0x68, 0x46, 0x00, 0x88, 0xC0, 0x05, 0x40, 0x0F,
    0x02, 0x28, 0x04, 0xD0, 0x5D, 0x49, 0x00, 0x20, 0x08, 0x60, 0x5D, 0x49,
    0x08, 0x60, 0x5D, 0x4A, 0x50, 0x21, 0x09, 0x20, 0x00, 0xF0, 0x1A, 0xFE,
    0x02, 0xE0, 0x09, 0x20, 0x00, 0xF0, 0x8A, 0xFF, 0x01, 0x98, 0x05, 0xB0,
    0xF0, 0xBD, 0x48, 0x49, 0x10, 0xB5, 0x46, 0x4A, 0x41, 0x43, 0x8C, 0x18,
    0xE0, 0x21, 0x09, 0x59, 0xCB, 0x06, 0x0A, 0x0C, 0x09, 0x06, 0xDB, 0x0E,
    0x89, 0x0F, 0x01, 0x2B, 0x14, 0xD1, 0xFF, 0x23, 0x1B, 0x02, 0x9A, 0x42,
    0x10, 0xD1, 0x02, 0x29, 0x01, 0xD0, 0x03, 0x29, 0x0C, 0xD1, 0x40, 0x49,
    0x09, 0x5C, 0x60, 0x29, 0x08, 0xD0, 0x00, 0xF0, 0xCB, 0xFF, 0x00, 0x28,
    0x04, 0xD1, 0xFF, 0x34, 0x41, 0x34, 0xE0, 0x78, 0x02, 0x28, 0x01, 0xD0,
    0x01, 0x20, 0x10, 0xBD, 0x00, 0x20, 0x10, 0xBD, 0xF8, 0xB5, 0xDC, 0x21,
    0x02, 0x46, 0x4A, 0x43, 0x42, 0x49, 0x55, 0x18, 0x2C, 0x46, 0x20, 0x34,
    0x27, 0x79, 0x2E, 0x7C, 0x21, 0x7E, 0x00, 0x91, 0x00, 0xF0, 0xB8, 0xFF,
    0x68, 0x7E, 0x01, 0x28, 0x00, 0xD1, 0x27, 0x71, 0x68, 0x79, 0x01, 0x28,
    0x00, 0xD1, 0x2E, 0x74, 0x60, 0x7B, 0x01, 0x28, 0x01, 0xD1, 0x00, 0x98,
    0x20, 0x76, 0xF8, 0xBD, 0xFF, 0xB5, 0x81, 0xB0, 0x07, 0x46, 0x03, 0x98,
    0x02, 0x28, 0x01, 0xD0, 0x01, 0x20, 0xB2, 0xE7, 0x97, 0x20, 0xC0, 0x00,
    0x39, 0x46, 0x41, 0x43, 0x24, 0x48, 0x08, 0x18, 0x30, 0x49, 0x45, 0x18,
    0x2F, 0x49, 0x0B, 0x39, 0x41, 0x18, 0x00, 0x91, 0x07, 0x21, 0xC9, 0x01,
    0x44, 0x18, 0x0A, 0x99, 0xC9, 0x03, 0xC9, 0x1D, 0xE1, 0x80, 0xA2, 0x88,
    0x07, 0x21, 0x09, 0x03, 0x8A, 0x43, 0x0A, 0x99, 0x00, 0x29, 0x00, 0xD0,
    0x02, 0x21, 0x09, 0x03, 0x0A, 0x43, 0xA2, 0x80, 0x13, 0x49, 0x3A, 0x46,
    0x4A, 0x43, 0x11, 0x49, 0x56, 0x18, 0x71, 0x22, 0xD2, 0x00, 0x31, 0x46,
    0x80, 0x18, 0x42, 0x31, 0x06, 0x22, 0x00, 0xF0, 0x3B, 0xFF, 0x06, 0x21,
    0x1E, 0x4A, 0x79, 0x43, 0x89, 0x18, 0x00, 0x98, 0x49, 0x79, 0x01, 0x73,
    0xFF, 0x20, 0x14, 0x30, 0x80, 0x5D, 0x01, 0x28, 0x34, 0xD0, 0x00, 0x20,
    0x28, 0x70, 0x0A, 0x98, 0x00, 0x28, 0x36, 0xD0, 0xA0, 0x88, 0x40, 0x04,
    0x43, 0x0F, 0x35, 0xE0, 0x21, 0x43, 0x4D, 0x44, 0x34, 0x4F, 0x02, 0x20,
    0x2C, 0x10, 0x02, 0x20, 0xE4, 0x04, 0x00, 0x00, 0x00, 0x07, 0x06, 0x40,
    0x00, 0x06, 0x06, 0x40, 0xF5, 0x1D, 0x02, 0x20, 0x10, 0x15, 0x02, 0x20,
    0xA0, 0x00, 0x02, 0x20, 0x41, 0x50, 0x50, 0x20, 0xB1, 0xCA, 0x01, 0x00,
    0x44, 0x53, 0x43, 0x20, 0x00, 0x80, 0x03, 0x20, 0xC8, 0x19, 0x02, 0x20,
    0xE8, 0x1A, 0x02, 0x20, 0x50, 0x4F, 0x02, 0x20, 0x4C, 0x4F, 0x02, 0x20,
    0x48, 0x4F, 0x02, 0x20, 0x3B, 0x2A, 0x02, 0x20, 0x0C, 0x1D, 0x02, 0x20,
    0x8D, 0x03, 0x00, 0x00, 0x40, 0x4F, 0x02, 0x20, 0x19, 0x21, 0x49, 0x01,
    0x71, 0x18, 0x28, 0x78, 0x89, 0x7D, 0x08, 0x43, 0xC4, 0xE7, 0xE0, 0x88,
    0xC3, 0x05, 0xDB, 0x0D, 0x01, 0x20, 0x00, 0x90, 0x38, 0x46, 0x03, 0x9A,
    0x02, 0x99, 0x00, 0xF0, 0x2B, 0xFF, 0x00, 0x20, 0x33, 0xE7, 0x00, 0x00,
    0x83, 0x07, 0xFF, 0x22, 0xDB, 0x0E, 0x9A, 0x40, 0x89, 0x07, 0x09, 0x0E,
    0x99, 0x40, 0x00, 0x28, 0x0B, 0xDA, 0x00, 0x07, 0x00, 0x0F, 0x08, 0x38,
    0x83, 0x08, 0x0E, 0x48, 0x9B, 0x00, 0x18, 0x18, 0xC3, 0x69, 0x93, 0x43,
    0x0B, 0x43, 0xC3, 0x61, 0x70, 0x47, 0x83, 0x08, 0x0A, 0x48, 0x9B, 0x00,
    0x18, 0x18, 0x03, 0x68, 0x93, 0x43, 0x0B, 0x43, 0x03, 0x60, 0x70, 0x47,
    0x10, 0xB5, 0x00, 0xF0, 0x0D, 0xFF, 0x00, 0x21, 0x19, 0x20, 0xFF, 0xF7,
    0xDB, 0xFF, 0x00, 0x21, 0x1A, 0x20, 0xFF, 0xF7, 0xD7, 0xFF, 0x10, 0xBD,
    0x00, 0xED, 0x00, 0xE0, 0x00, 0xE4, 0x00, 0xE0, 0x10, 0xB5, 0x31, 0x48,
    0x81, 0x69, 0x49, 0x1C, 0x00, 0x24, 0x81, 0x61, 0x01, 0x21, 0x20, 0x46,
    0x00, 0xF0, 0xFC, 0xFE, 0x64, 0x1C, 0x24, 0x06, 0x24, 0x0E, 0xF7, 0xD0,
    0x2B, 0x48, 0x00, 0xF0, 0xFB, 0xFE, 0x00, 0xF0, 0xFF, 0xFE, 0x10, 0xBD,
    0x70, 0xB5, 0x06, 0x46, 0xFF, 0x20, 0x91, 0x30, 0x00, 0xF0, 0xF2, 0xFE,
    0x26, 0x48, 0x31, 0x02, 0x0D, 0x18, 0x6C, 0x68, 0x60, 0x00, 0x80, 0x0F,
    0x04, 0xD0, 0xE4, 0x00, 0xE4, 0x08, 0x30, 0x46, 0x00, 0xF0, 0xF2, 0xFE,
    0x00, 0xF0, 0xF6, 0xFE, 0x09, 0x20, 0xC0, 0x06, 0x04, 0x42, 0x23, 0xD0,
    0x01, 0x21, 0x30, 0x46, 0x00, 0xF0, 0xF4, 0xFE, 0x1C, 0x49, 0x30, 0x46,
    0x48, 0x43, 0x1C, 0x49, 0x22, 0x01, 0x40, 0x18, 0x03, 0x21, 0x09, 0x02,
    0x41, 0x18, 0x00, 0x2A, 0x01, 0xDA, 0x07, 0x20, 0x02, 0xE0, 0x60, 0x00,
    0x01, 0xD5, 0x08, 0x20, 0x88, 0x73, 0xFF, 0x21, 0x30, 0x46, 0x00, 0xF0,
    0xE5, 0xFE, 0x14, 0x4B, 0x14, 0x4A, 0x28, 0x21, 0x30, 0x46, 0x00, 0xF0,
    0x83, 0xFD, 0x01, 0x20, 0xC0, 0x06, 0x68, 0x60, 0xC0, 0x00, 0x68, 0x60,
    0x60, 0x01, 0x02, 0xD5, 0x01, 0x20, 0x80, 0x06, 0x68, 0x60, 0xA0, 0x00,
    0x02, 0xD5, 0x01, 0x20, 0x40, 0x07, 0x68, 0x60, 0xE0, 0x01, 0x05, 0xD5,
    0x30, 0x46, 0x00, 0xF0, 0xD1, 0xFE, 0x01, 0x20, 0x00, 0x06, 0x68, 0x60,
    0x70, 0xBD, 0x00, 0x00, 0x7C, 0x26, 0x02, 0x20, 0x00, 0x71, 0x02, 0x00,
    0x00, 0x09, 0x09, 0x40, 0xE4, 0x04, 0x00, 0x00, 0x2C, 0x10, 0x02, 0x20,
    0x61, 0xD7, 0x01, 0x00, 0xB8, 0x08, 0x00, 0x00, 0x10, 0xB5, 0x0C, 0x49,
    0x0D, 0x4C, 0x0A, 0x5C, 0x0B, 0x49, 0x01, 0x23, 0x41, 0x43, 0x09, 0x19,
    0xFF, 0x31, 0x61, 0x31, 0x3F, 0x2A, 0x04, 0xD0, 0x32, 0x2A, 0x04, 0xD0,
    0x4A, 0x2A, 0x04, 0xD0, 0x04, 0xE0, 0x0B, 0x75, 0x02, 0xE0, 0x8B, 0x74,
    0x00, 0xE0, 0xCB, 0x74, 0x00, 0xF0, 0xAC, 0xFE, 0x10, 0xBD, 0x00, 0x00,
    0xF5, 0x1D, 0x02, 0x20, 0xE4, 0x04, 0x00, 0x00, 0x2C, 0x10, 0x02, 0x20,
    0xFF, 0xB5, 0x07, 0x46, 0x31, 0x49, 0x30, 0x48, 0x1D, 0x78, 0x79, 0x43,
    0x0E, 0x18, 0x83, 0xB0, 0x1C, 0x46, 0x10, 0x2D, 0x0D, 0xD1, 0x08, 0x22,
    0xA1, 0x1C, 0x68, 0x46, 0x00, 0xF0, 0x16, 0xFE, 0x68, 0x46, 0x00, 0x88,
    0x00, 0x06, 0x04, 0xD5, 0xFF, 0x20, 0x0F, 0x30, 0x80, 0x5D, 0x00, 0x28,
    0x08, 0xD0, 0x23, 0x46, 0x38, 0x46, 0x05, 0x9A, 0x04, 0x99, 0x00, 0xF0,
    0x8B, 0xFE, 0x06, 0x00, 0x0E, 0xD0, 0x3F, 0xE0, 0x12, 0x21, 0x20, 0x46,
    0x00, 0xF0, 0x06, 0xFE, 0x0D, 0x20, 0x80, 0x01, 0x30, 0x18, 0x01, 0x69,
    0x08, 0x22, 0x11, 0x43, 0x01, 0x61, 0x03, 0x20, 0x07, 0xB0, 0xF0, 0xBD,
    0x1A, 0x48, 0x61, 0x1C, 0x47, 0x43, 0x18, 0x48, 0x38, 0x18, 0x40, 0x30,
    0x07, 0x2D, 0x02, 0xD0, 0x12, 0x2D, 0x27, 0xD1, 0x0D, 0xE0, 0xC0, 0x7D,
    0x80, 0x07, 0x80, 0x0F, 0x02, 0x28, 0x21, 0xD1, 0x60, 0x78, 0xA2, 0x78,
    0x6B, 0x46, 0x5A, 0x70, 0x01, 0x22, 0x10, 0x43, 0x18, 0x70, 0x08, 0x70,
    0x18, 0xE0, 0x80, 0x7E, 0xC1, 0x07, 0x03, 0xD0, 0x00, 0x07, 0x40, 0x0F,
    0x04, 0x28, 0x11, 0xD1, 0x00, 0x20, 0x00, 0x90, 0x01, 0x90, 0x69, 0x46,
    0x02, 0x90, 0x88, 0x78, 0xF7, 0x21, 0x08, 0x40, 0x69, 0x46, 0x88, 0x70,
    0x60, 0x78, 0x08, 0x70, 0xA0, 0x78, 0x48, 0x70, 0x09, 0x22, 0x60, 0x1C,
    0x00, 0xF0, 0xC4, 0xFD, 0x30, 0x46, 0xC9, 0xE7, 0x2C, 0x10, 0x02, 0x20,
    0xE4, 0x04, 0x00, 0x00, 0x10, 0xB5, 0x04, 0x46, 0x06, 0x49, 0x00, 0x20,
    0x08, 0x55, 0x20, 0x46, 0x00, 0xF0, 0x40, 0xFE, 0x00, 0x2C, 0x04, 0xD1,
    0x03, 0x48, 0x01, 0x79, 0x89, 0x08, 0x89, 0x00, 0x01, 0x71, 0x10, 0xBD,
    0x58, 0x4F, 0x02, 0x20, 0x28, 0x1A, 0x02, 0x20, 0x83, 0x07, 0xFF, 0x22,
    0xDB, 0x0E, 0x9A, 0x40, 0x89, 0x07, 0x09, 0x0E, 0x99, 0x40, 0x00, 0x28,
    0x0B, 0xDA, 0x00, 0x07, 0x00, 0x0F, 0x08, 0x38, 0x83, 0x08, 0x96, 0x48,
    0x9B, 0x00, 0x18, 0x18, 0xC3, 0x69, 0x93, 0x43, 0x0B, 0x43, 0xC3, 0x61,
    0x70, 0x47, 0x83, 0x08, 0x92, 0x48, 0x9B, 0x00, 0x18, 0x18, 0x03, 0x68,
    0x93, 0x43, 0x0B, 0x43, 0x03, 0x60, 0x70, 0x47, 0x8F, 0x49, 0x90, 0x4A,
    0x41, 0x43, 0x89, 0x18, 0x19, 0x22, 0x10, 0xB5, 0x52, 0x01, 0x8A, 0x18,
    0x12, 0x78, 0x60, 0x2A, 0x02, 0xD0, 0x00, 0xF0, 0x0F, 0xFE, 0x10, 0xBD,
    0x03, 0x22, 0x12, 0x02, 0x89, 0x18, 0xCA, 0x7D, 0x01, 0x2A, 0x08, 0xD0,
    0x02, 0x2A, 0xF6, 0xD1, 0x89, 0x7E, 0x00, 0x29, 0xF3, 0xD1, 0x1B, 0x21,
    0x00, 0xF0, 0x06, 0xFE, 0x10, 0xBD, 0x49, 0x7E, 0xF7, 0xE7, 0x10, 0xB5,
    0x04, 0x46, 0x00, 0xF0, 0x05, 0xFE, 0x7E, 0x49, 0x20, 0x46, 0x48, 0x43,
    0x7D, 0x49, 0x41, 0x18, 0x19, 0x20, 0x40, 0x01, 0x08, 0x18, 0x00, 0x78,
    0x4E, 0x28, 0x07, 0xD1, 0x00, 0x21, 0x20, 0x46, 0x00, 0xF0, 0xFC, 0xFD,
    0x01, 0x21, 0x20, 0x46, 0x00, 0xF0, 0xFE, 0xFD, 0x10, 0xBD, 0x10, 0xB5,
    0xEF, 0xF3, 0x10, 0x82, 0xD4, 0x07, 0xE4, 0x0F, 0x72, 0xB6, 0x0C, 0x29,
    0x0D, 0xD0, 0x06, 0xDC, 0x09, 0x29, 0x0A, 0xD0, 0x0A, 0x29, 0x08, 0xD0,
    0x0B, 0x29, 0x0E, 0xD1, 0x05, 0xE0, 0x0D, 0x29, 0x03, 0xD0, 0x1E, 0x29,
    0x01, 0xD0, 0x1F, 0x29, 0x07, 0xD1, 0x69, 0x4A, 0x69, 0x4B, 0x42, 0x43,
    0xD2, 0x18, 0x40, 0x32, 0x92, 0x7E, 0xD2, 0x07, 0x01, 0xD0, 0x00, 0xF0,
    0xE3, 0xFD, 0x00, 0x2C, 0x00, 0xD1, 0x62, 0xB6, 0x10, 0xBD, 0x70, 0xB5,
    0x0C, 0x46, 0x05, 0x46, 0x0A, 0x21, 0x00, 0xF0, 0xD1, 0xFC, 0x21, 0x46,
    0x28, 0x46, 0x00, 0xF0, 0xDB, 0xFD, 0x70, 0xBD, 0x70, 0xB5, 0x05, 0x46,
    0x5B, 0x48, 0x29, 0x46, 0x41, 0x43, 0x5B, 0x48, 0x0E, 0x18, 0x03, 0x20,
    0x00, 0x02, 0x30, 0x18, 0x81, 0x7E, 0x42, 0x7E, 0x91, 0x42, 0x01, 0xD9,
    0x01, 0x24, 0x00, 0xE0, 0x00, 0x24, 0x00, 0x2C, 0x01, 0xD0, 0x02, 0x21,
    0x00, 0xE0, 0x01, 0x21, 0xC1, 0x75, 0x28, 0x46, 0x00, 0xF0, 0xC6, 0xFD,
    0x4F, 0x48, 0x50, 0x49, 0x68, 0x43, 0x41, 0x18, 0x40, 0x31, 0x88, 0x7E,
    0x00, 0x2C, 0x06, 0xD0, 0x10, 0x22, 0x10, 0x43, 0x88, 0x76, 0x01, 0x22,
    0x2B, 0x46, 0x11, 0x46, 0x05, 0xE0, 0xEF, 0x22, 0x10, 0x40, 0x88, 0x76,
    0x01, 0x22, 0x2B, 0x46, 0x00, 0x21, 0x03, 0x20, 0x00, 0xF0, 0xDA, 0xFB,
    0x17, 0x20, 0x40, 0x01, 0x30, 0x18, 0x00, 0x7B, 0x00, 0x07, 0x81, 0x0F,
    0x28, 0x46, 0x00, 0xF0, 0x17, 0xFA, 0x70, 0xBD, 0x10, 0xB5, 0x40, 0x49,
    0x09, 0x7E, 0x49, 0x06, 0x0B, 0xD5, 0x3C, 0x4A, 0x3D, 0x49, 0x50, 0x43,
    0x3B, 0x4A, 0xC0, 0x31, 0x80, 0x18, 0x19, 0x22, 0x52, 0x01, 0x09, 0x79,
    0x80, 0x18, 0x01, 0x72, 0x10, 0xBD, 0x00, 0xF0, 0x97, 0xFD, 0x10, 0xBD,
    0x10, 0xB5, 0x04, 0x46, 0x00, 0xF0, 0x98, 0xFD, 0x32, 0x48, 0x33, 0x49,
    0x60, 0x43, 0x41, 0x18, 0x08, 0x6D, 0x80, 0x00, 0x17, 0xD4, 0xFF, 0x31,
    0xC1, 0x31, 0xC8, 0x7B, 0xC0, 0x43, 0x80, 0x07, 0x11, 0xD1, 0x0A, 0x69,
    0x50, 0x00, 0x40, 0x0F, 0x02, 0x28, 0x03, 0xD0, 0x01, 0x28, 0x03, 0xD0,
    0x50, 0x21, 0x04, 0xE0, 0x54, 0x21, 0x00, 0xE0, 0x52, 0x21, 0x90, 0x04,
    0x03, 0xD5, 0x01, 0x22, 0x20, 0x46, 0x00, 0xF0, 0x7F, 0xFD, 0x10, 0xBD,
    0x10, 0xB5, 0x04, 0x46, 0x00, 0xF0, 0x80, 0xFD, 0x00, 0x28, 0x09, 0xD0,
    0x1F, 0x49, 0x4C, 0x43, 0x1F, 0x49, 0x61, 0x18, 0xFF, 0x31, 0x01, 0x31,
    0x89, 0x7B, 0x00, 0x29, 0x00, 0xD1, 0x00, 0x20, 0x10, 0xBD, 0x10, 0xB5,
    0x04, 0x46, 0x00, 0xF0, 0x75, 0xFD, 0x18, 0x48, 0x18, 0x49, 0x60, 0x43,
    0x40, 0x18, 0x17, 0x21, 0x49, 0x01, 0x40, 0x18, 0x00, 0x7B, 0x00, 0x07,
    0x81, 0x0F, 0x20, 0x46, 0x00, 0xF0, 0xBC, 0xF9, 0x10, 0xBD, 0x70, 0xB5,
    0x05, 0x46, 0x72, 0xB6, 0x00, 0x21, 0x1A, 0x20, 0xFF, 0xF7, 0xDE, 0xFE,
    0x62, 0xB6, 0x01, 0x22, 0x06, 0x20, 0x0F, 0x49, 0x68, 0x43, 0x44, 0x18,
    0x22, 0x71, 0x28, 0x46, 0x00, 0xF0, 0x5C, 0xFD, 0x00, 0x20, 0x20, 0x71,
    0x19, 0x21, 0x28, 0x46, 0xFE, 0xF7, 0xC0, 0xFD, 0x72, 0xB6, 0x03, 0x21,
    0x1A, 0x20, 0xFF, 0xF7, 0xC9, 0xFE, 0x62, 0xB6, 0x70, 0xBD, 0x00, 0x00,
    0x00, 0xED, 0x00, 0xE0, 0x00, 0xE4, 0x00, 0xE0, 0xE4, 0x04, 0x00, 0x00,
    0x2C, 0x10, 0x02, 0x20, 0xC8, 0x19, 0x02, 0x20, 0x40, 0x4F, 0x02, 0x20,
    0x7C, 0xB5, 0x04, 0x46, 0x2A, 0xA2, 0x05, 0xCA, 0x03, 0x26, 0x01, 0x92,
    0x00, 0x90, 0x00, 0x29, 0x24, 0xD0, 0x29, 0x48, 0x29, 0x4A, 0x60, 0x43,
    0x80, 0x18, 0xFF, 0x22, 0x14, 0x32, 0x12, 0x5C, 0x00, 0x2A, 0x08, 0xD1,
    0x26, 0x4B, 0xA2, 0x00, 0x9A, 0x58, 0x52, 0x00, 0x52, 0x0F, 0x01, 0x2A,
    0x01, 0xD8, 0x24, 0x4D, 0x14, 0xE0, 0xFF, 0x30, 0x61, 0x30, 0xC0, 0x7E,
    0x80, 0x09, 0x03, 0x28, 0x00, 0xD0, 0x0A, 0x39, 0x06, 0x20, 0x20, 0x4A,
    0x60, 0x43, 0x80, 0x18, 0x80, 0x78, 0x6A, 0x46, 0x40, 0x07, 0x40, 0x0F,
    0x10, 0x5C, 0x48, 0x43, 0x45, 0x08, 0x01, 0xE0, 0x00, 0x25, 0x02, 0x26,
    0x02, 0x21, 0x20, 0x46, 0x00, 0xF0, 0x14, 0xFD, 0x03, 0x2E, 0x0D, 0xD1,
    0x17, 0x48, 0x45, 0x43, 0xA8, 0x0C, 0xFF, 0x28, 0x00, 0xD9, 0xFF, 0x20,
    0x15, 0x4A, 0x21, 0x02, 0x89, 0x18, 0x48, 0x61, 0x31, 0x46, 0x20, 0x46,
    0x00, 0xF0, 0x04, 0xFD, 0x7C, 0xBD, 0x0B, 0x49, 0x0B, 0x4A, 0x41, 0x43,
    0x89, 0x18, 0x10, 0xB5, 0xFF, 0x31, 0x01, 0x31, 0xCA, 0x7C, 0x0E, 0x49,
    0x01, 0x2A, 0x04, 0xD0, 0x08, 0x22, 0x0A, 0x70, 0x00, 0xF0, 0xFA, 0xFC,
    0x10, 0xBD, 0x05, 0x22, 0xF9, 0xE7, 0x00, 0x00, 0x5F, 0x5A, 0x55, 0x50,
    0x4B, 0x46, 0x3C, 0x32, 0xE4, 0x04, 0x00, 0x00, 0x2C, 0x10, 0x02, 0x20,
    0xEC, 0x1D, 0x02, 0x20, 0x13, 0x0D, 0x00, 0x00, 0x40, 0x4F, 0x02, 0x20,
    0x67, 0x0A, 0x00, 0x00, 0x80, 0x09, 0x09, 0x40, 0x04, 0x00, 0x02, 0x20,
    0x10, 0xB5, 0x04, 0x46, 0x00, 0xF0, 0xE4, 0xFC, 0x4D, 0x48, 0x0B, 0x21,
    0x44, 0x43, 0x4D, 0x48, 0x89, 0x01, 0x20, 0x18, 0x41, 0x18, 0x09, 0x8D,
    0x89, 0x07, 0x0A, 0xD1, 0x11, 0x21, 0x49, 0x01, 0x41, 0x18, 0x49, 0x7C,
    0x00, 0x29, 0x04, 0xD0, 0x17, 0x22, 0x00, 0x21, 0x52, 0x01, 0x80, 0x18,
    0x41, 0x72, 0x10, 0xBD, 0x10, 0xB5, 0x04, 0x46, 0x00, 0xF0, 0xD0, 0xFC,
    0x40, 0x48, 0x44, 0x43, 0x40, 0x48, 0x21, 0x18, 0xCA, 0x1D, 0xFF, 0x32,
    0xFA, 0x32, 0xD3, 0x6B, 0x10, 0x20, 0x83, 0x43, 0x20, 0x31, 0x08, 0x79,
    0xC0, 0x07, 0xC0, 0x0E, 0x03, 0x43, 0xD3, 0x63, 0x10, 0xBD, 0x38, 0x4A,
    0x38, 0x4B, 0x42, 0x43, 0xD2, 0x18, 0x10, 0xB5, 0xFF, 0x23, 0x15, 0x33,
    0x9B, 0x5C, 0x01, 0x2B, 0x02, 0xD0, 0x00, 0xF0, 0xB9, 0xFC, 0x10, 0xBD,
    0x8F, 0x21, 0x89, 0x00, 0x51, 0x18, 0x0B, 0x68, 0x80, 0x21, 0x8B, 0x43,
    0x30, 0x49, 0x00, 0x22, 0x09, 0x5C, 0xC9, 0x07, 0x09, 0x0E, 0x0B, 0x43,
    0xFF, 0x21, 0x01, 0x31, 0x8B, 0x43, 0x2D, 0x49, 0x09, 0x5C, 0xC9, 0x07,
    0xC9, 0x0D, 0x0B, 0x43, 0x78, 0x21, 0x8B, 0x43, 0x10, 0x21, 0x00, 0xF0,
    0xA5, 0xFC, 0x10, 0xBD, 0xFE, 0xB5, 0x06, 0x46, 0x69, 0x46, 0x00, 0xF0,
    0xA5, 0xFC, 0x22, 0x48, 0x22, 0x49, 0x70, 0x43, 0x44, 0x18, 0x61, 0x20,
    0x00, 0x5D, 0xC0, 0x07, 0x27, 0xD0, 0x1E, 0x48, 0xE1, 0x1D, 0x1E, 0x4A,
    0xF9, 0x31, 0x70, 0x43, 0x01, 0x91, 0x85, 0x18, 0x09, 0x7D, 0xFF, 0x35,
    0xC1, 0x35, 0x01, 0x29, 0x0C, 0xD1, 0xEF, 0xF3, 0x10, 0x80, 0xC7, 0x07,
    0xFF, 0x0F, 0x72, 0xB6, 0xE9, 0x6B, 0x02, 0x91, 0x30, 0x46, 0x00, 0xF0,
    0x8D, 0xFC, 0x00, 0x2F, 0x00, 0xD1, 0x62, 0xB6, 0x01, 0x98, 0x00, 0x7D,
    0x00, 0x28, 0x0A, 0xD1, 0xA8, 0x6B, 0x00, 0x99, 0x88, 0x42, 0x06, 0xD0,
    0x11, 0x20, 0x40, 0x01, 0x20, 0x18, 0x81, 0x7C, 0x04, 0x22, 0x11, 0x43,
    0x81, 0x74, 0x30, 0x46, 0x00, 0xF0, 0x7A, 0xFA, 0xFE, 0xBD, 0x08, 0x49,
    0x08, 0x4A, 0x41, 0x43, 0x89, 0x18, 0x11, 0x22, 0x10, 0xB5, 0x92, 0x01,
    0x89, 0x18, 0x49, 0x68, 0x89, 0x00, 0x49, 0x0F, 0x04, 0x29, 0x01, 0xD1,
    0x00, 0xF0, 0x6E, 0xFC, 0x10, 0xBD, 0x00, 0x00, 0xE4, 0x04, 0x00, 0x00,
    0x2C, 0x10, 0x02, 0x20, 0x95, 0x25, 0x02, 0x20, 0x96, 0x25, 0x02, 0x20,
    0x70, 0xB5, 0x05, 0x46, 0x00, 0x29, 0x03, 0xD0, 0x01, 0x21, 0x00, 0xF0,
    0x63, 0xFC, 0x70, 0xBD, 0xFF, 0xF7, 0x94, 0xFE, 0x00, 0x28, 0xFA, 0xD0,
    0xC0, 0x48, 0x2C, 0x46, 0x44, 0x43, 0xC0, 0x48, 0x21, 0x18, 0x09, 0x6D,
    0x89, 0x02, 0xF2, 0xD5, 0x00, 0x5D, 0x40, 0x06, 0x04, 0xD5, 0xBD, 0x49,
    0xA8, 0x00, 0x08, 0x58, 0x40, 0x01, 0xEA, 0xD4, 0x00, 0x21, 0x28, 0x46,
    0x00, 0xF0, 0x50, 0xFC, 0x70, 0xBD, 0xF8, 0xB5, 0x1C, 0x46, 0x15, 0x46,
    0x00, 0x29, 0x22, 0xD0, 0x01, 0x29, 0x20, 0xD0, 0x02, 0x29, 0x1E, 0xD0,
    0xB1, 0x49, 0xB4, 0x4B, 0x41, 0x43, 0xB1, 0x4A, 0x86, 0x00, 0x98, 0x59,
    0x8F, 0x18, 0x41, 0x00, 0x49, 0x0F, 0x89, 0x00, 0x7A, 0x18, 0x87, 0x21,
    0x89, 0x5C, 0x89, 0x09, 0x1E, 0xD0, 0x02, 0x29, 0x1C, 0xD0, 0x01, 0x29,
    0x21, 0xD0, 0x40, 0x06, 0x40, 0x0E, 0x32, 0x21, 0x48, 0x43, 0x28, 0x60,
    0x98, 0x59, 0x00, 0x03, 0x40, 0x0D, 0x14, 0x21, 0x48, 0x43, 0x20, 0x60,
    0xF8, 0xBD, 0x4A, 0x00, 0x48, 0x1E, 0x01, 0xD5, 0x00, 0x21, 0x00, 0xE0,
    0x49, 0x1E, 0x50, 0x18, 0x40, 0x1C, 0xFF, 0x21, 0xF5, 0x31, 0x48, 0x43,
    0x28, 0x60, 0xA0, 0x48, 0x18, 0x60, 0xF8, 0xBD, 0x00, 0x03, 0x80, 0x0D,
    0x0A, 0x21, 0x48, 0x43, 0x28, 0x60, 0x98, 0x59, 0x0F, 0xE0, 0x81, 0x32,
    0x51, 0x79, 0x12, 0x79, 0x09, 0x02, 0x11, 0x43, 0x00, 0x03, 0x98, 0x4A,
    0x09, 0x05, 0x80, 0x0D, 0x89, 0x0D, 0x50, 0x43, 0x00, 0xF0, 0x0A, 0xFC,
    0x28, 0x60, 0x93, 0x48, 0x80, 0x59, 0x40, 0x00, 0x40, 0x0F, 0x80, 0x00,
    0x38, 0x18, 0x81, 0x30, 0x41, 0x79, 0x02, 0x79, 0x08, 0x02, 0x10, 0x43,
    0x00, 0x05, 0x80, 0x0D, 0x32, 0x21, 0xC9, 0xE7, 0xF0, 0xB5, 0x8D, 0xB0,
    0x07, 0x46, 0x00, 0x20, 0x04, 0x46, 0x0A, 0x90, 0x0A, 0xAB, 0x0B, 0xAA,
    0x38, 0x46, 0xFF, 0xF7, 0x9A, 0xFF, 0x69, 0x46, 0x0F, 0x70, 0x56, 0x20,
    0x48, 0x70, 0x89, 0x78, 0xCA, 0x08, 0xD2, 0x00, 0x69, 0x46, 0x8A, 0x70,
    0x0F, 0x75, 0x48, 0x75, 0x88, 0x7D, 0xC0, 0x08, 0xC0, 0x00, 0x88, 0x75,
    0x6B, 0x20, 0xC8, 0x70, 0xC8, 0x75, 0x7F, 0x48, 0x03, 0x26, 0x00, 0x79,
    0x02, 0x25, 0x40, 0x07, 0x40, 0x0F, 0x00, 0x28, 0x54, 0xD0, 0x01, 0x28,
    0x78, 0xD0, 0x02, 0x28, 0x4E, 0xD1, 0x02, 0x22, 0x08, 0x21, 0x38, 0x46,
    0x00, 0xF0, 0x1C, 0xFA, 0x06, 0x20, 0x69, 0x46, 0x48, 0x71, 0x05, 0x20,
    0x48, 0x76, 0x0B, 0x98, 0x64, 0x21, 0x48, 0x43, 0x7D, 0x21, 0xC9, 0x00,
    0x00, 0xF0, 0xC0, 0xFB, 0x0B, 0x90, 0x64, 0x21, 0x0A, 0x98, 0x00, 0xF0,
    0xBB, 0xFB, 0x5C, 0x21, 0x48, 0x43, 0x64, 0x21, 0x00, 0xF0, 0xB6, 0xFB,
    0x69, 0x46, 0x0A, 0x90, 0x01, 0x24, 0x0E, 0x71, 0x0D, 0x76, 0x08, 0x79,
    0x02, 0x28, 0x77, 0xD0, 0x08, 0xAA, 0x08, 0x19, 0x12, 0x7B, 0x82, 0x71,
    0x08, 0xAA, 0x52, 0x7B, 0xC2, 0x71, 0xC0, 0x79, 0x2A, 0x1B, 0x51, 0x18,
    0x48, 0x71, 0x68, 0x46, 0x00, 0x7E, 0x02, 0x28, 0x6B, 0xD0, 0x05, 0xA9,
    0x08, 0xAA, 0x08, 0x19, 0x12, 0x7A, 0x82, 0x71, 0x08, 0xAA, 0x52, 0x7A,
    0xC2, 0x71, 0xC0, 0x79, 0x2A, 0x1B, 0x51, 0x18, 0x48, 0x71, 0x68, 0x46,
    0x00, 0xF0, 0x1A, 0xF9, 0x04, 0x46, 0x05, 0xA8, 0x00, 0xF0, 0x16, 0xF9,
    0x04, 0x43, 0x07, 0xD0, 0x56, 0x48, 0x01, 0x78, 0x00, 0x29, 0x03, 0xD1,
    0x01, 0x21, 0x01, 0x70, 0x00, 0xF0, 0x18, 0xF9, 0x0D, 0xB0, 0xF0, 0xBD,
    0x00, 0x22, 0x08, 0x21, 0x38, 0x46, 0x00, 0xF0, 0xCB, 0xF9, 0x0F, 0x20,
    0x69, 0x46, 0x48, 0x71, 0x0A, 0x20, 0x48, 0x76, 0x0B, 0x98, 0x64, 0x21,
    0x48, 0x43, 0x4C, 0x49, 0x00, 0xF0, 0x70, 0xFB, 0xFF, 0x38, 0xFF, 0x38,
    0x02, 0x38, 0x0B, 0x90, 0x19, 0x20, 0x0A, 0x99, 0xC0, 0x01, 0x08, 0x1A,
    0x5C, 0x21, 0x48, 0x43, 0x64, 0x21, 0x00, 0xF0, 0x63, 0xFB, 0xFF, 0x21,
    0x89, 0x01, 0x08, 0x40, 0x69, 0x46, 0x0A, 0x90, 0x0E, 0x76, 0x0D, 0x71,
    0xA9, 0xE7, 0xFF, 0xE7, 0x01, 0x22, 0x08, 0x21, 0x38, 0x46, 0x00, 0xF0,
    0xA5, 0xF9, 0x0F, 0x20, 0x69, 0x46, 0x48, 0x71, 0x0A, 0x20, 0x48, 0x76,
    0x0B, 0x98, 0x64, 0x21, 0x48, 0x43, 0x36, 0x49, 0x00, 0xF0, 0x4A, 0xFB,
    0x0B, 0x90, 0x19, 0x20, 0x0A, 0x99, 0xC0, 0x01, 0x08, 0x1A, 0x5C, 0x21,
    0x48, 0x43, 0x64, 0x21, 0x00, 0xF0, 0x40, 0xFB, 0xFF, 0x21, 0x89, 0x01,
    0x08, 0x40, 0x69, 0x46, 0x0A, 0x90, 0x0D, 0x71, 0x0E, 0x76, 0x86, 0xE7,
    0x00, 0xE0, 0x02, 0xE0, 0x88, 0x8D, 0xC8, 0x80, 0x8F, 0xE7, 0x69, 0x46,
    0x08, 0x8D, 0x48, 0x83, 0x9B, 0xE7, 0xFF, 0xB5, 0x81, 0xB0, 0x2A, 0x4E,
    0x40, 0x00, 0x0A, 0x9D, 0x0F, 0x46, 0x30, 0x60, 0x01, 0x29, 0x04, 0xD0,
    0x10, 0x46, 0x00, 0xF0, 0x29, 0xFB, 0x01, 0x28, 0x27, 0xD0, 0x30, 0x68,
    0x01, 0x21, 0x08, 0x43, 0x30, 0x60, 0x0B, 0x20, 0x02, 0x2F, 0x02, 0xD1,
    0x01, 0x2D, 0x00, 0xD1, 0x07, 0x20, 0x70, 0x60, 0x00, 0xF0, 0x20, 0xFB,
    0x00, 0x28, 0x02, 0xD0, 0x04, 0x20, 0x70, 0x60, 0x14, 0xE0, 0xB0, 0x68,
    0x04, 0x99, 0x01, 0x24, 0x08, 0x70, 0x01, 0x2D, 0x06, 0xD0, 0x6F, 0x1E,
    0xAC, 0x42, 0x1A, 0xD2, 0xBC, 0x42, 0x0C, 0xDA, 0x09, 0x20, 0x0B, 0xE0,
    0x02, 0x2F, 0x14, 0xD0, 0x04, 0x20, 0x70, 0x60, 0x00, 0xF0, 0x08, 0xFB,
    0x00, 0x28, 0x0E, 0xD0, 0x01, 0x20, 0x05, 0xB0, 0xF0, 0xBD, 0x05, 0x20,
    0x70, 0x60, 0x00, 0xF0, 0xFF, 0xFA, 0x00, 0x28, 0xDE, 0xD1, 0xB0, 0x68,
    0x04, 0x99, 0x08, 0x55, 0x64, 0x1C, 0xE4, 0xB2, 0xE2, 0xE7, 0x00, 0x20,
    0xEF, 0xE7, 0x00, 0x00, 0xE4, 0x04, 0x00, 0x00, 0x2C, 0x10, 0x02, 0x20,
    0xEC, 0x1D, 0x02, 0x20, 0xF0, 0x1D, 0x02, 0x20, 0x88, 0x13, 0x00, 0x00,
    0x50, 0x4F, 0x02, 0x20, 0xB9, 0x20, 0x02, 0x20, 0x10, 0x27, 0x00, 0x00,
    0x00, 0x00, 0x07, 0x40, 0x03, 0xB4, 0x01, 0x48, 0x01, 0x90, 0x01, 0xBD,
    0xA1, 0xB4, 0x01, 0x00, 0x03, 0xB4, 0x01, 0x48, 0x01, 0x90, 0x01, 0xBD,
    0x3F, 0xB8, 0x01, 0x00, 0x03, 0xB4, 0x01, 0x48, 0x01, 0x90, 0x01, 0xBD,
    0xEB, 0xC5, 0x01, 0x00, 0x03, 0xB4, 0x01, 0x48, 0x01, 0x90, 0x01, 0xBD,
    0xF9, 0xDB, 0x01, 0x00, 0x03, 0xB4, 0x01, 0x48, 0x01, 0x90, 0x01, 0xBD,
    0x7F, 0x1C, 0x00, 0x00, 0x03, 0xB4, 0x01, 0x48, 0x01, 0x90, 0x01, 0xBD,
    0x19, 0x1D, 0x00, 0x00, 0x03, 0xB4, 0x01, 0x48, 0x01, 0x90, 0x01, 0xBD,
    0x91, 0x1D, 0x00, 0x00, 0x03, 0xB4, 0x01, 0x48, 0x01, 0x90, 0x01, 0xBD,
    0xB7, 0xEB, 0x01, 0x00, 0x03, 0xB4, 0x01, 0x48, 0x01, 0x90, 0x01, 0xBD,
    0xF1, 0xC9, 0x01, 0x00, 0x03, 0xB4, 0x01, 0x48, 0x01, 0x90, 0x01, 0xBD,
    0xC3, 0xCE, 0x01, 0x00, 0x03, 0xB4, 0x01, 0x48, 0x01, 0x90, 0x01, 0xBD,
    0x63, 0xCE, 0x01, 0x00, 0x03, 0xB4, 0x01, 0x48, 0x01, 0x90, 0x01, 0xBD,
    0xB5, 0x21, 0x00, 0x00, 0x03, 0xB4, 0x01, 0x48, 0x01, 0x90, 0x01, 0xBD,
    0x61, 0x29, 0x00, 0x00, 0x03, 0xB4, 0x01, 0x48, 0x01, 0x90, 0x01, 0xBD,
    0x75, 0xCA, 0x01, 0x00, 0x03, 0xB4, 0x01, 0x48, 0x01, 0x90, 0x01, 0xBD,
    0x73, 0xD9, 0x01, 0x00, 0x03, 0xB4, 0x01, 0x48, 0x01, 0x90, 0x01, 0xBD,
    0x99, 0x35, 0x00, 0x00, 0x03, 0xB4, 0x01, 0x48, 0x01, 0x90, 0x01, 0xBD,
    0x69, 0xCD, 0x01, 0x00, 0x03, 0xB4, 0x01, 0x48, 0x01, 0x90, 0x01, 0xBD,
    0xF9, 0xCA, 0x01, 0x00, 0x03, 0xB4, 0x01, 0x48, 0x01, 0x90, 0x01, 0xBD,
    0x05, 0xCD, 0x01, 0x00, 0x03, 0xB4, 0x01, 0x48, 0x01, 0x90, 0x01, 0xBD,
    0xA5, 0xCC, 0x01, 0x00, 0x03, 0xB4, 0x01, 0x48, 0x01, 0x90, 0x01, 0xBD,
    0x85, 0x5D, 0x00, 0x00, 0x03, 0xB4, 0x01, 0x48, 0x01, 0x90, 0x01, 0xBD,
    0x57, 0xD5, 0x01, 0x00, 0x03, 0xB4, 0x01, 0x48, 0x01, 0x90, 0x01, 0xBD,
    0x2F, 0x5E, 0x00, 0x00, 0x03, 0xB4, 0x01, 0x48, 0x01, 0x90, 0x01, 0xBD,
    0xC5, 0x5F, 0x00, 0x00, 0x03, 0xB4, 0x01, 0x48, 0x01, 0x90, 0x01, 0xBD,
    0xAB, 0xCE, 0x01, 0x00, 0x03, 0xB4, 0x01, 0x48, 0x01, 0x90, 0x01, 0xBD,
    0xB7, 0xCE, 0x01, 0x00, 0x03, 0xB4, 0x01, 0x48, 0x01, 0x90, 0x01, 0xBD,
    0xDB, 0xCE, 0x01, 0x00, 0x03, 0xB4, 0x01, 0x48, 0x01, 0x90, 0x01, 0xBD,
    0x15, 0xCA, 0x01, 0x00, 0x03, 0xB4, 0x01, 0x48, 0x01, 0x90, 0x01, 0xBD,
    0x33, 0xC9, 0x01, 0x00, 0x03, 0xB4, 0x01, 0x48, 0x01, 0x90, 0x01, 0xBD,
    0x27, 0x67, 0x00, 0x00, 0x03, 0xB4, 0x01, 0x48, 0x01, 0x90, 0x01, 0xBD,
    0x21, 0xDB, 0x01, 0x00, 0x03, 0xB4, 0x01, 0x48, 0x01, 0x90, 0x01, 0xBD,
    0x09, 0xAE, 0x00, 0x00, 0x03, 0xB4, 0x01, 0x48, 0x01, 0x90, 0x01, 0xBD,
    0x31, 0xE5, 0x01, 0x00, 0x03, 0xB4, 0x01, 0x48, 0x01, 0x90, 0x01, 0xBD,
    0xED, 0xDB, 0x01, 0x00, 0x03, 0xB4, 0x01, 0x48, 0x01, 0x90, 0x01, 0xBD,
    0x39, 0xD8, 0x00, 0x00, 0x03, 0xB4, 0x01, 0x48, 0x01, 0x90, 0x01, 0xBD,
    0x2F, 0xCF, 0x01, 0x00, 0x03, 0xB4, 0x01, 0x48, 0x01, 0x90, 0x01, 0xBD,
    0x3F, 0xE2, 0x01, 0x00, 0x03, 0xB4, 0x01, 0x48, 0x01, 0x90, 0x01, 0xBD,
    0xF7, 0xD1, 0x01, 0x00, 0x03, 0xB4, 0x01, 0x48, 0x01, 0x90, 0x01, 0xBD,
    0x8D, 0x69, 0x00, 0x00, 0x03, 0xB4, 0x01, 0x48, 0x01, 0x90, 0x01, 0xBD,
    0xA9, 0xED, 0x00, 0x00, 0x03, 0xB4, 0x01, 0x48, 0x01, 0x90, 0x01, 0xBD,
    0x81, 0xDB, 0x01, 0x00, 0x03, 0xB4, 0x01, 0x48, 0x01, 0x90, 0x01, 0xBD,
    0x87, 0x71, 0x00, 0x00, 0x03, 0xB4, 0x01, 0x48, 0x01, 0x90, 0x01, 0xBD,
    0x97, 0xA3, 0x00, 0x00, 0x03, 0xB4, 0x01, 0x48, 0x01, 0x90, 0x01, 0xBD,
    0x05, 0xBC, 0x00, 0x00, 0x03, 0xB4, 0x01, 0x48, 0x01, 0x90, 0x01, 0xBD,
    0xF7, 0xD0, 0x01, 0x00, 0x03, 0xB4, 0x01, 0x48, 0x01, 0x90, 0x01, 0xBD,
    0xBF, 0xD2, 0x01, 0x00, 0x03, 0xB4, 0x01, 0x48, 0x01, 0x90, 0x01, 0xBD,
    0xCB, 0xD0, 0x01, 0x00, 0x03, 0xB4, 0x01, 0x48, 0x01, 0x90, 0x01, 0xBD,
    0x8F, 0xDC, 0x01, 0x00, 0x03, 0xB4, 0x01, 0x48, 0x01, 0x90, 0x01, 0xBD,
    0xEF, 0xC0, 0x00, 0x00, 0x03, 0xB4, 0x01, 0x48, 0x01, 0x90, 0x01, 0xBD,
    0xAF, 0xC7, 0x01, 0x00, 0x03, 0xB4, 0x01, 0x48, 0x01, 0x90, 0x01, 0xBD,
    0xED, 0xDC, 0x01, 0x00, 0x03, 0xB4, 0x01, 0x48, 0x01, 0x90, 0x01, 0xBD,
    0xFD, 0xF6, 0x00, 0x00, 0x03, 0xB4, 0x01, 0x48, 0x01, 0x90, 0x01, 0xBD,
    0x13, 0xEC, 0x00, 0x00, 0x03, 0xB4, 0x01, 0x48, 0x01, 0x90, 0x01, 0xBD,
    0xD1, 0x78, 0x00, 0x00, 0x03, 0xB4, 0x01, 0x48, 0x01, 0x90, 0x01, 0xBD,
    0xBD, 0xA4, 0x00, 0x00, 0x03, 0xB4, 0x01, 0x48, 0x01, 0x90, 0x01, 0xBD,
    0x5F, 0xB5, 0x00, 0x00, 0x03, 0xB4, 0x01, 0x48, 0x01, 0x90, 0x01, 0xBD,
    0x5F, 0xE0, 0x01, 0x00, 0x03, 0xB4, 0x01, 0x48, 0x01, 0x90, 0x01, 0xBD,
    0xBD, 0xDB, 0x01, 0x00, 0x03, 0xB4, 0x01, 0x48, 0x01, 0x90, 0x01, 0xBD,
    0x3D, 0xD9, 0x00, 0x00, 0x03, 0xB4, 0x01, 0x48, 0x01, 0x90, 0x01, 0xBD,
    0x5F, 0xCF, 0x01, 0x00, 0x03, 0xB4, 0x01, 0x48, 0x01, 0x90, 0x01, 0xBD,
    0xA7, 0xDF, 0x00, 0x00, 0x03, 0xB4, 0x01, 0x48, 0x01, 0x90, 0x01, 0xBD,
    0xCB, 0xCF, 0x01, 0x00, 0x03, 0xB4, 0x01, 0x48, 0x01, 0x90, 0x01, 0xBD,
    0x17, 0xCF, 0x01, 0x00, 0x03, 0xB4, 0x01, 0x48, 0x01, 0x90, 0x01, 0xBD,
    0x2F, 0x75, 0x00, 0x00, 0x03, 0xB4, 0x01, 0x48, 0x01, 0x90, 0x01, 0xBD,
    0x37, 0x10, 0x01, 0x00, 0x03, 0xB4, 0x01, 0x48, 0x01, 0x90, 0x01, 0xBD,
    0xC9, 0xDB, 0x01, 0x00, 0x03, 0xB4, 0x01, 0x48, 0x01, 0x90, 0x01, 0xBD,
    0x49, 0xD7, 0x01, 0x00, 0x03, 0xB4, 0x01, 0x48, 0x01, 0x90, 0x01, 0xBD,
    0x01, 0xD7, 0x01, 0x00, 0x03, 0xB4, 0x01, 0x48, 0x01, 0x90, 0x01, 0xBD,
    0xA3, 0x0D, 0x01, 0x00, 0x03, 0xB4, 0x01, 0x48, 0x01, 0x90, 0x01, 0xBD,
    0xEF, 0x1A, 0x01, 0x00, 0x03, 0xB4, 0x01, 0x48, 0x01, 0x90, 0x01, 0xBD,
    0x67, 0x3B, 0x00, 0x00, 0x03, 0xB4, 0x01, 0x48, 0x01, 0x90, 0x01, 0xBD,
    0x4B, 0xDE, 0x01, 0x00, 0x03, 0xB4, 0x01, 0x48, 0x01, 0x90, 0x01, 0xBD,
    0xF1, 0xE8, 0x01, 0x00, 0x03, 0xB4, 0x01, 0x48, 0x01, 0x90, 0x01, 0xBD,
    0x27, 0xE9, 0x01, 0x00, 0x03, 0xB4, 0x01, 0x48, 0x01, 0x90, 0x01, 0xBD,
    0x13, 0xE0, 0x01, 0x00, 0x03, 0xB4, 0x01, 0x48, 0x01, 0x90, 0x01, 0xBD,
    0x21, 0xCA, 0x01, 0x00, 0x03, 0xB4, 0x01, 0x48, 0x01, 0x90, 0x01, 0xBD,
    0x4F, 0xE5, 0x01, 0x00, 0x03, 0xB4, 0x01, 0x48, 0x01, 0x90, 0x01, 0xBD,
    0x3D, 0xE9, 0x01, 0x00, 0x03, 0xB4, 0x01, 0x48, 0x01, 0x90, 0x01, 0xBD,
    0x11, 0x2A, 0x00, 0x00, 0x03, 0xB4, 0x01, 0x48, 0x01, 0x90, 0x01, 0xBD,
    0x45, 0xC6, 0x01, 0x00, 0x03, 0xB4, 0x01, 0x48, 0x01, 0x90, 0x01, 0xBD,
    0x7F, 0xDD, 0x01, 0x00, 0x03, 0xB4, 0x01, 0x48, 0x01, 0x90, 0x01, 0xBD,
    0x85, 0xDC, 0x01, 0x00, 0x03, 0xB4, 0x01, 0x48, 0x01, 0x90, 0x01, 0xBD,
    0x17, 0xA2, 0x00, 0x00, 0x03, 0xB4, 0x01, 0x48, 0x01, 0x90, 0x01, 0xBD,
    0x39, 0xD8, 0x01, 0x00, 0x03, 0xB4, 0x01, 0x48, 0x01, 0x90, 0x01, 0xBD,
    0x57, 0x27, 0x01, 0x00, 0x03, 0xB4, 0x01, 0x48, 0x01, 0x90, 0x01, 0xBD,
    0x7B, 0xDE, 0x01, 0x00, 0x03, 0xB4, 0x01, 0x48, 0x01, 0x90, 0x01, 0xBD,
    0xD5, 0x00, 0x00, 0x00, 0x03, 0xB4, 0x01, 0x48, 0x01, 0x90, 0x01, 0xBD,
    0xA1, 0x2E, 0x01, 0x00, 0x03, 0xB4, 0x01, 0x48, 0x01, 0x90, 0x01, 0xBD,
    0x11, 0xDD, 0x01, 0x00, 0x03, 0xB4, 0x01, 0x48, 0x01, 0x90, 0x01, 0xBD,
    0xA5, 0xD9, 0x01, 0x00, 0x03, 0xB4, 0x01, 0x48, 0x01, 0x90, 0x01, 0xBD,
    0x97, 0xE5, 0x01, 0x00, 0x03, 0xB4, 0x01, 0x48, 0x01, 0x90, 0x01, 0xBD,
    0x6D, 0xD7, 0x01, 0x00, 0x03, 0xB4, 0x01, 0x48, 0x01, 0x90, 0x01, 0xBD,
    0xC7, 0xC6, 0x01, 0x00, 0x03, 0xB4, 0x01, 0x48, 0x01, 0x90, 0x01, 0xBD,
    0xAD, 0x32, 0x01, 0x00, 0x03, 0xB4, 0x01, 0x48, 0x01, 0x90, 0x01, 0xBD,
    0xCF, 0x3D, 0x01, 0x00, 0x03, 0xB4, 0x01, 0x48, 0x01, 0x90, 0x01, 0xBD,
    0x93, 0x4B, 0x01, 0x00, 0x03, 0xB4, 0x01, 0x48, 0x01, 0x90, 0x01, 0xBD,
    0xC7, 0x5C, 0x01, 0x00, 0x03, 0xB4, 0x01, 0x48, 0x01, 0x90, 0x01, 0xBD,
    0x73, 0xDD, 0x01, 0x00, 0x03, 0xB4, 0x01, 0x48, 0x01, 0x90, 0x01, 0xBD,
    0x21, 0x4E, 0x01, 0x00, 0x03, 0xB4, 0x01, 0x48, 0x01, 0x90, 0x01, 0xBD,
    0xA5, 0xE1, 0x01, 0x00, 0x03, 0xB4, 0x01, 0x48, 0x01, 0x90, 0x01, 0xBD,
    0xAF, 0xE1, 0x01, 0x00, 0x03, 0xB4, 0x01, 0x48, 0x01, 0x90, 0x01, 0xBD,
    0xC1, 0xA0, 0x01, 0x00, 0x03, 0xB4, 0x01, 0x48, 0x01, 0x90, 0x01, 0xBD,
    0xF5, 0x51, 0x01, 0x00, 0x03, 0xB4, 0x01, 0x48, 0x01, 0x90, 0x01, 0xBD,
    0xC9, 0x5A, 0x01, 0x00, 0x03, 0xB4, 0x01, 0x48, 0x01, 0x90, 0x01, 0xBD,
    0x9F, 0x63, 0x01, 0x00, 0x03, 0xB4, 0x01, 0x48, 0x01, 0x90, 0x01, 0xBD,
    0x9D, 0x56, 0x01, 0x00, 0x03, 0xB4, 0x01, 0x48, 0x01, 0x90, 0x01, 0xBD,
    0x11, 0xCD, 0x01, 0x00, 0x03, 0xB4, 0x01, 0x48, 0x01, 0x90, 0x01, 0xBD,
    0x45, 0x73, 0x01, 0x00, 0x03, 0xB4, 0x01, 0x48, 0x01, 0x90, 0x01, 0xBD,
    0xB7, 0x58, 0x01, 0x00, 0x03, 0xB4, 0x01, 0x48, 0x01, 0x90, 0x01, 0xBD,
    0xF1, 0x4E, 0x01, 0x00, 0x03, 0xB4, 0x01, 0x48, 0x01, 0x90, 0x01, 0xBD,
    0x4B, 0xE1, 0x01, 0x00, 0x03, 0xB4, 0x01, 0x48, 0x01, 0x90, 0x01, 0xBD,
    0xED, 0x7E, 0x01, 0x00, 0x03, 0xB4, 0x01, 0x48, 0x01, 0x90, 0x01, 0xBD,
    0x23, 0x8A, 0x01, 0x00, 0x03, 0xB4, 0x01, 0x48, 0x01, 0x90, 0x01, 0xBD,
    0xE7, 0x8B, 0x01, 0x00, 0x03, 0xB4, 0x01, 0x48, 0x01, 0x90, 0x01, 0xBD,
    0xA1, 0x88, 0x01, 0x00, 0x03, 0xB4, 0x01, 0x48, 0x01, 0x90, 0x01, 0xBD,
    0x33, 0xE2, 0x01, 0x00, 0x03, 0xB4, 0x01, 0x48, 0x01, 0x90, 0x01, 0xBD,
    0x2F, 0xE3, 0x01, 0x00, 0x03, 0xB4, 0x01, 0x48, 0x01, 0x90, 0x01, 0xBD,
    0x23, 0xE3, 0x01, 0x00, 0x03, 0xB4, 0x01, 0x48, 0x01, 0x90, 0x01, 0xBD,
    0xD3, 0x92, 0x01, 0x00, 0x03, 0xB4, 0x01, 0x48, 0x01, 0x90, 0x01, 0xBD,
    0x75, 0xA2, 0x01, 0x00, 0x03, 0xB4, 0x01, 0x48, 0x01, 0x90, 0x01, 0xBD,
    0xA3, 0xD4, 0x01, 0x00, 0x03, 0xB4, 0x01, 0x48, 0x01, 0x90, 0x01, 0xBD,
    0xC5, 0xE8, 0x01, 0x00, 0x03, 0xB4, 0x01, 0x48, 0x01, 0x90, 0x01, 0xBD,
    0xC9, 0xCC, 0x01, 0x00, 0x03, 0xB4, 0x01, 0x48, 0x01, 0x90, 0x01, 0xBD,
    0xBD, 0xCC, 0x01, 0x00, 0x6A, 0x92, 0x4E, 0x02, 0x20, 0x28, 0xE0, 0x4E,
    0x02, 0x20, 0x55, 0xEC, 0x4E, 0x02, 0x20, 0x79, 0x04, 0x4F, 0x02, 0x20,
    0x2B, 0xF8, 0x4E, 0x02, 0x20, 0xFF, 0x00, 0x00, 0x00, 0x00, 0xA4, 0x00,
    0x09, 0x40, 0x01, 0x01, 0xA8, 0x00, 0x09, 0x40, 0x01, 0x01, 0xAC, 0x00,
    0x09, 0x40, 0x01, 0x01, 0xB0, 0x00, 0x09, 0x40, 0x01, 0x01, 0xB4, 0x00,
    0x09, 0x40, 0x01, 0x01, 0x47, 0x4F, 0x02, 0x20, 0x01, 0x01, 0x10, 0x4F,
    0x02, 0x20, 0x01, 0x01, 0xC0, 0x00, 0x09, 0x40, 0x01, 0x01, 0xC4, 0x00,
    0x09, 0x40, 0x01, 0x01, 0xC8, 0x00, 0x09, 0x40, 0x01, 0x01, 0xCC, 0x00,
    0x09, 0x40, 0x01, 0x01, 0x46, 0x4F, 0x02, 0x20, 0x01, 0x01, 0x10, 0x4F,
    0x02, 0x20, 0x01, 0x81, 0x83, 0x10, 0x02, 0x20, 0x03, 0x02, 0x42, 0x4F,
    0x02, 0x20, 0x01, 0x81, 0xEA, 0x19, 0x02, 0x20, 0x01, 0x02, 0x50, 0x4F,
    0x02, 0x20, 0x01, 0x82, 0xF4, 0x19, 0x02, 0x20, 0x04, 0x02, 0x54, 0x4F,
    0x02, 0x20, 0x04, 0x82, 0x6E, 0x10, 0x02, 0x20, 0x06, 0x02, 0x45, 0x4F,
    0x02, 0x20, 0x01, 0x82, 0x00, 0x00, 0x00, 0x00, 0x1D, 0x00, 0x17, 0x00,
    0x1F, 0x01, 0x23, 0x01, 0x39, 0x00, 0x4C, 0x00, 0x32, 0x00, 0x30, 0x00,
    0x36, 0x00, 0x15, 0x00, 0x15, 0x04, 0x3B, 0x00, 0x49, 0x00, 0x00, 0x00,
    0x74, 0x4E, 0x02, 0x20, 0x58, 0x58, 0x58, 0x58, 0x47, 0x50, 0x73, 0x68,
    0x47, 0x50, 0x73, 0x6C, 0x00, 0x00, 0x00, 0x00, 0x00, 0x00, 0x00, 0x00,
    0x00, 0x00, 0x00, 0x00, 0x00, 0x00, 0x00, 0x00, 0x00, 0x00, 0x00, 0x00,
    0x00, 0x00, 0x00, 0x00, 0x00, 0x00, 0x00, 0x00, 0x00, 0x00, 0x00, 0x00,
    0x00, 0x00, 0x00, 0x00, 0x00, 0x00, 0x00, 0x00, 0x00, 0x00, 0x00, 0x00,
    0x00, 0x00, 0x00, 0x00, 0x00, 0x00, 0x00, 0x00, 0x00, 0x00, 0x00, 0x00,
    0x00, 0x00, 0x00, 0x00, 0x00, 0x00, 0x00, 0x00, 0x00, 0x00, 0x00, 0x00,
    0x00, 0x00, 0x00, 0x00, 0x00, 0x00, 0x00, 0x00, 0x00, 0x00, 0x00, 0x00,
    0x00, 0x00, 0x00, 0x00, 0x00, 0x00, 0x00, 0x00, 0xFF, 0xFF, 0xFF, 0xFF,
    0xFF, 0xFF, 0xFF, 0xFF, 0xFF, 0xFF, 0xFF, 0xFF, 0xFF, 0xFF, 0xFF, 0xFF,
    0xFF, 0xFF, 0xFF, 0xFF, 0xFF, 0xFF, 0xFF, 0xFF, 0xFF, 0xFF, 0xFF, 0xFF,
    0xFF, 0xFF, 0xFF, 0xFF, 0xFF, 0xFF, 0xFF, 0xFF, 0xFF, 0xFF, 0xFF, 0xFF,
    0xFF, 0xFF, 0xFF, 0xFF, 0xFF, 0xFF, 0xFF, 0xFF, 0xFF, 0xFF, 0xFF, 0xFF,
    0xFF, 0xFF, 0xFF, 0xFF, 0xFF, 0xFF, 0xFF, 0xFF, 0xFF, 0xFF, 0xFF, 0xFF,
    0xFF, 0xFF, 0xFF, 0xFF, 0xFF, 0xFF, 0xFF, 0xFF, 0xFF, 0xFF, 0xFF, 0xFF,
    0xFF, 0xFF, 0xFF, 0xFF, 0xFF, 0xFF, 0xFF, 0xFF, 0xFF, 0xFF, 0xFF, 0xFF,
    0xFF, 0xFF, 0xFF, 0xFF, 0xFF, 0xFF, 0xFF, 0xFF, 0xFF, 0xFF, 0xFF, 0xFF,
    0xFF, 0xFF, 0xFF, 0xFF, 0xFF, 0xFF, 0xFF, 0xFF, 0xFF, 0xFF, 0xFF, 0xFF,
    0xFF, 0xFF, 0xFF, 0xFF, 0xFF, 0xFF, 0xFF, 0xFF, 0xFF, 0xFF, 0xFF, 0xFF,
    0xFF, 0xFF, 0xFF, 0xFF, 0xFF, 0xFF, 0xFF, 0xFF, 0xFF, 0xFF, 0xFF, 0xFF,
    0xFF, 0xFF, 0xFF, 0xFF, 0xFF, 0xFF, 0xFF, 0xFF, 0xFF, 0xFF, 0xFF, 0xFF,
    0xFF, 0xFF, 0xFF, 0xFF, 0xFF, 0xFF, 0xFF, 0xFF, 0xFF, 0xFF, 0xFF, 0xFF,
    0xFF, 0xFF, 0xFF, 0xFF, 0xFF, 0xFF, 0xFF, 0xFF, 0xFF, 0xFF, 0xFF, 0xFF,
    0xFF, 0xFF, 0xFF, 0xFF, 0xFF, 0xFF, 0xFF, 0xFF, 0xFF, 0xFF, 0xFF, 0xFF,
    0xFF, 0xFF, 0xFF, 0xFF, 0xFF, 0xFF, 0xFF, 0xFF, 0xFF, 0xFF, 0xFF, 0xFF,
    0xFF, 0xFF, 0xFF, 0xFF, 0xFF, 0xFF, 0xFF, 0xFF, 0xFF, 0xFF, 0xFF, 0xFF,
    0xFF, 0xFF, 0xFF, 0xFF, 0xFF, 0xFF, 0xFF, 0xFF, 0xFF, 0xFF, 0xFF, 0xFF,
    0xFF, 0xFF, 0xFF, 0xFF, 0xFF, 0xFF, 0xFF, 0xFF, 0xFF, 0xFF, 0xFF, 0xFF,
    0xFF, 0xFF, 0xFF, 0xFF, 0xFF, 0xFF, 0xFF, 0xFF, 0xFF, 0xFF, 0xFF, 0xFF,
    0xFF, 0xFF, 0xFF, 0xFF, 0xFF, 0xFF, 0xFF, 0xFF, 0xFF, 0xFF, 0xFF, 0xFF,
    0xFF, 0xFF, 0xFF, 0xFF, 0xFF, 0xFF, 0xFF, 0xFF, 0xFF, 0xFF, 0xFF, 0xFF,
    0xFF, 0xFF, 0xFF, 0xFF, 0xFF, 0xFF, 0xFF, 0xFF, 0xFF, 0xFF, 0xFF, 0xFF,
    0xFF, 0xFF, 0xFF, 0xFF, 0xFF, 0xFF, 0xFF, 0xFF, 0xFF, 0xFF, 0xFF, 0xFF,
    0xFF, 0xFF, 0xFF, 0xFF, 0xFF, 0xFF, 0xFF, 0xFF, 0xFF, 0xFF, 0xFF, 0xFF,
    0xFF, 0xFF, 0xFF, 0xFF, 0xFF, 0xFF, 0xFF, 0xFF, 0xFF, 0xFF, 0xFF, 0xFF,
    0xFF, 0xFF, 0xFF, 0xFF, 0xFF, 0xFF, 0xFF, 0xFF, 0xFF, 0xFF, 0xFF, 0xFF,
    0xFF, 0xFF, 0xFF, 0xFF, 0xFF, 0xFF, 0xFF, 0xFF, 0xFF, 0xFF, 0xFF, 0xFF,
    0xFF, 0xFF, 0xFF, 0xFF, 0xFF, 0xFF, 0xFF, 0xFF, 0xFF, 0xFF, 0xFF, 0xFF,
    0xFF, 0xFF, 0xFF, 0xFF, 0xFF, 0xFF, 0xFF, 0xFF, 0xFF, 0xFF, 0xFF, 0xFF,
    0xFF, 0xFF, 0xFF, 0xFF, 0xFF, 0xFF, 0xFF, 0xFF, 0xFF, 0xFF, 0xFF, 0xFF,
    0xFF, 0xFF, 0xFF, 0xFF, 0xFF, 0xFF, 0xFF, 0xFF, 0xFF, 0xFF, 0xFF, 0xFF,
    0xFF, 0xFF, 0xFF, 0xFF, 0xFF, 0xFF, 0xFF, 0xFF, 0xFF, 0xFF, 0xFF, 0xFF,
    0xFF, 0xFF, 0xFF, 0xFF, 0xFF, 0xFF, 0xFF, 0xFF, 0xFF, 0xFF, 0xFF, 0xFF,
    0xFF, 0xFF, 0xFF, 0xFF, 0xFF, 0xFF, 0xFF, 0xFF, 0xFF, 0xFF, 0xFF, 0xFF,
    0xFF, 0xFF, 0xFF, 0xFF, 0xFF, 0xFF, 0xFF, 0xFF, 0xFF, 0xFF, 0xFF, 0xFF,
    0xFF, 0xFF, 0xFF, 0xFF, 0xFF, 0xFF, 0xFF, 0xFF, 0xFF, 0xFF, 0xFF, 0xFF,
    0xFF, 0xFF, 0xFF, 0xFF, 0xFF, 0xFF, 0xFF, 0xFF, 0xFF, 0xFF, 0xFF, 0xFF,
    0xFF, 0xFF, 0xFF, 0xFF, 0xFF, 0xFF, 0xFF, 0xFF, 0xFF, 0xFF, 0xFF, 0xFF,
    0xFF, 0xFF, 0xFF, 0xFF, 0xFF, 0xFF, 0xFF, 0xFF, 0xFF, 0xFF, 0xFF, 0xFF,
    0xFF, 0xFF, 0xFF, 0xFF, 0xFF, 0xFF, 0xFF, 0xFF, 0xFF, 0xFF, 0xFF, 0xFF,
    0xFF, 0xFF, 0xFF, 0xFF, 0xFF, 0xFF, 0xFF, 0xFF, 0xFF, 0xFF, 0xFF, 0xFF,
    0xFF, 0xFF, 0xFF, 0xFF, 0xFF, 0xFF, 0xFF, 0xFF, 0xFF, 0xFF, 0xFF, 0xFF,
    0xFF, 0xFF, 0xFF, 0xFF, 0xFF, 0xFF, 0xFF, 0xFF, 0xFF, 0xFF, 0xFF, 0xFF,
    0xFF, 0xFF, 0xFF, 0xFF, 0xFF, 0xFF, 0xFF, 0xFF, 0xFF, 0xFF, 0xFF, 0xFF,
    0xFF, 0xFF, 0xFF, 0xFF, 0xFF, 0xFF, 0xFF, 0xFF, 0xFF, 0xFF, 0xFF, 0xFF,
    0xFF, 0xFF, 0xFF, 0xFF, 0xFF, 0xFF, 0xFF, 0xFF, 0xFF, 0xFF, 0xFF, 0xFF,
    0xFF, 0xFF, 0xFF, 0xFF, 0xFF, 0xFF, 0xFF, 0xFF, 0xFF, 0xFF, 0xFF, 0xFF,
    0xFF, 0xFF, 0xFF, 0xFF, 0xFF, 0xFF, 0xFF, 0xFF, 0xFF, 0xFF, 0xFF, 0xFF,
    0xFF, 0xFF, 0xFF, 0xFF, 0xFF, 0xFF, 0xFF, 0xFF, 0xFF, 0xFF, 0xFF, 0xFF,
    0xFF, 0xFF, 0xFF, 0xFF, 0xFF, 0xFF, 0xFF, 0xFF, 0xFF, 0xFF, 0xFF, 0xFF,
    0xFF, 0xFF, 0xFF, 0xFF, 0xFF, 0xFF, 0xFF, 0xFF, 0xFF, 0xFF, 0xFF, 0xFF,
    0xFF, 0xFF, 0xFF, 0xFF, 0xFF, 0xFF, 0xFF, 0xFF, 0xFF, 0xFF, 0xFF, 0xFF,
    0xFF, 0xFF, 0xFF, 0xFF, 0xFF, 0xFF, 0xFF, 0xFF, 0xFF, 0xFF, 0xFF, 0xFF,
    0xFF, 0xFF, 0xFF, 0xFF, 0xFF, 0xFF, 0xFF, 0xFF, 0xFF, 0xFF, 0xFF, 0xFF,
    0xFF, 0xFF, 0xFF, 0xFF, 0xFF, 0xFF, 0xFF, 0xFF, 0xFF, 0xFF, 0xFF, 0xFF,
    0xFF, 0xFF, 0xFF, 0xFF, 0xFF, 0xFF, 0xFF, 0xFF, 0xFF, 0xFF, 0xFF, 0xFF,
    0xFF, 0xFF, 0xFF, 0xFF, 0xFF, 0xFF, 0xFF, 0xFF, 0xFF, 0xFF, 0xFF, 0xFF,
    0xFF, 0xFF, 0xFF, 0xFF, 0xFF, 0xFF, 0xFF, 0xFF, 0xFF, 0xFF, 0xFF, 0xFF,
    0xFF, 0xFF, 0xFF, 0xFF, 0xFF, 0xFF, 0xFF, 0xFF, 0xFF, 0xFF, 0xFF, 0xFF,
    0xFF, 0xFF, 0xFF, 0xFF, 0xFF, 0xFF, 0xFF, 0xFF, 0xFF, 0xFF, 0xFF, 0xFF,
    0xFF, 0xFF, 0xFF, 0xFF, 0xFF, 0xFF, 0xFF, 0xFF, 0xFF, 0xFF, 0xFF, 0xFF,
    0xFF, 0xFF, 0xFF, 0xFF, 0xFF, 0xFF, 0xFF, 0xFF, 0xFF, 0xFF, 0xFF, 0xFF,
    0xFF, 0xFF, 0xFF, 0xFF, 0xFF, 0xFF, 0xFF, 0xFF, 0x01, 0x00, 0xE0, 0xAC,
    0xFE, 0xFF, 0xFF, 0xFF, 0x00, 0x10, 0x00, 0x00, 0x00, 0x29, 0x00, 0x00,
    0x36, 0x99, 0x64, 0x11, 0x00, 0x00, 0x00, 0x00, 0xFF, 0xFF, 0xFF, 0xFF,
    0xFF, 0xFF, 0xFF, 0xFF, 0xFF, 0xFF, 0xFF, 0xFF, 0xFF, 0xFF, 0xFF, 0xFF,
    0xFF, 0xFF, 0xFF, 0xFF, 0xFF, 0xFF, 0xFF, 0xFF, 0xFF, 0xFF, 0xFF, 0xFF,
    0x61, 0x05, 0x09, 0xF5, 0xFF, 0xFF, 0xFF, 0xFF, 0xFF, 0xFF, 0xFF, 0xFF,
    0xFF, 0xFF, 0xFF, 0xFF, 0x00, 0x04, 0x00, 0x00, 0x80, 0x00, 0x00, 0x00,
    0xFF, 0xFF, 0xFF, 0xFF, 0xFF, 0xFF, 0xFF, 0xFF, 0xFF, 0xFF, 0xFF, 0xFF,
    0xFF, 0xFF, 0xFF, 0xFF, 0xFF, 0xFF, 0xFF, 0xFF, 0xFF, 0xFF, 0xFF, 0xFF,
    0xFF, 0xFF, 0xFF, 0xFF, 0xFF, 0xFF, 0xFF, 0xFF, 0xFF, 0xFF, 0xFF, 0xFF,
    0xFF, 0xFF, 0xFF, 0xFF, 0xFF, 0xFF, 0xFF, 0xFF, 0xFF, 0xFF, 0xFF, 0xFF,
    0xFF, 0xFF, 0xFF, 0xFF, 0x01, 0x00, 0xCC, 0x02, 0x87, 0xD8, 0xCD, 0xF5,
    0x00, 0x00, 0x00, 0x00, 0x00, 0x00, 0x00, 0x00, 0x31, 0x20, 0x20, 0x20,
    0xFA, 0x55, 0x32, 0x00, 0x1A, 0x04, 0x0F, 0x16, 0x00, 0x0A, 0x0A, 0x30,
    0x30, 0x4D, 0x00, 0x00, 0x00, 0x00, 0x00, 0x00, 0x03, 0x0F, 0x17, 0x00,
    0x0A, 0x08, 0x04, 0x00, 0x02, 0x00, 0x00, 0x00, 0x00, 0x00, 0x00, 0x00,
    0x0F, 0x23, 0x00, 0x03, 0x00, 0xE0, 0x01, 0x00, 0x0F, 0x27, 0x00, 0x09,
    0x05, 0x09, 0x14, 0x00, 0x1C, 0x07, 0x00, 0x00, 0x50, 0x51, 0x0F, 0x28,
    0x00, 0x03, 0x02, 0x08, 0x2F, 0x00, 0x0F, 0x29, 0x00, 0x03, 0xD2, 0x50,
    0xC9, 0x00, 0x0F, 0x2B, 0x00, 0x07, 0x00, 0x02, 0x00, 0x00, 0x01, 0x00,
    0x00, 0x00, 0x0F, 0x32, 0x00, 0x1E, 0x01, 0xA8, 0x2A, 0x2C, 0x91, 0x01,
    0x26, 0x2C, 0xD1, 0x02, 0x00, 0x2C, 0xB1, 0x04, 0x00, 0xF4, 0x41, 0x06,
    0x00, 0x00, 0x00, 0x00, 0x00, 0x00, 0x00, 0x00, 0x00, 0x00, 0x00, 0x00,
    0x00, 0x0F, 0x33, 0x00, 0x1C, 0x04, 0x2C, 0x91, 0x01, 0x10, 0x2C, 0xD1,
    0x02, 0x00, 0x2C, 0xB1, 0x04, 0x00, 0xF4, 0x41, 0x06, 0x00, 0x45, 0x41,
    0x06, 0x00, 0x00, 0x00, 0x00, 0x00, 0x00, 0x00, 0x00, 0x00, 0x0F, 0x37,
    0x00, 0x0F, 0x3B, 0x40, 0x1F, 0x64, 0x90, 0x91, 0x01, 0x00, 0x00, 0x00,
    0x00, 0x00, 0x00, 0x00, 0x00, 0x00, 0x0F, 0x42, 0x00, 0x02, 0x0A, 0x00,
    0x00, 0x0F, 0x47, 0x00, 0x18, 0x06, 0x51, 0x04, 0x40, 0x95, 0x51, 0x04,
    0x00, 0x00, 0x05, 0x09, 0x00, 0x00, 0x00, 0x00, 0x00, 0x68, 0x00, 0x00,
    0x00, 0x00, 0x00, 0x00, 0x00, 0x47, 0x0F, 0x51, 0x00, 0x05, 0x00, 0x06,
    0x00, 0x00, 0x00, 0x00, 0x0F, 0x52, 0x00, 0x06, 0x00, 0x80, 0x00, 0x00,
    0x00, 0x00, 0x00, 0x0F, 0x56, 0x00, 0x01, 0x3F, 0x80, 0x0F, 0x5C, 0x00,
    0x30, 0x30, 0x00, 0x00, 0x00, 0x00, 0x00, 0x00, 0x00, 0x00, 0x10, 0x00,
    0x00, 0x00, 0x00, 0x00, 0x00, 0x30, 0x00, 0x00, 0x00, 0x00, 0x00, 0x00,
    0x00, 0x00, 0x0C, 0x00, 0x00, 0x00, 0x00, 0x00, 0x00, 0x00, 0x00, 0x00,
    0x00, 0x00, 0x00, 0x00, 0x00, 0x00, 0x00, 0x00, 0x00, 0x00, 0x00, 0x00,
    0x00, 0x00, 0x0F, 0x62, 0x00, 0x07, 0x00, 0x00, 0x01, 0x2D, 0x00, 0x00,
    0x00, 0x00, 0x0F, 0x64, 0x00, 0x0A, 0x6B, 0x00, 0x00, 0x00, 0x00, 0x00,
    0x00, 0x00, 0x00, 0x00, 0x00, 0x0F, 0x77, 0x00, 0x0D, 0x00, 0x00, 0x00,
    0x00, 0x00, 0x00, 0x00, 0x00, 0x00, 0x00, 0x00, 0x00, 0x00, 0x7F, 0x0F,
    0x7B, 0x00, 0x0F, 0x00, 0x02, 0xFF, 0xFF, 0x00, 0x00, 0x00, 0x00, 0x00,
    0x00, 0x00, 0x00, 0x00, 0x00, 0x00, 0x00, 0x64, 0x00, 0x64, 0x00, 0x6A,
    0x00, 0x70, 0x00, 0x76, 0x00, 0x7C, 0x00, 0x82, 0x00, 0x88, 0x00, 0x8E,
    0x00, 0x94, 0x00, 0x9A, 0x00, 0xA0, 0x00, 0xA6, 0x00, 0xAC, 0x00, 0xB1,
    0x00, 0xB7, 0x00, 0xBC, 0x00, 0xC2, 0x00, 0xC7, 0x00, 0xCD, 0x00, 0xD3,
    0x00, 0xD9, 0x00, 0xDF, 0x00, 0xE5, 0x00, 0xEA, 0x00, 0xF0, 0x00, 0xF5,
    0x00, 0xFA, 0x00, 0xFF, 0x00, 0x05, 0x01, 0x0A, 0x01, 0x0F, 0x01, 0x14,
    0x01, 0x1A, 0x01, 0x1F, 0x01, 0x25, 0x01, 0x2A, 0x01, 0x2F, 0x01, 0x35,
    0x01, 0x3A, 0x01, 0x3F, 0x01, 0x44, 0x01, 0x4A, 0x01, 0x4A, 0x01, 0x4A,
    0x01, 0x4F, 0x01, 0x55, 0x01, 0x55, 0x01, 0x55, 0x01, 0x55, 0x01, 0x23,
    0x03, 0x00, 0x00, 0x0E, 0x82, 0x23, 0x03, 0x00, 0x32, 0x37, 0x02, 0x23,
    0x03, 0x00, 0x04, 0xA0, 0x41, 0x23, 0x03, 0x00, 0x02, 0x00, 0x0F, 0x23,
    0x03, 0x00, 0x34, 0x30, 0x10, 0x01, 0x03, 0x00, 0x04, 0xA0, 0x41, 0x01,
    0x03, 0x00, 0x02, 0x00, 0x0F, 0x02, 0x03, 0x00, 0x04, 0xA0, 0x41, 0x02,
    0x03, 0x00, 0x02, 0x00, 0x0F, 0x3C, 0x03, 0x00, 0x04, 0xA0, 0x41, 0x3C,
    0x03, 0x00, 0x02, 0x00, 0x0F, 0x27, 0x03, 0x00, 0x06, 0xD4, 0x0E, 0x27,
    0x02, 0x00, 0x09, 0x40, 0x28, 0x03, 0x00, 0x06, 0x5C, 0x1A, 0x28, 0x02,
    0x00, 0x09, 0x40, 0x29, 0x03, 0x00, 0x06, 0xF4, 0x23, 0x29, 0x02, 0x00,
    0x09, 0x40, 0x25, 0x03, 0x00, 0x00, 0x0E, 0x82, 0x25, 0x03, 0x00, 0x32,
    0x37, 0x02, 0x25, 0x03, 0x00, 0x04, 0xA0, 0x41, 0x25, 0x03, 0x00, 0x02,
    0x00, 0x0F, 0x25, 0x03, 0x00, 0x34, 0x30, 0x10, 0x27, 0x02, 0x00, 0x0D,
    0x4B, 0x27, 0x03, 0x00, 0x0B, 0x02, 0x6C, 0x27, 0x02, 0x00, 0x12, 0x40,
    0x28, 0x02, 0x00, 0x14, 0x18, 0x28, 0x02, 0x00, 0x0D, 0x4B, 0x28, 0x03,
    0x00, 0x0B, 0x04, 0xC4, 0x28, 0x02, 0x00, 0x12, 0x40, 0x29, 0x02, 0x00,
    0x14, 0x18, 0x29, 0x02, 0x00, 0x0D, 0x4B, 0x29, 0x03, 0x00, 0x0B, 0x06,
    0xB8, 0x29, 0x02, 0x00, 0x12, 0x04, 0x25, 0x03, 0x00, 0x01, 0x04, 0xEC,
    0x25, 0x02, 0x00, 0x10, 0x80, 0x25, 0x03, 0x00, 0x03, 0x00, 0x25, 0x02,
    0x00, 0x14, 0xD4, 0x0E, 0x25, 0x02, 0x00, 0x11, 0x00, 0x25, 0x02, 0x00,
    0x08, 0xC3, 0x25, 0x02, 0x00, 0x09, 0x00, 0x00, 0x00, 0x00, 0x00, 0x58,
    0x1A, 0x00, 0x00, 0x00, 0x00, 0x32, 0x00, 0x00, 0x00, 0x00, 0xF4, 0x23,
    0x00, 0x00, 0x00, 0x00, 0x00, 0x00, 0x00, 0x00, 0x00, 0x00, 0x00, 0x00,
    0x00, 0x00, 0x00, 0x00, 0x00, 0x00, 0x00, 0x00, 0x00, 0x00, 0x00, 0x00,
    0x00, 0x00, 0x00, 0x00, 0x00, 0x00, 0x00, 0x00, 0x00, 0x00, 0x00, 0x00,
    0x00, 0x00, 0x00, 0x00, 0x00, 0x00, 0x00, 0x00, 0x00, 0x00, 0x00, 0x00,
    0x00, 0x00, 0x00, 0x00, 0x00, 0x00, 0x00, 0x00, 0x00, 0x00, 0x00, 0x00,
    0x00, 0x00, 0x00, 0x00, 0x00, 0x00, 0x00, 0x00, 0x00, 0x00, 0x00, 0x00,
    0x00, 0x00, 0x00, 0x00, 0x00, 0x00, 0x00, 0x00, 0x00, 0x00, 0x00, 0x00,
    0x00, 0x00, 0x00, 0x00, 0x00, 0x00, 0x00, 0x00, 0x00, 0x00, 0x00, 0x00,
    0x00, 0x00, 0x00, 0x00, 0x00, 0x00, 0x00, 0x00, 0x00, 0x00, 0x00, 0x00,
    0x00, 0x00, 0x00, 0x00, 0x00, 0x00, 0x00, 0x00, 0x00, 0x00, 0x00, 0x00,
    0x00, 0x00, 0x00, 0x00, 0x00, 0x00, 0x00, 0x00, 0x00, 0x00, 0x00, 0x00,
    0x00, 0x00, 0x00, 0x00, 0x00, 0x00, 0x00, 0x00, 0x00, 0x00, 0x00, 0x00,
    0x00, 0x00, 0x00, 0x00, 0x00, 0x00, 0x00, 0x00, 0x00, 0x00, 0x00, 0x00,
    0x00, 0x00, 0x00, 0x00, 0x00, 0x00, 0x00, 0x00, 0x00, 0x00, 0x00, 0x00,
    0x00, 0x00, 0x00, 0x00, 0x00, 0x00, 0x00, 0x00, 0x00, 0x00, 0x00, 0x00,
    0x00, 0x00, 0x00, 0x00, 0x00, 0x00, 0x00, 0x00, 0x00, 0x00, 0x00, 0x00,
    0x00, 0x00, 0x00, 0x00, 0x00, 0x00, 0x00, 0x00, 0x00, 0x00, 0x00, 0x00,
    0x00, 0x00, 0x00, 0x00, 0x00, 0x00, 0x00, 0x00, 0x00, 0x00, 0x00, 0x00,
    0x00, 0x00, 0x00, 0x00, 0x00, 0x00, 0x00, 0x00, 0x00, 0x00, 0x00, 0x00,
    0x00, 0x00, 0x00, 0x00, 0x00, 0x00, 0x00, 0x00, 0x00, 0x00, 0x00, 0x00,
    0x00, 0x00, 0x00, 0x00, 0x00, 0x00, 0x00, 0x00, 0x00, 0x00, 0x00, 0x00,
    0x00, 0x00, 0x00, 0x00, 0x00, 0x00, 0x00, 0x00, 0x00, 0x00, 0x00, 0x00,
    0x00, 0x00, 0x00, 0x00, 0x00, 0x00, 0x00, 0x00, 0x00, 0x00, 0x00, 0x00,
    0x00, 0x00, 0x00, 0x00, 0x00, 0x00, 0x00, 0x00, 0x00, 0x00, 0x00, 0x00,
    0x00, 0x00, 0x00, 0x00, 0x00, 0x00, 0x00, 0x00, 0x00, 0x00, 0x00, 0x00,
    0x00, 0x00, 0x00, 0x00, 0x00, 0x00, 0x00, 0x00, 0x00, 0x00, 0x00, 0x00,
    0x00, 0x00, 0x00, 0x00, 0x00, 0x00, 0x00, 0x00, 0x00, 0x00, 0x00, 0x00,
    0x00, 0x00, 0x00, 0x00, 0x00, 0x00, 0x00, 0x00, 0x00, 0x00, 0x00, 0x00,
    0x00, 0x00, 0x00, 0x00, 0x00, 0x00, 0x00, 0x00, 0x00, 0x00, 0x00, 0x00,
    0x00, 0x00, 0x00, 0x00, 0x00, 0x00, 0x00, 0x00, 0x00, 0x00, 0x00, 0x00,
    0x00, 0x00, 0x00, 0x00, 0x00, 0x00, 0x00, 0x00, 0x00, 0x00, 0x00, 0x00,
    0x00, 0x00, 0x00, 0x00, 0x00, 0x00, 0x00, 0x00, 0x00, 0x00, 0x00, 0x00,
    0x00, 0x00, 0x00, 0x00, 0x00, 0x00, 0x00, 0x00, 0x00, 0x00, 0x00, 0x00,
    0x00, 0x00, 0x00, 0x00, 0x00, 0x00, 0x00, 0x00, 0x00, 0x00, 0x00, 0x00,
    0x00, 0x00, 0x00, 0x00, 0x00, 0x00, 0x00, 0x00, 0x00, 0x00, 0x00, 0x00,
    0x00, 0x00, 0x00, 0x00, 0x00, 0x00, 0x00, 0x00, 0x00, 0x00, 0x00, 0x00,
    0x00, 0x00, 0x00, 0x00, 0x00, 0x00, 0x00, 0x00, 0x00, 0x00, 0x00, 0x00,
    0x00, 0x00, 0x00, 0x00, 0x00, 0x00, 0x00, 0x00, 0x00, 0x00, 0x00, 0x00,
    0x00, 0x00, 0x00, 0x00, 0x00, 0x00, 0x00, 0x00, 0x00, 0x00, 0x00, 0x00,
    0x00, 0x00, 0x00, 0x00, 0x00, 0x00, 0x00, 0x00, 0x00, 0x00, 0x00, 0x00,
    0x00, 0x00, 0x00, 0x00, 0x00, 0x00, 0x00, 0x00, 0x00, 0x00, 0x00, 0x00,
    0x00, 0x00, 0x00, 0x00, 0x00, 0x00, 0x00, 0x00, 0x00, 0x00, 0x00, 0x00,
    0x00, 0x00, 0x00, 0x00, 0x00, 0x00, 0x00, 0x00, 0x00, 0x00, 0x00, 0x00,
    0x00, 0x00, 0x00, 0x00, 0x00, 0x00, 0x00, 0x00, 0x00, 0x00, 0x00, 0x00,
    0x00, 0x00, 0x00, 0x00, 0x00, 0x00, 0x00, 0x00, 0x00, 0x00, 0x00, 0x00,
    0x00, 0x00, 0x00, 0x00, 0x00, 0x00, 0x00, 0x00, 0x00, 0x00, 0x00, 0x00,
    0x00, 0x00, 0x00, 0x00, 0x00, 0x00, 0x00, 0x00, 0x00, 0x00, 0x00, 0x00,
    0x00, 0x00, 0x00, 0x00, 0x00, 0x00, 0x00, 0x00, 0x00, 0x00, 0x00, 0x00,
    0x00, 0x00, 0x00, 0x00, 0x00, 0x00, 0x00, 0x00, 0x00, 0x00, 0x00, 0x00,
    0x00, 0x00, 0x00, 0x00, 0x00, 0x00, 0x00, 0x00, 0x00, 0x00, 0x00, 0x00,
    0x00, 0x00, 0x00, 0x00, 0x00, 0x00, 0x00, 0x00, 0x00, 0x00, 0x00, 0x00,
    0x00, 0x00, 0x00, 0x00, 0x00, 0x00, 0x00, 0x00, 0x00, 0x00, 0x00, 0x00,
    0x00, 0x00, 0x00, 0x00, 0x00, 0x00, 0x00, 0x00, 0x00, 0x00, 0x00, 0x00,
    0x00, 0x00, 0x00, 0x00, 0x00, 0x00, 0x00, 0x00, 0x00, 0x00, 0x00, 0x00,
    0x00, 0x00, 0x00, 0x00, 0x00, 0x00, 0x00, 0x00, 0x00, 0x00, 0x00, 0x00,
    0x00, 0x00, 0x00, 0x00, 0x00, 0x00, 0x00, 0x00, 0x00, 0x00, 0x00, 0x00,
    0x00, 0x00, 0x00, 0x00, 0x00, 0x00, 0x00, 0x00, 0x00, 0x00, 0x00, 0x00,
    0x00, 0x00, 0x00, 0x00, 0x00, 0x00, 0x00, 0x00, 0x00, 0x00, 0x00, 0x00,
    0x00, 0x00, 0x00, 0x00, 0x00, 0x00, 0x00, 0x00, 0x00, 0x00, 0x00, 0x00,
    0x00, 0x00, 0x00, 0x00, 0x00, 0x00, 0x00, 0x00, 0x00, 0x00, 0x00, 0x00,
    0x00, 0x00, 0x00, 0x00, 0x00, 0x00, 0x00, 0x00, 0x00, 0x00, 0x00, 0x00,
    0x00, 0x00, 0x00, 0x00, 0x00, 0x00, 0x00, 0x00, 0x00, 0x00, 0x00, 0x00,
    0x00, 0x00, 0x00, 0x00, 0x00, 0x00, 0x00, 0x00, 0x00, 0x00, 0x00, 0x00,
    0x00, 0x00, 0x00, 0x00, 0x00, 0x00, 0x00, 0x00, 0x00, 0x00, 0x00, 0x00,
    0x00, 0x00, 0x00, 0x00, 0x00, 0x00, 0x00, 0x00, 0x00, 0x00, 0x00, 0x00,
    0x00, 0x00, 0x00, 0x00, 0x00, 0x00, 0x00, 0x00, 0x00, 0x00, 0x00, 0x00,
    0x00, 0x00, 0x00, 0x00, 0x00, 0x00, 0x00, 0x00, 0x00, 0x00, 0x00, 0x00,
    0x00, 0x00, 0x00, 0x00, 0x00, 0x00, 0x00, 0x00, 0x00, 0x00, 0x00, 0x00,
    0x00, 0x00, 0x00, 0x00, 0x00, 0x00, 0x00, 0x00, 0x00, 0x00, 0x00, 0x00,
    0x00, 0x00, 0x00, 0x00, 0x00, 0x00, 0x00, 0x00, 0x00, 0x00, 0x00, 0x00,
    0x00, 0x00, 0x00, 0x00, 0x00, 0x00, 0x00, 0x00, 0x00, 0x00, 0x00, 0x00,
    0x00, 0x00, 0x00, 0x00, 0x00, 0x00, 0x00, 0x00, 0x00, 0x00, 0x00, 0x00,
    0x00, 0x00, 0x00, 0x00, 0x00, 0x00, 0x00, 0x00, 0x00, 0x00, 0x00, 0x00,
    0x00, 0x00, 0x00, 0x00, 0x00, 0x00, 0x00, 0x00, 0x00, 0x00, 0x00, 0x00,
    0x00, 0x00, 0x00, 0x00, 0x00, 0x00, 0x00, 0x00, 0x00, 0x00, 0x00, 0x00,
    0x00, 0x00, 0x00, 0x00, 0x00, 0x00, 0x00, 0x00, 0x00, 0x00, 0x00, 0x00,
    0x00, 0x00, 0x00, 0x00, 0x00, 0x00, 0x00, 0x00, 0x00, 0x00, 0x00, 0x00,
    0x00, 0x00, 0x00, 0x00, 0x00, 0x00, 0x00, 0x00, 0x00, 0x00, 0x00, 0x00,
    0x00, 0x00, 0x00, 0x00, 0x00, 0x00, 0x00, 0x00, 0x00, 0x00, 0x00, 0x00,
    0x00, 0x00, 0x00, 0x00, 0x00, 0x00, 0x00, 0x00, 0x00, 0x00, 0x00, 0x00,
    0x00, 0x00, 0x00, 0x00, 0x00, 0x00, 0x00, 0x00, 0x00, 0x00, 0x00, 0x00,
    0x00, 0x00, 0x00, 0x00, 0x00, 0x00, 0x00, 0x00, 0x00, 0x00, 0x00, 0x00,
    0x00, 0x00, 0x00, 0x00, 0x00, 0x00, 0x00, 0x00, 0x00, 0x00, 0x00, 0x00,
    0x00, 0x00, 0x00, 0x00, 0x00, 0x00, 0x00, 0x00, 0x00, 0x00, 0x00, 0x00,
    0x00, 0x00, 0x00, 0x00, 0x00, 0x00, 0x00, 0x00, 0x00, 0x00, 0x00, 0x00,
    0x00, 0x00, 0x00, 0x00, 0x00, 0x00, 0x00, 0x00, 0x00, 0x00, 0x00, 0x00,
    0x00, 0x00, 0x00, 0x00, 0x00, 0x00, 0x00, 0x00, 0x00, 0x00, 0x00, 0x00,
    0x00, 0x00, 0x00, 0x00, 0x00, 0x00, 0x00, 0x00, 0x00, 0x00, 0x00, 0x00,
    0x00, 0x00, 0x00, 0x00, 0x00, 0x00, 0x00, 0x00, 0x00, 0x00, 0x00, 0x00,
    0x00, 0x00, 0x00, 0x00, 0x00, 0x00, 0x00, 0x00, 0x00, 0x00, 0x00, 0x00,
    0x00, 0x00, 0x00, 0x00, 0x00, 0x00, 0x00, 0x00, 0x00, 0x00, 0x00, 0x00,
    0x00, 0x00, 0x00, 0x00, 0x00, 0x00, 0x00, 0x00, 0x00, 0x00, 0x00, 0x00,
    0x00, 0x00, 0x00, 0x00, 0x00, 0x00, 0x00, 0x00, 0x00, 0x00, 0x00, 0x00,
    0x00, 0x00, 0x00, 0x00, 0x00, 0x00, 0x00, 0x00, 0x00, 0x00, 0x00, 0x00,
    0x00, 0x00, 0x00, 0x00, 0x00, 0x00, 0x00, 0x00, 0x00, 0x00, 0x00, 0x00,
    0x00, 0x00, 0x00, 0x00, 0x00, 0x00, 0x00, 0x00, 0x00, 0x00, 0x00, 0x00,
    0x00, 0x00, 0x00, 0x00, 0x00, 0x00, 0x00, 0x00, 0x00, 0x00, 0x00, 0x00,
    0x00, 0x00, 0x00, 0x00, 0x00, 0x00, 0x00, 0x00, 0x00, 0x00, 0x00, 0x00,
    0x00, 0x00, 0x00, 0x00, 0x00, 0x00, 0x00, 0x00, 0x00, 0x00, 0x00, 0x00,
    0x00, 0x00, 0x00, 0x00, 0x00, 0x00, 0x00, 0x00, 0x00, 0x00, 0x00, 0x00,
    0x00, 0x00, 0x00, 0x00, 0x00, 0x00, 0x00, 0x00, 0x00, 0x00, 0x00, 0x00,
    0x00, 0x00, 0x00, 0x00, 0x00, 0x00, 0x00, 0x00, 0x00, 0x00, 0x00, 0x00,
    0x00, 0x00, 0x00, 0x00, 0x00, 0x00, 0x00, 0x00, 0x00, 0x00, 0x00, 0x00,
    0x00, 0x00, 0x00, 0x00, 0x00, 0x00, 0x00, 0x00, 0x00, 0x00, 0x00, 0x00,
    0x00, 0x00, 0x00, 0x00, 0x00, 0x00, 0x00, 0x00, 0x00, 0x00, 0x00, 0x00,
    0x00, 0x00, 0x00, 0x00, 0x00, 0x00, 0x00, 0x00, 0x00, 0x00, 0x00, 0x00,
    0x00, 0x00, 0x00, 0x00, 0x00, 0x00, 0x00, 0x00, 0x00, 0x00, 0x00, 0x00,
    0x00, 0x00, 0x00, 0x00, 0x00, 0x00, 0x00, 0x00, 0x00, 0x00, 0x00, 0x00,
    0x00, 0x00, 0x00, 0x00, 0x00, 0x00, 0x00, 0x00, 0x00, 0x00, 0x00, 0x00,
    0x00, 0x00, 0x00, 0x00, 0x00, 0x00, 0x00, 0x00, 0x00, 0x00, 0x00, 0x00,
    0x00, 0x00, 0x00, 0x00, 0x00, 0x00, 0x00, 0x00, 0x00, 0x00, 0x00, 0x00,
    0x00, 0x00, 0x00, 0x00, 0x00, 0x00, 0x00, 0x00, 0x00, 0x00, 0x00, 0x00,
    0x00, 0x00, 0x00, 0x00, 0x00, 0x00, 0x00, 0x00, 0x00, 0x00, 0x00, 0x00,
    0x00, 0x00, 0x00, 0x00, 0x00, 0x00, 0x00, 0x00, 0x00, 0x00, 0x00, 0x00,
    0x00, 0x00, 0x00, 0x00, 0x00, 0x00, 0x00, 0x00, 0x00, 0x00, 0x00, 0x00,
    0x00, 0x00, 0x00, 0x00, 0x00, 0x00, 0x00, 0x00, 0x00, 0x00, 0x00, 0x00,
    0x00, 0x00, 0x00, 0x00, 0x00, 0x00, 0x00, 0x00, 0x00, 0x00, 0x00, 0x00,
    0x00, 0x00, 0x00, 0x00, 0x00, 0x00, 0x00, 0x00, 0x00, 0x00, 0x00, 0x00,
    0x00, 0x00, 0x00, 0x00, 0x00, 0x00, 0x00, 0x00, 0x00, 0x00, 0x00, 0x00,
    0x00, 0x00, 0x00, 0x00, 0x00, 0x00, 0x00, 0x00, 0x00, 0x00, 0x00, 0x00,
    0x00, 0x00, 0x00, 0x00, 0x00, 0x00, 0x00, 0x00, 0x00, 0x00, 0x00, 0x00,
    0x00, 0x00, 0x00, 0x00, 0x00, 0x00, 0x00, 0x00, 0x00, 0x00, 0x00, 0x00,
    0x00, 0x00, 0x00, 0x00, 0x00, 0x00, 0x00, 0x00, 0x00, 0x00, 0x00, 0x00,
    0x00, 0x00, 0x00, 0x00, 0x00, 0x00, 0x00, 0x00, 0x00, 0x00, 0x00, 0x00,
    0x00, 0x00, 0x00, 0x00, 0x00, 0x00, 0x00, 0x00, 0x00, 0x00, 0x00, 0x00,
    0x00, 0x00, 0x00, 0x00, 0x00, 0x00, 0x00, 0x00, 0x00, 0x00, 0x00, 0x00,
    0x00, 0x00, 0x00, 0x00, 0x00, 0x00, 0x00, 0x00, 0x00, 0x00, 0x00, 0x00,
    0x00, 0x00, 0x00, 0x00, 0x00, 0x00, 0x00, 0x00, 0x00, 0x00, 0x00, 0x00,
    0x00, 0x00, 0x00, 0x00, 0x00, 0x00, 0x00, 0x00, 0x00, 0x00, 0x00, 0x00,
    0x00, 0x00, 0x00, 0x00, 0x00, 0x00, 0x00, 0x00, 0x00, 0x00, 0x00, 0x00,
    0x00, 0x00, 0x00, 0x00, 0x00, 0x00, 0x00, 0x00, 0x00, 0x00, 0x00, 0x00,
    0x00, 0x00, 0x00, 0x00, 0x00, 0x00, 0x00, 0x00, 0x00, 0x00, 0x00, 0x00,
    0x00, 0x00, 0x00, 0x00, 0x00, 0x00, 0x00, 0x00, 0x00, 0x00, 0x00, 0x00,
    0x00, 0x00, 0x00, 0x00, 0x00, 0x00, 0x00, 0x00, 0x00, 0x00, 0x00, 0x00,
    0x00, 0x00, 0x00, 0x00, 0x00, 0x00, 0x00, 0x00, 0x00, 0x00, 0x00, 0x00,
    0x00, 0x00, 0x00, 0x00, 0x00, 0x00, 0x00, 0x00, 0x00, 0x00, 0x00, 0x00,
    0x00, 0x00, 0x00, 0x00, 0x00, 0x00, 0x00, 0x00, 0x00, 0x00, 0x00, 0x00,
    0x00, 0x00, 0x00, 0x00, 0x00, 0x00, 0x00, 0x00, 0x00, 0x00, 0x00, 0x00,
    0x00, 0x00, 0x00, 0x00, 0x00, 0x00, 0x00, 0x00, 0x00, 0x00, 0x00, 0x00,
    0x00, 0x00, 0x00, 0x00, 0x00, 0x00, 0x00, 0x00, 0x00, 0x00, 0x00, 0x00,
    0x00, 0x00, 0x00, 0x00, 0x00, 0x00, 0x00, 0x00, 0x00, 0x00, 0x00, 0x00,
    0x00, 0x00, 0x00, 0x00, 0x00, 0x00, 0x00, 0x00, 0x00, 0x00, 0x00, 0x00,
    0x00, 0x00, 0x00, 0x00, 0x00, 0x00, 0x00, 0x00, 0x00, 0x00, 0x00, 0x00,
    0x00, 0x00, 0x00, 0x00, 0x00, 0x00, 0x00, 0x00, 0x00, 0x00, 0x00, 0x00,
    0x00, 0x00, 0x00, 0x00, 0x00, 0x00, 0x00, 0x00, 0x00, 0x00, 0x00, 0x00,
    0x00, 0x00, 0x00, 0x00, 0x00, 0x00, 0x00, 0x00, 0x00, 0x00, 0x00, 0x00,
    0x00, 0x00, 0x00, 0x00, 0x00, 0x00, 0x00, 0x00, 0x00, 0x00, 0x00, 0x00,
    0x00, 0x00, 0x00, 0x00, 0x00, 0x00, 0x00, 0x00, 0x00, 0x00, 0x00, 0x00,
    0x00, 0x00, 0x00, 0x00, 0x00, 0x00, 0x00, 0x00, 0x00, 0x00, 0x00, 0x00,
    0x00, 0x00, 0x00, 0x00, 0x00, 0x00, 0x00, 0x00, 0x00, 0x00, 0x00, 0x00,
    0x00, 0x00, 0x00, 0x00, 0x00, 0x00, 0x00, 0x00, 0x00, 0x00, 0x00, 0x00,
    0x00, 0x00, 0x00, 0x00, 0x00, 0x00, 0x00, 0x00, 0x00, 0x00, 0x00, 0x00,
    0x00, 0x00, 0x00, 0x00, 0x00, 0x00, 0x00, 0x00, 0x00, 0x00, 0x00, 0x00,
    0x00, 0x00, 0x00, 0x00, 0x00, 0x00, 0x00, 0x00, 0x00, 0x00, 0x00, 0x00,
    0x00, 0x00, 0x00, 0x00, 0x00, 0x00, 0x00, 0x00, 0x00, 0x00, 0x00, 0x00,
    0x00, 0x00, 0x00, 0x00, 0x00, 0x00, 0x00, 0x00, 0x00, 0x00, 0x00, 0x00,
    0x00, 0x00, 0x00, 0x00, 0x00, 0x00, 0x00, 0x00, 0x00, 0x00, 0x00, 0x00,
    0x00, 0x00, 0x00, 0x00, 0x00, 0x00, 0x00, 0x00, 0x00, 0x00, 0x00, 0x00,
    0x00, 0x00, 0x00, 0x00, 0x00, 0x00, 0x00, 0x00, 0x00, 0x00, 0x00, 0x00,
    0x00, 0x00, 0x00, 0x00, 0x00, 0x00, 0x00, 0x00, 0x00, 0x00, 0x00, 0x00,
    0x00, 0x00, 0x00, 0x00, 0x00, 0x00, 0x00, 0x00, 0x00, 0x00, 0x00, 0x00,
    0x00, 0x00, 0x00, 0x00, 0x00, 0x00, 0x00, 0x00, 0x00, 0x00, 0x00, 0x00,
    0x00, 0x00, 0x00, 0x00, 0x00, 0x00, 0x00, 0x00, 0x00, 0x00, 0x00, 0x00,
    0x00, 0x00, 0x00, 0x00, 0x00, 0x00, 0x00, 0x00, 0x00, 0x00, 0x00, 0x00,
    0x00, 0x00, 0x00, 0x00, 0x00, 0x00, 0x00, 0x00, 0x00, 0x00, 0x00, 0x00,
    0x00, 0x00, 0x00, 0x00, 0x00, 0x00, 0x00, 0x00, 0x00, 0x00, 0x00, 0x00,
    0x00, 0x00, 0x00, 0x00, 0x00, 0x00, 0x00, 0x00, 0x00, 0x00, 0x00, 0x00,
    0x00, 0x00, 0x00, 0x00, 0x00, 0x00, 0x00, 0x00, 0x00, 0x00, 0x00, 0x00,
    0x00, 0x00, 0x00, 0x00, 0x00, 0x00, 0x00, 0x00, 0x00, 0x00, 0x00, 0x00,
    0x00, 0x00, 0x00, 0x00, 0x00, 0x00, 0x00, 0x00, 0x00, 0x00, 0x00, 0x00,
    0x00, 0x00, 0x00, 0x00, 0x00, 0x00, 0x00, 0x00, 0x00, 0x00, 0x00, 0x00,
    0x00, 0x00, 0x00, 0x00, 0x00, 0x00, 0x00, 0x00, 0x00, 0x00, 0x00, 0x00,
    0x00, 0x00, 0x00, 0x00, 0x00, 0x00, 0x00, 0x00, 0x00, 0x00, 0x00, 0x00,
    0x00, 0x00, 0x00, 0x00, 0x00, 0x00, 0x00, 0x00, 0x00, 0x00, 0x00, 0x00,
    0x00, 0x00, 0x00, 0x00, 0x00, 0x00, 0x00, 0x00, 0x00, 0x00, 0x00, 0x00,
    0x00, 0x00, 0x00, 0x00, 0x00, 0x00, 0x00, 0x00, 0x00, 0x00, 0x00, 0x00,
    0x00, 0x00, 0x00, 0x00, 0x00, 0x00, 0x00, 0x00, 0x00, 0x00, 0x00, 0x00,
    0x00, 0x00, 0x00, 0x00, 0x00, 0x00, 0x00, 0x00, 0x00, 0x00, 0x00, 0x00,
    0x00, 0x00, 0x00, 0x00, 0x00, 0x00, 0x00, 0x00, 0x00, 0x00, 0x00, 0x00,
    0x00, 0x00, 0x00, 0x00, 0x00, 0x00, 0x00, 0x00, 0x00, 0x00, 0x00, 0x00,
    0x00, 0x00, 0x00, 0x00, 0x00, 0x00, 0x00, 0x00, 0x00, 0x00, 0x00, 0x00,
    0x00, 0x00, 0x00, 0x00, 0x00, 0x00, 0x00, 0x00, 0x00, 0x00, 0x00, 0x00,
    0x00, 0x00, 0x00, 0x00, 0x00, 0x00, 0x00, 0x00, 0x00, 0x00, 0x00, 0x00,
    0x00, 0x00, 0x00, 0x00, 0x00, 0x00, 0x00, 0x00, 0x00, 0x00, 0x00, 0x00,
    0x00, 0x00, 0x00, 0x00, 0x00, 0x00, 0x00, 0x00, 0x00, 0x00, 0x00, 0x00,
    0x00, 0x00, 0x00, 0x00, 0x00, 0x00, 0x00, 0x00, 0x00, 0x00, 0x00, 0x00,
    0x00, 0x00, 0x00, 0x00, 0x00, 0x00, 0x00, 0x00, 0x00, 0x00, 0x00, 0x00,
    0x00, 0x00, 0x00, 0x00, 0x00, 0x00, 0x00, 0x00, 0x00, 0x00, 0x00, 0x00,
    0x00, 0x00, 0x00, 0x00, 0x00, 0x00, 0x00, 0x00, 0x00, 0x00, 0x00, 0x00,
    0x00, 0x00, 0x00, 0x00, 0x00, 0x00, 0x00, 0x00, 0x00, 0x00, 0x00, 0x00,
    0x00, 0x00, 0x00, 0x00, 0x00, 0x00, 0x00, 0x00, 0x00, 0x00, 0x00, 0x00,
    0x00, 0x00, 0x00, 0x00, 0x00, 0x00, 0x00, 0x00, 0x00, 0x00, 0x00, 0x00,
    0x00, 0x00, 0x00, 0x00, 0x00, 0x00, 0x00, 0x00, 0x00, 0x00, 0x00, 0x00,
    0x00, 0x00, 0x00, 0x00, 0x00, 0x00, 0x00, 0x00, 0x00, 0x00, 0x00, 0x00,
    0x00, 0x00, 0x00, 0x00, 0x00, 0x00, 0x00, 0x00, 0x00, 0x00, 0x00, 0x00,
    0x00, 0x00, 0x00, 0x00, 0x00, 0x00, 0x00, 0x00, 0x00, 0x00, 0x00, 0x00,
    0x00, 0x00, 0x00, 0x00, 0x00, 0x00, 0x00, 0x00, 0x00, 0x00, 0x00, 0x00,
    0x00, 0x00, 0x00, 0x00, 0x00, 0x00, 0x00, 0x00, 0x00, 0x00, 0x00, 0x00,
    0x00, 0x00, 0x00, 0x00, 0x00, 0x00, 0x00, 0x00, 0x00, 0x00, 0x00, 0x00,
    0x00, 0x00, 0x00, 0x00, 0x00, 0x00, 0x00, 0x00, 0x00, 0x00, 0x00, 0x00,
    0x00, 0x00, 0x00, 0x00, 0x00, 0x00, 0x00, 0x00, 0x00, 0x00, 0x00, 0x00,
    0x00, 0x00, 0x00, 0x00, 0x00, 0x00, 0x00, 0x00, 0x00, 0x00, 0x00, 0x00,
    0x00, 0x00, 0x00, 0x00, 0x00, 0x00, 0x00, 0x00, 0x00, 0x00, 0x00, 0x00,
    0x00, 0x00, 0x00, 0x00, 0x00, 0x00, 0x00, 0x00, 0x00, 0x00, 0x00, 0x00,
    0x00, 0x00, 0x00, 0x00, 0x00, 0x00, 0x00, 0x00, 0x00, 0x00, 0x00, 0x00,
    0x00, 0x00, 0x00, 0x00, 0x00, 0x00, 0x00, 0x00, 0x00, 0x00, 0x00, 0x00,
    0x00, 0x00, 0x00, 0x00, 0x00, 0x00, 0x00, 0x00, 0x00, 0x00, 0x00, 0x00,
    0x00, 0x00, 0x00, 0x00, 0x00, 0x00, 0x00, 0x00, 0x00, 0x00, 0x00, 0x00,
    0x00, 0x00, 0x00, 0x00, 0x00, 0x00, 0x00, 0x00, 0x00, 0x00, 0x00, 0x00,
    0x00, 0x00, 0x00, 0x00, 0x00, 0x00, 0x00, 0x00, 0x00, 0x00, 0x00, 0x00,
    0x00, 0x00, 0x00, 0x00, 0x00, 0x00, 0x00, 0x00, 0x00, 0x00, 0x00, 0x00,
    0x00, 0x00, 0x00, 0x00, 0x00, 0x00, 0x00, 0x00, 0x00, 0x00, 0x00, 0x00,
    0x00, 0x00, 0x00, 0x00, 0x00, 0x00, 0x00, 0x00, 0x00, 0x00, 0x00, 0x00,
    0x00, 0x00, 0x00, 0x00, 0x00, 0x00, 0x00, 0x00, 0x00, 0x00, 0x00, 0x00,
    0x00, 0x00, 0x00, 0x00, 0x00, 0x00, 0x00, 0x00, 0x00, 0x00, 0x00, 0x00,
    0x00, 0x00, 0x00, 0x00, 0x00, 0x00, 0x00, 0x00, 0x00, 0x00, 0x00, 0x00,
    0x00, 0x00, 0x00, 0x00, 0x00, 0x00, 0x00, 0x00, 0x00, 0x00, 0x00, 0x00,
    0x00, 0x00, 0x00, 0x00, 0x00, 0x00, 0x00, 0x00, 0x00, 0x00, 0x00, 0x00,
    0x00, 0x00, 0x00, 0x00, 0x00, 0x00, 0x00, 0x00, 0x00, 0x00, 0x00, 0x00,
    0x00, 0x00, 0x00, 0x00, 0x00, 0x00, 0x00, 0x00, 0x00, 0x00, 0x00, 0x00,
    0x00, 0x00, 0x00, 0x00, 0x00, 0x00, 0x00, 0x00, 0x00, 0x00, 0x00, 0x00,
    0x00, 0x00, 0x00, 0x00, 0x00, 0x00, 0x00, 0x00, 0x00, 0x00, 0x00, 0x00,
    0x00, 0x00, 0x00, 0x00, 0x00, 0x00, 0x00, 0x00, 0x00, 0x00, 0x00, 0x00,
    0x00, 0x00, 0x00, 0x00, 0x00, 0x00, 0x00, 0x00, 0x00, 0x00, 0x00, 0x00,
    0x00, 0x00, 0x00, 0x00, 0x00, 0x00, 0x00, 0x00, 0x00, 0x00, 0x00, 0x00,
    0x00, 0x00, 0x00, 0x00, 0x00, 0x00, 0x00, 0x00, 0x00, 0x00, 0x00, 0x00,
    0x00, 0x00, 0x00, 0x00, 0x00, 0x00, 0x00, 0x00, 0x00, 0x00, 0x00, 0x00,
    0x00, 0x00, 0x00, 0x00, 0x00, 0x00, 0x00, 0x00, 0x00, 0x00, 0x00, 0x00,
    0x00, 0x00, 0x00, 0x00, 0x00, 0x00, 0x00, 0x00, 0x00, 0x00, 0x00, 0x00,
    0x00, 0x00, 0x00, 0x00, 0x00, 0x00, 0x00, 0x00, 0x00, 0x00, 0x00, 0x00,
    0x00, 0x00, 0x00, 0x00, 0x00, 0x00, 0x00, 0x00, 0x00, 0x00, 0x00, 0x00,
    0x00, 0x00, 0x00, 0x00, 0x00, 0x00, 0x00, 0x00, 0x00, 0x00, 0x00, 0x00,
    0x00, 0x00, 0x00, 0x00, 0x00, 0x00, 0x00, 0x00, 0x00, 0x00, 0x00, 0x00,
    0x00, 0x00, 0x00, 0x00, 0x00, 0x00, 0x00, 0x00, 0x00, 0x00, 0x00, 0x00,
    0x00, 0x00, 0x00, 0x00, 0x00, 0x00, 0x00, 0x00, 0x00, 0x00, 0x00, 0x00,
    0x00, 0x00, 0x00, 0x00, 0x00, 0x00, 0x00, 0x00, 0x00, 0x00, 0x00, 0x00,
    0x00, 0x00, 0x00, 0x00, 0x00, 0x00, 0x00, 0x00, 0x00, 0x00, 0x00, 0x00,
    0x00, 0x00, 0x00, 0x00, 0x00, 0x00, 0x00, 0x00, 0x00, 0x00, 0x00, 0x00,
    0x00, 0x00, 0x00, 0x00, 0x00, 0x00, 0x00, 0x00, 0x00, 0x00, 0x00, 0x00,
    0x00, 0x00, 0x00, 0x00, 0x00, 0x00, 0x00, 0x00, 0x00, 0x00, 0x00, 0x00,
    0x00, 0x00, 0x00, 0x00, 0x00, 0x00, 0x00, 0x00, 0x00, 0x00, 0x00, 0x00,
    0x00, 0x00, 0x00, 0x00, 0x00, 0x00, 0x00, 0x00, 0x00, 0x00, 0x00, 0x00,
    0x00, 0x00, 0x00, 0x00, 0x00, 0x00, 0x00, 0x00, 0x00, 0x00, 0x00, 0x00,
    0x00, 0x00, 0x00, 0x00, 0x00, 0x00, 0x00, 0x00, 0x00, 0x00, 0x00, 0x00,
    0x00, 0x00, 0x00, 0x00, 0x00, 0x00, 0x00, 0x00, 0x00, 0x00, 0x00, 0x00,
    0x00, 0x00, 0x00, 0x00, 0x00, 0x00, 0x00, 0x00, 0x00, 0x00, 0x00, 0x00,
    0x00, 0x00, 0x00, 0x00, 0x00, 0x00, 0x00, 0x00, 0x00, 0x00, 0x00, 0x00,
    0x00, 0x00, 0x00, 0x00, 0x00, 0x00, 0x00, 0x00, 0x00, 0x00, 0x00, 0x00,
    0x00, 0x00, 0x00, 0x00, 0x00, 0x00, 0x00, 0x00, 0x00, 0x00, 0x00, 0x00,
    0x00, 0x00, 0x00, 0x00, 0x00, 0x00, 0x00, 0x00, 0x00, 0x00, 0x00, 0x00,
    0x00, 0x00, 0x00, 0x00, 0x00, 0x00, 0x00, 0x00, 0x00, 0x00, 0x00, 0x00,
    0x00, 0x00, 0x00, 0x00, 0x00, 0x00, 0x00, 0x00, 0x00, 0x00, 0x00, 0x00,
    0x00, 0x00, 0x00, 0x00, 0x00, 0x00, 0x00, 0x00, 0x00, 0x00, 0x00, 0x00,
    0x00, 0x00, 0x00, 0x00, 0x00, 0x00, 0x00, 0x00, 0x00, 0x00, 0x00, 0x00,
    0x00, 0x00, 0x00, 0x00, 0x00, 0x00, 0x00, 0x00, 0x00, 0x00, 0x00, 0x00,
    0x00, 0x00, 0x00, 0x00, 0x00, 0x00, 0x00, 0x00, 0x00, 0x00, 0x00, 0x00,
    0x00, 0x00, 0x00, 0x00, 0x00, 0x00, 0x00, 0x00, 0x00, 0x00, 0x00, 0x00,
    0x00, 0x00, 0x00, 0x00, 0x00, 0x00, 0x00, 0x00, 0x00, 0x00, 0x00, 0x00,
    0x00, 0x00, 0x00, 0x00, 0x00, 0x00, 0x00, 0x00, 0x00, 0x00, 0x00, 0x00,
    0x00, 0x00, 0x00, 0x00, 0x00, 0x00, 0x00, 0x00, 0x00, 0x00, 0x00, 0x00,
    0x00, 0x00, 0x00, 0x00, 0x00, 0x00, 0x00, 0x00, 0x00, 0x00, 0x00, 0x00,
    0x00, 0x00, 0x00, 0x00, 0x00, 0x00, 0x00, 0x00, 0x00, 0x00, 0x00, 0x00,
    0x00, 0x00, 0x00, 0x00, 0x00, 0x00, 0x00, 0x00, 0x00, 0x00, 0x00, 0x00,
    0x00, 0x00, 0x00, 0x00, 0x00, 0x00, 0x00, 0x00, 0x00, 0x00, 0x00, 0x00,
    0x00, 0x00, 0x00, 0x00, 0x00, 0x00, 0x00, 0x00, 0x00, 0x00, 0x00, 0x00,
    0x00, 0x00, 0x00, 0x00, 0x00, 0x00, 0x00, 0x00, 0x00, 0x00, 0x00, 0x00,
    0x00, 0x00, 0x00, 0x00, 0x00, 0x00, 0x00, 0x00, 0x00, 0x00, 0x00, 0x00,
    0x00, 0x00, 0x00, 0x00, 0x00, 0x00, 0x00, 0x00, 0x00, 0x00, 0x00, 0x00,
    0x00, 0x00, 0x00, 0x00, 0x00, 0x00, 0x00, 0x00, 0x00, 0x00, 0x00, 0x00,
    0x00, 0x00, 0x00, 0x00, 0x00, 0x00, 0x00, 0x00, 0x00, 0x00, 0x00, 0x00,
    0x00, 0x00, 0x00, 0x00, 0x00, 0x00, 0x00, 0x00, 0x00, 0x00, 0x00, 0x00,
    0x68, 0x28, 0x19, 0x00, 0x00, 0x00, 0x00, 0x00, 0x5C, 0x4F, 0x02, 0x20,
    0x40, 0x4F, 0x02, 0x20, 0x5C, 0x4F, 0x02, 0x20, 0xD9, 0x26, 0x02, 0x20,
    0x05, 0xB1, 0x61, 0x00, 0x00, 0x05, 0x09, 0xF5, 0x7E, 0x3D, 0xC7, 0x0A,
    0xAD, 0x06, 0x34, 0x02, 0x00, 0x00, 0x00, 0x00, 0x00, 0x29, 0x02, 0x20,
    0x00, 0x00, 0x00, 0x00, 0x00, 0x00, 0x00, 0x00, 0x00, 0x00, 0x00, 0x00,
    0x84, 0xC4, 0x62, 0x5F, 0xF0, 0xB5, 0x8B, 0xB0, 0x00, 0xF0, 0x98, 0xFA,
    0x7B, 0x49, 0x7A, 0x48, 0x08, 0x60, 0x7C, 0x48, 0x7A, 0x49, 0x01, 0x62,
    0x7C, 0x4A, 0x7B, 0x49, 0x51, 0x60, 0x7D, 0x4F, 0x7B, 0x49, 0x7E, 0x4B,
    0xF9, 0x62, 0x7C, 0x49, 0xD9, 0x63, 0x78, 0x49, 0x7C, 0x4A, 0xE0, 0x31,
    0x8A, 0x63, 0x7C, 0x4A, 0xCA, 0x63, 0x7C, 0x4A, 0x40, 0x31, 0x0A, 0x60,
    0x9C, 0x46, 0x7C, 0x4A, 0x7A, 0x4B, 0x09, 0x92, 0xD3, 0x63, 0x3A, 0x46,
    0x80, 0x32, 0x7A, 0x4B, 0x08, 0x92, 0x13, 0x61, 0x79, 0x4A, 0x3A, 0x63,
    0x7A, 0x4C, 0x79, 0x4A, 0xA2, 0x60, 0x7A, 0x4A, 0x0A, 0x61, 0x74, 0x4A,
    0x79, 0x49, 0x80, 0x32, 0x91, 0x61, 0x01, 0x46, 0x80, 0x31, 0x78, 0x4A,
    0x01, 0x91, 0x4A, 0x62, 0x79, 0x4A, 0x06, 0x46, 0x76, 0x49, 0xC0, 0x36,
    0xF1, 0x61, 0x76, 0x49, 0x51, 0x60, 0xC5, 0x1F, 0xD3, 0x1D, 0x76, 0x49,
    0xF9, 0x3D, 0x69, 0x63, 0xF9, 0x33, 0x75, 0x49, 0x99, 0x62, 0x29, 0x46,
    0x40, 0x39, 0x74, 0x4A, 0x07, 0x91, 0x4A, 0x61, 0x60, 0x4A, 0x73, 0x49,
    0x40, 0x32, 0x9E, 0x46, 0x06, 0x92, 0x51, 0x60, 0x71, 0x49, 0x63, 0x46,
    0x19, 0x62, 0x71, 0x49, 0xD9, 0x62, 0x71, 0x49, 0xC1, 0x63, 0x71, 0x49,
    0x81, 0x62, 0x71, 0x49, 0x41, 0x62, 0x71, 0x49, 0xC1, 0x62, 0x71, 0x49,
    0xF1, 0x63, 0x71, 0x49, 0x41, 0x63, 0x71, 0x48, 0x73, 0x46, 0x18, 0x63,
    0x11, 0x46, 0x70, 0x48, 0xE0, 0x61, 0xC0, 0x31, 0x6F, 0x48, 0x00, 0x91,
    0x08, 0x60, 0x31, 0x46, 0x6E, 0x48, 0xC0, 0x31, 0xC8, 0x63, 0x6F, 0x49,
    0x6D, 0x48, 0x48, 0x60, 0x22, 0x46, 0xC0, 0x3A, 0x6D, 0x48, 0xD0, 0x61,
    0x11, 0x46, 0x80, 0x31, 0x6C, 0x48, 0x05, 0x91, 0x08, 0x62, 0xFF, 0x31,
    0x01, 0x31, 0x6B, 0x48, 0x04, 0x91, 0x48, 0x62, 0x6A, 0x48, 0x58, 0x62,
    0x6A, 0x48, 0x90, 0x61, 0x31, 0x46, 0x6A, 0x48, 0x80, 0x39, 0x08, 0x60,
    0x69, 0x48, 0x68, 0x61, 0x4F, 0x48, 0x69, 0x49, 0x80, 0x38, 0x03, 0x90,
    0x01, 0x61, 0xC0, 0x30, 0x67, 0x49, 0x02, 0x90, 0xC1, 0x63, 0x06, 0x9A,
    0x66, 0x48, 0x50, 0x61, 0x29, 0x46, 0x66, 0x48, 0x80, 0x31, 0x08, 0x62,
    0x21, 0x46, 0x65, 0x48, 0x80, 0x39, 0x48, 0x62, 0x64, 0x48, 0x80, 0x78,
    0x00, 0x28, 0x09, 0xD0, 0x63, 0x48, 0xC1, 0x68, 0x00, 0x29, 0x02, 0xD0,
    0x80, 0x68, 0x02, 0xF0, 0x3D, 0xF8, 0x61, 0x49, 0x07, 0x20, 0x08, 0x70,
    0x02, 0xF0, 0x3E, 0xF8, 0x5F, 0x48, 0xA0, 0x63, 0x04, 0x98, 0x5F, 0x49,
    0x01, 0x61, 0x01, 0x98, 0x5E, 0x49, 0xC1, 0x63, 0x09, 0x98, 0x5E, 0x49,
    0x01, 0x61, 0x5E, 0x48, 0x70, 0x61, 0x2D, 0x48, 0x5D, 0x49, 0x80, 0x38,
    0x01, 0x61, 0x02, 0x99, 0x5C, 0x4A, 0x0A, 0x63, 0x2D, 0x4A, 0x5C, 0x49,
    0x40, 0x32, 0x51, 0x63, 0x5B, 0x49, 0x61, 0x62, 0x5B, 0x49, 0x21, 0x62,
    0x5B, 0x49, 0xB1, 0x62, 0x5B, 0x49, 0x81, 0x62, 0x05, 0x98, 0x5B, 0x49,
    0x41, 0x63, 0x5B, 0x48, 0xA8, 0x60, 0x07, 0x98, 0x5A, 0x49, 0x01, 0x60,
    0x08, 0x98, 0x5A, 0x49, 0xC1, 0x63, 0x00, 0x98, 0x59, 0x49, 0xC1, 0x61,
    0x1C, 0x49, 0x59, 0x48, 0xC0, 0x31, 0x88, 0x60, 0x03, 0x98, 0x58, 0x49,
    0x01, 0x60, 0x19, 0x49, 0x57, 0x48, 0x40, 0x31, 0xC8, 0x63, 0x0E, 0x49,
    0x56, 0x48, 0x20, 0x31, 0x48, 0x60, 0x56, 0x48, 0x5C, 0x31, 0x08, 0x60,
    0x01, 0x98, 0x55, 0x49, 0xC1, 0x62, 0x55, 0x48, 0xF8, 0x63, 0x00, 0x98,
    0x54, 0x49, 0x01, 0x62, 0x54, 0x48, 0x28, 0x63, 0x0B, 0xB0, 0xF0, 0xBD,
    0x21, 0x30, 0x02, 0x20, 0xDC, 0x08, 0x02, 0x20, 0x95, 0x2E, 0x02, 0x20,
    0x9C, 0x07, 0x02, 0x20, 0xA7, 0x30, 0x02, 0x20, 0x50, 0x01, 0x02, 0x20,
    0xC1, 0x2A, 0x02, 0x20, 0x9C, 0x05, 0x02, 0x20, 0x15, 0x44, 0x02, 0x20,
    0x9C, 0x0E, 0x02, 0x20, 0x11, 0x31, 0x02, 0x20, 0x37, 0x31, 0x02, 0x20,
    0x69, 0x31, 0x02, 0x20, 0x75, 0x3E, 0x02, 0x20, 0x5C, 0x0B, 0x02, 0x20,
    0xDD, 0x2A, 0x02, 0x20, 0xEF, 0x2A, 0x02, 0x20, 0xED, 0x40, 0x02, 0x20,
    0x5C, 0x0D, 0x02, 0x20, 0x8F, 0x31, 0x02, 0x20, 0x95, 0x3E, 0x02, 0x20,
    0xB7, 0x31, 0x02, 0x20, 0xFD, 0x31, 0x02, 0x20, 0x21, 0x32, 0x02, 0x20,
    0x1C, 0x0A, 0x02, 0x20, 0xC1, 0x39, 0x02, 0x20, 0xEB, 0x39, 0x02, 0x20,
    0xB7, 0x2C, 0x02, 0x20, 0xC1, 0x44, 0x02, 0x20, 0x73, 0x44, 0x02, 0x20,
    0x49, 0x44, 0x02, 0x20, 0x39, 0x2B, 0x02, 0x20, 0x09, 0x2E, 0x02, 0x20,
    0x7D, 0x2E, 0x02, 0x20, 0xF1, 0x2D, 0x02, 0x20, 0xC7, 0x32, 0x02, 0x20,
    0x2D, 0x2F, 0x02, 0x20, 0xBF, 0x3B, 0x02, 0x20, 0x2B, 0x41, 0x02, 0x20,
    0x5B, 0x41, 0x02, 0x20, 0x49, 0x34, 0x02, 0x20, 0x7F, 0x34, 0x02, 0x20,
    0xF0, 0x02, 0x02, 0x20, 0x89, 0x40, 0x02, 0x20, 0xA3, 0x41, 0x02, 0x20,
    0x3D, 0x43, 0x02, 0x20, 0xC9, 0x3B, 0x02, 0x20, 0xB9, 0x3F, 0x02, 0x20,
    0xCD, 0x2F, 0x02, 0x20, 0x01, 0x3C, 0x02, 0x20, 0x8F, 0x34, 0x02, 0x20,
    0x31, 0x38, 0x02, 0x20, 0x33, 0x45, 0x02, 0x20, 0x85, 0x2D, 0x02, 0x20,
    0x59, 0x42, 0x02, 0x20, 0xA8, 0x25, 0x02, 0x20, 0x7C, 0x26, 0x02, 0x20,
    0xC4, 0x25, 0x02, 0x20, 0x31, 0x42, 0x02, 0x20, 0xC7, 0x43, 0x02, 0x20,
    0x97, 0x34, 0x02, 0x20, 0xA3, 0x3C, 0x02, 0x20, 0xF1, 0x3C, 0x02, 0x20,
    0x85, 0x38, 0x02, 0x20, 0x29, 0x39, 0x02, 0x20, 0xA1, 0x42, 0x02, 0x20,
    0xC3, 0x42, 0x02, 0x20, 0xB9, 0x41, 0x02, 0x20, 0xC9, 0x34, 0x02, 0x20,
    0x85, 0x39, 0x02, 0x20, 0xE7, 0x42, 0x02, 0x20, 0x4B, 0x2C, 0x02, 0x20,
    0x63, 0x2C, 0x02, 0x20, 0x8D, 0x2C, 0x02, 0x20, 0x65, 0x45, 0x02, 0x20,
    0x79, 0x3F, 0x02, 0x20, 0xFF, 0x34, 0x02, 0x20, 0xBD, 0x3E, 0x02, 0x20,
    0x37, 0x35, 0x02, 0x20, 0x65, 0x35, 0x02, 0x20, 0x53, 0x37, 0x02, 0x20,
    0xDF, 0x2B, 0x02, 0x20, 0xF3, 0x47, 0x02, 0x20, 0xE1, 0x2C, 0x02, 0x20,
    0x10, 0xB5, 0x0B, 0x68, 0xC0, 0x01, 0x1C, 0x1A, 0x24, 0x12, 0x1B, 0x1B,
    0x0B, 0x60, 0x11, 0x68, 0x81, 0x42, 0x02, 0xDB, 0x08, 0x1A, 0x80, 0x12,
    0x08, 0x1A, 0x10, 0x60, 0x10, 0xBD, 0xF8, 0xB5, 0x00, 0x26, 0x34, 0x46,
    0x18, 0x48, 0x21, 0x46, 0x41, 0x43, 0x18, 0x48, 0x08, 0x18, 0x19, 0x21,
    0x49, 0x01, 0x41, 0x18, 0x09, 0x78, 0x60, 0x29, 0x18, 0xD1, 0x00, 0x6D,
    0xC0, 0x02, 0x15, 0xD5, 0x01, 0x26, 0x00, 0x2C, 0x1E, 0xD0, 0x06, 0x20,
    0x01, 0xF0, 0x2A, 0xFF, 0x10, 0x49, 0xA5, 0x00, 0x10, 0x4F, 0x6A, 0x18,
    0xE9, 0x19, 0xFF, 0xF7, 0xD3, 0xFF, 0x78, 0x5B, 0x0E, 0x49, 0xC0, 0x11,
    0x08, 0x55, 0x0B, 0x48, 0x0D, 0x49, 0x40, 0x5B, 0xC0, 0x11, 0x08, 0x55,
    0x64, 0x1C, 0x24, 0x06, 0x24, 0x0E, 0xD7, 0xD0, 0x00, 0x2E, 0x04, 0xD0,
    0x09, 0x4A, 0x50, 0x21, 0x09, 0x20, 0x01, 0xF0, 0x15, 0xFF, 0xF8, 0xBD,
    0x05, 0x20, 0xDF, 0xE7, 0xE4, 0x04, 0x00, 0x00, 0x2C, 0x10, 0x02, 0x20,
    0x48, 0x4F, 0x02, 0x20, 0x4C, 0x4F, 0x02, 0x20, 0x47, 0x4F, 0x02, 0x20,
    0x46, 0x4F, 0x02, 0x20, 0x3B, 0x2A, 0x02, 0x20, 0x10, 0xB5, 0x01, 0x29,
    0x04, 0xD1, 0x04, 0x4B, 0x82, 0x00, 0x9A, 0x58, 0x00, 0x2A, 0x01, 0xD0,
    0x01, 0xF0, 0x00, 0xFF, 0x10, 0xBD, 0x00, 0x00, 0xEC, 0x1D, 0x02, 0x20,
    0x02, 0x46, 0x10, 0xB5, 0x00, 0x20, 0x2B, 0x2A, 0x02, 0xD0, 0x10, 0x46,
    0x01, 0xF0, 0xFA, 0xFE, 0x10, 0xBD, 0x10, 0xB5, 0x01, 0xF0, 0xFC, 0xFE,
    0x41, 0x48, 0x01, 0x68, 0xC0, 0x22, 0x91, 0x43, 0x01, 0x60, 0x40, 0x48,
    0x41, 0x6A, 0x40, 0x22, 0x91, 0x43, 0x41, 0x62, 0x10, 0xBD, 0x30, 0xB5,
    0x04, 0x46, 0x3D, 0x4B, 0x00, 0x20, 0x02, 0x46, 0x9D, 0x18, 0x20, 0x35,
    0x2D, 0x79, 0x6D, 0x06, 0x6D, 0x0E, 0xA5, 0x42, 0x02, 0xD1, 0x0A, 0x54,
    0x40, 0x1C, 0xC0, 0xB2, 0x52, 0x1C, 0xD2, 0xB2, 0x0D, 0x2A, 0xF1, 0xD3,
    0x00, 0x28, 0x00, 0xD1, 0xFF, 0x20, 0x30, 0xBD, 0xF0, 0xB5, 0x85, 0xB0,
    0x0D, 0x46, 0x01, 0x2A, 0x01, 0xD1, 0xC0, 0x18, 0xC0, 0xB2, 0x69, 0x46,
    0xFF, 0xF7, 0xDF, 0xFF, 0x07, 0x46, 0xFF, 0x28, 0x31, 0xD0, 0x00, 0x24,
    0x2C, 0x4E, 0x2C, 0xE0, 0x2A, 0x48, 0x29, 0x46, 0x30, 0x38, 0x02, 0x6D,
    0x68, 0x46, 0x03, 0x5D, 0x01, 0x20, 0x98, 0x40, 0x02, 0x40, 0xD2, 0x04,
    0x04, 0xD0, 0x01, 0x2D, 0x02, 0xD8, 0x01, 0x21, 0x49, 0x1B, 0xC9, 0xB2,
    0x0B, 0x00, 0x01, 0xF0, 0xBD, 0xFE, 0x05, 0x04, 0x07, 0x0C, 0x12, 0x16,
    0x18, 0x00, 0xF1, 0x6A, 0x81, 0x43, 0x01, 0xE0, 0xF1, 0x6A, 0x01, 0x43,
    0x1E, 0x48, 0x01, 0x60, 0x0B, 0xE0, 0x31, 0x68, 0x81, 0x43, 0x31, 0x60,
    0xB1, 0x6A, 0x01, 0x43, 0x01, 0xE0, 0xB1, 0x6A, 0x81, 0x43, 0xB1, 0x62,
    0x01, 0xE0, 0x01, 0xF0, 0xAB, 0xFE, 0x64, 0x1C, 0xE4, 0xB2, 0xBC, 0x42,
    0xD0, 0xD3, 0x05, 0xB0, 0xF0, 0xBD, 0x10, 0xB5, 0x0C, 0x46, 0x20, 0x42,
    0x06, 0xD0, 0x00, 0x22, 0x11, 0x46, 0x4F, 0x20, 0x01, 0xF0, 0xA2, 0xFE,
    0x00, 0x28, 0x05, 0xD1, 0x00, 0x2C, 0x03, 0xD0, 0x16, 0x21, 0x00, 0x20,
    0x01, 0xF0, 0xA0, 0xFE, 0x10, 0xBD, 0x10, 0xB5, 0x01, 0x24, 0x0B, 0x46,
    0x4F, 0x28, 0x04, 0xD0, 0x01, 0xF0, 0x9E, 0xFE, 0x04, 0x46, 0x20, 0x46,
    0x10, 0xBD, 0x11, 0x46, 0x18, 0x46, 0xFF, 0xF7, 0xE0, 0xFF, 0xF8, 0xE7,
    0x00, 0x05, 0x06, 0x40, 0x00, 0x41, 0x09, 0x40, 0xF8, 0x19, 0x02, 0x20,
    0x00, 0x07, 0x06, 0x40, 0x00, 0x06, 0x06, 0x40, 0x4F, 0x48, 0x50, 0x4B,
    0xC1, 0x7E, 0x80, 0x7E, 0x09, 0x02, 0x01, 0x43, 0x1B, 0x20, 0x0A, 0x07,
    0x12, 0x0F, 0x09, 0x2A, 0x01, 0xD9, 0x37, 0x32, 0x00, 0xE0, 0x30, 0x32,
    0x1A, 0x54, 0x40, 0x1E, 0x09, 0x09, 0xC0, 0xB2, 0x19, 0x28, 0xF2, 0xD8,
    0x30, 0x20, 0x58, 0x77, 0x98, 0x77, 0xD8, 0x77, 0x44, 0x48, 0x33, 0x21,
    0x20, 0x30, 0x01, 0x70, 0x70, 0x47, 0x10, 0xB5, 0xEF, 0xF3, 0x10, 0x84,
    0xE4, 0x07, 0xE4, 0x0F, 0x72, 0xB6, 0x01, 0xF0, 0x6D, 0xFE, 0x00, 0x2C,
    0x00, 0xD1, 0x62, 0xB6, 0x10, 0xBD, 0x10, 0xB5, 0x01, 0x24, 0x3C, 0x48,
    0xA4, 0x06, 0x04, 0x60, 0x00, 0x21, 0x3B, 0x48, 0x01, 0xF0, 0x66, 0xFE,
    0x3A, 0x49, 0x07, 0x20, 0x88, 0x61, 0x3A, 0x48, 0x04, 0x60, 0x36, 0x48,
    0x80, 0x38, 0x04, 0x60, 0x60, 0x13, 0x01, 0xF0, 0x61, 0xFE, 0x10, 0xBD,
    0x10, 0xB5, 0x01, 0x24, 0x31, 0x48, 0x64, 0x06, 0x04, 0x60, 0x00, 0x21,
    0x33, 0x48, 0x01, 0xF0, 0x51, 0xFE, 0x33, 0x49, 0x07, 0x20, 0x88, 0x61,
    0x2F, 0x48, 0x04, 0x60, 0x2B, 0x48, 0x80, 0x38, 0x04, 0x60, 0x20, 0x13,
    0x01, 0xF0, 0x4C, 0xFE, 0x10, 0xBD, 0x2E, 0x49, 0x2E, 0x4A, 0x10, 0xB5,
    0x41, 0x43, 0x8B, 0x18, 0x1A, 0x46, 0x07, 0x24, 0xE4, 0x01, 0x40, 0x32,
    0x1B, 0x19, 0xD1, 0x7D, 0x1B, 0x7D, 0x89, 0x08, 0x9B, 0x07, 0x89, 0x00,
    0x9B, 0x0F, 0x19, 0x43, 0xD1, 0x75, 0x01, 0xF0, 0x3D, 0xFE, 0x10, 0xBD,
    0xFF, 0xB5, 0x85, 0xB0, 0x16, 0x46, 0x6A, 0x46, 0x0E, 0x99, 0x04, 0x46,
    0x10, 0x70, 0x46, 0x20, 0x50, 0x70, 0x90, 0x78, 0xE7, 0x22, 0xC0, 0x08,
    0xC0, 0x00, 0x10, 0x40, 0x10, 0x30, 0x6A, 0x46, 0x90, 0x70, 0x08, 0x78,
    0x80, 0x22, 0x10, 0x43, 0x6A, 0x46, 0xD0, 0x70, 0x48, 0x78, 0x50, 0x71,
    0x88, 0x78, 0x90, 0x71, 0x18, 0x48, 0x04, 0x90, 0x1D, 0x46, 0x68, 0x46,
    0x01, 0xF0, 0x22, 0xFE, 0x00, 0x28, 0x03, 0xD0, 0x15, 0x4F, 0x38, 0x78,
    0x00, 0x28, 0x02, 0xD0, 0x03, 0x20, 0x09, 0xB0, 0xF0, 0xBD, 0x2B, 0x46,
    0x32, 0x46, 0x20, 0x46, 0x06, 0x99, 0x01, 0xF0, 0x19, 0xFE, 0x10, 0x4D,
    0xA4, 0x00, 0x28, 0x51, 0x01, 0x20, 0x38, 0x70, 0x01, 0xF0, 0x18, 0xFE,
    0x28, 0x59, 0xEE, 0xE7, 0x98, 0x26, 0x02, 0x20, 0x78, 0x00, 0x02, 0x20,
    0x80, 0xE1, 0x00, 0xE0, 0x00, 0x00, 0x0B, 0x40, 0x00, 0x08, 0x0B, 0x40,
    0x80, 0xE2, 0x00, 0xE0, 0x00, 0x00, 0x03, 0x40, 0x00, 0x08, 0x03, 0x40,
    0xE4, 0x04, 0x00, 0x00, 0x2C, 0x10, 0x02, 0x20, 0xB9, 0xCB, 0x01, 0x00,
    0xB9, 0x20, 0x02, 0x20, 0x20, 0x1E, 0x02, 0x20, 0xF8, 0xB5, 0x07, 0x46,
    0x08, 0x78, 0x00, 0x24, 0x0E, 0x46, 0x00, 0x28, 0x28, 0xD0, 0x08, 0x28,
    0x02, 0xD9, 0x08, 0x25, 0x08, 0x38, 0x01, 0xE0, 0x05, 0x46, 0x00, 0x20,
    0x30, 0x70, 0x38, 0x79, 0x31, 0x78, 0x40, 0x1A, 0x40, 0x1B, 0xC0, 0xB2,
    0x00, 0x90, 0x08, 0xE0, 0x00, 0x98, 0x00, 0x19, 0xC0, 0x19, 0x41, 0x79,
    0x0B, 0x48, 0x01, 0xF0, 0xE5, 0xFD, 0x64, 0x1C, 0xE4, 0xB2, 0xAC, 0x42,
    0xF4, 0xD3, 0x01, 0x21, 0x07, 0x48, 0x89, 0x02, 0xC1, 0x61, 0x02, 0x69,
    0x0A, 0x43, 0x02, 0x61, 0x30, 0x78, 0x00, 0x28, 0x01, 0xD0, 0x02, 0x20,
    0x00, 0xE0, 0x03, 0x20, 0x02, 0x49, 0x08, 0x70, 0xF8, 0xBD, 0x00, 0x00,
    0x00, 0x00, 0x07, 0x40, 0xB9, 0x20, 0x02, 0x20, 0x10, 0xB5, 0xEF, 0xF3,
    0x10, 0x84, 0xE4, 0x07, 0xE4, 0x0F, 0x72, 0xB6, 0x01, 0xF0, 0xCA, 0xFD,
    0x00, 0x2C, 0x00, 0xD1, 0x62, 0xB6, 0x10, 0xBD, 0xF7, 0xB5, 0x06, 0x46,
    0xEF, 0xF3, 0x10, 0x80, 0xC5, 0x07, 0xED, 0x0F, 0x72, 0xB6, 0x01, 0x98,
    0x19, 0x28, 0x26, 0xD1, 0x7B, 0x48, 0x7C, 0x49, 0x70, 0x43, 0x44, 0x18,
    0x60, 0x34, 0x20, 0x78, 0x80, 0x06, 0x11, 0xD5, 0x01, 0x21, 0x30, 0x46,
    0x00, 0xF0, 0x07, 0xFA, 0xDF, 0x27, 0x00, 0x28, 0x02, 0xD1, 0x20, 0x78,
    0x38, 0x40, 0x20, 0x70, 0x30, 0x46, 0x01, 0xF0, 0xAD, 0xFD, 0x01, 0x28,
    0x02, 0xD1, 0x20, 0x78, 0x38, 0x40, 0x20, 0x70, 0x20, 0x78, 0xC0, 0x06,
    0x09, 0xD5, 0x00, 0x21, 0x30, 0x46, 0x00, 0xF0, 0xF2, 0xF9, 0x00, 0x28,
    0x03, 0xD1, 0x20, 0x78, 0xEF, 0x21, 0x08, 0x40, 0x20, 0x70, 0x30, 0x46,
    0x02, 0x9A, 0x01, 0x99, 0x01, 0xF0, 0x9C, 0xFD, 0x00, 0x2D, 0x00, 0xD1,
    0x62, 0xB6, 0xFE, 0xBD, 0x10, 0xB5, 0xEF, 0xF3, 0x10, 0x83, 0xDC, 0x07,
    0xE4, 0x0F, 0x72, 0xB6, 0x01, 0xF0, 0x96, 0xFD, 0x00, 0x2C, 0x00, 0xD1,
    0x62, 0xB6, 0x10, 0xBD, 0xFE, 0xB5, 0x05, 0x46, 0x01, 0x23, 0x68, 0x46,
    0x03, 0x70, 0x0C, 0x46, 0x00, 0x20, 0x01, 0x90, 0x59, 0x49, 0x5A, 0x48,
    0x69, 0x43, 0x0A, 0x18, 0x19, 0x2C, 0x02, 0xD0, 0x33, 0x2C, 0x1A, 0xD0,
    0x1F, 0xE0, 0x16, 0x46, 0x60, 0x36, 0xB0, 0x78, 0x01, 0x07, 0x06, 0xD5,
    0x11, 0x46, 0x40, 0x31, 0x8F, 0x7F, 0xBF, 0x07, 0xBF, 0x0F, 0x1F, 0x43,
    0x8F, 0x77, 0x06, 0x21, 0x50, 0x4B, 0x69, 0x43, 0xC9, 0x18, 0x09, 0x79,
    0x01, 0x29, 0x26, 0xD0, 0x51, 0x7E, 0xC9, 0x07, 0x09, 0xD0, 0xBF, 0x21,
    0x08, 0x40, 0xB0, 0x70, 0x05, 0xE0, 0x11, 0x20, 0x40, 0x01, 0x10, 0x18,
    0x00, 0x78, 0xC0, 0x06, 0x19, 0xD5, 0x21, 0x46, 0x28, 0x46, 0x01, 0xF0,
    0x63, 0xFD, 0x57, 0x2C, 0x13, 0xD2, 0x6A, 0x46, 0x21, 0x46, 0x28, 0x46,
    0xFF, 0xF7, 0xB8, 0xFF, 0x6A, 0x46, 0x21, 0x46, 0x28, 0x46, 0xFF, 0xF7,
    0x79, 0xFF, 0x68, 0x46, 0x00, 0x78, 0x00, 0x28, 0x05, 0xD0, 0x6B, 0x46,
    0x01, 0xAA, 0x21, 0x46, 0x28, 0x46, 0xFF, 0xF7, 0x63, 0xFF, 0xFE, 0xBD,
    0xF0, 0xB5, 0x06, 0x46, 0x39, 0x48, 0x0F, 0x46, 0x01, 0x46, 0x87, 0xB0,
    0x0E, 0xC9, 0x04, 0xAC, 0x0E, 0xC4, 0x43, 0x69, 0x02, 0x69, 0xC1, 0x68,
    0x80, 0x69, 0x00, 0x24, 0x04, 0xAD, 0x02, 0x93, 0x01, 0x92, 0x00, 0x91,
    0x03, 0x90, 0x60, 0x00, 0x41, 0x19, 0x49, 0x78, 0x28, 0x5C, 0x33, 0x46,
    0x01, 0x22, 0x01, 0xF0, 0x37, 0xFD, 0x64, 0x1C, 0xE4, 0xB2, 0x06, 0x2C,
    0xF3, 0xD3, 0x28, 0x48, 0x28, 0x4A, 0x70, 0x43, 0x80, 0x18, 0x07, 0x22,
    0xD2, 0x01, 0x00, 0x21, 0x80, 0x18, 0x81, 0x75, 0x0A, 0x46, 0x33, 0x46,
    0x01, 0x21, 0x43, 0x20, 0x01, 0xF0, 0x24, 0xFD, 0x00, 0x2F, 0x1D, 0xD1,
    0x30, 0x46, 0x01, 0xF0, 0x25, 0xFD, 0x30, 0x46, 0x01, 0xF0, 0x28, 0xFD,
    0x00, 0x24, 0x6D, 0x46, 0x60, 0x00, 0x41, 0x19, 0x49, 0x78, 0x28, 0x5C,
    0x33, 0x46, 0x01, 0x22, 0x01, 0xF0, 0x12, 0xFD, 0x64, 0x1C, 0xE4, 0xB2,
    0x07, 0x2C, 0xF3, 0xD3, 0x19, 0x48, 0xC0, 0x6E, 0xC0, 0x06, 0x05, 0xD5,
    0x33, 0x46, 0x01, 0x22, 0x00, 0x21, 0x3F, 0x20, 0x01, 0xF0, 0x04, 0xFD,
    0x07, 0xB0, 0xF0, 0xBD, 0xF8, 0xB5, 0x15, 0x46, 0x0F, 0x46, 0x04, 0x46,
    0x01, 0x29, 0x01, 0xD1, 0x40, 0x19, 0xC4, 0xB2, 0x20, 0x46, 0x01, 0xF0,
    0x09, 0xFD, 0x06, 0x46, 0x2A, 0x46, 0x39, 0x46, 0x20, 0x46, 0x01, 0xF0,
    0x09, 0xFD, 0x2F, 0x2C, 0x0B, 0xD1, 0xFF, 0x28, 0x09, 0xD0, 0x09, 0x49,
    0x01, 0x23, 0x0A, 0x6D, 0x19, 0x46, 0xB1, 0x40, 0x0A, 0x40, 0xD2, 0x04,
    0x01, 0xD0, 0x18, 0x1A, 0x18, 0x40, 0xF8, 0xBD, 0xE4, 0x04, 0x00, 0x00,
    0x2C, 0x10, 0x02, 0x20, 0x40, 0x4F, 0x02, 0x20, 0x14, 0x4F, 0x02, 0x20,
    0xC8, 0x19, 0x02, 0x20, 0xF8, 0xB5, 0x04, 0x46, 0xFC, 0x4D, 0xFA, 0x4A,
    0xFA, 0x48, 0x11, 0x23, 0x65, 0x43, 0x11, 0x5D, 0x5B, 0x01, 0x28, 0x18,
    0xFF, 0x26, 0xC5, 0x18, 0x00, 0x29, 0x18, 0xD1, 0x29, 0x78, 0xEF, 0x23,
    0x19, 0x40, 0x29, 0x70, 0xC1, 0x7C, 0x49, 0x06, 0x11, 0xD5, 0x01, 0x6D,
    0xC9, 0x03, 0x05, 0xD4, 0x17, 0x21, 0x49, 0x01, 0x40, 0x18, 0x40, 0x7C,
    0x16, 0x28, 0x18, 0xD1, 0x02, 0x20, 0x10, 0x55, 0xEE, 0x48, 0xEF, 0x49,
    0x02, 0x5D, 0x20, 0x46, 0x01, 0xF0, 0xD0, 0xFC, 0x0F, 0xE0, 0x28, 0x78,
    0xC0, 0x06, 0xC7, 0x0F, 0x20, 0x46, 0x01, 0xF0, 0xCF, 0xFC, 0x06, 0x46,
    0x00, 0x2F, 0x06, 0xD1, 0x28, 0x78, 0xC0, 0x06, 0x03, 0xD5, 0x33, 0x21,
    0x20, 0x46, 0xFF, 0xF7, 0x03, 0xFF, 0x30, 0x46, 0xF8, 0xBD, 0x06, 0x21,
    0xE3, 0x4B, 0x10, 0xB5, 0x41, 0x43, 0x00, 0x22, 0xC9, 0x18, 0xCA, 0x70,
    0x01, 0xF0, 0xC0, 0xFC, 0x10, 0xBD, 0x70, 0xB5, 0x04, 0x46, 0xDF, 0x48,
    0x00, 0x78, 0xC0, 0x07, 0x0B, 0xD0, 0x06, 0x20, 0xDB, 0x4A, 0x60, 0x43,
    0x80, 0x18, 0x01, 0x21, 0xC1, 0x70, 0xDB, 0x4B, 0x64, 0x22, 0x21, 0x21,
    0x20, 0x46, 0x01, 0xF0, 0xB3, 0xFC, 0xD3, 0x48, 0xD1, 0x49, 0x60, 0x43,
    0x46, 0x18, 0x1D, 0x20, 0x40, 0x01, 0x31, 0x18, 0x48, 0x79, 0xC0, 0x09,
    0x06, 0xD0, 0x08, 0x79, 0x40, 0x07, 0x03, 0xD5, 0x01, 0x21, 0x20, 0x46,
    0xFF, 0xF7, 0xEA, 0xFC, 0x20, 0x46, 0x01, 0xF0, 0xA5, 0xFC, 0x05, 0x46,
    0x17, 0x20, 0x40, 0x01, 0x32, 0x18, 0x11, 0x7B, 0x0C, 0x20, 0x01, 0x43,
    0x11, 0x73, 0x08, 0x07, 0x81, 0x0F, 0x20, 0x46, 0x01, 0xF0, 0xA8, 0xFA,
    0x28, 0x46, 0x70, 0xBD, 0x10, 0xB5, 0x04, 0x46, 0x01, 0xF0, 0x98, 0xFC,
    0x00, 0x28, 0x04, 0xD0, 0x00, 0x21, 0x20, 0x46, 0x01, 0xF0, 0x98, 0xFC,
    0x04, 0xE0, 0x70, 0x22, 0xC1, 0x49, 0x20, 0x46, 0x01, 0xF0, 0x6E, 0xFC,
    0xC0, 0x48, 0x00, 0x5D, 0x10, 0xBD, 0x10, 0xB5, 0x04, 0x46, 0xB7, 0x48,
    0xB5, 0x4A, 0x60, 0x43, 0x80, 0x18, 0x11, 0x22, 0x52, 0x01, 0x00, 0x21,
    0x80, 0x18, 0x41, 0x74, 0x11, 0x21, 0x20, 0x46, 0x01, 0xF0, 0x86, 0xFC,
    0x19, 0x21, 0x20, 0x46, 0xFF, 0xF7, 0x9C, 0xFE, 0x20, 0x46, 0x01, 0xF0,
    0x85, 0xFC, 0xB4, 0x48, 0x00, 0x5D, 0x10, 0xBD, 0x10, 0xB5, 0x04, 0x46,
    0xAA, 0x48, 0xA9, 0x49, 0x60, 0x43, 0x41, 0x18, 0x11, 0x20, 0x40, 0x01,
    0x09, 0x18, 0x00, 0x22, 0x4A, 0x74, 0x01, 0x20, 0x08, 0x75, 0x20, 0x46,
    0x01, 0xF0, 0x72, 0xFC, 0xAA, 0x48, 0x00, 0x5D, 0x10, 0xBD, 0x70, 0xB5,
    0x04, 0x46, 0xA9, 0x48, 0x05, 0x5D, 0x20, 0x46, 0x01, 0xF0, 0x6E, 0xFC,
    0x06, 0x46, 0xA5, 0x48, 0x00, 0x5D, 0xA8, 0x42, 0x05, 0xD1, 0x9D, 0x48,
    0xA1, 0x49, 0x02, 0x5D, 0x20, 0x46, 0x01, 0xF0, 0x2D, 0xFC, 0x30, 0x46,
    0x70, 0xBD, 0x10, 0xB5, 0x7D, 0x21, 0x04, 0x46, 0x49, 0x01, 0x01, 0xF0,
    0x61, 0xFC, 0x20, 0x46, 0x01, 0xF0, 0x64, 0xFC, 0x97, 0x20, 0xC0, 0x00,
    0x9B, 0x49, 0x60, 0x43, 0x41, 0x18, 0x07, 0x20, 0xC0, 0x01, 0x09, 0x18,
    0x01, 0x22, 0x88, 0x68, 0x12, 0x07, 0x90, 0x43, 0x8D, 0x4A, 0x0F, 0x23,
    0x54, 0x43, 0x8B, 0x4A, 0x9B, 0x01, 0xA2, 0x18, 0xD2, 0x18, 0xD2, 0x68,
    0xD2, 0x00, 0xD2, 0x0F, 0x12, 0x07, 0x10, 0x43, 0x88, 0x60, 0x10, 0xBD,
    0x86, 0x49, 0x85, 0x4B, 0x41, 0x43, 0xC9, 0x18, 0x10, 0xB5, 0xFF, 0x31,
    0x00, 0x22, 0xC1, 0x31, 0xCA, 0x72, 0x06, 0x21, 0x84, 0x4B, 0x41, 0x43,
    0x5A, 0x54, 0xC9, 0x18, 0xCA, 0x70, 0x01, 0xF0, 0x3F, 0xFC, 0x10, 0xBD,
    0x7D, 0x49, 0x7C, 0x4A, 0x41, 0x43, 0x89, 0x18, 0x10, 0xB5, 0xFF, 0x31,
    0xC1, 0x31, 0xCA, 0x7A, 0x04, 0x2A, 0x03, 0xD1, 0xCA, 0x7B, 0xBF, 0x23,
    0x1A, 0x40, 0xCA, 0x73, 0x01, 0xF0, 0x34, 0xFC, 0x10, 0xBD, 0x75, 0x4B,
    0x02, 0x46, 0x5A, 0x43, 0x72, 0x4B, 0x30, 0xB5, 0xD2, 0x18, 0xFF, 0x23,
    0x15, 0x33, 0x01, 0x20, 0x9D, 0x5C, 0x83, 0x02, 0xD4, 0x18, 0xE3, 0x68,
    0x01, 0x2D, 0x10, 0xD0, 0x9B, 0x00, 0x5B, 0x0F, 0x01, 0x2B, 0x01, 0xD0,
    0x02, 0x2B, 0x26, 0xD1, 0xE3, 0x7A, 0x5B, 0x07, 0x5B, 0x0F, 0x03, 0x2B,
    0x21, 0xD9, 0x83, 0x23, 0xDB, 0x00, 0xD2, 0x18, 0x01, 0x29, 0x1D, 0xD0,
    0x12, 0xE0, 0x9B, 0x01, 0x5B, 0x0F, 0x01, 0x2B, 0x01, 0xD0, 0x02, 0x2B,
    0x15, 0xD1, 0xE3, 0x7A, 0x5B, 0x07, 0x5B, 0x0F, 0x1C, 0x1F, 0x03, 0x2C,
    0x0F, 0xD2, 0x9B, 0x00, 0xD2, 0x18, 0x81, 0x23, 0xDB, 0x00, 0xD2, 0x18,
    0x01, 0x29, 0x04, 0xD0, 0x00, 0x29, 0x06, 0xD1, 0x11, 0x68, 0xC9, 0x01,
    0x06, 0xE0, 0x11, 0x68, 0x89, 0x01, 0x03, 0xE0, 0x00, 0x20, 0x30, 0xBD,
    0x11, 0x68, 0x49, 0x01, 0x00, 0x29, 0xF9, 0xDA, 0x30, 0xBD, 0xF7, 0xB5,
    0x84, 0xB0, 0x04, 0x98, 0x60, 0x21, 0x48, 0x43, 0x5B, 0x49, 0x00, 0x24,
    0x45, 0x18, 0x50, 0x49, 0x04, 0x98, 0x16, 0x46, 0x48, 0x43, 0x4D, 0x49,
    0x02, 0x94, 0x40, 0x18, 0x11, 0x21, 0x89, 0x01, 0x40, 0x18, 0x00, 0x94,
    0x03, 0x90, 0x48, 0xE0, 0x05, 0x98, 0x00, 0x68, 0x00, 0x0C, 0x01, 0x90,
    0x5D, 0xD0, 0x01, 0x46, 0x04, 0x98, 0x01, 0xF0, 0xD9, 0xFB, 0x07, 0x46,
    0x01, 0x99, 0x04, 0x98, 0x01, 0xF0, 0xDA, 0xFB, 0x06, 0x2F, 0x07, 0xD2,
    0x00, 0x2E, 0x53, 0xD0, 0x01, 0x2E, 0x56, 0xD0, 0x01, 0x20, 0x39, 0x01,
    0x69, 0x18, 0xC8, 0x71, 0x32, 0x46, 0x21, 0x46, 0x01, 0x9B, 0x04, 0x98,
    0x01, 0xF0, 0xD0, 0xFB, 0x05, 0x98, 0x64, 0x1C, 0x00, 0x88, 0xE4, 0xB2,
    0x00, 0x04, 0x00, 0x0C, 0x01, 0x90, 0x3C, 0xD0, 0x01, 0x46, 0x04, 0x98,
    0x01, 0xF0, 0xB8, 0xFB, 0x07, 0x46, 0x01, 0x99, 0x04, 0x98, 0x01, 0xF0,
    0xB9, 0xFB, 0x06, 0x2F, 0x07, 0xD2, 0x00, 0x2E, 0x3C, 0xD0, 0x01, 0x2E,
    0x3F, 0xD0, 0x01, 0x20, 0x39, 0x01, 0x69, 0x18, 0xC8, 0x71, 0x32, 0x46,
    0x21, 0x46, 0x01, 0x9B, 0x04, 0x98, 0x01, 0xF0, 0xAF, 0xFB, 0x05, 0x98,
    0x64, 0x1C, 0x00, 0x1D, 0x05, 0x90, 0x00, 0x98, 0xE4, 0xB2, 0x40, 0x1C,
    0xC0, 0xB2, 0x00, 0x90, 0x03, 0x98, 0x00, 0x99, 0x40, 0x7F, 0x40, 0x1E,
    0x88, 0x42, 0xB1, 0xDC, 0x22, 0x49, 0x04, 0x98, 0x48, 0x43, 0x20, 0x49,
    0x40, 0x18, 0xFF, 0x30, 0x41, 0x30, 0xC1, 0x7A, 0x02, 0x2E, 0x21, 0xD2,
    0x09, 0x09, 0x09, 0x01, 0x08, 0x2C, 0x00, 0xD9, 0x08, 0x24, 0x22, 0x07,
    0x12, 0x0F, 0x11, 0x43, 0xC1, 0x72, 0x00, 0x21, 0x1F, 0xE0, 0x01, 0x20,
    0x02, 0x90, 0xE7, 0xE7, 0x01, 0x20, 0x39, 0x01, 0x69, 0x18, 0x88, 0x71,
    0xAC, 0xE7, 0x01, 0x20, 0x39, 0x01, 0x69, 0x18, 0x08, 0x72, 0xA7, 0xE7,
    0x01, 0x20, 0x39, 0x01, 0x69, 0x18, 0x88, 0x71, 0xC3, 0xE7, 0x01, 0x20,
    0x39, 0x01, 0x69, 0x18, 0x08, 0x72, 0xBE, 0xE7, 0x09, 0x07, 0x09, 0x0F,
    0x08, 0x2C, 0x00, 0xD9, 0x08, 0x24, 0x22, 0x01, 0x11, 0x43, 0xC1, 0x72,
    0x01, 0x21, 0x04, 0x98, 0x01, 0xF0, 0x6E, 0xFB, 0x00, 0x98, 0x06, 0x28,
    0x02, 0xD1, 0x02, 0x98, 0x00, 0x28, 0x1D, 0xD0, 0x00, 0x20, 0x07, 0xB0,
    0xF0, 0xBD, 0x00, 0x00, 0xEB, 0x1D, 0x02, 0x20, 0x2C, 0x10, 0x02, 0x20,
    0xE4, 0x04, 0x00, 0x00, 0xF6, 0x1D, 0x02, 0x20, 0x20, 0x4E, 0x00, 0x00,
    0x40, 0x4F, 0x02, 0x20, 0x50, 0x4F, 0x02, 0x20, 0x93, 0x30, 0x02, 0x20,
    0xFC, 0x6C, 0x00, 0x00, 0xF5, 0x1D, 0x02, 0x20, 0xA8, 0x00, 0x02, 0x20,
    0x10, 0x15, 0x02, 0x20, 0x08, 0x00, 0x02, 0x20, 0x01, 0x20, 0xE0, 0xE7,
    0x70, 0xB5, 0xF0, 0x4D, 0x01, 0x20, 0x28, 0x70, 0x01, 0xF0, 0x48, 0xFB,
    0x00, 0x24, 0x28, 0x5D, 0x00, 0x28, 0x0B, 0xD1, 0x00, 0x22, 0x05, 0x21,
    0x20, 0x46, 0x01, 0xF0, 0x45, 0xFB, 0x20, 0x46, 0x01, 0xF0, 0x48, 0xFB,
    0x03, 0x21, 0x20, 0x46, 0x00, 0xF0, 0x73, 0xFE, 0x64, 0x1C, 0x24, 0x06,
    0x24, 0x0E, 0xEC, 0xD0, 0x70, 0xBD, 0x10, 0xB5, 0x04, 0x46, 0x01, 0xF0,
    0x41, 0xFB, 0xE1, 0x4A, 0x01, 0x21, 0x11, 0x55, 0x10, 0xBD, 0x10, 0xB5,
    0x01, 0xF0, 0x40, 0xFB, 0x10, 0xBD, 0xDE, 0x49, 0xDE, 0x4A, 0x41, 0x43,
    0x89, 0x18, 0x10, 0xB5, 0xFF, 0x22, 0x1D, 0x32, 0x52, 0x58, 0x03, 0x24,
    0xD2, 0x00, 0x93, 0x0F, 0x01, 0x22, 0x92, 0x02, 0x8A, 0x18, 0xD1, 0x68,
    0x64, 0x05, 0xA1, 0x43, 0x02, 0x2B, 0x01, 0xD1, 0x5B, 0x05, 0xC9, 0x18,
    0xD1, 0x60, 0x01, 0xF0, 0x2D, 0xFB, 0x10, 0xBD, 0x10, 0xB5, 0x04, 0x46,
    0x01, 0xF0, 0x2E, 0xFB, 0x00, 0x28, 0x13, 0xD0, 0x06, 0x21, 0xD0, 0x4A,
    0x61, 0x43, 0x89, 0x18, 0xC9, 0x78, 0x01, 0x29, 0x0C, 0xD1, 0xCB, 0x49,
    0x4C, 0x43, 0xCB, 0x49, 0x62, 0x18, 0x17, 0x21, 0x49, 0x01, 0x51, 0x18,
    0x49, 0x7C, 0x08, 0x29, 0x02, 0xD0, 0x09, 0x29, 0x00, 0xD0, 0x00, 0x20,
    0x10, 0xBD, 0x10, 0xB5, 0x04, 0x46, 0x01, 0xF0, 0x19, 0xFB, 0x05, 0x21,
    0x20, 0x46, 0x01, 0xF0, 0x1B, 0xFB, 0x00, 0x28, 0x10, 0xD1, 0xBF, 0x48,
    0xBF, 0x49, 0x60, 0x43, 0x40, 0x18, 0x17, 0x21, 0x49, 0x01, 0x40, 0x18,
    0x40, 0x7C, 0x0B, 0x28, 0x06, 0xD1, 0x19, 0x21, 0x20, 0x46, 0x01, 0xF0,
    0x11, 0xFB, 0xBB, 0x49, 0x21, 0x20, 0x08, 0x55, 0x10, 0xBD, 0x10, 0xB5,
    0x04, 0x46, 0x01, 0xF0, 0x0F, 0xFB, 0x11, 0x28, 0x0F, 0xD1, 0xB3, 0x49,
    0xB3, 0x4A, 0x61, 0x43, 0x89, 0x18, 0x40, 0x31, 0xC9, 0x7D, 0x89, 0x07,
    0x89, 0x0F, 0x02, 0x29, 0x05, 0xD1, 0x2C, 0x21, 0x20, 0x46, 0x01, 0xF0,
    0x05, 0xFB, 0xB0, 0x48, 0x00, 0x5D, 0x10, 0xBD, 0x70, 0xB5, 0x05, 0x46,
    0x01, 0xF0, 0x04, 0xFB, 0x04, 0x46, 0x11, 0x28, 0x0A, 0xD1, 0x28, 0x46,
    0x01, 0xF0, 0x04, 0xFB, 0x00, 0x28, 0x05, 0xD0, 0x2C, 0x21, 0x28, 0x46,
    0x01, 0xF0, 0xF2, 0xFA, 0xA6, 0x48, 0x44, 0x5D, 0x20, 0x46, 0x70, 0xBD,
    0x82, 0x0F, 0x01, 0x2A, 0x0B, 0xD0, 0xA4, 0x4A, 0x02, 0x40, 0x83, 0x0F,
    0x0B, 0xD0, 0x80, 0x00, 0x83, 0x0D, 0x18, 0x05, 0x02, 0x43, 0x00, 0x29,
    0x07, 0xD0, 0x90, 0x00, 0x06, 0xE0, 0x80, 0x05, 0x80, 0x0D, 0x9E, 0x49,
    0x08, 0xE0, 0x00, 0x03, 0xF2, 0xE7, 0x10, 0x03, 0x91, 0x05, 0x80, 0x0D,
    0x89, 0x0D, 0x48, 0x43, 0xFF, 0x21, 0xF5, 0x31, 0x48, 0x43, 0x70, 0x47,
    0xF7, 0xB5, 0x82, 0xB0, 0x84, 0x46, 0x03, 0x98, 0x00, 0x90, 0x80, 0x0F,
    0x01, 0x90, 0x01, 0x22, 0x40, 0x00, 0x11, 0x46, 0x81, 0x40, 0x60, 0x46,
    0x87, 0x0F, 0x78, 0x00, 0x40, 0x1C, 0x82, 0x40, 0x0A, 0x43, 0xD5, 0xB2,
    0x01, 0x21, 0x60, 0x46, 0xFF, 0xF7, 0xCC, 0xFF, 0x06, 0x46, 0x01, 0x21,
    0x00, 0x98, 0xFF, 0xF7, 0xC7, 0xFF, 0x04, 0x46, 0x01, 0x98, 0x87, 0x42,
    0x17, 0xD0, 0xA8, 0x07, 0x08, 0xD0, 0xE8, 0x07, 0x01, 0xD0, 0xA6, 0x42,
    0x0C, 0xD8, 0xA8, 0x07, 0x07, 0xE0, 0xA6, 0x42, 0x08, 0xD2, 0x0A, 0xE0,
    0xE8, 0x06, 0x01, 0xD5, 0xA6, 0x42, 0x03, 0xD8, 0xA8, 0x06, 0x00, 0x28,
    0xF5, 0xDB, 0x02, 0xE0, 0x01, 0x20, 0x05, 0xB0, 0xEC, 0xE6, 0x00, 0x20,
    0xFB, 0xE7, 0xA8, 0x06, 0x01, 0x90, 0x80, 0x0F, 0x09, 0xD0, 0x00, 0x21,
    0x60, 0x46, 0xFF, 0xF7, 0xA3, 0xFF, 0x07, 0x46, 0x00, 0x21, 0x00, 0x98,
    0xFF, 0xF7, 0x9E, 0xFF, 0x01, 0xE0, 0x37, 0x46, 0x20, 0x46, 0xA6, 0x42,
    0xE8, 0xD8, 0xA6, 0x42, 0xE9, 0xD1, 0x01, 0x99, 0x89, 0x0F, 0x03, 0xD0,
    0x87, 0x42, 0xE1, 0xD8, 0x87, 0x42, 0xE2, 0xD1, 0x68, 0x49, 0x04, 0x98,
    0x48, 0x43, 0x68, 0x49, 0x08, 0x5C, 0xC2, 0x07, 0x60, 0x46, 0x00, 0x03,
    0x81, 0x0D, 0x03, 0x98, 0x00, 0x03, 0x80, 0x0D, 0x00, 0x2A, 0x04, 0xD0,
    0xAA, 0x07, 0x05, 0xD0, 0x81, 0x42, 0xD0, 0xD2, 0xCC, 0xE7, 0x81, 0x42,
    0xCD, 0xD9, 0xC9, 0xE7, 0x60, 0x46, 0x80, 0x00, 0x81, 0x0D, 0x00, 0x98,
    0x80, 0x00, 0x80, 0x0D, 0xF2, 0xE7, 0xF7, 0xB5, 0x82, 0xB0, 0x69, 0x46,
    0xC9, 0x7B, 0x00, 0x24, 0x89, 0x09, 0x0D, 0xD1, 0x6D, 0x46, 0xE9, 0x89,
    0x5C, 0x4B, 0x19, 0x40, 0xAB, 0x7B, 0x6D, 0x7B, 0x1B, 0x02, 0x2B, 0x43,
    0x1B, 0x05, 0x9B, 0x0D, 0x1B, 0x01, 0x19, 0x43, 0x6D, 0x46, 0xE9, 0x81,
    0x81, 0x0F, 0x05, 0xD1, 0x53, 0x49, 0x01, 0x40, 0x00, 0x03, 0x80, 0x0D,
    0x00, 0x05, 0x08, 0x43, 0x07, 0x46, 0x00, 0x03, 0x81, 0x0D, 0x4A, 0x48,
    0x00, 0x91, 0x42, 0x43, 0x49, 0x48, 0x10, 0x18, 0x40, 0x68, 0x02, 0x03,
    0x92, 0x0D, 0x91, 0x42, 0x29, 0xD3, 0xB9, 0x00, 0x80, 0x05, 0x8E, 0x0D,
    0x80, 0x0D, 0x86, 0x42, 0x23, 0xD8, 0x03, 0x98, 0x01, 0xF0, 0x40, 0xFA,
    0x05, 0x46, 0x00, 0x21, 0x38, 0x46, 0xFF, 0xF7, 0x3B, 0xFF, 0x01, 0x46,
    0xB8, 0x0F, 0x04, 0xD0, 0x01, 0x28, 0x0D, 0xD0, 0x02, 0x28, 0x14, 0xD1,
    0x0A, 0xE0, 0x6B, 0x46, 0x9A, 0x7B, 0x5B, 0x7B, 0x12, 0x02, 0x1A, 0x43,
    0x12, 0x05, 0x00, 0x98, 0x92, 0x0D, 0x90, 0x42, 0x06, 0xD9, 0x08, 0xE0,
    0x68, 0x46, 0xC0, 0x89, 0x80, 0x04, 0x80, 0x0D, 0x86, 0x42, 0x02, 0xD8,
    0xA9, 0x42, 0x00, 0xD8, 0x01, 0x24, 0x20, 0x46, 0x6D, 0xE7, 0xF1, 0xB5,
    0x84, 0xB0, 0x04, 0x98, 0x01, 0xF0, 0x1E, 0xFA, 0x2C, 0x4A, 0x04, 0x99,
    0x03, 0x90, 0x2C, 0x4B, 0x51, 0x43, 0x40, 0x00, 0xCE, 0x18, 0x40, 0x0F,
    0x80, 0x00, 0x30, 0x18, 0x80, 0x30, 0x40, 0x68, 0x01, 0x90, 0x02, 0x90,
    0x68, 0x46, 0xC0, 0x79, 0x00, 0x24, 0x37, 0x46, 0xE4, 0x43, 0x82, 0x09,
    0x40, 0x37, 0x03, 0x2A, 0x07, 0xD0, 0x58, 0x58, 0x00, 0x28, 0x10, 0xD0,
    0x58, 0x58, 0x00, 0x28, 0x31, 0xD0, 0x00, 0x25, 0x2C, 0xE0, 0x00, 0x20,
    0x39, 0x78, 0x03, 0xE0, 0x03, 0x2A, 0x04, 0xD0, 0x40, 0x1C, 0xC0, 0xB2,
    0x81, 0x42, 0xF9, 0xD8, 0x25, 0xE0, 0x44, 0xB2, 0x23, 0xE0, 0x00, 0x24,
    0x21, 0xE0, 0xA8, 0x00, 0x0F, 0x21, 0x30, 0x18, 0x89, 0x01, 0x40, 0x18,
    0xC0, 0x68, 0x01, 0x90, 0x60, 0x1C, 0x03, 0xD0, 0xA0, 0x00, 0x30, 0x18,
    0x40, 0x18, 0xC0, 0x68, 0x00, 0x90, 0x04, 0x9A, 0x02, 0x99, 0x01, 0x98,
    0xFF, 0xF7, 0x65, 0xFF, 0x00, 0x28, 0x07, 0xD0, 0x04, 0x9A, 0x00, 0x99,
    0x01, 0x98, 0xFF, 0xF7, 0xEF, 0xFE, 0x00, 0x28, 0x00, 0xD0, 0x2C, 0x46,
    0x6D, 0x1C, 0x6D, 0xB2, 0x38, 0x78, 0xA8, 0x42, 0xDD, 0xDC, 0x60, 0x1C,
    0x00, 0xD1, 0x00, 0x24, 0x64, 0x1C, 0xFF, 0x36, 0x61, 0x36, 0xF4, 0x75,
    0x03, 0x98, 0x10, 0xE7, 0x58, 0x4F, 0x02, 0x20, 0xE4, 0x04, 0x00, 0x00,
    0x2C, 0x10, 0x02, 0x20, 0x40, 0x4F, 0x02, 0x20, 0xEB, 0x1D, 0x02, 0x20,
    0xF5, 0x1D, 0x02, 0x20, 0xFF, 0xFF, 0x0F, 0xC0, 0x90, 0xD0, 0x03, 0x00,
    0x0F, 0xC0, 0xFF, 0xFF, 0x7C, 0xB5, 0x4B, 0x4D, 0x2C, 0x46, 0x6E, 0x6E,
    0x60, 0x34, 0xAD, 0x6E, 0x00, 0x96, 0x01, 0x95, 0x01, 0xF0, 0xB0, 0xF9,
    0x72, 0xB6, 0xA0, 0x88, 0xC0, 0x05, 0x40, 0x0F, 0x02, 0x28, 0x14, 0xD1,
    0x68, 0x46, 0x00, 0x88, 0xC0, 0x05, 0x40, 0x0F, 0x02, 0x28, 0x04, 0xD0,
    0x41, 0x49, 0x00, 0x20, 0x08, 0x60, 0x41, 0x49, 0x08, 0x60, 0x41, 0x48,
    0x00, 0x6D, 0xC0, 0x02, 0x05, 0xD5, 0x40, 0x4A, 0x50, 0x21, 0x09, 0x20,
    0x01, 0xF0, 0x28, 0xF8, 0x02, 0xE0, 0x09, 0x20, 0x01, 0xF0, 0x98, 0xF9,
    0x62, 0xB6, 0x7C, 0xBD, 0x70, 0xB5, 0x06, 0x46, 0x3A, 0x48, 0x81, 0x5D,
    0x34, 0x29, 0x3D, 0xD0, 0x37, 0x29, 0x3B, 0xD0, 0xA2, 0x29, 0x39, 0xD0,
    0x06, 0x29, 0x37, 0xD0, 0x0A, 0x29, 0x35, 0xD0, 0x0B, 0x29, 0x33, 0xD0,
    0x34, 0x4A, 0xB0, 0x00, 0x13, 0x58, 0x34, 0x4D, 0x2F, 0x4C, 0x75, 0x43,
    0x2C, 0x19, 0x25, 0x46, 0x60, 0x35, 0x00, 0x2B, 0x11, 0xD0, 0x58, 0x01,
    0x2B, 0xD4, 0x28, 0x29, 0x24, 0xD0, 0x20, 0x6D, 0x80, 0x02, 0x19, 0xD5,
    0x00, 0x22, 0x11, 0x46, 0x2B, 0x20, 0x01, 0xF0, 0x1F, 0xF8, 0x00, 0x28,
    0x1F, 0xD1, 0x20, 0x6D, 0x80, 0x02, 0x0F, 0xD4, 0x1B, 0xE0, 0x60, 0x68,
    0x80, 0x00, 0x81, 0x0D, 0xA0, 0x6F, 0x00, 0x07, 0x80, 0x0F, 0x03, 0x28,
    0x0F, 0xD0, 0x02, 0x28, 0x0F, 0xD0, 0x01, 0x28, 0x0A, 0xD1, 0x12, 0x20,
    0x88, 0x42, 0x0C, 0xD3, 0x28, 0x7F, 0xFF, 0x28, 0x04, 0xD1, 0x00, 0x22,
    0x11, 0x46, 0x30, 0x46, 0x01, 0xF0, 0x58, 0xF9, 0x70, 0xBD, 0x3C, 0x20,
    0xF2, 0xE7, 0x1E, 0x20, 0xF0, 0xE7, 0x29, 0x7F, 0xFF, 0x29, 0xF7, 0xD0,
    0x30, 0x46, 0x01, 0xF0, 0x53, 0xF9, 0xFF, 0x20, 0x28, 0x77, 0x70, 0xBD,
    0x70, 0xB5, 0x04, 0x46, 0x0D, 0x46, 0x00, 0x78, 0x13, 0x49, 0x00, 0x02,
    0x40, 0x18, 0x06, 0x6B, 0x07, 0x20, 0x00, 0x03, 0x06, 0x40, 0x29, 0x46,
    0x20, 0x46, 0x01, 0xF0, 0x47, 0xF9, 0x60, 0x78, 0x00, 0x28, 0x07, 0xD1,
    0xE0, 0x78, 0x00, 0x28, 0x04, 0xD1, 0x40, 0x21, 0xE8, 0x68, 0x0E, 0x43,
    0x30, 0x43, 0xE8, 0x60, 0x70, 0xBD, 0x00, 0x00, 0xC8, 0x19, 0x02, 0x20,
    0x4C, 0x4F, 0x02, 0x20, 0x48, 0x4F, 0x02, 0x20, 0x2C, 0x10, 0x02, 0x20,
    0x3B, 0x2A, 0x02, 0x20, 0xF5, 0x1D, 0x02, 0x20, 0xEC, 0x1D, 0x02, 0x20,
    0xE4, 0x04, 0x00, 0x00, 0x40, 0x09, 0x09, 0x40, 0x70, 0xB5, 0x0D, 0x46,
    0x04, 0x46, 0x01, 0xF0, 0x29, 0xF9, 0x09, 0x49, 0x09, 0x78, 0x48, 0x07,
    0x0D, 0xD5, 0x08, 0x48, 0x44, 0x43, 0x08, 0x48, 0x20, 0x18, 0xFF, 0x30,
    0x01, 0x30, 0xC1, 0x7C, 0x00, 0x29, 0x04, 0xD1, 0x00, 0x2D, 0x02, 0xD0,
    0x41, 0x7D, 0x89, 0x1C, 0x41, 0x75, 0x70, 0xBD, 0x50, 0x4F, 0x02, 0x20,
    0xE4, 0x04, 0x00, 0x00, 0x2C, 0x10, 0x02, 0x20, 0x10, 0xB5, 0x04, 0x46,
    0x01, 0xF0, 0x12, 0xF9, 0xFB, 0x49, 0x88, 0x42, 0x08, 0xD1, 0xFB, 0x4A,
    0x00, 0x21, 0x8B, 0x00, 0xD3, 0x58, 0xA3, 0x42, 0x03, 0xD1, 0x08, 0x46,
    0xFF, 0x30, 0x47, 0x30, 0x10, 0xBD, 0x49, 0x1C, 0x03, 0x29, 0xF4, 0xD3,
    0x10, 0xBD, 0xFF, 0xB5, 0x83, 0xB0, 0x14, 0x46, 0xFF, 0x22, 0x04, 0x98,
    0x19, 0x32, 0x01, 0x25, 0x00, 0x27, 0x81, 0x1A, 0x90, 0x42, 0x25, 0xD0,
    0x0D, 0xDC, 0xF0, 0x4B, 0x03, 0x99, 0xEE, 0x4A, 0xFF, 0x38, 0x59, 0x43,
    0x05, 0x38, 0x8E, 0x18, 0x00, 0x28, 0x7C, 0xD0, 0x03, 0x28, 0x2C, 0xD0,
    0x0A, 0x28, 0x27, 0xD1, 0x1C, 0xE0, 0xEA, 0x48, 0xEA, 0x4A, 0x2F, 0x29,
    0x02, 0xD0, 0x30, 0x29, 0x20, 0xD1, 0x05, 0xE0, 0xC1, 0x6A, 0x23, 0x78,
    0x01, 0x20, 0x98, 0x40, 0x01, 0x43, 0x04, 0xE0, 0xC1, 0x6A, 0x23, 0x78,
    0x01, 0x20, 0x98, 0x40, 0x81, 0x43, 0x11, 0x60, 0x0D, 0x98, 0x00, 0x25,
    0x07, 0x60, 0x0F, 0xE0, 0xE0, 0x48, 0x03, 0x99, 0x40, 0x5C, 0x27, 0x28,
    0x44, 0xD0, 0x09, 0xE0, 0x03, 0x98, 0x01, 0xF0, 0xCD, 0xF8, 0x00, 0x28,
    0x3E, 0xD0, 0xDB, 0x48, 0x03, 0x99, 0x40, 0x5C, 0x28, 0x28, 0x39, 0xD0,
    0x28, 0x46, 0x07, 0xB0, 0xF0, 0xBD, 0x97, 0x21, 0x03, 0x98, 0xC9, 0x00,
    0x48, 0x43, 0xD6, 0x49, 0x40, 0x18, 0xD1, 0x49, 0x50, 0x39, 0x41, 0x18,
    0x01, 0x91, 0x21, 0x78, 0x4D, 0x07, 0xFF, 0x21, 0x79, 0x31, 0x89, 0x59,
    0x6D, 0x0F, 0x00, 0x29, 0x24, 0xD0, 0x00, 0x2D, 0x22, 0xD0, 0x09, 0x21,
    0xC9, 0x01, 0x47, 0x18, 0xB8, 0x8A, 0x07, 0x21, 0x40, 0x09, 0x40, 0x01,
    0x0F, 0x30, 0x09, 0x03, 0x88, 0x43, 0x29, 0x03, 0x08, 0x43, 0xB8, 0x82,
    0x01, 0x98, 0xAA, 0x00, 0x61, 0x1C, 0x00, 0x92, 0x00, 0x1D, 0x01, 0xF0,
    0xA1, 0xF8, 0x07, 0x20, 0x40, 0x1B, 0x81, 0x00, 0x00, 0x9A, 0x01, 0x98,
    0x10, 0x18, 0x00, 0x1D, 0x01, 0xF0, 0x9E, 0xF8, 0x20, 0x78, 0x80, 0x06,
    0x80, 0x0F, 0x03, 0x28, 0x02, 0xD0, 0x07, 0xE0, 0x03, 0x27, 0xAF, 0xE7,
    0xFF, 0x21, 0x14, 0x31, 0x89, 0x5D, 0x00, 0x29, 0x00, 0xD1, 0x04, 0x20,
    0x38, 0x74, 0x20, 0x78, 0x00, 0x07, 0xC1, 0x0F, 0x07, 0x20, 0xC0, 0x01,
    0x30, 0x18, 0x81, 0x73, 0x61, 0x7F, 0xC9, 0x07, 0xC9, 0x0F, 0xC1, 0x73,
    0xA1, 0x7F, 0x01, 0x74, 0x00, 0xE0, 0x11, 0xE0, 0xEF, 0xF3, 0x10, 0x81,
    0xCC, 0x07, 0xE4, 0x0F, 0x72, 0xB6, 0x01, 0x21, 0x41, 0x73, 0x18, 0x21,
    0x06, 0x9B, 0x04, 0x9A, 0x03, 0x98, 0x00, 0xF0, 0x23, 0xFF, 0x07, 0x46,
    0x00, 0x2C, 0x89, 0xD1, 0x62, 0xB6, 0x87, 0xE7, 0x03, 0x98, 0x01, 0xF0,
    0x71, 0xF8, 0x03, 0x25, 0x00, 0x28, 0x12, 0xD0, 0x01, 0xF0, 0x72, 0xF8,
    0x00, 0x28, 0x36, 0xD0, 0xA3, 0x48, 0x00, 0x68, 0xA3, 0x49, 0x88, 0x42,
    0x0C, 0xD0, 0xA1, 0x48, 0x01, 0x78, 0x44, 0x29, 0x05, 0xD1, 0x41, 0x78,
    0x53, 0x29, 0x02, 0xD1, 0x80, 0x78, 0x43, 0x28, 0x02, 0xD0, 0x0D, 0x98,
    0x05, 0x60, 0x6B, 0xE7, 0x03, 0x21, 0x09, 0x02, 0x26, 0x20, 0x71, 0x18,
    0x88, 0x73, 0x04, 0x21, 0x03, 0x98, 0x01, 0xF0, 0x5B, 0xF8, 0x30, 0x46,
    0x40, 0x30, 0xC1, 0x7D, 0x29, 0x43, 0xC1, 0x75, 0x22, 0x78, 0x00, 0x2A,
    0x07, 0xD0, 0x7D, 0x20, 0x40, 0x01, 0x42, 0x43, 0x92, 0x4B, 0x0B, 0x21,
    0x03, 0x98, 0x00, 0xF0, 0x49, 0xFF, 0x8E, 0x48, 0x90, 0x49, 0x01, 0x60,
    0x03, 0x99, 0x31, 0x31, 0xC1, 0x70, 0x19, 0x21, 0x01, 0x20, 0x49, 0x01,
    0x71, 0x18, 0x48, 0x75, 0x46, 0xE7, 0x0D, 0x98, 0x7F, 0x49, 0x01, 0x60,
    0x42, 0xE7, 0x08, 0xB5, 0x89, 0x48, 0x00, 0x6A, 0x00, 0x90, 0x08, 0xBD,
    0x08, 0xB5, 0x7C, 0x4A, 0x6B, 0x46, 0x12, 0x1F, 0x12, 0x68, 0x00, 0x92,
    0x00, 0x22, 0x80, 0x00, 0x1B, 0x58, 0x0A, 0xE0, 0x88, 0x42, 0x06, 0xD1,
    0x90, 0x00, 0x10, 0x18, 0x40, 0x1C, 0x18, 0x18, 0x01, 0xF0, 0x2A, 0xF8,
    0x08, 0xBD, 0x52, 0x1C, 0xD2, 0xB2, 0x90, 0x00, 0x10, 0x18, 0x18, 0x5C,
    0xFF, 0x28, 0xEF, 0xD1, 0x00, 0x20, 0x08, 0xBD, 0xF7, 0xB5, 0x7A, 0x49,
    0x06, 0x46, 0x0D, 0x46, 0x48, 0x6E, 0x82, 0xB0, 0x60, 0x35, 0x89, 0x6E,
    0x77, 0x4F, 0x01, 0x91, 0x00, 0x90, 0x38, 0x7D, 0x03, 0x99, 0x44, 0x07,
    0x64, 0x0F, 0x30, 0x46, 0x01, 0xF0, 0x14, 0xF8, 0x01, 0x90, 0x03, 0x98,
    0x20, 0x28, 0x02, 0xD0, 0x29, 0x28, 0x35, 0xD1, 0x14, 0xE0, 0x70, 0x48,
    0x00, 0x78, 0x00, 0x07, 0x06, 0xD5, 0x02, 0x2C, 0x01, 0xD0, 0x03, 0x2C,
    0x02, 0xD1, 0x38, 0x7D, 0x40, 0x07, 0x04, 0xD0, 0x04, 0x21, 0x30, 0x46,
    0x01, 0xF0, 0x04, 0xF8, 0x24, 0xE0, 0x09, 0x21, 0x30, 0x46, 0x01, 0xF0,
    0x05, 0xF8, 0x1F, 0xE0, 0x59, 0x49, 0xA8, 0x88, 0x4E, 0x43, 0x57, 0x49,
    0xC0, 0x05, 0x71, 0x18, 0x09, 0x6D, 0x40, 0x0F, 0xC9, 0x02, 0x12, 0xD5,
    0x02, 0x28, 0x13, 0xD1, 0x68, 0x46, 0x00, 0x88, 0xC0, 0x05, 0x40, 0x0F,
    0x02, 0x28, 0x04, 0xD0, 0x5D, 0x49, 0x00, 0x20, 0x08, 0x60, 0x5D, 0x49,
    0x08, 0x60, 0x5D, 0x4A, 0x50, 0x21, 0x09, 0x20, 0x00, 0xF0, 0x1A, 0xFE,
    0x02, 0xE0, 0x09, 0x20, 0x00, 0xF0, 0x8A, 0xFF, 0x01, 0x98, 0x05, 0xB0,
    0xF0, 0xBD, 0x48, 0x49, 0x10, 0xB5, 0x46, 0x4A, 0x41, 0x43, 0x8C, 0x18,
    0xE0, 0x21, 0x09, 0x59, 0xCB, 0x06, 0x0A, 0x0C, 0x09, 0x06, 0xDB, 0x0E,
    0x89, 0x0F, 0x01, 0x2B, 0x14, 0xD1, 0xFF, 0x23, 0x1B, 0x02, 0x9A, 0x42,
    0x10, 0xD1, 0x02, 0x29, 0x01, 0xD0, 0x03, 0x29, 0x0C, 0xD1, 0x40, 0x49,
    0x09, 0x5C, 0x60, 0x29, 0x08, 0xD0, 0x00, 0xF0, 0xCB, 0xFF, 0x00, 0x28,
    0x04, 0xD1, 0xFF, 0x34, 0x41, 0x34, 0xE0, 0x78, 0x02, 0x28, 0x01, 0xD0,
    0x01, 0x20, 0x10, 0xBD, 0x00, 0x20, 0x10, 0xBD, 0xF8, 0xB5, 0xDC, 0x21,
    0x02, 0x46, 0x4A, 0x43, 0x42, 0x49, 0x55, 0x18, 0x2C, 0x46, 0x20, 0x34,
    0x27, 0x79, 0x2E, 0x7C, 0x21, 0x7E, 0x00, 0x91, 0x00, 0xF0, 0xB8, 0xFF,
    0x68, 0x7E, 0x01, 0x28, 0x00, 0xD1, 0x27, 0x71, 0x68, 0x79, 0x01, 0x28,
    0x00, 0xD1, 0x2E, 0x74, 0x60, 0x7B, 0x01, 0x28, 0x01, 0xD1, 0x00, 0x98,
    0x20, 0x76, 0xF8, 0xBD, 0xFF, 0xB5, 0x81, 0xB0, 0x07, 0x46, 0x03, 0x98,
    0x02, 0x28, 0x01, 0xD0, 0x01, 0x20, 0xB2, 0xE7, 0x97, 0x20, 0xC0, 0x00,
    0x39, 0x46, 0x41, 0x43, 0x24, 0x48, 0x08, 0x18, 0x30, 0x49, 0x45, 0x18,
    0x2F, 0x49, 0x0B, 0x39, 0x41, 0x18, 0x00, 0x91, 0x07, 0x21, 0xC9, 0x01,
    0x44, 0x18, 0x0A, 0x99, 0xC9, 0x03, 0xC9, 0x1D, 0xE1, 0x80, 0xA2, 0x88,
    0x07, 0x21, 0x09, 0x03, 0x8A, 0x43, 0x0A, 0x99, 0x00, 0x29, 0x00, 0xD0,
    0x02, 0x21, 0x09, 0x03, 0x0A, 0x43, 0xA2, 0x80, 0x13, 0x49, 0x3A, 0x46,
    0x4A, 0x43, 0x11, 0x49, 0x56, 0x18, 0x71, 0x22, 0xD2, 0x00, 0x31, 0x46,
    0x80, 0x18, 0x42, 0x31, 0x06, 0x22, 0x00, 0xF0, 0x3B, 0xFF, 0x06, 0x21,
    0x1E, 0x4A, 0x79, 0x43, 0x89, 0x18, 0x00, 0x98, 0x49, 0x79, 0x01, 0x73,
    0xFF, 0x20, 0x14, 0x30, 0x80, 0x5D, 0x01, 0x28, 0x34, 0xD0, 0x00, 0x20,
    0x28, 0x70, 0x0A, 0x98, 0x00, 0x28, 0x36, 0xD0, 0xA0, 0x88, 0x40, 0x04,
    0x43, 0x0F, 0x35, 0xE0, 0x21, 0x43, 0x4D, 0x44, 0x34, 0x4F, 0x02, 0x20,
    0x2C, 0x10, 0x02, 0x20, 0xE4, 0x04, 0x00, 0x00, 0x00, 0x07, 0x06, 0x40,
    0x00, 0x06, 0x06, 0x40, 0xF5, 0x1D, 0x02, 0x20, 0x10, 0x15, 0x02, 0x20,
    0xA0, 0x00, 0x02, 0x20, 0x41, 0x50, 0x50, 0x20, 0xB1, 0xCA, 0x01, 0x00,
    0x44, 0x53, 0x43, 0x20, 0x00, 0x80, 0x03, 0x20, 0xC8, 0x19, 0x02, 0x20,
    0xE8, 0x1A, 0x02, 0x20, 0x50, 0x4F, 0x02, 0x20, 0x4C, 0x4F, 0x02, 0x20,
    0x48, 0x4F, 0x02, 0x20, 0x3B, 0x2A, 0x02, 0x20, 0x0C, 0x1D, 0x02, 0x20,
    0x8D, 0x03, 0x00, 0x00, 0x40, 0x4F, 0x02, 0x20, 0x19, 0x21, 0x49, 0x01,
    0x71, 0x18, 0x28, 0x78, 0x89, 0x7D, 0x08, 0x43, 0xC4, 0xE7, 0xE0, 0x88,
    0xC3, 0x05, 0xDB, 0x0D, 0x01, 0x20, 0x00, 0x90, 0x38, 0x46, 0x03, 0x9A,
    0x02, 0x99, 0x00, 0xF0, 0x2B, 0xFF, 0x00, 0x20, 0x33, 0xE7, 0x00, 0x00,
    0x83, 0x07, 0xFF, 0x22, 0xDB, 0x0E, 0x9A, 0x40, 0x89, 0x07, 0x09, 0x0E,
    0x99, 0x40, 0x00, 0x28, 0x0B, 0xDA, 0x00, 0x07, 0x00, 0x0F, 0x08, 0x38,
    0x83, 0x08, 0x0E, 0x48, 0x9B, 0x00, 0x18, 0x18, 0xC3, 0x69, 0x93, 0x43,
    0x0B, 0x43, 0xC3, 0x61, 0x70, 0x47, 0x83, 0x08, 0x0A, 0x48, 0x9B, 0x00,
    0x18, 0x18, 0x03, 0x68, 0x93, 0x43, 0x0B, 0x43, 0x03, 0x60, 0x70, 0x47,
    0x10, 0xB5, 0x00, 0xF0, 0x0D, 0xFF, 0x00, 0x21, 0x19, 0x20, 0xFF, 0xF7,
    0xDB, 0xFF, 0x00, 0x21, 0x1A, 0x20, 0xFF, 0xF7, 0xD7, 0xFF, 0x10, 0xBD,
    0x00, 0xED, 0x00, 0xE0, 0x00, 0xE4, 0x00, 0xE0, 0x10, 0xB5, 0x31, 0x48,
    0x81, 0x69, 0x49, 0x1C, 0x00, 0x24, 0x81, 0x61, 0x01, 0x21, 0x20, 0x46,
    0x00, 0xF0, 0xFC, 0xFE, 0x64, 0x1C, 0x24, 0x06, 0x24, 0x0E, 0xF7, 0xD0,
    0x2B, 0x48, 0x00, 0xF0, 0xFB, 0xFE, 0x00, 0xF0, 0xFF, 0xFE, 0x10, 0xBD,
    0x70, 0xB5, 0x06, 0x46, 0xFF, 0x20, 0x91, 0x30, 0x00, 0xF0, 0xF2, 0xFE,
    0x26, 0x48, 0x31, 0x02, 0x0D, 0x18, 0x6C, 0x68, 0x60, 0x00, 0x80, 0x0F,
    0x04, 0xD0, 0xE4, 0x00, 0xE4, 0x08, 0x30, 0x46, 0x00, 0xF0, 0xF2, 0xFE,
    0x00, 0xF0, 0xF6, 0xFE, 0x09, 0x20, 0xC0, 0x06, 0x04, 0x42, 0x23, 0xD0,
    0x01, 0x21, 0x30, 0x46, 0x00, 0xF0, 0xF4, 0xFE, 0x1C, 0x49, 0x30, 0x46,
    0x48, 0x43, 0x1C, 0x49, 0x22, 0x01, 0x40, 0x18, 0x03, 0x21, 0x09, 0x02,
    0x41, 0x18, 0x00, 0x2A, 0x01, 0xDA, 0x07, 0x20, 0x02, 0xE0, 0x60, 0x00,
    0x01, 0xD5, 0x08, 0x20, 0x88, 0x73, 0xFF, 0x21, 0x30, 0x46, 0x00, 0xF0,
    0xE5, 0xFE, 0x14, 0x4B, 0x14, 0x4A, 0x28, 0x21, 0x30, 0x46, 0x00, 0xF0,
    0x83, 0xFD, 0x01, 0x20, 0xC0, 0x06, 0x68, 0x60, 0xC0, 0x00, 0x68, 0x60,
    0x60, 0x01, 0x02, 0xD5, 0x01, 0x20, 0x80, 0x06, 0x68, 0x60, 0xA0, 0x00,
    0x02, 0xD5, 0x01, 0x20, 0x40, 0x07, 0x68, 0x60, 0xE0, 0x01, 0x05, 0xD5,
    0x30, 0x46, 0x00, 0xF0, 0xD1, 0xFE, 0x01, 0x20, 0x00, 0x06, 0x68, 0x60,
    0x70, 0xBD, 0x00, 0x00, 0x7C, 0x26, 0x02, 0x20, 0x00, 0x71, 0x02, 0x00,
    0x00, 0x09, 0x09, 0x40, 0xE4, 0x04, 0x00, 0x00, 0x2C, 0x10, 0x02, 0x20,
    0x61, 0xD7, 0x01, 0x00, 0xB8, 0x08, 0x00, 0x00, 0x10, 0xB5, 0x0C, 0x49,
    0x0D, 0x4C, 0x0A, 0x5C, 0x0B, 0x49, 0x01, 0x23, 0x41, 0x43, 0x09, 0x19,
    0xFF, 0x31, 0x61, 0x31, 0x3F, 0x2A, 0x04, 0xD0, 0x32, 0x2A, 0x04, 0xD0,
    0x4A, 0x2A, 0x04, 0xD0, 0x04, 0xE0, 0x0B, 0x75, 0x02, 0xE0, 0x8B, 0x74,
    0x00, 0xE0, 0xCB, 0x74, 0x00, 0xF0, 0xAC, 0xFE, 0x10, 0xBD, 0x00, 0x00,
    0xF5, 0x1D, 0x02, 0x20, 0xE4, 0x04, 0x00, 0x00, 0x2C, 0x10, 0x02, 0x20,
    0xFF, 0xB5, 0x07, 0x46, 0x31, 0x49, 0x30, 0x48, 0x1D, 0x78, 0x79, 0x43,
    0x0E, 0x18, 0x83, 0xB0, 0x1C, 0x46, 0x10, 0x2D, 0x0D, 0xD1, 0x08, 0x22,
    0xA1, 0x1C, 0x68, 0x46, 0x00, 0xF0, 0x16, 0xFE, 0x68, 0x46, 0x00, 0x88,
    0x00, 0x06, 0x04, 0xD5, 0xFF, 0x20, 0x0F, 0x30, 0x80, 0x5D, 0x00, 0x28,
    0x08, 0xD0, 0x23, 0x46, 0x38, 0x46, 0x05, 0x9A, 0x04, 0x99, 0x00, 0xF0,
    0x8B, 0xFE, 0x06, 0x00, 0x0E, 0xD0, 0x3F, 0xE0, 0x12, 0x21, 0x20, 0x46,
    0x00, 0xF0, 0x06, 0xFE, 0x0D, 0x20, 0x80, 0x01, 0x30, 0x18, 0x01, 0x69,
    0x08, 0x22, 0x11, 0x43, 0x01, 0x61, 0x03, 0x20, 0x07, 0xB0, 0xF0, 0xBD,
    0x1A, 0x48, 0x61, 0x1C, 0x47, 0x43, 0x18, 0x48, 0x38, 0x18, 0x40, 0x30,
    0x07, 0x2D, 0x02, 0xD0, 0x12, 0x2D, 0x27, 0xD1, 0x0D, 0xE0, 0xC0, 0x7D,
    0x80, 0x07, 0x80, 0x0F, 0x02, 0x28, 0x21, 0xD1, 0x60, 0x78, 0xA2, 0x78,
    0x6B, 0x46, 0x5A, 0x70, 0x01, 0x22, 0x10, 0x43, 0x18, 0x70, 0x08, 0x70,
    0x18, 0xE0, 0x80, 0x7E, 0xC1, 0x07, 0x03, 0xD0, 0x00, 0x07, 0x40, 0x0F,
    0x04, 0x28, 0x11, 0xD1, 0x00, 0x20, 0x00, 0x90, 0x01, 0x90, 0x69, 0x46,
    0x02, 0x90, 0x88, 0x78, 0xF7, 0x21, 0x08, 0x40, 0x69, 0x46, 0x88, 0x70,
    0x60, 0x78, 0x08, 0x70, 0xA0, 0x78, 0x48, 0x70, 0x09, 0x22, 0x60, 0x1C,
    0x00, 0xF0, 0xC4, 0xFD, 0x30, 0x46, 0xC9, 0xE7, 0x2C, 0x10, 0x02, 0x20,
    0xE4, 0x04, 0x00, 0x00, 0x10, 0xB5, 0x04, 0x46, 0x06, 0x49, 0x00, 0x20,
    0x08, 0x55, 0x20, 0x46, 0x00, 0xF0, 0x40, 0xFE, 0x00, 0x2C, 0x04, 0xD1,
    0x03, 0x48, 0x01, 0x79, 0x89, 0x08, 0x89, 0x00, 0x01, 0x71, 0x10, 0xBD,
    0x58, 0x4F, 0x02, 0x20, 0x28, 0x1A, 0x02, 0x20, 0x83, 0x07, 0xFF, 0x22,
    0xDB, 0x0E, 0x9A, 0x40, 0x89, 0x07, 0x09, 0x0E, 0x99, 0x40, 0x00, 0x28,
    0x0B, 0xDA, 0x00, 0x07, 0x00, 0x0F, 0x08, 0x38, 0x83, 0x08, 0x96, 0x48,
    0x9B, 0x00, 0x18, 0x18, 0xC3, 0x69, 0x93, 0x43, 0x0B, 0x43, 0xC3, 0x61,
    0x70, 0x47, 0x83, 0x08, 0x92, 0x48, 0x9B, 0x00, 0x18, 0x18, 0x03, 0x68,
    0x93, 0x43, 0x0B, 0x43, 0x03, 0x60, 0x70, 0x47, 0x8F, 0x49, 0x90, 0x4A,
    0x41, 0x43, 0x89, 0x18, 0x19, 0x22, 0x10, 0xB5, 0x52, 0x01, 0x8A, 0x18,
    0x12, 0x78, 0x60, 0x2A, 0x02, 0xD0, 0x00, 0xF0, 0x0F, 0xFE, 0x10, 0xBD,
    0x03, 0x22, 0x12, 0x02, 0x89, 0x18, 0xCA, 0x7D, 0x01, 0x2A, 0x08, 0xD0,
    0x02, 0x2A, 0xF6, 0xD1, 0x89, 0x7E, 0x00, 0x29, 0xF3, 0xD1, 0x1B, 0x21,
    0x00, 0xF0, 0x06, 0xFE, 0x10, 0xBD, 0x49, 0x7E, 0xF7, 0xE7, 0x10, 0xB5,
    0x04, 0x46, 0x00, 0xF0, 0x05, 0xFE, 0x7E, 0x49, 0x20, 0x46, 0x48, 0x43,
    0x7D, 0x49, 0x41, 0x18, 0x19, 0x20, 0x40, 0x01, 0x08, 0x18, 0x00, 0x78,
    0x4E, 0x28, 0x07, 0xD1, 0x00, 0x21, 0x20, 0x46, 0x00, 0xF0, 0xFC, 0xFD,
    0x01, 0x21, 0x20, 0x46, 0x00, 0xF0, 0xFE, 0xFD, 0x10, 0xBD, 0x10, 0xB5,
    0xEF, 0xF3, 0x10, 0x82, 0xD4, 0x07, 0xE4, 0x0F, 0x72, 0xB6, 0x0C, 0x29,
    0x0D, 0xD0, 0x06, 0xDC, 0x09, 0x29, 0x0A, 0xD0, 0x0A, 0x29, 0x08, 0xD0,
    0x0B, 0x29, 0x0E, 0xD1, 0x05, 0xE0, 0x0D, 0x29, 0x03, 0xD0, 0x1E, 0x29,
    0x01, 0xD0, 0x1F, 0x29, 0x07, 0xD1, 0x69, 0x4A, 0x69, 0x4B, 0x42, 0x43,
    0xD2, 0x18, 0x40, 0x32, 0x92, 0x7E, 0xD2, 0x07, 0x01, 0xD0, 0x00, 0xF0,
    0xE3, 0xFD, 0x00, 0x2C, 0x00, 0xD1, 0x62, 0xB6, 0x10, 0xBD, 0x70, 0xB5,
    0x0C, 0x46, 0x05, 0x46, 0x0A, 0x21, 0x00, 0xF0, 0xD1, 0xFC, 0x21, 0x46,
    0x28, 0x46, 0x00, 0xF0, 0xDB, 0xFD, 0x70, 0xBD, 0x70, 0xB5, 0x05, 0x46,
    0x5B, 0x48, 0x29, 0x46, 0x41, 0x43, 0x5B, 0x48, 0x0E, 0x18, 0x03, 0x20,
    0x00, 0x02, 0x30, 0x18, 0x81, 0x7E, 0x42, 0x7E, 0x91, 0x42, 0x01, 0xD9,
    0x01, 0x24, 0x00, 0xE0, 0x00, 0x24, 0x00, 0x2C, 0x01, 0xD0, 0x02, 0x21,
    0x00, 0xE0, 0x01, 0x21, 0xC1, 0x75, 0x28, 0x46, 0x00, 0xF0, 0xC6, 0xFD,
    0x4F, 0x48, 0x50, 0x49, 0x68, 0x43, 0x41, 0x18, 0x40, 0x31, 0x88, 0x7E,
    0x00, 0x2C, 0x06, 0xD0, 0x10, 0x22, 0x10, 0x43, 0x88, 0x76, 0x01, 0x22,
    0x2B, 0x46, 0x11, 0x46, 0x05, 0xE0, 0xEF, 0x22, 0x10, 0x40, 0x88, 0x76,
    0x01, 0x22, 0x2B, 0x46, 0x00, 0x21, 0x03, 0x20, 0x00, 0xF0, 0xDA, 0xFB,
    0x17, 0x20, 0x40, 0x01, 0x30, 0x18, 0x00, 0x7B, 0x00, 0x07, 0x81, 0x0F,
    0x28, 0x46, 0x00, 0xF0, 0x17, 0xFA, 0x70, 0xBD, 0x10, 0xB5, 0x40, 0x49,
    0x09, 0x7E, 0x49, 0x06, 0x0B, 0xD5, 0x3C, 0x4A, 0x3D, 0x49, 0x50, 0x43,
    0x3B, 0x4A, 0xC0, 0x31, 0x80, 0x18, 0x19, 0x22, 0x52, 0x01, 0x09, 0x79,
    0x80, 0x18, 0x01, 0x72, 0x10, 0xBD, 0x00, 0xF0, 0x97, 0xFD, 0x10, 0xBD,
    0x10, 0xB5, 0x04, 0x46, 0x00, 0xF0, 0x98, 0xFD, 0x32, 0x48, 0x33, 0x49,
    0x60, 0x43, 0x41, 0x18, 0x08, 0x6D, 0x80, 0x00, 0x17, 0xD4, 0xFF, 0x31,
    0xC1, 0x31, 0xC8, 0x7B, 0xC0, 0x43, 0x80, 0x07, 0x11, 0xD1, 0x0A, 0x69,
    0x50, 0x00, 0x40, 0x0F, 0x02, 0x28, 0x03, 0xD0, 0x01, 0x28, 0x03, 0xD0,
    0x50, 0x21, 0x04, 0xE0, 0x54, 0x21, 0x00, 0xE0, 0x52, 0x21, 0x90, 0x04,
    0x03, 0xD5, 0x01, 0x22, 0x20, 0x46, 0x00, 0xF0, 0x7F, 0xFD, 0x10, 0xBD,
    0x10, 0xB5, 0x04, 0x46, 0x00, 0xF0, 0x80, 0xFD, 0x00, 0x28, 0x09, 0xD0,
    0x1F, 0x49, 0x4C, 0x43, 0x1F, 0x49, 0x61, 0x18, 0xFF, 0x31, 0x01, 0x31,
    0x89, 0x7B, 0x00, 0x29, 0x00, 0xD1, 0x00, 0x20, 0x10, 0xBD, 0x10, 0xB5,
    0x04, 0x46, 0x00, 0xF0, 0x75, 0xFD, 0x18, 0x48, 0x18, 0x49, 0x60, 0x43,
    0x40, 0x18, 0x17, 0x21, 0x49, 0x01, 0x40, 0x18, 0x00, 0x7B, 0x00, 0x07,
    0x81, 0x0F, 0x20, 0x46, 0x00, 0xF0, 0xBC, 0xF9, 0x10, 0xBD, 0x70, 0xB5,
    0x05, 0x46, 0x72, 0xB6, 0x00, 0x21, 0x1A, 0x20, 0xFF, 0xF7, 0xDE, 0xFE,
    0x62, 0xB6, 0x01, 0x22, 0x06, 0x20, 0x0F, 0x49, 0x68, 0x43, 0x44, 0x18,
    0x22, 0x71, 0x28, 0x46, 0x00, 0xF0, 0x5C, 0xFD, 0x00, 0x20, 0x20, 0x71,
    0x19, 0x21, 0x28, 0x46, 0xFE, 0xF7, 0xC0, 0xFD, 0x72, 0xB6, 0x03, 0x21,
    0x1A, 0x20, 0xFF, 0xF7, 0xC9, 0xFE, 0x62, 0xB6, 0x70, 0xBD, 0x00, 0x00,
    0x00, 0xED, 0x00, 0xE0, 0x00, 0xE4, 0x00, 0xE0, 0xE4, 0x04, 0x00, 0x00,
    0x2C, 0x10, 0x02, 0x20, 0xC8, 0x19, 0x02, 0x20, 0x40, 0x4F, 0x02, 0x20,
    0x7C, 0xB5, 0x04, 0x46, 0x2A, 0xA2, 0x05, 0xCA, 0x03, 0x26, 0x01, 0x92,
    0x00, 0x90, 0x00, 0x29, 0x24, 0xD0, 0x29, 0x48, 0x29, 0x4A, 0x60, 0x43,
    0x80, 0x18, 0xFF, 0x22, 0x14, 0x32, 0x12, 0x5C, 0x00, 0x2A, 0x08, 0xD1,
    0x26, 0x4B, 0xA2, 0x00, 0x9A, 0x58, 0x52, 0x00, 0x52, 0x0F, 0x01, 0x2A,
    0x01, 0xD8, 0x24, 0x4D, 0x14, 0xE0, 0xFF, 0x30, 0x61, 0x30, 0xC0, 0x7E,
    0x80, 0x09, 0x03, 0x28, 0x00, 0xD0, 0x0A, 0x39, 0x06, 0x20, 0x20, 0x4A,
    0x60, 0x43, 0x80, 0x18, 0x80, 0x78, 0x6A, 0x46, 0x40, 0x07, 0x40, 0x0F,
    0x10, 0x5C, 0x48, 0x43, 0x45, 0x08, 0x01, 0xE0, 0x00, 0x25, 0x02, 0x26,
    0x02, 0x21, 0x20, 0x46, 0x00, 0xF0, 0x14, 0xFD, 0x03, 0x2E, 0x0D, 0xD1,
    0x17, 0x48, 0x45, 0x43, 0xA8, 0x0C, 0xFF, 0x28, 0x00, 0xD9, 0xFF, 0x20,
    0x15, 0x4A, 0x21, 0x02, 0x89, 0x18, 0x48, 0x61, 0x31, 0x46, 0x20, 0x46,
    0x00, 0xF0, 0x04, 0xFD, 0x7C, 0xBD, 0x0B, 0x49, 0x0B, 0x4A, 0x41, 0x43,
    0x89, 0x18, 0x10, 0xB5, 0xFF, 0x31, 0x01, 0x31, 0xCA, 0x7C, 0x0E, 0x49,
    0x01, 0x2A, 0x04, 0xD0, 0x08, 0x22, 0x0A, 0x70, 0x00, 0xF0, 0xFA, 0xFC,
    0x10, 0xBD, 0x05, 0x22, 0xF9, 0xE7, 0x00, 0x00, 0x5F, 0x5A, 0x55, 0x50,
    0x4B, 0x46, 0x3C, 0x32, 0xE4, 0x04, 0x00, 0x00, 0x2C, 0x10, 0x02, 0x20,
    0xEC, 0x1D, 0x02, 0x20, 0x13, 0x0D, 0x00, 0x00, 0x40, 0x4F, 0x02, 0x20,
    0x67, 0x0A, 0x00, 0x00, 0x80, 0x09, 0x09, 0x40, 0x04, 0x00, 0x02, 0x20,
    0x10, 0xB5, 0x04, 0x46, 0x00, 0xF0, 0xE4, 0xFC, 0x4D, 0x48, 0x0B, 0x21,
    0x44, 0x43, 0x4D, 0x48, 0x89, 0x01, 0x20, 0x18, 0x41, 0x18, 0x09, 0x8D,
    0x89, 0x07, 0x0A, 0xD1, 0x11, 0x21, 0x49, 0x01, 0x41, 0x18, 0x49, 0x7C,
    0x00, 0x29, 0x04, 0xD0, 0x17, 0x22, 0x00, 0x21, 0x52, 0x01, 0x80, 0x18,
    0x41, 0x72, 0x10, 0xBD, 0x10, 0xB5, 0x04, 0x46, 0x00, 0xF0, 0xD0, 0xFC,
    0x40, 0x48, 0x44, 0x43, 0x40, 0x48, 0x21, 0x18, 0xCA, 0x1D, 0xFF, 0x32,
    0xFA, 0x32, 0xD3, 0x6B, 0x10, 0x20, 0x83, 0x43, 0x20, 0x31, 0x08, 0x79,
    0xC0, 0x07, 0xC0, 0x0E, 0x03, 0x43, 0xD3, 0x63, 0x10, 0xBD, 0x38, 0x4A,
    0x38, 0x4B, 0x42, 0x43, 0xD2, 0x18, 0x10, 0xB5, 0xFF, 0x23, 0x15, 0x33,
    0x9B, 0x5C, 0x01, 0x2B, 0x02, 0xD0, 0x00, 0xF0, 0xB9, 0xFC, 0x10, 0xBD,
    0x8F, 0x21, 0x89, 0x00, 0x51, 0x18, 0x0B, 0x68, 0x80, 0x21, 0x8B, 0x43,
    0x30, 0x49, 0x00, 0x22, 0x09, 0x5C, 0xC9, 0x07, 0x09, 0x0E, 0x0B, 0x43,
    0xFF, 0x21, 0x01, 0x31, 0x8B, 0x43, 0x2D, 0x49, 0x09, 0x5C, 0xC9, 0x07,
    0xC9, 0x0D, 0x0B, 0x43, 0x78, 0x21, 0x8B, 0x43, 0x10, 0x21, 0x00, 0xF0,
    0xA5, 0xFC, 0x10, 0xBD, 0xFE, 0xB5, 0x06, 0x46, 0x69, 0x46, 0x00, 0xF0,
    0xA5, 0xFC, 0x22, 0x48, 0x22, 0x49, 0x70, 0x43, 0x44, 0x18, 0x61, 0x20,
    0x00, 0x5D, 0xC0, 0x07, 0x27, 0xD0, 0x1E, 0x48, 0xE1, 0x1D, 0x1E, 0x4A,
    0xF9, 0x31, 0x70, 0x43, 0x01, 0x91, 0x85, 0x18, 0x09, 0x7D, 0xFF, 0x35,
    0xC1, 0x35, 0x01, 0x29, 0x0C, 0xD1, 0xEF, 0xF3, 0x10, 0x80, 0xC7, 0x07,
    0xFF, 0x0F, 0x72, 0xB6, 0xE9, 0x6B, 0x02, 0x91, 0x30, 0x46, 0x00, 0xF0,
    0x8D, 0xFC, 0x00, 0x2F, 0x00, 0xD1, 0x62, 0xB6, 0x01, 0x98, 0x00, 0x7D,
    0x00, 0x28, 0x0A, 0xD1, 0xA8, 0x6B, 0x00, 0x99, 0x88, 0x42, 0x06, 0xD0,
    0x11, 0x20, 0x40, 0x01, 0x20, 0x18, 0x81, 0x7C, 0x04, 0x22, 0x11, 0x43,
    0x81, 0x74, 0x30, 0x46, 0x00, 0xF0, 0x7A, 0xFA, 0xFE, 0xBD, 0x08, 0x49,
    0x08, 0x4A, 0x41, 0x43, 0x89, 0x18, 0x11, 0x22, 0x10, 0xB5, 0x92, 0x01,
    0x89, 0x18, 0x49, 0x68, 0x89, 0x00, 0x49, 0x0F, 0x04, 0x29, 0x01, 0xD1,
    0x00, 0xF0, 0x6E, 0xFC, 0x10, 0xBD, 0x00, 0x00, 0xE4, 0x04, 0x00, 0x00,
    0x2C, 0x10, 0x02, 0x20, 0x95, 0x25, 0x02, 0x20, 0x96, 0x25, 0x02, 0x20,
    0x70, 0xB5, 0x05, 0x46, 0x00, 0x29, 0x03, 0xD0, 0x01, 0x21, 0x00, 0xF0,
    0x63, 0xFC, 0x70, 0xBD, 0xFF, 0xF7, 0x94, 0xFE, 0x00, 0x28, 0xFA, 0xD0,
    0xC0, 0x48, 0x2C, 0x46, 0x44, 0x43, 0xC0, 0x48, 0x21, 0x18, 0x09, 0x6D,
    0x89, 0x02, 0xF2, 0xD5, 0x00, 0x5D, 0x40, 0x06, 0x04, 0xD5, 0xBD, 0x49,
    0xA8, 0x00, 0x08, 0x58, 0x40, 0x01, 0xEA, 0xD4, 0x00, 0x21, 0x28, 0x46,
    0x00, 0xF0, 0x50, 0xFC, 0x70, 0xBD, 0xF8, 0xB5, 0x1C, 0x46, 0x15, 0x46,
    0x00, 0x29, 0x22, 0xD0, 0x01, 0x29, 0x20, 0xD0, 0x02, 0x29, 0x1E, 0xD0,
    0xB1, 0x49, 0xB4, 0x4B, 0x41, 0x43, 0xB1, 0x4A, 0x86, 0x00, 0x98, 0x59,
    0x8F, 0x18, 0x41, 0x00, 0x49, 0x0F, 0x89, 0x00, 0x7A, 0x18, 0x87, 0x21,
    0x89, 0x5C, 0x89, 0x09, 0x1E, 0xD0, 0x02, 0x29, 0x1C, 0xD0, 0x01, 0x29,
    0x21, 0xD0, 0x40, 0x06, 0x40, 0x0E, 0x32, 0x21, 0x48, 0x43, 0x28, 0x60,
    0x98, 0x59, 0x00, 0x03, 0x40, 0x0D, 0x14, 0x21, 0x48, 0x43, 0x20, 0x60,
    0xF8, 0xBD, 0x4A, 0x00, 0x48, 0x1E, 0x01, 0xD5, 0x00, 0x21, 0x00, 0xE0,
    0x49, 0x1E, 0x50, 0x18, 0x40, 0x1C, 0xFF, 0x21, 0xF5, 0x31, 0x48, 0x43,
    0x28, 0x60, 0xA0, 0x48, 0x18, 0x60, 0xF8, 0xBD, 0x00, 0x03, 0x80, 0x0D,
    0x0A, 0x21, 0x48, 0x43, 0x28, 0x60, 0x98, 0x59, 0x0F, 0xE0, 0x81, 0x32,
    0x51, 0x79, 0x12, 0x79, 0x09, 0x02, 0x11, 0x43, 0x00, 0x03, 0x98, 0x4A,
    0x09, 0x05, 0x80, 0x0D, 0x89, 0x0D, 0x50, 0x43, 0x00, 0xF0, 0x0A, 0xFC,
    0x28, 0x60, 0x93, 0x48, 0x80, 0x59, 0x40, 0x00, 0x40, 0x0F, 0x80, 0x00,
    0x38, 0x18, 0x81, 0x30, 0x41, 0x79, 0x02, 0x79, 0x08, 0x02, 0x10, 0x43,
    0x00, 0x05, 0x80, 0x0D, 0x32, 0x21, 0xC9, 0xE7, 0xF0, 0xB5, 0x8D, 0xB0,
    0x07, 0x46, 0x00, 0x20, 0x04, 0x46, 0x0A, 0x90, 0x0A, 0xAB, 0x0B, 0xAA,
    0x38, 0x46, 0xFF, 0xF7, 0x9A, 0xFF, 0x69, 0x46, 0x0F, 0x70, 0x56, 0x20,
    0x48, 0x70, 0x89, 0x78, 0xCA, 0x08, 0xD2, 0x00, 0x69, 0x46, 0x8A, 0x70,
    0x0F, 0x75, 0x48, 0x75, 0x88, 0x7D, 0xC0, 0x08, 0xC0, 0x00, 0x88, 0x75,
    0x6B, 0x20, 0xC8, 0x70, 0xC8, 0x75, 0x7F, 0x48, 0x03, 0x26, 0x00, 0x79,
    0x02, 0x25, 0x40, 0x07, 0x40, 0x0F, 0x00, 0x28, 0x54, 0xD0, 0x01, 0x28,
    0x78, 0xD0, 0x02, 0x28, 0x4E, 0xD1, 0x02, 0x22, 0x08, 0x21, 0x38, 0x46,
    0x00, 0xF0, 0x1C, 0xFA, 0x06, 0x20, 0x69, 0x46, 0x48, 0x71, 0x05, 0x20,
    0x48, 0x76, 0x0B, 0x98, 0x64, 0x21, 0x48, 0x43, 0x7D, 0x21, 0xC9, 0x00,
    0x00, 0xF0, 0xC0, 0xFB, 0x0B, 0x90, 0x64, 0x21, 0x0A, 0x98, 0x00, 0xF0,
    0xBB, 0xFB, 0x5C, 0x21, 0x48, 0x43, 0x64, 0x21, 0x00, 0xF0, 0xB6, 0xFB,
    0x69, 0x46, 0x0A, 0x90, 0x01, 0x24, 0x0E, 0x71, 0x0D, 0x76, 0x08, 0x79,
    0x02, 0x28, 0x77, 0xD0, 0x08, 0xAA, 0x08, 0x19, 0x12, 0x7B, 0x82, 0x71,
    0x08, 0xAA, 0x52, 0x7B, 0xC2, 0x71, 0xC0, 0x79, 0x2A, 0x1B, 0x51, 0x18,
    0x48, 0x71, 0x68, 0x46, 0x00, 0x7E, 0x02, 0x28, 0x6B, 0xD0, 0x05, 0xA9,
    0x08, 0xAA, 0x08, 0x19, 0x12, 0x7A, 0x82, 0x71, 0x08, 0xAA, 0x52, 0x7A,
    0xC2, 0x71, 0xC0, 0x79, 0x2A, 0x1B, 0x51, 0x18, 0x48, 0x71, 0x68, 0x46,
    0x00, 0xF0, 0x1A, 0xF9, 0x04, 0x46, 0x05, 0xA8, 0x00, 0xF0, 0x16, 0xF9,
    0x04, 0x43, 0x07, 0xD0, 0x56, 0x48, 0x01, 0x78, 0x00, 0x29, 0x03, 0xD1,
    0x01, 0x21, 0x01, 0x70, 0x00, 0xF0, 0x18, 0xF9, 0x0D, 0xB0, 0xF0, 0xBD,
    0x00, 0x22, 0x08, 0x21, 0x38, 0x46, 0x00, 0xF0, 0xCB, 0xF9, 0x0F, 0x20,
    0x69, 0x46, 0x48, 0x71, 0x0A, 0x20, 0x48, 0x76, 0x0B, 0x98, 0x64, 0x21,
    0x48, 0x43, 0x4C, 0x49, 0x00, 0xF0, 0x70, 0xFB, 0xFF, 0x38, 0xFF, 0x38,
    0x02, 0x38, 0x0B, 0x90, 0x19, 0x20, 0x0A, 0x99, 0xC0, 0x01, 0x08, 0x1A,
    0x5C, 0x21, 0x48, 0x43, 0x64, 0x21, 0x00, 0xF0, 0x63, 0xFB, 0xFF, 0x21,
    0x89, 0x01, 0x08, 0x40, 0x69, 0x46, 0x0A, 0x90, 0x0E, 0x76, 0x0D, 0x71,
    0xA9, 0xE7, 0xFF, 0xE7, 0x01, 0x22, 0x08, 0x21, 0x38, 0x46, 0x00, 0xF0,
    0xA5, 0xF9, 0x0F, 0x20, 0x69, 0x46, 0x48, 0x71, 0x0A, 0x20, 0x48, 0x76,
    0x0B, 0x98, 0x64, 0x21, 0x48, 0x43, 0x36, 0x49, 0x00, 0xF0, 0x4A, 0xFB,
    0x0B, 0x90, 0x19, 0x20, 0x0A, 0x99, 0xC0, 0x01, 0x08, 0x1A, 0x5C, 0x21,
    0x48, 0x43, 0x64, 0x21, 0x00, 0xF0, 0x40, 0xFB, 0xFF, 0x21, 0x89, 0x01,
    0x08, 0x40, 0x69, 0x46, 0x0A, 0x90, 0x0D, 0x71, 0x0E, 0x76, 0x86, 0xE7,
    0x00, 0xE0, 0x02, 0xE0, 0x88, 0x8D, 0xC8, 0x80, 0x8F, 0xE7, 0x69, 0x46,
    0x08, 0x8D, 0x48, 0x83, 0x9B, 0xE7, 0xFF, 0xB5, 0x81, 0xB0, 0x2A, 0x4E,
    0x40, 0x00, 0x0A, 0x9D, 0x0F, 0x46, 0x30, 0x60, 0x01, 0x29, 0x04, 0xD0,
    0x10, 0x46, 0x00, 0xF0, 0x29, 0xFB, 0x01, 0x28, 0x27, 0xD0, 0x30, 0x68,
    0x01, 0x21, 0x08, 0x43, 0x30, 0x60, 0x0B, 0x20, 0x02, 0x2F, 0x02, 0xD1,
    0x01, 0x2D, 0x00, 0xD1, 0x07, 0x20, 0x70, 0x60, 0x00, 0xF0, 0x20, 0xFB,
    0x00, 0x28, 0x02, 0xD0, 0x04, 0x20, 0x70, 0x60, 0x14, 0xE0, 0xB0, 0x68,
    0x04, 0x99, 0x01, 0x24, 0x08, 0x70, 0x01, 0x2D, 0x06, 0xD0, 0x6F, 0x1E,
    0xAC, 0x42, 0x1A, 0xD2, 0xBC, 0x42, 0x0C, 0xDA, 0x09, 0x20, 0x0B, 0xE0,
    0x02, 0x2F, 0x14, 0xD0, 0x04, 0x20, 0x70, 0x60, 0x00, 0xF0, 0x08, 0xFB,
    0x00, 0x28, 0x0E, 0xD0, 0x01, 0x20, 0x05, 0xB0, 0xF0, 0xBD, 0x05, 0x20,
    0x70, 0x60, 0x00, 0xF0, 0xFF, 0xFA, 0x00, 0x28, 0xDE, 0xD1, 0xB0, 0x68,
    0x04, 0x99, 0x08, 0x55, 0x64, 0x1C, 0xE4, 0xB2, 0xE2, 0xE7, 0x00, 0x20,
    0xEF, 0xE7, 0x00, 0x00, 0xE4, 0x04, 0x00, 0x00, 0x2C, 0x10, 0x02, 0x20,
    0xEC, 0x1D, 0x02, 0x20, 0xF0, 0x1D, 0x02, 0x20, 0x88, 0x13, 0x00, 0x00,
    0x50, 0x4F, 0x02, 0x20, 0xB9, 0x20, 0x02, 0x20, 0x10, 0x27, 0x00, 0x00,
    0x00, 0x00, 0x07, 0x40, 0x03, 0xB4, 0x01, 0x48, 0x01, 0x90, 0x01, 0xBD,
    0xA1, 0xB4, 0x01, 0x00, 0x03, 0xB4, 0x01, 0x48, 0x01, 0x90, 0x01, 0xBD,
    0x3F, 0xB8, 0x01, 0x00, 0x03, 0xB4, 0x01, 0x48, 0x01, 0x90, 0x01, 0xBD,
    0xEB, 0xC5, 0x01, 0x00, 0x03, 0xB4, 0x01, 0x48, 0x01, 0x90, 0x01, 0xBD,
    0xF9, 0xDB, 0x01, 0x00, 0x03, 0xB4, 0x01, 0x48, 0x01, 0x90, 0x01, 0xBD,
    0x7F, 0x1C, 0x00, 0x00, 0x03, 0xB4, 0x01, 0x48, 0x01, 0x90, 0x01, 0xBD,
    0x19, 0x1D, 0x00, 0x00, 0x03, 0xB4, 0x01, 0x48, 0x01, 0x90, 0x01, 0xBD,
    0x91, 0x1D, 0x00, 0x00, 0x03, 0xB4, 0x01, 0x48, 0x01, 0x90, 0x01, 0xBD,
    0xB7, 0xEB, 0x01, 0x00, 0x03, 0xB4, 0x01, 0x48, 0x01, 0x90, 0x01, 0xBD,
    0xF1, 0xC9, 0x01, 0x00, 0x03, 0xB4, 0x01, 0x48, 0x01, 0x90, 0x01, 0xBD,
    0xC3, 0xCE, 0x01, 0x00, 0x03, 0xB4, 0x01, 0x48, 0x01, 0x90, 0x01, 0xBD,
    0x63, 0xCE, 0x01, 0x00, 0x03, 0xB4, 0x01, 0x48, 0x01, 0x90, 0x01, 0xBD,
    0xB5, 0x21, 0x00, 0x00, 0x03, 0xB4, 0x01, 0x48, 0x01, 0x90, 0x01, 0xBD,
    0x61, 0x29, 0x00, 0x00, 0x03, 0xB4, 0x01, 0x48, 0x01, 0x90, 0x01, 0xBD,
    0x75, 0xCA, 0x01, 0x00, 0x03, 0xB4, 0x01, 0x48, 0x01, 0x90, 0x01, 0xBD,
    0x73, 0xD9, 0x01, 0x00, 0x03, 0xB4, 0x01, 0x48, 0x01, 0x90, 0x01, 0xBD,
    0x99, 0x35, 0x00, 0x00, 0x03, 0xB4, 0x01, 0x48, 0x01, 0x90, 0x01, 0xBD,
    0x69, 0xCD, 0x01, 0x00, 0x03, 0xB4, 0x01, 0x48, 0x01, 0x90, 0x01, 0xBD,
    0xF9, 0xCA, 0x01, 0x00, 0x03, 0xB4, 0x01, 0x48, 0x01, 0x90, 0x01, 0xBD,
    0x05, 0xCD, 0x01, 0x00, 0x03, 0xB4, 0x01, 0x48, 0x01, 0x90, 0x01, 0xBD,
    0xA5, 0xCC, 0x01, 0x00, 0x03, 0xB4, 0x01, 0x48, 0x01, 0x90, 0x01, 0xBD,
    0x85, 0x5D, 0x00, 0x00, 0x03, 0xB4, 0x01, 0x48, 0x01, 0x90, 0x01, 0xBD,
    0x57, 0xD5, 0x01, 0x00, 0x03, 0xB4, 0x01, 0x48, 0x01, 0x90, 0x01, 0xBD,
    0x2F, 0x5E, 0x00, 0x00, 0x03, 0xB4, 0x01, 0x48, 0x01, 0x90, 0x01, 0xBD,
    0xC5, 0x5F, 0x00, 0x00, 0x03, 0xB4, 0x01, 0x48, 0x01, 0x90, 0x01, 0xBD,
    0xAB, 0xCE, 0x01, 0x00, 0x03, 0xB4, 0x01, 0x48, 0x01, 0x90, 0x01, 0xBD,
    0xB7, 0xCE, 0x01, 0x00, 0x03, 0xB4, 0x01, 0x48, 0x01, 0x90, 0x01, 0xBD,
    0xDB, 0xCE, 0x01, 0x00, 0x03, 0xB4, 0x01, 0x48, 0x01, 0x90, 0x01, 0xBD,
    0x15, 0xCA, 0x01, 0x00, 0x03, 0xB4, 0x01, 0x48, 0x01, 0x90, 0x01, 0xBD,
    0x33, 0xC9, 0x01, 0x00, 0x03, 0xB4, 0x01, 0x48, 0x01, 0x90, 0x01, 0xBD,
    0x27, 0x67, 0x00, 0x00, 0x03, 0xB4, 0x01, 0x48, 0x01, 0x90, 0x01, 0xBD,
    0x21, 0xDB, 0x01, 0x00, 0x03, 0xB4, 0x01, 0x48, 0x01, 0x90, 0x01, 0xBD,
    0x09, 0xAE, 0x00, 0x00, 0x03, 0xB4, 0x01, 0x48, 0x01, 0x90, 0x01, 0xBD,
    0x31, 0xE5, 0x01, 0x00, 0x03, 0xB4, 0x01, 0x48, 0x01, 0x90, 0x01, 0xBD,
    0xED, 0xDB, 0x01, 0x00, 0x03, 0xB4, 0x01, 0x48, 0x01, 0x90, 0x01, 0xBD,
    0x39, 0xD8, 0x00, 0x00, 0x03, 0xB4, 0x01, 0x48, 0x01, 0x90, 0x01, 0xBD,
    0x2F, 0xCF, 0x01, 0x00, 0x03, 0xB4, 0x01, 0x48, 0x01, 0x90, 0x01, 0xBD,
    0x3F, 0xE2, 0x01, 0x00, 0x03, 0xB4, 0x01, 0x48, 0x01, 0x90, 0x01, 0xBD,
    0xF7, 0xD1, 0x01, 0x00, 0x03, 0xB4, 0x01, 0x48, 0x01, 0x90, 0x01, 0xBD,
    0x8D, 0x69, 0x00, 0x00, 0x03, 0xB4, 0x01, 0x48, 0x01, 0x90, 0x01, 0xBD,
    0xA9, 0xED, 0x00, 0x00, 0x03, 0xB4, 0x01, 0x48, 0x01, 0x90, 0x01, 0xBD,
    0x81, 0xDB, 0x01, 0x00, 0x03, 0xB4, 0x01, 0x48, 0x01, 0x90, 0x01, 0xBD,
    0x87, 0x71, 0x00, 0x00, 0x03, 0xB4, 0x01, 0x48, 0x01, 0x90, 0x01, 0xBD,
    0x97, 0xA3, 0x00, 0x00, 0x03, 0xB4, 0x01, 0x48, 0x01, 0x90, 0x01, 0xBD,
    0x05, 0xBC, 0x00, 0x00, 0x03, 0xB4, 0x01, 0x48, 0x01, 0x90, 0x01, 0xBD,
    0xF7, 0xD0, 0x01, 0x00, 0x03, 0xB4, 0x01, 0x48, 0x01, 0x90, 0x01, 0xBD,
    0xBF, 0xD2, 0x01, 0x00, 0x03, 0xB4, 0x01, 0x48, 0x01, 0x90, 0x01, 0xBD,
    0xCB, 0xD0, 0x01, 0x00, 0x03, 0xB4, 0x01, 0x48, 0x01, 0x90, 0x01, 0xBD,
    0x8F, 0xDC, 0x01, 0x00, 0x03, 0xB4, 0x01, 0x48, 0x01, 0x90, 0x01, 0xBD,
    0xEF, 0xC0, 0x00, 0x00, 0x03, 0xB4, 0x01, 0x48, 0x01, 0x90, 0x01, 0xBD,
    0xAF, 0xC7, 0x01, 0x00, 0x03, 0xB4, 0x01, 0x48, 0x01, 0x90, 0x01, 0xBD,
    0xED, 0xDC, 0x01, 0x00, 0x03, 0xB4, 0x01, 0x48, 0x01, 0x90, 0x01, 0xBD,
    0xFD, 0xF6, 0x00, 0x00, 0x03, 0xB4, 0x01, 0x48, 0x01, 0x90, 0x01, 0xBD,
    0x13, 0xEC, 0x00, 0x00, 0x03, 0xB4, 0x01, 0x48, 0x01, 0x90, 0x01, 0xBD,
    0xD1, 0x78, 0x00, 0x00, 0x03, 0xB4, 0x01, 0x48, 0x01, 0x90, 0x01, 0xBD,
    0xBD, 0xA4, 0x00, 0x00, 0x03, 0xB4, 0x01, 0x48, 0x01, 0x90, 0x01, 0xBD,
    0x5F, 0xB5, 0x00, 0x00, 0x03, 0xB4, 0x01, 0x48, 0x01, 0x90, 0x01, 0xBD,
    0x5F, 0xE0, 0x01, 0x00, 0x03, 0xB4, 0x01, 0x48, 0x01, 0x90, 0x01, 0xBD,
    0xBD, 0xDB, 0x01, 0x00, 0x03, 0xB4, 0x01, 0x48, 0x01, 0x90, 0x01, 0xBD,
    0x3D, 0xD9, 0x00, 0x00, 0x03, 0xB4, 0x01, 0x48, 0x01, 0x90, 0x01, 0xBD,
    0x5F, 0xCF, 0x01, 0x00, 0x03, 0xB4, 0x01, 0x48, 0x01, 0x90, 0x01, 0xBD,
    0xA7, 0xDF, 0x00, 0x00, 0x03, 0xB4, 0x01, 0x48, 0x01, 0x90, 0x01, 0xBD,
    0xCB, 0xCF, 0x01, 0x00, 0x03, 0xB4, 0x01, 0x48, 0x01, 0x90, 0x01, 0xBD,
    0x17, 0xCF, 0x01, 0x00, 0x03, 0xB4, 0x01, 0x48, 0x01, 0x90, 0x01, 0xBD,
    0x2F, 0x75, 0x00, 0x00, 0x03, 0xB4, 0x01, 0x48, 0x01, 0x90, 0x01, 0xBD,
    0x37, 0x10, 0x01, 0x00, 0x03, 0xB4, 0x01, 0x48, 0x01, 0x90, 0x01, 0xBD,
    0xC9, 0xDB, 0x01, 0x00, 0x03, 0xB4, 0x01, 0x48, 0x01, 0x90, 0x01, 0xBD,
    0x49, 0xD7, 0x01, 0x00, 0x03, 0xB4, 0x01, 0x48, 0x01, 0x90, 0x01, 0xBD,
    0x01, 0xD7, 0x01, 0x00, 0x03, 0xB4, 0x01, 0x48, 0x01, 0x90, 0x01, 0xBD,
    0xA3, 0x0D, 0x01, 0x00, 0x03, 0xB4, 0x01, 0x48, 0x01, 0x90, 0x01, 0xBD,
    0xEF, 0x1A, 0x01, 0x00, 0x03, 0xB4, 0x01, 0x48, 0x01, 0x90, 0x01, 0xBD,
    0x67, 0x3B, 0x00, 0x00, 0x03, 0xB4, 0x01, 0x48, 0x01, 0x90, 0x01, 0xBD,
    0x4B, 0xDE, 0x01, 0x00, 0x03, 0xB4, 0x01, 0x48, 0x01, 0x90, 0x01, 0xBD,
    0xF1, 0xE8, 0x01, 0x00, 0x03, 0xB4, 0x01, 0x48, 0x01, 0x90, 0x01, 0xBD,
    0x27, 0xE9, 0x01, 0x00, 0x03, 0xB4, 0x01, 0x48, 0x01, 0x90, 0x01, 0xBD,
    0x13, 0xE0, 0x01, 0x00, 0x03, 0xB4, 0x01, 0x48, 0x01, 0x90, 0x01, 0xBD,
    0x21, 0xCA, 0x01, 0x00, 0x03, 0xB4, 0x01, 0x48, 0x01, 0x90, 0x01, 0xBD,
    0x4F, 0xE5, 0x01, 0x00, 0x03, 0xB4, 0x01, 0x48, 0x01, 0x90, 0x01, 0xBD,
    0x3D, 0xE9, 0x01, 0x00, 0x03, 0xB4, 0x01, 0x48, 0x01, 0x90, 0x01, 0xBD,
    0x11, 0x2A, 0x00, 0x00, 0x03, 0xB4, 0x01, 0x48, 0x01, 0x90, 0x01, 0xBD,
    0x45, 0xC6, 0x01, 0x00, 0x03, 0xB4, 0x01, 0x48, 0x01, 0x90, 0x01, 0xBD,
    0x7F, 0xDD, 0x01, 0x00, 0x03, 0xB4, 0x01, 0x48, 0x01, 0x90, 0x01, 0xBD,
    0x85, 0xDC, 0x01, 0x00, 0x03, 0xB4, 0x01, 0x48, 0x01, 0x90, 0x01, 0xBD,
    0x17, 0xA2, 0x00, 0x00, 0x03, 0xB4, 0x01, 0x48, 0x01, 0x90, 0x01, 0xBD,
    0x39, 0xD8, 0x01, 0x00, 0x03, 0xB4, 0x01, 0x48, 0x01, 0x90, 0x01, 0xBD,
    0x57, 0x27, 0x01, 0x00, 0x03, 0xB4, 0x01, 0x48, 0x01, 0x90, 0x01, 0xBD,
    0x7B, 0xDE, 0x01, 0x00, 0x03, 0xB4, 0x01, 0x48, 0x01, 0x90, 0x01, 0xBD,
    0xD5, 0x00, 0x00, 0x00, 0x03, 0xB4, 0x01, 0x48, 0x01, 0x90, 0x01, 0xBD,
    0xA1, 0x2E, 0x01, 0x00, 0x03, 0xB4, 0x01, 0x48, 0x01, 0x90, 0x01, 0xBD,
    0x11, 0xDD, 0x01, 0x00, 0x03, 0xB4, 0x01, 0x48, 0x01, 0x90, 0x01, 0xBD,
    0xA5, 0xD9, 0x01, 0x00, 0x03, 0xB4, 0x01, 0x48, 0x01, 0x90, 0x01, 0xBD,
    0x97, 0xE5, 0x01, 0x00, 0x03, 0xB4, 0x01, 0x48, 0x01, 0x90, 0x01, 0xBD,
    0x6D, 0xD7, 0x01, 0x00, 0x03, 0xB4, 0x01, 0x48, 0x01, 0x90, 0x01, 0xBD,
    0xC7, 0xC6, 0x01, 0x00, 0x03, 0xB4, 0x01, 0x48, 0x01, 0x90, 0x01, 0xBD,
    0xAD, 0x32, 0x01, 0x00, 0x03, 0xB4, 0x01, 0x48, 0x01, 0x90, 0x01, 0xBD,
    0xCF, 0x3D, 0x01, 0x00, 0x03, 0xB4, 0x01, 0x48, 0x01, 0x90, 0x01, 0xBD,
    0x93, 0x4B, 0x01, 0x00, 0x03, 0xB4, 0x01, 0x48, 0x01, 0x90, 0x01, 0xBD,
    0xC7, 0x5C, 0x01, 0x00, 0x03, 0xB4, 0x01, 0x48, 0x01, 0x90, 0x01, 0xBD,
    0x73, 0xDD, 0x01, 0x00, 0x03, 0xB4, 0x01, 0x48, 0x01, 0x90, 0x01, 0xBD,
    0x21, 0x4E, 0x01, 0x00, 0x03, 0xB4, 0x01, 0x48, 0x01, 0x90, 0x01, 0xBD,
    0xA5, 0xE1, 0x01, 0x00, 0x03, 0xB4, 0x01, 0x48, 0x01, 0x90, 0x01, 0xBD,
    0xAF, 0xE1, 0x01, 0x00, 0x03, 0xB4, 0x01, 0x48, 0x01, 0x90, 0x01, 0xBD,
    0xC1, 0xA0, 0x01, 0x00, 0x03, 0xB4, 0x01, 0x48, 0x01, 0x90, 0x01, 0xBD,
    0xF5, 0x51, 0x01, 0x00, 0x03, 0xB4, 0x01, 0x48, 0x01, 0x90, 0x01, 0xBD,
    0xC9, 0x5A, 0x01, 0x00, 0x03, 0xB4, 0x01, 0x48, 0x01, 0x90, 0x01, 0xBD,
    0x9F, 0x63, 0x01, 0x00, 0x03, 0xB4, 0x01, 0x48, 0x01, 0x90, 0x01, 0xBD,
    0x9D, 0x56, 0x01, 0x00, 0x03, 0xB4, 0x01, 0x48, 0x01, 0x90, 0x01, 0xBD,
    0x11, 0xCD, 0x01, 0x00, 0x03, 0xB4, 0x01, 0x48, 0x01, 0x90, 0x01, 0xBD,
    0x45, 0x73, 0x01, 0x00, 0x03, 0xB4, 0x01, 0x48, 0x01, 0x90, 0x01, 0xBD,
    0xB7, 0x58, 0x01, 0x00, 0x03, 0xB4, 0x01, 0x48, 0x01, 0x90, 0x01, 0xBD,
    0xF1, 0x4E, 0x01, 0x00, 0x03, 0xB4, 0x01, 0x48, 0x01, 0x90, 0x01, 0xBD,
    0x4B, 0xE1, 0x01, 0x00, 0x03, 0xB4, 0x01, 0x48, 0x01, 0x90, 0x01, 0xBD,
    0xED, 0x7E, 0x01, 0x00, 0x03, 0xB4, 0x01, 0x48, 0x01, 0x90, 0x01, 0xBD,
    0x23, 0x8A, 0x01, 0x00, 0x03, 0xB4, 0x01, 0x48, 0x01, 0x90, 0x01, 0xBD,
    0xE7, 0x8B, 0x01, 0x00, 0x03, 0xB4, 0x01, 0x48, 0x01, 0x90, 0x01, 0xBD,
    0xA1, 0x88, 0x01, 0x00, 0x03, 0xB4, 0x01, 0x48, 0x01, 0x90, 0x01, 0xBD,
    0x33, 0xE2, 0x01, 0x00, 0x03, 0xB4, 0x01, 0x48, 0x01, 0x90, 0x01, 0xBD,
    0x2F, 0xE3, 0x01, 0x00, 0x03, 0xB4, 0x01, 0x48, 0x01, 0x90, 0x01, 0xBD,
    0x23, 0xE3, 0x01, 0x00, 0x03, 0xB4, 0x01, 0x48, 0x01, 0x90, 0x01, 0xBD,
    0xD3, 0x92, 0x01, 0x00, 0x03, 0xB4, 0x01, 0x48, 0x01, 0x90, 0x01, 0xBD,
    0x75, 0xA2, 0x01, 0x00, 0x03, 0xB4, 0x01, 0x48, 0x01, 0x90, 0x01, 0xBD,
    0xA3, 0xD4, 0x01, 0x00, 0x03, 0xB4, 0x01, 0x48, 0x01, 0x90, 0x01, 0xBD,
    0xC5, 0xE8, 0x01, 0x00, 0x03, 0xB4, 0x01, 0x48, 0x01, 0x90, 0x01, 0xBD,
    0xC9, 0xCC, 0x01, 0x00, 0x03, 0xB4, 0x01, 0x48, 0x01, 0x90, 0x01, 0xBD,
    0xBD, 0xCC, 0x01, 0x00, 0x6A, 0x92, 0x4E, 0x02, 0x20, 0x28, 0xE0, 0x4E,
    0x02, 0x20, 0x55, 0xEC, 0x4E, 0x02, 0x20, 0x79, 0x04, 0x4F, 0x02, 0x20,
    0x2B, 0xF8, 0x4E, 0x02, 0x20, 0xFF, 0x00, 0x00, 0x00, 0x00, 0xA4, 0x00,
    0x09, 0x40, 0x01, 0x01, 0xA8, 0x00, 0x09, 0x40, 0x01, 0x01, 0xAC, 0x00,
    0x09, 0x40, 0x01, 0x01, 0xB0, 0x00, 0x09, 0x40, 0x01, 0x01, 0xB4, 0x00,
    0x09, 0x40, 0x01, 0x01, 0x47, 0x4F, 0x02, 0x20, 0x01, 0x01, 0x10, 0x4F,
    0x02, 0x20, 0x01, 0x01, 0xC0, 0x00, 0x09, 0x40, 0x01, 0x01, 0xC4, 0x00,
    0x09, 0x40, 0x01, 0x01, 0xC8, 0x00, 0x09, 0x40, 0x01, 0x01, 0xCC, 0x00,
    0x09, 0x40, 0x01, 0x01, 0x46, 0x4F, 0x02, 0x20, 0x01, 0x01, 0x10, 0x4F,
    0x02, 0x20, 0x01, 0x81, 0x83, 0x10, 0x02, 0x20, 0x03, 0x02, 0x42, 0x4F,
    0x02, 0x20, 0x01, 0x81, 0xEA, 0x19, 0x02, 0x20, 0x01, 0x02, 0x50, 0x4F,
    0x02, 0x20, 0x01, 0x82, 0xF4, 0x19, 0x02, 0x20, 0x04, 0x02, 0x54, 0x4F,
    0x02, 0x20, 0x04, 0x82, 0x6E, 0x10, 0x02, 0x20, 0x06, 0x02, 0x45, 0x4F,
    0x02, 0x20, 0x01, 0x82, 0x00, 0x00, 0x00, 0x00, 0x1D, 0x00, 0x17, 0x00,
    0x1F, 0x01, 0x23, 0x01, 0x39, 0x00, 0x4C, 0x00, 0x32, 0x00, 0x30, 0x00,
    0x36, 0x00, 0x15, 0x00, 0x15, 0x04, 0x3B, 0x00, 0x49, 0x00, 0x00, 0x00,
    0x74, 0x4E, 0x02, 0x20, 0x58, 0x58, 0x58, 0x58, 0x47, 0x50, 0x73, 0x68,
    0x47, 0x50, 0x73, 0x6C, 0x00, 0x00, 0x00, 0x00, 0x00, 0x00, 0x00, 0x00,
    0x00, 0x00, 0x00, 0x00, 0x00, 0x00, 0x00, 0x00, 0x00, 0x00, 0x00, 0x00,
    0x00, 0x00, 0x00, 0x00, 0x00, 0x00, 0x00, 0x00, 0x00, 0x00, 0x00, 0x00,
    0x00, 0x00, 0x00, 0x00, 0x00, 0x00, 0x00, 0x00, 0x00, 0x00, 0x00, 0x00,
    0x00, 0x00, 0x00, 0x00, 0x00, 0x00, 0x00, 0x00, 0x00, 0x00, 0x00, 0x00,
    0x00, 0x00, 0x00, 0x00, 0x00, 0x00, 0x00, 0x00, 0x00, 0x00, 0x00, 0x00,
    0x00, 0x00, 0x00, 0x00, 0x00, 0x00, 0x00, 0x00, 0x00, 0x00, 0x00, 0x00,
    0x00, 0x00, 0x00, 0x00, 0x00, 0x00, 0x00, 0x00,
};
