#VRML V2.0 utf8
# 3D model generated by easyeda2kicad.py (https://github.com/uPesy/easyeda2kicad.py)

Shape{
    appearance Appearance {
        material  Material 	{
            diffuseColor 0.7529411764705882 0.7529411764705882 0.7529411764705882
            specularColor 0.3764705882352941 0.3764705882352941 0.3764705882352941
            ambientIntensity 0.2
            transparency 0
            shininess 0.5
        }
    }
    geometry IndexedFaceSet {
        ccw TRUE
        solid FALSE
        coord DEF co Coordinate {
            point [
                -1.2378 0.642 1.259, -1.22 0.6443 1.259, -1.2247 0.6443 1.1865, -1.2545 0.6359 1.259, -1.2407 0.6416 1.259, -1.2453 0.6416 1.1892, -1.2389 0.6443 1.1153, -1.2589 0.6416 1.1207, -1.2622 0.6443 1.0466, -1.2814 0.6416 1.0545, -1.2944 0.6443 0.9815, -1.3123 0.6416 0.9918, -1.3347 0.6443 0.9211, -1.3511 0.6416 0.9337, -1.3826 0.6443 0.8665, -1.3972 0.6416 0.8812, -1.4371 0.6443 0.8186, -1.4497 0.6416 0.8351, -1.4975 0.6443 0.7783, -1.5079 0.6416 0.7962, -1.5626 0.6443 0.7462, -1.5705 0.6416 0.7653, -1.6314 0.6443 0.7229, -1.6367 0.6416 0.7429, -1.7026 0.6443 0.7087, -1.7053 0.6416 0.7292, -1.775 0.6443 0.704, -1.775 0.6416 0.7247, -1.8474 0.6443 0.7087, -1.8447 0.6416 0.7292, -1.9186 0.6443 0.7229, -1.9133 0.6416 0.7429, -1.9874 0.6443 0.7462, -1.9795 0.6416 0.7653, -2.0525 0.6443 0.7783, -2.0421 0.6416 0.7962, -2.1129 0.6443 0.8186, -2.1003 0.6416 0.8351, -2.1674 0.6443 0.8665, -2.1528 0.6416 0.8812, -2.2153 0.6443 0.9211, -2.1989 0.6416 0.9337, -2.2556 0.6443 0.9815, -2.2377 0.6416 0.9918, -2.2878 0.6443 1.0466, -2.2686 0.6416 1.0545, -2.3111 0.6443 1.1153, -2.2911 0.6416 1.1207, -2.3253 0.6443 1.1865, -2.3047 0.6416 1.1892, -2.33 0.6443 1.259, -2.3093 0.6416 1.259, -1.2695 0.6263 1.259, -1.26 0.6336 1.259, -1.2644 0.6336 1.1917, -1.2775 0.6336 1.1257, -1.2992 0.6336 1.0619, -1.329 0.6336 1.0015, -1.3664 0.6336 0.9454, -1.4108 0.6336 0.8948, -1.4615 0.6336 0.8504, -1.5175 0.6336 0.813, -1.5779 0.6336 0.7832, -1.6417 0.6336 0.7615, -1.7078 0.6336 0.7484, -1.775 0.6336 0.744, -1.8422 0.6336 0.7484, -1.9083 0.6336 0.7615, -1.9721 0.6336 0.7832, -2.0325 0.6336 0.813, -2.0885 0.6336 0.8504, -2.1392 0.6336 0.8948, -2.1836 0.6336 0.9454, -2.221 0.6336 1.0015, -2.2508 0.6336 1.0619, -2.2725 0.6336 1.1257, -2.2856 0.6336 1.1917, -2.29 0.6336 1.259, -1.282 0.6138 1.259, -1.2766 0.6209 1.259, -1.2808 0.6209 1.1939, -1.2936 0.6209 1.13, -1.3145 0.6209 1.0682, -1.3433 0.6209 1.0097, -1.3796 0.6209 0.9555, -1.4226 0.6209 0.9065, -1.4716 0.6209 0.8635, -1.5258 0.6209 0.8273, -1.5843 0.6209 0.7985, -1.646 0.6209 0.7775, -1.7099 0.6209 0.7648, -1.775 0.6209 0.7605, -1.8401 0.6209 0.7648, -1.904 0.6209 0.7775, -1.9657 0.6209 0.7985, -2.0242 0.6209 0.8273, -2.0784 0.6209 0.8635, -2.1274 0.6209 0.9065, -2.1704 0.6209 0.9555, -2.2067 0.6209 1.0097, -2.2355 0.6209 1.0682, -2.2564 0.6209 1.13, -2.2692 0.6209 1.1939, -2.2734 0.6209 1.259, -1.2916 0.5988 1.259, -1.2893 0.6043 1.259, -1.2934 0.6043 1.1956, -1.3058 0.6043 1.1332, -1.3263 0.6043 1.0731, -1.3544 0.6043 1.0161, -1.3897 0.6043 0.9633, -1.4315 0.6043 0.9155, -1.4793 0.6043 0.8736, -1.5321 0.6043 0.8383, -1.5891 0.6043 0.8102, -1.6493 0.6043 0.7898, -1.7116 0.6043 0.7774, -1.775 0.6043 0.7732, -1.8384 0.6043 0.7774, -1.9007 0.6043 0.7898, -1.9609 0.6043 0.8102, -2.0179 0.6043 0.8383, -2.0707 0.6043 0.8736, -2.1185 0.6043 0.9155, -2.1603 0.6043 0.9633, -2.1956 0.6043 1.0161, -2.2237 0.6043 1.0731, -2.2442 0.6043 1.1332, -2.2566 0.6043 1.1956, -2.2607 0.6043 1.259, -1.2977 0.5821 1.259, -1.2973 0.585 1.259, -1.3014 0.585 1.1966, -1.3136 0.585 1.1353, -1.3336 0.585 1.0761, -1.3613 0.585 1.0201, -1.396 0.585 0.9681, -1.4372 0.585 0.9212, -1.4842 0.585 0.88, -1.5361 0.585 0.8452, -1.5922 0.585 0.8176, -1.6514 0.585 0.7975, -1.7126 0.585 0.7853, -1.775 0.585 0.7812, -1.8374 0.585 0.7853, -1.8986 0.585 0.7975, -1.9578 0.585 0.8176, -2.0139 0.585 0.8452, -2.0658 0.585 0.88, -2.1128 0.585 0.9212, -2.154 0.585 0.9681, -2.1887 0.585 1.0201, -2.2164 0.585 1.0761, -2.2364 0.585 1.1353, -2.2486 0.585 1.1966, -2.2527 0.585 1.259, -1.3041 0.5643 1.197, -1.3 0.5643 1.259, -1.3162 0.5643 1.136, -1.3362 0.5643 1.0772, -1.3636 0.5643 1.0215, -1.3982 0.5643 0.9698, -1.4391 0.5643 0.9231, -1.4858 0.5643 0.8821, -1.5375 0.5643 0.8476, -1.5932 0.5643 0.8201, -1.6521 0.5643 0.8001, -1.713 0.5643 0.788, -1.775 0.5643 0.784, -1.837 0.5643 0.788, -1.8979 0.5643 0.8001, -1.9568 0.5643 0.8201, -2.0125 0.5643 0.8476, -2.0642 0.5643 0.8821, -2.1109 0.5643 0.9231, -2.1518 0.5643 0.9698, -2.1864 0.5643 1.0215, -2.2138 0.5643 1.0772, -2.2338 0.5643 1.136, -2.2459 0.5643 1.197, -2.25 0.5643 1.259, -1.3 0.5643 1.974, -1.2977 0.5821 1.974, -1.2973 0.585 1.974, -1.2916 0.5988 1.974, -1.2893 0.6043 1.974, -1.282 0.6138 1.974, -1.2766 0.6209 1.974, -1.2695 0.6263 1.974, -1.26 0.6336 1.974, -1.2545 0.6359 1.974, -1.2407 0.6416 1.974, -1.2378 0.642 1.974, -1.22 0.6443 1.974, -2.25 0.5643 1.974, -2.2527 0.585 1.974, -2.2607 0.6043 1.974, -2.2734 0.6209 1.974, -2.29 0.6336 1.974, -2.3093 0.6416 1.974, -2.33 0.6443 1.974, -2.2486 0.585 2.0363, -2.2566 0.6043 2.0374, -2.2856 0.6336 2.0412, -2.3253 0.6443 2.0464, -2.3047 0.6416 2.0437, -2.3111 0.6443 2.1176, -2.2911 0.6416 2.1122, -2.2878 0.6443 2.1863, -2.2686 0.6416 2.1784, -2.2556 0.6443 2.2515, -2.2377 0.6416 2.2411, -2.2153 0.6443 2.3118, -2.1989 0.6416 2.2992, -2.1674 0.6443 2.3664, -2.1528 0.6416 2.3518, -2.1129 0.6443 2.4143, -2.1003 0.6416 2.3978, -2.0525 0.6443 2.4546, -2.0421 0.6416 2.4367, -1.9874 0.6443 2.4867, -1.9795 0.6416 2.4676, -1.9186 0.6443 2.51, -1.9133 0.6416 2.49, -1.8474 0.6443 2.5242, -1.8447 0.6416 2.5037, -1.775 0.6443 2.529, -1.775 0.6416 2.5083, -1.7026 0.6443 2.5242, -1.7053 0.6416 2.5037, -1.6314 0.6443 2.51, -1.6367 0.6416 2.49, -1.5626 0.6443 2.4867, -1.5705 0.6416 2.4676, -1.4975 0.6443 2.4546, -1.5079 0.6416 2.4367, -1.4371 0.6443 2.4143, -1.4497 0.6416 2.3978, -1.3826 0.6443 2.3664, -1.3972 0.6416 2.3518, -1.3347 0.6443 2.3118, -1.3511 0.6416 2.2992, -1.2944 0.6443 2.2515, -1.3123 0.6416 2.2411, -1.2622 0.6443 2.1863, -1.2814 0.6416 2.1784, -1.2389 0.6443 2.1176, -1.2589 0.6416 2.1122, -1.2247 0.6443 2.0464, -1.2453 0.6416 2.0437, -1.2644 0.6336 2.0412, -1.2775 0.6336 2.1073, -1.2992 0.6336 2.171, -1.329 0.6336 2.2315, -1.3664 0.6336 2.2875, -1.4108 0.6336 2.3381, -1.4615 0.6336 2.3825, -1.5175 0.6336 2.42, -1.5779 0.6336 2.4498, -1.6417 0.6336 2.4714, -1.7078 0.6336 2.4846, -1.775 0.6336 2.489, -1.8422 0.6336 2.4846, -1.9083 0.6336 2.4714, -1.9721 0.6336 2.4498, -2.0325 0.6336 2.42, -2.0885 0.6336 2.3825, -2.1392 0.6336 2.3381, -2.1836 0.6336 2.2875, -2.221 0.6336 2.2315, -2.2508 0.6336 2.171, -2.2725 0.6336 2.1073, -2.2692 0.6209 2.039, -2.2564 0.6209 2.103, -2.2355 0.6209 2.1647, -2.2067 0.6209 2.2232, -2.1704 0.6209 2.2774, -2.1274 0.6209 2.3264, -2.0784 0.6209 2.3694, -2.0242 0.6209 2.4056, -1.9657 0.6209 2.4345, -1.904 0.6209 2.4554, -1.8401 0.6209 2.4681, -1.775 0.6209 2.4724, -1.7099 0.6209 2.4681, -1.646 0.6209 2.4554, -1.5843 0.6209 2.4345, -1.5258 0.6209 2.4056, -1.4716 0.6209 2.3694, -1.4226 0.6209 2.3264, -1.3796 0.6209 2.2774, -1.3433 0.6209 2.2232, -1.3145 0.6209 2.1647, -1.2936 0.6209 2.103, -1.2808 0.6209 2.039, -1.2934 0.6043 2.0374, -1.3058 0.6043 2.0997, -1.3263 0.6043 2.1598, -1.3544 0.6043 2.2168, -1.3897 0.6043 2.2696, -1.4315 0.6043 2.3174, -1.4793 0.6043 2.3593, -1.5321 0.6043 2.3946, -1.5891 0.6043 2.4227, -1.6493 0.6043 2.4431, -1.7116 0.6043 2.4555, -1.775 0.6043 2.4597, -1.8384 0.6043 2.4555, -1.9007 0.6043 2.4431, -1.9609 0.6043 2.4227, -2.0179 0.6043 2.3946, -2.0707 0.6043 2.3593, -2.1185 0.6043 2.3174, -2.1603 0.6043 2.2696, -2.1956 0.6043 2.2168, -2.2237 0.6043 2.1598, -2.2442 0.6043 2.0997, -2.2364 0.585 2.0976, -2.2164 0.585 2.1568, -2.1887 0.585 2.2128, -2.154 0.585 2.2648, -2.1128 0.585 2.3118, -2.0658 0.585 2.353, -2.0139 0.585 2.3877, -1.9578 0.585 2.4153, -1.8986 0.585 2.4354, -1.8374 0.585 2.4476, -1.775 0.585 2.4517, -1.7126 0.585 2.4476, -1.6514 0.585 2.4354, -1.5922 0.585 2.4153, -1.5361 0.585 2.3877, -1.4842 0.585 2.353, -1.4372 0.585 2.3118, -1.396 0.585 2.2648, -1.3613 0.585 2.2128, -1.3336 0.585 2.1568, -1.3136 0.585 2.0976, -1.3014 0.585 2.0363, -2.2459 0.5643 2.036, -2.2338 0.5643 2.0969, -2.2138 0.5643 2.1557, -2.1864 0.5643 2.2115, -2.1518 0.5643 2.2631, -2.1109 0.5643 2.3098, -2.0642 0.5643 2.3508, -2.0125 0.5643 2.3853, -1.9568 0.5643 2.4128, -1.8979 0.5643 2.4328, -1.837 0.5643 2.4449, -1.775 0.5643 2.449, -1.713 0.5643 2.4449, -1.6521 0.5643 2.4328, -1.5932 0.5643 2.4128, -1.5375 0.5643 2.3853, -1.4858 0.5643 2.3508, -1.4391 0.5643 2.3098, -1.3982 0.5643 2.2631, -1.3636 0.5643 2.2115, -1.3362 0.5643 2.1557, -1.3162 0.5643 2.0969, -1.3041 0.5643 2.036, -2.25 0.4843 1.259, -2.2477 0.4666 1.259, -2.25 0.4843 1.974, -2.2477 0.4666 1.974, -2.2473 0.4636 1.974, -2.2473 0.4636 1.259, -2.2416 0.4498 1.974, -2.2416 0.4498 1.259, -2.2393 0.4443 1.974, -2.2393 0.4443 1.259, -2.232 0.4348 1.974, -2.232 0.4348 1.259, -2.2266 0.4277 1.974, -2.2266 0.4277 1.259, -2.2195 0.4223 1.974, -2.2195 0.4223 1.259, -2.21 0.415 1.974, -2.21 0.415 1.259, -2.2045 0.4128 1.974, -2.2045 0.4128 1.259, -2.1907 0.407 1.974, -2.1907 0.407 1.259, -2.1878 0.4067 1.974, -2.1878 0.4067 1.259, -2.17 0.4043 1.259, -2.17 0.4043 1.974, -2.1663 0.4043 2.0277, -2.1868 0.407 2.0306, -2.1554 0.4043 2.0805, -2.1753 0.407 2.0861, -2.1373 0.4043 2.1313, -2.1563 0.407 2.1396, -2.1125 0.4043 2.1792, -2.1302 0.407 2.19, -2.0814 0.4043 2.2232, -2.0975 0.407 2.2363, -2.0446 0.4043 2.2626, -2.0587 0.407 2.2778, -2.0028 0.4043 2.2967, -2.0147 0.407 2.3136, -1.9567 0.4043 2.3247, -1.9663 0.407 2.3431, -1.9073 0.4043 2.3462, -1.9142 0.407 2.3657, -1.8554 0.4043 2.3607, -1.8596 0.407 2.381, -1.802 0.4043 2.368, -1.8034 0.407 2.3887, -1.748 0.4043 2.368, -1.7466 0.407 2.3887, -1.6946 0.4043 2.3607, -1.6904 0.407 2.381, -1.6427 0.4043 2.3462, -1.6358 0.407 2.3657, -1.5933 0.4043 2.3247, -1.5837 0.407 2.3431, -1.5472 0.4043 2.2967, -1.5353 0.407 2.3136, -1.5054 0.4043 2.2626, -1.4913 0.407 2.2778, -1.4686 0.4043 2.2232, -1.4525 0.407 2.2363, -1.4375 0.4043 2.1792, -1.4198 0.407 2.19, -1.4127 0.4043 2.1313, -1.3937 0.407 2.1396, -1.3946 0.4043 2.0805, -1.3747 0.407 2.0861, -1.3837 0.4043 2.0277, -1.3632 0.407 2.0306, -1.38 0.4043 1.974, -1.3593 0.407 1.974, -2.2059 0.415 2.0332, -2.1939 0.415 2.0913, -2.174 0.415 2.1473, -2.1467 0.415 2.2, -2.1124 0.415 2.2485, -2.0719 0.415 2.2919, -2.0259 0.415 2.3293, -1.9751 0.415 2.3602, -1.9207 0.415 2.3838, -1.8635 0.415 2.3999, -1.8047 0.415 2.4079, -1.7453 0.415 2.4079, -1.6865 0.415 2.3999, -1.6293 0.415 2.3838, -1.5749 0.415 2.3602, -1.5241 0.415 2.3293, -1.4781 0.415 2.2919, -1.4376 0.415 2.2485, -1.4033 0.415 2.2, -1.376 0.415 2.1473, -1.3561 0.415 2.0913, -1.3441 0.415 2.0332, -1.34 0.415 1.974, -2.2224 0.4277 2.0354, -2.2098 0.4277 2.0958, -2.1892 0.4277 2.1539, -2.1608 0.4277 2.2086, -2.1253 0.4277 2.2589, -2.0832 0.4277 2.304, -2.0354 0.4277 2.3429, -1.9828 0.4277 2.3749, -1.9262 0.4277 2.3995, -1.8669 0.4277 2.4161, -1.8058 0.4277 2.4245, -1.7442 0.4277 2.4245, -1.6831 0.4277 2.4161, -1.6238 0.4277 2.3995, -1.5672 0.4277 2.3749, -1.5146 0.4277 2.3429, -1.4668 0.4277 2.304, -1.4247 0.4277 2.2589, -1.3892 0.4277 2.2086, -1.3608 0.4277 2.1539, -1.3402 0.4277 2.0958, -1.3276 0.4277 2.0354, -1.3234 0.4277 1.974, -2.235 0.4443 2.0372, -2.2221 0.4443 2.0992, -2.2008 0.4443 2.1589, -2.1717 0.4443 2.2152, -2.1351 0.4443 2.267, -2.0919 0.4443 2.3133, -2.0427 0.4443 2.3533, -1.9886 0.4443 2.3862, -1.9305 0.4443 2.4114, -1.8695 0.4443 2.4285, -1.8067 0.4443 2.4372, -1.7433 0.4443 2.4372, -1.6805 0.4443 2.4285, -1.6195 0.4443 2.4114, -1.5614 0.4443 2.3862, -1.5073 0.4443 2.3533, -1.4581 0.4443 2.3133, -1.4149 0.4443 2.267, -1.3783 0.4443 2.2152, -1.3492 0.4443 2.1589, -1.3279 0.4443 2.0992, -1.315 0.4443 2.0372, -1.3107 0.4443 1.974, -2.2429 0.4636 2.0383, -2.2298 0.4636 2.1014, -2.2082 0.4636 2.1621, -2.1785 0.4636 2.2193, -2.1413 0.4636 2.272, -2.0974 0.4636 2.3191, -2.0474 0.4636 2.3598, -1.9923 0.4636 2.3933, -1.9332 0.4636 2.419, -1.8711 0.4636 2.4364, -1.8072 0.4636 2.4451, -1.7428 0.4636 2.4451, -1.6789 0.4636 2.4364, -1.6168 0.4636 2.419, -1.5577 0.4636 2.3933, -1.5026 0.4636 2.3598, -1.4526 0.4636 2.3191, -1.4087 0.4636 2.272, -1.3715 0.4636 2.2193, -1.3418 0.4636 2.1621, -1.3202 0.4636 2.1014, -1.3071 0.4636 2.0383, -1.3027 0.4636 1.974, -2.2456 0.4843 2.0386, -2.2324 0.4843 2.1021, -2.2107 0.4843 2.1632, -2.1808 0.4843 2.2208, -2.1435 0.4843 2.2737, -2.0992 0.4843 2.3211, -2.0489 0.4843 2.362, -1.9935 0.4843 2.3957, -1.9341 0.4843 2.4215, -1.8716 0.4843 2.439, -1.8074 0.4843 2.4479, -1.7426 0.4843 2.4479, -1.6784 0.4843 2.439, -1.6159 0.4843 2.4215, -1.5565 0.4843 2.3957, -1.5011 0.4843 2.362, -1.4508 0.4843 2.3211, -1.4065 0.4843 2.2737, -1.3692 0.4843 2.2208, -1.3393 0.4843 2.1632, -1.3176 0.4843 2.1021, -1.3044 0.4843 2.0386, -1.3 0.4843 1.974, -1.3 0.4843 1.259, -1.3027 0.4636 1.259, -1.3071 0.4636 1.1947, -1.3107 0.4443 1.259, -1.315 0.4443 1.1957, -1.3234 0.4277 1.259, -1.34 0.415 1.259, -1.3441 0.415 1.1997, -1.3593 0.407 1.259, -1.38 0.4043 1.259, -1.3837 0.4043 1.2052, -1.3632 0.407 1.2024, -1.3946 0.4043 1.1524, -1.3747 0.407 1.1468, -1.4127 0.4043 1.1016, -1.3937 0.407 1.0933, -1.4375 0.4043 1.0537, -1.4198 0.407 1.043, -1.4686 0.4043 1.0097, -1.4525 0.407 0.9966, -1.5054 0.4043 0.9703, -1.4913 0.407 0.9551, -1.5472 0.4043 0.9363, -1.5353 0.407 0.9193, -1.5933 0.4043 0.9082, -1.5837 0.407 0.8899, -1.6427 0.4043 0.8868, -1.6358 0.407 0.8673, -1.6946 0.4043 0.8722, -1.6904 0.407 0.8519, -1.748 0.4043 0.8649, -1.7466 0.407 0.8442, -1.802 0.4043 0.8649, -1.8034 0.407 0.8442, -1.8554 0.4043 0.8722, -1.8596 0.407 0.8519, -1.9073 0.4043 0.8868, -1.9142 0.407 0.8673, -1.9567 0.4043 0.9082, -1.9663 0.407 0.8899, -2.0028 0.4043 0.9363, -2.0147 0.407 0.9193, -2.0446 0.4043 0.9703, -2.0587 0.407 0.9551, -2.0814 0.4043 1.0097, -2.0975 0.407 0.9966, -2.1125 0.4043 1.0537, -2.1302 0.407 1.043, -2.1373 0.4043 1.1016, -2.1563 0.407 1.0933, -2.1554 0.4043 1.1524, -2.1753 0.407 1.1468, -2.1663 0.4043 1.2052, -2.1868 0.407 1.2024, -2.2059 0.415 1.1997, -2.1939 0.415 1.1416, -2.174 0.415 1.0857, -2.1467 0.415 1.0329, -2.1124 0.415 0.9844, -2.0719 0.415 0.941, -2.0259 0.415 0.9036, -1.9751 0.415 0.8727, -1.9207 0.415 0.8491, -1.8635 0.415 0.8331, -1.8047 0.415 0.825, -1.7453 0.415 0.825, -1.6865 0.415 0.8331, -1.6293 0.415 0.8491, -1.5749 0.415 0.8727, -1.5241 0.415 0.9036, -1.4781 0.415 0.941, -1.4376 0.415 0.9844, -1.4033 0.415 1.0329, -1.376 0.415 1.0857, -1.3561 0.415 1.1416, -1.3276 0.4277 1.1975, -1.3402 0.4277 1.1371, -1.3608 0.4277 1.0791, -1.3892 0.4277 1.0243, -1.4247 0.4277 0.974, -1.4668 0.4277 0.9289, -1.5146 0.4277 0.89, -1.5672 0.4277 0.858, -1.6238 0.4277 0.8335, -1.6831 0.4277 0.8168, -1.7442 0.4277 0.8084, -1.8058 0.4277 0.8084, -1.8669 0.4277 0.8168, -1.9262 0.4277 0.8335, -1.9828 0.4277 0.858, -2.0354 0.4277 0.89, -2.0832 0.4277 0.9289, -2.1253 0.4277 0.974, -2.1608 0.4277 1.0243, -2.1892 0.4277 1.0791, -2.2098 0.4277 1.1371, -2.2224 0.4277 1.1975, -2.235 0.4443 1.1957, -2.2221 0.4443 1.1337, -2.2008 0.4443 1.074, -2.1717 0.4443 1.0177, -2.1351 0.4443 0.966, -2.0919 0.4443 0.9196, -2.0427 0.4443 0.8797, -1.9886 0.4443 0.8467, -1.9305 0.4443 0.8215, -1.8695 0.4443 0.8044, -1.8067 0.4443 0.7958, -1.7433 0.4443 0.7958, -1.6805 0.4443 0.8044, -1.6195 0.4443 0.8215, -1.5614 0.4443 0.8467, -1.5073 0.4443 0.8797, -1.4581 0.4443 0.9196, -1.4149 0.4443 0.966, -1.3783 0.4443 1.0177, -1.3492 0.4443 1.074, -1.3279 0.4443 1.1337, -1.3202 0.4636 1.1315, -1.3418 0.4636 1.0708, -1.3715 0.4636 1.0136, -1.4087 0.4636 0.9609, -1.4526 0.4636 0.9138, -1.5026 0.4636 0.8731, -1.5577 0.4636 0.8396, -1.6168 0.4636 0.814, -1.6789 0.4636 0.7966, -1.7428 0.4636 0.7878, -1.8072 0.4636 0.7878, -1.8711 0.4636 0.7966, -1.9332 0.4636 0.814, -1.9923 0.4636 0.8396, -2.0474 0.4636 0.8731, -2.0974 0.4636 0.9138, -2.1413 0.4636 0.9609, -2.1785 0.4636 1.0136, -2.2082 0.4636 1.0708, -2.2298 0.4636 1.1315, -2.2429 0.4636 1.1947, -1.3044 0.4843 1.1943, -1.3176 0.4843 1.1308, -1.3393 0.4843 1.0697, -1.3692 0.4843 1.0122, -1.4065 0.4843 0.9592, -1.4508 0.4843 0.9118, -1.5011 0.4843 0.8709, -1.5565 0.4843 0.8372, -1.6159 0.4843 0.8114, -1.6784 0.4843 0.7939, -1.7426 0.4843 0.7851, -1.8074 0.4843 0.7851, -1.8716 0.4843 0.7939, -1.9341 0.4843 0.8114, -1.9935 0.4843 0.8372, -2.0489 0.4843 0.8709, -2.0992 0.4843 0.9118, -2.1435 0.4843 0.9592, -2.1808 0.4843 1.0122, -2.2107 0.4843 1.0697, -2.2324 0.4843 1.1308, -2.2456 0.4843 1.1943, -2.075 -0.1961 0.8665, -2.075 -0.4484 0.8665, -2.075 -0.1961 0.3665, -2.075 -0.4484 0.3665, -2.02 0.0783 0.8665, -1.8608 0.0943 0.8665, -2.0195 -0.0124 0.8665, -1.8592 -0.0141 0.8665, -2.0363 -0.1015 0.8665, -1.876 -0.1212 0.8665, -2.0696 -0.1859 0.8665, -1.9107 -0.2239 0.8665, -1.9624 -0.3192 0.8665, -2.0295 -0.4044 0.8665, -1.6892 0.0943 0.8665, -1.53 0.0783 0.8665, -1.6908 -0.0141 0.8665, -1.5305 -0.0124 0.8665, -1.674 -0.1212 0.8665, -1.5137 -0.1015 0.8665, -1.6393 -0.2239 0.8665, -1.4804 -0.1859 0.8665, -1.5876 -0.3192 0.8665, -1.475 -0.1961 0.8665, -1.5205 -0.4044 0.8665, -1.475 -0.4484 0.8665, -1.475 -0.4484 0.3665, -1.475 -0.1961 0.3665, -2.9512 0.4143 0.3665, -3.1003 0.4745 0.3665, -3.0645 0.5314 0.3665, -0.65 0.4656 0.3665, -0.533 0.5789 0.3665, -0.621 0.4433 0.3665, -0.4855 0.5314 0.3665, -0.5988 0.4143 0.3665, -0.4497 0.4745 0.3665, -0.5848 0.3806 0.3665, -0.4275 0.4111 0.3665, -0.58 0.3443 0.3665, -0.42 0.3443 0.3665, -0.58 0.0305 0.3665, -0.42 0.0305 0.3665, -0.5886 -0.0598 0.3665, -0.4292 -0.0775 0.3665, -0.6142 -0.1467 0.3665, -0.4567 -0.1824 0.3665, -0.6558 -0.2273 0.3665, -0.5016 -0.2811 0.3665, -0.712 -0.2985 0.3665, -2.929 0.4433 0.3665, -3.017 0.5789 0.3665, -2.9 0.4656 0.3665, -2.9602 0.6146 0.3665, -2.8662 0.4795 0.3665, -2.8968 0.6368 0.3665, -2.83 0.4843 0.3665, -2.83 0.6443 0.3665, -0.72 0.4843 0.3665, -0.72 0.6443 0.3665, -0.6838 0.4795 0.3665, -0.6532 0.6368 0.3665, -0.5898 0.6146 0.3665, -1.4317 -0.2623 0.3665, -1.3694 -0.3282 0.3665, -1.4399 -0.4769 0.3665, -1.2957 -0.3811 0.3665, -3.1225 0.4111 0.3665, -2.9652 0.3806 0.3665, -3.13 0.3443 0.3665, -2.97 0.3443 0.3665, -3.13 0.0305 0.3665, -2.97 0.0305 0.3665, -3.1208 -0.0775 0.3665, -2.9614 -0.0598 0.3665, -3.0933 -0.1824 0.3665, -2.9358 -0.1467 0.3665, -3.0484 -0.2811 0.3665, -2.8942 -0.2273 0.3665, -2.9875 -0.3708 0.3665, -2.838 -0.2985 0.3665, -2.9122 -0.4488 0.3665, -2.7694 -0.3578 0.3665, -2.8247 -0.5129 0.3665, -2.7276 -0.5612 0.3665, -2.6908 -0.403 0.3665, -2.6238 -0.5923 0.3665, -2.6051 -0.4325 0.3665, -2.5161 -0.6053 0.3665, -2.5153 -0.4452 0.3665, -2.4078 -0.5998 0.3665, -2.4247 -0.4406 0.3665, -2.302 -0.5761 0.3665, -2.3367 -0.419 0.3665, -2.2018 -0.5347 0.3665, -2.2543 -0.3811 0.3665, -2.1101 -0.4769 0.3665, -2.1806 -0.3282 0.3665, -2.1183 -0.2623 0.3665, -0.5625 -0.3708 0.3665, -0.6378 -0.4488 0.3665, -0.7806 -0.3578 0.3665, -0.7253 -0.5129 0.3665, -0.8592 -0.403 0.3665, -0.8224 -0.5612 0.3665, -0.9449 -0.4325 0.3665, -0.9262 -0.5923 0.3665, -1.0347 -0.4452 0.3665, -1.0339 -0.6053 0.3665, -1.1253 -0.4406 0.3665, -1.1422 -0.5998 0.3665, -1.2133 -0.419 0.3665, -1.248 -0.5761 0.3665, -1.3482 -0.5347 0.3665, -2.929 0.4433 2.8665, -3.0645 0.5314 2.8665, -2.9512 0.4143 2.8665, -3.1003 0.4745 2.8665, -2.9652 0.3806 2.8665, -3.1225 0.4111 2.8665, -2.97 0.3443 2.8665, -3.13 0.3443 2.8665, -2.97 0.0305 2.8665, -3.13 0.0305 2.8665, -2.9614 -0.0598 2.8665, -3.1208 -0.0775 2.8665, -2.9358 -0.1467 2.8665, -3.0933 -0.1824 2.8665, -2.8942 -0.2273 2.8665, -3.0484 -0.2811 2.8665, -2.838 -0.2985 2.8665, -1.8608 0.0943 2.8665, -2.02 0.0783 2.8665, -1.8592 -0.0141 2.8665, -2.0195 -0.0124 2.8665, -1.876 -0.1212 2.8665, -2.0363 -0.1015 2.8665, -1.9107 -0.2239 2.8665, -2.0696 -0.1859 2.8665, -1.9624 -0.3192 2.8665, -2.1183 -0.2623 2.8665, -2.0295 -0.4044 2.8665, -2.1806 -0.3282 2.8665, -2.9875 -0.3708 2.8665, -2.9122 -0.4488 2.8665, -2.7694 -0.3578 2.8665, -2.8247 -0.5129 2.8665, -2.6908 -0.403 2.8665, -2.7276 -0.5612 2.8665, -2.6051 -0.4325 2.8665, -2.6238 -0.5923 2.8665, -2.5153 -0.4452 2.8665, -2.5161 -0.6053 2.8665, -2.4247 -0.4406 2.8665, -2.4078 -0.5998 2.8665, -2.3367 -0.419 2.8665, -2.302 -0.5761 2.8665, -2.2543 -0.3811 2.8665, -2.2018 -0.5347 2.8665, -2.1101 -0.4769 2.8665, -0.621 0.4433 2.8665, -0.533 0.5789 2.8665, -0.65 0.4656 2.8665, -0.5898 0.6146 2.8665, -0.6838 0.4795 2.8665, -0.6532 0.6368 2.8665, -0.72 0.4843 2.8665, -0.72 0.6443 2.8665, -2.83 0.4843 2.8665, -2.83 0.6443 2.8665, -2.8662 0.4795 2.8665, -2.8968 0.6368 2.8665, -2.9 0.4656 2.8665, -2.9602 0.6146 2.8665, -3.017 0.5789 2.8665, -1.4317 -0.2623 2.8665, -1.5205 -0.4044 2.8665, -1.3694 -0.3282 2.8665, -1.4399 -0.4769 2.8665, -1.2957 -0.3811 2.8665, -1.3482 -0.5347 2.8665, -1.2133 -0.419 2.8665, -1.248 -0.5761 2.8665, -1.1253 -0.4406 2.8665, -1.1422 -0.5998 2.8665, -1.0347 -0.4452 2.8665, -1.0339 -0.6053 2.8665, -0.9449 -0.4325 2.8665, -0.9262 -0.5923 2.8665, -0.8592 -0.403 2.8665, -0.8224 -0.5612 2.8665, -0.7806 -0.3578 2.8665, -1.53 0.0783 2.8665, -1.6892 0.0943 2.8665, -1.5305 -0.0124 2.8665, -1.6908 -0.0141 2.8665, -1.5137 -0.1015 2.8665, -1.674 -0.1212 2.8665, -1.4804 -0.1859 2.8665, -1.6393 -0.2239 2.8665, -1.5876 -0.3192 2.8665, -0.7253 -0.5129 2.8665, -0.6378 -0.4488 2.8665, -0.712 -0.2985 2.8665, -0.5625 -0.3708 2.8665, -0.6558 -0.2273 2.8665, -0.5016 -0.2811 2.8665, -0.6142 -0.1467 2.8665, -0.4567 -0.1824 2.8665, -0.5886 -0.0598 2.8665, -0.4292 -0.0775 2.8665, -0.58 0.0305 2.8665, -0.42 0.0305 2.8665, -0.58 0.3443 2.8665, -0.42 0.3443 2.8665, -0.5848 0.3806 2.8665, -0.4275 0.4111 2.8665, -0.5988 0.4143 2.8665, -0.4497 0.4745 2.8665, -0.4855 0.5314 2.8665, 2.25 0.5643 1.259, 2.2527 0.585 1.259, 2.2486 0.585 1.1966, 2.2607 0.6043 1.259, 2.2566 0.6043 1.1956, 2.2734 0.6209 1.259, 2.29 0.6336 1.259, 2.2856 0.6336 1.1917, 2.3093 0.6416 1.259, 2.33 0.6443 1.259, 2.3253 0.6443 1.1865, 2.3047 0.6416 1.1892, 2.3111 0.6443 1.1153, 2.2911 0.6416 1.1207, 2.2878 0.6443 1.0466, 2.2686 0.6416 1.0545, 2.2556 0.6443 0.9815, 2.2377 0.6416 0.9918, 2.2153 0.6443 0.9211, 2.1989 0.6416 0.9337, 2.1674 0.6443 0.8665, 2.1528 0.6416 0.8812, 2.1129 0.6443 0.8186, 2.1003 0.6416 0.8351, 2.0525 0.6443 0.7783, 2.0421 0.6416 0.7962, 1.9874 0.6443 0.7462, 1.9795 0.6416 0.7653, 1.9186 0.6443 0.7229, 1.9133 0.6416 0.7429, 1.8474 0.6443 0.7087, 1.8447 0.6416 0.7292, 1.775 0.6443 0.704, 1.775 0.6416 0.7247, 1.7026 0.6443 0.7087, 1.7053 0.6416 0.7292, 1.6314 0.6443 0.7229, 1.6367 0.6416 0.7429, 1.5626 0.6443 0.7462, 1.5705 0.6416 0.7653, 1.4975 0.6443 0.7783, 1.5079 0.6416 0.7962, 1.4371 0.6443 0.8186, 1.4497 0.6416 0.8351, 1.3826 0.6443 0.8665, 1.3972 0.6416 0.8812, 1.3347 0.6443 0.9211, 1.3511 0.6416 0.9337, 1.2944 0.6443 0.9815, 1.3123 0.6416 0.9918, 1.2622 0.6443 1.0466, 1.2814 0.6416 1.0545, 1.2389 0.6443 1.1153, 1.2589 0.6416 1.1207, 1.2247 0.6443 1.1865, 1.2453 0.6416 1.1892, 1.22 0.6443 1.259, 1.2378 0.642 1.259, 1.2407 0.6416 1.259, 1.2545 0.6359 1.259, 1.2644 0.6336 1.1917, 1.2775 0.6336 1.1257, 1.2992 0.6336 1.0619, 1.329 0.6336 1.0015, 1.3664 0.6336 0.9454, 1.4108 0.6336 0.8948, 1.4615 0.6336 0.8504, 1.5175 0.6336 0.813, 1.5779 0.6336 0.7832, 1.6417 0.6336 0.7615, 1.7078 0.6336 0.7484, 1.775 0.6336 0.744, 1.8422 0.6336 0.7484, 1.9083 0.6336 0.7615, 1.9721 0.6336 0.7832, 2.0325 0.6336 0.813, 2.0885 0.6336 0.8504, 2.1392 0.6336 0.8948, 2.1836 0.6336 0.9454, 2.221 0.6336 1.0015, 2.2508 0.6336 1.0619, 2.2725 0.6336 1.1257, 2.2692 0.6209 1.1939, 2.2564 0.6209 1.13, 2.2355 0.6209 1.0682, 2.2067 0.6209 1.0097, 2.1704 0.6209 0.9555, 2.1274 0.6209 0.9065, 2.0784 0.6209 0.8635, 2.0242 0.6209 0.8273, 1.9657 0.6209 0.7985, 1.904 0.6209 0.7775, 1.8401 0.6209 0.7648, 1.775 0.6209 0.7605, 1.7099 0.6209 0.7648, 1.646 0.6209 0.7775, 1.5843 0.6209 0.7985, 1.5258 0.6209 0.8273, 1.4716 0.6209 0.8635, 1.4226 0.6209 0.9065, 1.3796 0.6209 0.9555, 1.3433 0.6209 1.0097, 1.3145 0.6209 1.0682, 1.2936 0.6209 1.13, 1.2808 0.6209 1.1939, 1.26 0.6336 1.259, 1.2695 0.6263 1.259, 1.2766 0.6209 1.259, 1.282 0.6138 1.259, 1.2934 0.6043 1.1956, 1.3058 0.6043 1.1332, 1.3263 0.6043 1.0731, 1.3544 0.6043 1.0161, 1.3897 0.6043 0.9633, 1.4315 0.6043 0.9155, 1.4793 0.6043 0.8736, 1.5321 0.6043 0.8383, 1.5891 0.6043 0.8102, 1.6493 0.6043 0.7898, 1.7116 0.6043 0.7774, 1.775 0.6043 0.7732, 1.8384 0.6043 0.7774, 1.9007 0.6043 0.7898, 1.9609 0.6043 0.8102, 2.0179 0.6043 0.8383, 2.0707 0.6043 0.8736, 2.1185 0.6043 0.9155, 2.1603 0.6043 0.9633, 2.1956 0.6043 1.0161, 2.2237 0.6043 1.0731, 2.2442 0.6043 1.1332, 2.2364 0.585 1.1353, 2.2164 0.585 1.0761, 2.1887 0.585 1.0201, 2.154 0.585 0.9681, 2.1128 0.585 0.9212, 2.0658 0.585 0.88, 2.0139 0.585 0.8452, 1.9578 0.585 0.8176, 1.8986 0.585 0.7975, 1.8374 0.585 0.7853, 1.775 0.585 0.7812, 1.7126 0.585 0.7853, 1.6514 0.585 0.7975, 1.5922 0.585 0.8176, 1.5361 0.585 0.8452, 1.4842 0.585 0.88, 1.4372 0.585 0.9212, 1.396 0.585 0.9681, 1.3613 0.585 1.0201, 1.3336 0.585 1.0761, 1.3136 0.585 1.1353, 1.3014 0.585 1.1966, 1.2893 0.6043 1.259, 1.2916 0.5988 1.259, 1.2973 0.585 1.259, 1.2977 0.5821 1.259, 2.2459 0.5643 1.197, 2.2338 0.5643 1.136, 2.2138 0.5643 1.0772, 2.1864 0.5643 1.0215, 2.1518 0.5643 0.9698, 2.1109 0.5643 0.9231, 2.0642 0.5643 0.8821, 2.0125 0.5643 0.8476, 1.9568 0.5643 0.8201, 1.8979 0.5643 0.8001, 1.837 0.5643 0.788, 1.775 0.5643 0.784, 1.713 0.5643 0.788, 1.6521 0.5643 0.8001, 1.5932 0.5643 0.8201, 1.5375 0.5643 0.8476, 1.4858 0.5643 0.8821, 1.4391 0.5643 0.9231, 1.3982 0.5643 0.9698, 1.3636 0.5643 1.0215, 1.3362 0.5643 1.0772, 1.3162 0.5643 1.136, 1.3041 0.5643 1.197, 1.3 0.5643 1.259, 1.22 0.6443 1.974, 1.2378 0.642 1.974, 1.2407 0.6416 1.974, 1.2545 0.6359 1.974, 1.26 0.6336 1.974, 1.2695 0.6263 1.974, 1.2766 0.6209 1.974, 1.282 0.6138 1.974, 1.2893 0.6043 1.974, 1.2916 0.5988 1.974, 1.2973 0.585 1.974, 1.2977 0.5821 1.974, 1.3 0.5643 1.974, 2.33 0.6443 1.974, 2.3093 0.6416 1.974, 2.29 0.6336 1.974, 2.2734 0.6209 1.974, 2.2607 0.6043 1.974, 2.2527 0.585 1.974, 2.25 0.5643 1.974, 1.2247 0.6443 2.0464, 1.2453 0.6416 2.0437, 1.2389 0.6443 2.1176, 1.2589 0.6416 2.1122, 1.2622 0.6443 2.1863, 1.2814 0.6416 2.1784, 1.2944 0.6443 2.2515, 1.3123 0.6416 2.2411, 1.3347 0.6443 2.3118, 1.3511 0.6416 2.2992, 1.3826 0.6443 2.3664, 1.3972 0.6416 2.3518, 1.4371 0.6443 2.4143, 1.4497 0.6416 2.3978, 1.4975 0.6443 2.4546, 1.5079 0.6416 2.4367, 1.5626 0.6443 2.4867, 1.5705 0.6416 2.4676, 1.6314 0.6443 2.51, 1.6367 0.6416 2.49, 1.7026 0.6443 2.5242, 1.7053 0.6416 2.5037, 1.775 0.6443 2.529, 1.775 0.6416 2.5083, 1.8474 0.6443 2.5242, 1.8447 0.6416 2.5037, 1.9186 0.6443 2.51, 1.9133 0.6416 2.49, 1.9874 0.6443 2.4867, 1.9795 0.6416 2.4676, 2.0525 0.6443 2.4546, 2.0421 0.6416 2.4367, 2.1129 0.6443 2.4143, 2.1003 0.6416 2.3978, 2.1674 0.6443 2.3664, 2.1528 0.6416 2.3518, 2.2153 0.6443 2.3118, 2.1989 0.6416 2.2992, 2.2556 0.6443 2.2515, 2.2377 0.6416 2.2411, 2.2878 0.6443 2.1863, 2.2686 0.6416 2.1784, 2.3111 0.6443 2.1176, 2.2911 0.6416 2.1122, 2.3253 0.6443 2.0464, 2.3047 0.6416 2.0437, 1.2644 0.6336 2.0412, 1.2775 0.6336 2.1073, 1.2992 0.6336 2.171, 1.329 0.6336 2.2315, 1.3664 0.6336 2.2875, 1.4108 0.6336 2.3381, 1.4615 0.6336 2.3825, 1.5175 0.6336 2.42, 1.5779 0.6336 2.4498, 1.6417 0.6336 2.4714, 1.7078 0.6336 2.4846, 1.775 0.6336 2.489, 1.8422 0.6336 2.4846, 1.9083 0.6336 2.4714, 1.9721 0.6336 2.4498, 2.0325 0.6336 2.42, 2.0885 0.6336 2.3825, 2.1392 0.6336 2.3381, 2.1836 0.6336 2.2875, 2.221 0.6336 2.2315, 2.2508 0.6336 2.171, 2.2725 0.6336 2.1073, 2.2856 0.6336 2.0412, 1.2808 0.6209 2.039, 1.2936 0.6209 2.103, 1.3145 0.6209 2.1647, 1.3433 0.6209 2.2232, 1.3796 0.6209 2.2774, 1.4226 0.6209 2.3264, 1.4716 0.6209 2.3694, 1.5258 0.6209 2.4056, 1.5843 0.6209 2.4345, 1.646 0.6209 2.4554, 1.7099 0.6209 2.4681, 1.775 0.6209 2.4724, 1.8401 0.6209 2.4681, 1.904 0.6209 2.4554, 1.9657 0.6209 2.4345, 2.0242 0.6209 2.4056, 2.0784 0.6209 2.3694, 2.1274 0.6209 2.3264, 2.1704 0.6209 2.2774, 2.2067 0.6209 2.2232, 2.2355 0.6209 2.1647, 2.2564 0.6209 2.103, 2.2692 0.6209 2.039, 1.2934 0.6043 2.0374, 1.3058 0.6043 2.0997, 1.3263 0.6043 2.1598, 1.3544 0.6043 2.2168, 1.3897 0.6043 2.2696, 1.4315 0.6043 2.3174, 1.4793 0.6043 2.3593, 1.5321 0.6043 2.3946, 1.5891 0.6043 2.4227, 1.6493 0.6043 2.4431, 1.7116 0.6043 2.4555, 1.775 0.6043 2.4597, 1.8384 0.6043 2.4555, 1.9007 0.6043 2.4431, 1.9609 0.6043 2.4227, 2.0179 0.6043 2.3946, 2.0707 0.6043 2.3593, 2.1185 0.6043 2.3174, 2.1603 0.6043 2.2696, 2.1956 0.6043 2.2168, 2.2237 0.6043 2.1598, 2.2442 0.6043 2.0997, 2.2566 0.6043 2.0374, 1.3014 0.585 2.0363, 1.3136 0.585 2.0976, 1.3336 0.585 2.1568, 1.3613 0.585 2.2128, 1.396 0.585 2.2648, 1.4372 0.585 2.3118, 1.4842 0.585 2.353, 1.5361 0.585 2.3877, 1.5922 0.585 2.4153, 1.6514 0.585 2.4354, 1.7126 0.585 2.4476, 1.775 0.585 2.4517, 1.8374 0.585 2.4476, 1.8986 0.585 2.4354, 1.9578 0.585 2.4153, 2.0139 0.585 2.3877, 2.0658 0.585 2.353, 2.1128 0.585 2.3118, 2.154 0.585 2.2648, 2.1887 0.585 2.2128, 2.2164 0.585 2.1568, 2.2364 0.585 2.0976, 2.2486 0.585 2.0363, 1.3041 0.5643 2.036, 1.3162 0.5643 2.0969, 1.3362 0.5643 2.1557, 1.3636 0.5643 2.2115, 1.3982 0.5643 2.2631, 1.4391 0.5643 2.3098, 1.4858 0.5643 2.3508, 1.5375 0.5643 2.3853, 1.5932 0.5643 2.4128, 1.6521 0.5643 2.4328, 1.713 0.5643 2.4449, 1.775 0.5643 2.449, 1.837 0.5643 2.4449, 1.8979 0.5643 2.4328, 1.9568 0.5643 2.4128, 2.0125 0.5643 2.3853, 2.0642 0.5643 2.3508, 2.1109 0.5643 2.3098, 2.1518 0.5643 2.2631, 2.1864 0.5643 2.2115, 2.2138 0.5643 2.1557, 2.2338 0.5643 2.0969, 2.2459 0.5643 2.036, 2.17 0.4043 1.259, 2.1878 0.4067 1.259, 2.17 0.4043 1.974, 2.1878 0.4067 1.974, 2.1907 0.407 1.974, 2.1907 0.407 1.259, 2.2045 0.4128 1.974, 2.2045 0.4128 1.259, 2.21 0.415 1.974, 2.21 0.415 1.259, 2.2195 0.4223 1.974, 2.2195 0.4223 1.259, 2.2266 0.4277 1.974, 2.2266 0.4277 1.259, 2.232 0.4348 1.974, 2.232 0.4348 1.259, 2.2393 0.4443 1.974, 2.2393 0.4443 1.259, 2.2416 0.4498 1.974, 2.2416 0.4498 1.259, 2.2473 0.4636 1.974, 2.2473 0.4636 1.259, 2.2477 0.4666 1.974, 2.2477 0.4666 1.259, 2.25 0.4843 1.259, 2.25 0.4843 1.974, 1.3 0.4843 1.974, 1.3027 0.4636 1.974, 1.3071 0.4636 2.0383, 1.3107 0.4443 1.974, 1.315 0.4443 2.0372, 1.3234 0.4277 1.974, 1.34 0.415 1.974, 1.3441 0.415 2.0332, 1.3593 0.407 1.974, 1.38 0.4043 1.974, 1.3837 0.4043 2.0277, 1.3632 0.407 2.0306, 1.3946 0.4043 2.0805, 1.3747 0.407 2.0861, 1.4127 0.4043 2.1313, 1.3937 0.407 2.1396, 1.4375 0.4043 2.1792, 1.4198 0.407 2.19, 1.4686 0.4043 2.2232, 1.4525 0.407 2.2363, 1.5054 0.4043 2.2626, 1.4913 0.407 2.2778, 1.5472 0.4043 2.2967, 1.5353 0.407 2.3136, 1.5933 0.4043 2.3247, 1.5837 0.407 2.3431, 1.6427 0.4043 2.3462, 1.6358 0.407 2.3657, 1.6946 0.4043 2.3607, 1.6904 0.407 2.381, 1.748 0.4043 2.368, 1.7466 0.407 2.3887, 1.802 0.4043 2.368, 1.8034 0.407 2.3887, 1.8554 0.4043 2.3607, 1.8596 0.407 2.381, 1.9073 0.4043 2.3462, 1.9142 0.407 2.3657, 1.9567 0.4043 2.3247, 1.9663 0.407 2.3431, 2.0028 0.4043 2.2967, 2.0147 0.407 2.3136, 2.0446 0.4043 2.2626, 2.0587 0.407 2.2778, 2.0814 0.4043 2.2232, 2.0975 0.407 2.2363, 2.1125 0.4043 2.1792, 2.1302 0.407 2.19, 2.1373 0.4043 2.1313, 2.1563 0.407 2.1396, 2.1554 0.4043 2.0805, 2.1753 0.407 2.0861, 2.1663 0.4043 2.0277, 2.1868 0.407 2.0306, 2.2059 0.415 2.0332, 2.1939 0.415 2.0913, 2.174 0.415 2.1473, 2.1467 0.415 2.2, 2.1124 0.415 2.2485, 2.0719 0.415 2.2919, 2.0259 0.415 2.3293, 1.9751 0.415 2.3602, 1.9207 0.415 2.3838, 1.8635 0.415 2.3999, 1.8047 0.415 2.4079, 1.7453 0.415 2.4079, 1.6865 0.415 2.3999, 1.6293 0.415 2.3838, 1.5749 0.415 2.3602, 1.5241 0.415 2.3293, 1.4781 0.415 2.2919, 1.4376 0.415 2.2485, 1.4033 0.415 2.2, 1.376 0.415 2.1473, 1.3561 0.415 2.0913, 1.3276 0.4277 2.0354, 1.3402 0.4277 2.0958, 1.3608 0.4277 2.1539, 1.3892 0.4277 2.2086, 1.4247 0.4277 2.2589, 1.4668 0.4277 2.304, 1.5146 0.4277 2.3429, 1.5672 0.4277 2.3749, 1.6238 0.4277 2.3995, 1.6831 0.4277 2.4161, 1.7442 0.4277 2.4245, 1.8058 0.4277 2.4245, 1.8669 0.4277 2.4161, 1.9262 0.4277 2.3995, 1.9828 0.4277 2.3749, 2.0354 0.4277 2.3429, 2.0832 0.4277 2.304, 2.1253 0.4277 2.2589, 2.1608 0.4277 2.2086, 2.1892 0.4277 2.1539, 2.2098 0.4277 2.0958, 2.2224 0.4277 2.0354, 2.235 0.4443 2.0372, 2.2221 0.4443 2.0992, 2.2008 0.4443 2.1589, 2.1717 0.4443 2.2152, 2.1351 0.4443 2.267, 2.0919 0.4443 2.3133, 2.0427 0.4443 2.3533, 1.9886 0.4443 2.3862, 1.9305 0.4443 2.4114, 1.8695 0.4443 2.4285, 1.8067 0.4443 2.4372, 1.7433 0.4443 2.4372, 1.6805 0.4443 2.4285, 1.6195 0.4443 2.4114, 1.5614 0.4443 2.3862, 1.5073 0.4443 2.3533, 1.4581 0.4443 2.3133, 1.4149 0.4443 2.267, 1.3783 0.4443 2.2152, 1.3492 0.4443 2.1589, 1.3279 0.4443 2.0992, 1.3202 0.4636 2.1014, 1.3418 0.4636 2.1621, 1.3715 0.4636 2.2193, 1.4087 0.4636 2.272, 1.4526 0.4636 2.3191, 1.5026 0.4636 2.3598, 1.5577 0.4636 2.3933, 1.6168 0.4636 2.419, 1.6789 0.4636 2.4364, 1.7428 0.4636 2.4451, 1.8072 0.4636 2.4451, 1.8711 0.4636 2.4364, 1.9332 0.4636 2.419, 1.9923 0.4636 2.3933, 2.0474 0.4636 2.3598, 2.0974 0.4636 2.3191, 2.1413 0.4636 2.272, 2.1785 0.4636 2.2193, 2.2082 0.4636 2.1621, 2.2298 0.4636 2.1014, 2.2429 0.4636 2.0383, 1.3044 0.4843 2.0386, 1.3176 0.4843 2.1021, 1.3393 0.4843 2.1632, 1.3692 0.4843 2.2208, 1.4065 0.4843 2.2737, 1.4508 0.4843 2.3211, 1.5011 0.4843 2.362, 1.5565 0.4843 2.3957, 1.6159 0.4843 2.4215, 1.6784 0.4843 2.439, 1.7426 0.4843 2.4479, 1.8074 0.4843 2.4479, 1.8716 0.4843 2.439, 1.9341 0.4843 2.4215, 1.9935 0.4843 2.3957, 2.0489 0.4843 2.362, 2.0992 0.4843 2.3211, 2.1435 0.4843 2.2737, 2.1808 0.4843 2.2208, 2.2107 0.4843 2.1632, 2.2324 0.4843 2.1021, 2.2456 0.4843 2.0386, 2.1663 0.4043 1.2052, 2.1868 0.407 1.2024, 2.1554 0.4043 1.1524, 2.1753 0.407 1.1468, 2.1373 0.4043 1.1016, 2.1563 0.407 1.0933, 2.1125 0.4043 1.0537, 2.1302 0.407 1.043, 2.0814 0.4043 1.0097, 2.0975 0.407 0.9966, 2.0446 0.4043 0.9703, 2.0587 0.407 0.9551, 2.0028 0.4043 0.9363, 2.0147 0.407 0.9193, 1.9567 0.4043 0.9082, 1.9663 0.407 0.8899, 1.9073 0.4043 0.8868, 1.9142 0.407 0.8673, 1.8554 0.4043 0.8722, 1.8596 0.407 0.8519, 1.802 0.4043 0.8649, 1.8034 0.407 0.8442, 1.748 0.4043 0.8649, 1.7466 0.407 0.8442, 1.6946 0.4043 0.8722, 1.6904 0.407 0.8519, 1.6427 0.4043 0.8868, 1.6358 0.407 0.8673, 1.5933 0.4043 0.9082, 1.5837 0.407 0.8899, 1.5472 0.4043 0.9363, 1.5353 0.407 0.9193, 1.5054 0.4043 0.9703, 1.4913 0.407 0.9551, 1.4686 0.4043 1.0097, 1.4525 0.407 0.9966, 1.4375 0.4043 1.0537, 1.4198 0.407 1.043, 1.4127 0.4043 1.1016, 1.3937 0.407 1.0933, 1.3946 0.4043 1.1524, 1.3747 0.407 1.1468, 1.3837 0.4043 1.2052, 1.3632 0.407 1.2024, 1.38 0.4043 1.259, 1.3593 0.407 1.259, 2.2059 0.415 1.1997, 2.1939 0.415 1.1416, 2.174 0.415 1.0857, 2.1467 0.415 1.0329, 2.1124 0.415 0.9844, 2.0719 0.415 0.941, 2.0259 0.415 0.9036, 1.9751 0.415 0.8727, 1.9207 0.415 0.8491, 1.8635 0.415 0.8331, 1.8047 0.415 0.825, 1.7453 0.415 0.825, 1.6865 0.415 0.8331, 1.6293 0.415 0.8491, 1.5749 0.415 0.8727, 1.5241 0.415 0.9036, 1.4781 0.415 0.941, 1.4376 0.415 0.9844, 1.4033 0.415 1.0329, 1.376 0.415 1.0857, 1.3561 0.415 1.1416, 1.3441 0.415 1.1997, 1.34 0.415 1.259, 2.2224 0.4277 1.1975, 2.2098 0.4277 1.1371, 2.1892 0.4277 1.0791, 2.1608 0.4277 1.0243, 2.1253 0.4277 0.974, 2.0832 0.4277 0.9289, 2.0354 0.4277 0.89, 1.9828 0.4277 0.858, 1.9262 0.4277 0.8335, 1.8669 0.4277 0.8168, 1.8058 0.4277 0.8084, 1.7442 0.4277 0.8084, 1.6831 0.4277 0.8168, 1.6238 0.4277 0.8335, 1.5672 0.4277 0.858, 1.5146 0.4277 0.89, 1.4668 0.4277 0.9289, 1.4247 0.4277 0.974, 1.3892 0.4277 1.0243, 1.3608 0.4277 1.0791, 1.3402 0.4277 1.1371, 1.3276 0.4277 1.1975, 1.3234 0.4277 1.259, 2.235 0.4443 1.1957, 2.2221 0.4443 1.1337, 2.2008 0.4443 1.074, 2.1717 0.4443 1.0177, 2.1351 0.4443 0.966, 2.0919 0.4443 0.9196, 2.0427 0.4443 0.8797, 1.9886 0.4443 0.8467, 1.9305 0.4443 0.8215, 1.8695 0.4443 0.8044, 1.8067 0.4443 0.7958, 1.7433 0.4443 0.7958, 1.6805 0.4443 0.8044, 1.6195 0.4443 0.8215, 1.5614 0.4443 0.8467, 1.5073 0.4443 0.8797, 1.4581 0.4443 0.9196, 1.4149 0.4443 0.966, 1.3783 0.4443 1.0177, 1.3492 0.4443 1.074, 1.3279 0.4443 1.1337, 1.315 0.4443 1.1957, 1.3107 0.4443 1.259, 2.2429 0.4636 1.1947, 2.2298 0.4636 1.1315, 2.2082 0.4636 1.0708, 2.1785 0.4636 1.0136, 2.1413 0.4636 0.9609, 2.0974 0.4636 0.9138, 2.0474 0.4636 0.8731, 1.9923 0.4636 0.8396, 1.9332 0.4636 0.814, 1.8711 0.4636 0.7966, 1.8072 0.4636 0.7878, 1.7428 0.4636 0.7878, 1.6789 0.4636 0.7966, 1.6168 0.4636 0.814, 1.5577 0.4636 0.8396, 1.5026 0.4636 0.8731, 1.4526 0.4636 0.9138, 1.4087 0.4636 0.9609, 1.3715 0.4636 1.0136, 1.3418 0.4636 1.0708, 1.3202 0.4636 1.1315, 1.3071 0.4636 1.1947, 1.3027 0.4636 1.259, 2.2456 0.4843 1.1943, 2.2324 0.4843 1.1308, 2.2107 0.4843 1.0697, 2.1808 0.4843 1.0122, 2.1435 0.4843 0.9592, 2.0992 0.4843 0.9118, 2.0489 0.4843 0.8709, 1.9935 0.4843 0.8372, 1.9341 0.4843 0.8114, 1.8716 0.4843 0.7939, 1.8074 0.4843 0.7851, 1.7426 0.4843 0.7851, 1.6784 0.4843 0.7939, 1.6159 0.4843 0.8114, 1.5565 0.4843 0.8372, 1.5011 0.4843 0.8709, 1.4508 0.4843 0.9118, 1.4065 0.4843 0.9592, 1.3692 0.4843 1.0122, 1.3393 0.4843 1.0697, 1.3176 0.4843 1.1308, 1.3044 0.4843 1.1943, 1.3 0.4843 1.259, 2.075 -0.4484 0.8665, 2.075 -0.1961 0.8665, 2.075 -0.4484 0.3665, 2.075 -0.1961 0.3665, 1.8608 0.0943 0.8665, 2.02 0.0783 0.8665, 1.8592 -0.0141 0.8665, 2.0195 -0.0124 0.8665, 1.876 -0.1212 0.8665, 2.0363 -0.1015 0.8665, 1.9107 -0.2239 0.8665, 2.0696 -0.1859 0.8665, 1.9624 -0.3192 0.8665, 2.0295 -0.4044 0.8665, 1.53 0.0783 0.8665, 1.6892 0.0943 0.8665, 1.5305 -0.0124 0.8665, 1.6908 -0.0141 0.8665, 1.5137 -0.1015 0.8665, 1.674 -0.1212 0.8665, 1.4804 -0.1859 0.8665, 1.6393 -0.2239 0.8665, 1.5876 -0.3192 0.8665, 1.475 -0.1961 0.8665, 1.5205 -0.4044 0.8665, 1.475 -0.4484 0.8665, 1.475 -0.1961 0.3665, 1.475 -0.4484 0.3665, 2.1183 -0.2623 0.3665, 2.1806 -0.3282 0.3665, 2.1101 -0.4769 0.3665, 2.2543 -0.3811 0.3665, 2.838 -0.2985 0.3665, 2.9122 -0.4488 0.3665, 2.7694 -0.3578 0.3665, 2.8247 -0.5129 0.3665, 2.6908 -0.403 0.3665, 2.7276 -0.5612 0.3665, 2.6051 -0.4325 0.3665, 2.6238 -0.5923 0.3665, 2.5153 -0.4452 0.3665, 2.5161 -0.6053 0.3665, 2.4247 -0.4406 0.3665, 2.4078 -0.5998 0.3665, 2.3367 -0.419 0.3665, 2.302 -0.5761 0.3665, 2.2018 -0.5347 0.3665, 2.9 0.4656 0.3665, 3.017 0.5789 0.3665, 2.929 0.4433 0.3665, 3.0645 0.5314 0.3665, 2.9512 0.4143 0.3665, 3.1003 0.4745 0.3665, 2.9652 0.3806 0.3665, 3.1225 0.4111 0.3665, 2.97 0.3443 0.3665, 3.13 0.3443 0.3665, 2.97 0.0305 0.3665, 3.13 0.0305 0.3665, 2.9614 -0.0598 0.3665, 3.1208 -0.0775 0.3665, 2.9358 -0.1467 0.3665, 3.0933 -0.1824 0.3665, 2.8942 -0.2273 0.3665, 3.0484 -0.2811 0.3665, 2.9875 -0.3708 0.3665, 0.7806 -0.3578 0.3665, 0.7253 -0.5129 0.3665, 0.6378 -0.4488 0.3665, 0.621 0.4433 0.3665, 0.533 0.5789 0.3665, 0.65 0.4656 0.3665, 0.5898 0.6146 0.3665, 0.6838 0.4795 0.3665, 0.6532 0.6368 0.3665, 0.72 0.4843 0.3665, 0.72 0.6443 0.3665, 2.83 0.4843 0.3665, 2.83 0.6443 0.3665, 2.8662 0.4795 0.3665, 2.8968 0.6368 0.3665, 2.9602 0.6146 0.3665, 0.712 -0.2985 0.3665, 0.5625 -0.3708 0.3665, 0.6558 -0.2273 0.3665, 0.5016 -0.2811 0.3665, 0.6142 -0.1467 0.3665, 0.4567 -0.1824 0.3665, 0.5886 -0.0598 0.3665, 0.4292 -0.0775 0.3665, 0.58 0.0305 0.3665, 0.42 0.0305 0.3665, 0.58 0.3443 0.3665, 0.42 0.3443 0.3665, 0.5848 0.3806 0.3665, 0.4275 0.4111 0.3665, 0.5988 0.4143 0.3665, 0.4497 0.4745 0.3665, 0.4855 0.5314 0.3665, 0.8224 -0.5612 0.3665, 0.8592 -0.403 0.3665, 0.9262 -0.5923 0.3665, 0.9449 -0.4325 0.3665, 1.0339 -0.6053 0.3665, 1.0347 -0.4452 0.3665, 1.1422 -0.5998 0.3665, 1.1253 -0.4406 0.3665, 1.248 -0.5761 0.3665, 1.2133 -0.419 0.3665, 1.3482 -0.5347 0.3665, 1.2957 -0.3811 0.3665, 1.4399 -0.4769 0.3665, 1.3694 -0.3282 0.3665, 1.4317 -0.2623 0.3665, 2.02 0.0783 2.8665, 1.8608 0.0943 2.8665, 2.0195 -0.0124 2.8665, 1.8592 -0.0141 2.8665, 2.0363 -0.1015 2.8665, 1.876 -0.1212 2.8665, 2.0696 -0.1859 2.8665, 1.9107 -0.2239 2.8665, 2.1183 -0.2623 2.8665, 0.65 0.4656 2.8665, 0.533 0.5789 2.8665, 0.621 0.4433 2.8665, 0.4855 0.5314 2.8665, 0.5988 0.4143 2.8665, 0.4497 0.4745 2.8665, 0.5848 0.3806 2.8665, 0.4275 0.4111 2.8665, 0.58 0.3443 2.8665, 0.42 0.3443 2.8665, 0.58 0.0305 2.8665, 0.42 0.0305 2.8665, 0.5886 -0.0598 2.8665, 0.4292 -0.0775 2.8665, 0.6142 -0.1467 2.8665, 0.4567 -0.1824 2.8665, 0.6558 -0.2273 2.8665, 0.5016 -0.2811 2.8665, 0.712 -0.2985 2.8665, 2.929 0.4433 2.8665, 3.017 0.5789 2.8665, 2.9 0.4656 2.8665, 2.9602 0.6146 2.8665, 2.8662 0.4795 2.8665, 2.8968 0.6368 2.8665, 2.83 0.4843 2.8665, 2.83 0.6443 2.8665, 0.72 0.4843 2.8665, 0.72 0.6443 2.8665, 0.6838 0.4795 2.8665, 0.6532 0.6368 2.8665, 0.5898 0.6146 2.8665, 2.7694 -0.3578 2.8665, 2.9122 -0.4488 2.8665, 2.838 -0.2985 2.8665, 2.9875 -0.3708 2.8665, 2.8942 -0.2273 2.8665, 3.0484 -0.2811 2.8665, 2.9358 -0.1467 2.8665, 3.0933 -0.1824 2.8665, 2.9614 -0.0598 2.8665, 3.1208 -0.0775 2.8665, 2.97 0.0305 2.8665, 3.13 0.0305 2.8665, 2.97 0.3443 2.8665, 3.13 0.3443 2.8665, 2.9652 0.3806 2.8665, 3.1225 0.4111 2.8665, 2.9512 0.4143 2.8665, 3.1003 0.4745 2.8665, 3.0645 0.5314 2.8665, 1.6892 0.0943 2.8665, 1.53 0.0783 2.8665, 1.6908 -0.0141 2.8665, 1.5305 -0.0124 2.8665, 1.674 -0.1212 2.8665, 1.5137 -0.1015 2.8665, 1.6393 -0.2239 2.8665, 1.4804 -0.1859 2.8665, 1.5876 -0.3192 2.8665, 1.4317 -0.2623 2.8665, 1.5205 -0.4044 2.8665, 1.3694 -0.3282 2.8665, 0.5625 -0.3708 2.8665, 0.6378 -0.4488 2.8665, 0.7806 -0.3578 2.8665, 0.7253 -0.5129 2.8665, 0.8592 -0.403 2.8665, 0.8224 -0.5612 2.8665, 0.9449 -0.4325 2.8665, 0.9262 -0.5923 2.8665, 1.0347 -0.4452 2.8665, 1.0339 -0.6053 2.8665, 1.1253 -0.4406 2.8665, 1.1422 -0.5998 2.8665, 1.2133 -0.419 2.8665, 1.248 -0.5761 2.8665, 1.2957 -0.3811 2.8665, 1.3482 -0.5347 2.8665, 1.4399 -0.4769 2.8665, 1.9624 -0.3192 2.8665, 2.0295 -0.4044 2.8665, 2.1806 -0.3282 2.8665, 2.1101 -0.4769 2.8665, 2.2543 -0.3811 2.8665, 2.2018 -0.5347 2.8665, 2.3367 -0.419 2.8665, 2.302 -0.5761 2.8665, 2.4247 -0.4406 2.8665, 2.4078 -0.5998 2.8665, 2.5153 -0.4452 2.8665, 2.5161 -0.6053 2.8665, 2.6051 -0.4325 2.8665, 2.6238 -0.5923 2.8665, 2.6908 -0.403 2.8665, 2.7276 -0.5612 2.8665, 2.8247 -0.5129 2.8665, 2.8247 -0.5129 2.8665
            ]
        }
        coordIndex [
            0,1,2,-1,3,4,5,-1,5,4,0,-1,0,2,5,-1,5,2,6,-1,5,6,7,-1,7,6,8,-1,7,8,9,-1,9,8,10,-1,9,10,11,-1,11,10,12,-1,11,12,13,-1,13,12,14,-1,13,14,15,-1,15,14,16,-1,15,16,17,-1,17,16,18,-1,17,18,19,-1,19,18,20,-1,19,20,21,-1,21,20,22,-1,21,22,23,-1,23,22,24,-1,23,24,25,-1,25,24,26,-1,25,26,27,-1,27,26,28,-1,27,28,29,-1,29,28,30,-1,29,30,31,-1,31,30,32,-1,31,32,33,-1,33,32,34,-1,33,34,35,-1,35,34,36,-1,35,36,37,-1,37,36,38,-1,37,38,39,-1,39,38,40,-1,39,40,41,-1,41,40,42,-1,41,42,43,-1,43,42,44,-1,43,44,45,-1,45,44,46,-1,45,46,47,-1,47,46,48,-1,47,48,49,-1,49,48,50,-1,49,50,51,-1,52,53,54,-1,54,53,3,-1,3,5,54,-1,54,5,7,-1,54,7,55,-1,55,7,9,-1,55,9,56,-1,56,9,11,-1,56,11,57,-1,57,11,13,-1,57,13,58,-1,58,13,15,-1,58,15,59,-1,59,15,17,-1,59,17,60,-1,60,17,19,-1,60,19,61,-1,61,19,21,-1,61,21,62,-1,62,21,23,-1,62,23,63,-1,63,23,25,-1,63,25,64,-1,64,25,27,-1,64,27,65,-1,65,27,29,-1,65,29,66,-1,66,29,31,-1,66,31,67,-1,67,31,33,-1,67,33,68,-1,68,33,35,-1,68,35,69,-1,69,35,37,-1,69,37,70,-1,70,37,39,-1,70,39,71,-1,71,39,41,-1,71,41,72,-1,72,41,43,-1,72,43,73,-1,73,43,45,-1,73,45,74,-1,74,45,47,-1,74,47,75,-1,75,47,49,-1,75,49,76,-1,76,49,51,-1,76,51,77,-1,78,79,80,-1,80,79,52,-1,52,54,80,-1,80,54,55,-1,80,55,81,-1,81,55,56,-1,81,56,82,-1,82,56,57,-1,82,57,83,-1,83,57,58,-1,83,58,84,-1,84,58,59,-1,84,59,85,-1,85,59,60,-1,85,60,86,-1,86,60,61,-1,86,61,87,-1,87,61,62,-1,87,62,88,-1,88,62,63,-1,88,63,89,-1,89,63,64,-1,89,64,90,-1,90,64,65,-1,90,65,91,-1,91,65,66,-1,91,66,92,-1,92,66,67,-1,92,67,93,-1,93,67,68,-1,93,68,94,-1,94,68,69,-1,94,69,95,-1,95,69,70,-1,95,70,96,-1,96,70,71,-1,96,71,97,-1,97,71,72,-1,97,72,98,-1,98,72,73,-1,98,73,99,-1,99,73,74,-1,99,74,100,-1,100,74,75,-1,100,75,101,-1,101,75,76,-1,101,76,102,-1,102,76,77,-1,102,77,103,-1,104,105,106,-1,106,105,78,-1,78,80,106,-1,106,80,81,-1,106,81,107,-1,107,81,82,-1,107,82,108,-1,108,82,83,-1,108,83,109,-1,109,83,84,-1,109,84,110,-1,110,84,85,-1,110,85,111,-1,111,85,86,-1,111,86,112,-1,112,86,87,-1,112,87,113,-1,113,87,88,-1,113,88,114,-1,114,88,89,-1,114,89,115,-1,115,89,90,-1,115,90,116,-1,116,90,91,-1,116,91,117,-1,117,91,92,-1,117,92,118,-1,118,92,93,-1,118,93,119,-1,119,93,94,-1,119,94,120,-1,120,94,95,-1,120,95,121,-1,121,95,96,-1,121,96,122,-1,122,96,97,-1,122,97,123,-1,123,97,98,-1,123,98,124,-1,124,98,99,-1,124,99,125,-1,125,99,100,-1,125,100,126,-1,126,100,101,-1,126,101,127,-1,127,101,102,-1,127,102,128,-1,128,102,103,-1,128,103,129,-1,130,131,132,-1,132,131,104,-1,104,106,132,-1,132,106,107,-1,132,107,133,-1,133,107,108,-1,133,108,134,-1,134,108,109,-1,134,109,135,-1,135,109,110,-1,135,110,136,-1,136,110,111,-1,136,111,137,-1,137,111,112,-1,137,112,138,-1,138,112,113,-1,138,113,139,-1,139,113,114,-1,139,114,140,-1,140,114,115,-1,140,115,141,-1,141,115,116,-1,141,116,142,-1,142,116,117,-1,142,117,143,-1,143,117,118,-1,143,118,144,-1,144,118,119,-1,144,119,145,-1,145,119,120,-1,145,120,146,-1,146,120,121,-1,146,121,147,-1,147,121,122,-1,147,122,148,-1,148,122,123,-1,148,123,149,-1,149,123,124,-1,149,124,150,-1,150,124,125,-1,150,125,151,-1,151,125,126,-1,151,126,152,-1,152,126,127,-1,152,127,153,-1,153,127,128,-1,153,128,154,-1,154,128,129,-1,154,129,155,-1,156,157,130,-1,130,132,156,-1,156,132,133,-1,156,133,158,-1,158,133,134,-1,158,134,159,-1,159,134,135,-1,159,135,160,-1,160,135,136,-1,160,136,161,-1,161,136,137,-1,161,137,162,-1,162,137,138,-1,162,138,163,-1,163,138,139,-1,163,139,164,-1,164,139,140,-1,164,140,165,-1,165,140,141,-1,165,141,166,-1,166,141,142,-1,166,142,167,-1,167,142,143,-1,167,143,168,-1,168,143,144,-1,168,144,169,-1,169,144,145,-1,169,145,170,-1,170,145,146,-1,170,146,171,-1,171,146,147,-1,171,147,172,-1,172,147,148,-1,172,148,173,-1,173,148,149,-1,173,149,174,-1,174,149,150,-1,174,150,175,-1,175,150,151,-1,175,151,176,-1,176,151,152,-1,176,152,177,-1,177,152,153,-1,177,153,178,-1,178,153,154,-1,178,154,179,-1,179,154,155,-1,179,155,180,-1,181,182,157,-1,157,182,130,-1,130,182,131,-1,131,182,183,-1,131,183,104,-1,104,183,184,-1,104,184,105,-1,105,184,185,-1,105,185,78,-1,78,185,186,-1,78,186,79,-1,79,186,187,-1,79,187,52,-1,52,187,188,-1,52,188,53,-1,53,188,189,-1,53,189,3,-1,3,189,190,-1,3,190,4,-1,4,190,191,-1,4,191,0,-1,191,192,0,-1,0,192,193,-1,0,193,1,-1,194,180,155,-1,194,155,195,-1,195,155,129,-1,195,129,196,-1,196,129,103,-1,196,103,197,-1,197,103,77,-1,197,77,198,-1,198,77,51,-1,198,51,199,-1,199,51,50,-1,199,50,200,-1,194,195,201,-1,195,196,202,-1,197,198,203,-1,199,200,204,-1,199,204,205,-1,205,204,206,-1,205,206,207,-1,207,206,208,-1,207,208,209,-1,209,208,210,-1,209,210,211,-1,211,210,212,-1,211,212,213,-1,213,212,214,-1,213,214,215,-1,215,214,216,-1,215,216,217,-1,217,216,218,-1,217,218,219,-1,219,218,220,-1,219,220,221,-1,221,220,222,-1,221,222,223,-1,223,222,224,-1,223,224,225,-1,225,224,226,-1,225,226,227,-1,227,226,228,-1,227,228,229,-1,229,228,230,-1,229,230,231,-1,231,230,232,-1,231,232,233,-1,233,232,234,-1,233,234,235,-1,235,234,236,-1,235,236,237,-1,237,236,238,-1,237,238,239,-1,239,238,240,-1,239,240,241,-1,241,240,242,-1,241,242,243,-1,243,242,244,-1,243,244,245,-1,245,244,246,-1,245,246,247,-1,247,246,248,-1,247,248,249,-1,248,193,192,-1,248,192,249,-1,249,192,191,-1,249,191,190,-1,190,250,249,-1,249,250,251,-1,249,251,247,-1,247,251,252,-1,247,252,245,-1,245,252,253,-1,245,253,243,-1,243,253,254,-1,243,254,241,-1,241,254,255,-1,241,255,239,-1,239,255,256,-1,239,256,237,-1,237,256,257,-1,237,257,235,-1,235,257,258,-1,235,258,233,-1,233,258,259,-1,233,259,231,-1,231,259,260,-1,231,260,229,-1,229,260,261,-1,229,261,227,-1,227,261,262,-1,227,262,225,-1,225,262,263,-1,225,263,223,-1,223,263,264,-1,223,264,221,-1,221,264,265,-1,221,265,219,-1,219,265,266,-1,219,266,217,-1,217,266,267,-1,217,267,215,-1,215,267,268,-1,215,268,213,-1,213,268,269,-1,213,269,211,-1,211,269,270,-1,211,270,209,-1,209,270,271,-1,209,271,207,-1,207,271,203,-1,207,203,205,-1,205,203,198,-1,205,198,199,-1,197,203,272,-1,272,203,271,-1,272,271,273,-1,273,271,270,-1,273,270,274,-1,274,270,269,-1,274,269,275,-1,275,269,268,-1,275,268,276,-1,276,268,267,-1,276,267,277,-1,277,267,266,-1,277,266,278,-1,278,266,265,-1,278,265,279,-1,279,265,264,-1,279,264,280,-1,280,264,263,-1,280,263,281,-1,281,263,262,-1,281,262,282,-1,282,262,261,-1,282,261,283,-1,283,261,260,-1,283,260,284,-1,284,260,259,-1,284,259,285,-1,285,259,258,-1,285,258,286,-1,286,258,257,-1,286,257,287,-1,287,257,256,-1,287,256,288,-1,288,256,255,-1,288,255,289,-1,289,255,254,-1,289,254,290,-1,290,254,253,-1,290,253,291,-1,291,253,252,-1,291,252,292,-1,292,252,251,-1,292,251,293,-1,293,251,250,-1,293,250,294,-1,190,189,250,-1,250,189,188,-1,250,188,294,-1,294,188,187,-1,294,187,186,-1,186,295,294,-1,294,295,296,-1,294,296,293,-1,293,296,297,-1,293,297,292,-1,292,297,298,-1,292,298,291,-1,291,298,299,-1,291,299,290,-1,290,299,300,-1,290,300,289,-1,289,300,301,-1,289,301,288,-1,288,301,302,-1,288,302,287,-1,287,302,303,-1,287,303,286,-1,286,303,304,-1,286,304,285,-1,285,304,305,-1,285,305,284,-1,284,305,306,-1,284,306,283,-1,283,306,307,-1,283,307,282,-1,282,307,308,-1,282,308,281,-1,281,308,309,-1,281,309,280,-1,280,309,310,-1,280,310,279,-1,279,310,311,-1,279,311,278,-1,278,311,312,-1,278,312,277,-1,277,312,313,-1,277,313,276,-1,276,313,314,-1,276,314,275,-1,275,314,315,-1,275,315,274,-1,274,315,316,-1,274,316,273,-1,273,316,202,-1,273,202,272,-1,272,202,196,-1,272,196,197,-1,195,202,201,-1,201,202,316,-1,201,316,317,-1,317,316,315,-1,317,315,318,-1,318,315,314,-1,318,314,319,-1,319,314,313,-1,319,313,320,-1,320,313,312,-1,320,312,321,-1,321,312,311,-1,321,311,322,-1,322,311,310,-1,322,310,323,-1,323,310,309,-1,323,309,324,-1,324,309,308,-1,324,308,325,-1,325,308,307,-1,325,307,326,-1,326,307,306,-1,326,306,327,-1,327,306,305,-1,327,305,328,-1,328,305,304,-1,328,304,329,-1,329,304,303,-1,329,303,330,-1,330,303,302,-1,330,302,331,-1,331,302,301,-1,331,301,332,-1,332,301,300,-1,332,300,333,-1,333,300,299,-1,333,299,334,-1,334,299,298,-1,334,298,335,-1,335,298,297,-1,335,297,336,-1,336,297,296,-1,336,296,337,-1,337,296,295,-1,337,295,338,-1,186,185,295,-1,295,185,184,-1,295,184,338,-1,338,184,183,-1,338,183,182,-1,194,201,339,-1,339,201,317,-1,339,317,340,-1,340,317,318,-1,340,318,341,-1,341,318,319,-1,341,319,342,-1,342,319,320,-1,342,320,343,-1,343,320,321,-1,343,321,344,-1,344,321,322,-1,344,322,345,-1,345,322,323,-1,345,323,346,-1,346,323,324,-1,346,324,347,-1,347,324,325,-1,347,325,348,-1,348,325,326,-1,348,326,349,-1,349,326,327,-1,349,327,350,-1,350,327,328,-1,350,328,351,-1,351,328,329,-1,351,329,352,-1,352,329,330,-1,352,330,353,-1,353,330,331,-1,353,331,354,-1,354,331,332,-1,354,332,355,-1,355,332,333,-1,355,333,356,-1,356,333,334,-1,356,334,357,-1,357,334,335,-1,357,335,358,-1,358,335,336,-1,358,336,359,-1,359,336,337,-1,359,337,360,-1,360,337,338,-1,360,338,361,-1,361,338,182,-1,361,182,181,-1,362,363,364,-1,364,363,365,-1,365,363,366,-1,366,363,367,-1,366,367,368,-1,368,367,369,-1,368,369,370,-1,370,369,371,-1,370,371,372,-1,372,371,373,-1,372,373,374,-1,374,373,375,-1,374,375,376,-1,376,375,377,-1,376,377,378,-1,378,377,379,-1,378,379,380,-1,380,379,381,-1,380,381,382,-1,382,381,383,-1,382,383,384,-1,383,385,384,-1,384,385,386,-1,384,386,387,-1,384,387,388,-1,380,382,389,-1,389,382,384,-1,384,388,389,-1,389,388,390,-1,389,390,391,-1,391,390,392,-1,391,392,393,-1,393,392,394,-1,393,394,395,-1,395,394,396,-1,395,396,397,-1,397,396,398,-1,397,398,399,-1,399,398,400,-1,399,400,401,-1,401,400,402,-1,401,402,403,-1,403,402,404,-1,403,404,405,-1,405,404,406,-1,405,406,407,-1,407,406,408,-1,407,408,409,-1,409,408,410,-1,409,410,411,-1,411,410,412,-1,411,412,413,-1,413,412,414,-1,413,414,415,-1,415,414,416,-1,415,416,417,-1,417,416,418,-1,417,418,419,-1,419,418,420,-1,419,420,421,-1,421,420,422,-1,421,422,423,-1,423,422,424,-1,423,424,425,-1,425,424,426,-1,425,426,427,-1,427,426,428,-1,427,428,429,-1,429,428,430,-1,429,430,431,-1,431,430,432,-1,431,432,433,-1,376,378,434,-1,434,378,380,-1,380,389,434,-1,434,389,391,-1,434,391,435,-1,435,391,393,-1,435,393,436,-1,436,393,395,-1,436,395,437,-1,437,395,397,-1,437,397,438,-1,438,397,399,-1,438,399,439,-1,439,399,401,-1,439,401,440,-1,440,401,403,-1,440,403,441,-1,441,403,405,-1,441,405,442,-1,442,405,407,-1,442,407,443,-1,443,407,409,-1,443,409,444,-1,444,409,411,-1,444,411,445,-1,445,411,413,-1,445,413,446,-1,446,413,415,-1,446,415,447,-1,447,415,417,-1,447,417,448,-1,448,417,419,-1,448,419,449,-1,449,419,421,-1,449,421,450,-1,450,421,423,-1,450,423,451,-1,451,423,425,-1,451,425,452,-1,452,425,427,-1,452,427,453,-1,453,427,429,-1,453,429,454,-1,454,429,431,-1,454,431,455,-1,455,431,433,-1,455,433,456,-1,372,374,457,-1,457,374,376,-1,376,434,457,-1,457,434,435,-1,457,435,458,-1,458,435,436,-1,458,436,459,-1,459,436,437,-1,459,437,460,-1,460,437,438,-1,460,438,461,-1,461,438,439,-1,461,439,462,-1,462,439,440,-1,462,440,463,-1,463,440,441,-1,463,441,464,-1,464,441,442,-1,464,442,465,-1,465,442,443,-1,465,443,466,-1,466,443,444,-1,466,444,467,-1,467,444,445,-1,467,445,468,-1,468,445,446,-1,468,446,469,-1,469,446,447,-1,469,447,470,-1,470,447,448,-1,470,448,471,-1,471,448,449,-1,471,449,472,-1,472,449,450,-1,472,450,473,-1,473,450,451,-1,473,451,474,-1,474,451,452,-1,474,452,475,-1,475,452,453,-1,475,453,476,-1,476,453,454,-1,476,454,477,-1,477,454,455,-1,477,455,478,-1,478,455,456,-1,478,456,479,-1,368,370,480,-1,480,370,372,-1,372,457,480,-1,480,457,458,-1,480,458,481,-1,481,458,459,-1,481,459,482,-1,482,459,460,-1,482,460,483,-1,483,460,461,-1,483,461,484,-1,484,461,462,-1,484,462,485,-1,485,462,463,-1,485,463,486,-1,486,463,464,-1,486,464,487,-1,487,464,465,-1,487,465,488,-1,488,465,466,-1,488,466,489,-1,489,466,467,-1,489,467,490,-1,490,467,468,-1,490,468,491,-1,491,468,469,-1,491,469,492,-1,492,469,470,-1,492,470,493,-1,493,470,471,-1,493,471,494,-1,494,471,472,-1,494,472,495,-1,495,472,473,-1,495,473,496,-1,496,473,474,-1,496,474,497,-1,497,474,475,-1,497,475,498,-1,498,475,476,-1,498,476,499,-1,499,476,477,-1,499,477,500,-1,500,477,478,-1,500,478,501,-1,501,478,479,-1,501,479,502,-1,365,366,503,-1,503,366,368,-1,368,480,503,-1,503,480,481,-1,503,481,504,-1,504,481,482,-1,504,482,505,-1,505,482,483,-1,505,483,506,-1,506,483,484,-1,506,484,507,-1,507,484,485,-1,507,485,508,-1,508,485,486,-1,508,486,509,-1,509,486,487,-1,509,487,510,-1,510,487,488,-1,510,488,511,-1,511,488,489,-1,511,489,512,-1,512,489,490,-1,512,490,513,-1,513,490,491,-1,513,491,514,-1,514,491,492,-1,514,492,515,-1,515,492,493,-1,515,493,516,-1,516,493,494,-1,516,494,517,-1,517,494,495,-1,517,495,518,-1,518,495,496,-1,518,496,519,-1,519,496,497,-1,519,497,520,-1,520,497,498,-1,520,498,521,-1,521,498,499,-1,521,499,522,-1,522,499,500,-1,522,500,523,-1,523,500,501,-1,523,501,524,-1,524,501,502,-1,524,502,525,-1,526,364,365,-1,365,503,526,-1,526,503,504,-1,526,504,527,-1,527,504,505,-1,527,505,528,-1,528,505,506,-1,528,506,529,-1,529,506,507,-1,529,507,530,-1,530,507,508,-1,530,508,531,-1,531,508,509,-1,531,509,532,-1,532,509,510,-1,532,510,533,-1,533,510,511,-1,533,511,534,-1,534,511,512,-1,534,512,535,-1,535,512,513,-1,535,513,536,-1,536,513,514,-1,536,514,537,-1,537,514,515,-1,537,515,538,-1,538,515,516,-1,538,516,539,-1,539,516,517,-1,539,517,540,-1,540,517,518,-1,540,518,541,-1,541,518,519,-1,541,519,542,-1,542,519,520,-1,542,520,543,-1,543,520,521,-1,543,521,544,-1,544,521,522,-1,544,522,545,-1,545,522,523,-1,545,523,546,-1,546,523,524,-1,546,524,547,-1,547,524,525,-1,547,525,548,-1,549,550,551,-1,550,552,553,-1,554,555,556,-1,557,558,559,-1,557,559,560,-1,560,559,561,-1,560,561,562,-1,562,561,563,-1,562,563,564,-1,564,563,565,-1,564,565,566,-1,566,565,567,-1,566,567,568,-1,568,567,569,-1,568,569,570,-1,570,569,571,-1,570,571,572,-1,572,571,573,-1,572,573,574,-1,574,573,575,-1,574,575,576,-1,576,575,577,-1,576,577,578,-1,578,577,579,-1,578,579,580,-1,580,579,581,-1,580,581,582,-1,582,581,583,-1,582,583,584,-1,584,583,585,-1,584,585,586,-1,586,585,587,-1,586,587,588,-1,588,587,589,-1,588,589,590,-1,590,589,591,-1,590,591,592,-1,592,591,593,-1,592,593,594,-1,594,593,595,-1,594,595,596,-1,596,595,597,-1,596,597,598,-1,598,597,599,-1,598,599,600,-1,600,599,601,-1,600,601,602,-1,601,386,385,-1,601,385,602,-1,602,385,383,-1,602,383,381,-1,381,603,602,-1,602,603,604,-1,602,604,600,-1,600,604,605,-1,600,605,598,-1,598,605,606,-1,598,606,596,-1,596,606,607,-1,596,607,594,-1,594,607,608,-1,594,608,592,-1,592,608,609,-1,592,609,590,-1,590,609,610,-1,590,610,588,-1,588,610,611,-1,588,611,586,-1,586,611,612,-1,586,612,584,-1,584,612,613,-1,584,613,582,-1,582,613,614,-1,582,614,580,-1,580,614,615,-1,580,615,578,-1,578,615,616,-1,578,616,576,-1,576,616,617,-1,576,617,574,-1,574,617,618,-1,574,618,572,-1,572,618,619,-1,572,619,570,-1,570,619,620,-1,570,620,568,-1,568,620,621,-1,568,621,566,-1,566,621,622,-1,566,622,564,-1,564,622,623,-1,564,623,562,-1,562,623,556,-1,562,556,560,-1,560,556,555,-1,560,555,557,-1,554,556,624,-1,624,556,623,-1,624,623,625,-1,625,623,622,-1,625,622,626,-1,626,622,621,-1,626,621,627,-1,627,621,620,-1,627,620,628,-1,628,620,619,-1,628,619,629,-1,629,619,618,-1,629,618,630,-1,630,618,617,-1,630,617,631,-1,631,617,616,-1,631,616,632,-1,632,616,615,-1,632,615,633,-1,633,615,614,-1,633,614,634,-1,634,614,613,-1,634,613,635,-1,635,613,612,-1,635,612,636,-1,636,612,611,-1,636,611,637,-1,637,611,610,-1,637,610,638,-1,638,610,609,-1,638,609,639,-1,639,609,608,-1,639,608,640,-1,640,608,607,-1,640,607,641,-1,641,607,606,-1,641,606,642,-1,642,606,605,-1,642,605,643,-1,643,605,604,-1,643,604,644,-1,644,604,603,-1,644,603,645,-1,381,379,603,-1,603,379,377,-1,603,377,645,-1,645,377,375,-1,645,375,373,-1,373,646,645,-1,645,646,647,-1,645,647,644,-1,644,647,648,-1,644,648,643,-1,643,648,649,-1,643,649,642,-1,642,649,650,-1,642,650,641,-1,641,650,651,-1,641,651,640,-1,640,651,652,-1,640,652,639,-1,639,652,653,-1,639,653,638,-1,638,653,654,-1,638,654,637,-1,637,654,655,-1,637,655,636,-1,636,655,656,-1,636,656,635,-1,635,656,657,-1,635,657,634,-1,634,657,658,-1,634,658,633,-1,633,658,659,-1,633,659,632,-1,632,659,660,-1,632,660,631,-1,631,660,661,-1,631,661,630,-1,630,661,662,-1,630,662,629,-1,629,662,663,-1,629,663,628,-1,628,663,664,-1,628,664,627,-1,627,664,665,-1,627,665,626,-1,626,665,666,-1,626,666,625,-1,625,666,553,-1,625,553,624,-1,624,553,552,-1,624,552,554,-1,550,553,551,-1,551,553,666,-1,551,666,667,-1,667,666,665,-1,667,665,668,-1,668,665,664,-1,668,664,669,-1,669,664,663,-1,669,663,670,-1,670,663,662,-1,670,662,671,-1,671,662,661,-1,671,661,672,-1,672,661,660,-1,672,660,673,-1,673,660,659,-1,673,659,674,-1,674,659,658,-1,674,658,675,-1,675,658,657,-1,675,657,676,-1,676,657,656,-1,676,656,677,-1,677,656,655,-1,677,655,678,-1,678,655,654,-1,678,654,679,-1,679,654,653,-1,679,653,680,-1,680,653,652,-1,680,652,681,-1,681,652,651,-1,681,651,682,-1,682,651,650,-1,682,650,683,-1,683,650,649,-1,683,649,684,-1,684,649,648,-1,684,648,685,-1,685,648,647,-1,685,647,686,-1,686,647,646,-1,686,646,687,-1,373,371,646,-1,646,371,369,-1,646,369,687,-1,687,369,367,-1,687,367,363,-1,549,551,688,-1,688,551,667,-1,688,667,689,-1,689,667,668,-1,689,668,690,-1,690,668,669,-1,690,669,691,-1,691,669,670,-1,691,670,692,-1,692,670,671,-1,692,671,693,-1,693,671,672,-1,693,672,694,-1,694,672,673,-1,694,673,695,-1,695,673,674,-1,695,674,696,-1,696,674,675,-1,696,675,697,-1,697,675,676,-1,697,676,698,-1,698,676,677,-1,698,677,699,-1,699,677,678,-1,699,678,700,-1,700,678,679,-1,700,679,701,-1,701,679,680,-1,701,680,702,-1,702,680,681,-1,702,681,703,-1,703,681,682,-1,703,682,704,-1,704,682,683,-1,704,683,705,-1,705,683,684,-1,705,684,706,-1,706,684,685,-1,706,685,707,-1,707,685,686,-1,707,686,708,-1,708,686,687,-1,708,687,709,-1,709,687,363,-1,709,363,362,-1,549,548,525,-1,549,525,550,-1,550,525,502,-1,550,502,552,-1,552,502,479,-1,552,479,554,-1,554,479,456,-1,554,456,555,-1,555,456,433,-1,555,433,557,-1,557,433,432,-1,557,432,558,-1,432,387,558,-1,558,387,386,-1,558,386,559,-1,599,597,583,-1,387,420,418,-1,418,416,387,-1,387,416,414,-1,387,414,412,-1,581,579,386,-1,386,579,577,-1,571,569,386,-1,386,569,567,-1,386,567,565,-1,412,410,387,-1,387,410,408,-1,387,408,388,-1,388,408,390,-1,581,386,583,-1,583,386,601,-1,583,601,599,-1,577,575,386,-1,386,575,573,-1,386,573,571,-1,565,563,386,-1,386,563,561,-1,386,561,559,-1,432,430,387,-1,387,430,428,-1,387,428,426,-1,426,424,387,-1,387,424,422,-1,387,422,420,-1,595,593,591,-1,591,589,595,-1,595,589,587,-1,595,587,597,-1,597,587,585,-1,597,585,583,-1,404,402,400,-1,408,398,396,-1,396,394,408,-1,408,394,392,-1,408,392,390,-1,398,408,400,-1,400,408,406,-1,400,406,404,-1,179,180,174,-1,170,171,180,-1,339,353,194,-1,194,353,354,-1,354,355,194,-1,194,355,356,-1,194,356,357,-1,339,340,353,-1,353,340,341,-1,353,341,342,-1,342,343,353,-1,353,343,344,-1,353,344,345,-1,353,348,349,-1,349,350,353,-1,353,350,351,-1,353,351,352,-1,357,358,194,-1,194,358,359,-1,194,359,360,-1,360,361,194,-1,194,361,181,-1,194,181,180,-1,180,181,157,-1,180,157,156,-1,156,158,180,-1,180,158,159,-1,180,159,160,-1,166,167,180,-1,175,176,177,-1,345,346,353,-1,353,346,347,-1,353,347,348,-1,167,168,180,-1,180,168,169,-1,180,169,170,-1,171,172,180,-1,180,172,173,-1,180,173,174,-1,175,177,174,-1,174,177,178,-1,174,178,179,-1,160,161,180,-1,180,161,162,-1,180,162,163,-1,163,164,180,-1,180,164,165,-1,180,165,166,-1,710,711,712,-1,712,711,713,-1,714,715,716,-1,716,715,717,-1,716,717,718,-1,718,717,719,-1,718,719,720,-1,719,721,720,-1,720,721,722,-1,720,722,710,-1,710,722,723,-1,710,723,711,-1,724,725,726,-1,726,725,727,-1,726,727,728,-1,728,727,729,-1,728,729,730,-1,730,729,731,-1,730,731,732,-1,732,731,733,-1,732,733,734,-1,734,733,735,-1,735,733,736,-1,736,733,737,-1,738,739,740,-1,741,742,743,-1,743,742,744,-1,743,744,745,-1,745,744,746,-1,745,746,747,-1,747,746,748,-1,747,748,749,-1,749,748,750,-1,749,750,751,-1,751,750,752,-1,751,752,753,-1,753,752,754,-1,753,754,755,-1,755,754,756,-1,755,756,757,-1,757,756,758,-1,757,758,759,-1,738,740,760,-1,760,740,761,-1,760,761,762,-1,762,761,763,-1,762,763,764,-1,764,763,765,-1,764,765,766,-1,766,765,767,-1,766,767,768,-1,768,767,769,-1,768,769,770,-1,770,769,771,-1,770,771,741,-1,741,771,772,-1,741,772,742,-1,737,773,736,-1,736,773,774,-1,736,774,775,-1,775,774,776,-1,739,738,777,-1,777,738,778,-1,777,778,779,-1,779,778,780,-1,779,780,781,-1,781,780,782,-1,781,782,783,-1,783,782,784,-1,783,784,785,-1,785,784,786,-1,785,786,787,-1,787,786,788,-1,787,788,789,-1,789,788,790,-1,789,790,791,-1,791,790,792,-1,791,792,793,-1,793,792,794,-1,794,792,795,-1,794,795,796,-1,796,795,797,-1,796,797,798,-1,798,797,799,-1,798,799,800,-1,800,799,801,-1,800,801,802,-1,802,801,803,-1,802,803,804,-1,804,803,805,-1,804,805,806,-1,806,805,807,-1,806,807,713,-1,713,807,808,-1,713,808,712,-1,758,809,759,-1,759,809,810,-1,759,810,811,-1,811,810,812,-1,811,812,813,-1,813,812,814,-1,813,814,815,-1,815,814,816,-1,815,816,817,-1,817,816,818,-1,817,818,819,-1,819,818,820,-1,819,820,821,-1,821,820,822,-1,821,822,776,-1,776,822,823,-1,776,823,775,-1,824,825,826,-1,826,825,827,-1,826,827,828,-1,828,827,829,-1,828,829,830,-1,830,829,831,-1,830,831,832,-1,832,831,833,-1,832,833,834,-1,834,833,835,-1,834,835,836,-1,836,835,837,-1,836,837,838,-1,838,837,839,-1,838,839,840,-1,841,842,843,-1,843,842,844,-1,843,844,845,-1,845,844,846,-1,845,846,847,-1,847,846,848,-1,847,848,849,-1,849,848,850,-1,849,850,851,-1,851,850,852,-1,839,853,840,-1,840,853,854,-1,840,854,855,-1,855,854,856,-1,855,856,857,-1,857,856,858,-1,857,858,859,-1,859,858,860,-1,859,860,861,-1,861,860,862,-1,861,862,863,-1,863,862,864,-1,863,864,865,-1,865,864,866,-1,865,866,867,-1,867,866,868,-1,867,868,852,-1,852,868,869,-1,852,869,851,-1,870,871,872,-1,872,871,873,-1,872,873,874,-1,874,873,875,-1,874,875,876,-1,876,875,877,-1,876,877,878,-1,878,877,879,-1,878,879,880,-1,880,879,881,-1,880,881,882,-1,882,881,883,-1,882,883,824,-1,824,883,884,-1,824,884,825,-1,885,886,887,-1,887,886,888,-1,887,888,889,-1,889,888,890,-1,889,890,891,-1,891,890,892,-1,891,892,893,-1,893,892,894,-1,893,894,895,-1,895,894,896,-1,895,896,897,-1,897,896,898,-1,897,898,899,-1,899,898,900,-1,899,900,901,-1,902,903,904,-1,904,903,905,-1,904,905,906,-1,906,905,907,-1,906,907,908,-1,908,907,909,-1,908,909,885,-1,885,909,910,-1,885,910,886,-1,900,911,901,-1,901,911,912,-1,901,912,913,-1,913,912,914,-1,913,914,915,-1,915,914,916,-1,915,916,917,-1,917,916,918,-1,917,918,919,-1,919,918,920,-1,919,920,921,-1,921,920,922,-1,921,922,923,-1,923,922,924,-1,923,924,925,-1,925,924,926,-1,925,926,927,-1,927,926,928,-1,927,928,870,-1,870,928,929,-1,870,929,871,-1,216,214,879,-1,879,208,206,-1,8,6,769,-1,222,220,879,-1,879,220,218,-1,879,218,216,-1,214,212,879,-1,879,212,210,-1,879,210,208,-1,48,46,767,-1,767,46,44,-1,767,44,42,-1,234,232,877,-1,877,232,230,-1,230,228,877,-1,877,228,226,-1,877,226,879,-1,879,226,224,-1,879,224,222,-1,206,204,879,-1,879,204,200,-1,879,200,767,-1,767,200,50,-1,767,50,48,-1,36,34,767,-1,767,34,32,-1,767,32,30,-1,877,248,246,-1,42,40,767,-1,767,40,38,-1,767,38,36,-1,769,22,20,-1,6,2,769,-1,769,2,1,-1,769,1,877,-1,877,1,193,-1,877,193,248,-1,246,244,877,-1,877,244,242,-1,877,242,240,-1,240,238,877,-1,877,238,236,-1,877,236,234,-1,30,28,767,-1,767,28,26,-1,767,26,769,-1,769,26,24,-1,769,24,22,-1,20,18,769,-1,769,18,16,-1,769,16,14,-1,14,12,769,-1,769,12,10,-1,769,10,8,-1,879,767,765,-1,879,765,881,-1,881,765,763,-1,881,763,883,-1,883,763,761,-1,883,761,884,-1,884,761,740,-1,884,740,825,-1,825,740,739,-1,825,739,827,-1,827,739,777,-1,827,777,829,-1,829,777,779,-1,829,779,831,-1,833,831,781,-1,781,831,779,-1,806,713,711,-1,715,841,843,-1,715,843,717,-1,717,843,845,-1,717,845,719,-1,719,845,847,-1,719,847,721,-1,721,847,849,-1,721,849,722,-1,722,849,851,-1,722,851,723,-1,723,851,711,-1,711,851,869,-1,711,869,806,-1,806,869,868,-1,806,868,804,-1,804,868,866,-1,804,866,802,-1,802,866,864,-1,802,864,800,-1,800,864,862,-1,800,862,798,-1,798,862,860,-1,798,860,796,-1,796,860,858,-1,796,858,794,-1,794,858,856,-1,794,856,793,-1,793,856,854,-1,793,854,791,-1,791,854,853,-1,791,853,789,-1,789,853,839,-1,789,839,787,-1,787,839,837,-1,787,837,785,-1,785,837,835,-1,785,835,783,-1,783,835,833,-1,783,833,781,-1,841,715,842,-1,842,715,714,-1,710,712,808,-1,842,714,844,-1,844,714,716,-1,844,716,846,-1,846,716,718,-1,846,718,848,-1,848,718,720,-1,848,720,850,-1,720,710,850,-1,850,710,808,-1,850,808,852,-1,852,808,807,-1,852,807,867,-1,867,807,805,-1,867,805,865,-1,865,805,803,-1,865,803,863,-1,863,803,801,-1,863,801,861,-1,861,801,799,-1,861,799,859,-1,859,799,797,-1,859,797,857,-1,857,797,795,-1,857,795,855,-1,855,795,792,-1,855,792,840,-1,840,792,790,-1,840,790,838,-1,838,790,788,-1,838,788,836,-1,836,788,786,-1,836,786,834,-1,834,786,784,-1,834,784,832,-1,832,784,782,-1,830,832,780,-1,780,832,782,-1,830,780,828,-1,828,780,778,-1,828,778,826,-1,826,778,738,-1,826,738,824,-1,824,738,760,-1,824,760,882,-1,882,760,762,-1,882,762,880,-1,880,762,764,-1,880,764,878,-1,878,764,766,-1,876,768,874,-1,874,768,770,-1,874,770,872,-1,872,770,741,-1,872,741,870,-1,870,741,743,-1,870,743,927,-1,927,743,745,-1,927,745,925,-1,925,745,747,-1,925,747,923,-1,923,747,749,-1,921,923,751,-1,751,923,749,-1,725,902,727,-1,727,902,904,-1,727,904,729,-1,729,904,906,-1,729,906,731,-1,731,906,908,-1,731,908,733,-1,733,908,885,-1,921,751,919,-1,919,751,753,-1,919,753,917,-1,917,753,755,-1,917,755,915,-1,915,755,757,-1,915,757,913,-1,913,757,759,-1,913,759,901,-1,901,759,811,-1,901,811,899,-1,899,811,813,-1,899,813,897,-1,897,813,815,-1,897,815,895,-1,895,815,817,-1,895,817,893,-1,893,817,819,-1,893,819,891,-1,891,819,821,-1,891,821,889,-1,889,821,776,-1,889,776,887,-1,887,776,774,-1,887,774,885,-1,885,774,773,-1,885,773,733,-1,733,773,737,-1,902,725,903,-1,903,725,724,-1,735,736,775,-1,734,735,888,-1,888,886,734,-1,734,886,910,-1,734,910,732,-1,732,910,909,-1,732,909,730,-1,730,909,907,-1,730,907,728,-1,728,907,905,-1,728,905,726,-1,726,905,903,-1,726,903,724,-1,735,775,888,-1,888,775,823,-1,888,823,890,-1,890,823,822,-1,890,822,892,-1,892,822,820,-1,892,820,894,-1,894,820,818,-1,894,818,896,-1,896,818,816,-1,896,816,898,-1,898,816,814,-1,898,814,900,-1,900,814,812,-1,900,812,911,-1,911,812,810,-1,911,810,912,-1,912,810,809,-1,912,809,914,-1,914,809,758,-1,914,758,916,-1,916,758,756,-1,916,756,918,-1,918,756,754,-1,918,754,920,-1,920,754,752,-1,920,752,922,-1,924,922,750,-1,750,922,752,-1,924,750,748,-1,924,748,926,-1,926,748,746,-1,926,746,928,-1,928,746,744,-1,928,744,929,-1,929,744,742,-1,929,742,871,-1,871,742,772,-1,871,772,873,-1,873,772,771,-1,873,771,875,-1,875,771,769,-1,875,769,877,-1,700,701,766,-1,695,696,768,-1,701,702,766,-1,766,702,703,-1,766,703,704,-1,766,707,708,-1,528,878,527,-1,527,878,526,-1,696,697,768,-1,768,697,698,-1,768,698,766,-1,766,698,699,-1,766,699,700,-1,704,705,766,-1,766,705,706,-1,766,706,707,-1,528,529,878,-1,878,529,530,-1,878,530,531,-1,531,532,878,-1,878,532,533,-1,878,533,534,-1,708,709,766,-1,766,709,362,-1,766,362,878,-1,878,362,364,-1,878,364,526,-1,538,539,876,-1,876,539,540,-1,876,540,541,-1,544,545,876,-1,876,545,546,-1,688,689,768,-1,534,535,878,-1,878,535,536,-1,878,536,876,-1,876,536,537,-1,876,537,538,-1,541,542,876,-1,876,542,543,-1,876,543,544,-1,689,690,768,-1,768,690,691,-1,768,691,692,-1,546,547,876,-1,876,547,548,-1,876,548,768,-1,768,548,549,-1,768,549,688,-1,692,693,768,-1,768,693,694,-1,768,694,695,-1,930,931,932,-1,931,933,934,-1,935,936,937,-1,938,939,940,-1,938,940,941,-1,941,940,942,-1,941,942,943,-1,943,942,944,-1,943,944,945,-1,945,944,946,-1,945,946,947,-1,947,946,948,-1,947,948,949,-1,949,948,950,-1,949,950,951,-1,951,950,952,-1,951,952,953,-1,953,952,954,-1,953,954,955,-1,955,954,956,-1,955,956,957,-1,957,956,958,-1,957,958,959,-1,959,958,960,-1,959,960,961,-1,961,960,962,-1,961,962,963,-1,963,962,964,-1,963,964,965,-1,965,964,966,-1,965,966,967,-1,967,966,968,-1,967,968,969,-1,969,968,970,-1,969,970,971,-1,971,970,972,-1,971,972,973,-1,973,972,974,-1,973,974,975,-1,975,974,976,-1,975,976,977,-1,977,976,978,-1,977,978,979,-1,979,978,980,-1,979,980,981,-1,981,980,982,-1,981,982,983,-1,983,982,984,-1,983,984,985,-1,984,986,987,-1,984,987,985,-1,985,987,988,-1,985,988,989,-1,989,990,985,-1,985,990,991,-1,985,991,983,-1,983,991,992,-1,983,992,981,-1,981,992,993,-1,981,993,979,-1,979,993,994,-1,979,994,977,-1,977,994,995,-1,977,995,975,-1,975,995,996,-1,975,996,973,-1,973,996,997,-1,973,997,971,-1,971,997,998,-1,971,998,969,-1,969,998,999,-1,969,999,967,-1,967,999,1000,-1,967,1000,965,-1,965,1000,1001,-1,965,1001,963,-1,963,1001,1002,-1,963,1002,961,-1,961,1002,1003,-1,961,1003,959,-1,959,1003,1004,-1,959,1004,957,-1,957,1004,1005,-1,957,1005,955,-1,955,1005,1006,-1,955,1006,953,-1,953,1006,1007,-1,953,1007,951,-1,951,1007,1008,-1,951,1008,949,-1,949,1008,1009,-1,949,1009,947,-1,947,1009,1010,-1,947,1010,945,-1,945,1010,1011,-1,945,1011,943,-1,943,1011,937,-1,943,937,941,-1,941,937,936,-1,941,936,938,-1,935,937,1012,-1,1012,937,1011,-1,1012,1011,1013,-1,1013,1011,1010,-1,1013,1010,1014,-1,1014,1010,1009,-1,1014,1009,1015,-1,1015,1009,1008,-1,1015,1008,1016,-1,1016,1008,1007,-1,1016,1007,1017,-1,1017,1007,1006,-1,1017,1006,1018,-1,1018,1006,1005,-1,1018,1005,1019,-1,1019,1005,1004,-1,1019,1004,1020,-1,1020,1004,1003,-1,1020,1003,1021,-1,1021,1003,1002,-1,1021,1002,1022,-1,1022,1002,1001,-1,1022,1001,1023,-1,1023,1001,1000,-1,1023,1000,1024,-1,1024,1000,999,-1,1024,999,1025,-1,1025,999,998,-1,1025,998,1026,-1,1026,998,997,-1,1026,997,1027,-1,1027,997,996,-1,1027,996,1028,-1,1028,996,995,-1,1028,995,1029,-1,1029,995,994,-1,1029,994,1030,-1,1030,994,993,-1,1030,993,1031,-1,1031,993,992,-1,1031,992,1032,-1,1032,992,991,-1,1032,991,1033,-1,1033,991,990,-1,1033,990,1034,-1,989,1035,990,-1,990,1035,1036,-1,990,1036,1034,-1,1034,1036,1037,-1,1034,1037,1038,-1,1038,1039,1034,-1,1034,1039,1040,-1,1034,1040,1033,-1,1033,1040,1041,-1,1033,1041,1032,-1,1032,1041,1042,-1,1032,1042,1031,-1,1031,1042,1043,-1,1031,1043,1030,-1,1030,1043,1044,-1,1030,1044,1029,-1,1029,1044,1045,-1,1029,1045,1028,-1,1028,1045,1046,-1,1028,1046,1027,-1,1027,1046,1047,-1,1027,1047,1026,-1,1026,1047,1048,-1,1026,1048,1025,-1,1025,1048,1049,-1,1025,1049,1024,-1,1024,1049,1050,-1,1024,1050,1023,-1,1023,1050,1051,-1,1023,1051,1022,-1,1022,1051,1052,-1,1022,1052,1021,-1,1021,1052,1053,-1,1021,1053,1020,-1,1020,1053,1054,-1,1020,1054,1019,-1,1019,1054,1055,-1,1019,1055,1018,-1,1018,1055,1056,-1,1018,1056,1017,-1,1017,1056,1057,-1,1017,1057,1016,-1,1016,1057,1058,-1,1016,1058,1015,-1,1015,1058,1059,-1,1015,1059,1014,-1,1014,1059,1060,-1,1014,1060,1013,-1,1013,1060,934,-1,1013,934,1012,-1,1012,934,933,-1,1012,933,935,-1,931,934,932,-1,932,934,1060,-1,932,1060,1061,-1,1061,1060,1059,-1,1061,1059,1062,-1,1062,1059,1058,-1,1062,1058,1063,-1,1063,1058,1057,-1,1063,1057,1064,-1,1064,1057,1056,-1,1064,1056,1065,-1,1065,1056,1055,-1,1065,1055,1066,-1,1066,1055,1054,-1,1066,1054,1067,-1,1067,1054,1053,-1,1067,1053,1068,-1,1068,1053,1052,-1,1068,1052,1069,-1,1069,1052,1051,-1,1069,1051,1070,-1,1070,1051,1050,-1,1070,1050,1071,-1,1071,1050,1049,-1,1071,1049,1072,-1,1072,1049,1048,-1,1072,1048,1073,-1,1073,1048,1047,-1,1073,1047,1074,-1,1074,1047,1046,-1,1074,1046,1075,-1,1075,1046,1045,-1,1075,1045,1076,-1,1076,1045,1044,-1,1076,1044,1077,-1,1077,1044,1043,-1,1077,1043,1078,-1,1078,1043,1042,-1,1078,1042,1079,-1,1079,1042,1041,-1,1079,1041,1080,-1,1080,1041,1040,-1,1080,1040,1081,-1,1081,1040,1039,-1,1081,1039,1082,-1,1038,1083,1039,-1,1039,1083,1084,-1,1039,1084,1082,-1,1082,1084,1085,-1,1082,1085,1086,-1,930,932,1087,-1,1087,932,1061,-1,1087,1061,1088,-1,1088,1061,1062,-1,1088,1062,1089,-1,1089,1062,1063,-1,1089,1063,1090,-1,1090,1063,1064,-1,1090,1064,1091,-1,1091,1064,1065,-1,1091,1065,1092,-1,1092,1065,1066,-1,1092,1066,1093,-1,1093,1066,1067,-1,1093,1067,1094,-1,1094,1067,1068,-1,1094,1068,1095,-1,1095,1068,1069,-1,1095,1069,1096,-1,1096,1069,1070,-1,1096,1070,1097,-1,1097,1070,1071,-1,1097,1071,1098,-1,1098,1071,1072,-1,1098,1072,1099,-1,1099,1072,1073,-1,1099,1073,1100,-1,1100,1073,1074,-1,1100,1074,1101,-1,1101,1074,1075,-1,1101,1075,1102,-1,1102,1075,1076,-1,1102,1076,1103,-1,1103,1076,1077,-1,1103,1077,1104,-1,1104,1077,1078,-1,1104,1078,1105,-1,1105,1078,1079,-1,1105,1079,1106,-1,1106,1079,1080,-1,1106,1080,1107,-1,1107,1080,1081,-1,1107,1081,1108,-1,1108,1081,1082,-1,1108,1082,1109,-1,1109,1082,1086,-1,1109,1086,1110,-1,1111,1112,986,-1,986,1112,987,-1,987,1112,988,-1,988,1112,1113,-1,988,1113,989,-1,989,1113,1114,-1,989,1114,1035,-1,1035,1114,1115,-1,1035,1115,1036,-1,1036,1115,1116,-1,1036,1116,1037,-1,1037,1116,1117,-1,1037,1117,1038,-1,1038,1117,1118,-1,1038,1118,1083,-1,1083,1118,1119,-1,1083,1119,1084,-1,1084,1119,1120,-1,1084,1120,1085,-1,1085,1120,1121,-1,1085,1121,1086,-1,1121,1122,1086,-1,1086,1122,1123,-1,1086,1123,1110,-1,1124,939,938,-1,1124,938,1125,-1,1125,938,936,-1,1125,936,1126,-1,1126,936,935,-1,1126,935,1127,-1,1127,935,933,-1,1127,933,1128,-1,1128,933,931,-1,1128,931,1129,-1,1129,931,930,-1,1129,930,1130,-1,1112,1111,1131,-1,1114,1113,1132,-1,1132,1113,1112,-1,1112,1131,1132,-1,1132,1131,1133,-1,1132,1133,1134,-1,1134,1133,1135,-1,1134,1135,1136,-1,1136,1135,1137,-1,1136,1137,1138,-1,1138,1137,1139,-1,1138,1139,1140,-1,1140,1139,1141,-1,1140,1141,1142,-1,1142,1141,1143,-1,1142,1143,1144,-1,1144,1143,1145,-1,1144,1145,1146,-1,1146,1145,1147,-1,1146,1147,1148,-1,1148,1147,1149,-1,1148,1149,1150,-1,1150,1149,1151,-1,1150,1151,1152,-1,1152,1151,1153,-1,1152,1153,1154,-1,1154,1153,1155,-1,1154,1155,1156,-1,1156,1155,1157,-1,1156,1157,1158,-1,1158,1157,1159,-1,1158,1159,1160,-1,1160,1159,1161,-1,1160,1161,1162,-1,1162,1161,1163,-1,1162,1163,1164,-1,1164,1163,1165,-1,1164,1165,1166,-1,1166,1165,1167,-1,1166,1167,1168,-1,1168,1167,1169,-1,1168,1169,1170,-1,1170,1169,1171,-1,1170,1171,1172,-1,1172,1171,1173,-1,1172,1173,1174,-1,1174,1173,1175,-1,1174,1175,1176,-1,1176,1175,1124,-1,1176,1124,1125,-1,1116,1115,1177,-1,1177,1115,1114,-1,1114,1132,1177,-1,1177,1132,1134,-1,1177,1134,1178,-1,1178,1134,1136,-1,1178,1136,1179,-1,1179,1136,1138,-1,1179,1138,1180,-1,1180,1138,1140,-1,1180,1140,1181,-1,1181,1140,1142,-1,1181,1142,1182,-1,1182,1142,1144,-1,1182,1144,1183,-1,1183,1144,1146,-1,1183,1146,1184,-1,1184,1146,1148,-1,1184,1148,1185,-1,1185,1148,1150,-1,1185,1150,1186,-1,1186,1150,1152,-1,1186,1152,1187,-1,1187,1152,1154,-1,1187,1154,1188,-1,1188,1154,1156,-1,1188,1156,1189,-1,1189,1156,1158,-1,1189,1158,1190,-1,1190,1158,1160,-1,1190,1160,1191,-1,1191,1160,1162,-1,1191,1162,1192,-1,1192,1162,1164,-1,1192,1164,1193,-1,1193,1164,1166,-1,1193,1166,1194,-1,1194,1166,1168,-1,1194,1168,1195,-1,1195,1168,1170,-1,1195,1170,1196,-1,1196,1170,1172,-1,1196,1172,1197,-1,1197,1172,1174,-1,1197,1174,1198,-1,1198,1174,1176,-1,1198,1176,1199,-1,1199,1176,1125,-1,1199,1125,1126,-1,1118,1117,1200,-1,1200,1117,1116,-1,1116,1177,1200,-1,1200,1177,1178,-1,1200,1178,1201,-1,1201,1178,1179,-1,1201,1179,1202,-1,1202,1179,1180,-1,1202,1180,1203,-1,1203,1180,1181,-1,1203,1181,1204,-1,1204,1181,1182,-1,1204,1182,1205,-1,1205,1182,1183,-1,1205,1183,1206,-1,1206,1183,1184,-1,1206,1184,1207,-1,1207,1184,1185,-1,1207,1185,1208,-1,1208,1185,1186,-1,1208,1186,1209,-1,1209,1186,1187,-1,1209,1187,1210,-1,1210,1187,1188,-1,1210,1188,1211,-1,1211,1188,1189,-1,1211,1189,1212,-1,1212,1189,1190,-1,1212,1190,1213,-1,1213,1190,1191,-1,1213,1191,1214,-1,1214,1191,1192,-1,1214,1192,1215,-1,1215,1192,1193,-1,1215,1193,1216,-1,1216,1193,1194,-1,1216,1194,1217,-1,1217,1194,1195,-1,1217,1195,1218,-1,1218,1195,1196,-1,1218,1196,1219,-1,1219,1196,1197,-1,1219,1197,1220,-1,1220,1197,1198,-1,1220,1198,1221,-1,1221,1198,1199,-1,1221,1199,1222,-1,1222,1199,1126,-1,1222,1126,1127,-1,1120,1119,1223,-1,1223,1119,1118,-1,1118,1200,1223,-1,1223,1200,1201,-1,1223,1201,1224,-1,1224,1201,1202,-1,1224,1202,1225,-1,1225,1202,1203,-1,1225,1203,1226,-1,1226,1203,1204,-1,1226,1204,1227,-1,1227,1204,1205,-1,1227,1205,1228,-1,1228,1205,1206,-1,1228,1206,1229,-1,1229,1206,1207,-1,1229,1207,1230,-1,1230,1207,1208,-1,1230,1208,1231,-1,1231,1208,1209,-1,1231,1209,1232,-1,1232,1209,1210,-1,1232,1210,1233,-1,1233,1210,1211,-1,1233,1211,1234,-1,1234,1211,1212,-1,1234,1212,1235,-1,1235,1212,1213,-1,1235,1213,1236,-1,1236,1213,1214,-1,1236,1214,1237,-1,1237,1214,1215,-1,1237,1215,1238,-1,1238,1215,1216,-1,1238,1216,1239,-1,1239,1216,1217,-1,1239,1217,1240,-1,1240,1217,1218,-1,1240,1218,1241,-1,1241,1218,1219,-1,1241,1219,1242,-1,1242,1219,1220,-1,1242,1220,1243,-1,1243,1220,1221,-1,1243,1221,1244,-1,1244,1221,1222,-1,1244,1222,1245,-1,1245,1222,1127,-1,1245,1127,1128,-1,1122,1121,1246,-1,1246,1121,1120,-1,1120,1223,1246,-1,1246,1223,1224,-1,1246,1224,1247,-1,1247,1224,1225,-1,1247,1225,1248,-1,1248,1225,1226,-1,1248,1226,1249,-1,1249,1226,1227,-1,1249,1227,1250,-1,1250,1227,1228,-1,1250,1228,1251,-1,1251,1228,1229,-1,1251,1229,1252,-1,1252,1229,1230,-1,1252,1230,1253,-1,1253,1230,1231,-1,1253,1231,1254,-1,1254,1231,1232,-1,1254,1232,1255,-1,1255,1232,1233,-1,1255,1233,1256,-1,1256,1233,1234,-1,1256,1234,1257,-1,1257,1234,1235,-1,1257,1235,1258,-1,1258,1235,1236,-1,1258,1236,1259,-1,1259,1236,1237,-1,1259,1237,1260,-1,1260,1237,1238,-1,1260,1238,1261,-1,1261,1238,1239,-1,1261,1239,1262,-1,1262,1239,1240,-1,1262,1240,1263,-1,1263,1240,1241,-1,1263,1241,1264,-1,1264,1241,1242,-1,1264,1242,1265,-1,1265,1242,1243,-1,1265,1243,1266,-1,1266,1243,1244,-1,1266,1244,1267,-1,1267,1244,1245,-1,1267,1245,1268,-1,1268,1245,1128,-1,1268,1128,1129,-1,1269,1123,1122,-1,1122,1246,1269,-1,1269,1246,1247,-1,1269,1247,1270,-1,1270,1247,1248,-1,1270,1248,1271,-1,1271,1248,1249,-1,1271,1249,1272,-1,1272,1249,1250,-1,1272,1250,1273,-1,1273,1250,1251,-1,1273,1251,1274,-1,1274,1251,1252,-1,1274,1252,1275,-1,1275,1252,1253,-1,1275,1253,1276,-1,1276,1253,1254,-1,1276,1254,1277,-1,1277,1254,1255,-1,1277,1255,1278,-1,1278,1255,1256,-1,1278,1256,1279,-1,1279,1256,1257,-1,1279,1257,1280,-1,1280,1257,1258,-1,1280,1258,1281,-1,1281,1258,1259,-1,1281,1259,1282,-1,1282,1259,1260,-1,1282,1260,1283,-1,1283,1260,1261,-1,1283,1261,1284,-1,1284,1261,1262,-1,1284,1262,1285,-1,1285,1262,1263,-1,1285,1263,1286,-1,1286,1263,1264,-1,1286,1264,1287,-1,1287,1264,1265,-1,1287,1265,1288,-1,1288,1265,1266,-1,1288,1266,1289,-1,1289,1266,1267,-1,1289,1267,1290,-1,1290,1267,1268,-1,1290,1268,1291,-1,1291,1268,1129,-1,1291,1129,1130,-1,1292,1293,1294,-1,1294,1293,1295,-1,1295,1293,1296,-1,1296,1293,1297,-1,1296,1297,1298,-1,1298,1297,1299,-1,1298,1299,1300,-1,1300,1299,1301,-1,1300,1301,1302,-1,1302,1301,1303,-1,1302,1303,1304,-1,1304,1303,1305,-1,1304,1305,1306,-1,1306,1305,1307,-1,1306,1307,1308,-1,1308,1307,1309,-1,1308,1309,1310,-1,1310,1309,1311,-1,1310,1311,1312,-1,1312,1311,1313,-1,1312,1313,1314,-1,1313,1315,1314,-1,1314,1315,1316,-1,1314,1316,1317,-1,1318,1319,1320,-1,1319,1321,1322,-1,1323,1324,1325,-1,1326,1327,1328,-1,1326,1328,1329,-1,1329,1328,1330,-1,1329,1330,1331,-1,1331,1330,1332,-1,1331,1332,1333,-1,1333,1332,1334,-1,1333,1334,1335,-1,1335,1334,1336,-1,1335,1336,1337,-1,1337,1336,1338,-1,1337,1338,1339,-1,1339,1338,1340,-1,1339,1340,1341,-1,1341,1340,1342,-1,1341,1342,1343,-1,1343,1342,1344,-1,1343,1344,1345,-1,1345,1344,1346,-1,1345,1346,1347,-1,1347,1346,1348,-1,1347,1348,1349,-1,1349,1348,1350,-1,1349,1350,1351,-1,1351,1350,1352,-1,1351,1352,1353,-1,1353,1352,1354,-1,1353,1354,1355,-1,1355,1354,1356,-1,1355,1356,1357,-1,1357,1356,1358,-1,1357,1358,1359,-1,1359,1358,1360,-1,1359,1360,1361,-1,1361,1360,1362,-1,1361,1362,1363,-1,1363,1362,1364,-1,1363,1364,1365,-1,1365,1364,1366,-1,1365,1366,1367,-1,1367,1366,1368,-1,1367,1368,1369,-1,1369,1368,1370,-1,1369,1370,1371,-1,1370,1294,1295,-1,1370,1295,1371,-1,1371,1295,1296,-1,1371,1296,1298,-1,1298,1372,1371,-1,1371,1372,1373,-1,1371,1373,1369,-1,1369,1373,1374,-1,1369,1374,1367,-1,1367,1374,1375,-1,1367,1375,1365,-1,1365,1375,1376,-1,1365,1376,1363,-1,1363,1376,1377,-1,1363,1377,1361,-1,1361,1377,1378,-1,1361,1378,1359,-1,1359,1378,1379,-1,1359,1379,1357,-1,1357,1379,1380,-1,1357,1380,1355,-1,1355,1380,1381,-1,1355,1381,1353,-1,1353,1381,1382,-1,1353,1382,1351,-1,1351,1382,1383,-1,1351,1383,1349,-1,1349,1383,1384,-1,1349,1384,1347,-1,1347,1384,1385,-1,1347,1385,1345,-1,1345,1385,1386,-1,1345,1386,1343,-1,1343,1386,1387,-1,1343,1387,1341,-1,1341,1387,1388,-1,1341,1388,1339,-1,1339,1388,1389,-1,1339,1389,1337,-1,1337,1389,1390,-1,1337,1390,1335,-1,1335,1390,1391,-1,1335,1391,1333,-1,1333,1391,1392,-1,1333,1392,1331,-1,1331,1392,1325,-1,1331,1325,1329,-1,1329,1325,1324,-1,1329,1324,1326,-1,1323,1325,1393,-1,1393,1325,1392,-1,1393,1392,1394,-1,1394,1392,1391,-1,1394,1391,1395,-1,1395,1391,1390,-1,1395,1390,1396,-1,1396,1390,1389,-1,1396,1389,1397,-1,1397,1389,1388,-1,1397,1388,1398,-1,1398,1388,1387,-1,1398,1387,1399,-1,1399,1387,1386,-1,1399,1386,1400,-1,1400,1386,1385,-1,1400,1385,1401,-1,1401,1385,1384,-1,1401,1384,1402,-1,1402,1384,1383,-1,1402,1383,1403,-1,1403,1383,1382,-1,1403,1382,1404,-1,1404,1382,1381,-1,1404,1381,1405,-1,1405,1381,1380,-1,1405,1380,1406,-1,1406,1380,1379,-1,1406,1379,1407,-1,1407,1379,1378,-1,1407,1378,1408,-1,1408,1378,1377,-1,1408,1377,1409,-1,1409,1377,1376,-1,1409,1376,1410,-1,1410,1376,1375,-1,1410,1375,1411,-1,1411,1375,1374,-1,1411,1374,1412,-1,1412,1374,1373,-1,1412,1373,1413,-1,1413,1373,1372,-1,1413,1372,1414,-1,1298,1300,1372,-1,1372,1300,1302,-1,1372,1302,1414,-1,1414,1302,1304,-1,1414,1304,1306,-1,1306,1415,1414,-1,1414,1415,1416,-1,1414,1416,1413,-1,1413,1416,1417,-1,1413,1417,1412,-1,1412,1417,1418,-1,1412,1418,1411,-1,1411,1418,1419,-1,1411,1419,1410,-1,1410,1419,1420,-1,1410,1420,1409,-1,1409,1420,1421,-1,1409,1421,1408,-1,1408,1421,1422,-1,1408,1422,1407,-1,1407,1422,1423,-1,1407,1423,1406,-1,1406,1423,1424,-1,1406,1424,1405,-1,1405,1424,1425,-1,1405,1425,1404,-1,1404,1425,1426,-1,1404,1426,1403,-1,1403,1426,1427,-1,1403,1427,1402,-1,1402,1427,1428,-1,1402,1428,1401,-1,1401,1428,1429,-1,1401,1429,1400,-1,1400,1429,1430,-1,1400,1430,1399,-1,1399,1430,1431,-1,1399,1431,1398,-1,1398,1431,1432,-1,1398,1432,1397,-1,1397,1432,1433,-1,1397,1433,1396,-1,1396,1433,1434,-1,1396,1434,1395,-1,1395,1434,1435,-1,1395,1435,1394,-1,1394,1435,1322,-1,1394,1322,1393,-1,1393,1322,1321,-1,1393,1321,1323,-1,1319,1322,1320,-1,1320,1322,1435,-1,1320,1435,1436,-1,1436,1435,1434,-1,1436,1434,1437,-1,1437,1434,1433,-1,1437,1433,1438,-1,1438,1433,1432,-1,1438,1432,1439,-1,1439,1432,1431,-1,1439,1431,1440,-1,1440,1431,1430,-1,1440,1430,1441,-1,1441,1430,1429,-1,1441,1429,1442,-1,1442,1429,1428,-1,1442,1428,1443,-1,1443,1428,1427,-1,1443,1427,1444,-1,1444,1427,1426,-1,1444,1426,1445,-1,1445,1426,1425,-1,1445,1425,1446,-1,1446,1425,1424,-1,1446,1424,1447,-1,1447,1424,1423,-1,1447,1423,1448,-1,1448,1423,1422,-1,1448,1422,1449,-1,1449,1422,1421,-1,1449,1421,1450,-1,1450,1421,1420,-1,1450,1420,1451,-1,1451,1420,1419,-1,1451,1419,1452,-1,1452,1419,1418,-1,1452,1418,1453,-1,1453,1418,1417,-1,1453,1417,1454,-1,1454,1417,1416,-1,1454,1416,1455,-1,1455,1416,1415,-1,1455,1415,1456,-1,1306,1308,1415,-1,1415,1308,1310,-1,1415,1310,1456,-1,1456,1310,1312,-1,1456,1312,1314,-1,1318,1320,1457,-1,1457,1320,1436,-1,1457,1436,1458,-1,1458,1436,1437,-1,1458,1437,1459,-1,1459,1437,1438,-1,1459,1438,1460,-1,1460,1438,1439,-1,1460,1439,1461,-1,1461,1439,1440,-1,1461,1440,1462,-1,1462,1440,1441,-1,1462,1441,1463,-1,1463,1441,1442,-1,1463,1442,1464,-1,1464,1442,1443,-1,1464,1443,1465,-1,1465,1443,1444,-1,1465,1444,1466,-1,1466,1444,1445,-1,1466,1445,1467,-1,1467,1445,1446,-1,1467,1446,1468,-1,1468,1446,1447,-1,1468,1447,1469,-1,1469,1447,1448,-1,1469,1448,1470,-1,1470,1448,1449,-1,1470,1449,1471,-1,1471,1449,1450,-1,1471,1450,1472,-1,1472,1450,1451,-1,1472,1451,1473,-1,1473,1451,1452,-1,1473,1452,1474,-1,1474,1452,1453,-1,1474,1453,1475,-1,1475,1453,1454,-1,1475,1454,1476,-1,1476,1454,1455,-1,1476,1455,1477,-1,1477,1455,1456,-1,1477,1456,1478,-1,1478,1456,1314,-1,1478,1314,1317,-1,1293,1292,1479,-1,1299,1297,1480,-1,1480,1297,1293,-1,1293,1479,1480,-1,1480,1479,1481,-1,1480,1481,1482,-1,1482,1481,1483,-1,1482,1483,1484,-1,1484,1483,1485,-1,1484,1485,1486,-1,1486,1485,1487,-1,1486,1487,1488,-1,1488,1487,1489,-1,1488,1489,1490,-1,1490,1489,1491,-1,1490,1491,1492,-1,1492,1491,1493,-1,1492,1493,1494,-1,1494,1493,1495,-1,1494,1495,1496,-1,1496,1495,1497,-1,1496,1497,1498,-1,1498,1497,1499,-1,1498,1499,1500,-1,1500,1499,1501,-1,1500,1501,1502,-1,1502,1501,1503,-1,1502,1503,1504,-1,1504,1503,1505,-1,1504,1505,1506,-1,1506,1505,1507,-1,1506,1507,1508,-1,1508,1507,1509,-1,1508,1509,1510,-1,1510,1509,1511,-1,1510,1511,1512,-1,1512,1511,1513,-1,1512,1513,1514,-1,1514,1513,1515,-1,1514,1515,1516,-1,1516,1515,1517,-1,1516,1517,1518,-1,1518,1517,1519,-1,1518,1519,1520,-1,1520,1519,1521,-1,1520,1521,1522,-1,1522,1521,1523,-1,1522,1523,1524,-1,1303,1301,1525,-1,1525,1301,1299,-1,1299,1480,1525,-1,1525,1480,1482,-1,1525,1482,1526,-1,1526,1482,1484,-1,1526,1484,1527,-1,1527,1484,1486,-1,1527,1486,1528,-1,1528,1486,1488,-1,1528,1488,1529,-1,1529,1488,1490,-1,1529,1490,1530,-1,1530,1490,1492,-1,1530,1492,1531,-1,1531,1492,1494,-1,1531,1494,1532,-1,1532,1494,1496,-1,1532,1496,1533,-1,1533,1496,1498,-1,1533,1498,1534,-1,1534,1498,1500,-1,1534,1500,1535,-1,1535,1500,1502,-1,1535,1502,1536,-1,1536,1502,1504,-1,1536,1504,1537,-1,1537,1504,1506,-1,1537,1506,1538,-1,1538,1506,1508,-1,1538,1508,1539,-1,1539,1508,1510,-1,1539,1510,1540,-1,1540,1510,1512,-1,1540,1512,1541,-1,1541,1512,1514,-1,1541,1514,1542,-1,1542,1514,1516,-1,1542,1516,1543,-1,1543,1516,1518,-1,1543,1518,1544,-1,1544,1518,1520,-1,1544,1520,1545,-1,1545,1520,1522,-1,1545,1522,1546,-1,1546,1522,1524,-1,1546,1524,1547,-1,1307,1305,1548,-1,1548,1305,1303,-1,1303,1525,1548,-1,1548,1525,1526,-1,1548,1526,1549,-1,1549,1526,1527,-1,1549,1527,1550,-1,1550,1527,1528,-1,1550,1528,1551,-1,1551,1528,1529,-1,1551,1529,1552,-1,1552,1529,1530,-1,1552,1530,1553,-1,1553,1530,1531,-1,1553,1531,1554,-1,1554,1531,1532,-1,1554,1532,1555,-1,1555,1532,1533,-1,1555,1533,1556,-1,1556,1533,1534,-1,1556,1534,1557,-1,1557,1534,1535,-1,1557,1535,1558,-1,1558,1535,1536,-1,1558,1536,1559,-1,1559,1536,1537,-1,1559,1537,1560,-1,1560,1537,1538,-1,1560,1538,1561,-1,1561,1538,1539,-1,1561,1539,1562,-1,1562,1539,1540,-1,1562,1540,1563,-1,1563,1540,1541,-1,1563,1541,1564,-1,1564,1541,1542,-1,1564,1542,1565,-1,1565,1542,1543,-1,1565,1543,1566,-1,1566,1543,1544,-1,1566,1544,1567,-1,1567,1544,1545,-1,1567,1545,1568,-1,1568,1545,1546,-1,1568,1546,1569,-1,1569,1546,1547,-1,1569,1547,1570,-1,1311,1309,1571,-1,1571,1309,1307,-1,1307,1548,1571,-1,1571,1548,1549,-1,1571,1549,1572,-1,1572,1549,1550,-1,1572,1550,1573,-1,1573,1550,1551,-1,1573,1551,1574,-1,1574,1551,1552,-1,1574,1552,1575,-1,1575,1552,1553,-1,1575,1553,1576,-1,1576,1553,1554,-1,1576,1554,1577,-1,1577,1554,1555,-1,1577,1555,1578,-1,1578,1555,1556,-1,1578,1556,1579,-1,1579,1556,1557,-1,1579,1557,1580,-1,1580,1557,1558,-1,1580,1558,1581,-1,1581,1558,1559,-1,1581,1559,1582,-1,1582,1559,1560,-1,1582,1560,1583,-1,1583,1560,1561,-1,1583,1561,1584,-1,1584,1561,1562,-1,1584,1562,1585,-1,1585,1562,1563,-1,1585,1563,1586,-1,1586,1563,1564,-1,1586,1564,1587,-1,1587,1564,1565,-1,1587,1565,1588,-1,1588,1565,1566,-1,1588,1566,1589,-1,1589,1566,1567,-1,1589,1567,1590,-1,1590,1567,1568,-1,1590,1568,1591,-1,1591,1568,1569,-1,1591,1569,1592,-1,1592,1569,1570,-1,1592,1570,1593,-1,1315,1313,1594,-1,1594,1313,1311,-1,1311,1571,1594,-1,1594,1571,1572,-1,1594,1572,1595,-1,1595,1572,1573,-1,1595,1573,1596,-1,1596,1573,1574,-1,1596,1574,1597,-1,1597,1574,1575,-1,1597,1575,1598,-1,1598,1575,1576,-1,1598,1576,1599,-1,1599,1576,1577,-1,1599,1577,1600,-1,1600,1577,1578,-1,1600,1578,1601,-1,1601,1578,1579,-1,1601,1579,1602,-1,1602,1579,1580,-1,1602,1580,1603,-1,1603,1580,1581,-1,1603,1581,1604,-1,1604,1581,1582,-1,1604,1582,1605,-1,1605,1582,1583,-1,1605,1583,1606,-1,1606,1583,1584,-1,1606,1584,1607,-1,1607,1584,1585,-1,1607,1585,1608,-1,1608,1585,1586,-1,1608,1586,1609,-1,1609,1586,1587,-1,1609,1587,1610,-1,1610,1587,1588,-1,1610,1588,1611,-1,1611,1588,1589,-1,1611,1589,1612,-1,1612,1589,1590,-1,1612,1590,1613,-1,1613,1590,1591,-1,1613,1591,1614,-1,1614,1591,1592,-1,1614,1592,1615,-1,1615,1592,1593,-1,1615,1593,1616,-1,1617,1316,1315,-1,1315,1594,1617,-1,1617,1594,1595,-1,1617,1595,1618,-1,1618,1595,1596,-1,1618,1596,1619,-1,1619,1596,1597,-1,1619,1597,1620,-1,1620,1597,1598,-1,1620,1598,1621,-1,1621,1598,1599,-1,1621,1599,1622,-1,1622,1599,1600,-1,1622,1600,1623,-1,1623,1600,1601,-1,1623,1601,1624,-1,1624,1601,1602,-1,1624,1602,1625,-1,1625,1602,1603,-1,1625,1603,1626,-1,1626,1603,1604,-1,1626,1604,1627,-1,1627,1604,1605,-1,1627,1605,1628,-1,1628,1605,1606,-1,1628,1606,1629,-1,1629,1606,1607,-1,1629,1607,1630,-1,1630,1607,1608,-1,1630,1608,1631,-1,1631,1608,1609,-1,1631,1609,1632,-1,1632,1609,1610,-1,1632,1610,1633,-1,1633,1610,1611,-1,1633,1611,1634,-1,1634,1611,1612,-1,1634,1612,1635,-1,1635,1612,1613,-1,1635,1613,1636,-1,1636,1613,1614,-1,1636,1614,1637,-1,1637,1614,1615,-1,1637,1615,1638,-1,1638,1615,1616,-1,1638,1616,1639,-1,1523,1327,1326,-1,1523,1326,1524,-1,1524,1326,1324,-1,1524,1324,1547,-1,1547,1324,1323,-1,1547,1323,1570,-1,1570,1323,1321,-1,1570,1321,1593,-1,1593,1321,1319,-1,1593,1319,1616,-1,1616,1319,1318,-1,1616,1318,1639,-1,1294,1327,1292,-1,1292,1327,1523,-1,1292,1523,1521,-1,1515,1513,1292,-1,1292,1513,1511,-1,1292,1511,1509,-1,1521,1519,1292,-1,1292,1519,1517,-1,1292,1517,1515,-1,1294,1346,1344,-1,1503,1501,1292,-1,1292,1501,1499,-1,1292,1499,1497,-1,1356,1354,1366,-1,1370,1350,1294,-1,1294,1350,1348,-1,1294,1348,1346,-1,1364,1362,1360,-1,1370,1368,1350,-1,1350,1368,1366,-1,1350,1366,1352,-1,1352,1366,1354,-1,1344,1342,1294,-1,1294,1342,1340,-1,1294,1340,1338,-1,1509,1507,1292,-1,1292,1507,1505,-1,1292,1505,1503,-1,1495,1487,1485,-1,1338,1336,1294,-1,1294,1336,1334,-1,1294,1334,1332,-1,1332,1330,1294,-1,1294,1330,1328,-1,1294,1328,1327,-1,1495,1493,1487,-1,1487,1493,1491,-1,1487,1491,1489,-1,1485,1483,1495,-1,1495,1483,1481,-1,1495,1481,1497,-1,1497,1481,1479,-1,1497,1479,1292,-1,1364,1360,1366,-1,1366,1360,1358,-1,1366,1358,1356,-1,1095,1096,1110,-1,1087,1088,1110,-1,1110,1088,1089,-1,1096,1097,1110,-1,1110,1097,1098,-1,1110,1098,1099,-1,1290,1291,1123,-1,1123,1291,1130,-1,1123,1130,1110,-1,1110,1130,930,-1,1110,930,1087,-1,1089,1090,1110,-1,1110,1090,1091,-1,1110,1091,1092,-1,1092,1093,1110,-1,1110,1093,1094,-1,1110,1094,1095,-1,1102,1103,1101,-1,1101,1103,1104,-1,1101,1104,1105,-1,1105,1106,1101,-1,1101,1106,1107,-1,1101,1107,1108,-1,1099,1100,1110,-1,1110,1100,1101,-1,1110,1101,1109,-1,1109,1101,1108,-1,1276,1277,1281,-1,1285,1286,1123,-1,1123,1286,1287,-1,1269,1270,1283,-1,1283,1270,1271,-1,1283,1271,1272,-1,1272,1273,1283,-1,1283,1273,1274,-1,1283,1274,1282,-1,1269,1283,1123,-1,1123,1283,1284,-1,1123,1284,1285,-1,1287,1288,1123,-1,1123,1288,1289,-1,1123,1289,1290,-1,1282,1274,1281,-1,1281,1274,1275,-1,1281,1275,1276,-1,1277,1278,1281,-1,1281,1278,1279,-1,1281,1279,1280,-1,1640,1641,1642,-1,1642,1641,1643,-1,1644,1645,1646,-1,1646,1645,1647,-1,1646,1647,1648,-1,1648,1647,1649,-1,1648,1649,1650,-1,1650,1649,1651,-1,1650,1651,1652,-1,1652,1651,1641,-1,1652,1641,1653,-1,1653,1641,1640,-1,1654,1655,1656,-1,1656,1655,1657,-1,1656,1657,1658,-1,1658,1657,1659,-1,1658,1659,1660,-1,1659,1661,1660,-1,1660,1661,1662,-1,1660,1662,1663,-1,1663,1662,1664,-1,1663,1664,1665,-1,1663,1665,1666,-1,1666,1665,1667,-1,1643,1668,1642,-1,1642,1668,1669,-1,1642,1669,1670,-1,1670,1669,1671,-1,1672,1673,1674,-1,1674,1673,1675,-1,1674,1675,1676,-1,1676,1675,1677,-1,1676,1677,1678,-1,1678,1677,1679,-1,1678,1679,1680,-1,1680,1679,1681,-1,1680,1681,1682,-1,1682,1681,1683,-1,1682,1683,1684,-1,1684,1683,1685,-1,1684,1685,1671,-1,1671,1685,1686,-1,1671,1686,1670,-1,1687,1688,1689,-1,1689,1688,1690,-1,1689,1690,1691,-1,1691,1690,1692,-1,1691,1692,1693,-1,1693,1692,1694,-1,1693,1694,1695,-1,1695,1694,1696,-1,1695,1696,1697,-1,1697,1696,1698,-1,1697,1698,1699,-1,1699,1698,1700,-1,1699,1700,1701,-1,1701,1700,1702,-1,1701,1702,1703,-1,1703,1702,1704,-1,1703,1704,1672,-1,1672,1704,1705,-1,1672,1705,1673,-1,1706,1707,1708,-1,1709,1710,1711,-1,1711,1710,1712,-1,1711,1712,1713,-1,1713,1712,1714,-1,1713,1714,1715,-1,1715,1714,1716,-1,1715,1716,1717,-1,1717,1716,1718,-1,1717,1718,1719,-1,1719,1718,1720,-1,1719,1720,1687,-1,1687,1720,1721,-1,1687,1721,1688,-1,1706,1708,1722,-1,1722,1708,1723,-1,1722,1723,1724,-1,1724,1723,1725,-1,1724,1725,1726,-1,1726,1725,1727,-1,1726,1727,1728,-1,1728,1727,1729,-1,1728,1729,1730,-1,1730,1729,1731,-1,1730,1731,1732,-1,1732,1731,1733,-1,1732,1733,1734,-1,1734,1733,1735,-1,1734,1735,1736,-1,1736,1735,1737,-1,1736,1737,1709,-1,1709,1737,1738,-1,1709,1738,1710,-1,1707,1706,1739,-1,1739,1706,1740,-1,1739,1740,1741,-1,1741,1740,1742,-1,1741,1742,1743,-1,1743,1742,1744,-1,1743,1744,1745,-1,1745,1744,1746,-1,1745,1746,1747,-1,1747,1746,1748,-1,1747,1748,1749,-1,1749,1748,1750,-1,1749,1750,1751,-1,1751,1750,1752,-1,1751,1752,1667,-1,1667,1752,1753,-1,1667,1753,1666,-1,1754,1755,1756,-1,1756,1755,1757,-1,1756,1757,1758,-1,1758,1757,1759,-1,1758,1759,1760,-1,1760,1759,1761,-1,1760,1761,1762,-1,1763,1764,1765,-1,1765,1764,1766,-1,1765,1766,1767,-1,1767,1766,1768,-1,1767,1768,1769,-1,1769,1768,1770,-1,1769,1770,1771,-1,1771,1770,1772,-1,1771,1772,1773,-1,1773,1772,1774,-1,1773,1774,1775,-1,1775,1774,1776,-1,1775,1776,1777,-1,1777,1776,1778,-1,1777,1778,1779,-1,1779,1778,1780,-1,1779,1780,1781,-1,1782,1783,1784,-1,1784,1783,1785,-1,1784,1785,1786,-1,1786,1785,1787,-1,1786,1787,1788,-1,1788,1787,1789,-1,1788,1789,1790,-1,1790,1789,1791,-1,1790,1791,1792,-1,1792,1791,1793,-1,1792,1793,1763,-1,1763,1793,1794,-1,1763,1794,1764,-1,1795,1796,1797,-1,1797,1796,1798,-1,1797,1798,1799,-1,1799,1798,1800,-1,1799,1800,1801,-1,1801,1800,1802,-1,1801,1802,1803,-1,1803,1802,1804,-1,1803,1804,1805,-1,1805,1804,1806,-1,1805,1806,1807,-1,1807,1806,1808,-1,1807,1808,1809,-1,1809,1808,1810,-1,1809,1810,1811,-1,1811,1810,1812,-1,1811,1812,1782,-1,1782,1812,1813,-1,1782,1813,1783,-1,1814,1815,1816,-1,1816,1815,1817,-1,1816,1817,1818,-1,1818,1817,1819,-1,1818,1819,1820,-1,1820,1819,1821,-1,1820,1821,1822,-1,1822,1821,1823,-1,1822,1823,1824,-1,1824,1823,1825,-1,1780,1826,1781,-1,1781,1826,1827,-1,1781,1827,1828,-1,1828,1827,1829,-1,1828,1829,1830,-1,1830,1829,1831,-1,1830,1831,1832,-1,1832,1831,1833,-1,1832,1833,1834,-1,1834,1833,1835,-1,1834,1835,1836,-1,1836,1835,1837,-1,1836,1837,1838,-1,1838,1837,1839,-1,1838,1839,1840,-1,1840,1839,1841,-1,1840,1841,1825,-1,1825,1841,1842,-1,1825,1842,1824,-1,1761,1843,1762,-1,1762,1843,1844,-1,1762,1844,1845,-1,1845,1844,1846,-1,1845,1846,1847,-1,1847,1846,1848,-1,1847,1848,1849,-1,1849,1848,1850,-1,1849,1850,1851,-1,1851,1850,1852,-1,1851,1852,1853,-1,1853,1852,1854,-1,1853,1854,1855,-1,1855,1854,1856,-1,1855,1856,1857,-1,1857,1856,1858,-1,1857,1858,1795,-1,1795,1858,1859,-1,1795,1859,1796,-1,1718,950,948,-1,948,946,1718,-1,1718,946,944,-1,1718,944,942,-1,1171,1789,1173,-1,1173,1789,1175,-1,1151,1791,1153,-1,1153,1791,1789,-1,1159,1157,1789,-1,1789,1157,1155,-1,1789,1155,1153,-1,942,940,1718,-1,1718,940,939,-1,1718,939,1789,-1,1789,939,1124,-1,1789,1124,1175,-1,1171,1169,1789,-1,1789,1169,1167,-1,1789,1167,1165,-1,1165,1163,1789,-1,1789,1163,1161,-1,1789,1161,1159,-1,984,982,1716,-1,1716,982,980,-1,1716,980,978,-1,958,956,1718,-1,1151,1149,1791,-1,1791,1149,1147,-1,1791,1147,1145,-1,1145,1143,1791,-1,1791,1143,1141,-1,1791,1141,1139,-1,1139,1137,1791,-1,1791,1137,1135,-1,1791,1135,1133,-1,978,976,1716,-1,1716,976,974,-1,1716,974,972,-1,956,954,1718,-1,1718,954,952,-1,1718,952,950,-1,1133,1131,1791,-1,1791,1131,1111,-1,1791,1111,1716,-1,1716,1111,986,-1,1716,986,984,-1,972,970,1716,-1,1716,970,968,-1,1716,968,966,-1,966,964,1716,-1,1716,964,962,-1,1716,962,1718,-1,1718,962,960,-1,1718,960,958,-1,1808,1696,1694,-1,1808,1694,1810,-1,1810,1694,1692,-1,1810,1692,1812,-1,1812,1692,1690,-1,1812,1690,1813,-1,1813,1690,1688,-1,1813,1688,1783,-1,1783,1688,1721,-1,1783,1721,1785,-1,1785,1721,1720,-1,1785,1720,1787,-1,1787,1720,1718,-1,1787,1718,1789,-1,1808,1806,1696,-1,1696,1806,1698,-1,1640,1642,1670,-1,1653,1640,1846,-1,1846,1844,1653,-1,1653,1844,1843,-1,1653,1843,1652,-1,1652,1843,1761,-1,1652,1761,1650,-1,1650,1761,1759,-1,1650,1759,1648,-1,1648,1759,1757,-1,1648,1757,1646,-1,1646,1757,1755,-1,1646,1755,1644,-1,1640,1670,1846,-1,1846,1670,1686,-1,1846,1686,1848,-1,1848,1686,1685,-1,1848,1685,1850,-1,1850,1685,1683,-1,1850,1683,1852,-1,1852,1683,1681,-1,1852,1681,1854,-1,1854,1681,1679,-1,1854,1679,1856,-1,1856,1679,1677,-1,1856,1677,1858,-1,1858,1677,1675,-1,1858,1675,1859,-1,1859,1675,1673,-1,1859,1673,1796,-1,1796,1673,1705,-1,1796,1705,1798,-1,1798,1705,1704,-1,1798,1704,1800,-1,1800,1704,1702,-1,1800,1702,1802,-1,1802,1702,1700,-1,1802,1700,1804,-1,1804,1700,1698,-1,1804,1698,1806,-1,1644,1755,1645,-1,1645,1755,1754,-1,1645,1754,1647,-1,1647,1754,1756,-1,1647,1756,1649,-1,1649,1756,1758,-1,1649,1758,1651,-1,1651,1758,1760,-1,1651,1760,1641,-1,1641,1760,1762,-1,1805,1697,1803,-1,1803,1697,1699,-1,1803,1699,1801,-1,1801,1699,1701,-1,1801,1701,1799,-1,1799,1701,1703,-1,1799,1703,1797,-1,1797,1703,1672,-1,1797,1672,1795,-1,1795,1672,1674,-1,1795,1674,1857,-1,1857,1674,1676,-1,1857,1676,1855,-1,1855,1676,1678,-1,1855,1678,1853,-1,1853,1678,1680,-1,1853,1680,1851,-1,1851,1680,1682,-1,1851,1682,1849,-1,1849,1682,1684,-1,1849,1684,1847,-1,1847,1684,1671,-1,1847,1671,1845,-1,1845,1671,1669,-1,1845,1669,1762,-1,1762,1669,1668,-1,1762,1668,1641,-1,1641,1668,1643,-1,1805,1807,1697,-1,1697,1807,1695,-1,1788,1717,1786,-1,1786,1717,1719,-1,1786,1719,1784,-1,1784,1719,1687,-1,1784,1687,1782,-1,1782,1687,1689,-1,1782,1689,1811,-1,1811,1689,1691,-1,1811,1691,1809,-1,1809,1691,1693,-1,1809,1693,1807,-1,1807,1693,1695,-1,1771,1732,1769,-1,1769,1732,1734,-1,1769,1734,1767,-1,1767,1734,1736,-1,1767,1736,1765,-1,1765,1736,1709,-1,1765,1709,1763,-1,1763,1709,1711,-1,1763,1711,1792,-1,1792,1711,1713,-1,1792,1713,1790,-1,1790,1713,1715,-1,1771,1773,1732,-1,1732,1773,1730,-1,1663,1666,1753,-1,1815,1654,1817,-1,1817,1654,1656,-1,1817,1656,1819,-1,1819,1656,1658,-1,1819,1658,1821,-1,1821,1658,1660,-1,1821,1660,1823,-1,1660,1663,1823,-1,1823,1663,1753,-1,1823,1753,1825,-1,1825,1753,1752,-1,1825,1752,1840,-1,1840,1752,1750,-1,1840,1750,1838,-1,1838,1750,1748,-1,1838,1748,1836,-1,1836,1748,1746,-1,1836,1746,1834,-1,1834,1746,1744,-1,1834,1744,1832,-1,1832,1744,1742,-1,1832,1742,1830,-1,1830,1742,1740,-1,1830,1740,1828,-1,1828,1740,1706,-1,1828,1706,1781,-1,1781,1706,1722,-1,1781,1722,1779,-1,1779,1722,1724,-1,1779,1724,1777,-1,1777,1724,1726,-1,1777,1726,1775,-1,1775,1726,1728,-1,1775,1728,1773,-1,1773,1728,1730,-1,1654,1815,1655,-1,1655,1815,1814,-1,1655,1814,1816,-1,1655,1816,1657,-1,1657,1816,1818,-1,1657,1818,1659,-1,1659,1818,1820,-1,1659,1820,1661,-1,1661,1820,1822,-1,1661,1822,1662,-1,1662,1822,1824,-1,1662,1824,1664,-1,1751,1667,1665,-1,1664,1824,1665,-1,1665,1824,1842,-1,1665,1842,1751,-1,1751,1842,1841,-1,1751,1841,1749,-1,1749,1841,1839,-1,1749,1839,1747,-1,1747,1839,1837,-1,1747,1837,1745,-1,1745,1837,1835,-1,1745,1835,1743,-1,1743,1835,1833,-1,1743,1833,1741,-1,1741,1833,1831,-1,1741,1831,1739,-1,1739,1831,1829,-1,1739,1829,1707,-1,1707,1829,1827,-1,1707,1827,1708,-1,1708,1827,1826,-1,1708,1826,1723,-1,1723,1826,1780,-1,1723,1780,1725,-1,1725,1780,1778,-1,1725,1778,1727,-1,1727,1778,1776,-1,1727,1776,1729,-1,1729,1776,1774,-1,1729,1774,1731,-1,1774,1772,1731,-1,1731,1772,1733,-1,1791,1716,1714,-1,1791,1714,1793,-1,1793,1714,1712,-1,1793,1712,1794,-1,1794,1712,1710,-1,1794,1710,1764,-1,1764,1710,1738,-1,1764,1738,1766,-1,1766,1738,1737,-1,1766,1737,1768,-1,1768,1737,1735,-1,1768,1735,1770,-1,1770,1735,1733,-1,1770,1733,1772,-1,1630,1631,1715,-1,1717,1620,1621,-1,1717,1624,1625,-1,1630,1715,1629,-1,1463,1464,1790,-1,1790,1464,1465,-1,1457,1458,1790,-1,1790,1458,1459,-1,1790,1459,1460,-1,1460,1461,1790,-1,1790,1461,1462,-1,1790,1462,1463,-1,1617,1618,1717,-1,1717,1618,1619,-1,1717,1619,1620,-1,1621,1622,1717,-1,1717,1622,1623,-1,1717,1623,1624,-1,1631,1632,1715,-1,1715,1632,1633,-1,1715,1633,1634,-1,1469,1470,1788,-1,1470,1471,1788,-1,1788,1471,1472,-1,1788,1472,1473,-1,1788,1476,1477,-1,1477,1478,1788,-1,1788,1478,1317,-1,1788,1317,1717,-1,1717,1317,1316,-1,1717,1316,1617,-1,1625,1626,1717,-1,1717,1626,1627,-1,1717,1627,1715,-1,1715,1627,1628,-1,1715,1628,1629,-1,1634,1635,1715,-1,1715,1635,1636,-1,1715,1636,1637,-1,1465,1466,1790,-1,1790,1466,1467,-1,1790,1467,1788,-1,1788,1467,1468,-1,1788,1468,1469,-1,1473,1474,1788,-1,1788,1474,1475,-1,1788,1475,1476,-1,1637,1638,1715,-1,1715,1638,1639,-1,1715,1639,1790,-1,1790,1639,1318,-1,1790,1318,1457,-1,
        ]
    }
}
Shape{
    appearance Appearance {
        material  Material 	{
            diffuseColor 0.25098039215686274 0.25098039215686274 0.25098039215686274
            specularColor 0.12549019607843137 0.12549019607843137 0.12549019607843137
            ambientIntensity 0.2
            transparency 0
            shininess 0.5
        }
    }
    geometry IndexedFaceSet {
        ccw TRUE
        solid FALSE
        coord DEF co Coordinate {
            point [
                -2.7238 -0.6057 0.1797, -2.7418 -0.6057 0.1775, -2.6812 -0.6057 0.1766, -2.6475 -0.6057 -0.035, -2.5476 -0.6057 -0.035, -2.5476 -0.6057 0.0073, 0.6757 -0.6057 -0.1335, 3.8 -0.6057 -0.1335, 3.8 -0.6057 -0.035, -2.5476 -0.6057 -0.1335, 0.6757 -0.6057 -0.035, -2.9436 -0.6057 0.2005, -2.9452 -0.6057 0.2047, -2.9452 -0.6057 0.1766, -2.8294 -0.6057 0.0075, -2.8319 -0.6057 0.0073, -2.8061 -0.6057 0.0073, -2.715 -0.6057 0.1149, -2.6812 -0.6057 0.1149, -2.6812 -0.6057 0.1453, -3.147 -0.6057 0.2011, -3.1264 -0.6057 0.1836, -3.0544 -0.6057 0.2852, -3.0544 -0.6057 0.1766, -3.2472 -0.6057 0.2958, -3.2316 -0.6057 0.2852, -3.2143 -0.6057 0.2735, -3.189 -0.6057 0.2443, -3.1733 -0.6057 0.2135, -3.1696 -0.6057 0.2123, -3.39 -0.6057 0.2948, -3.355 -0.6057 0.3083, -3.8 -0.6057 0.3665, -3.3175 -0.6057 0.3129, -3.0544 -0.6057 0.3665, -3.2852 -0.6057 0.3094, -3.4056 -0.6057 0.2852, -3.8 -0.6057 0.2852, -3.4086 -0.6057 0.2833, -3.8 -0.6057 0.1766, -3.5716 -0.6057 0.1766, -3.565 -0.6057 0.1916, -3.5467 -0.6057 0.215, -3.4893 -0.6057 0.2478, -3.4594 -0.6057 0.2515, -3.4264 -0.6057 0.2681, -3.4507 -0.6057 0.251, -3.442 -0.6057 0.2499, -3.5416 -0.6057 0.2199, -3.5175 -0.6057 0.2368, -3.5268 -0.6057 0.0256, -3.5505 -0.6057 0.0458, -3.8 -0.6057 0.0073, -3.4994 -0.6057 0.0122, -3.5678 -0.6057 0.0705, -3.5787 -0.6057 0.0987, -3.8 -0.6057 0.1453, -3.5824 -0.6057 0.1285, -3.5822 -0.6057 0.1358, -3.5805 -0.6057 0.1453, -3.5771 -0.6057 0.1643, -3.4898 -0.6057 0.0093, -3.4888 -0.6057 0.0073, -3.4822 -0.6057 -0.007, -3.8 -0.6057 -0.035, -3.4709 -0.6057 -0.0209, -3.456 -0.6057 -0.0321, -3.0544 -0.6057 -0.1335, -3.0544 -0.6057 -0.035, -3.3863 -0.6057 -0.035, -3.8 -0.6057 -0.1335, -3.4385 -0.6057 -0.0395, -3.4491 -0.6057 -0.035, -3.3993 -0.6057 -0.04, -3.4177 -0.6057 -0.0423, -3.4206 -0.6057 -0.0422, -3.0544 -0.6057 0.0073, -3.3466 -0.6057 0.0073, -3.3467 -0.6057 0.0069, -3.3556 -0.6057 -0.01, -3.3672 -0.6057 -0.023, -3.3823 -0.6057 -0.0335, -3.1016 -0.6057 0.1389, -3.0981 -0.6057 0.1141, -3.0544 -0.6057 0.1453, -3.2496 -0.6057 0.0521, -3.2444 -0.6057 0.0541, -3.2355 -0.6057 0.0974, -3.1262 -0.6057 0.042, -3.1468 -0.6057 0.0245, -3.3607 -0.6057 0.0845, -3.259 -0.6057 0.1376, -3.374 -0.6057 0.0966, -3.3901 -0.6057 0.1052, -3.2543 -0.6057 0.0487, -3.1111 -0.6057 0.063, -3.1456 -0.6057 0.12, -3.1491 -0.6057 0.1346, -3.1549 -0.6057 0.1453, -3.5327 -0.6057 0.1453, -3.1016 -0.6057 0.087, -3.2385 -0.6057 0.0549, -3.2378 -0.6057 0.0548, -3.2355 -0.6057 0.0543, -3.5282 -0.6057 0.0997, -3.5192 -0.6057 0.0844, -3.4807 -0.6057 0.0765, -3.5056 -0.6057 0.0704, -3.489 -0.6057 0.0602, -3.4526 -0.6057 0.1016, -3.4681 -0.6057 0.0908, -3.5346 -0.6057 0.13, -3.5336 -0.6057 0.1182, -3.4358 -0.6057 0.108, -3.4177 -0.6057 0.1103, -3.4085 -0.6057 0.1097, -3.2621 -0.6057 0.0313, -3.2619 -0.6057 0.0343, -3.3418 -0.6057 0.0412, -3.2604 -0.6057 0.0401, -3.2574 -0.6057 0.0453, -3.1606 -0.6057 0.0731, -3.1522 -0.6057 0.085, -3.147 -0.6057 0.0985, -3.1452 -0.6057 0.1133, -3.2443 -0.6057 0.0085, -3.2494 -0.6057 0.0105, -3.2543 -0.6057 0.014, -3.256 -0.6057 0.0158, -3.2594 -0.6057 0.0205, -3.2614 -0.6057 0.0257, -3.3422 -0.6057 0.0256, -3.3418 -0.6057 0.0336, -3.17 -0.6057 0.0131, -3.1953 -0.6057 0.0078, -3.2401 -0.6057 0.0078, -3.234 -0.6057 0.0541, -3.1998 -0.6057 0.0541, -3.1861 -0.6057 0.0567, -3.1728 -0.6057 0.063, -3.1615 -0.6057 0.0721, -3.2105 -0.6057 0.1725, -3.5258 -0.6057 0.1653, -3.5323 -0.6057 0.1484, -3.2044 -0.6057 0.1725, -3.1562 -0.6057 0.1477, -3.1649 -0.6057 0.1574, -3.1767 -0.6057 0.1656, -3.1899 -0.6057 0.1707, -3.2269 -0.6057 0.2182, -3.244 -0.6057 0.2386, -3.4184 -0.6057 0.1945, -3.2458 -0.6057 0.2403, -3.2672 -0.6057 0.2551, -3.4068 -0.6057 0.2186, -3.5179 -0.6057 0.1766, -3.4238 -0.6057 0.1974, -3.2114 -0.6057 0.1766, -3.2151 -0.6057 0.1937, -3.4408 -0.6057 0.2037, -3.4587 -0.6057 0.2059, -3.4666 -0.6057 0.2055, -3.3898 -0.6057 0.2389, -3.291 -0.6057 0.2642, -3.3695 -0.6057 0.2537, -3.3167 -0.6057 0.2674, -3.3447 -0.6057 0.2638, -3.4854 -0.6057 0.201, -3.5023 -0.6057 0.192, -3.5153 -0.6057 0.1804, -3.1213 -0.6057 0.1766, -3.1109 -0.6057 0.1621, -3.1042 -0.6057 0.1453, -2.6576 -0.6057 0.0203, -2.6576 -0.6057 0.0082, -2.6475 -0.6057 0.0073, -2.6475 -0.6057 0.1453, -2.66 -0.6057 0.1149, -2.66 -0.6057 0.1027, -2.7012 -0.6057 0.0563, -2.7012 -0.6057 0.0203, -2.6812 -0.6057 0.0563, -2.6812 -0.6057 0.0203, -2.6631 -0.6057 0.0563, -2.6631 -0.6057 0.0685, -2.7012 -0.6057 0.1027, -2.7012 -0.6057 0.0685, -2.6812 -0.6057 0.1027, -2.6812 -0.6057 0.0685, -2.6812 -0.6057 0.0073, -2.6812 -0.6057 0.0082, -2.715 -0.6057 0.0082, -2.7677 -0.6057 0.0271, -2.7661 -0.6057 0.0208, -2.7658 -0.6057 0.0208, -2.7294 -0.6057 0.0844, -2.7812 -0.6057 0.1453, -2.7433 -0.6057 0.0844, -2.7812 -0.6057 0.0659, -2.7641 -0.6057 0.027, -2.7651 -0.6057 0.0234, -2.8611 -0.6057 0.0247, -2.8746 -0.6057 0.1453, -2.8746 -0.6057 0.0073, -2.8565 -0.6057 0.0218, -2.8549 -0.6057 0.0211, -2.8549 -0.6057 0.0494, -2.8572 -0.6057 0.0518, -2.8589 -0.6057 0.0546, -2.8604 -0.6057 0.0587, -2.861 -0.6057 0.0638, -2.8605 -0.6057 0.0686, -2.855 -0.6057 0.0495, -2.8487 -0.6057 0.0073, -2.8521 -0.6057 0.0076, -2.8549 -0.6057 0.0073, -2.8549 -0.6057 0.0086, -2.8611 -0.6057 0.0108, -2.8404 -0.6057 0.0064, -2.8549 -0.6057 -0.035, -2.8061 -0.6057 -0.035, -2.8132 -0.6057 0.0828, -2.8132 -0.6057 0.0698, -2.8524 -0.6057 0.0801, -2.8488 -0.6057 0.0823, -2.8549 -0.6057 0.1453, -2.8102 -0.6057 0.0235, -2.8119 -0.6057 0.0193, -2.8144 -0.6057 0.0158, -2.8589 -0.6057 0.0729, -2.8564 -0.6057 0.0765, -2.8549 -0.6057 0.0779, -2.8415 -0.6057 0.085, -2.8313 -0.6057 0.0862, -2.8061 -0.6057 0.1453, -2.8228 -0.6057 0.0855, -2.8141 -0.6057 0.0415, -2.8116 -0.6057 0.0378, -2.8101 -0.6057 0.0339, -2.8096 -0.6057 0.0289, -2.8182 -0.6057 0.0124, -2.8221 -0.6057 0.0101, -2.8326 -0.6057 0.0753, -2.8366 -0.6057 0.075, -2.8472 -0.6057 0.065, -2.8401 -0.6057 0.0741, -2.8431 -0.6057 0.0725, -2.8471 -0.6057 0.0633, -2.8466 -0.6057 0.0612, -2.8456 -0.6057 0.0594, -2.8443 -0.6057 0.0579, -2.8396 -0.6057 0.055, -2.8232 -0.6057 0.0742, -2.8313 -0.6057 0.0514, -2.8157 -0.6057 0.0712, -2.8261 -0.6057 0.0493, -2.8172 -0.6057 0.0444, -2.8452 -0.6057 0.0707, -2.8463 -0.6057 0.069, -2.847 -0.6057 0.0672, -2.8481 -0.6057 0.0184, -2.8407 -0.6057 0.0417, -2.8487 -0.6057 0.0453, -2.8391 -0.6057 0.0173, -2.8385 -0.6057 0.0173, -2.832 -0.6057 0.038, -2.8316 -0.6057 0.0181, -2.8233 -0.6057 0.0276, -2.8234 -0.6057 0.0293, -2.8282 -0.6057 0.0193, -2.827 -0.6057 0.0201, -2.8254 -0.6057 0.0214, -2.8243 -0.6057 0.0232, -2.8236 -0.6057 0.0251, -2.824 -0.6057 0.0314, -2.8251 -0.6057 0.0331, -2.8267 -0.6057 0.0349, -2.5476 -0.6057 0.1766, -2.5822 -0.6057 0.1775, -2.5975 -0.6057 0.1775, -2.6083 -0.6057 0.2067, -2.6475 -0.6057 0.2067, -2.6475 -0.6057 0.1766, -2.6229 -0.6057 0.2843, -2.5476 -0.6057 0.2852, -2.6475 -0.6057 0.2852, -2.6528 -0.6057 0.2067, -2.6631 -0.6057 0.1775, -2.6783 -0.6057 0.1775, -2.6812 -0.6057 0.2852, -2.6475 -0.6057 0.2583, -2.6376 -0.6057 0.2843, -2.7937 -0.6057 0.2843, -2.7812 -0.6057 0.2852, -2.8061 -0.6057 0.2852, -2.8349 -0.6057 0.2256, -2.8349 -0.6057 0.1897, -2.8061 -0.6057 0.2256, -2.8061 -0.6057 0.1897, -2.7968 -0.6057 0.2256, -2.7913 -0.6057 0.1897, -2.7968 -0.6057 0.2378, -2.7937 -0.6057 0.272, -2.8061 -0.6057 0.2378, -2.8061 -0.6057 0.272, -2.8349 -0.6057 0.2378, -2.8349 -0.6057 0.272, -2.8487 -0.6057 0.1775, -2.8549 -0.6057 0.1766, -2.8061 -0.6057 0.1766, -2.7812 -0.6057 0.1766, -2.7913 -0.6057 0.1775, -2.8061 -0.6057 0.1775, -2.8549 -0.6057 0.2852, -2.8487 -0.6057 0.2843, -2.8061 -0.6057 0.2843, -2.8976 -0.6057 0.188, -2.8913 -0.6057 0.1883, -2.8746 -0.6057 0.2694, -2.8795 -0.6057 0.1908, -2.8746 -0.6057 0.193, -2.8728 -0.6057 0.2687, -2.8701 -0.6057 0.1952, -2.8701 -0.6057 0.2673, -2.9087 -0.6057 0.2717, -2.9171 -0.6057 0.2678, -2.9243 -0.6057 0.2618, -2.9251 -0.6057 0.2609, -2.9303 -0.6057 0.2535, -2.9338 -0.6057 0.2442, -2.9356 -0.6057 0.2297, -2.9355 -0.6057 0.2282, -2.9338 -0.6057 0.2153, -2.9226 -0.6057 0.1969, -2.9155 -0.6057 0.192, -2.9078 -0.6057 0.1892, -2.8838 -0.6057 0.2725, -2.8952 -0.6057 0.2737, -2.8994 -0.6057 0.2735, -2.9304 -0.6057 0.2066, -2.9251 -0.6057 0.1993, -2.8847 -0.6057 0.2852, -2.8798 -0.6057 0.2847, -2.8746 -0.6057 0.2852, -2.8746 -0.6057 0.2831, -2.8701 -0.6057 0.2817, -2.9452 -0.6057 0.3665, -2.9028 -0.6057 0.2852, -2.8746 -0.6057 0.3665, -2.8954 -0.6057 0.2861, -2.8934 -0.6057 0.2861, -2.9219 -0.6057 0.2799, -2.9107 -0.6057 0.2842, -2.9452 -0.6057 0.2852, -2.9414 -0.6057 0.2617, -2.9346 -0.6057 0.2704, -2.9322 -0.6057 0.2727, -2.9516 -0.6057 0.2852, -2.9469 -0.6057 0.2501, -2.9452 -0.6057 0.2536, -2.948 -0.6057 0.2117, -2.9516 -0.6057 0.1766, -2.95 -0.6057 0.2289, -2.9497 -0.6057 0.2366, -2.9185 -0.6057 0.1787, -2.9285 -0.6057 0.1836, -2.9363 -0.6057 0.1903, -2.9373 -0.6057 0.1914, -2.9093 -0.6057 0.1766, -2.9452 -0.6057 0.1453, -2.9071 -0.6057 0.1761, -2.8996 -0.6057 0.1757, -2.8902 -0.6057 0.1766, -2.8701 -0.6057 0.182, -2.8719 -0.6057 0.181, -2.8746 -0.6057 0.1766, -2.8746 -0.6057 0.1802, -2.8834 -0.6057 0.1773, -2.9352 -0.6057 0.0443, -2.933 -0.6057 0.0661, -2.9381 -0.6057 0.04, -2.9398 -0.6057 0.0351, -2.8853 -0.6057 0.0781, -2.8825 -0.6057 0.0738, -2.8804 -0.6057 0.0679, -2.8792 -0.6057 0.0572, -2.8792 -0.6057 0.0082, -2.8926 -0.6057 0.0082, -2.9312 -0.6057 0.0479, -2.9257 -0.6057 0.0508, -2.9243 -0.6057 0.0716, -2.9152 -0.6057 0.0535, -2.9035 -0.6057 0.0748, -2.908 -0.6057 0.0753, -2.916 -0.6057 0.0745, -2.9294 -0.6057 0.0092, -2.9339 -0.6057 0.0124, -2.9452 -0.6057 0.0073, -2.9354 -0.6057 0.0139, -2.9382 -0.6057 0.018, -2.8926 -0.6057 0.02, -2.8929 -0.6057 0.02, -2.895 -0.6057 0.0168, -2.8992 -0.6057 0.0122, -2.9398 -0.6057 0.0225, -2.9405 -0.6057 0.0286, -2.933 -0.6057 0.0791, -2.8989 -0.6057 0.0855, -2.8932 -0.6057 0.0838, -2.8888 -0.6057 0.0813, -2.8926 -0.6057 0.0566, -2.893 -0.6057 0.0626, -2.8944 -0.6057 0.0673, -2.896 -0.6057 0.0701, -2.9286 -0.6057 0.0815, -2.9183 -0.6057 0.085, -2.9068 -0.6057 0.0862, -2.898 -0.6057 0.0722, -2.9004 -0.6057 0.0737, -2.909 -0.6057 0.0073, -2.9094 -0.6057 0.0071, -2.8746 -0.6057 -0.035, -2.9452 -0.6057 -0.035, -2.9163 -0.6057 0.0064, -2.924 -0.6057 0.0073, -2.9243 -0.6057 0.0073, -2.7812 -0.6057 0.03, -2.8026 -0.6057 0.0844, -2.7877 -0.6057 0.0844, -2.7732 -0.6057 0.0073, -2.7727 -0.6057 0.0083, -2.7812 -0.6057 -0.0103, -2.7812 -0.6057 -0.0103, -2.7812 -0.6057 0.0073, -2.7786 -0.6057 -0.0055, -2.7999 -0.6057 -0.0148, -2.7999 -0.6057 -0.0267, -2.7971 -0.6057 -0.0156, -2.7923 -0.6057 -0.0163, -2.7891 -0.6057 -0.0159, -2.7812 -0.6057 -0.0254, -2.7858 -0.6057 -0.0271, -2.7812 -0.6057 -0.035, -2.7912 -0.6057 -0.0277, -2.7942 -0.6057 -0.0276, -2.7861 -0.6057 -0.0148, -2.7837 -0.6057 -0.0131, -2.764 -0.6057 -0.0033, -2.7701 -0.6057 -0.0151, -2.6812 -0.6057 -0.035, -2.7598 -0.6057 0.0073, -2.775 -0.6057 -0.021, -2.7759 -0.6057 -0.0218, -2.7806 -0.6057 -0.0251, -2.9452 -0.6057 -0.1335, -2.8746 -0.6057 -0.1335, -2.8549 -0.6057 -0.1335, -2.8061 -0.6057 -0.1335, -2.7812 -0.6057 -0.1335, -2.6475 -0.6057 -0.1335, -2.6812 -0.6057 -0.1335, -2.904 -0.6057 0.0091, 0.6757 -0.6057 0.0073, -2.9516 -0.6057 0.0073, -2.9533 -0.6057 0.0082, -3.0107 -0.6057 0.0082, -3.0107 -0.6057 0.1149, -2.9516 -0.6057 -0.035, -2.9516 -0.6057 -0.1335, -2.9557 -0.6057 0.1149, -2.9516 -0.6057 0.1453, -2.9557 -0.6057 0.1027, -2.9533 -0.6057 0.0203, -2.9969 -0.6057 0.0563, -2.9969 -0.6057 0.0203, -2.9587 -0.6057 0.0563, -2.9587 -0.6057 0.0685, -2.9969 -0.6057 0.0685, -2.9969 -0.6057 0.1027, -2.5901 -0.6057 0.0103, -2.6081 -0.6057 0.0082, -2.6374 -0.6057 0.0082, -2.6374 -0.6057 0.1149, -2.607 -0.6057 0.1149, -2.5476 -0.6057 0.1453, -2.5907 -0.6057 0.1131, -2.5778 -0.6057 0.1084, -2.5539 -0.6057 0.0422, -2.5595 -0.6057 0.0314, -2.5666 -0.6057 0.1008, -2.5628 -0.6057 0.097, -2.5562 -0.6057 0.0877, -2.5666 -0.6057 0.0231, -2.5779 -0.6057 0.0151, -2.5523 -0.6057 0.0775, -2.5505 -0.6057 0.0629, -2.551 -0.6057 0.0545, -2.5294 -0.6057 0.0082, -2.5446 -0.6057 0.0082, -2.4638 -0.6057 0.0082, -2.4746 -0.6057 0.0374, -2.5191 -0.6057 0.0374, -2.5039 -0.6057 0.1149, -2.4892 -0.6057 0.1149, -2.9969 -0.6057 0.2843, -2.9969 -0.6057 0.1897, -2.9544 -0.6057 0.1897, -3.0107 -0.6057 0.1775, -3.0107 -0.6057 0.2843, -2.9544 -0.6057 0.1775, -2.7407 -0.6057 0.2843, -2.7244 -0.6057 0.2825, -2.7115 -0.6057 0.2778, -2.7711 -0.6057 0.1775, -2.7711 -0.6057 0.2843, -2.6876 -0.6057 0.2116, -2.6932 -0.6057 0.2007, -2.7003 -0.6057 0.2702, -2.6965 -0.6057 0.2664, -2.6899 -0.6057 0.2571, -2.7003 -0.6057 0.1925, -2.7116 -0.6057 0.1844, -2.686 -0.6057 0.2469, -2.6842 -0.6057 0.2323, -2.6847 -0.6057 0.2238, -2.4485 -0.6057 0.0082, 0.6757 -0.6057 0.1453, 0.6757 -0.6057 0.1766, 0.6757 -0.6057 0.2852, 3.8 -0.6057 0.0073, 3.8 -0.6057 0.1453, 3.8 -0.6057 0.1766, 3.8 -0.6057 0.2852, -2.9516 -0.6057 0.3665, 3.8 -0.6057 0.3665, 0.6757 -0.6057 0.3665, -2.5476 -0.6057 0.3665, -2.6475 -0.6057 0.3665, -2.6812 -0.6057 0.3665, -2.7812 -0.6057 0.3665, -2.8061 -0.6057 0.3665, -2.8549 -0.6057 0.3665, 3.8 1.1443 0.3665, 3.8 1.1443 -0.1335, -3.8 1.1443 0.3665, -3.8 1.1443 -0.1335, -3.8 0.6443 0.3665, -3.8 0.6443 -0.1335, -3.703 0.6443 0.3665, -3.703 0.6443 -0.1335, -3.703 0.0993 0.3665, -3.703 0.0993 -0.1335, -3.8 0.0993 0.3665, -3.8 0.0993 -0.1335, -1.9996 -0.5057 0.3665, -1.9996 0.0783 0.3665, -1.5504 0.0783 0.3665, -1.5504 -0.5057 0.3665, 1.5504 -0.5057 0.3665, 1.5504 0.0783 0.3665, 1.9996 0.0783 0.3665, 1.9996 -0.5057 0.3665, 1.8594 0.0783 0.8665, 1.8651 -0.0669 0.8665, 1.9713 0.0783 0.8665, 1.9036 -0.2069 0.8665, 1.9713 -0.3324 0.8665, 1.5787 -0.3324 0.8665, 1.6464 -0.2069 0.8665, 1.5787 0.0783 0.8665, 1.6849 -0.0669 0.8665, 1.6906 0.0783 0.8665, 1.5957 -0.3067 1.1665, 1.5873 -0.3197 1.0192, 1.5957 -0.5057 1.1665, 1.9543 -0.5057 1.1665, 1.9543 -0.3067 1.1665, 1.6464 -0.2069 1.1665, 1.9036 -0.2069 1.1665, 1.6849 -0.0669 1.1665, 1.8651 -0.0669 1.1665, 1.6906 0.0783 1.1665, 1.8594 0.0783 1.1665, 1.9627 -0.3197 1.0192, -1.6464 -0.2069 1.1665, -1.9543 -0.3067 1.1665, -1.5957 -0.3067 1.1665, -1.9543 -0.5057 1.1665, -1.5957 -0.5057 1.1665, -1.6906 0.0783 1.1665, -1.8594 0.0783 1.1665, -1.6849 -0.0669 1.1665, -1.8651 -0.0669 1.1665, -1.9036 -0.2069 1.1665, -1.5873 -0.3197 1.0192, -1.5787 -0.3324 0.8665, -1.6464 -0.2069 0.8665, -1.6906 0.0783 0.8665, -1.6849 -0.0669 0.8665, -1.9627 -0.3197 1.0192, -1.8594 0.0783 0.8665, -1.8651 -0.0669 0.8665, -1.9036 -0.2069 0.8665, -1.9713 -0.3324 0.8665, -1.5787 0.0783 0.8665, -1.9713 0.0783 0.8665, -1.9713 0.0783 0.8665
            ]
        }
        coordIndex [
            0,1,2,-1,3,4,5,-1,6,7,8,-1,9,6,10,-1,11,12,13,-1,14,15,16,-1,17,18,19,-1,20,21,22,-1,22,21,23,-1,24,25,22,-1,22,25,26,-1,22,26,27,-1,27,28,22,-1,22,28,29,-1,22,29,20,-1,30,31,32,-1,32,31,33,-1,32,33,34,-1,34,33,35,-1,30,32,36,-1,36,32,37,-1,36,37,38,-1,39,40,37,-1,37,40,41,-1,37,41,42,-1,37,43,38,-1,38,43,44,-1,38,44,45,-1,45,44,46,-1,45,46,47,-1,42,48,37,-1,37,48,49,-1,37,49,43,-1,50,51,52,-1,50,52,53,-1,51,54,52,-1,52,54,55,-1,52,55,56,-1,56,55,57,-1,57,58,56,-1,56,58,59,-1,56,59,39,-1,39,59,60,-1,39,60,40,-1,61,53,62,-1,62,53,52,-1,62,52,63,-1,63,52,64,-1,63,64,65,-1,65,64,66,-1,67,68,69,-1,70,71,64,-1,64,71,72,-1,64,72,66,-1,69,73,67,-1,67,73,74,-1,67,74,70,-1,70,74,75,-1,70,75,71,-1,76,77,68,-1,68,77,78,-1,68,78,79,-1,79,80,68,-1,68,80,81,-1,68,81,69,-1,82,83,84,-1,85,86,87,-1,88,89,76,-1,90,91,92,-1,92,91,93,-1,85,87,94,-1,88,76,95,-1,96,97,91,-1,91,97,98,-1,91,98,99,-1,84,83,76,-1,76,83,100,-1,76,100,95,-1,86,101,87,-1,87,101,102,-1,87,102,103,-1,104,105,106,-1,106,105,107,-1,106,107,108,-1,109,99,110,-1,110,99,111,-1,110,111,106,-1,106,111,112,-1,106,112,104,-1,109,113,99,-1,99,113,114,-1,99,114,91,-1,91,114,115,-1,91,115,93,-1,116,117,118,-1,118,117,119,-1,118,119,87,-1,87,119,120,-1,87,120,94,-1,121,122,87,-1,87,122,123,-1,87,123,91,-1,91,123,124,-1,91,124,96,-1,125,126,77,-1,77,126,127,-1,77,127,128,-1,128,129,77,-1,77,129,130,-1,77,130,131,-1,131,130,116,-1,131,116,132,-1,132,116,118,-1,89,133,76,-1,76,133,134,-1,76,134,77,-1,77,134,135,-1,77,135,125,-1,103,136,87,-1,87,136,137,-1,87,137,138,-1,138,139,87,-1,87,139,140,-1,87,140,121,-1,141,142,143,-1,143,99,141,-1,141,99,98,-1,141,98,144,-1,144,98,145,-1,145,146,144,-1,144,146,147,-1,144,147,148,-1,149,150,151,-1,150,152,151,-1,151,152,153,-1,151,153,154,-1,155,151,156,-1,142,141,155,-1,155,141,157,-1,155,157,151,-1,151,157,158,-1,151,158,149,-1,156,159,155,-1,155,159,160,-1,155,160,161,-1,154,153,162,-1,162,153,163,-1,162,163,164,-1,164,163,165,-1,164,165,166,-1,167,168,161,-1,161,168,169,-1,161,169,155,-1,21,170,23,-1,23,170,171,-1,23,171,84,-1,84,171,172,-1,84,172,82,-1,173,174,175,-1,19,18,176,-1,176,18,177,-1,176,177,178,-1,179,180,181,-1,181,180,182,-1,181,182,183,-1,183,182,173,-1,183,173,184,-1,185,186,187,-1,187,186,188,-1,187,188,178,-1,175,174,189,-1,189,174,190,-1,189,190,191,-1,192,193,194,-1,195,196,197,-1,197,196,198,-1,197,198,199,-1,199,198,192,-1,199,192,200,-1,200,192,194,-1,201,202,203,-1,204,205,206,-1,207,208,201,-1,208,209,201,-1,201,209,210,-1,201,210,202,-1,202,210,211,-1,204,206,201,-1,201,206,212,-1,201,212,207,-1,213,214,215,-1,215,214,216,-1,215,216,203,-1,203,216,217,-1,203,217,201,-1,218,219,15,-1,15,219,220,-1,15,220,16,-1,221,222,16,-1,223,224,225,-1,226,227,16,-1,16,227,228,-1,211,229,202,-1,202,229,230,-1,202,230,225,-1,225,230,231,-1,225,231,223,-1,224,232,225,-1,225,232,233,-1,225,233,234,-1,234,233,235,-1,234,235,221,-1,236,237,222,-1,222,237,238,-1,222,238,16,-1,16,238,239,-1,16,239,226,-1,228,240,16,-1,16,240,241,-1,16,241,14,-1,242,243,244,-1,244,243,245,-1,244,245,246,-1,244,247,242,-1,242,247,248,-1,242,248,249,-1,249,250,242,-1,242,250,251,-1,242,251,252,-1,252,251,253,-1,252,253,254,-1,254,253,255,-1,254,255,222,-1,222,255,256,-1,222,256,236,-1,257,258,246,-1,246,258,259,-1,246,259,244,-1,260,261,205,-1,205,261,262,-1,205,262,206,-1,260,263,261,-1,261,263,264,-1,261,264,265,-1,265,264,266,-1,265,267,268,-1,266,269,265,-1,265,269,270,-1,265,270,271,-1,271,272,265,-1,265,272,273,-1,265,273,267,-1,268,274,265,-1,265,274,275,-1,265,275,276,-1,277,278,279,-1,280,281,279,-1,279,281,282,-1,279,282,277,-1,278,277,283,-1,283,277,284,-1,283,284,285,-1,281,286,282,-1,282,286,287,-1,282,287,2,-1,2,287,288,-1,2,288,289,-1,289,288,290,-1,289,290,285,-1,285,290,291,-1,285,291,283,-1,292,293,294,-1,295,296,297,-1,297,296,298,-1,297,298,299,-1,299,298,300,-1,299,300,301,-1,301,300,302,-1,301,302,303,-1,303,302,304,-1,303,304,305,-1,305,304,306,-1,307,308,309,-1,292,302,293,-1,293,302,300,-1,293,300,310,-1,310,300,311,-1,310,311,309,-1,309,311,312,-1,309,312,307,-1,313,314,294,-1,294,314,315,-1,294,315,292,-1,316,317,318,-1,317,319,318,-1,318,319,320,-1,318,320,321,-1,321,320,322,-1,321,322,323,-1,323,322,308,-1,323,308,313,-1,313,308,307,-1,313,307,314,-1,324,325,326,-1,327,328,318,-1,318,328,329,-1,329,330,318,-1,318,330,331,-1,318,331,332,-1,333,334,318,-1,318,334,335,-1,318,335,316,-1,318,336,327,-1,327,336,337,-1,327,337,326,-1,326,337,338,-1,326,338,324,-1,332,339,318,-1,318,339,340,-1,318,340,333,-1,341,342,343,-1,343,342,344,-1,343,344,313,-1,313,344,345,-1,313,345,323,-1,346,347,348,-1,348,347,349,-1,348,349,350,-1,351,352,353,-1,354,355,353,-1,353,355,356,-1,353,356,351,-1,357,358,353,-1,353,358,359,-1,353,359,354,-1,12,360,361,-1,361,360,362,-1,361,362,357,-1,357,362,363,-1,357,363,358,-1,364,365,13,-1,365,366,13,-1,13,366,367,-1,13,367,11,-1,364,13,368,-1,368,13,369,-1,368,369,370,-1,370,369,371,-1,371,369,202,-1,371,202,372,-1,322,373,308,-1,308,373,374,-1,308,374,375,-1,375,374,376,-1,375,376,377,-1,378,379,380,-1,380,379,381,-1,202,382,383,-1,383,384,202,-1,202,384,385,-1,202,385,203,-1,203,385,386,-1,203,386,387,-1,378,388,379,-1,379,388,389,-1,379,389,390,-1,390,389,391,-1,392,393,391,-1,391,393,394,-1,391,394,390,-1,395,396,397,-1,397,396,398,-1,397,398,399,-1,400,401,387,-1,387,401,402,-1,387,402,403,-1,399,404,397,-1,397,404,405,-1,397,405,369,-1,369,405,381,-1,369,381,406,-1,406,381,379,-1,407,408,202,-1,202,408,409,-1,202,409,382,-1,410,411,391,-1,391,411,412,-1,391,412,413,-1,406,414,369,-1,369,414,415,-1,369,415,202,-1,202,415,416,-1,202,416,407,-1,413,417,391,-1,391,417,418,-1,391,418,392,-1,419,420,421,-1,421,420,422,-1,420,423,422,-1,422,423,424,-1,422,424,397,-1,397,424,425,-1,397,425,395,-1,426,427,16,-1,221,16,234,-1,234,16,427,-1,234,427,196,-1,196,427,428,-1,196,428,198,-1,429,430,426,-1,431,432,433,-1,433,432,434,-1,433,434,429,-1,429,426,433,-1,433,426,16,-1,433,16,435,-1,435,16,220,-1,435,220,436,-1,435,437,433,-1,433,437,438,-1,433,438,439,-1,440,441,442,-1,442,441,443,-1,442,443,220,-1,220,443,444,-1,220,444,436,-1,439,445,433,-1,433,445,446,-1,433,446,431,-1,447,448,449,-1,447,449,450,-1,448,451,449,-1,449,451,452,-1,449,452,442,-1,442,452,453,-1,442,453,440,-1,422,454,421,-1,421,454,455,-1,421,455,219,-1,219,455,456,-1,219,456,220,-1,220,456,457,-1,220,457,442,-1,442,457,458,-1,442,458,449,-1,9,4,459,-1,459,4,3,-1,459,3,460,-1,218,213,219,-1,219,213,215,-1,219,215,421,-1,421,215,203,-1,421,203,419,-1,419,203,387,-1,419,387,461,-1,461,387,403,-1,19,196,17,-1,17,196,195,-1,17,195,191,-1,191,195,450,-1,191,450,189,-1,189,450,449,-1,189,449,175,-1,9,10,4,-1,4,10,462,-1,4,462,5,-1,463,464,465,-1,466,84,465,-1,465,84,76,-1,465,76,463,-1,463,76,68,-1,463,68,467,-1,467,68,67,-1,467,67,468,-1,466,469,470,-1,470,469,471,-1,470,471,463,-1,463,471,472,-1,463,472,464,-1,473,474,475,-1,475,474,472,-1,475,472,476,-1,476,472,471,-1,476,471,477,-1,477,471,478,-1,479,480,5,-1,5,480,175,-1,5,175,3,-1,3,175,449,-1,3,449,460,-1,460,449,458,-1,480,481,175,-1,175,481,176,-1,175,176,173,-1,173,176,178,-1,173,178,184,-1,184,178,188,-1,481,482,176,-1,176,482,483,-1,176,483,484,-1,484,483,485,-1,484,485,486,-1,5,487,488,-1,486,489,484,-1,484,489,490,-1,484,490,491,-1,488,492,5,-1,5,492,493,-1,5,493,479,-1,491,494,484,-1,484,494,495,-1,484,495,5,-1,5,495,496,-1,5,496,487,-1,497,498,5,-1,499,500,501,-1,5,498,484,-1,484,498,502,-1,484,502,503,-1,12,361,13,-1,13,361,470,-1,13,470,369,-1,369,470,463,-1,369,463,397,-1,397,463,467,-1,397,467,422,-1,422,467,468,-1,422,468,454,-1,484,277,176,-1,176,277,282,-1,176,282,19,-1,19,282,2,-1,19,2,196,-1,196,2,310,-1,196,310,234,-1,234,310,309,-1,234,309,225,-1,225,309,308,-1,225,308,202,-1,202,308,375,-1,202,375,372,-1,372,375,377,-1,504,505,506,-1,466,470,84,-1,84,470,361,-1,84,361,23,-1,23,361,507,-1,23,507,22,-1,507,508,22,-1,22,508,504,-1,22,504,357,-1,357,504,506,-1,357,506,361,-1,361,506,509,-1,361,509,507,-1,293,510,289,-1,289,510,511,-1,289,511,512,-1,2,1,310,-1,310,1,513,-1,310,513,293,-1,293,513,514,-1,293,514,510,-1,2,515,516,-1,512,517,289,-1,289,517,518,-1,289,518,519,-1,516,520,2,-1,2,520,521,-1,2,521,0,-1,519,522,289,-1,289,522,523,-1,289,523,2,-1,2,523,524,-1,2,524,515,-1,501,497,499,-1,499,497,5,-1,499,5,525,-1,525,5,462,-1,525,462,503,-1,503,462,526,-1,503,526,484,-1,484,526,527,-1,484,527,277,-1,277,527,528,-1,277,528,284,-1,6,8,10,-1,10,8,529,-1,10,529,462,-1,462,529,530,-1,462,530,526,-1,526,530,531,-1,526,531,527,-1,527,531,532,-1,527,532,528,-1,352,347,353,-1,353,347,346,-1,353,346,357,-1,357,346,533,-1,357,533,22,-1,22,533,34,-1,22,34,24,-1,24,34,35,-1,532,534,528,-1,528,534,535,-1,528,535,284,-1,284,535,536,-1,284,536,285,-1,285,536,537,-1,285,537,289,-1,289,537,538,-1,289,538,293,-1,293,538,539,-1,293,539,294,-1,294,539,540,-1,294,540,313,-1,313,540,541,-1,313,541,343,-1,343,541,348,-1,343,348,341,-1,341,348,350,-1,542,534,543,-1,543,534,7,-1,544,542,545,-1,545,542,543,-1,546,544,547,-1,547,544,545,-1,548,546,549,-1,549,546,547,-1,550,548,551,-1,551,548,549,-1,552,550,553,-1,553,550,551,-1,32,552,70,-1,70,552,553,-1,70,553,551,-1,547,545,549,-1,549,545,543,-1,549,543,551,-1,551,543,7,-1,551,7,70,-1,544,546,548,-1,550,554,548,-1,548,554,555,-1,548,555,544,-1,544,555,556,-1,544,556,542,-1,550,552,554,-1,554,552,32,-1,554,32,557,-1,32,534,557,-1,557,534,558,-1,557,558,556,-1,556,558,559,-1,556,559,542,-1,542,559,560,-1,542,560,534,-1,534,560,561,-1,534,561,558,-1,562,563,564,-1,564,563,565,-1,564,565,566,-1,567,568,569,-1,569,568,570,-1,569,570,571,-1,567,569,559,-1,572,573,574,-1,574,573,567,-1,574,567,558,-1,558,567,559,-1,574,575,572,-1,572,575,576,-1,572,576,577,-1,577,576,578,-1,577,578,579,-1,579,578,580,-1,579,580,581,-1,581,580,582,-1,562,564,560,-1,559,569,571,-1,581,582,571,-1,571,582,562,-1,571,562,559,-1,559,562,560,-1,560,564,561,-1,561,564,566,-1,561,566,575,-1,575,566,583,-1,575,583,576,-1,561,575,558,-1,558,575,574,-1,573,572,577,-1,581,571,579,-1,579,571,570,-1,579,570,577,-1,577,570,568,-1,577,568,573,-1,573,568,567,-1,583,566,565,-1,583,565,576,-1,562,582,563,-1,563,582,580,-1,563,580,565,-1,565,580,578,-1,565,578,576,-1,584,585,586,-1,586,585,587,-1,586,587,588,-1,589,590,591,-1,591,590,592,-1,591,592,584,-1,584,592,593,-1,584,593,585,-1,594,595,596,-1,594,596,586,-1,597,589,598,-1,598,589,591,-1,598,591,596,-1,596,591,584,-1,596,584,586,-1,599,585,593,-1,590,600,592,-1,592,600,601,-1,592,601,593,-1,593,601,602,-1,593,602,599,-1,599,602,603,-1,557,588,554,-1,554,588,587,-1,597,604,556,-1,555,605,600,-1,590,589,600,-1,600,589,597,-1,600,597,555,-1,555,597,556,-1,556,604,557,-1,557,604,595,-1,557,595,588,-1,588,595,594,-1,588,594,586,-1,603,605,555,-1,585,599,587,-1,587,599,603,-1,587,603,554,-1,554,603,555,-1,597,598,604,-1,604,598,596,-1,604,596,595,-1,603,602,605,-1,605,602,601,-1,605,601,600,-1,
        ]
    }
}
Shape{
    appearance Appearance {
        material  Material 	{
            diffuseColor 1.0 1.0 1.0
            specularColor 0.5019607843137255 0.5019607843137255 0.5019607843137255
            ambientIntensity 0.2
            transparency 0
            shininess 0.5
        }
    }
    geometry IndexedFaceSet {
        ccw TRUE
        solid FALSE
        coord DEF co Coordinate {
            point [
                -2.9544 -0.6096 0.1897, -2.9544 -0.6096 0.1775, -2.9544 -0.6057 0.1897, -2.9544 -0.6057 0.1775, -2.9969 -0.6096 0.1897, -2.9969 -0.6057 0.1897, -2.9969 -0.6096 0.2843, -2.9969 -0.6057 0.2843, -3.0107 -0.6096 0.2843, -3.0107 -0.6057 0.2843, -3.0107 -0.6096 0.1775, -3.0107 -0.6057 0.1775, -2.8834 -0.6096 0.1773, -2.8996 -0.6096 0.1757, -2.8996 -0.6057 0.1757, -2.8902 -0.6057 0.1766, -2.8834 -0.6057 0.1773, -2.8719 -0.6096 0.181, -2.8746 -0.6057 0.1802, -2.8719 -0.6057 0.181, -2.8701 -0.6057 0.182, -2.8701 -0.6096 0.182, -2.8701 -0.6096 0.1952, -2.8701 -0.6057 0.1952, -2.8746 -0.6057 0.193, -2.8795 -0.6096 0.1908, -2.8795 -0.6057 0.1908, -2.8913 -0.6057 0.1883, -2.8913 -0.6096 0.1883, -2.8976 -0.6057 0.188, -2.8976 -0.6096 0.188, -2.9078 -0.6057 0.1892, -2.9078 -0.6096 0.1892, -2.9155 -0.6057 0.192, -2.9155 -0.6096 0.192, -2.9226 -0.6057 0.1969, -2.9226 -0.6096 0.1969, -2.9251 -0.6057 0.1993, -2.9251 -0.6096 0.1993, -2.9304 -0.6057 0.2066, -2.9304 -0.6096 0.2066, -2.9338 -0.6057 0.2153, -2.9338 -0.6096 0.2153, -2.9355 -0.6057 0.2282, -2.9355 -0.6096 0.2282, -2.9356 -0.6057 0.2297, -2.9356 -0.6096 0.2297, -2.9338 -0.6057 0.2442, -2.9338 -0.6096 0.2442, -2.9303 -0.6057 0.2535, -2.9303 -0.6096 0.2535, -2.9251 -0.6057 0.2609, -2.9251 -0.6096 0.2609, -2.9243 -0.6057 0.2618, -2.9243 -0.6096 0.2618, -2.9171 -0.6057 0.2678, -2.9171 -0.6096 0.2678, -2.9087 -0.6057 0.2717, -2.9087 -0.6096 0.2717, -2.8994 -0.6057 0.2735, -2.8994 -0.6096 0.2735, -2.8952 -0.6057 0.2737, -2.8952 -0.6096 0.2737, -2.8701 -0.6057 0.2673, -2.8701 -0.6096 0.2673, -2.8728 -0.6096 0.2687, -2.8838 -0.6057 0.2725, -2.8838 -0.6096 0.2725, -2.8746 -0.6057 0.2694, -2.8728 -0.6057 0.2687, -2.8701 -0.6096 0.2817, -2.8701 -0.6057 0.2817, -2.8954 -0.6057 0.2861, -2.8954 -0.6096 0.2861, -2.8934 -0.6096 0.2861, -2.8746 -0.6057 0.2831, -2.8798 -0.6096 0.2847, -2.8798 -0.6057 0.2847, -2.8847 -0.6057 0.2852, -2.8934 -0.6057 0.2861, -2.9028 -0.6057 0.2852, -2.9107 -0.6096 0.2842, -2.9107 -0.6057 0.2842, -2.9219 -0.6057 0.2799, -2.9219 -0.6096 0.2799, -2.9322 -0.6057 0.2727, -2.9322 -0.6096 0.2727, -2.9346 -0.6057 0.2704, -2.9346 -0.6096 0.2704, -2.9414 -0.6057 0.2617, -2.9452 -0.6057 0.2536, -2.9469 -0.6096 0.2501, -2.9414 -0.6096 0.2617, -2.9469 -0.6057 0.2501, -2.9497 -0.6057 0.2366, -2.9497 -0.6096 0.2366, -2.95 -0.6057 0.2289, -2.95 -0.6096 0.2289, -2.948 -0.6057 0.2117, -2.9452 -0.6057 0.2047, -2.9436 -0.6096 0.2005, -2.948 -0.6096 0.2117, -2.9436 -0.6057 0.2005, -2.9373 -0.6057 0.1914, -2.9373 -0.6096 0.1914, -2.9363 -0.6057 0.1903, -2.9363 -0.6096 0.1903, -2.9071 -0.6096 0.1761, -2.9285 -0.6057 0.1836, -2.9285 -0.6096 0.1836, -2.9185 -0.6057 0.1787, -2.9185 -0.6096 0.1787, -2.9093 -0.6057 0.1766, -2.9071 -0.6057 0.1761, -2.7913 -0.6096 0.1897, -2.7913 -0.6096 0.1775, -2.7913 -0.6057 0.1897, -2.7913 -0.6057 0.1775, -2.8349 -0.6057 0.1897, -2.8349 -0.6096 0.1897, -2.8061 -0.6057 0.1897, -2.8349 -0.6096 0.2256, -2.8349 -0.6057 0.2256, -2.7968 -0.6096 0.2256, -2.8061 -0.6057 0.2256, -2.7968 -0.6057 0.2256, -2.7968 -0.6096 0.2378, -2.7968 -0.6057 0.2378, -2.8349 -0.6057 0.2378, -2.8349 -0.6096 0.2378, -2.8061 -0.6057 0.2378, -2.8349 -0.6096 0.272, -2.8349 -0.6057 0.272, -2.7937 -0.6057 0.272, -2.7937 -0.6096 0.272, -2.8061 -0.6057 0.272, -2.7937 -0.6096 0.2843, -2.7937 -0.6057 0.2843, -2.8487 -0.6057 0.2843, -2.8487 -0.6096 0.2843, -2.8061 -0.6057 0.2843, -2.8487 -0.6096 0.1775, -2.8487 -0.6057 0.1775, -2.8061 -0.6057 0.1775, -2.7046 -0.6096 0.2077, -2.7101 -0.6096 0.2008, -2.7003 -0.6096 0.1925, -2.7115 -0.6096 0.1996, -2.7116 -0.6096 0.1844, -2.7184 -0.6096 0.1948, -2.7238 -0.6096 0.1797, -2.7272 -0.6096 0.1914, -2.7418 -0.6096 0.1775, -2.7418 -0.6096 0.1897, -2.7711 -0.6096 0.1775, -2.7573 -0.6096 0.1897, -2.7711 -0.6096 0.2843, -2.7573 -0.6096 0.272, -2.7407 -0.6096 0.2843, -2.7412 -0.6096 0.272, -2.7244 -0.6096 0.2825, -2.7274 -0.6096 0.2705, -2.7115 -0.6096 0.2778, -2.7181 -0.6096 0.2671, -2.7003 -0.6096 0.2702, -2.7104 -0.6096 0.262, -2.6965 -0.6096 0.2664, -2.7066 -0.6096 0.2581, -2.6899 -0.6096 0.2571, -2.7027 -0.6096 0.2518, -2.686 -0.6096 0.2469, -2.6999 -0.6096 0.2436, -2.6842 -0.6096 0.2323, -2.6987 -0.6096 0.2319, -2.6847 -0.6096 0.2238, -2.699 -0.6096 0.2256, -2.6876 -0.6096 0.2116, -2.701 -0.6096 0.2157, -2.6932 -0.6096 0.2007, -2.7418 -0.6057 0.1775, -2.7711 -0.6057 0.1775, -2.7238 -0.6057 0.1797, -2.7116 -0.6057 0.1844, -2.7003 -0.6057 0.1925, -2.6932 -0.6057 0.2007, -2.6876 -0.6057 0.2116, -2.6847 -0.6057 0.2238, -2.6842 -0.6057 0.2323, -2.686 -0.6057 0.2469, -2.6899 -0.6057 0.2571, -2.6965 -0.6057 0.2664, -2.7003 -0.6057 0.2702, -2.7115 -0.6057 0.2778, -2.7244 -0.6057 0.2825, -2.7407 -0.6057 0.2843, -2.7711 -0.6057 0.2843, -2.7412 -0.6057 0.272, -2.7573 -0.6057 0.272, -2.7573 -0.6057 0.1897, -2.7418 -0.6057 0.1897, -2.7101 -0.6057 0.2008, -2.7115 -0.6057 0.1996, -2.7184 -0.6057 0.1948, -2.7272 -0.6057 0.1914, -2.6987 -0.6057 0.2319, -2.699 -0.6057 0.2256, -2.701 -0.6057 0.2157, -2.7046 -0.6057 0.2077, -2.7104 -0.6057 0.262, -2.7066 -0.6057 0.2581, -2.7027 -0.6057 0.2518, -2.6999 -0.6057 0.2436, -2.7274 -0.6057 0.2705, -2.7181 -0.6057 0.2671, -2.7181 -0.6057 0.2671
            ]
        }
        coordIndex [
            0,1,2,-1,2,1,3,-1,4,0,5,-1,5,0,2,-1,6,4,7,-1,7,4,5,-1,8,6,9,-1,9,6,7,-1,10,8,11,-1,11,8,9,-1,1,10,3,-1,3,10,11,-1,6,8,4,-1,4,8,10,-1,4,10,0,-1,0,10,1,-1,12,13,14,-1,14,15,12,-1,12,15,16,-1,12,16,17,-1,17,16,18,-1,18,19,17,-1,17,19,20,-1,17,20,21,-1,22,21,23,-1,23,21,20,-1,22,23,24,-1,22,24,25,-1,24,26,25,-1,25,26,27,-1,25,27,28,-1,28,27,29,-1,28,29,30,-1,30,29,31,-1,30,31,32,-1,32,31,33,-1,32,33,34,-1,34,33,35,-1,34,35,36,-1,36,35,37,-1,36,37,38,-1,38,37,39,-1,38,39,40,-1,40,39,41,-1,40,41,42,-1,42,41,43,-1,42,43,44,-1,44,43,45,-1,44,45,46,-1,46,45,47,-1,46,47,48,-1,48,47,49,-1,48,49,50,-1,50,49,51,-1,50,51,52,-1,52,51,53,-1,52,53,54,-1,54,53,55,-1,54,55,56,-1,56,55,57,-1,56,57,58,-1,58,57,59,-1,58,59,60,-1,60,59,61,-1,60,61,62,-1,63,64,65,-1,62,61,66,-1,62,66,67,-1,67,66,68,-1,67,68,65,-1,65,68,69,-1,65,69,63,-1,70,64,71,-1,71,64,63,-1,72,73,74,-1,70,71,75,-1,70,75,76,-1,75,77,76,-1,76,77,78,-1,76,78,74,-1,74,78,79,-1,74,79,72,-1,73,72,80,-1,73,80,81,-1,80,82,81,-1,81,82,83,-1,81,83,84,-1,84,83,85,-1,84,85,86,-1,86,85,87,-1,86,87,88,-1,88,87,89,-1,90,91,89,-1,89,91,92,-1,89,92,88,-1,90,93,91,-1,91,93,94,-1,91,94,95,-1,95,94,96,-1,95,96,97,-1,97,96,98,-1,99,100,98,-1,98,100,101,-1,98,101,97,-1,99,102,100,-1,100,102,103,-1,100,103,104,-1,104,103,105,-1,104,105,106,-1,14,13,107,-1,106,105,108,-1,106,108,109,-1,109,108,110,-1,109,110,111,-1,111,110,112,-1,111,112,107,-1,107,112,113,-1,107,113,14,-1,65,64,70,-1,56,58,81,-1,48,50,92,-1,81,58,73,-1,92,50,88,-1,65,70,67,-1,81,84,56,-1,56,84,86,-1,56,86,54,-1,54,86,88,-1,54,88,52,-1,52,88,50,-1,58,60,73,-1,73,60,62,-1,73,62,74,-1,74,62,67,-1,74,67,76,-1,76,67,70,-1,97,46,95,-1,95,46,48,-1,95,48,91,-1,91,48,92,-1,21,22,17,-1,17,22,25,-1,17,25,12,-1,12,25,28,-1,12,28,13,-1,13,28,30,-1,13,30,107,-1,107,30,32,-1,107,32,111,-1,111,32,34,-1,111,34,109,-1,109,34,36,-1,109,36,106,-1,106,36,38,-1,106,38,104,-1,104,38,40,-1,104,40,100,-1,100,40,101,-1,101,40,42,-1,101,42,97,-1,97,42,44,-1,97,44,46,-1,114,115,116,-1,116,115,117,-1,118,119,120,-1,120,119,114,-1,120,114,116,-1,121,119,122,-1,122,119,118,-1,121,122,123,-1,123,122,124,-1,123,124,125,-1,126,123,127,-1,127,123,125,-1,128,129,130,-1,130,129,126,-1,130,126,127,-1,131,129,132,-1,132,129,128,-1,133,134,135,-1,135,134,131,-1,135,131,132,-1,136,134,137,-1,137,134,133,-1,138,139,140,-1,140,139,136,-1,140,136,137,-1,141,139,142,-1,142,139,138,-1,117,115,143,-1,143,115,141,-1,143,141,142,-1,141,115,114,-1,114,119,141,-1,141,119,121,-1,141,121,139,-1,134,136,131,-1,131,136,139,-1,131,139,129,-1,129,139,121,-1,129,121,126,-1,126,121,123,-1,144,145,146,-1,146,145,147,-1,146,147,148,-1,148,147,149,-1,148,149,150,-1,150,149,151,-1,150,151,152,-1,152,151,153,-1,152,153,154,-1,154,153,155,-1,154,155,156,-1,156,155,157,-1,156,157,158,-1,158,157,159,-1,158,159,160,-1,160,159,161,-1,160,161,162,-1,162,161,163,-1,162,163,164,-1,164,163,165,-1,164,165,166,-1,166,165,167,-1,166,167,168,-1,168,167,169,-1,168,169,170,-1,170,169,171,-1,170,171,172,-1,172,171,173,-1,172,173,174,-1,174,173,175,-1,174,175,176,-1,176,175,177,-1,176,177,178,-1,178,177,144,-1,178,144,146,-1,152,154,179,-1,179,154,180,-1,152,179,181,-1,152,181,150,-1,150,181,182,-1,150,182,148,-1,148,182,183,-1,148,183,146,-1,146,183,184,-1,146,184,178,-1,178,184,185,-1,178,185,176,-1,176,185,186,-1,176,186,174,-1,174,186,187,-1,174,187,172,-1,172,187,188,-1,172,188,170,-1,170,188,189,-1,170,189,168,-1,168,189,190,-1,168,190,166,-1,166,190,191,-1,166,191,164,-1,164,191,192,-1,164,192,162,-1,162,192,193,-1,162,193,160,-1,160,193,194,-1,160,194,158,-1,156,158,195,-1,195,158,194,-1,154,156,180,-1,180,156,195,-1,159,157,196,-1,196,157,197,-1,157,155,197,-1,197,155,198,-1,155,153,198,-1,198,153,199,-1,145,200,201,-1,145,201,147,-1,147,201,202,-1,147,202,149,-1,149,202,203,-1,149,203,151,-1,151,203,199,-1,151,199,153,-1,173,204,205,-1,173,205,175,-1,175,205,206,-1,175,206,177,-1,177,206,207,-1,177,207,144,-1,144,207,200,-1,144,200,145,-1,165,208,209,-1,165,209,167,-1,167,209,210,-1,167,210,169,-1,169,210,211,-1,169,211,171,-1,171,211,204,-1,171,204,173,-1,159,196,212,-1,159,212,161,-1,161,212,213,-1,161,213,163,-1,163,213,208,-1,163,208,165,-1,
        ]
    }
}
Shape{
    appearance Appearance {
        material  Material 	{
            diffuseColor 0.25098039215686274 0.25098039215686274 0.25098039215686274
            specularColor 0.12549019607843137 0.12549019607843137 0.12549019607843137
            ambientIntensity 0.2
            transparency 0
            shininess 0.5
        }
    }
    geometry IndexedFaceSet {
        ccw TRUE
        solid FALSE
        coord DEF co Coordinate {
            point [
                -2.7573 -0.6057 0.272, -2.7573 -0.6057 0.1897, -2.7412 -0.6057 0.272, -2.7418 -0.6057 0.1897, -2.7272 -0.6057 0.1914, -2.7184 -0.6057 0.1948, -2.7115 -0.6057 0.1996, -2.7101 -0.6057 0.2008, -2.699 -0.6057 0.2256, -2.6987 -0.6057 0.2319, -2.6999 -0.6057 0.2436, -2.7027 -0.6057 0.2518, -2.7066 -0.6057 0.2581, -2.7104 -0.6057 0.262, -2.7274 -0.6057 0.2705, -2.7181 -0.6057 0.2671, -2.7046 -0.6057 0.2077, -2.701 -0.6057 0.2157, -2.701 -0.6057 0.2157
            ]
        }
        coordIndex [
            0,1,2,-1,2,1,3,-1,2,3,4,-1,4,5,2,-1,2,5,6,-1,2,6,7,-1,8,9,2,-1,2,9,10,-1,2,10,11,-1,11,12,2,-1,2,12,13,-1,2,13,14,-1,14,13,15,-1,7,16,2,-1,2,16,17,-1,2,17,8,-1,
        ]
    }
}
Shape{
    appearance Appearance {
        material  Material 	{
            diffuseColor 1.0 1.0 1.0
            specularColor 0.5019607843137255 0.5019607843137255 0.5019607843137255
            ambientIntensity 0.2
            transparency 0
            shininess 0.5
        }
    }
    geometry IndexedFaceSet {
        ccw TRUE
        solid FALSE
        coord DEF co Coordinate {
            point [
                -2.6484 -0.6096 0.2188, -2.6528 -0.6096 0.2067, -2.6126 -0.6096 0.2188, -2.6083 -0.6096 0.2067, -2.6325 -0.6096 0.2632, -2.6376 -0.6096 0.2843, -2.6783 -0.6096 0.1775, -2.6631 -0.6096 0.1775, -2.6315 -0.6096 0.2664, -2.6307 -0.6096 0.2706, -2.6229 -0.6096 0.2843, -2.6304 -0.6096 0.2706, -2.6295 -0.6096 0.2661, -2.6287 -0.6096 0.2632, -2.5822 -0.6096 0.1775, -2.5975 -0.6096 0.1775, -2.6229 -0.6057 0.2843, -2.5822 -0.6057 0.1775, -2.6376 -0.6057 0.2843, -2.6783 -0.6057 0.1775, -2.6475 -0.6057 0.2583, -2.6631 -0.6057 0.1775, -2.6528 -0.6057 0.2067, -2.6083 -0.6057 0.2067, -2.6475 -0.6057 0.2067, -2.5975 -0.6057 0.1775, -2.6484 -0.6057 0.2188, -2.6126 -0.6057 0.2188, -2.6287 -0.6057 0.2632, -2.6304 -0.6057 0.2706, -2.6295 -0.6057 0.2661, -2.6307 -0.6057 0.2706, -2.6325 -0.6057 0.2632, -2.6315 -0.6057 0.2664, -2.6315 -0.6057 0.2664
            ]
        }
        coordIndex [
            0,1,2,-1,2,1,3,-1,4,5,0,-1,0,5,6,-1,0,6,1,-1,1,6,7,-1,4,8,5,-1,5,8,9,-1,5,9,10,-1,10,9,11,-1,10,11,12,-1,12,13,10,-1,10,13,2,-1,10,2,14,-1,14,2,3,-1,14,3,15,-1,10,14,16,-1,16,14,17,-1,5,10,18,-1,18,10,16,-1,19,6,20,-1,20,6,5,-1,20,5,18,-1,7,6,21,-1,21,6,19,-1,1,7,22,-1,22,7,21,-1,23,3,24,-1,24,3,1,-1,24,1,22,-1,15,3,25,-1,25,3,23,-1,14,15,17,-1,17,15,25,-1,0,2,26,-1,26,2,27,-1,2,13,27,-1,27,13,28,-1,11,29,30,-1,11,30,12,-1,12,30,28,-1,12,28,13,-1,11,9,29,-1,29,9,31,-1,4,32,33,-1,4,33,8,-1,8,33,31,-1,8,31,9,-1,4,0,32,-1,32,0,26,-1,
        ]
    }
}
Shape{
    appearance Appearance {
        material  Material 	{
            diffuseColor 0.25098039215686274 0.25098039215686274 0.25098039215686274
            specularColor 0.12549019607843137 0.12549019607843137 0.12549019607843137
            ambientIntensity 0.2
            transparency 0
            shininess 0.5
        }
    }
    geometry IndexedFaceSet {
        ccw TRUE
        solid FALSE
        coord DEF co Coordinate {
            point [
                -2.6304 -0.6057 0.2706, -2.6307 -0.6057 0.2706, -2.6295 -0.6057 0.2661, -2.6315 -0.6057 0.2664, -2.6287 -0.6057 0.2632, -2.6325 -0.6057 0.2632, -2.6126 -0.6057 0.2188, -2.6484 -0.6057 0.2188, -2.6484 -0.6057 0.2188
            ]
        }
        coordIndex [
            0,1,2,-1,2,1,3,-1,2,3,4,-1,4,3,5,-1,4,5,6,-1,6,5,7,-1,
        ]
    }
}
Shape{
    appearance Appearance {
        material  Material 	{
            diffuseColor 1.0 1.0 1.0
            specularColor 0.5019607843137255 0.5019607843137255 0.5019607843137255
            ambientIntensity 0.2
            transparency 0
            shininess 0.5
        }
    }
    geometry IndexedFaceSet {
        ccw TRUE
        solid FALSE
        coord DEF co Coordinate {
            point [
                -2.9533 -0.6096 0.0203, -2.9533 -0.6096 0.0082, -2.9533 -0.6057 0.0203, -2.9533 -0.6057 0.0082, -2.9969 -0.6096 0.0203, -2.9969 -0.6057 0.0203, -2.9969 -0.6096 0.0563, -2.9969 -0.6057 0.0563, -2.9587 -0.6096 0.0563, -2.9587 -0.6057 0.0563, -2.9587 -0.6096 0.0685, -2.9587 -0.6057 0.0685, -2.9969 -0.6096 0.0685, -2.9969 -0.6057 0.0685, -2.9969 -0.6096 0.1027, -2.9969 -0.6057 0.1027, -2.9557 -0.6096 0.1027, -2.9557 -0.6057 0.1027, -2.9557 -0.6096 0.1149, -2.9557 -0.6057 0.1149, -3.0107 -0.6096 0.1149, -3.0107 -0.6057 0.1149, -3.0107 -0.6096 0.0082, -3.0107 -0.6057 0.0082, -2.8929 -0.6096 0.02, -2.8926 -0.6096 0.02, -2.8934 -0.6096 0.0323, -2.8926 -0.6096 0.0382, -2.8792 -0.6096 0.0572, -2.8926 -0.6096 0.0391, -2.8926 -0.6096 0.0464, -2.8926 -0.6096 0.0082, -2.8792 -0.6096 0.0082, -2.9216 -0.6096 0.0407, -2.9184 -0.6096 0.0422, -2.9257 -0.6096 0.0508, -2.8954 -0.6096 0.0275, -2.8983 -0.6096 0.0236, -2.895 -0.6096 0.0168, -2.9 -0.6096 0.0219, -2.8992 -0.6096 0.0122, -2.9038 -0.6096 0.0194, -2.904 -0.6096 0.0091, -2.9078 -0.6096 0.0179, -2.9094 -0.6096 0.0071, -2.9128 -0.6096 0.0173, -2.9163 -0.6096 0.0064, -2.9173 -0.6096 0.0179, -2.9243 -0.6096 0.0073, -2.9204 -0.6096 0.019, -2.9294 -0.6096 0.0092, -2.923 -0.6096 0.0208, -2.9339 -0.6096 0.0124, -2.9242 -0.6096 0.0219, -2.9152 -0.6096 0.0535, -2.9104 -0.6096 0.044, -2.8926 -0.6096 0.0566, -2.9234 -0.6096 0.0393, -2.9312 -0.6096 0.0479, -2.925 -0.6096 0.0374, -2.9352 -0.6096 0.0443, -2.9261 -0.6096 0.0349, -2.9381 -0.6096 0.04, -2.9268 -0.6096 0.0318, -2.9398 -0.6096 0.0351, -2.9269 -0.6096 0.0297, -2.9405 -0.6096 0.0286, -2.9266 -0.6096 0.0266, -2.9398 -0.6096 0.0225, -2.9257 -0.6096 0.0242, -2.9382 -0.6096 0.018, -2.9354 -0.6096 0.0139, -2.933 -0.6096 0.0791, -2.933 -0.6096 0.0661, -2.9286 -0.6096 0.0815, -2.9243 -0.6096 0.0716, -2.9183 -0.6096 0.085, -2.916 -0.6096 0.0745, -2.9068 -0.6096 0.0862, -2.908 -0.6096 0.0753, -2.8989 -0.6096 0.0855, -2.9035 -0.6096 0.0748, -2.8932 -0.6096 0.0838, -2.9004 -0.6096 0.0737, -2.8888 -0.6096 0.0813, -2.898 -0.6096 0.0722, -2.8853 -0.6096 0.0781, -2.896 -0.6096 0.0701, -2.8825 -0.6096 0.0738, -2.8944 -0.6096 0.0673, -2.8804 -0.6096 0.0679, -2.893 -0.6096 0.0626, -2.9068 -0.6057 0.0862, -2.9183 -0.6057 0.085, -2.9286 -0.6057 0.0815, -2.933 -0.6057 0.0791, -2.933 -0.6057 0.0661, -2.9243 -0.6057 0.0716, -2.916 -0.6057 0.0745, -2.908 -0.6057 0.0753, -2.9035 -0.6057 0.0748, -2.9004 -0.6057 0.0737, -2.898 -0.6057 0.0722, -2.896 -0.6057 0.0701, -2.8944 -0.6057 0.0673, -2.893 -0.6057 0.0626, -2.8926 -0.6057 0.0566, -2.9152 -0.6057 0.0535, -2.9257 -0.6057 0.0508, -2.9312 -0.6057 0.0479, -2.9352 -0.6057 0.0443, -2.9381 -0.6057 0.04, -2.9398 -0.6057 0.0351, -2.9405 -0.6057 0.0286, -2.9398 -0.6057 0.0225, -2.9382 -0.6057 0.018, -2.9354 -0.6057 0.0139, -2.9339 -0.6057 0.0124, -2.9163 -0.6057 0.0064, -2.924 -0.6057 0.0073, -2.9243 -0.6057 0.0073, -2.9294 -0.6057 0.0092, -2.9094 -0.6057 0.0071, -2.909 -0.6057 0.0073, -2.904 -0.6057 0.0091, -2.8992 -0.6057 0.0122, -2.895 -0.6057 0.0168, -2.8929 -0.6057 0.02, -2.8926 -0.6057 0.02, -2.8926 -0.6057 0.0082, -2.8792 -0.6057 0.0082, -2.8792 -0.6057 0.0572, -2.8804 -0.6057 0.0679, -2.8825 -0.6057 0.0738, -2.8853 -0.6057 0.0781, -2.8888 -0.6057 0.0813, -2.8932 -0.6057 0.0838, -2.8989 -0.6057 0.0855, -2.9234 -0.6057 0.0393, -2.9216 -0.6057 0.0407, -2.9184 -0.6057 0.0422, -2.9104 -0.6057 0.044, -2.9269 -0.6057 0.0297, -2.9268 -0.6057 0.0318, -2.9261 -0.6057 0.0349, -2.925 -0.6057 0.0374, -2.923 -0.6057 0.0208, -2.9242 -0.6057 0.0219, -2.9257 -0.6057 0.0242, -2.9266 -0.6057 0.0266, -2.9128 -0.6057 0.0173, -2.9173 -0.6057 0.0179, -2.9204 -0.6057 0.019, -2.8983 -0.6057 0.0236, -2.9 -0.6057 0.0219, -2.9038 -0.6057 0.0194, -2.9078 -0.6057 0.0179, -2.8926 -0.6057 0.0391, -2.8926 -0.6057 0.0382, -2.8934 -0.6057 0.0323, -2.8954 -0.6057 0.0275, -2.8926 -0.6057 0.0464, -2.8926 -0.6057 0.0464
            ]
        }
        coordIndex [
            0,1,2,-1,2,1,3,-1,4,0,5,-1,5,0,2,-1,6,4,7,-1,7,4,5,-1,8,6,9,-1,9,6,7,-1,10,8,11,-1,11,8,9,-1,12,10,13,-1,13,10,11,-1,14,12,15,-1,15,12,13,-1,16,14,17,-1,17,14,15,-1,18,16,19,-1,19,16,17,-1,20,18,21,-1,21,18,19,-1,22,20,23,-1,23,20,21,-1,1,22,3,-1,3,22,23,-1,22,1,0,-1,0,4,22,-1,22,4,6,-1,22,6,20,-1,16,18,14,-1,14,18,20,-1,14,20,12,-1,12,20,6,-1,12,6,10,-1,10,6,8,-1,24,25,26,-1,27,28,29,-1,29,28,30,-1,31,32,25,-1,25,32,28,-1,25,28,26,-1,26,28,27,-1,33,34,35,-1,26,36,24,-1,24,36,37,-1,24,37,38,-1,38,37,39,-1,38,39,40,-1,40,39,41,-1,40,41,42,-1,42,41,43,-1,42,43,44,-1,44,43,45,-1,44,45,46,-1,46,45,47,-1,46,47,48,-1,48,47,49,-1,48,49,50,-1,50,49,51,-1,50,51,52,-1,52,51,53,-1,35,34,54,-1,54,34,55,-1,54,55,56,-1,33,35,57,-1,57,35,58,-1,57,58,59,-1,59,58,60,-1,59,60,61,-1,61,60,62,-1,61,62,63,-1,63,62,64,-1,63,64,65,-1,65,64,66,-1,65,66,67,-1,67,66,68,-1,67,68,69,-1,69,68,70,-1,69,70,53,-1,53,70,71,-1,53,71,52,-1,72,73,74,-1,74,73,75,-1,74,75,76,-1,76,75,77,-1,76,77,78,-1,78,77,79,-1,78,79,80,-1,80,79,81,-1,80,81,82,-1,82,81,83,-1,82,83,84,-1,84,83,85,-1,84,85,86,-1,86,85,87,-1,86,87,88,-1,88,87,89,-1,88,89,90,-1,90,89,91,-1,90,91,28,-1,28,91,56,-1,28,56,30,-1,30,56,55,-1,78,92,93,-1,78,93,76,-1,76,93,94,-1,76,94,74,-1,74,94,95,-1,74,95,72,-1,73,72,96,-1,96,72,95,-1,73,96,97,-1,73,97,75,-1,75,97,98,-1,75,98,77,-1,77,98,99,-1,77,99,79,-1,79,99,100,-1,79,100,81,-1,81,100,101,-1,81,101,83,-1,83,101,102,-1,83,102,85,-1,85,102,103,-1,85,103,87,-1,87,103,104,-1,87,104,89,-1,89,104,105,-1,89,105,91,-1,91,105,106,-1,91,106,56,-1,54,56,107,-1,107,56,106,-1,54,107,108,-1,54,108,35,-1,35,108,109,-1,35,109,58,-1,58,109,110,-1,58,110,60,-1,60,110,111,-1,60,111,62,-1,62,111,112,-1,62,112,64,-1,64,112,113,-1,64,113,66,-1,66,113,114,-1,66,114,68,-1,68,114,115,-1,68,115,70,-1,70,115,116,-1,70,116,71,-1,71,116,117,-1,71,117,52,-1,118,46,119,-1,119,46,48,-1,119,48,120,-1,120,48,50,-1,120,50,121,-1,121,50,52,-1,121,52,117,-1,46,118,122,-1,46,122,44,-1,44,122,123,-1,44,123,42,-1,123,124,42,-1,42,124,125,-1,42,125,40,-1,40,125,126,-1,40,126,38,-1,38,126,127,-1,38,127,24,-1,25,24,128,-1,128,24,127,-1,31,25,129,-1,129,25,128,-1,32,31,130,-1,130,31,129,-1,28,32,131,-1,131,32,130,-1,28,131,132,-1,28,132,90,-1,90,132,133,-1,90,133,88,-1,88,133,134,-1,88,134,86,-1,86,134,135,-1,86,135,84,-1,84,135,136,-1,84,136,82,-1,82,136,137,-1,82,137,80,-1,80,137,92,-1,80,92,78,-1,57,138,139,-1,57,139,33,-1,33,139,140,-1,33,140,34,-1,34,140,141,-1,34,141,55,-1,65,142,143,-1,65,143,63,-1,63,143,144,-1,63,144,61,-1,61,144,145,-1,61,145,59,-1,59,145,138,-1,59,138,57,-1,51,146,147,-1,51,147,53,-1,53,147,148,-1,53,148,69,-1,69,148,149,-1,69,149,67,-1,67,149,142,-1,67,142,65,-1,45,150,151,-1,45,151,47,-1,47,151,152,-1,47,152,49,-1,49,152,146,-1,49,146,51,-1,37,153,154,-1,37,154,39,-1,39,154,155,-1,39,155,41,-1,41,155,156,-1,41,156,43,-1,43,156,150,-1,43,150,45,-1,29,157,158,-1,29,158,27,-1,27,158,159,-1,27,159,26,-1,26,159,160,-1,26,160,36,-1,36,160,153,-1,36,153,37,-1,29,30,157,-1,157,30,161,-1,30,55,161,-1,161,55,141,-1,
        ]
    }
}
Shape{
    appearance Appearance {
        material  Material 	{
            diffuseColor 0.25098039215686274 0.25098039215686274 0.25098039215686274
            specularColor 0.12549019607843137 0.12549019607843137 0.12549019607843137
            ambientIntensity 0.2
            transparency 0
            shininess 0.5
        }
    }
    geometry IndexedFaceSet {
        ccw TRUE
        solid FALSE
        coord DEF co Coordinate {
            point [
                -2.8926 -0.6057 0.0382, -2.8926 -0.6057 0.0391, -2.9234 -0.6057 0.0393, -2.8926 -0.6057 0.0464, -2.9104 -0.6057 0.044, -2.9184 -0.6057 0.0422, -2.9216 -0.6057 0.0407, -2.8934 -0.6057 0.0323, -2.925 -0.6057 0.0374, -2.8954 -0.6057 0.0275, -2.9242 -0.6057 0.0219, -2.923 -0.6057 0.0208, -2.9 -0.6057 0.0219, -2.9257 -0.6057 0.0242, -2.9038 -0.6057 0.0194, -2.9078 -0.6057 0.0179, -2.9128 -0.6057 0.0173, -2.9261 -0.6057 0.0349, -2.9268 -0.6057 0.0318, -2.8983 -0.6057 0.0236, -2.9269 -0.6057 0.0297, -2.9266 -0.6057 0.0266, -2.9204 -0.6057 0.019, -2.9173 -0.6057 0.0179, -2.9173 -0.6057 0.0179
            ]
        }
        coordIndex [
            0,1,2,-1,1,3,4,-1,4,5,1,-1,1,5,6,-1,1,6,2,-1,0,2,7,-1,7,2,8,-1,7,8,9,-1,10,11,12,-1,10,12,13,-1,14,12,15,-1,15,12,16,-1,8,17,9,-1,9,17,18,-1,9,18,19,-1,19,18,20,-1,19,20,12,-1,12,20,21,-1,12,21,13,-1,11,22,12,-1,12,22,23,-1,12,23,16,-1,
        ]
    }
}
Shape{
    appearance Appearance {
        material  Material 	{
            diffuseColor 1.0 1.0 1.0
            specularColor 0.5019607843137255 0.5019607843137255 0.5019607843137255
            ambientIntensity 0.2
            transparency 0
            shininess 0.5
        }
    }
    geometry IndexedFaceSet {
        ccw TRUE
        solid FALSE
        coord DEF co Coordinate {
            point [
                -2.8611 -0.6057 0.0247, -2.8611 -0.6096 0.0247, -2.8565 -0.6096 0.0218, -2.8391 -0.6096 0.0173, -2.8391 -0.6057 0.0173, -2.8481 -0.6057 0.0184, -2.8481 -0.6096 0.0184, -2.8549 -0.6057 0.0211, -2.8565 -0.6057 0.0218, -2.8611 -0.6096 0.0108, -2.8611 -0.6057 0.0108, -2.8521 -0.6096 0.0076, -2.8549 -0.6057 0.0086, -2.8404 -0.6057 0.0064, -2.8404 -0.6096 0.0064, -2.8487 -0.6057 0.0073, -2.8521 -0.6057 0.0076, -2.8294 -0.6096 0.0075, -2.8319 -0.6057 0.0073, -2.8294 -0.6057 0.0075, -2.8221 -0.6057 0.0101, -2.8221 -0.6096 0.0101, -2.8182 -0.6057 0.0124, -2.8182 -0.6096 0.0124, -2.8144 -0.6057 0.0158, -2.8144 -0.6096 0.0158, -2.8119 -0.6057 0.0193, -2.8119 -0.6096 0.0193, -2.8102 -0.6057 0.0235, -2.8102 -0.6096 0.0235, -2.8096 -0.6057 0.0289, -2.8096 -0.6096 0.0289, -2.8101 -0.6057 0.0339, -2.8101 -0.6096 0.0339, -2.8116 -0.6057 0.0378, -2.8116 -0.6096 0.0378, -2.8141 -0.6057 0.0415, -2.8141 -0.6096 0.0415, -2.8172 -0.6057 0.0444, -2.8172 -0.6096 0.0444, -2.8261 -0.6057 0.0493, -2.8261 -0.6096 0.0493, -2.8313 -0.6057 0.0514, -2.8313 -0.6096 0.0514, -2.8396 -0.6057 0.055, -2.8396 -0.6096 0.055, -2.8443 -0.6057 0.0579, -2.8443 -0.6096 0.0579, -2.8456 -0.6057 0.0594, -2.8456 -0.6096 0.0594, -2.8466 -0.6057 0.0612, -2.8466 -0.6096 0.0612, -2.8471 -0.6057 0.0633, -2.8471 -0.6096 0.0633, -2.8472 -0.6057 0.065, -2.8472 -0.6096 0.065, -2.847 -0.6057 0.0672, -2.847 -0.6096 0.0672, -2.8463 -0.6057 0.069, -2.8463 -0.6096 0.069, -2.8452 -0.6057 0.0707, -2.8452 -0.6096 0.0707, -2.8431 -0.6057 0.0725, -2.8431 -0.6096 0.0725, -2.8401 -0.6057 0.0741, -2.8401 -0.6096 0.0741, -2.8366 -0.6057 0.075, -2.8366 -0.6096 0.075, -2.8326 -0.6057 0.0753, -2.8326 -0.6096 0.0753, -2.8232 -0.6057 0.0742, -2.8232 -0.6096 0.0742, -2.8157 -0.6057 0.0712, -2.8157 -0.6096 0.0712, -2.8132 -0.6057 0.0698, -2.8132 -0.6096 0.0698, -2.8132 -0.6096 0.0828, -2.8132 -0.6057 0.0828, -2.8228 -0.6057 0.0855, -2.8228 -0.6096 0.0855, -2.8313 -0.6057 0.0862, -2.8313 -0.6096 0.0862, -2.8415 -0.6057 0.085, -2.8415 -0.6096 0.085, -2.8488 -0.6057 0.0823, -2.8488 -0.6096 0.0823, -2.8524 -0.6057 0.0801, -2.8524 -0.6096 0.0801, -2.8549 -0.6057 0.0779, -2.8564 -0.6096 0.0765, -2.8564 -0.6057 0.0765, -2.8589 -0.6057 0.0729, -2.8589 -0.6096 0.0729, -2.8605 -0.6057 0.0686, -2.8605 -0.6096 0.0686, -2.861 -0.6057 0.0638, -2.861 -0.6096 0.0638, -2.8604 -0.6057 0.0587, -2.8604 -0.6096 0.0587, -2.8589 -0.6057 0.0546, -2.8589 -0.6096 0.0546, -2.8572 -0.6057 0.0518, -2.8572 -0.6096 0.0518, -2.8407 -0.6057 0.0417, -2.8407 -0.6096 0.0417, -2.8487 -0.6096 0.0453, -2.855 -0.6057 0.0495, -2.855 -0.6096 0.0495, -2.8549 -0.6057 0.0494, -2.8487 -0.6057 0.0453, -2.832 -0.6057 0.038, -2.832 -0.6096 0.038, -2.8267 -0.6057 0.0349, -2.8267 -0.6096 0.0349, -2.8251 -0.6057 0.0331, -2.8251 -0.6096 0.0331, -2.824 -0.6057 0.0314, -2.824 -0.6096 0.0314, -2.8234 -0.6057 0.0293, -2.8234 -0.6096 0.0293, -2.8233 -0.6057 0.0276, -2.8233 -0.6096 0.0276, -2.8236 -0.6057 0.0251, -2.8236 -0.6096 0.0251, -2.8243 -0.6057 0.0232, -2.8243 -0.6096 0.0232, -2.8254 -0.6057 0.0214, -2.8254 -0.6096 0.0214, -2.827 -0.6057 0.0201, -2.827 -0.6096 0.0201, -2.8282 -0.6057 0.0193, -2.8282 -0.6096 0.0193, -2.8316 -0.6057 0.0181, -2.8316 -0.6096 0.0181, -2.8385 -0.6057 0.0173, -2.8385 -0.6096 0.0173, -2.7433 -0.6096 0.0844, -2.7294 -0.6096 0.0844, -2.7433 -0.6057 0.0844, -2.7294 -0.6057 0.0844, -2.7641 -0.6096 0.027, -2.7641 -0.6057 0.027, -2.7651 -0.6057 0.0234, -2.7651 -0.6096 0.0234, -2.7658 -0.6057 0.0208, -2.7658 -0.6096 0.0208, -2.7661 -0.6096 0.0208, -2.7661 -0.6057 0.0208, -2.7677 -0.6096 0.0271, -2.7677 -0.6057 0.0271, -2.7877 -0.6057 0.0844, -2.7877 -0.6096 0.0844, -2.7812 -0.6057 0.0659, -2.8026 -0.6096 0.0844, -2.8026 -0.6057 0.0844, -2.7727 -0.6057 0.0083, -2.7727 -0.6096 0.0083, -2.7812 -0.6057 0.03, -2.7786 -0.6057 -0.0055, -2.7786 -0.6096 -0.0055, -2.7732 -0.6057 0.0073, -2.7812 -0.6057 -0.0103, -2.7812 -0.6096 -0.0103, -2.7812 -0.6057 -0.0103, -2.7837 -0.6096 -0.0131, -2.7837 -0.6057 -0.0131, -2.7861 -0.6057 -0.0148, -2.7861 -0.6096 -0.0148, -2.7891 -0.6057 -0.0159, -2.7891 -0.6096 -0.0159, -2.7923 -0.6057 -0.0163, -2.7923 -0.6096 -0.0163, -2.7971 -0.6057 -0.0156, -2.7971 -0.6096 -0.0156, -2.7999 -0.6057 -0.0148, -2.7999 -0.6096 -0.0148, -2.7999 -0.6096 -0.0267, -2.7999 -0.6057 -0.0267, -2.7942 -0.6057 -0.0276, -2.7942 -0.6096 -0.0276, -2.7912 -0.6057 -0.0277, -2.7912 -0.6096 -0.0277, -2.7858 -0.6057 -0.0271, -2.7858 -0.6096 -0.0271, -2.7812 -0.6057 -0.0254, -2.7806 -0.6096 -0.0251, -2.7806 -0.6057 -0.0251, -2.7759 -0.6057 -0.0218, -2.7759 -0.6096 -0.0218, -2.775 -0.6057 -0.021, -2.775 -0.6096 -0.021, -2.7701 -0.6057 -0.0151, -2.7701 -0.6096 -0.0151, -2.764 -0.6057 -0.0033, -2.764 -0.6096 -0.0033, -2.7598 -0.6057 0.0073, -2.6576 -0.6096 0.0203, -2.6576 -0.6096 0.0082, -2.6576 -0.6057 0.0203, -2.6576 -0.6057 0.0082, -2.7012 -0.6057 0.0203, -2.7012 -0.6096 0.0203, -2.6812 -0.6057 0.0203, -2.7012 -0.6096 0.0563, -2.7012 -0.6057 0.0563, -2.6631 -0.6057 0.0563, -2.6631 -0.6096 0.0563, -2.6812 -0.6057 0.0563, -2.6631 -0.6096 0.0685, -2.6631 -0.6057 0.0685, -2.7012 -0.6057 0.0685, -2.7012 -0.6096 0.0685, -2.6812 -0.6057 0.0685, -2.7012 -0.6096 0.1027, -2.7012 -0.6057 0.1027, -2.66 -0.6057 0.1027, -2.66 -0.6096 0.1027, -2.6812 -0.6057 0.1027, -2.66 -0.6096 0.1149, -2.66 -0.6057 0.1149, -2.715 -0.6057 0.1149, -2.715 -0.6096 0.1149, -2.6812 -0.6057 0.1149, -2.715 -0.6096 0.0082, -2.715 -0.6057 0.0082, -2.6812 -0.6057 0.0082, -2.5709 -0.6096 0.0384, -2.5764 -0.6096 0.0315, -2.5666 -0.6096 0.0231, -2.5778 -0.6096 0.0302, -2.5779 -0.6096 0.0151, -2.5847 -0.6096 0.0255, -2.5901 -0.6096 0.0103, -2.5935 -0.6096 0.0221, -2.6081 -0.6096 0.0082, -2.6082 -0.6096 0.0203, -2.6374 -0.6096 0.0082, -2.6237 -0.6096 0.0203, -2.6374 -0.6096 0.1149, -2.6237 -0.6096 0.1027, -2.607 -0.6096 0.1149, -2.6075 -0.6096 0.1027, -2.5907 -0.6096 0.1131, -2.5937 -0.6096 0.1011, -2.5778 -0.6096 0.1084, -2.5845 -0.6096 0.0978, -2.5666 -0.6096 0.1008, -2.5767 -0.6096 0.0926, -2.5628 -0.6096 0.097, -2.5729 -0.6096 0.0887, -2.5562 -0.6096 0.0877, -2.569 -0.6096 0.0825, -2.5523 -0.6096 0.0775, -2.5662 -0.6096 0.0742, -2.5505 -0.6096 0.0629, -2.565 -0.6096 0.0625, -2.551 -0.6096 0.0545, -2.5653 -0.6096 0.0563, -2.5539 -0.6096 0.0422, -2.5673 -0.6096 0.0464, -2.5595 -0.6096 0.0314, -2.6081 -0.6057 0.0082, -2.6374 -0.6057 0.0082, -2.5901 -0.6057 0.0103, -2.5779 -0.6057 0.0151, -2.5666 -0.6057 0.0231, -2.5595 -0.6057 0.0314, -2.5539 -0.6057 0.0422, -2.551 -0.6057 0.0545, -2.5505 -0.6057 0.0629, -2.5523 -0.6057 0.0775, -2.5562 -0.6057 0.0877, -2.5628 -0.6057 0.097, -2.5666 -0.6057 0.1008, -2.5778 -0.6057 0.1084, -2.5907 -0.6057 0.1131, -2.607 -0.6057 0.1149, -2.6374 -0.6057 0.1149, -2.6075 -0.6057 0.1027, -2.6237 -0.6057 0.1027, -2.6237 -0.6057 0.0203, -2.6082 -0.6057 0.0203, -2.5764 -0.6057 0.0315, -2.5778 -0.6057 0.0302, -2.5847 -0.6057 0.0255, -2.5935 -0.6057 0.0221, -2.565 -0.6057 0.0625, -2.5653 -0.6057 0.0563, -2.5673 -0.6057 0.0464, -2.5709 -0.6057 0.0384, -2.5767 -0.6057 0.0926, -2.5729 -0.6057 0.0887, -2.569 -0.6057 0.0825, -2.5662 -0.6057 0.0742, -2.5937 -0.6057 0.1011, -2.5845 -0.6057 0.0978, -2.5845 -0.6057 0.0978
            ]
        }
        coordIndex [
            0,1,2,-1,3,4,5,-1,3,5,6,-1,6,5,7,-1,6,7,2,-1,2,7,8,-1,2,8,0,-1,9,1,10,-1,10,1,0,-1,9,10,11,-1,11,10,12,-1,13,14,15,-1,15,14,11,-1,15,11,16,-1,16,11,12,-1,14,13,17,-1,17,13,18,-1,18,19,17,-1,17,19,20,-1,17,20,21,-1,21,20,22,-1,21,22,23,-1,23,22,24,-1,23,24,25,-1,25,24,26,-1,25,26,27,-1,27,26,28,-1,27,28,29,-1,29,28,30,-1,29,30,31,-1,31,30,32,-1,31,32,33,-1,33,32,34,-1,33,34,35,-1,35,34,36,-1,35,36,37,-1,37,36,38,-1,37,38,39,-1,39,38,40,-1,39,40,41,-1,41,40,42,-1,41,42,43,-1,43,42,44,-1,43,44,45,-1,45,44,46,-1,45,46,47,-1,47,46,48,-1,47,48,49,-1,49,48,50,-1,49,50,51,-1,51,50,52,-1,51,52,53,-1,53,52,54,-1,53,54,55,-1,55,54,56,-1,55,56,57,-1,57,56,58,-1,57,58,59,-1,59,58,60,-1,59,60,61,-1,61,60,62,-1,61,62,63,-1,63,62,64,-1,63,64,65,-1,65,64,66,-1,65,66,67,-1,67,66,68,-1,67,68,69,-1,69,68,70,-1,69,70,71,-1,71,70,72,-1,71,72,73,-1,73,72,74,-1,73,74,75,-1,76,75,77,-1,77,75,74,-1,76,77,78,-1,76,78,79,-1,79,78,80,-1,79,80,81,-1,81,80,82,-1,81,82,83,-1,83,82,84,-1,83,84,85,-1,85,84,86,-1,85,86,87,-1,86,88,87,-1,87,88,89,-1,88,90,89,-1,89,90,91,-1,89,91,92,-1,92,91,93,-1,92,93,94,-1,94,93,95,-1,94,95,96,-1,96,95,97,-1,96,97,98,-1,98,97,99,-1,98,99,100,-1,100,99,101,-1,100,101,102,-1,103,104,105,-1,102,101,106,-1,102,106,107,-1,107,106,108,-1,107,108,105,-1,105,108,109,-1,105,109,103,-1,104,103,110,-1,104,110,111,-1,111,110,112,-1,111,112,113,-1,113,112,114,-1,113,114,115,-1,115,114,116,-1,115,116,117,-1,117,116,118,-1,117,118,119,-1,119,118,120,-1,119,120,121,-1,121,120,122,-1,121,122,123,-1,123,122,124,-1,123,124,125,-1,125,124,126,-1,125,126,127,-1,127,126,128,-1,127,128,129,-1,129,128,130,-1,129,130,131,-1,131,130,132,-1,131,132,133,-1,133,132,134,-1,133,134,135,-1,135,134,4,-1,135,4,3,-1,61,63,85,-1,85,63,83,-1,111,43,104,-1,104,43,45,-1,14,3,11,-1,11,3,6,-1,11,6,9,-1,9,6,2,-1,9,2,1,-1,63,65,83,-1,83,65,67,-1,83,67,81,-1,81,67,69,-1,81,69,79,-1,79,69,71,-1,79,71,76,-1,76,71,73,-1,76,73,75,-1,21,23,127,-1,127,23,25,-1,127,25,125,-1,125,25,27,-1,125,27,123,-1,123,27,29,-1,123,29,121,-1,121,29,31,-1,121,31,119,-1,119,31,33,-1,119,33,117,-1,117,33,35,-1,117,35,115,-1,115,35,37,-1,115,37,113,-1,113,37,39,-1,113,39,111,-1,111,39,41,-1,111,41,43,-1,127,129,21,-1,21,129,131,-1,21,131,17,-1,17,131,133,-1,17,133,14,-1,14,133,135,-1,14,135,3,-1,85,87,61,-1,61,87,89,-1,61,89,59,-1,59,89,92,-1,59,92,57,-1,57,92,94,-1,57,94,55,-1,55,94,96,-1,55,96,53,-1,53,96,98,-1,53,98,51,-1,51,98,100,-1,51,100,49,-1,49,100,102,-1,49,102,47,-1,47,102,107,-1,47,107,45,-1,45,107,105,-1,45,105,104,-1,136,137,138,-1,138,137,139,-1,140,136,141,-1,141,136,138,-1,140,141,142,-1,140,142,143,-1,143,142,144,-1,143,144,145,-1,146,145,147,-1,147,145,144,-1,148,146,149,-1,149,146,147,-1,150,151,152,-1,152,151,148,-1,152,148,149,-1,153,151,154,-1,154,151,150,-1,155,156,157,-1,157,156,153,-1,157,153,154,-1,158,159,160,-1,160,159,156,-1,160,156,155,-1,159,158,161,-1,159,161,162,-1,162,161,163,-1,162,163,164,-1,163,165,164,-1,164,165,166,-1,164,166,167,-1,167,166,168,-1,167,168,169,-1,169,168,170,-1,169,170,171,-1,171,170,172,-1,171,172,173,-1,173,172,174,-1,173,174,175,-1,176,175,177,-1,177,175,174,-1,176,177,178,-1,176,178,179,-1,179,178,180,-1,179,180,181,-1,181,180,182,-1,181,182,183,-1,183,182,184,-1,183,184,185,-1,184,186,185,-1,185,186,187,-1,185,187,188,-1,188,187,189,-1,188,189,190,-1,190,189,191,-1,190,191,192,-1,192,191,193,-1,192,193,194,-1,139,137,195,-1,195,137,194,-1,195,194,193,-1,143,145,194,-1,137,136,194,-1,194,136,140,-1,194,140,143,-1,151,153,148,-1,148,153,156,-1,148,156,146,-1,192,162,190,-1,190,162,164,-1,175,176,173,-1,173,176,179,-1,173,179,171,-1,171,179,181,-1,171,181,169,-1,169,181,183,-1,169,183,167,-1,167,183,185,-1,167,185,164,-1,164,185,188,-1,164,188,190,-1,145,146,194,-1,194,146,156,-1,194,156,192,-1,192,156,159,-1,192,159,162,-1,196,197,198,-1,198,197,199,-1,200,201,202,-1,202,201,196,-1,202,196,198,-1,203,201,204,-1,204,201,200,-1,205,206,207,-1,207,206,203,-1,207,203,204,-1,208,206,209,-1,209,206,205,-1,210,211,212,-1,212,211,208,-1,212,208,209,-1,213,211,214,-1,214,211,210,-1,215,216,217,-1,217,216,213,-1,217,213,214,-1,218,216,219,-1,219,216,215,-1,220,221,222,-1,222,221,218,-1,222,218,219,-1,223,221,224,-1,224,221,220,-1,199,197,225,-1,225,197,223,-1,225,223,224,-1,223,197,196,-1,196,201,223,-1,223,201,203,-1,223,203,221,-1,216,218,213,-1,213,218,221,-1,213,221,211,-1,211,221,203,-1,211,203,208,-1,208,203,206,-1,226,227,228,-1,228,227,229,-1,228,229,230,-1,230,229,231,-1,230,231,232,-1,232,231,233,-1,232,233,234,-1,234,233,235,-1,234,235,236,-1,236,235,237,-1,236,237,238,-1,238,237,239,-1,238,239,240,-1,240,239,241,-1,240,241,242,-1,242,241,243,-1,242,243,244,-1,244,243,245,-1,244,245,246,-1,246,245,247,-1,246,247,248,-1,248,247,249,-1,248,249,250,-1,250,249,251,-1,250,251,252,-1,252,251,253,-1,252,253,254,-1,254,253,255,-1,254,255,256,-1,256,255,257,-1,256,257,258,-1,258,257,259,-1,258,259,260,-1,260,259,226,-1,260,226,228,-1,234,236,261,-1,261,236,262,-1,234,261,263,-1,234,263,232,-1,232,263,264,-1,232,264,230,-1,230,264,265,-1,230,265,228,-1,228,265,266,-1,228,266,260,-1,260,266,267,-1,260,267,258,-1,258,267,268,-1,258,268,256,-1,256,268,269,-1,256,269,254,-1,254,269,270,-1,254,270,252,-1,252,270,271,-1,252,271,250,-1,250,271,272,-1,250,272,248,-1,248,272,273,-1,248,273,246,-1,246,273,274,-1,246,274,244,-1,244,274,275,-1,244,275,242,-1,242,275,276,-1,242,276,240,-1,238,240,277,-1,277,240,276,-1,236,238,262,-1,262,238,277,-1,241,239,278,-1,278,239,279,-1,239,237,279,-1,279,237,280,-1,237,235,280,-1,280,235,281,-1,227,282,283,-1,227,283,229,-1,229,283,284,-1,229,284,231,-1,231,284,285,-1,231,285,233,-1,233,285,281,-1,233,281,235,-1,255,286,287,-1,255,287,257,-1,257,287,288,-1,257,288,259,-1,259,288,289,-1,259,289,226,-1,226,289,282,-1,226,282,227,-1,247,290,291,-1,247,291,249,-1,249,291,292,-1,249,292,251,-1,251,292,293,-1,251,293,253,-1,253,293,286,-1,253,286,255,-1,241,278,294,-1,241,294,243,-1,243,294,295,-1,243,295,245,-1,245,295,290,-1,245,290,247,-1,
        ]
    }
}
Shape{
    appearance Appearance {
        material  Material 	{
            diffuseColor 0.25098039215686274 0.25098039215686274 0.25098039215686274
            specularColor 0.12549019607843137 0.12549019607843137 0.12549019607843137
            ambientIntensity 0.2
            transparency 0
            shininess 0.5
        }
    }
    geometry IndexedFaceSet {
        ccw TRUE
        solid FALSE
        coord DEF co Coordinate {
            point [
                -2.6237 -0.6057 0.1027, -2.6237 -0.6057 0.0203, -2.6075 -0.6057 0.1027, -2.6082 -0.6057 0.0203, -2.5935 -0.6057 0.0221, -2.5847 -0.6057 0.0255, -2.5778 -0.6057 0.0302, -2.5764 -0.6057 0.0315, -2.5653 -0.6057 0.0563, -2.565 -0.6057 0.0625, -2.5662 -0.6057 0.0742, -2.569 -0.6057 0.0825, -2.5729 -0.6057 0.0887, -2.5767 -0.6057 0.0926, -2.5937 -0.6057 0.1011, -2.5845 -0.6057 0.0978, -2.5709 -0.6057 0.0384, -2.5673 -0.6057 0.0464, -2.5673 -0.6057 0.0464
            ]
        }
        coordIndex [
            0,1,2,-1,2,1,3,-1,2,3,4,-1,4,5,2,-1,2,5,6,-1,2,6,7,-1,8,9,2,-1,2,9,10,-1,2,10,11,-1,11,12,2,-1,2,12,13,-1,2,13,14,-1,14,13,15,-1,7,16,2,-1,2,16,17,-1,2,17,8,-1,
        ]
    }
}
Shape{
    appearance Appearance {
        material  Material 	{
            diffuseColor 1.0 1.0 1.0
            specularColor 0.5019607843137255 0.5019607843137255 0.5019607843137255
            ambientIntensity 0.2
            transparency 0
            shininess 0.5
        }
    }
    geometry IndexedFaceSet {
        ccw TRUE
        solid FALSE
        coord DEF co Coordinate {
            point [
                -2.5147 -0.6096 0.0494, -2.5191 -0.6096 0.0374, -2.4789 -0.6096 0.0494, -2.4746 -0.6096 0.0374, -2.4988 -0.6096 0.0938, -2.5039 -0.6096 0.1149, -2.5446 -0.6096 0.0082, -2.5294 -0.6096 0.0082, -2.4978 -0.6096 0.097, -2.497 -0.6096 0.1013, -2.4892 -0.6096 0.1149, -2.4967 -0.6096 0.1013, -2.4958 -0.6096 0.0968, -2.495 -0.6096 0.0938, -2.4485 -0.6096 0.0082, -2.4638 -0.6096 0.0082, -2.4892 -0.6057 0.1149, -2.4485 -0.6057 0.0082, -2.5039 -0.6057 0.1149, -2.5446 -0.6057 0.0082, -2.5294 -0.6057 0.0082, -2.5191 -0.6057 0.0374, -2.4746 -0.6057 0.0374, -2.4638 -0.6057 0.0082, -2.5147 -0.6057 0.0494, -2.4789 -0.6057 0.0494, -2.495 -0.6057 0.0938, -2.4967 -0.6057 0.1013, -2.4958 -0.6057 0.0968, -2.497 -0.6057 0.1013, -2.4988 -0.6057 0.0938, -2.4978 -0.6057 0.097, -2.4978 -0.6057 0.097
            ]
        }
        coordIndex [
            0,1,2,-1,2,1,3,-1,4,5,0,-1,0,5,6,-1,0,6,1,-1,1,6,7,-1,4,8,5,-1,5,8,9,-1,5,9,10,-1,10,9,11,-1,10,11,12,-1,12,13,10,-1,10,13,2,-1,10,2,14,-1,14,2,3,-1,14,3,15,-1,10,14,16,-1,16,14,17,-1,5,10,18,-1,18,10,16,-1,6,5,19,-1,19,5,18,-1,7,6,20,-1,20,6,19,-1,1,7,21,-1,21,7,20,-1,3,1,22,-1,22,1,21,-1,15,3,23,-1,23,3,22,-1,14,15,17,-1,17,15,23,-1,0,2,24,-1,24,2,25,-1,2,13,25,-1,25,13,26,-1,11,27,28,-1,11,28,12,-1,12,28,26,-1,12,26,13,-1,11,9,27,-1,27,9,29,-1,4,30,31,-1,4,31,8,-1,8,31,29,-1,8,29,9,-1,4,0,30,-1,30,0,24,-1,
        ]
    }
}
Shape{
    appearance Appearance {
        material  Material 	{
            diffuseColor 0.25098039215686274 0.25098039215686274 0.25098039215686274
            specularColor 0.12549019607843137 0.12549019607843137 0.12549019607843137
            ambientIntensity 0.2
            transparency 0
            shininess 0.5
        }
    }
    geometry IndexedFaceSet {
        ccw TRUE
        solid FALSE
        coord DEF co Coordinate {
            point [
                -2.4967 -0.6057 0.1013, -2.497 -0.6057 0.1013, -2.4958 -0.6057 0.0968, -2.4978 -0.6057 0.097, -2.495 -0.6057 0.0938, -2.4988 -0.6057 0.0938, -2.4789 -0.6057 0.0494, -2.5147 -0.6057 0.0494, -2.5147 -0.6057 0.0494
            ]
        }
        coordIndex [
            0,1,2,-1,2,1,3,-1,2,3,4,-1,4,3,5,-1,4,5,6,-1,6,5,7,-1,
        ]
    }
}
Shape{
    appearance Appearance {
        material  Material 	{
            diffuseColor 1.0 1.0 1.0
            specularColor 0.5019607843137255 0.5019607843137255 0.5019607843137255
            ambientIntensity 0.2
            transparency 0
            shininess 0.5
        }
    }
    geometry IndexedFaceSet {
        ccw TRUE
        solid FALSE
        coord DEF co Coordinate {
            point [
                -3.5023 -0.6096 0.192, -3.4854 -0.6096 0.201, -3.4893 -0.6096 0.2478, -3.3556 -0.6096 -0.01, -3.3467 -0.6096 0.0069, -3.3422 -0.6096 0.0256, -3.442 -0.6096 0.2499, -3.4184 -0.6096 0.1945, -3.4068 -0.6096 0.2186, -3.4466 -0.6096 0.0236, -3.448 -0.6096 0.0307, -3.489 -0.6096 0.0602, -3.4898 -0.6096 0.0093, -3.4994 -0.6096 0.0122, -3.5056 -0.6096 0.0704, -3.4594 -0.6096 0.2515, -3.2355 -0.6096 0.0974, -3.259 -0.6096 0.1376, -3.3418 -0.6096 0.0412, -3.3607 -0.6096 0.0845, -3.3418 -0.6096 0.0336, -3.3823 -0.6096 -0.0335, -3.3672 -0.6096 -0.023, -3.4435 -0.6096 0.0172, -3.4709 -0.6096 -0.0209, -3.4822 -0.6096 -0.007, -3.2105 -0.6096 0.1725, -3.2044 -0.6096 0.1725, -3.1733 -0.6096 0.2135, -3.1899 -0.6096 0.1707, -3.1696 -0.6096 0.2123, -3.1767 -0.6096 0.1656, -3.147 -0.6096 0.2011, -3.1264 -0.6096 0.1836, -3.4264 -0.6096 0.2681, -3.3898 -0.6096 0.2389, -3.4086 -0.6096 0.2833, -3.3695 -0.6096 0.2537, -3.39 -0.6096 0.2948, -3.4666 -0.6096 0.2055, -3.4587 -0.6096 0.2059, -3.4507 -0.6096 0.251, -3.4408 -0.6096 0.2037, -3.4238 -0.6096 0.1974, -3.3944 -0.6096 0.0156, -3.3985 -0.6096 0.011, -3.4043 -0.6096 0.0069, -3.3993 -0.6096 -0.04, -3.4108 -0.6096 0.0042, -3.4177 -0.6096 -0.0423, -3.4184 -0.6096 0.0032, -3.4206 -0.6096 -0.0422, -3.4197 -0.6096 0.0033, -3.4385 -0.6096 -0.0395, -3.4265 -0.6096 0.0044, -3.456 -0.6096 -0.0321, -3.4334 -0.6096 0.0073, -3.4392 -0.6096 0.0118, -3.3908 -0.6096 0.0434, -3.389 -0.6096 0.0364, -3.389 -0.6096 0.0294, -3.3908 -0.6096 0.0222, -3.1262 -0.6096 0.042, -3.1615 -0.6096 0.0721, -3.1468 -0.6096 0.0245, -3.1728 -0.6096 0.063, -3.17 -0.6096 0.0131, -3.1861 -0.6096 0.0567, -3.1953 -0.6096 0.0078, -3.1998 -0.6096 0.0541, -3.2401 -0.6096 0.0078, -3.234 -0.6096 0.0541, -3.2443 -0.6096 0.0085, -3.4476 -0.6096 0.0381, -3.4453 -0.6096 0.0452, -3.4807 -0.6096 0.0765, -3.4414 -0.6096 0.0515, -3.4681 -0.6096 0.0908, -3.4384 -0.6096 0.0547, -3.4526 -0.6096 0.1016, -3.4325 -0.6096 0.0589, -3.4358 -0.6096 0.108, -3.4259 -0.6096 0.0615, -3.4177 -0.6096 0.1103, -3.4184 -0.6096 0.0625, -3.4085 -0.6096 0.1097, -3.4121 -0.6096 0.0618, -3.3901 -0.6096 0.1052, -3.4051 -0.6096 0.0592, -3.374 -0.6096 0.0966, -3.399 -0.6096 0.0551, -3.3941 -0.6096 0.0497, -3.1649 -0.6096 0.1574, -3.1562 -0.6096 0.1477, -3.1109 -0.6096 0.1621, -3.1491 -0.6096 0.1346, -3.1016 -0.6096 0.1389, -3.1456 -0.6096 0.12, -3.0981 -0.6096 0.1141, -3.1452 -0.6096 0.1133, -3.1016 -0.6096 0.087, -3.147 -0.6096 0.0985, -3.1111 -0.6096 0.063, -3.1522 -0.6096 0.085, -3.1606 -0.6096 0.0731, -3.2143 -0.6096 0.2735, -3.244 -0.6096 0.2386, -3.189 -0.6096 0.2443, -3.2269 -0.6096 0.2182, -3.2151 -0.6096 0.1937, -3.5323 -0.6096 0.1484, -3.5822 -0.6096 0.1358, -3.5346 -0.6096 0.13, -3.5824 -0.6096 0.1285, -3.5336 -0.6096 0.1182, -3.5787 -0.6096 0.0987, -3.5282 -0.6096 0.0997, -3.5678 -0.6096 0.0705, -3.5192 -0.6096 0.0844, -3.5505 -0.6096 0.0458, -3.5268 -0.6096 0.0256, -3.355 -0.6096 0.3083, -3.3447 -0.6096 0.2638, -3.3175 -0.6096 0.3129, -3.3167 -0.6096 0.2674, -3.2852 -0.6096 0.3094, -3.291 -0.6096 0.2642, -3.2472 -0.6096 0.2958, -3.2672 -0.6096 0.2551, -3.2458 -0.6096 0.2403, -3.5175 -0.6096 0.2368, -3.5416 -0.6096 0.2199, -3.5153 -0.6096 0.1804, -3.5467 -0.6096 0.215, -3.5258 -0.6096 0.1653, -3.565 -0.6096 0.1916, -3.5771 -0.6096 0.1643, -3.2378 -0.6096 0.0548, -3.256 -0.6096 0.0158, -3.2543 -0.6096 0.014, -3.2355 -0.6096 0.0543, -3.2494 -0.6096 0.0105, -3.2621 -0.6096 0.0313, -3.2614 -0.6096 0.0257, -3.2594 -0.6096 0.0205, -3.2444 -0.6096 0.0541, -3.2496 -0.6096 0.0521, -3.2619 -0.6096 0.0343, -3.2543 -0.6096 0.0487, -3.2574 -0.6096 0.0453, -3.2604 -0.6096 0.0401, -3.2385 -0.6096 0.0549, -3.1213 -0.6057 0.1766, -3.1109 -0.6057 0.1621, -3.1042 -0.6057 0.1453, -3.1016 -0.6057 0.1389, -3.0981 -0.6057 0.1141, -3.1264 -0.6057 0.1836, -3.147 -0.6057 0.2011, -3.1696 -0.6057 0.2123, -3.1733 -0.6057 0.2135, -3.189 -0.6057 0.2443, -3.2143 -0.6057 0.2735, -3.2316 -0.6057 0.2852, -3.2472 -0.6057 0.2958, -3.2852 -0.6057 0.3094, -3.3175 -0.6057 0.3129, -3.355 -0.6057 0.3083, -3.39 -0.6057 0.2948, -3.4056 -0.6057 0.2852, -3.4086 -0.6057 0.2833, -3.4264 -0.6057 0.2681, -3.442 -0.6057 0.2499, -3.4507 -0.6057 0.251, -3.4594 -0.6057 0.2515, -3.4893 -0.6057 0.2478, -3.5175 -0.6057 0.2368, -3.5416 -0.6057 0.2199, -3.5467 -0.6057 0.215, -3.5805 -0.6057 0.1453, -3.5771 -0.6057 0.1643, -3.5716 -0.6057 0.1766, -3.565 -0.6057 0.1916, -3.5822 -0.6057 0.1358, -3.5824 -0.6057 0.1285, -3.5787 -0.6057 0.0987, -3.5678 -0.6057 0.0705, -3.5505 -0.6057 0.0458, -3.5268 -0.6057 0.0256, -3.4994 -0.6057 0.0122, -3.4898 -0.6057 0.0093, -3.4888 -0.6057 0.0073, -3.4822 -0.6057 -0.007, -3.4709 -0.6057 -0.0209, -3.456 -0.6057 -0.0321, -3.4491 -0.6057 -0.035, -3.4385 -0.6057 -0.0395, -3.4206 -0.6057 -0.0422, -3.4177 -0.6057 -0.0423, -3.3418 -0.6057 0.0336, -3.3993 -0.6057 -0.04, -3.3863 -0.6057 -0.035, -3.3823 -0.6057 -0.0335, -3.3672 -0.6057 -0.023, -3.3556 -0.6057 -0.01, -3.3467 -0.6057 0.0069, -3.3466 -0.6057 0.0073, -3.3422 -0.6057 0.0256, -3.3418 -0.6057 0.0412, -3.2355 -0.6057 0.0974, -3.259 -0.6057 0.1376, -3.3607 -0.6057 0.0845, -3.374 -0.6057 0.0966, -3.3901 -0.6057 0.1052, -3.4085 -0.6057 0.1097, -3.4177 -0.6057 0.1103, -3.4358 -0.6057 0.108, -3.4526 -0.6057 0.1016, -3.4681 -0.6057 0.0908, -3.4807 -0.6057 0.0765, -3.489 -0.6057 0.0602, -3.5056 -0.6057 0.0704, -3.5192 -0.6057 0.0844, -3.5282 -0.6057 0.0997, -3.5336 -0.6057 0.1182, -3.5346 -0.6057 0.13, -3.5327 -0.6057 0.1453, -3.5323 -0.6057 0.1484, -3.5258 -0.6057 0.1653, -3.5179 -0.6057 0.1766, -3.5153 -0.6057 0.1804, -3.5023 -0.6057 0.192, -3.4854 -0.6057 0.201, -3.4666 -0.6057 0.2055, -3.4587 -0.6057 0.2059, -3.4408 -0.6057 0.2037, -3.4238 -0.6057 0.1974, -3.4184 -0.6057 0.1945, -3.4068 -0.6057 0.2186, -3.3898 -0.6057 0.2389, -3.3695 -0.6057 0.2537, -3.3447 -0.6057 0.2638, -3.3167 -0.6057 0.2674, -3.291 -0.6057 0.2642, -3.2672 -0.6057 0.2551, -3.2458 -0.6057 0.2403, -3.244 -0.6057 0.2386, -3.2269 -0.6057 0.2182, -3.2151 -0.6057 0.1937, -3.2114 -0.6057 0.1766, -3.2105 -0.6057 0.1725, -3.2044 -0.6057 0.1725, -3.1899 -0.6057 0.1707, -3.1767 -0.6057 0.1656, -3.1649 -0.6057 0.1574, -3.1562 -0.6057 0.1477, -3.1549 -0.6057 0.1453, -3.1491 -0.6057 0.1346, -3.1456 -0.6057 0.12, -3.1452 -0.6057 0.1133, -3.147 -0.6057 0.0985, -3.1522 -0.6057 0.085, -3.1606 -0.6057 0.0731, -3.1615 -0.6057 0.0721, -3.1728 -0.6057 0.063, -3.1861 -0.6057 0.0567, -3.1998 -0.6057 0.0541, -3.234 -0.6057 0.0541, -3.2355 -0.6057 0.0543, -3.2378 -0.6057 0.0548, -3.2385 -0.6057 0.0549, -3.2444 -0.6057 0.0541, -3.2496 -0.6057 0.0521, -3.2543 -0.6057 0.0487, -3.2574 -0.6057 0.0453, -3.2604 -0.6057 0.0401, -3.2619 -0.6057 0.0343, -3.2621 -0.6057 0.0313, -3.2614 -0.6057 0.0257, -3.2594 -0.6057 0.0205, -3.256 -0.6057 0.0158, -3.2543 -0.6057 0.014, -3.2494 -0.6057 0.0105, -3.2443 -0.6057 0.0085, -3.2401 -0.6057 0.0078, -3.1953 -0.6057 0.0078, -3.17 -0.6057 0.0131, -3.1468 -0.6057 0.0245, -3.1262 -0.6057 0.042, -3.1111 -0.6057 0.063, -3.1016 -0.6057 0.087, -3.4184 -0.6057 0.0625, -3.4121 -0.6057 0.0618, -3.4051 -0.6057 0.0592, -3.399 -0.6057 0.0551, -3.3941 -0.6057 0.0497, -3.3908 -0.6057 0.0434, -3.389 -0.6057 0.0364, -3.389 -0.6057 0.0294, -3.3908 -0.6057 0.0222, -3.3944 -0.6057 0.0156, -3.3985 -0.6057 0.011, -3.4043 -0.6057 0.0069, -3.4108 -0.6057 0.0042, -3.4184 -0.6057 0.0032, -3.4197 -0.6057 0.0033, -3.4265 -0.6057 0.0044, -3.4334 -0.6057 0.0073, -3.4392 -0.6057 0.0118, -3.4435 -0.6057 0.0172, -3.4466 -0.6057 0.0236, -3.448 -0.6057 0.0307, -3.4476 -0.6057 0.0381, -3.4453 -0.6057 0.0452, -3.4414 -0.6057 0.0515, -3.4384 -0.6057 0.0547, -3.4325 -0.6057 0.0589, -3.4259 -0.6057 0.0615, -3.4259 -0.6057 0.0615
            ]
        }
        coordIndex [
            0,1,2,-1,3,4,5,-1,6,7,8,-1,9,10,11,-1,12,11,13,-1,13,11,14,-1,2,1,15,-1,16,17,18,-1,18,17,19,-1,18,19,20,-1,20,19,21,-1,20,21,5,-1,5,21,22,-1,5,22,3,-1,23,9,24,-1,24,9,11,-1,24,11,25,-1,25,11,12,-1,26,27,28,-1,28,27,29,-1,28,29,30,-1,30,29,31,-1,30,31,32,-1,32,31,33,-1,6,8,34,-1,34,8,35,-1,34,35,36,-1,36,35,37,-1,36,37,38,-1,1,39,15,-1,15,39,40,-1,15,40,41,-1,41,40,42,-1,41,42,6,-1,6,42,43,-1,6,43,7,-1,44,45,21,-1,21,45,46,-1,21,46,47,-1,47,46,48,-1,47,48,49,-1,49,48,50,-1,49,50,51,-1,51,50,52,-1,51,52,53,-1,53,52,54,-1,53,54,55,-1,55,54,56,-1,55,56,24,-1,24,56,57,-1,24,57,23,-1,58,59,19,-1,19,59,60,-1,19,60,21,-1,21,60,61,-1,21,61,44,-1,62,63,64,-1,64,63,65,-1,64,65,66,-1,66,65,67,-1,66,67,68,-1,68,67,69,-1,68,69,70,-1,70,69,71,-1,70,71,72,-1,10,73,11,-1,11,73,74,-1,11,74,75,-1,75,74,76,-1,75,76,77,-1,77,76,78,-1,77,78,79,-1,79,78,80,-1,79,80,81,-1,81,80,82,-1,81,82,83,-1,83,82,84,-1,83,84,85,-1,85,84,86,-1,85,86,87,-1,87,86,88,-1,87,88,89,-1,89,88,90,-1,89,90,19,-1,19,90,91,-1,19,91,58,-1,31,92,33,-1,33,92,93,-1,33,93,94,-1,94,93,95,-1,94,95,96,-1,96,95,97,-1,96,97,98,-1,98,97,99,-1,98,99,100,-1,100,99,101,-1,100,101,102,-1,102,101,103,-1,102,103,62,-1,62,103,104,-1,62,104,63,-1,105,106,107,-1,107,106,108,-1,107,108,28,-1,28,108,109,-1,28,109,26,-1,110,111,112,-1,112,111,113,-1,112,113,114,-1,114,113,115,-1,114,115,116,-1,116,115,117,-1,116,117,118,-1,118,117,119,-1,118,119,14,-1,14,119,120,-1,14,120,13,-1,38,37,121,-1,121,37,122,-1,121,122,123,-1,123,122,124,-1,123,124,125,-1,125,124,126,-1,125,126,127,-1,127,126,128,-1,127,128,105,-1,105,128,129,-1,105,129,106,-1,2,130,0,-1,0,130,131,-1,0,131,132,-1,132,131,133,-1,132,133,134,-1,134,133,135,-1,134,135,110,-1,110,135,136,-1,110,136,111,-1,137,138,139,-1,71,140,72,-1,72,140,137,-1,72,137,141,-1,141,137,139,-1,142,143,137,-1,137,143,144,-1,137,144,138,-1,145,146,147,-1,146,148,147,-1,147,148,149,-1,147,149,150,-1,142,137,147,-1,147,137,151,-1,147,151,145,-1,152,33,153,-1,153,33,94,-1,153,94,154,-1,154,94,96,-1,154,96,155,-1,155,96,98,-1,155,98,156,-1,152,157,33,-1,33,157,158,-1,33,158,32,-1,32,158,159,-1,32,159,30,-1,30,159,160,-1,30,160,28,-1,28,160,161,-1,28,161,107,-1,107,161,162,-1,107,162,105,-1,127,105,163,-1,163,105,162,-1,163,164,127,-1,127,164,165,-1,127,165,125,-1,125,165,166,-1,125,166,123,-1,123,166,167,-1,123,167,121,-1,121,167,168,-1,121,168,38,-1,38,168,36,-1,36,168,169,-1,36,169,170,-1,36,170,171,-1,36,171,34,-1,34,171,172,-1,34,172,6,-1,6,172,173,-1,6,173,41,-1,41,173,174,-1,41,174,15,-1,15,174,175,-1,15,175,2,-1,2,175,176,-1,2,176,130,-1,130,176,177,-1,130,177,131,-1,131,177,178,-1,131,178,133,-1,179,111,180,-1,180,111,136,-1,180,136,181,-1,181,136,135,-1,181,135,182,-1,182,135,133,-1,182,133,178,-1,179,183,111,-1,111,183,184,-1,111,184,113,-1,113,184,185,-1,113,185,115,-1,115,185,186,-1,115,186,117,-1,117,186,187,-1,117,187,119,-1,119,187,188,-1,119,188,120,-1,120,188,189,-1,120,189,13,-1,13,189,190,-1,13,190,12,-1,12,190,191,-1,12,191,25,-1,191,192,25,-1,25,192,193,-1,25,193,24,-1,24,193,194,-1,24,194,55,-1,55,194,195,-1,55,195,53,-1,195,196,53,-1,53,196,197,-1,53,197,51,-1,51,197,198,-1,51,198,49,-1,199,20,5,-1,49,198,200,-1,201,21,200,-1,200,21,47,-1,200,47,49,-1,201,202,21,-1,21,202,203,-1,21,203,22,-1,22,203,204,-1,22,204,3,-1,3,204,205,-1,3,205,4,-1,4,205,206,-1,4,206,5,-1,5,206,207,-1,5,207,199,-1,18,20,208,-1,208,20,199,-1,16,18,209,-1,209,18,208,-1,17,16,210,-1,210,16,209,-1,19,17,211,-1,211,17,210,-1,19,211,212,-1,19,212,89,-1,89,212,213,-1,89,213,87,-1,87,213,214,-1,87,214,85,-1,85,214,215,-1,85,215,83,-1,83,215,216,-1,83,216,81,-1,81,216,217,-1,81,217,79,-1,79,217,218,-1,79,218,77,-1,77,218,219,-1,77,219,75,-1,75,219,220,-1,75,220,11,-1,11,220,221,-1,11,221,14,-1,14,221,222,-1,14,222,118,-1,118,222,223,-1,118,223,116,-1,116,223,224,-1,116,224,114,-1,114,224,225,-1,114,225,112,-1,110,112,225,-1,225,226,110,-1,110,226,227,-1,110,227,228,-1,229,132,228,-1,228,132,134,-1,228,134,110,-1,229,230,132,-1,132,230,231,-1,132,231,0,-1,0,231,232,-1,0,232,1,-1,1,232,233,-1,1,233,39,-1,39,233,234,-1,39,234,40,-1,40,234,235,-1,40,235,42,-1,42,235,236,-1,42,236,43,-1,43,236,237,-1,43,237,7,-1,7,237,238,-1,7,238,8,-1,8,238,239,-1,8,239,35,-1,35,239,240,-1,35,240,37,-1,37,240,241,-1,37,241,122,-1,122,241,242,-1,122,242,124,-1,124,242,243,-1,124,243,126,-1,126,243,244,-1,126,244,128,-1,128,244,245,-1,128,245,129,-1,129,245,246,-1,129,246,106,-1,106,246,247,-1,106,247,108,-1,108,247,248,-1,108,248,109,-1,109,248,26,-1,26,248,249,-1,26,249,250,-1,27,26,251,-1,251,26,250,-1,27,251,252,-1,27,252,29,-1,29,252,253,-1,29,253,31,-1,31,253,254,-1,31,254,92,-1,92,254,255,-1,92,255,93,-1,93,255,256,-1,93,256,95,-1,256,257,95,-1,95,257,258,-1,95,258,97,-1,97,258,259,-1,97,259,99,-1,99,259,260,-1,99,260,101,-1,101,260,261,-1,101,261,103,-1,103,261,262,-1,103,262,104,-1,104,262,263,-1,104,263,63,-1,63,263,264,-1,63,264,65,-1,65,264,265,-1,65,265,67,-1,67,265,266,-1,67,266,69,-1,71,69,267,-1,267,69,266,-1,71,267,268,-1,71,268,140,-1,140,268,269,-1,140,269,137,-1,137,269,270,-1,137,270,151,-1,151,270,271,-1,151,271,145,-1,145,271,272,-1,145,272,146,-1,146,272,273,-1,146,273,148,-1,148,273,274,-1,148,274,149,-1,149,274,275,-1,149,275,150,-1,150,275,276,-1,150,276,147,-1,147,276,277,-1,147,277,142,-1,142,277,278,-1,142,278,143,-1,143,278,279,-1,143,279,144,-1,144,279,280,-1,144,280,138,-1,138,280,281,-1,138,281,139,-1,139,281,282,-1,139,282,141,-1,141,282,283,-1,141,283,72,-1,72,283,284,-1,72,284,70,-1,68,70,285,-1,285,70,284,-1,68,285,286,-1,68,286,66,-1,66,286,287,-1,66,287,64,-1,64,287,288,-1,64,288,62,-1,62,288,289,-1,62,289,102,-1,102,289,290,-1,102,290,100,-1,100,290,156,-1,100,156,98,-1,84,291,292,-1,84,292,86,-1,86,292,293,-1,86,293,88,-1,88,293,294,-1,88,294,90,-1,90,294,295,-1,90,295,91,-1,91,295,296,-1,91,296,58,-1,58,296,297,-1,58,297,59,-1,59,297,298,-1,59,298,60,-1,60,298,299,-1,60,299,61,-1,61,299,300,-1,61,300,44,-1,44,300,301,-1,44,301,45,-1,45,301,302,-1,45,302,46,-1,46,302,303,-1,46,303,48,-1,48,303,304,-1,48,304,50,-1,50,304,305,-1,50,305,52,-1,52,305,306,-1,52,306,54,-1,54,306,307,-1,54,307,56,-1,56,307,308,-1,56,308,57,-1,57,308,309,-1,57,309,23,-1,23,309,310,-1,23,310,9,-1,9,310,311,-1,9,311,10,-1,10,311,312,-1,10,312,73,-1,73,312,313,-1,73,313,74,-1,74,313,314,-1,74,314,76,-1,76,314,315,-1,76,315,78,-1,78,315,316,-1,78,316,80,-1,80,316,317,-1,80,317,82,-1,82,317,291,-1,82,291,84,-1,
        ]
    }
}
Shape{
    appearance Appearance {
        material  Material 	{
            diffuseColor 0.25098039215686274 0.25098039215686274 0.25098039215686274
            specularColor 0.12549019607843137 0.12549019607843137 0.12549019607843137
            ambientIntensity 0.2
            transparency 0
            shininess 0.5
        }
    }
    geometry IndexedFaceSet {
        ccw TRUE
        solid FALSE
        coord DEF co Coordinate {
            point [
                -3.4197 -0.6057 0.0033, -3.4384 -0.6057 0.0547, -3.4414 -0.6057 0.0515, -3.4108 -0.6057 0.0042, -3.4043 -0.6057 0.0069, -3.4121 -0.6057 0.0618, -3.4184 -0.6057 0.0625, -3.4259 -0.6057 0.0615, -3.4325 -0.6057 0.0589, -3.4466 -0.6057 0.0236, -3.4435 -0.6057 0.0172, -3.4392 -0.6057 0.0118, -3.4184 -0.6057 0.0032, -3.4453 -0.6057 0.0452, -3.4476 -0.6057 0.0381, -3.448 -0.6057 0.0307, -3.4334 -0.6057 0.0073, -3.4265 -0.6057 0.0044, -3.3985 -0.6057 0.011, -3.3944 -0.6057 0.0156, -3.3908 -0.6057 0.0222, -3.389 -0.6057 0.0294, -3.389 -0.6057 0.0364, -3.3908 -0.6057 0.0434, -3.3941 -0.6057 0.0497, -3.399 -0.6057 0.0551, -3.4051 -0.6057 0.0592, -3.4051 -0.6057 0.0592
            ]
        }
        coordIndex [
            0,1,2,-1,3,4,5,-1,6,7,0,-1,0,7,8,-1,0,8,1,-1,9,10,2,-1,2,10,11,-1,6,0,5,-1,5,0,12,-1,5,12,3,-1,13,14,2,-1,2,14,15,-1,2,15,9,-1,11,16,2,-1,2,16,17,-1,2,17,0,-1,4,18,5,-1,5,18,19,-1,5,19,20,-1,20,21,5,-1,5,21,22,-1,5,22,23,-1,23,24,5,-1,5,24,25,-1,5,25,26,-1,
        ]
    }
}
Shape{
    appearance Appearance {
        material  Material 	{
            diffuseColor 0.7529411764705882 0.7529411764705882 0.7529411764705882
            specularColor 0.3764705882352941 0.3764705882352941 0.3764705882352941
            ambientIntensity 0.2
            transparency 0
            shininess 0.5
        }
    }
    geometry IndexedFaceSet {
        ccw TRUE
        solid FALSE
        coord DEF co Coordinate {
            point [
                -2.8297 0.4808 -0.1335, -2.8912 0.6296 -0.1335, -2.8592 0.4705 -0.1335, -2.9347 0.6116 -0.1335, -2.8858 0.4538 -0.1335, -2.3424 0.4843 -0.1335, -2.3424 0.6443 -0.1335, -2.7985 0.4843 -0.1335, -2.7985 0.6443 -0.1335, -2.8454 0.6406 -0.1335, -3.0985 -0.0933 -0.1335, -2.9385 -0.0933 -0.1335, -3.0985 0.3443 -0.1335, -2.9385 0.3443 -0.1335, -3.0948 0.3912 -0.1335, -2.935 0.3755 -0.1335, -3.0838 0.437 -0.1335, -2.9246 0.4051 -0.1335, -2.9748 0.587 -0.1335, -3.0106 0.5564 -0.1335, -2.908 0.4316 -0.1335, -3.0412 0.5207 -0.1335, -3.0658 0.4805 -0.1335, -2.9385 -0.0933 -0.9333, -3.0985 -0.0933 -0.9333, -2.3424 0.4843 -0.9075, -2.7985 0.4843 -1.3635, -3.0985 0.317 -1.3435, -3.0985 0.3443 -1.3435, -3.0881 0.4226 -1.3539, -3.0833 0.4368 -1.3587, -2.9385 0.477 -1.5035, -3.0765 0.4572 -1.3656, -3.0653 0.4803 -1.3767, -3.0602 0.4911 -1.3819, -3.041 0.5205 -1.401, -3.0391 0.5235 -1.4029, -3.0143 0.5527 -1.4278, -3.0984 0.3531 -1.3437, -3.0953 0.3877 -1.3467, -3.0946 0.3912 -1.3474, -2.898 0.4428 -1.4631, -2.9011 0.4396 -1.4661, -2.8855 0.4534 -1.4505, -2.7712 0.6443 -1.3362, -2.8268 0.4814 -1.3918, -2.8296 0.4805 -1.3946, -2.8542 0.4727 -1.4193, -2.859 0.4701 -1.4241, -2.8787 0.4591 -1.4438, -2.3424 0.6443 -0.9075, -2.8858 0.6313 -1.3492, -2.8911 0.6294 -1.3512, -3.0104 0.5562 -1.4243, -2.9745 0.5866 -1.394, -2.9857 0.5787 -1.4018, -2.9203 0.6185 -1.362, -2.9344 0.6111 -1.3694, -2.9538 0.601 -1.3795, -2.7985 0.6443 -1.3362, -2.8163 0.6438 -1.3367, -2.8454 0.6403 -1.3402, -2.851 0.6397 -1.3408, -2.927 0.4 -1.4265, -2.9347 0.3754 -1.402, -2.9077 0.4314 -1.458, -2.9133 0.4244 -1.451, -2.9242 0.4048 -1.4314, -2.9385 0.3443 -1.3709, -2.9356 0.3726 -1.3991, -0.5868 0.5562 -1.4243, -0.583 0.5527 -1.4278, -0.6587 0.477 -1.5035, -0.6115 0.5787 -1.4018, -0.8261 0.6443 -1.3362, -0.7987 0.6443 -1.3362, -0.7809 0.6438 -1.3367, -0.7518 0.6403 -1.3402, -0.7462 0.6397 -1.3408, -0.7114 0.6313 -1.3492, -0.7061 0.6294 -1.3512, -0.677 0.6185 -1.362, -0.6628 0.6111 -1.3694, -0.6435 0.601 -1.3795, -0.6227 0.5866 -1.394, -0.6895 0.4314 -1.458, -0.6961 0.4396 -1.4661, -0.4987 0.317 -1.3435, -0.6616 0.3726 -1.3991, -0.6625 0.3754 -1.402, -0.4987 -0.0933 -0.9333, -0.6587 -0.0933 -0.9333, -0.6587 0.3443 -1.3709, -0.6703 0.4 -1.4265, -0.673 0.4048 -1.4314, -0.6839 0.4244 -1.451, -0.4987 -0.0933 -0.1335, -0.6587 -0.0933 -0.1335, -0.6587 0.3443 -0.1335, -0.4987 0.3443 -0.1335, -0.4987 0.3443 -1.3435, -1.2548 0.6443 -0.1335, -1.2548 0.6443 -0.9075, -1.2548 0.4843 -0.1335, -1.2548 0.4843 -0.9075, -0.7987 0.4843 -0.1335, -0.7987 0.4843 -1.3635, -0.6992 0.4428 -1.4631, -0.6623 0.3755 -0.1335, -0.6726 0.4051 -0.1335, -0.6893 0.4316 -0.1335, -0.7118 0.4534 -1.4505, -0.7115 0.4538 -0.1335, -0.738 0.4705 -0.1335, -0.7382 0.4701 -1.4241, -0.7185 0.4591 -1.4438, -0.7676 0.4808 -0.1335, -0.7705 0.4814 -1.3918, -0.7677 0.4805 -1.3946, -0.743 0.4727 -1.4193, -0.5562 0.5205 -1.401, -0.5581 0.5235 -1.4029, -0.5371 0.4911 -1.3819, -0.5319 0.4803 -1.3767, -0.5208 0.4572 -1.3656, -0.5139 0.4368 -1.3587, -0.5091 0.4226 -1.3539, -0.5026 0.3912 -1.3474, -0.5019 0.3877 -1.3467, -0.4989 0.3531 -1.3437, -0.5024 0.3912 -0.1335, -0.556 0.5207 -0.1335, -0.5314 0.4805 -0.1335, -0.5866 0.5564 -0.1335, -0.5134 0.437 -0.1335, -0.7987 0.6443 -0.1335, -0.7518 0.6406 -0.1335, -0.706 0.6296 -0.1335, -0.6625 0.6116 -0.1335, -0.6224 0.587 -0.1335, 0.7115 0.4538 -0.1335, 0.5866 0.5564 -0.1335, 0.6893 0.4316 -0.1335, 0.556 0.5207 -0.1335, 0.6726 0.4051 -0.1335, 0.7676 0.4808 -0.1335, 0.706 0.6296 -0.1335, 0.738 0.4705 -0.1335, 0.6625 0.6116 -0.1335, 0.6224 0.587 -0.1335, 1.2548 0.4843 -0.1335, 1.2548 0.6443 -0.1335, 0.7987 0.4843 -0.1335, 0.7987 0.6443 -0.1335, 0.7518 0.6406 -0.1335, 0.4987 -0.0933 -0.1335, 0.6587 -0.0933 -0.1335, 0.4987 0.3443 -0.1335, 0.6587 0.3443 -0.1335, 0.5024 0.3912 -0.1335, 0.6623 0.3755 -0.1335, 0.5134 0.437 -0.1335, 0.5314 0.4805 -0.1335, 0.6587 -0.0933 -0.9333, 0.4987 -0.0933 -0.9333, 1.2548 0.4843 -0.9075, 0.7987 0.4843 -1.3635, 0.4987 0.317 -1.3435, 0.4987 0.3443 -1.3435, 0.5091 0.4226 -1.3539, 0.5139 0.4368 -1.3587, 0.6587 0.477 -1.5035, 0.5208 0.4572 -1.3656, 0.5319 0.4803 -1.3767, 0.5371 0.4911 -1.3819, 0.5562 0.5205 -1.401, 0.5581 0.5235 -1.4029, 0.583 0.5527 -1.4278, 0.4989 0.3531 -1.3437, 0.5019 0.3877 -1.3467, 0.5026 0.3912 -1.3474, 0.6992 0.4428 -1.4631, 0.6961 0.4396 -1.4661, 0.7118 0.4534 -1.4505, 0.8261 0.6443 -1.3362, 0.7705 0.4814 -1.3918, 0.7677 0.4805 -1.3946, 0.743 0.4727 -1.4193, 0.7382 0.4701 -1.4241, 0.7185 0.4591 -1.4438, 1.2548 0.6443 -0.9075, 0.7114 0.6313 -1.3492, 0.7061 0.6294 -1.3512, 0.5868 0.5562 -1.4243, 0.6227 0.5866 -1.394, 0.6115 0.5787 -1.4018, 0.677 0.6185 -1.362, 0.6628 0.6111 -1.3694, 0.6435 0.601 -1.3795, 0.7987 0.6443 -1.3362, 0.7809 0.6438 -1.3367, 0.7518 0.6403 -1.3402, 0.7462 0.6397 -1.3408, 0.6703 0.4 -1.4265, 0.6625 0.3754 -1.402, 0.6895 0.4314 -1.458, 0.6839 0.4244 -1.451, 0.673 0.4048 -1.4314, 0.6587 0.3443 -1.3709, 0.6616 0.3726 -1.3991, 2.9538 0.601 -1.3795, 2.9745 0.5866 -1.394, 2.9385 0.477 -1.5035, 2.9857 0.5787 -1.4018, 3.0104 0.5562 -1.4243, 3.0143 0.5527 -1.4278, 2.7712 0.6443 -1.3362, 2.7985 0.6443 -1.3362, 2.8163 0.6438 -1.3367, 2.8454 0.6403 -1.3402, 2.8911 0.6294 -1.3512, 2.9203 0.6185 -1.362, 2.9344 0.6111 -1.3694, 2.851 0.6397 -1.3408, 2.8858 0.6313 -1.3492, 2.9077 0.4314 -1.458, 2.9011 0.4396 -1.4661, 3.0985 0.317 -1.3435, 2.9356 0.3726 -1.3991, 2.9347 0.3754 -1.402, 3.0985 -0.0933 -0.9333, 2.9385 -0.0933 -0.9333, 2.9385 0.3443 -1.3709, 2.927 0.4 -1.4265, 2.9242 0.4048 -1.4314, 2.9133 0.4244 -1.451, 3.0985 -0.0933 -0.1335, 2.9385 -0.0933 -0.1335, 2.9385 0.3443 -0.1335, 3.0985 0.3443 -0.1335, 3.0985 0.3443 -1.3435, 2.3424 0.6443 -0.1335, 2.3424 0.6443 -0.9075, 2.3424 0.4843 -0.1335, 2.3424 0.4843 -0.9075, 2.7985 0.4843 -0.1335, 2.7985 0.4843 -1.3635, 2.898 0.4428 -1.4631, 2.935 0.3755 -0.1335, 2.9246 0.4051 -0.1335, 2.908 0.4316 -0.1335, 2.8855 0.4534 -1.4505, 2.8858 0.4538 -0.1335, 2.8592 0.4705 -0.1335, 2.859 0.4701 -1.4241, 2.8787 0.4591 -1.4438, 2.8297 0.4808 -0.1335, 2.8268 0.4814 -1.3918, 2.8296 0.4805 -1.3946, 2.8542 0.4727 -1.4193, 3.041 0.5205 -1.401, 3.0391 0.5235 -1.4029, 3.0602 0.4911 -1.3819, 3.0653 0.4803 -1.3767, 3.0765 0.4572 -1.3656, 3.0833 0.4368 -1.3587, 3.0881 0.4226 -1.3539, 3.0946 0.3912 -1.3474, 3.0953 0.3877 -1.3467, 3.0984 0.3531 -1.3437, 3.0948 0.3912 -0.1335, 3.0412 0.5207 -0.1335, 3.0658 0.4805 -0.1335, 3.0106 0.5564 -0.1335, 3.0838 0.437 -0.1335, 2.7985 0.6443 -0.1335, 2.8454 0.6406 -0.1335, 2.8912 0.6296 -0.1335, 2.9347 0.6116 -0.1335, 2.9748 0.587 -0.1335, 2.9748 0.587 -0.1335
            ]
        }
        coordIndex [
            0,1,2,-1,2,1,3,-1,2,3,4,-1,5,6,7,-1,7,6,8,-1,7,8,0,-1,0,8,9,-1,0,9,1,-1,10,11,12,-1,12,11,13,-1,12,13,14,-1,14,13,15,-1,14,15,16,-1,16,15,17,-1,3,18,4,-1,4,18,19,-1,4,19,20,-1,20,19,21,-1,20,21,17,-1,17,21,22,-1,17,22,16,-1,11,10,23,-1,23,10,24,-1,5,7,25,-1,25,7,26,-1,24,10,27,-1,27,10,12,-1,27,12,28,-1,29,30,31,-1,30,32,31,-1,31,32,33,-1,31,33,34,-1,34,35,31,-1,31,35,36,-1,31,36,37,-1,27,28,31,-1,31,28,38,-1,38,39,31,-1,31,39,40,-1,31,40,29,-1,41,42,31,-1,41,31,43,-1,44,45,46,-1,46,47,44,-1,44,47,48,-1,44,48,31,-1,31,48,49,-1,31,49,43,-1,50,25,44,-1,44,25,26,-1,44,26,45,-1,50,6,25,-1,25,6,5,-1,51,52,1,-1,38,28,12,-1,16,29,14,-1,14,29,40,-1,14,40,12,-1,12,40,39,-1,12,39,38,-1,22,32,16,-1,16,32,30,-1,16,30,29,-1,21,34,22,-1,22,34,33,-1,22,33,32,-1,53,37,19,-1,19,37,36,-1,19,36,21,-1,21,36,35,-1,21,35,34,-1,18,54,19,-1,19,54,55,-1,19,55,53,-1,1,52,3,-1,52,56,3,-1,3,56,57,-1,3,57,18,-1,18,57,58,-1,18,58,54,-1,9,8,59,-1,59,60,9,-1,9,60,61,-1,9,61,1,-1,1,61,62,-1,1,62,51,-1,59,44,31,-1,37,53,31,-1,31,53,55,-1,59,31,60,-1,55,54,31,-1,31,54,58,-1,31,58,57,-1,57,56,31,-1,31,56,52,-1,31,52,51,-1,51,62,31,-1,31,62,61,-1,31,61,60,-1,44,59,50,-1,50,59,8,-1,50,8,6,-1,27,63,64,-1,42,65,31,-1,31,65,66,-1,31,66,27,-1,27,66,67,-1,27,67,63,-1,23,24,68,-1,68,24,27,-1,68,27,69,-1,69,27,64,-1,68,13,23,-1,23,13,11,-1,26,7,45,-1,45,7,0,-1,2,47,0,-1,0,47,46,-1,0,46,45,-1,20,43,4,-1,4,43,49,-1,4,49,2,-1,2,49,48,-1,2,48,47,-1,65,42,41,-1,20,17,67,-1,41,43,65,-1,65,43,20,-1,65,20,66,-1,66,20,67,-1,15,13,68,-1,68,69,15,-1,15,69,64,-1,15,64,17,-1,17,64,63,-1,17,63,67,-1,70,71,72,-1,70,72,73,-1,74,75,72,-1,72,75,76,-1,76,77,72,-1,72,77,78,-1,72,78,79,-1,79,80,72,-1,72,80,81,-1,72,81,82,-1,82,83,72,-1,72,83,84,-1,72,84,73,-1,85,86,72,-1,87,88,89,-1,90,91,87,-1,87,91,92,-1,87,92,88,-1,89,93,87,-1,87,93,94,-1,87,94,72,-1,72,94,95,-1,72,95,85,-1,96,97,90,-1,90,97,91,-1,98,92,97,-1,97,92,91,-1,96,90,99,-1,99,90,87,-1,99,87,100,-1,101,102,103,-1,103,102,104,-1,105,103,106,-1,106,103,104,-1,107,86,85,-1,92,98,88,-1,88,98,108,-1,109,93,108,-1,108,93,89,-1,108,89,88,-1,110,95,109,-1,109,95,94,-1,109,94,93,-1,107,85,111,-1,112,113,114,-1,114,115,112,-1,112,115,111,-1,112,111,110,-1,110,111,85,-1,110,85,95,-1,116,105,106,-1,106,117,116,-1,116,117,118,-1,116,118,113,-1,113,118,119,-1,113,119,114,-1,100,87,72,-1,120,72,121,-1,121,72,71,-1,120,122,72,-1,72,122,123,-1,72,123,124,-1,124,125,72,-1,72,125,126,-1,72,126,127,-1,127,128,72,-1,72,128,129,-1,72,129,100,-1,72,86,107,-1,107,111,72,-1,72,111,115,-1,72,115,74,-1,115,114,74,-1,74,114,119,-1,74,119,118,-1,104,102,106,-1,106,102,74,-1,106,74,117,-1,117,74,118,-1,128,127,130,-1,131,132,123,-1,121,133,120,-1,120,133,131,-1,120,131,122,-1,122,131,123,-1,130,127,134,-1,127,126,134,-1,134,126,125,-1,134,125,132,-1,132,125,124,-1,132,124,123,-1,99,100,130,-1,130,100,129,-1,130,129,128,-1,75,135,76,-1,76,135,136,-1,80,79,137,-1,137,79,78,-1,137,78,136,-1,136,78,77,-1,136,77,76,-1,80,137,81,-1,81,137,138,-1,81,138,82,-1,82,138,83,-1,83,138,139,-1,83,139,84,-1,84,139,73,-1,73,139,133,-1,73,133,70,-1,70,133,121,-1,70,121,71,-1,75,74,135,-1,135,74,102,-1,135,102,101,-1,113,137,116,-1,116,137,136,-1,116,136,105,-1,105,136,135,-1,105,135,103,-1,103,135,101,-1,110,133,112,-1,112,133,139,-1,112,139,113,-1,113,139,138,-1,113,138,137,-1,97,96,98,-1,98,96,99,-1,98,99,108,-1,99,130,108,-1,108,130,134,-1,108,134,109,-1,109,134,132,-1,109,132,110,-1,110,132,131,-1,110,131,133,-1,140,141,142,-1,142,141,143,-1,142,143,144,-1,145,146,147,-1,147,146,148,-1,147,148,140,-1,140,148,149,-1,140,149,141,-1,150,151,152,-1,152,151,153,-1,152,153,145,-1,145,153,154,-1,145,154,146,-1,155,156,157,-1,157,156,158,-1,157,158,159,-1,159,158,160,-1,159,160,161,-1,161,160,144,-1,161,144,162,-1,162,144,143,-1,156,155,163,-1,163,155,164,-1,150,152,165,-1,165,152,166,-1,164,155,167,-1,167,155,157,-1,167,157,168,-1,169,170,171,-1,170,172,171,-1,171,172,173,-1,171,173,174,-1,174,175,171,-1,171,175,176,-1,171,176,177,-1,167,168,171,-1,171,168,178,-1,178,179,171,-1,171,179,180,-1,171,180,169,-1,181,182,171,-1,181,171,183,-1,184,185,186,-1,186,187,184,-1,184,187,188,-1,184,188,171,-1,171,188,189,-1,171,189,183,-1,190,165,184,-1,184,165,166,-1,184,166,185,-1,190,151,165,-1,165,151,150,-1,191,192,146,-1,178,168,157,-1,161,169,159,-1,159,169,180,-1,159,180,157,-1,157,180,179,-1,157,179,178,-1,162,172,161,-1,161,172,170,-1,161,170,169,-1,143,174,162,-1,162,174,173,-1,162,173,172,-1,193,177,141,-1,141,177,176,-1,141,176,143,-1,143,176,175,-1,143,175,174,-1,149,194,141,-1,141,194,195,-1,141,195,193,-1,146,192,148,-1,192,196,148,-1,148,196,197,-1,148,197,149,-1,149,197,198,-1,149,198,194,-1,154,153,199,-1,199,200,154,-1,154,200,201,-1,154,201,146,-1,146,201,202,-1,146,202,191,-1,171,177,193,-1,193,195,171,-1,171,195,194,-1,171,194,198,-1,198,197,171,-1,171,197,196,-1,171,196,192,-1,192,191,171,-1,171,191,202,-1,171,202,201,-1,201,200,171,-1,171,200,199,-1,171,199,184,-1,184,199,190,-1,190,199,153,-1,190,153,151,-1,167,203,204,-1,182,205,171,-1,171,205,206,-1,171,206,167,-1,167,206,207,-1,167,207,203,-1,163,164,208,-1,208,164,167,-1,208,167,209,-1,209,167,204,-1,208,158,163,-1,163,158,156,-1,166,152,185,-1,185,152,145,-1,147,187,145,-1,145,187,186,-1,145,186,185,-1,142,183,140,-1,140,183,189,-1,140,189,147,-1,147,189,188,-1,147,188,187,-1,205,182,181,-1,142,144,207,-1,181,183,205,-1,205,183,142,-1,205,142,206,-1,206,142,207,-1,160,158,208,-1,208,209,160,-1,160,209,204,-1,160,204,144,-1,144,204,203,-1,144,203,207,-1,210,211,212,-1,211,213,212,-1,212,213,214,-1,212,214,215,-1,216,217,212,-1,212,217,218,-1,212,218,219,-1,220,221,212,-1,212,221,222,-1,212,222,210,-1,219,223,212,-1,212,223,224,-1,212,224,220,-1,225,226,212,-1,227,228,229,-1,230,231,227,-1,227,231,232,-1,227,232,228,-1,229,233,227,-1,227,233,234,-1,227,234,212,-1,212,234,235,-1,212,235,225,-1,236,237,230,-1,230,237,231,-1,238,232,237,-1,237,232,231,-1,236,230,239,-1,239,230,227,-1,239,227,240,-1,241,242,243,-1,243,242,244,-1,245,243,246,-1,246,243,244,-1,247,226,225,-1,232,238,228,-1,228,238,248,-1,249,233,248,-1,248,233,229,-1,248,229,228,-1,250,235,249,-1,249,235,234,-1,249,234,233,-1,247,225,251,-1,252,253,254,-1,254,255,252,-1,252,255,251,-1,252,251,250,-1,250,251,225,-1,250,225,235,-1,256,245,246,-1,246,257,256,-1,256,257,258,-1,256,258,253,-1,253,258,259,-1,253,259,254,-1,240,227,212,-1,260,212,261,-1,261,212,215,-1,260,262,212,-1,212,262,263,-1,212,263,264,-1,264,265,212,-1,212,265,266,-1,212,266,267,-1,267,268,212,-1,212,268,269,-1,212,269,240,-1,212,226,247,-1,247,251,212,-1,212,251,255,-1,212,255,216,-1,255,254,216,-1,216,254,259,-1,216,259,258,-1,244,242,246,-1,246,242,216,-1,246,216,257,-1,257,216,258,-1,268,267,270,-1,271,272,263,-1,261,273,260,-1,260,273,271,-1,260,271,262,-1,262,271,263,-1,270,267,274,-1,267,266,274,-1,274,266,265,-1,274,265,272,-1,272,265,264,-1,272,264,263,-1,239,240,270,-1,270,240,269,-1,270,269,268,-1,217,275,218,-1,218,275,276,-1,220,224,277,-1,277,224,223,-1,277,223,276,-1,276,223,219,-1,276,219,218,-1,220,277,221,-1,221,277,278,-1,221,278,222,-1,222,278,210,-1,210,278,279,-1,210,279,211,-1,211,279,213,-1,213,279,273,-1,213,273,214,-1,214,273,261,-1,214,261,215,-1,217,216,275,-1,275,216,242,-1,275,242,241,-1,253,277,256,-1,256,277,276,-1,256,276,245,-1,245,276,275,-1,245,275,243,-1,243,275,241,-1,250,273,252,-1,252,273,279,-1,252,279,253,-1,253,279,278,-1,253,278,277,-1,237,236,238,-1,238,236,239,-1,238,239,248,-1,239,270,248,-1,248,270,274,-1,248,274,249,-1,249,274,272,-1,249,272,250,-1,250,272,271,-1,250,271,273,-1,
        ]
    }
}